/* Includes ------------------------------------------------------------------*/
#include "fonts.h"
const uint8_t PixeloidSans36_Table [] = 
{
	// ASCII: 32 " " (12 pixels wide)
	0x00, 0x00, 0x00, 
	0x00, 0x00, 0x00, 
	0x00, 0x00, 0x00, 
	0x00, 0x00, 0x00, 
	0x00, 0x00, 0x00, 
	0x00, 0x00, 0x00, 
	0x00, 0x00, 0x00, 
	0x00, 0x00, 0x00, 
	0x00, 0x00, 0x00, 
	0x00, 0x00, 0x00, 
	0x00, 0x00, 0x00, 
	0x00, 0x00, 0x00, 
	0x00, 0x00, 0x00, 
	0x00, 0x00, 0x00, 
	0x00, 0x00, 0x00, 
	0x00, 0x00, 0x00, 
	0x00, 0x00, 0x00, 
	0x00, 0x00, 0x00, 
	0x00, 0x00, 0x00, 
	0x00, 0x00, 0x00, 
	0x00, 0x00, 0x00, 
	0x00, 0x00, 0x00, 
	0x00, 0x00, 0x00, 
	0x00, 0x00, 0x00, 
	0x00, 0x00, 0x00, 
	0x00, 0x00, 0x00, 
	0x00, 0x00, 0x00, 
	0x00, 0x00, 0x00, 
	0x00, 0x00, 0x00, 
	0x00, 0x00, 0x00, 
	
	// ASCII: 33 "!" (27 pixels wide)
	0x00, 0x00, 0x00, 
	0x00, 0x00, 0x00, 
	0x00, 0x00, 0x00, 
	0x00, 0x00, 0x00, 
	0x00, 0x00, 0x00, 
	0x00, 0x00, 0x00, 
	0x00, 0x00, 0x00, 
	0x00, 0x00, 0x00, 
	0x00, 0x00, 0x00, 
	0x00, 0x00, 0x00, 
	0x00, 0x00, 0x00, 
	0x00, 0x00, 0x00, 
	0x00, 0x7c, 0x00, 
	0x00, 0x00, 0x7c, 
	0x00, 0x00, 0x00, 
	0x7c, 0x00, 0x00, 
	0x00, 0x7c, 0x00, 
	0x00, 0x00, 0x7c, 
	0x00, 0x00, 0x00, 
	0x7c, 0x00, 0x00, 
	0x00, 0x7c, 0x00, 
	0x00, 0x00, 0x7c, 
	0x00, 0x00, 0x00, 
	0x7c, 0x00, 0x00, 
	0x00, 0x7c, 0x00, 
	0x00, 0x00, 0x7c, 
	0x00, 0x00, 0x00, 
	0x7c, 0x00, 0x00, 
	0x00, 0x7c, 0x00, 
	0x00, 0x00, 0x7c, 
	0x00, 0x00, 0x00, 
	0x7c, 0x00, 0x00, 
	0x00, 0x7c, 0x00, 
	0x00, 0x00, 0x7c, 
	0x00, 0x00, 0x00, 
	0x7c, 0x00, 0x00, 
	0x00, 0x7c, 0x00, 
	0x00, 0x00, 0x7c, 
	0x00, 0x00, 0x00, 
	0x7c, 0x00, 0x00, 
	0x00, 0x7c, 0x00, 
	0x00, 0x00, 0x7c, 
	0x00, 0x00, 0x00, 
	0x00, 0x00, 0x00, 
	0x00, 0x00, 0x00, 
	0x00, 0x00, 0x00, 
	0x00, 0x00, 0x00, 
	0x00, 0x00, 0x00, 
	0x00, 0x7c, 0x00, 
	0x00, 0x00, 0x7c, 
	0x00, 0x00, 0x00, 
	0x7c, 0x00, 0x00, 
	0x00, 0x7c, 0x00, 
	0x00, 0x00, 0x7c, 
	0x00, 0x00, 0x00, 
	0x00, 0x00, 0x00, 
	0x00, 0x00, 0x00, 
	0x00, 0x00, 0x00, 
	0x00, 0x00, 0x00, 
	0x00, 0x00, 0x00, 
	
	// ASCII: 34 """ (27 pixels wide)
	0x00, 0x00, 0x00, 
	0x00, 0x00, 0x00, 
	0x00, 0x00, 0x00, 
	0x00, 0x00, 0x00, 
	0x00, 0x00, 0x00, 
	0x00, 0x00, 0x00, 
	0x00, 0x00, 0x00, 
	0x00, 0x00, 0x00, 
	0x00, 0x00, 0x00, 
	0x00, 0x00, 0x00, 
	0x00, 0x00, 0x00, 
	0x00, 0x00, 0x00, 
	0x0f, 0x87, 0xc0, 
	0x00, 0x0f, 0x87, 
	0xc0, 0x00, 0x0f, 
	0x87, 0xc0, 0x00, 
	0x0f, 0x87, 0xc0, 
	0x00, 0x0f, 0x87, 
	0xc0, 0x00, 0x0f, 
	0x87, 0xc0, 0x00, 
	0x0f, 0x87, 0xc0, 
	0x00, 0x0f, 0x87, 
	0xc0, 0x00, 0x0f, 
	0x87, 0xc0, 0x00, 
	0x00, 0x00, 0x00, 
	0x00, 0x00, 0x00, 
	0x00, 0x00, 0x00, 
	0x00, 0x00, 0x00, 
	0x00, 0x00, 0x00, 
	0x00, 0x00, 0x00, 
	0x00, 0x00, 0x00, 
	0x00, 0x00, 0x00, 
	0x00, 0x00, 0x00, 
	0x00, 0x00, 0x00, 
	0x00, 0x00, 0x00, 
	0x00, 0x00, 0x00, 
	0x00, 0x00, 0x00, 
	0x00, 0x00, 0x00, 
	0x00, 0x00, 0x00, 
	0x00, 0x00, 0x00, 
	0x00, 0x00, 0x00, 
	0x00, 0x00, 0x00, 
	0x00, 0x00, 0x00, 
	0x00, 0x00, 0x00, 
	0x00, 0x00, 0x00, 
	0x00, 0x00, 0x00, 
	0x00, 0x00, 0x00, 
	0x00, 0x00, 0x00, 
	0x00, 0x00, 0x00, 
	0x00, 0x00, 0x00, 
	0x00, 0x00, 0x00, 
	0x00, 0x00, 0x00, 
	0x00, 0x00, 0x00, 
	0x00, 0x00, 0x00, 
	0x00, 0x00, 0x00, 
	0x00, 0x00, 0x00, 
	0x00, 0x00, 0x00, 
	0x00, 0x00, 0x00, 
	0x00, 0x00, 0x00, 
	0x00, 0x00, 0x00, 
	
	// ASCII: 35 "#" (27 pixels wide)
	0x00, 0x00, 0x00, 
	0x00, 0x00, 0x00, 
	0x00, 0x00, 0x00, 
	0x00, 0x00, 0x00, 
	0x00, 0x00, 0x00, 
	0x00, 0x00, 0x00, 
	0x00, 0x00, 0x00, 
	0x00, 0x00, 0x00, 
	0x00, 0x00, 0x00, 
	0x00, 0x00, 0x00, 
	0x00, 0x00, 0x00, 
	0x00, 0x00, 0x00, 
	0x0f, 0x87, 0xc0, 
	0x00, 0x0f, 0x87, 
	0xc0, 0x00, 0x0f, 
	0x87, 0xc0, 0x00, 
	0x0f, 0x87, 0xc0, 
	0x00, 0xff, 0xff, 
	0xfe, 0x00, 0xff, 
	0xff, 0xfe, 0x00, 
	0xff, 0xff, 0xfe, 
	0x00, 0xff, 0xff, 
	0xfe, 0x00, 0xff, 
	0xff, 0xfe, 0x00, 
	0x0f, 0x87, 0xc0, 
	0x00, 0x0f, 0x87, 
	0xc0, 0x00, 0x0f, 
	0x87, 0xc0, 0x00, 
	0x0f, 0x87, 0xc0, 
	0x00, 0x0f, 0x87, 
	0xc0, 0x00, 0x0f, 
	0x87, 0xc0, 0x00, 
	0x0f, 0x87, 0xc0, 
	0x00, 0x0f, 0x87, 
	0xc0, 0x00, 0x0f, 
	0x87, 0xc0, 0x00, 
	0x0f, 0x87, 0xc0, 
	0x00, 0x0f, 0x87, 
	0xc0, 0x00, 0x0f, 
	0x87, 0xc0, 0x00, 
	0x0f, 0x87, 0xc0, 
	0x00, 0x0f, 0x87, 
	0xc0, 0x00, 0xff, 
	0xff, 0xfe, 0x00, 
	0xff, 0xff, 0xfe, 
	0x00, 0xff, 0xff, 
	0xfe, 0x00, 0xff, 
	0xff, 0xfe, 0x00, 
	0xff, 0xff, 0xfe, 
	0x00, 0x0f, 0x87, 
	0xc0, 0x00, 0x0f, 
	0x87, 0xc0, 0x00, 
	0x0f, 0x87, 0xc0, 
	0x00, 0x0f, 0x87, 
	0xc0, 0x00, 0x00, 
	0x00, 0x00, 0x00, 
	0x00, 0x00, 0x00, 
	0x00, 0x00, 0x00, 
	0x00, 0x00, 0x00, 
	0x00, 0x00, 0x00, 
	
	// ASCII: 36 "$" (27 pixels wide)
	0x00, 0x00, 0x00, 
	0x00, 0x00, 0x00, 
	0x00, 0x00, 0x00, 
	0x00, 0x00, 0x00, 
	0x00, 0x00, 0x00, 
	0x00, 0x00, 0x7c, 
	0x00, 0x00, 0x00, 
	0x7c, 0x00, 0x00, 
	0x00, 0x7c, 0x00, 
	0x00, 0x00, 0x7c, 
	0x00, 0x00, 0x00, 
	0x7c, 0x00, 0x00, 
	0x0f, 0xff, 0xc0, 
	0x00, 0x0f, 0xff, 
	0xc0, 0x00, 0x0f, 
	0xff, 0xc0, 0x00, 
	0x0f, 0xff, 0xc0, 
	0x00, 0x0f, 0xff, 
	0xc0, 0x00, 0xf8, 
	0x7c, 0x3e, 0x00, 
	0xf8, 0x7c, 0x3e, 
	0x00, 0xf8, 0x7c, 
	0x3e, 0x00, 0xf8, 
	0x7c, 0x3e, 0x00, 
	0xf8, 0x7c, 0x3e, 
	0x00, 0xf8, 0x7c, 
	0x00, 0x00, 0xf8, 
	0x7c, 0x00, 0x00, 
	0xf8, 0x7c, 0x00, 
	0x00, 0xff, 0xff, 
	0xc0, 0x00, 0x0f, 
	0xff, 0xc0, 0x00, 
	0x0f, 0xff, 0xc0, 
	0x00, 0x0f, 0xff, 
	0xc0, 0x00, 0x0f, 
	0xff, 0xc0, 0x00, 
	0x00, 0x7c, 0x3e, 
	0x00, 0x00, 0x7c, 
	0x3e, 0x00, 0x00, 
	0x7c, 0x3e, 0x00, 
	0x00, 0x7c, 0x3e, 
	0x00, 0x00, 0x7c, 
	0x3e, 0x00, 0xf8, 
	0x7c, 0x3e, 0x00, 
	0xf8, 0x7c, 0x3e, 
	0x00, 0xf8, 0x7c, 
	0x3e, 0x00, 0xf8, 
	0x7c, 0x3e, 0x00, 
	0xff, 0xff, 0xde, 
	0x00, 0x0f, 0xff, 
	0xc0, 0x00, 0x0f, 
	0xff, 0xc0, 0x00, 
	0x0f, 0xff, 0xc0, 
	0x00, 0x0f, 0xff, 
	0xc0, 0x00, 0x00, 
	0x7c, 0x00, 0x00, 
	0x00, 0x7c, 0x00, 
	0x00, 0x00, 0x7c, 
	0x00, 0x00, 0x00, 
	0x7c, 0x00, 0x00, 
	
	// ASCII: 37 "%" (27 pixels wide)
	0x00, 0x00, 0x00, 
	0x00, 0x00, 0x00, 
	0x00, 0x00, 0x00, 
	0x00, 0x00, 0x00, 
	0x00, 0x00, 0x00, 
	0x00, 0x00, 0x00, 
	0x00, 0x00, 0x00, 
	0x00, 0x00, 0x00, 
	0x00, 0x00, 0x00, 
	0x00, 0x00, 0x00, 
	0x00, 0x00, 0x00, 
	0x00, 0x00, 0x00, 
	0xff, 0x80, 0x3e, 
	0x00, 0xff, 0x80, 
	0x3e, 0x00, 0xff, 
	0x80, 0x3e, 0x00, 
	0xff, 0x80, 0x3e, 
	0x00, 0xff, 0x80, 
	0x3e, 0x00, 0xff, 
	0x80, 0x3e, 0x00, 
	0xff, 0x80, 0x3e, 
	0x00, 0xff, 0x80, 
	0x3e, 0x00, 0xff, 
	0x80, 0x3e, 0x00, 
	0x00, 0x07, 0xc0, 
	0x00, 0x00, 0x07, 
	0xc0, 0x00, 0x00, 
	0x07, 0xc0, 0x00, 
	0x00, 0x07, 0xc0, 
	0x00, 0x00, 0x7f, 
	0xc0, 0x00, 0x00, 
	0x7c, 0x00, 0x00, 
	0x00, 0x7c, 0x00, 
	0x00, 0x00, 0x7c, 
	0x00, 0x00, 0x00, 
	0x7c, 0x00, 0x00, 
	0x0f, 0x80, 0x00, 
	0x00, 0x0f, 0x80, 
	0x00, 0x00, 0x0f, 
	0x80, 0x00, 0x00, 
	0x0f, 0x80, 0x00, 
	0x00, 0x0f, 0x80, 
	0x00, 0x00, 0xf8, 
	0x07, 0xfe, 0x00, 
	0xf8, 0x07, 0xfe, 
	0x00, 0xf8, 0x07, 
	0xfe, 0x00, 0xf8, 
	0x07, 0xfe, 0x00, 
	0xf8, 0x07, 0xfe, 
	0x00, 0xf8, 0x07, 
	0xfe, 0x00, 0xf8, 
	0x07, 0xfe, 0x00, 
	0xf8, 0x07, 0xfe, 
	0x00, 0xf8, 0x07, 
	0xfe, 0x00, 0x00, 
	0x00, 0x00, 0x00, 
	0x00, 0x00, 0x00, 
	0x00, 0x00, 0x00, 
	0x00, 0x00, 0x00, 
	0x00, 0x00, 0x00, 
	
	// ASCII: 38 "&" (27 pixels wide)
	0x00, 0x00, 0x00, 
	0x00, 0x00, 0x00, 
	0x00, 0x00, 0x00, 
	0x00, 0x00, 0x00, 
	0x00, 0x00, 0x00, 
	0x00, 0x00, 0x00, 
	0x00, 0x00, 0x00, 
	0x00, 0x00, 0x00, 
	0x00, 0x00, 0x00, 
	0x00, 0x00, 0x00, 
	0x00, 0x00, 0x00, 
	0x00, 0x00, 0x00, 
	0x0f, 0x80, 0x00, 
	0x00, 0x0f, 0x80, 
	0x00, 0x00, 0x0f, 
	0x80, 0x00, 0x00, 
	0x0f, 0x80, 0x00, 
	0x00, 0x0f, 0x80, 
	0x00, 0x00, 0xf8, 
	0x7c, 0x00, 0x00, 
	0xf8, 0x7c, 0x00, 
	0x00, 0xf8, 0x7c, 
	0x00, 0x00, 0xf8, 
	0x7c, 0x00, 0x00, 
	0xf8, 0x7c, 0x00, 
	0x00, 0xf8, 0x7c, 
	0x00, 0x00, 0xf8, 
	0x7c, 0x00, 0x00, 
	0xf8, 0x7c, 0x00, 
	0x00, 0xff, 0xf8, 
	0x00, 0x00, 0x0f, 
	0x80, 0x00, 0x00, 
	0x0f, 0x80, 0x00, 
	0x00, 0x0f, 0x80, 
	0x00, 0x00, 0x0f, 
	0x80, 0x00, 0x00, 
	0xf8, 0x7c, 0x3e, 
	0x00, 0xf8, 0x7c, 
	0x3e, 0x00, 0xf8, 
	0x7c, 0x3e, 0x00, 
	0xf8, 0x7c, 0x3e, 
	0x00, 0xf8, 0x7c, 
	0x3e, 0x00, 0xf8, 
	0x07, 0xc0, 0x00, 
	0xf8, 0x07, 0xc0, 
	0x00, 0xf8, 0x07, 
	0xc0, 0x00, 0xf8, 
	0x07, 0xc0, 0x00, 
	0xff, 0xff, 0xfe, 
	0x00, 0x0f, 0xfc, 
	0x3e, 0x00, 0x0f, 
	0xfc, 0x3e, 0x00, 
	0x0f, 0xfc, 0x3e, 
	0x00, 0x0f, 0xfc, 
	0x3e, 0x00, 0x00, 
	0x00, 0x00, 0x00, 
	0x00, 0x00, 0x00, 
	0x00, 0x00, 0x00, 
	0x00, 0x00, 0x00, 
	0x00, 0x00, 0x00, 
	
	// ASCII: 39 "'" (15 pixels wide)
	0x00, 0x00, 0x00, 
	0x00, 0x00, 0x00, 
	0x00, 0x00, 0x00, 
	0x00, 0x00, 0x00, 
	0x00, 0x00, 0x00, 
	0x00, 0x00, 0x00, 
	0x1f, 0x00, 0x1f, 
	0x00, 0x1f, 0x00, 
	0x1f, 0x00, 0x1f, 
	0x00, 0x1f, 0x00, 
	0x1f, 0x00, 0x1f, 
	0x00, 0x1f, 0x00, 
	0x00, 0x00, 0x00, 
	0x00, 0x00, 0x00, 
	0x00, 0x00, 0x00, 
	0x00, 0x00, 0x00, 
	0x00, 0x00, 0x00, 
	0x00, 0x00, 0x00, 
	0x00, 0x00, 0x00, 
	0x00, 0x00, 0x00, 
	0x00, 0x00, 0x00, 
	0x00, 0x00, 0x00, 
	0x00, 0x00, 0x00, 
	0x00, 0x00, 0x00, 
	0x00, 0x00, 0x00, 
	0x00, 0x00, 0x00, 
	0x00, 0x00, 0x00, 
	0x00, 0x00, 0x00, 
	0x00, 0x00, 0x00, 
	0x00, 0x00, 0x00, 
	
	// ASCII: 40 "(" (27 pixels wide)
	0x00, 0x00, 0x00, 
	0x00, 0x00, 0x00, 
	0x00, 0x00, 0x00, 
	0x00, 0x00, 0x00, 
	0x00, 0x00, 0x00, 
	0x00, 0x00, 0x00, 
	0x00, 0x00, 0x00, 
	0x00, 0x00, 0x00, 
	0x00, 0x00, 0x00, 
	0x00, 0x00, 0x00, 
	0x00, 0x00, 0x00, 
	0x00, 0x00, 0x00, 
	0x00, 0x07, 0xc0, 
	0x00, 0x00, 0x07, 
	0xc0, 0x00, 0x00, 
	0x07, 0xc0, 0x00, 
	0x00, 0x07, 0xc0, 
	0x00, 0x00, 0xff, 
	0xc0, 0x00, 0x00, 
	0xf8, 0x00, 0x00, 
	0x00, 0xf8, 0x00, 
	0x00, 0x00, 0xf8, 
	0x00, 0x00, 0x00, 
	0xf8, 0x00, 0x00, 
	0x0f, 0x80, 0x00, 
	0x00, 0x0f, 0x80, 
	0x00, 0x00, 0x0f, 
	0x80, 0x00, 0x00, 
	0x0f, 0x80, 0x00, 
	0x00, 0x0f, 0x80, 
	0x00, 0x00, 0x0f, 
	0x80, 0x00, 0x00, 
	0x0f, 0x80, 0x00, 
	0x00, 0x0f, 0x80, 
	0x00, 0x00, 0x0f, 
	0x80, 0x00, 0x00, 
	0x0f, 0x80, 0x00, 
	0x00, 0x0f, 0x80, 
	0x00, 0x00, 0x0f, 
	0x80, 0x00, 0x00, 
	0x0f, 0x80, 0x00, 
	0x00, 0x0f, 0x80, 
	0x00, 0x00, 0x0f, 
	0x80, 0x00, 0x00, 
	0x0f, 0x80, 0x00, 
	0x00, 0x0f, 0x80, 
	0x00, 0x00, 0x0f, 
	0x80, 0x00, 0x00, 
	0x00, 0xf8, 0x00, 
	0x00, 0x00, 0xf8, 
	0x00, 0x00, 0x00, 
	0xf8, 0x00, 0x00, 
	0x00, 0xf8, 0x00, 
	0x00, 0x00, 0xf8, 
	0x00, 0x00, 0x00, 
	0x07, 0xc0, 0x00, 
	0x00, 0x07, 0xc0, 
	0x00, 0x00, 0x07, 
	0xc0, 0x00, 0x00, 
	0x07, 0xc0, 0x00, 
	
	// ASCII: 41 ")" (27 pixels wide)
	0x00, 0x00, 0x00, 
	0x00, 0x00, 0x00, 
	0x00, 0x00, 0x00, 
	0x00, 0x00, 0x00, 
	0x00, 0x00, 0x00, 
	0x00, 0x00, 0x00, 
	0x00, 0x00, 0x00, 
	0x00, 0x00, 0x00, 
	0x00, 0x00, 0x00, 
	0x00, 0x00, 0x00, 
	0x00, 0x00, 0x00, 
	0x00, 0x00, 0x00, 
	0x0f, 0x80, 0x00, 
	0x00, 0x0f, 0x80, 
	0x00, 0x00, 0x0f, 
	0x80, 0x00, 0x00, 
	0x0f, 0x80, 0x00, 
	0x00, 0x0f, 0xf8, 
	0x00, 0x00, 0x00, 
	0xf8, 0x00, 0x00, 
	0x00, 0xf8, 0x00, 
	0x00, 0x00, 0xf8, 
	0x00, 0x00, 0x00, 
	0xf8, 0x00, 0x00, 
	0x00, 0x07, 0xc0, 
	0x00, 0x00, 0x07, 
	0xc0, 0x00, 0x00, 
	0x07, 0xc0, 0x00, 
	0x00, 0x07, 0xc0, 
	0x00, 0x00, 0x07, 
	0xc0, 0x00, 0x00, 
	0x07, 0xc0, 0x00, 
	0x00, 0x07, 0xc0, 
	0x00, 0x00, 0x07, 
	0xc0, 0x00, 0x00, 
	0x07, 0xc0, 0x00, 
	0x00, 0x07, 0xc0, 
	0x00, 0x00, 0x07, 
	0xc0, 0x00, 0x00, 
	0x07, 0xc0, 0x00, 
	0x00, 0x07, 0xc0, 
	0x00, 0x00, 0x07, 
	0xc0, 0x00, 0x00, 
	0x07, 0xc0, 0x00, 
	0x00, 0x07, 0xc0, 
	0x00, 0x00, 0x07, 
	0xc0, 0x00, 0x00, 
	0x07, 0xc0, 0x00, 
	0x00, 0xf8, 0x00, 
	0x00, 0x00, 0xf8, 
	0x00, 0x00, 0x00, 
	0xf8, 0x00, 0x00, 
	0x00, 0xf8, 0x00, 
	0x00, 0x00, 0xf8, 
	0x00, 0x00, 0x0f, 
	0x80, 0x00, 0x00, 
	0x0f, 0x80, 0x00, 
	0x00, 0x0f, 0x80, 
	0x00, 0x00, 0x0f, 
	0x80, 0x00, 0x00, 
	
	// ASCII: 42 "*" (27 pixels wide)
	0x00, 0x00, 0x00, 
	0x00, 0x00, 0x00, 
	0x00, 0x00, 0x00, 
	0x00, 0x00, 0x00, 
	0x00, 0x00, 0x00, 
	0x00, 0x00, 0x00, 
	0x00, 0x00, 0x00, 
	0x00, 0x00, 0x00, 
	0x00, 0x00, 0x00, 
	0x00, 0x00, 0x00, 
	0x00, 0x00, 0x00, 
	0x00, 0x00, 0x00, 
	0x0f, 0x87, 0xc0, 
	0x00, 0x0f, 0x87, 
	0xc0, 0x00, 0x0f, 
	0x87, 0xc0, 0x00, 
	0x0f, 0x87, 0xc0, 
	0x00, 0x0f, 0xff, 
	0xc0, 0x00, 0x00, 
	0xf8, 0x00, 0x00, 
	0x00, 0xf8, 0x00, 
	0x00, 0x00, 0xf8, 
	0x00, 0x00, 0x00, 
	0xf8, 0x00, 0x00, 
	0x0f, 0x87, 0xc0, 
	0x00, 0x0f, 0x87, 
	0xc0, 0x00, 0x0f, 
	0x87, 0xc0, 0x00, 
	0x0f, 0x87, 0xc0, 
	0x00, 0x0f, 0x87, 
	0xc0, 0x00, 0x00, 
	0x00, 0x00, 0x00, 
	0x00, 0x00, 0x00, 
	0x00, 0x00, 0x00, 
	0x00, 0x00, 0x00, 
	0x00, 0x00, 0x00, 
	0x00, 0x00, 0x00, 
	0x00, 0x00, 0x00, 
	0x00, 0x00, 0x00, 
	0x00, 0x00, 0x00, 
	0x00, 0x00, 0x00, 
	0x00, 0x00, 0x00, 
	0x00, 0x00, 0x00, 
	0x00, 0x00, 0x00, 
	0x00, 0x00, 0x00, 
	0x00, 0x00, 0x00, 
	0x00, 0x00, 0x00, 
	0x00, 0x00, 0x00, 
	0x00, 0x00, 0x00, 
	0x00, 0x00, 0x00, 
	0x00, 0x00, 0x00, 
	0x00, 0x00, 0x00, 
	0x00, 0x00, 0x00, 
	0x00, 0x00, 0x00, 
	0x00, 0x00, 0x00, 
	0x00, 0x00, 0x00, 
	0x00, 0x00, 0x00, 
	0x00, 0x00, 0x00, 
	0x00, 0x00, 0x00, 
	0x00, 0x00, 0x00, 
	
	// ASCII: 43 "+" (27 pixels wide)
	0x00, 0x00, 0x00, 
	0x00, 0x00, 0x00, 
	0x00, 0x00, 0x00, 
	0x00, 0x00, 0x00, 
	0x00, 0x00, 0x00, 
	0x00, 0x00, 0x00, 
	0x00, 0x00, 0x00, 
	0x00, 0x00, 0x00, 
	0x00, 0x00, 0x00, 
	0x00, 0x00, 0x00, 
	0x00, 0x00, 0x00, 
	0x00, 0x00, 0x00, 
	0x00, 0x00, 0x00, 
	0x00, 0x00, 0x00, 
	0x00, 0x00, 0x00, 
	0x00, 0x00, 0x00, 
	0x00, 0x00, 0x00, 
	0x00, 0x00, 0x00, 
	0x00, 0x00, 0x00, 
	0x00, 0x00, 0x00, 
	0x00, 0x00, 0x00, 
	0x00, 0x00, 0x00, 
	0x00, 0x00, 0x00, 
	0x00, 0x00, 0x00, 
	0x00, 0xf8, 0x00, 
	0x00, 0x00, 0xf8, 
	0x00, 0x00, 0x00, 
	0xf8, 0x00, 0x00, 
	0x00, 0xf8, 0x00, 
	0x00, 0x00, 0xf8, 
	0x00, 0x00, 0x0f, 
	0xff, 0xc0, 0x00, 
	0x0f, 0xff, 0xc0, 
	0x00, 0x0f, 0xff, 
	0xc0, 0x00, 0x0f, 
	0xff, 0xc0, 0x00, 
	0x0f, 0xff, 0xc0, 
	0x00, 0x00, 0xf8, 
	0x00, 0x00, 0x00, 
	0xf8, 0x00, 0x00, 
	0x00, 0xf8, 0x00, 
	0x00, 0x00, 0xf8, 
	0x00, 0x00, 0x00, 
	0x00, 0x00, 0x00, 
	0x00, 0x00, 0x00, 
	0x00, 0x00, 0x00, 
	0x00, 0x00, 0x00, 
	0x00, 0x00, 0x00, 
	0x00, 0x00, 0x00, 
	0x00, 0x00, 0x00, 
	0x00, 0x00, 0x00, 
	0x00, 0x00, 0x00, 
	0x00, 0x00, 0x00, 
	0x00, 0x00, 0x00, 
	0x00, 0x00, 0x00, 
	0x00, 0x00, 0x00, 
	0x00, 0x00, 0x00, 
	0x00, 0x00, 0x00, 
	0x00, 0x00, 0x00, 
	0x00, 0x00, 0x00, 
	
	// ASCII: 44 "," (27 pixels wide)
	0x00, 0x00, 0x00, 
	0x00, 0x00, 0x00, 
	0x00, 0x00, 0x00, 
	0x00, 0x00, 0x00, 
	0x00, 0x00, 0x00, 
	0x00, 0x00, 0x00, 
	0x00, 0x00, 0x00, 
	0x00, 0x00, 0x00, 
	0x00, 0x00, 0x00, 
	0x00, 0x00, 0x00, 
	0x00, 0x00, 0x00, 
	0x00, 0x00, 0x00, 
	0x00, 0x00, 0x00, 
	0x00, 0x00, 0x00, 
	0x00, 0x00, 0x00, 
	0x00, 0x00, 0x00, 
	0x00, 0x00, 0x00, 
	0x00, 0x00, 0x00, 
	0x00, 0x00, 0x00, 
	0x00, 0x00, 0x00, 
	0x00, 0x00, 0x00, 
	0x00, 0x00, 0x00, 
	0x00, 0x00, 0x00, 
	0x00, 0x00, 0x00, 
	0x00, 0x00, 0x00, 
	0x00, 0x00, 0x00, 
	0x00, 0x00, 0x00, 
	0x00, 0x00, 0x00, 
	0x00, 0x00, 0x00, 
	0x00, 0x00, 0x00, 
	0x00, 0x00, 0x00, 
	0x00, 0x00, 0x00, 
	0x00, 0x00, 0x00, 
	0x00, 0x00, 0x00, 
	0x00, 0x00, 0x00, 
	0x00, 0x00, 0x00, 
	0x00, 0x00, 0x00, 
	0x00, 0x00, 0x00, 
	0x00, 0x00, 0x00, 
	0x00, 0x00, 0x00, 
	0x00, 0x00, 0x00, 
	0x00, 0x00, 0x00, 
	0x00, 0x00, 0x00, 
	0x00, 0x00, 0x00, 
	0x00, 0x00, 0x00, 
	0x00, 0x00, 0x00, 
	0x00, 0x00, 0x00, 
	0x00, 0x00, 0x00, 
	0x00, 0x00, 0x00, 
	0x00, 0x00, 0x7c, 
	0x00, 0x00, 0x00, 
	0x7c, 0x00, 0x00, 
	0x00, 0x7c, 0x00, 
	0x00, 0x00, 0x7c, 
	0x00, 0x00, 0x00, 
	0x7c, 0x00, 0x00, 
	0x00, 0x7c, 0x00, 
	0x00, 0x00, 0x7c, 
	0x00, 0x00, 0x00, 
	0x7c, 0x00, 0x00, 
	
	// ASCII: 45 "-" (27 pixels wide)
	0x00, 0x00, 0x00, 
	0x00, 0x00, 0x00, 
	0x00, 0x00, 0x00, 
	0x00, 0x00, 0x00, 
	0x00, 0x00, 0x00, 
	0x00, 0x00, 0x00, 
	0x00, 0x00, 0x00, 
	0x00, 0x00, 0x00, 
	0x00, 0x00, 0x00, 
	0x00, 0x00, 0x00, 
	0x00, 0x00, 0x00, 
	0x00, 0x00, 0x00, 
	0x00, 0x00, 0x00, 
	0x00, 0x00, 0x00, 
	0x00, 0x00, 0x00, 
	0x00, 0x00, 0x00, 
	0x00, 0x00, 0x00, 
	0x00, 0x00, 0x00, 
	0x00, 0x00, 0x00, 
	0x00, 0x00, 0x00, 
	0x00, 0x00, 0x00, 
	0x00, 0x00, 0x00, 
	0x00, 0x00, 0x00, 
	0x00, 0x00, 0x00, 
	0x00, 0x00, 0x00, 
	0x00, 0x00, 0x00, 
	0x00, 0x00, 0x00, 
	0x00, 0x00, 0x00, 
	0x00, 0x00, 0x00, 
	0x00, 0x0f, 0xff, 
	0xc0, 0x00, 0x0f, 
	0xff, 0xc0, 0x00, 
	0x0f, 0xff, 0xc0, 
	0x00, 0x0f, 0xff, 
	0xc0, 0x00, 0x0f, 
	0xff, 0xc0, 0x00, 
	0x00, 0x00, 0x00, 
	0x00, 0x00, 0x00, 
	0x00, 0x00, 0x00, 
	0x00, 0x00, 0x00, 
	0x00, 0x00, 0x00, 
	0x00, 0x00, 0x00, 
	0x00, 0x00, 0x00, 
	0x00, 0x00, 0x00, 
	0x00, 0x00, 0x00, 
	0x00, 0x00, 0x00, 
	0x00, 0x00, 0x00, 
	0x00, 0x00, 0x00, 
	0x00, 0x00, 0x00, 
	0x00, 0x00, 0x00, 
	0x00, 0x00, 0x00, 
	0x00, 0x00, 0x00, 
	0x00, 0x00, 0x00, 
	0x00, 0x00, 0x00, 
	0x00, 0x00, 0x00, 
	0x00, 0x00, 0x00, 
	0x00, 0x00, 0x00, 
	0x00, 0x00, 0x00, 
	0x00, 0x00, 0x00, 
	0x00, 0x00, 0x00, 
	
	// ASCII: 46 "." (14 pixels wide)
	0x00, 0x00, 0x00, 
	0x00, 0x00, 0x00, 
	0x00, 0x00, 0x00, 
	0x00, 0x00, 0x00, 
	0x00, 0x00, 0x00, 
	0x00, 0x00, 0x00, 
	0x00, 0x00, 0x00, 
	0x00, 0x00, 0x00, 
	0x00, 0x00, 0x00, 
	0x00, 0x00, 0x00, 
	0x00, 0x00, 0x00, 
	0x00, 0x00, 0x00, 
	0x00, 0x00, 0x00, 
	0x00, 0x00, 0x00, 
	0x00, 0x00, 0x00, 
	0x00, 0x00, 0x00, 
	0x00, 0x00, 0x00, 
	0x00, 0x00, 0x00, 
	0x00, 0x00, 0x00, 
	0x00, 0x00, 0x00, 
	0x00, 0x00, 0x00, 
	0x00, 0x00, 0x00, 
	0x00, 0x00, 0x00, 
	0x00, 0x00, 0x00, 
	0x3e, 0x00, 0x3e, 
	0x00, 0x3e, 0x00, 
	0x3e, 0x00, 0x3e, 
	0x00, 0x00, 0x00, 
	0x00, 0x00, 0x00, 
	0x00, 0x00, 0x00, 
	
	// ASCII: 47 "/" (18 pixels wide)
	0x00, 0x00, 0x00, 
	0x00, 0x00, 0x00, 
	0x00, 0x00, 0x00, 
	0x00, 0x00, 0x00, 
	0x00, 0x00, 0x00, 
	0x00, 0x00, 0x00, 
	0x00, 0x00, 0x00, 
	0x00, 0x00, 0x00, 
	0x00, 0x00, 0x00, 
	0x00, 0x07, 0xc0, 
	0x00, 0x07, 0xc0, 
	0x00, 0x07, 0xc0, 
	0x00, 0x07, 0xc0, 
	0x00, 0x07, 0xc0, 
	0x00, 0x07, 0xc0, 
	0x00, 0x07, 0xc0, 
	0x00, 0x07, 0xc0, 
	0x00, 0x07, 0xc0, 
	0x00, 0xf8, 0x00, 
	0x00, 0xf8, 0x00, 
	0x00, 0xf8, 0x00, 
	0x00, 0xf8, 0x00, 
	0x0f, 0xf8, 0x00, 
	0x0f, 0x80, 0x00, 
	0x0f, 0x80, 0x00, 
	0x0f, 0x80, 0x00, 
	0x0f, 0x80, 0x00, 
	0xf0, 0x00, 0x00, 
	0xf0, 0x00, 0x00, 
	0xf0, 0x00, 0x00, 
	0xf0, 0x00, 0x00, 
	0xf0, 0x00, 0x00, 
	0x00, 0x00, 0x00, 
	0x00, 0x00, 0x00, 
	0x00, 0x00, 0x00, 
	0x00, 0x00, 0x00, 
	0x00, 0x00, 0x00, 
	0x00, 0x00, 0x00, 
	0x00, 0x00, 0x00, 
	0x00, 0x00, 0x00, 
	0x00, 0x00, 0x00, 
	0x00, 0x00, 0x00, 
	0x00, 0x00, 0x00, 
	0x00, 0x00, 0x00, 
	0x00, 0x00, 0x00, 
	
	// ASCII: 48 "0" (27 pixels wide)
	0x00, 0x00, 0x00, 
	0x00, 0x00, 0x00, 
	0x00, 0x00, 0x00, 
	0x00, 0x00, 0x00, 
	0x00, 0x00, 0x00, 
	0x00, 0x00, 0x00, 
	0x00, 0x00, 0x00, 
	0x00, 0x00, 0x00, 
	0x00, 0x00, 0x00, 
	0x00, 0x00, 0x00, 
	0x00, 0x00, 0x00, 
	0x00, 0x00, 0x00, 
	0x0f, 0xff, 0xc0, 
	0x00, 0x0f, 0xff, 
	0xc0, 0x00, 0x0f, 
	0xff, 0xc0, 0x00, 
	0x0f, 0xff, 0xc0, 
	0x00, 0xff, 0xff, 
	0xfe, 0x00, 0xf8, 
	0x00, 0x3e, 0x00, 
	0xf8, 0x00, 0x3e, 
	0x00, 0xf8, 0x00, 
	0x3e, 0x00, 0xf8, 
	0x00, 0x3e, 0x00, 
	0xf8, 0x00, 0x3e, 
	0x00, 0xf8, 0x00, 
	0x3e, 0x00, 0xf8, 
	0x00, 0x3e, 0x00, 
	0xf8, 0x00, 0x3e, 
	0x00, 0xf8, 0x7c, 
	0x3e, 0x00, 0xf8, 
	0x7c, 0x3e, 0x00, 
	0xf8, 0x7c, 0x3e, 
	0x00, 0xf8, 0x7c, 
	0x3e, 0x00, 0xf8, 
	0x7c, 0x3e, 0x00, 
	0xf8, 0x00, 0x3e, 
	0x00, 0xf8, 0x00, 
	0x3e, 0x00, 0xf8, 
	0x00, 0x3e, 0x00, 
	0xf8, 0x00, 0x3e, 
	0x00, 0xf8, 0x00, 
	0x3e, 0x00, 0xf8, 
	0x00, 0x3e, 0x00, 
	0xf8, 0x00, 0x3e, 
	0x00, 0xf8, 0x00, 
	0x3e, 0x00, 0xf8, 
	0x00, 0x3e, 0x00, 
	0x0f, 0xff, 0xc0, 
	0x00, 0x0f, 0xff, 
	0xc0, 0x00, 0x0f, 
	0xff, 0xc0, 0x00, 
	0x0f, 0xff, 0xc0, 
	0x00, 0x0f, 0xff, 
	0xc0, 0x00, 0x00, 
	0x00, 0x00, 0x00, 
	0x00, 0x00, 0x00, 
	0x00, 0x00, 0x00, 
	0x00, 0x00, 0x00, 
	0x00, 0x00, 0x00, 
	
	// ASCII: 49 "1" (27 pixels wide)
	0x00, 0x00, 0x00, 
	0x00, 0x00, 0x00, 
	0x00, 0x00, 0x00, 
	0x00, 0x00, 0x00, 
	0x00, 0x00, 0x00, 
	0x00, 0x00, 0x00, 
	0x00, 0x00, 0x00, 
	0x00, 0x00, 0x00, 
	0x00, 0x00, 0x00, 
	0x00, 0x00, 0x00, 
	0x00, 0x00, 0x00, 
	0x00, 0x00, 0x00, 
	0xff, 0xfc, 0x00, 
	0x00, 0xff, 0xfc, 
	0x00, 0x00, 0xff, 
	0xfc, 0x00, 0x00, 
	0xff, 0xfc, 0x00, 
	0x00, 0xff, 0xfc, 
	0x00, 0x00, 0x00, 
	0x7c, 0x00, 0x00, 
	0x00, 0x7c, 0x00, 
	0x00, 0x00, 0x7c, 
	0x00, 0x00, 0x00, 
	0x7c, 0x00, 0x00, 
	0x00, 0x7c, 0x00, 
	0x00, 0x00, 0x7c, 
	0x00, 0x00, 0x00, 
	0x7c, 0x00, 0x00, 
	0x00, 0x7c, 0x00, 
	0x00, 0x00, 0x7c, 
	0x00, 0x00, 0x00, 
	0x7c, 0x00, 0x00, 
	0x00, 0x7c, 0x00, 
	0x00, 0x00, 0x7c, 
	0x00, 0x00, 0x00, 
	0x7c, 0x00, 0x00, 
	0x00, 0x7c, 0x00, 
	0x00, 0x00, 0x7c, 
	0x00, 0x00, 0x00, 
	0x7c, 0x00, 0x00, 
	0x00, 0x7c, 0x00, 
	0x00, 0x00, 0x7c, 
	0x00, 0x00, 0x00, 
	0x7c, 0x00, 0x00, 
	0x00, 0x7c, 0x00, 
	0x00, 0x00, 0x7c, 
	0x00, 0x00, 0x00, 
	0x7c, 0x00, 0x00, 
	0xff, 0xff, 0xfe, 
	0x00, 0xff, 0xff, 
	0xfe, 0x00, 0xff, 
	0xff, 0xfe, 0x00, 
	0xff, 0xff, 0xfe, 
	0x00, 0xff, 0xff, 
	0xfe, 0x00, 0x00, 
	0x00, 0x00, 0x00, 
	0x00, 0x00, 0x00, 
	0x00, 0x00, 0x00, 
	0x00, 0x00, 0x00, 
	0x00, 0x00, 0x00, 
	
	// ASCII: 50 "2" (27 pixels wide)
	0x00, 0x00, 0x00, 
	0x00, 0x00, 0x00, 
	0x00, 0x00, 0x00, 
	0x00, 0x00, 0x00, 
	0x00, 0x00, 0x00, 
	0x00, 0x00, 0x00, 
	0x00, 0x00, 0x00, 
	0x00, 0x00, 0x00, 
	0x00, 0x00, 0x00, 
	0x00, 0x00, 0x00, 
	0x00, 0x00, 0x00, 
	0x00, 0x00, 0x00, 
	0x0f, 0xff, 0xc0, 
	0x00, 0x0f, 0xff, 
	0xc0, 0x00, 0x0f, 
	0xff, 0xc0, 0x00, 
	0x0f, 0xff, 0xc0, 
	0x00, 0x0f, 0xff, 
	0xc0, 0x00, 0xf8, 
	0x00, 0x3e, 0x00, 
	0xf8, 0x00, 0x3e, 
	0x00, 0xf8, 0x00, 
	0x3e, 0x00, 0xf8, 
	0x00, 0x3e, 0x00, 
	0xf8, 0x00, 0x3e, 
	0x00, 0x00, 0x00, 
	0x3e, 0x00, 0x00, 
	0x00, 0x3e, 0x00, 
	0x00, 0x00, 0x3e, 
	0x00, 0x00, 0x07, 
	0xde, 0x00, 0x00, 
	0x07, 0xc0, 0x00, 
	0x00, 0x07, 0xc0, 
	0x00, 0x00, 0x07, 
	0xc0, 0x00, 0x00, 
	0x07, 0xc0, 0x00, 
	0x00, 0x7c, 0x00, 
	0x00, 0x00, 0x7c, 
	0x00, 0x00, 0x00, 
	0x7c, 0x00, 0x00, 
	0x00, 0x7c, 0x00, 
	0x00, 0x07, 0xfc, 
	0x00, 0x00, 0x0f, 
	0x80, 0x00, 0x00, 
	0x0f, 0x80, 0x00, 
	0x00, 0x0f, 0x80, 
	0x00, 0x00, 0x0f, 
	0x80, 0x00, 0x00, 
	0xff, 0xff, 0xfe, 
	0x00, 0xff, 0xff, 
	0xfe, 0x00, 0xff, 
	0xff, 0xfe, 0x00, 
	0xff, 0xff, 0xfe, 
	0x00, 0xff, 0xff, 
	0xfe, 0x00, 0x00, 
	0x00, 0x00, 0x00, 
	0x00, 0x00, 0x00, 
	0x00, 0x00, 0x00, 
	0x00, 0x00, 0x00, 
	0x00, 0x00, 0x00, 
	
	// ASCII: 51 "3" (27 pixels wide)
	0x00, 0x00, 0x00, 
	0x00, 0x00, 0x00, 
	0x00, 0x00, 0x00, 
	0x00, 0x00, 0x00, 
	0x00, 0x00, 0x00, 
	0x00, 0x00, 0x00, 
	0x00, 0x00, 0x00, 
	0x00, 0x00, 0x00, 
	0x00, 0x00, 0x00, 
	0x00, 0x00, 0x00, 
	0x00, 0x00, 0x00, 
	0x00, 0x00, 0x00, 
	0x0f, 0xff, 0xc0, 
	0x00, 0x0f, 0xff, 
	0xc0, 0x00, 0x0f, 
	0xff, 0xc0, 0x00, 
	0x0f, 0xff, 0xc0, 
	0x00, 0x0f, 0xff, 
	0xc0, 0x00, 0xf8, 
	0x00, 0x3e, 0x00, 
	0xf8, 0x00, 0x3e, 
	0x00, 0xf8, 0x00, 
	0x3e, 0x00, 0xf8, 
	0x00, 0x3e, 0x00, 
	0xf8, 0x00, 0x3e, 
	0x00, 0x00, 0x00, 
	0x3e, 0x00, 0x00, 
	0x00, 0x3e, 0x00, 
	0x00, 0x00, 0x3e, 
	0x00, 0x00, 0x7f, 
	0xde, 0x00, 0x00, 
	0x7f, 0xc0, 0x00, 
	0x00, 0x7f, 0xc0, 
	0x00, 0x00, 0x7f, 
	0xc0, 0x00, 0x00, 
	0x7f, 0xc0, 0x00, 
	0x00, 0x00, 0x3e, 
	0x00, 0x00, 0x00, 
	0x3e, 0x00, 0x00, 
	0x00, 0x3e, 0x00, 
	0x00, 0x00, 0x3e, 
	0x00, 0x00, 0x00, 
	0x3e, 0x00, 0xf8, 
	0x00, 0x3e, 0x00, 
	0xf8, 0x00, 0x3e, 
	0x00, 0xf8, 0x00, 
	0x3e, 0x00, 0xf8, 
	0x00, 0x3e, 0x00, 
	0xff, 0xff, 0xde, 
	0x00, 0x0f, 0xff, 
	0xc0, 0x00, 0x0f, 
	0xff, 0xc0, 0x00, 
	0x0f, 0xff, 0xc0, 
	0x00, 0x0f, 0xff, 
	0xc0, 0x00, 0x00, 
	0x00, 0x00, 0x00, 
	0x00, 0x00, 0x00, 
	0x00, 0x00, 0x00, 
	0x00, 0x00, 0x00, 
	0x00, 0x00, 0x00, 
	
	// ASCII: 52 "4" (27 pixels wide)
	0x00, 0x00, 0x00, 
	0x00, 0x00, 0x00, 
	0x00, 0x00, 0x00, 
	0x00, 0x00, 0x00, 
	0x00, 0x00, 0x00, 
	0x00, 0x00, 0x00, 
	0x00, 0x00, 0x00, 
	0x00, 0x00, 0x00, 
	0x00, 0x00, 0x00, 
	0x00, 0x00, 0x00, 
	0x00, 0x00, 0x00, 
	0x00, 0x00, 0x00, 
	0x00, 0x07, 0xc0, 
	0x00, 0x00, 0x07, 
	0xc0, 0x00, 0x00, 
	0x07, 0xc0, 0x00, 
	0x00, 0x07, 0xc0, 
	0x00, 0x00, 0x7f, 
	0xc0, 0x00, 0x00, 
	0x7f, 0xc0, 0x00, 
	0x00, 0x7f, 0xc0, 
	0x00, 0x00, 0x7f, 
	0xc0, 0x00, 0x00, 
	0x7f, 0xc0, 0x00, 
	0x0f, 0x87, 0xc0, 
	0x00, 0x0f, 0x87, 
	0xc0, 0x00, 0x0f, 
	0x87, 0xc0, 0x00, 
	0x0f, 0x87, 0xc0, 
	0x00, 0xff, 0x87, 
	0xc0, 0x00, 0xf8, 
	0x07, 0xc0, 0x00, 
	0xf8, 0x07, 0xc0, 
	0x00, 0xf8, 0x07, 
	0xc0, 0x00, 0xf8, 
	0x07, 0xc0, 0x00, 
	0xff, 0xff, 0xfe, 
	0x00, 0xff, 0xff, 
	0xfe, 0x00, 0xff, 
	0xff, 0xfe, 0x00, 
	0xff, 0xff, 0xfe, 
	0x00, 0xff, 0xff, 
	0xfe, 0x00, 0x00, 
	0x07, 0xc0, 0x00, 
	0x00, 0x07, 0xc0, 
	0x00, 0x00, 0x07, 
	0xc0, 0x00, 0x00, 
	0x07, 0xc0, 0x00, 
	0x00, 0x07, 0xc0, 
	0x00, 0x00, 0x07, 
	0xc0, 0x00, 0x00, 
	0x07, 0xc0, 0x00, 
	0x00, 0x07, 0xc0, 
	0x00, 0x00, 0x07, 
	0xc0, 0x00, 0x00, 
	0x00, 0x00, 0x00, 
	0x00, 0x00, 0x00, 
	0x00, 0x00, 0x00, 
	0x00, 0x00, 0x00, 
	0x00, 0x00, 0x00, 
	
	// ASCII: 53 "5" (27 pixels wide)
	0x00, 0x00, 0x00, 
	0x00, 0x00, 0x00, 
	0x00, 0x00, 0x00, 
	0x00, 0x00, 0x00, 
	0x00, 0x00, 0x00, 
	0x00, 0x00, 0x00, 
	0x00, 0x00, 0x00, 
	0x00, 0x00, 0x00, 
	0x00, 0x00, 0x00, 
	0x00, 0x00, 0x00, 
	0x00, 0x00, 0x00, 
	0x00, 0x00, 0x00, 
	0xff, 0xff, 0xfe, 
	0x00, 0xff, 0xff, 
	0xfe, 0x00, 0xff, 
	0xff, 0xfe, 0x00, 
	0xff, 0xff, 0xfe, 
	0x00, 0xff, 0xff, 
	0xfe, 0x00, 0xf8, 
	0x00, 0x00, 0x00, 
	0xf8, 0x00, 0x00, 
	0x00, 0xf8, 0x00, 
	0x00, 0x00, 0xf8, 
	0x00, 0x00, 0x00, 
	0xf8, 0x00, 0x00, 
	0x00, 0xf8, 0x00, 
	0x00, 0x00, 0xf8, 
	0x00, 0x00, 0x00, 
	0xf8, 0x00, 0x00, 
	0x00, 0xff, 0xff, 
	0xc0, 0x00, 0xff, 
	0xff, 0xc0, 0x00, 
	0xff, 0xff, 0xc0, 
	0x00, 0xff, 0xff, 
	0xc0, 0x00, 0xff, 
	0xff, 0xc0, 0x00, 
	0x00, 0x00, 0x3e, 
	0x00, 0x00, 0x00, 
	0x3e, 0x00, 0x00, 
	0x00, 0x3e, 0x00, 
	0x00, 0x00, 0x3e, 
	0x00, 0x00, 0x00, 
	0x3e, 0x00, 0xf8, 
	0x00, 0x3e, 0x00, 
	0xf8, 0x00, 0x3e, 
	0x00, 0xf8, 0x00, 
	0x3e, 0x00, 0xf8, 
	0x00, 0x3e, 0x00, 
	0xff, 0xff, 0xde, 
	0x00, 0x0f, 0xff, 
	0xc0, 0x00, 0x0f, 
	0xff, 0xc0, 0x00, 
	0x0f, 0xff, 0xc0, 
	0x00, 0x0f, 0xff, 
	0xc0, 0x00, 0x00, 
	0x00, 0x00, 0x00, 
	0x00, 0x00, 0x00, 
	0x00, 0x00, 0x00, 
	0x00, 0x00, 0x00, 
	0x00, 0x00, 0x00, 
	
	// ASCII: 54 "6" (27 pixels wide)
	0x00, 0x00, 0x00, 
	0x00, 0x00, 0x00, 
	0x00, 0x00, 0x00, 
	0x00, 0x00, 0x00, 
	0x00, 0x00, 0x00, 
	0x00, 0x00, 0x00, 
	0x00, 0x00, 0x00, 
	0x00, 0x00, 0x00, 
	0x00, 0x00, 0x00, 
	0x00, 0x00, 0x00, 
	0x00, 0x00, 0x00, 
	0x00, 0x00, 0x00, 
	0x0f, 0xff, 0xc0, 
	0x00, 0x0f, 0xff, 
	0xc0, 0x00, 0x0f, 
	0xff, 0xc0, 0x00, 
	0x0f, 0xff, 0xc0, 
	0x00, 0xff, 0xff, 
	0xfe, 0x00, 0xf8, 
	0x00, 0x3e, 0x00, 
	0xf8, 0x00, 0x3e, 
	0x00, 0xf8, 0x00, 
	0x3e, 0x00, 0xf8, 
	0x00, 0x3e, 0x00, 
	0xf8, 0x00, 0x00, 
	0x00, 0xf8, 0x00, 
	0x00, 0x00, 0xf8, 
	0x00, 0x00, 0x00, 
	0xf8, 0x00, 0x00, 
	0x00, 0xff, 0xff, 
	0xc0, 0x00, 0xff, 
	0xff, 0xc0, 0x00, 
	0xff, 0xff, 0xc0, 
	0x00, 0xff, 0xff, 
	0xc0, 0x00, 0xff, 
	0xff, 0xc0, 0x00, 
	0xf8, 0x00, 0x3e, 
	0x00, 0xf8, 0x00, 
	0x3e, 0x00, 0xf8, 
	0x00, 0x3e, 0x00, 
	0xf8, 0x00, 0x3e, 
	0x00, 0xf8, 0x00, 
	0x3e, 0x00, 0xf8, 
	0x00, 0x3e, 0x00, 
	0xf8, 0x00, 0x3e, 
	0x00, 0xf8, 0x00, 
	0x3e, 0x00, 0xf8, 
	0x00, 0x3e, 0x00, 
	0x0f, 0xff, 0xc0, 
	0x00, 0x0f, 0xff, 
	0xc0, 0x00, 0x0f, 
	0xff, 0xc0, 0x00, 
	0x0f, 0xff, 0xc0, 
	0x00, 0x0f, 0xff, 
	0xc0, 0x00, 0x00, 
	0x00, 0x00, 0x00, 
	0x00, 0x00, 0x00, 
	0x00, 0x00, 0x00, 
	0x00, 0x00, 0x00, 
	0x00, 0x00, 0x00, 
	
	// ASCII: 55 "7" (27 pixels wide)
	0x00, 0x00, 0x00, 
	0x00, 0x00, 0x00, 
	0x00, 0x00, 0x00, 
	0x00, 0x00, 0x00, 
	0x00, 0x00, 0x00, 
	0x00, 0x00, 0x00, 
	0x00, 0x00, 0x00, 
	0x00, 0x00, 0x00, 
	0x00, 0x00, 0x00, 
	0x00, 0x00, 0x00, 
	0x00, 0x00, 0x00, 
	0x00, 0x00, 0x00, 
	0xff, 0xff, 0xfe, 
	0x00, 0xff, 0xff, 
	0xfe, 0x00, 0xff, 
	0xff, 0xfe, 0x00, 
	0xff, 0xff, 0xfe, 
	0x00, 0xff, 0xff, 
	0xfe, 0x00, 0x00, 
	0x00, 0x3e, 0x00, 
	0x00, 0x00, 0x3e, 
	0x00, 0x00, 0x00, 
	0x3e, 0x00, 0x00, 
	0x00, 0x3e, 0x00, 
	0x00, 0x00, 0x3e, 
	0x00, 0x00, 0x00, 
	0x3e, 0x00, 0x00, 
	0x00, 0x3e, 0x00, 
	0x00, 0x00, 0x3e, 
	0x00, 0x00, 0x07, 
	0xde, 0x00, 0x00, 
	0x07, 0xc0, 0x00, 
	0x00, 0x07, 0xc0, 
	0x00, 0x00, 0x07, 
	0xc0, 0x00, 0x00, 
	0x07, 0xc0, 0x00, 
	0x00, 0x7c, 0x00, 
	0x00, 0x00, 0x7c, 
	0x00, 0x00, 0x00, 
	0x7c, 0x00, 0x00, 
	0x00, 0x7c, 0x00, 
	0x00, 0x00, 0x7c, 
	0x00, 0x00, 0x0f, 
	0x80, 0x00, 0x00, 
	0x0f, 0x80, 0x00, 
	0x00, 0x0f, 0x80, 
	0x00, 0x00, 0x0f, 
	0x80, 0x00, 0x00, 
	0xff, 0x80, 0x00, 
	0x00, 0xf8, 0x00, 
	0x00, 0x00, 0xf8, 
	0x00, 0x00, 0x00, 
	0xf8, 0x00, 0x00, 
	0x00, 0xf8, 0x00, 
	0x00, 0x00, 0x00, 
	0x00, 0x00, 0x00, 
	0x00, 0x00, 0x00, 
	0x00, 0x00, 0x00, 
	0x00, 0x00, 0x00, 
	0x00, 0x00, 0x00, 
	
	// ASCII: 56 "8" (27 pixels wide)
	0x00, 0x00, 0x00, 
	0x00, 0x00, 0x00, 
	0x00, 0x00, 0x00, 
	0x00, 0x00, 0x00, 
	0x00, 0x00, 0x00, 
	0x00, 0x00, 0x00, 
	0x00, 0x00, 0x00, 
	0x00, 0x00, 0x00, 
	0x00, 0x00, 0x00, 
	0x00, 0x00, 0x00, 
	0x00, 0x00, 0x00, 
	0x00, 0x00, 0x00, 
	0x0f, 0xff, 0xc0, 
	0x00, 0x0f, 0xff, 
	0xc0, 0x00, 0x0f, 
	0xff, 0xc0, 0x00, 
	0x0f, 0xff, 0xc0, 
	0x00, 0x0f, 0xff, 
	0xc0, 0x00, 0xf8, 
	0x00, 0x3e, 0x00, 
	0xf8, 0x00, 0x3e, 
	0x00, 0xf8, 0x00, 
	0x3e, 0x00, 0xf8, 
	0x00, 0x3e, 0x00, 
	0xf8, 0x00, 0x3e, 
	0x00, 0xf8, 0x00, 
	0x3e, 0x00, 0xf8, 
	0x00, 0x3e, 0x00, 
	0xf8, 0x00, 0x3e, 
	0x00, 0xff, 0xff, 
	0xde, 0x00, 0x0f, 
	0xff, 0xc0, 0x00, 
	0x0f, 0xff, 0xc0, 
	0x00, 0x0f, 0xff, 
	0xc0, 0x00, 0x0f, 
	0xff, 0xc0, 0x00, 
	0xf8, 0x00, 0x3e, 
	0x00, 0xf8, 0x00, 
	0x3e, 0x00, 0xf8, 
	0x00, 0x3e, 0x00, 
	0xf8, 0x00, 0x3e, 
	0x00, 0xf8, 0x00, 
	0x3e, 0x00, 0xf8, 
	0x00, 0x3e, 0x00, 
	0xf8, 0x00, 0x3e, 
	0x00, 0xf8, 0x00, 
	0x3e, 0x00, 0xf8, 
	0x00, 0x3e, 0x00, 
	0x0f, 0xff, 0xc0, 
	0x00, 0x0f, 0xff, 
	0xc0, 0x00, 0x0f, 
	0xff, 0xc0, 0x00, 
	0x0f, 0xff, 0xc0, 
	0x00, 0x0f, 0xff, 
	0xc0, 0x00, 0x00, 
	0x00, 0x00, 0x00, 
	0x00, 0x00, 0x00, 
	0x00, 0x00, 0x00, 
	0x00, 0x00, 0x00, 
	0x00, 0x00, 0x00, 
	
	// ASCII: 57 "9" (27 pixels wide)
	0x00, 0x00, 0x00, 
	0x00, 0x00, 0x00, 
	0x00, 0x00, 0x00, 
	0x00, 0x00, 0x00, 
	0x00, 0x00, 0x00, 
	0x00, 0x00, 0x00, 
	0x00, 0x00, 0x00, 
	0x00, 0x00, 0x00, 
	0x00, 0x00, 0x00, 
	0x00, 0x00, 0x00, 
	0x00, 0x00, 0x00, 
	0x00, 0x00, 0x00, 
	0x0f, 0xff, 0xc0, 
	0x00, 0x0f, 0xff, 
	0xc0, 0x00, 0x0f, 
	0xff, 0xc0, 0x00, 
	0x0f, 0xff, 0xc0, 
	0x00, 0x0f, 0xff, 
	0xc0, 0x00, 0xf8, 
	0x00, 0x3e, 0x00, 
	0xf8, 0x00, 0x3e, 
	0x00, 0xf8, 0x00, 
	0x3e, 0x00, 0xf8, 
	0x00, 0x3e, 0x00, 
	0xf8, 0x00, 0x3e, 
	0x00, 0xf8, 0x00, 
	0x3e, 0x00, 0xf8, 
	0x00, 0x3e, 0x00, 
	0xf8, 0x00, 0x3e, 
	0x00, 0xff, 0xff, 
	0xfe, 0x00, 0x0f, 
	0xff, 0xfe, 0x00, 
	0x0f, 0xff, 0xfe, 
	0x00, 0x0f, 0xff, 
	0xfe, 0x00, 0x0f, 
	0xff, 0xfe, 0x00, 
	0x00, 0x00, 0x3e, 
	0x00, 0x00, 0x00, 
	0x3e, 0x00, 0x00, 
	0x00, 0x3e, 0x00, 
	0x00, 0x00, 0x3e, 
	0x00, 0x00, 0x00, 
	0x3e, 0x00, 0xf8, 
	0x00, 0x3e, 0x00, 
	0xf8, 0x00, 0x3e, 
	0x00, 0xf8, 0x00, 
	0x3e, 0x00, 0xf8, 
	0x00, 0x3e, 0x00, 
	0xff, 0xff, 0xde, 
	0x00, 0x0f, 0xff, 
	0xc0, 0x00, 0x0f, 
	0xff, 0xc0, 0x00, 
	0x0f, 0xff, 0xc0, 
	0x00, 0x0f, 0xff, 
	0xc0, 0x00, 0x00, 
	0x00, 0x00, 0x00, 
	0x00, 0x00, 0x00, 
	0x00, 0x00, 0x00, 
	0x00, 0x00, 0x00, 
	0x00, 0x00, 0x00, 
	
	// ASCII: 58 ":" (18 pixels wide)
	0x00, 0x00, 0x00, 
	0x00, 0x00, 0x00, 
	0x00, 0x00, 0x00, 
	0x00, 0x00, 0x00, 
	0x00, 0x00, 0x00, 
	0x00, 0x00, 0x00, 
	0x00, 0x00, 0x00, 
	0x00, 0x00, 0x00, 
	0x00, 0x00, 0x00, 
	0x00, 0x00, 0x00, 
	0x00, 0x00, 0x00, 
	0x00, 0x00, 0x00, 
	0x00, 0x00, 0x00, 
	0x00, 0x00, 0x00, 
	0x00, 0x00, 0x00, 
	0x00, 0x00, 0x00, 
	0x00, 0x00, 0x00, 
	0x00, 0x00, 0x00, 
	0x0f, 0x80, 0x00, 
	0x0f, 0x80, 0x00, 
	0x0f, 0x80, 0x00, 
	0x0f, 0x80, 0x00, 
	0x0f, 0x80, 0x00, 
	0x00, 0x00, 0x00, 
	0x00, 0x00, 0x00, 
	0x00, 0x00, 0x00, 
	0x00, 0x00, 0x00, 
	0x00, 0x00, 0x00, 
	0x00, 0x00, 0x00, 
	0x00, 0x00, 0x00, 
	0x00, 0x00, 0x00, 
	0x00, 0x00, 0x00, 
	0x00, 0x00, 0x00, 
	0x00, 0x00, 0x00, 
	0x00, 0x00, 0x00, 
	0x00, 0x00, 0x00, 
	0x0f, 0x80, 0x00, 
	0x0f, 0x80, 0x00, 
	0x0f, 0x80, 0x00, 
	0x0f, 0x80, 0x00, 
	0x0f, 0x80, 0x00, 
	0x00, 0x00, 0x00, 
	0x00, 0x00, 0x00, 
	0x00, 0x00, 0x00, 
	0x00, 0x00, 0x00, 
	
	// ASCII: 59 ";" (27 pixels wide)
	0x00, 0x00, 0x00, 
	0x00, 0x00, 0x00, 
	0x00, 0x00, 0x00, 
	0x00, 0x00, 0x00, 
	0x00, 0x00, 0x00, 
	0x00, 0x00, 0x00, 
	0x00, 0x00, 0x00, 
	0x00, 0x00, 0x00, 
	0x00, 0x00, 0x00, 
	0x00, 0x00, 0x00, 
	0x00, 0x00, 0x00, 
	0x00, 0x00, 0x00, 
	0x00, 0x00, 0x00, 
	0x00, 0x00, 0x00, 
	0x00, 0x00, 0x00, 
	0x00, 0x00, 0x00, 
	0x00, 0x00, 0x00, 
	0x00, 0x00, 0x00, 
	0x00, 0x00, 0x00, 
	0x00, 0x00, 0x00, 
	0x00, 0x00, 0x00, 
	0x00, 0x00, 0x00, 
	0x00, 0x00, 0x00, 
	0x00, 0x00, 0x00, 
	0x00, 0x7c, 0x00, 
	0x00, 0x00, 0x7c, 
	0x00, 0x00, 0x00, 
	0x7c, 0x00, 0x00, 
	0x00, 0x7c, 0x00, 
	0x00, 0x00, 0x7c, 
	0x00, 0x00, 0x00, 
	0x00, 0x00, 0x00, 
	0x00, 0x00, 0x00, 
	0x00, 0x00, 0x00, 
	0x00, 0x00, 0x00, 
	0x00, 0x00, 0x00, 
	0x00, 0x00, 0x00, 
	0x00, 0x00, 0x00, 
	0x00, 0x00, 0x00, 
	0x00, 0x00, 0x00, 
	0x00, 0x00, 0x00, 
	0x00, 0x00, 0x00, 
	0x00, 0x00, 0x00, 
	0x00, 0x00, 0x00, 
	0x00, 0x00, 0x00, 
	0x00, 0x00, 0x00, 
	0x00, 0x00, 0x00, 
	0x00, 0x00, 0x00, 
	0x00, 0x7c, 0x00, 
	0x00, 0x00, 0x7c, 
	0x00, 0x00, 0x00, 
	0x7c, 0x00, 0x00, 
	0x00, 0x7c, 0x00, 
	0x00, 0x00, 0x7c, 
	0x00, 0x00, 0x00, 
	0x7c, 0x00, 0x00, 
	0x00, 0x7c, 0x00, 
	0x00, 0x00, 0x7c, 
	0x00, 0x00, 0x00, 
	0x7c, 0x00, 0x00, 
	
	// ASCII: 60 "<" (27 pixels wide)
	0x00, 0x00, 0x00, 
	0x00, 0x00, 0x00, 
	0x00, 0x00, 0x00, 
	0x00, 0x00, 0x00, 
	0x00, 0x00, 0x00, 
	0x00, 0x00, 0x00, 
	0x00, 0x00, 0x00, 
	0x00, 0x00, 0x00, 
	0x00, 0x00, 0x00, 
	0x00, 0x00, 0x00, 
	0x00, 0x00, 0x00, 
	0x00, 0x00, 0x00, 
	0x00, 0x00, 0x00, 
	0x00, 0x00, 0x00, 
	0x00, 0x00, 0x00, 
	0x00, 0x00, 0x00, 
	0x00, 0x00, 0x00, 
	0x00, 0x00, 0x07, 
	0xc0, 0x00, 0x00, 
	0x07, 0xc0, 0x00, 
	0x00, 0x07, 0xc0, 
	0x00, 0x00, 0x07, 
	0xc0, 0x00, 0x00, 
	0x07, 0xc0, 0x00, 
	0x00, 0xf8, 0x00, 
	0x00, 0x00, 0xf8, 
	0x00, 0x00, 0x00, 
	0xf8, 0x00, 0x00, 
	0x00, 0xf8, 0x00, 
	0x00, 0x0f, 0xf8, 
	0x00, 0x00, 0x0f, 
	0x80, 0x00, 0x00, 
	0x0f, 0x80, 0x00, 
	0x00, 0x0f, 0x80, 
	0x00, 0x00, 0x0f, 
	0x80, 0x00, 0x00, 
	0x00, 0xf8, 0x00, 
	0x00, 0x00, 0xf8, 
	0x00, 0x00, 0x00, 
	0xf8, 0x00, 0x00, 
	0x00, 0xf8, 0x00, 
	0x00, 0x00, 0xf8, 
	0x00, 0x00, 0x00, 
	0x07, 0xc0, 0x00, 
	0x00, 0x07, 0xc0, 
	0x00, 0x00, 0x07, 
	0xc0, 0x00, 0x00, 
	0x07, 0xc0, 0x00, 
	0x00, 0x07, 0xc0, 
	0x00, 0x00, 0x00, 
	0x00, 0x00, 0x00, 
	0x00, 0x00, 0x00, 
	0x00, 0x00, 0x00, 
	0x00, 0x00, 0x00, 
	0x00, 0x00, 0x00, 
	0x00, 0x00, 0x00, 
	0x00, 0x00, 0x00, 
	0x00, 0x00, 0x00, 
	0x00, 0x00, 0x00, 
	0x00, 0x00, 0x00, 
	
	// ASCII: 61 "=" (27 pixels wide)
	0x00, 0x00, 0x00, 
	0x00, 0x00, 0x00, 
	0x00, 0x00, 0x00, 
	0x00, 0x00, 0x00, 
	0x00, 0x00, 0x00, 
	0x00, 0x00, 0x00, 
	0x00, 0x00, 0x00, 
	0x00, 0x00, 0x00, 
	0x00, 0x00, 0x00, 
	0x00, 0x00, 0x00, 
	0x00, 0x00, 0x00, 
	0x00, 0x00, 0x00, 
	0x00, 0x00, 0x00, 
	0x00, 0x00, 0x00, 
	0x00, 0x00, 0x00, 
	0x00, 0x00, 0x00, 
	0x00, 0x00, 0x00, 
	0x00, 0x00, 0x00, 
	0x00, 0x00, 0x00, 
	0x00, 0x00, 0x00, 
	0x00, 0x00, 0x00, 
	0x00, 0x00, 0x00, 
	0x00, 0x00, 0x00, 
	0x00, 0x00, 0x00, 
	0x0f, 0xff, 0xc0, 
	0x00, 0x0f, 0xff, 
	0xc0, 0x00, 0x0f, 
	0xff, 0xc0, 0x00, 
	0x0f, 0xff, 0xc0, 
	0x00, 0x0f, 0xff, 
	0xc0, 0x00, 0x00, 
	0x00, 0x00, 0x00, 
	0x00, 0x00, 0x00, 
	0x00, 0x00, 0x00, 
	0x00, 0x00, 0x00, 
	0x00, 0x00, 0x00, 
	0x0f, 0xff, 0xc0, 
	0x00, 0x0f, 0xff, 
	0xc0, 0x00, 0x0f, 
	0xff, 0xc0, 0x00, 
	0x0f, 0xff, 0xc0, 
	0x00, 0x0f, 0xff, 
	0xc0, 0x00, 0x00, 
	0x00, 0x00, 0x00, 
	0x00, 0x00, 0x00, 
	0x00, 0x00, 0x00, 
	0x00, 0x00, 0x00, 
	0x00, 0x00, 0x00, 
	0x00, 0x00, 0x00, 
	0x00, 0x00, 0x00, 
	0x00, 0x00, 0x00, 
	0x00, 0x00, 0x00, 
	0x00, 0x00, 0x00, 
	0x00, 0x00, 0x00, 
	0x00, 0x00, 0x00, 
	0x00, 0x00, 0x00, 
	0x00, 0x00, 0x00, 
	0x00, 0x00, 0x00, 
	0x00, 0x00, 0x00, 
	0x00, 0x00, 0x00, 
	
	// ASCII: 62 ">" (27 pixels wide)
	0x00, 0x00, 0x00, 
	0x00, 0x00, 0x00, 
	0x00, 0x00, 0x00, 
	0x00, 0x00, 0x00, 
	0x00, 0x00, 0x00, 
	0x00, 0x00, 0x00, 
	0x00, 0x00, 0x00, 
	0x00, 0x00, 0x00, 
	0x00, 0x00, 0x00, 
	0x00, 0x00, 0x00, 
	0x00, 0x00, 0x00, 
	0x00, 0x00, 0x00, 
	0x00, 0x00, 0x00, 
	0x00, 0x00, 0x00, 
	0x00, 0x00, 0x00, 
	0x00, 0x00, 0x00, 
	0x00, 0x00, 0x00, 
	0x00, 0x0f, 0x80, 
	0x00, 0x00, 0x0f, 
	0x80, 0x00, 0x00, 
	0x0f, 0x80, 0x00, 
	0x00, 0x0f, 0x80, 
	0x00, 0x00, 0x0f, 
	0x80, 0x00, 0x00, 
	0x00, 0xf8, 0x00, 
	0x00, 0x00, 0xf8, 
	0x00, 0x00, 0x00, 
	0xf8, 0x00, 0x00, 
	0x00, 0xf8, 0x00, 
	0x00, 0x00, 0xff, 
	0xc0, 0x00, 0x00, 
	0x07, 0xc0, 0x00, 
	0x00, 0x07, 0xc0, 
	0x00, 0x00, 0x07, 
	0xc0, 0x00, 0x00, 
	0x07, 0xc0, 0x00, 
	0x00, 0xf8, 0x00, 
	0x00, 0x00, 0xf8, 
	0x00, 0x00, 0x00, 
	0xf8, 0x00, 0x00, 
	0x00, 0xf8, 0x00, 
	0x00, 0x00, 0xf8, 
	0x00, 0x00, 0x0f, 
	0x80, 0x00, 0x00, 
	0x0f, 0x80, 0x00, 
	0x00, 0x0f, 0x80, 
	0x00, 0x00, 0x0f, 
	0x80, 0x00, 0x00, 
	0x0f, 0x80, 0x00, 
	0x00, 0x00, 0x00, 
	0x00, 0x00, 0x00, 
	0x00, 0x00, 0x00, 
	0x00, 0x00, 0x00, 
	0x00, 0x00, 0x00, 
	0x00, 0x00, 0x00, 
	0x00, 0x00, 0x00, 
	0x00, 0x00, 0x00, 
	0x00, 0x00, 0x00, 
	0x00, 0x00, 0x00, 
	0x00, 0x00, 0x00, 
	
	// ASCII: 63 "?" (27 pixels wide)
	0x00, 0x00, 0x00, 
	0x00, 0x00, 0x00, 
	0x00, 0x00, 0x00, 
	0x00, 0x00, 0x00, 
	0x00, 0x00, 0x00, 
	0x00, 0x00, 0x00, 
	0x00, 0x00, 0x00, 
	0x00, 0x00, 0x00, 
	0x00, 0x00, 0x00, 
	0x00, 0x00, 0x00, 
	0x00, 0x00, 0x00, 
	0x00, 0x00, 0x00, 
	0x0f, 0xff, 0xc0, 
	0x00, 0x0f, 0xff, 
	0xc0, 0x00, 0x0f, 
	0xff, 0xc0, 0x00, 
	0x0f, 0xff, 0xc0, 
	0x00, 0x0f, 0xff, 
	0xc0, 0x00, 0xf8, 
	0x00, 0x3e, 0x00, 
	0xf8, 0x00, 0x3e, 
	0x00, 0xf8, 0x00, 
	0x3e, 0x00, 0xf8, 
	0x00, 0x3e, 0x00, 
	0xf8, 0x00, 0x3e, 
	0x00, 0x00, 0x00, 
	0x3e, 0x00, 0x00, 
	0x00, 0x3e, 0x00, 
	0x00, 0x00, 0x3e, 
	0x00, 0x00, 0x07, 
	0xde, 0x00, 0x00, 
	0x07, 0xc0, 0x00, 
	0x00, 0x07, 0xc0, 
	0x00, 0x00, 0x07, 
	0xc0, 0x00, 0x00, 
	0x07, 0xc0, 0x00, 
	0x00, 0x7c, 0x00, 
	0x00, 0x00, 0x7c, 
	0x00, 0x00, 0x00, 
	0x7c, 0x00, 0x00, 
	0x00, 0x7c, 0x00, 
	0x00, 0x00, 0x7c, 
	0x00, 0x00, 0x00, 
	0x00, 0x00, 0x00, 
	0x00, 0x00, 0x00, 
	0x00, 0x00, 0x00, 
	0x00, 0x00, 0x00, 
	0x00, 0x00, 0x00, 
	0x00, 0x7c, 0x00, 
	0x00, 0x00, 0x7c, 
	0x00, 0x00, 0x00, 
	0x7c, 0x00, 0x00, 
	0x00, 0x7c, 0x00, 
	0x00, 0x00, 0x7c, 
	0x00, 0x00, 0x00, 
	0x00, 0x00, 0x00, 
	0x00, 0x00, 0x00, 
	0x00, 0x00, 0x00, 
	0x00, 0x00, 0x00, 
	0x00, 0x00, 0x00, 
	
	// ASCII: 64 "@" (27 pixels wide)
	0x00, 0x00, 0x00, 
	0x00, 0x00, 0x00, 
	0x00, 0x00, 0x00, 
	0x00, 0x00, 0x00, 
	0x00, 0x00, 0x00, 
	0x00, 0x00, 0x00, 
	0x00, 0x00, 0x00, 
	0x00, 0x00, 0x00, 
	0x00, 0x00, 0x00, 
	0x00, 0x00, 0x00, 
	0x00, 0x00, 0x00, 
	0x00, 0x00, 0x00, 
	0xff, 0xff, 0xfe, 
	0x00, 0xff, 0xff, 
	0xfe, 0x00, 0xff, 
	0xff, 0xfe, 0x00, 
	0xff, 0xff, 0xfe, 
	0x00, 0xff, 0xff, 
	0xfe, 0x00, 0xf8, 
	0x00, 0x3e, 0x00, 
	0xf8, 0x00, 0x3e, 
	0x00, 0xf8, 0x00, 
	0x3e, 0x00, 0xf8, 
	0x00, 0x3e, 0x00, 
	0xf8, 0x7c, 0x3e, 
	0x00, 0xf8, 0x7c, 
	0x3e, 0x00, 0xf8, 
	0x7c, 0x3e, 0x00, 
	0xf8, 0x7c, 0x3e, 
	0x00, 0xf8, 0x7f, 
	0xfe, 0x00, 0xf8, 
	0x7f, 0xfe, 0x00, 
	0xf8, 0x7f, 0xfe, 
	0x00, 0xf8, 0x7f, 
	0xfe, 0x00, 0xf8, 
	0x7f, 0xfe, 0x00, 
	0xf8, 0x00, 0x00, 
	0x00, 0xf8, 0x00, 
	0x00, 0x00, 0xf8, 
	0x00, 0x00, 0x00, 
	0xf8, 0x00, 0x00, 
	0x00, 0xf8, 0x00, 
	0x00, 0x00, 0xf8, 
	0x00, 0x00, 0x00, 
	0xf8, 0x00, 0x00, 
	0x00, 0xf8, 0x00, 
	0x00, 0x00, 0xf8, 
	0x00, 0x00, 0x00, 
	0xff, 0xff, 0xfe, 
	0x00, 0xff, 0xff, 
	0xfe, 0x00, 0xff, 
	0xff, 0xfe, 0x00, 
	0xff, 0xff, 0xfe, 
	0x00, 0xff, 0xff, 
	0xfe, 0x00, 0x00, 
	0x00, 0x00, 0x00, 
	0x00, 0x00, 0x00, 
	0x00, 0x00, 0x00, 
	0x00, 0x00, 0x00, 
	0x00, 0x00, 0x00, 
	
	// ASCII: 65 "A" (27 pixels wide)
	0x00, 0x00, 0x00, 
	0x00, 0x00, 0x00, 
	0x00, 0x00, 0x00, 
	0x00, 0x00, 0x00, 
	0x00, 0x00, 0x00, 
	0x00, 0x00, 0x00, 
	0x00, 0x00, 0x00, 
	0x00, 0x00, 0x00, 
	0x00, 0x00, 0x00, 
	0x00, 0x00, 0x00, 
	0x00, 0x00, 0x00, 
	0x00, 0x00, 0x00, 
	0x00, 0x7c, 0x00, 
	0x00, 0x00, 0x7c, 
	0x00, 0x00, 0x00, 
	0x7c, 0x00, 0x00, 
	0x00, 0x7c, 0x00, 
	0x00, 0x00, 0x7c, 
	0x00, 0x00, 0x0f, 
	0x87, 0xc0, 0x00, 
	0x0f, 0x87, 0xc0, 
	0x00, 0x0f, 0x87, 
	0xc0, 0x00, 0x0f, 
	0x87, 0xc0, 0x00, 
	0x0f, 0x87, 0xc0, 
	0x00, 0x0f, 0x87, 
	0xc0, 0x00, 0x0f, 
	0x87, 0xc0, 0x00, 
	0x0f, 0x87, 0xc0, 
	0x00, 0x0f, 0x87, 
	0xc0, 0x00, 0xf8, 
	0x00, 0x3e, 0x00, 
	0xf8, 0x00, 0x3e, 
	0x00, 0xf8, 0x00, 
	0x3e, 0x00, 0xf8, 
	0x00, 0x3e, 0x00, 
	0xff, 0xff, 0xfe, 
	0x00, 0xff, 0xff, 
	0xfe, 0x00, 0xff, 
	0xff, 0xfe, 0x00, 
	0xff, 0xff, 0xfe, 
	0x00, 0xff, 0xff, 
	0xfe, 0x00, 0xf8, 
	0x00, 0x3e, 0x00, 
	0xf8, 0x00, 0x3e, 
	0x00, 0xf8, 0x00, 
	0x3e, 0x00, 0xf8, 
	0x00, 0x3e, 0x00, 
	0xf8, 0x00, 0x3e, 
	0x00, 0xf8, 0x00, 
	0x3e, 0x00, 0xf8, 
	0x00, 0x3e, 0x00, 
	0xf8, 0x00, 0x3e, 
	0x00, 0xf8, 0x00, 
	0x3e, 0x00, 0x00, 
	0x00, 0x00, 0x00, 
	0x00, 0x00, 0x00, 
	0x00, 0x00, 0x00, 
	0x00, 0x00, 0x00, 
	0x00, 0x00, 0x00, 
	
	// ASCII: 66 "B" (27 pixels wide)
	0x00, 0x00, 0x00, 
	0x00, 0x00, 0x00, 
	0x00, 0x00, 0x00, 
	0x00, 0x00, 0x00, 
	0x00, 0x00, 0x00, 
	0x00, 0x00, 0x00, 
	0x00, 0x00, 0x00, 
	0x00, 0x00, 0x00, 
	0x00, 0x00, 0x00, 
	0x00, 0x00, 0x00, 
	0x00, 0x00, 0x00, 
	0x00, 0x00, 0x00, 
	0xff, 0xff, 0xe0, 
	0x00, 0xff, 0xff, 
	0xe0, 0x00, 0xff, 
	0xff, 0xe0, 0x00, 
	0xff, 0xff, 0xe0, 
	0x00, 0xff, 0xff, 
	0xe0, 0x00, 0xf8, 
	0x00, 0x3e, 0x00, 
	0xf8, 0x00, 0x3e, 
	0x00, 0xf8, 0x00, 
	0x3e, 0x00, 0xf8, 
	0x00, 0x3e, 0x00, 
	0xf8, 0x00, 0x3e, 
	0x00, 0xf8, 0x00, 
	0x3e, 0x00, 0xf8, 
	0x00, 0x3e, 0x00, 
	0xf8, 0x00, 0x3e, 
	0x00, 0xff, 0xff, 
	0xfe, 0x00, 0xff, 
	0xff, 0xe0, 0x00, 
	0xff, 0xff, 0xe0, 
	0x00, 0xff, 0xff, 
	0xe0, 0x00, 0xff, 
	0xff, 0xe0, 0x00, 
	0xf8, 0x00, 0x3e, 
	0x00, 0xf8, 0x00, 
	0x3e, 0x00, 0xf8, 
	0x00, 0x3e, 0x00, 
	0xf8, 0x00, 0x3e, 
	0x00, 0xf8, 0x00, 
	0x3e, 0x00, 0xf8, 
	0x00, 0x3e, 0x00, 
	0xf8, 0x00, 0x3e, 
	0x00, 0xf8, 0x00, 
	0x3e, 0x00, 0xf8, 
	0x00, 0x3e, 0x00, 
	0xff, 0xff, 0xe0, 
	0x00, 0xff, 0xff, 
	0xe0, 0x00, 0xff, 
	0xff, 0xe0, 0x00, 
	0xff, 0xff, 0xe0, 
	0x00, 0xff, 0xff, 
	0xe0, 0x00, 0x00, 
	0x00, 0x00, 0x00, 
	0x00, 0x00, 0x00, 
	0x00, 0x00, 0x00, 
	0x00, 0x00, 0x00, 
	0x00, 0x00, 0x00, 
	
	// ASCII: 67 "C" (27 pixels wide)
	0x00, 0x00, 0x00, 
	0x00, 0x00, 0x00, 
	0x00, 0x00, 0x00, 
	0x00, 0x00, 0x00, 
	0x00, 0x00, 0x00, 
	0x00, 0x00, 0x00, 
	0x00, 0x00, 0x00, 
	0x00, 0x00, 0x00, 
	0x00, 0x00, 0x00, 
	0x00, 0x00, 0x00, 
	0x00, 0x00, 0x00, 
	0x00, 0x00, 0x00, 
	0x0f, 0xff, 0xc0, 
	0x00, 0x0f, 0xff, 
	0xc0, 0x00, 0x0f, 
	0xff, 0xc0, 0x00, 
	0x0f, 0xff, 0xc0, 
	0x00, 0xff, 0xff, 
	0xfe, 0x00, 0xf8, 
	0x00, 0x3e, 0x00, 
	0xf8, 0x00, 0x3e, 
	0x00, 0xf8, 0x00, 
	0x3e, 0x00, 0xf8, 
	0x00, 0x3e, 0x00, 
	0xf8, 0x00, 0x00, 
	0x00, 0xf8, 0x00, 
	0x00, 0x00, 0xf8, 
	0x00, 0x00, 0x00, 
	0xf8, 0x00, 0x00, 
	0x00, 0xf8, 0x00, 
	0x00, 0x00, 0xf8, 
	0x00, 0x00, 0x00, 
	0xf8, 0x00, 0x00, 
	0x00, 0xf8, 0x00, 
	0x00, 0x00, 0xf8, 
	0x00, 0x00, 0x00, 
	0xf8, 0x00, 0x00, 
	0x00, 0xf8, 0x00, 
	0x00, 0x00, 0xf8, 
	0x00, 0x00, 0x00, 
	0xf8, 0x00, 0x00, 
	0x00, 0xf8, 0x00, 
	0x00, 0x00, 0xf8, 
	0x00, 0x3e, 0x00, 
	0xf8, 0x00, 0x3e, 
	0x00, 0xf8, 0x00, 
	0x3e, 0x00, 0xf8, 
	0x00, 0x3e, 0x00, 
	0xff, 0xff, 0xde, 
	0x00, 0x0f, 0xff, 
	0xc0, 0x00, 0x0f, 
	0xff, 0xc0, 0x00, 
	0x0f, 0xff, 0xc0, 
	0x00, 0x0f, 0xff, 
	0xc0, 0x00, 0x00, 
	0x00, 0x00, 0x00, 
	0x00, 0x00, 0x00, 
	0x00, 0x00, 0x00, 
	0x00, 0x00, 0x00, 
	0x00, 0x00, 0x00, 
	
	// ASCII: 68 "D" (27 pixels wide)
	0x00, 0x00, 0x00, 
	0x00, 0x00, 0x00, 
	0x00, 0x00, 0x00, 
	0x00, 0x00, 0x00, 
	0x00, 0x00, 0x00, 
	0x00, 0x00, 0x00, 
	0x00, 0x00, 0x00, 
	0x00, 0x00, 0x00, 
	0x00, 0x00, 0x00, 
	0x00, 0x00, 0x00, 
	0x00, 0x00, 0x00, 
	0x00, 0x00, 0x00, 
	0xff, 0xfc, 0x00, 
	0x00, 0xff, 0xfc, 
	0x00, 0x00, 0xff, 
	0xfc, 0x00, 0x00, 
	0xff, 0xfc, 0x00, 
	0x00, 0xff, 0xff, 
	0xc0, 0x00, 0xf8, 
	0x07, 0xc0, 0x00, 
	0xf8, 0x07, 0xc0, 
	0x00, 0xf8, 0x07, 
	0xc0, 0x00, 0xf8, 
	0x07, 0xc0, 0x00, 
	0xf8, 0x00, 0x3e, 
	0x00, 0xf8, 0x00, 
	0x3e, 0x00, 0xf8, 
	0x00, 0x3e, 0x00, 
	0xf8, 0x00, 0x3e, 
	0x00, 0xf8, 0x00, 
	0x3e, 0x00, 0xf8, 
	0x00, 0x3e, 0x00, 
	0xf8, 0x00, 0x3e, 
	0x00, 0xf8, 0x00, 
	0x3e, 0x00, 0xf8, 
	0x00, 0x3e, 0x00, 
	0xf8, 0x00, 0x3e, 
	0x00, 0xf8, 0x00, 
	0x3e, 0x00, 0xf8, 
	0x00, 0x3e, 0x00, 
	0xf8, 0x00, 0x3e, 
	0x00, 0xf8, 0x00, 
	0x3e, 0x00, 0xf8, 
	0x07, 0xc0, 0x00, 
	0xf8, 0x07, 0xc0, 
	0x00, 0xf8, 0x07, 
	0xc0, 0x00, 0xf8, 
	0x07, 0xc0, 0x00, 
	0xff, 0xff, 0xc0, 
	0x00, 0xff, 0xfc, 
	0x00, 0x00, 0xff, 
	0xfc, 0x00, 0x00, 
	0xff, 0xfc, 0x00, 
	0x00, 0xff, 0xfc, 
	0x00, 0x00, 0x00, 
	0x00, 0x00, 0x00, 
	0x00, 0x00, 0x00, 
	0x00, 0x00, 0x00, 
	0x00, 0x00, 0x00, 
	0x00, 0x00, 0x00, 
	
	// ASCII: 69 "E" (27 pixels wide)
	0x00, 0x00, 0x00, 
	0x00, 0x00, 0x00, 
	0x00, 0x00, 0x00, 
	0x00, 0x00, 0x00, 
	0x00, 0x00, 0x00, 
	0x00, 0x00, 0x00, 
	0x00, 0x00, 0x00, 
	0x00, 0x00, 0x00, 
	0x00, 0x00, 0x00, 
	0x00, 0x00, 0x00, 
	0x00, 0x00, 0x00, 
	0x00, 0x00, 0x00, 
	0xff, 0xff, 0xfe, 
	0x00, 0xff, 0xff, 
	0xfe, 0x00, 0xff, 
	0xff, 0xfe, 0x00, 
	0xff, 0xff, 0xfe, 
	0x00, 0xff, 0xff, 
	0xfe, 0x00, 0xf8, 
	0x00, 0x00, 0x00, 
	0xf8, 0x00, 0x00, 
	0x00, 0xf8, 0x00, 
	0x00, 0x00, 0xf8, 
	0x00, 0x00, 0x00, 
	0xf8, 0x00, 0x00, 
	0x00, 0xf8, 0x00, 
	0x00, 0x00, 0xf8, 
	0x00, 0x00, 0x00, 
	0xf8, 0x00, 0x00, 
	0x00, 0xff, 0xff, 
	0xc0, 0x00, 0xff, 
	0xff, 0xc0, 0x00, 
	0xff, 0xff, 0xc0, 
	0x00, 0xff, 0xff, 
	0xc0, 0x00, 0xff, 
	0xff, 0xc0, 0x00, 
	0xf8, 0x00, 0x00, 
	0x00, 0xf8, 0x00, 
	0x00, 0x00, 0xf8, 
	0x00, 0x00, 0x00, 
	0xf8, 0x00, 0x00, 
	0x00, 0xf8, 0x00, 
	0x00, 0x00, 0xf8, 
	0x00, 0x00, 0x00, 
	0xf8, 0x00, 0x00, 
	0x00, 0xf8, 0x00, 
	0x00, 0x00, 0xf8, 
	0x00, 0x00, 0x00, 
	0xff, 0xff, 0xfe, 
	0x00, 0xff, 0xff, 
	0xfe, 0x00, 0xff, 
	0xff, 0xfe, 0x00, 
	0xff, 0xff, 0xfe, 
	0x00, 0xff, 0xff, 
	0xfe, 0x00, 0x00, 
	0x00, 0x00, 0x00, 
	0x00, 0x00, 0x00, 
	0x00, 0x00, 0x00, 
	0x00, 0x00, 0x00, 
	0x00, 0x00, 0x00, 
	
	// ASCII: 70 "F" (27 pixels wide)
	0x00, 0x00, 0x00, 
	0x00, 0x00, 0x00, 
	0x00, 0x00, 0x00, 
	0x00, 0x00, 0x00, 
	0x00, 0x00, 0x00, 
	0x00, 0x00, 0x00, 
	0x00, 0x00, 0x00, 
	0x00, 0x00, 0x00, 
	0x00, 0x00, 0x00, 
	0x00, 0x00, 0x00, 
	0x00, 0x00, 0x00, 
	0x00, 0x00, 0x00, 
	0xff, 0xff, 0xfe, 
	0x00, 0xff, 0xff, 
	0xfe, 0x00, 0xff, 
	0xff, 0xfe, 0x00, 
	0xff, 0xff, 0xfe, 
	0x00, 0xff, 0xff, 
	0xfe, 0x00, 0xf8, 
	0x00, 0x00, 0x00, 
	0xf8, 0x00, 0x00, 
	0x00, 0xf8, 0x00, 
	0x00, 0x00, 0xf8, 
	0x00, 0x00, 0x00, 
	0xf8, 0x00, 0x00, 
	0x00, 0xf8, 0x00, 
	0x00, 0x00, 0xf8, 
	0x00, 0x00, 0x00, 
	0xf8, 0x00, 0x00, 
	0x00, 0xff, 0xff, 
	0xc0, 0x00, 0xff, 
	0xff, 0xc0, 0x00, 
	0xff, 0xff, 0xc0, 
	0x00, 0xff, 0xff, 
	0xc0, 0x00, 0xff, 
	0xff, 0xc0, 0x00, 
	0xf8, 0x00, 0x00, 
	0x00, 0xf8, 0x00, 
	0x00, 0x00, 0xf8, 
	0x00, 0x00, 0x00, 
	0xf8, 0x00, 0x00, 
	0x00, 0xf8, 0x00, 
	0x00, 0x00, 0xf8, 
	0x00, 0x00, 0x00, 
	0xf8, 0x00, 0x00, 
	0x00, 0xf8, 0x00, 
	0x00, 0x00, 0xf8, 
	0x00, 0x00, 0x00, 
	0xf8, 0x00, 0x00, 
	0x00, 0xf8, 0x00, 
	0x00, 0x00, 0xf8, 
	0x00, 0x00, 0x00, 
	0xf8, 0x00, 0x00, 
	0x00, 0xf8, 0x00, 
	0x00, 0x00, 0x00, 
	0x00, 0x00, 0x00, 
	0x00, 0x00, 0x00, 
	0x00, 0x00, 0x00, 
	0x00, 0x00, 0x00, 
	0x00, 0x00, 0x00, 
	
	// ASCII: 71 "G" (27 pixels wide)
	0x00, 0x00, 0x00, 
	0x00, 0x00, 0x00, 
	0x00, 0x00, 0x00, 
	0x00, 0x00, 0x00, 
	0x00, 0x00, 0x00, 
	0x00, 0x00, 0x00, 
	0x00, 0x00, 0x00, 
	0x00, 0x00, 0x00, 
	0x00, 0x00, 0x00, 
	0x00, 0x00, 0x00, 
	0x00, 0x00, 0x00, 
	0x00, 0x00, 0x00, 
	0x0f, 0xff, 0xc0, 
	0x00, 0x0f, 0xff, 
	0xc0, 0x00, 0x0f, 
	0xff, 0xc0, 0x00, 
	0x0f, 0xff, 0xc0, 
	0x00, 0xff, 0xff, 
	0xc0, 0x00, 0xf8, 
	0x00, 0x00, 0x00, 
	0xf8, 0x00, 0x00, 
	0x00, 0xf8, 0x00, 
	0x00, 0x00, 0xf8, 
	0x00, 0x00, 0x00, 
	0xf8, 0x00, 0x00, 
	0x00, 0xf8, 0x00, 
	0x00, 0x00, 0xf8, 
	0x00, 0x00, 0x00, 
	0xf8, 0x00, 0x00, 
	0x00, 0xf8, 0x7f, 
	0xfe, 0x00, 0xf8, 
	0x7f, 0xfe, 0x00, 
	0xf8, 0x7f, 0xfe, 
	0x00, 0xf8, 0x7f, 
	0xfe, 0x00, 0xf8, 
	0x7f, 0xfe, 0x00, 
	0xf8, 0x00, 0x3e, 
	0x00, 0xf8, 0x00, 
	0x3e, 0x00, 0xf8, 
	0x00, 0x3e, 0x00, 
	0xf8, 0x00, 0x3e, 
	0x00, 0xf8, 0x00, 
	0x3e, 0x00, 0xf8, 
	0x00, 0x3e, 0x00, 
	0xf8, 0x00, 0x3e, 
	0x00, 0xf8, 0x00, 
	0x3e, 0x00, 0xf8, 
	0x00, 0x3e, 0x00, 
	0x0f, 0xff, 0xfe, 
	0x00, 0x0f, 0xff, 
	0xfe, 0x00, 0x0f, 
	0xff, 0xfe, 0x00, 
	0x0f, 0xff, 0xfe, 
	0x00, 0x0f, 0xff, 
	0xfe, 0x00, 0x00, 
	0x00, 0x00, 0x00, 
	0x00, 0x00, 0x00, 
	0x00, 0x00, 0x00, 
	0x00, 0x00, 0x00, 
	0x00, 0x00, 0x00, 
	
	// ASCII: 72 "H" (27 pixels wide)
	0x00, 0x00, 0x00, 
	0x00, 0x00, 0x00, 
	0x00, 0x00, 0x00, 
	0x00, 0x00, 0x00, 
	0x00, 0x00, 0x00, 
	0x00, 0x00, 0x00, 
	0x00, 0x00, 0x00, 
	0x00, 0x00, 0x00, 
	0x00, 0x00, 0x00, 
	0x00, 0x00, 0x00, 
	0x00, 0x00, 0x00, 
	0x00, 0x00, 0x00, 
	0xf8, 0x00, 0x3e, 
	0x00, 0xf8, 0x00, 
	0x3e, 0x00, 0xf8, 
	0x00, 0x3e, 0x00, 
	0xf8, 0x00, 0x3e, 
	0x00, 0xf8, 0x00, 
	0x3e, 0x00, 0xf8, 
	0x00, 0x3e, 0x00, 
	0xf8, 0x00, 0x3e, 
	0x00, 0xf8, 0x00, 
	0x3e, 0x00, 0xf8, 
	0x00, 0x3e, 0x00, 
	0xf8, 0x00, 0x3e, 
	0x00, 0xf8, 0x00, 
	0x3e, 0x00, 0xf8, 
	0x00, 0x3e, 0x00, 
	0xf8, 0x00, 0x3e, 
	0x00, 0xff, 0xff, 
	0xfe, 0x00, 0xff, 
	0xff, 0xfe, 0x00, 
	0xff, 0xff, 0xfe, 
	0x00, 0xff, 0xff, 
	0xfe, 0x00, 0xff, 
	0xff, 0xfe, 0x00, 
	0xf8, 0x00, 0x3e, 
	0x00, 0xf8, 0x00, 
	0x3e, 0x00, 0xf8, 
	0x00, 0x3e, 0x00, 
	0xf8, 0x00, 0x3e, 
	0x00, 0xf8, 0x00, 
	0x3e, 0x00, 0xf8, 
	0x00, 0x3e, 0x00, 
	0xf8, 0x00, 0x3e, 
	0x00, 0xf8, 0x00, 
	0x3e, 0x00, 0xf8, 
	0x00, 0x3e, 0x00, 
	0xf8, 0x00, 0x3e, 
	0x00, 0xf8, 0x00, 
	0x3e, 0x00, 0xf8, 
	0x00, 0x3e, 0x00, 
	0xf8, 0x00, 0x3e, 
	0x00, 0xf8, 0x00, 
	0x3e, 0x00, 0x00, 
	0x00, 0x00, 0x00, 
	0x00, 0x00, 0x00, 
	0x00, 0x00, 0x00, 
	0x00, 0x00, 0x00, 
	0x00, 0x00, 0x00, 
	
	// ASCII: 73 "I" (27 pixels wide)
	0x00, 0x00, 0x00, 
	0x00, 0x00, 0x00, 
	0x00, 0x00, 0x00, 
	0x00, 0x00, 0x00, 
	0x00, 0x00, 0x00, 
	0x00, 0x00, 0x00, 
	0x00, 0x00, 0x00, 
	0x00, 0x00, 0x00, 
	0x00, 0x00, 0x00, 
	0x00, 0x00, 0x00, 
	0x00, 0x00, 0x00, 
	0x00, 0x00, 0x00, 
	0x0f, 0xff, 0xc0, 
	0x00, 0x0f, 0xff, 
	0xc0, 0x00, 0x0f, 
	0xff, 0xc0, 0x00, 
	0x0f, 0xff, 0xc0, 
	0x00, 0x0f, 0xff, 
	0xc0, 0x00, 0x00, 
	0xf8, 0x00, 0x00, 
	0x00, 0xf8, 0x00, 
	0x00, 0x00, 0xf8, 
	0x00, 0x00, 0x00, 
	0xf8, 0x00, 0x00, 
	0x00, 0xf8, 0x00, 
	0x00, 0x00, 0xf8, 
	0x00, 0x00, 0x00, 
	0xf8, 0x00, 0x00, 
	0x00, 0xf8, 0x00, 
	0x00, 0x00, 0xf8, 
	0x00, 0x00, 0x00, 
	0xf8, 0x00, 0x00, 
	0x00, 0xf8, 0x00, 
	0x00, 0x00, 0xf8, 
	0x00, 0x00, 0x00, 
	0xf8, 0x00, 0x00, 
	0x00, 0xf8, 0x00, 
	0x00, 0x00, 0xf8, 
	0x00, 0x00, 0x00, 
	0xf8, 0x00, 0x00, 
	0x00, 0xf8, 0x00, 
	0x00, 0x00, 0xf8, 
	0x00, 0x00, 0x00, 
	0xf8, 0x00, 0x00, 
	0x00, 0xf8, 0x00, 
	0x00, 0x00, 0xf8, 
	0x00, 0x00, 0x00, 
	0xf8, 0x00, 0x00, 
	0x0f, 0xff, 0xc0, 
	0x00, 0x0f, 0xff, 
	0xc0, 0x00, 0x0f, 
	0xff, 0xc0, 0x00, 
	0x0f, 0xff, 0xc0, 
	0x00, 0x0f, 0xff, 
	0xc0, 0x00, 0x00, 
	0x00, 0x00, 0x00, 
	0x00, 0x00, 0x00, 
	0x00, 0x00, 0x00, 
	0x00, 0x00, 0x00, 
	0x00, 0x00, 0x00, 
	
	// ASCII: 74 "J" (27 pixels wide)
	0x00, 0x00, 0x00, 
	0x00, 0x00, 0x00, 
	0x00, 0x00, 0x00, 
	0x00, 0x00, 0x00, 
	0x00, 0x00, 0x00, 
	0x00, 0x00, 0x00, 
	0x00, 0x00, 0x00, 
	0x00, 0x00, 0x00, 
	0x00, 0x00, 0x00, 
	0x00, 0x00, 0x00, 
	0x00, 0x00, 0x00, 
	0x00, 0x00, 0x00, 
	0x00, 0x00, 0xf0, 
	0x00, 0x00, 0x00, 
	0xf0, 0x00, 0x00, 
	0x00, 0xf0, 0x00, 
	0x00, 0x00, 0xf0, 
	0x00, 0x00, 0x00, 
	0xf0, 0x00, 0x00, 
	0x00, 0xf0, 0x00, 
	0x00, 0x00, 0xf0, 
	0x00, 0x00, 0x00, 
	0xf0, 0x00, 0x00, 
	0x00, 0xf0, 0x00, 
	0x00, 0x00, 0xf0, 
	0x00, 0x00, 0x00, 
	0xf0, 0x00, 0x00, 
	0x00, 0xf0, 0x00, 
	0x00, 0x00, 0xf0, 
	0x00, 0x00, 0x00, 
	0xf0, 0x00, 0x00, 
	0x00, 0xf0, 0x00, 
	0x00, 0x00, 0xf0, 
	0x00, 0x00, 0x00, 
	0xf0, 0x00, 0x00, 
	0x00, 0xf0, 0x00, 
	0x00, 0x00, 0xf0, 
	0x00, 0x3e, 0x00, 
	0xf0, 0x00, 0x3e, 
	0x00, 0xf0, 0x00, 
	0x3e, 0x00, 0xf0, 
	0x00, 0x3e, 0x00, 
	0xf0, 0x00, 0x3e, 
	0x00, 0xf0, 0x00, 
	0x3e, 0x00, 0xf0, 
	0x00, 0x3e, 0x00, 
	0xf0, 0x00, 0x3e, 
	0x00, 0xf0, 0x00, 
	0x3f, 0xff, 0xf0, 
	0x00, 0x01, 0xff, 
	0x00, 0x00, 0x01, 
	0xff, 0x00, 0x00, 
	0x01, 0xff, 0x00, 
	0x00, 0x01, 0xff, 
	0x00, 0x00, 0x00, 
	0x00, 0x00, 0x00, 
	0x00, 0x00, 0x00, 
	0x00, 0x00, 0x00, 
	0x00, 0x00, 0x00, 
	0x00, 0x00, 0x00, 
	
	// ASCII: 75 "K" (27 pixels wide)
	0x00, 0x00, 0x00, 
	0x00, 0x00, 0x00, 
	0x00, 0x00, 0x00, 
	0x00, 0x00, 0x00, 
	0x00, 0x00, 0x00, 
	0x00, 0x00, 0x00, 
	0x00, 0x00, 0x00, 
	0x00, 0x00, 0x00, 
	0x00, 0x00, 0x00, 
	0x00, 0x00, 0x00, 
	0x00, 0x00, 0x00, 
	0x00, 0x00, 0x00, 
	0xf8, 0x00, 0x3e, 
	0x00, 0xf8, 0x00, 
	0x3e, 0x00, 0xf8, 
	0x00, 0x3e, 0x00, 
	0xf8, 0x00, 0x3e, 
	0x00, 0xf8, 0x07, 
	0xfe, 0x00, 0xf8, 
	0x07, 0xc0, 0x00, 
	0xf8, 0x07, 0xc0, 
	0x00, 0xf8, 0x07, 
	0xc0, 0x00, 0xf8, 
	0x07, 0xc0, 0x00, 
	0xf8, 0x7c, 0x00, 
	0x00, 0xf8, 0x7c, 
	0x00, 0x00, 0xf8, 
	0x7c, 0x00, 0x00, 
	0xf8, 0x7c, 0x00, 
	0x00, 0xff, 0xfc, 
	0x00, 0x00, 0xff, 
	0x80, 0x00, 0x00, 
	0xff, 0x80, 0x00, 
	0x00, 0xff, 0x80, 
	0x00, 0x00, 0xff, 
	0x80, 0x00, 0x00, 
	0xf8, 0x7c, 0x00, 
	0x00, 0xf8, 0x7c, 
	0x00, 0x00, 0xf8, 
	0x7c, 0x00, 0x00, 
	0xf8, 0x7c, 0x00, 
	0x00, 0xf8, 0x7c, 
	0x00, 0x00, 0xf8, 
	0x07, 0xc0, 0x00, 
	0xf8, 0x07, 0xc0, 
	0x00, 0xf8, 0x07, 
	0xc0, 0x00, 0xf8, 
	0x07, 0xc0, 0x00, 
	0xf8, 0x03, 0xfe, 
	0x00, 0xf8, 0x00, 
	0x3e, 0x00, 0xf8, 
	0x00, 0x3e, 0x00, 
	0xf8, 0x00, 0x3e, 
	0x00, 0xf8, 0x00, 
	0x3e, 0x00, 0x00, 
	0x00, 0x00, 0x00, 
	0x00, 0x00, 0x00, 
	0x00, 0x00, 0x00, 
	0x00, 0x00, 0x00, 
	0x00, 0x00, 0x00, 
	
	// ASCII: 76 "L" (27 pixels wide)
	0x00, 0x00, 0x00, 
	0x00, 0x00, 0x00, 
	0x00, 0x00, 0x00, 
	0x00, 0x00, 0x00, 
	0x00, 0x00, 0x00, 
	0x00, 0x00, 0x00, 
	0x00, 0x00, 0x00, 
	0x00, 0x00, 0x00, 
	0x00, 0x00, 0x00, 
	0x00, 0x00, 0x00, 
	0x00, 0x00, 0x00, 
	0x00, 0x00, 0x00, 
	0xf8, 0x00, 0x00, 
	0x00, 0xf8, 0x00, 
	0x00, 0x00, 0xf8, 
	0x00, 0x00, 0x00, 
	0xf8, 0x00, 0x00, 
	0x00, 0xf8, 0x00, 
	0x00, 0x00, 0xf8, 
	0x00, 0x00, 0x00, 
	0xf8, 0x00, 0x00, 
	0x00, 0xf8, 0x00, 
	0x00, 0x00, 0xf8, 
	0x00, 0x00, 0x00, 
	0xf8, 0x00, 0x00, 
	0x00, 0xf8, 0x00, 
	0x00, 0x00, 0xf8, 
	0x00, 0x00, 0x00, 
	0xf8, 0x00, 0x00, 
	0x00, 0xf8, 0x00, 
	0x00, 0x00, 0xf8, 
	0x00, 0x00, 0x00, 
	0xf8, 0x00, 0x00, 
	0x00, 0xf8, 0x00, 
	0x00, 0x00, 0xf8, 
	0x00, 0x00, 0x00, 
	0xf8, 0x00, 0x00, 
	0x00, 0xf8, 0x00, 
	0x00, 0x00, 0xf8, 
	0x00, 0x00, 0x00, 
	0xf8, 0x00, 0x00, 
	0x00, 0xf8, 0x00, 
	0x00, 0x00, 0xf8, 
	0x00, 0x00, 0x00, 
	0xf8, 0x00, 0x00, 
	0x00, 0xf8, 0x00, 
	0x00, 0x00, 0xf8, 
	0x00, 0x00, 0x00, 
	0xff, 0xff, 0xfe, 
	0x00, 0xff, 0xff, 
	0xfe, 0x00, 0xff, 
	0xff, 0xfe, 0x00, 
	0xff, 0xff, 0xfe, 
	0x00, 0xff, 0xff, 
	0xfe, 0x00, 0x00, 
	0x00, 0x00, 0x00, 
	0x00, 0x00, 0x00, 
	0x00, 0x00, 0x00, 
	0x00, 0x00, 0x00, 
	0x00, 0x00, 0x00, 
	
	// ASCII: 77 "M" (32 pixels wide)
	0x00, 0x00, 0x00, 
	0x00, 0x00, 0x00, 
	0x00, 0x00, 0x00, 
	0x00, 0x00, 0x00, 
	0x00, 0x00, 0x00, 
	0x00, 0x00, 0x00, 
	0x00, 0x00, 0x00, 
	0x00, 0x00, 0x00, 
	0x00, 0x00, 0x00, 
	0x00, 0x00, 0x00, 
	0x00, 0x00, 0x00, 
	0x00, 0x00, 0x00, 
	0xe0, 0x00, 0x00, 
	0x7c, 0xe0, 0x00, 
	0x00, 0x7c, 0xe0, 
	0x00, 0x00, 0x7c, 
	0xe0, 0x00, 0x00, 
	0x7c, 0xfe, 0x00, 
	0x0f, 0xfc, 0xfe, 
	0x00, 0x0f, 0xfc, 
	0xfe, 0x00, 0x0f, 
	0xfc, 0xfe, 0x00, 
	0x0f, 0xfc, 0xfe, 
	0x00, 0x0f, 0xfc, 
	0xe1, 0xf0, 0xf8, 
	0x7c, 0xe1, 0xf0, 
	0xf8, 0x7c, 0xe1, 
	0xf0, 0xf8, 0x7c, 
	0xe1, 0xf0, 0xf8, 
	0x7c, 0xe1, 0xff, 
	0xf8, 0x7c, 0xe0, 
	0x1f, 0x00, 0x7c, 
	0xe0, 0x1f, 0x00, 
	0x7c, 0xe0, 0x1f, 
	0x00, 0x7c, 0xe0, 
	0x1f, 0x00, 0x7c, 
	0xe0, 0x00, 0x00, 
	0x7c, 0xe0, 0x00, 
	0x00, 0x7c, 0xe0, 
	0x00, 0x00, 0x7c, 
	0xe0, 0x00, 0x00, 
	0x7c, 0xe0, 0x00, 
	0x00, 0x7c, 0xe0, 
	0x00, 0x00, 0x7c, 
	0xe0, 0x00, 0x00, 
	0x7c, 0xe0, 0x00, 
	0x00, 0x7c, 0xe0, 
	0x00, 0x00, 0x7c, 
	0xe0, 0x00, 0x00, 
	0x7c, 0xe0, 0x00, 
	0x00, 0x7c, 0xe0, 
	0x00, 0x00, 0x7c, 
	0xe0, 0x00, 0x00, 
	0x7c, 0xe0, 0x00, 
	0x00, 0x7c, 0x00, 
	0x00, 0x00, 0x00, 
	0x00, 0x00, 0x00, 
	0x00, 0x00, 0x00, 
	0x00, 0x00, 0x00, 
	0x00, 0x00, 0x00, 
	
	// ASCII: 78 "N" (32 pixels wide)
	0x00, 0x00, 0x00, 
	0x00, 0x00, 0x00, 
	0x00, 0x00, 0x00, 
	0x00, 0x00, 0x00, 
	0x00, 0x00, 0x00, 
	0x00, 0x00, 0x00, 
	0x00, 0x00, 0x00, 
	0x00, 0x00, 0x00, 
	0x00, 0x00, 0x00, 
	0x00, 0x00, 0x00, 
	0x00, 0x00, 0x00, 
	0x00, 0x00, 0x00, 
	0xff, 0x80, 0x01, 
	0xf0, 0xff, 0x80, 
	0x01, 0xf0, 0xff, 
	0x80, 0x01, 0xf0, 
	0xff, 0x80, 0x01, 
	0xf0, 0xff, 0x80, 
	0x01, 0xf0, 0xf8, 
	0x7c, 0x01, 0xf0, 
	0xf8, 0x7c, 0x01, 
	0xf0, 0xf8, 0x7c, 
	0x01, 0xf0, 0xf8, 
	0x7c, 0x01, 0xf0, 
	0xf8, 0x7c, 0x01, 
	0xf0, 0xf8, 0x7c, 
	0x01, 0xf0, 0xf8, 
	0x7c, 0x01, 0xf0, 
	0xf8, 0x7c, 0x01, 
	0xf0, 0xf8, 0x7c, 
	0x01, 0xf0, 0xf8, 
	0x07, 0xc1, 0xf0, 
	0xf8, 0x07, 0xc1, 
	0xf0, 0xf8, 0x07, 
	0xc1, 0xf0, 0xf8, 
	0x07, 0xc1, 0xf0, 
	0xf8, 0x07, 0xc1, 
	0xf0, 0xf8, 0x07, 
	0xc1, 0xf0, 0xf8, 
	0x07, 0xc1, 0xf0, 
	0xf8, 0x07, 0xc1, 
	0xf0, 0xf8, 0x07, 
	0xc1, 0xf0, 0xf8, 
	0x00, 0x3f, 0xf0, 
	0xf8, 0x00, 0x3f, 
	0xf0, 0xf8, 0x00, 
	0x3f, 0xf0, 0xf8, 
	0x00, 0x3f, 0xf0, 
	0xf8, 0x00, 0x3f, 
	0xf0, 0xf8, 0x00, 
	0x01, 0xf0, 0xf8, 
	0x00, 0x01, 0xf0, 
	0xf8, 0x00, 0x01, 
	0xf0, 0xf8, 0x00, 
	0x01, 0xf0, 0x00, 
	0x00, 0x00, 0x00, 
	0x00, 0x00, 0x00, 
	0x00, 0x00, 0x00, 
	0x00, 0x00, 0x00, 
	0x00, 0x00, 0x00, 
	
	// ASCII: 79 "O" (27 pixels wide)
	0x00, 0x00, 0x00, 
	0x00, 0x00, 0x00, 
	0x00, 0x00, 0x00, 
	0x00, 0x00, 0x00, 
	0x00, 0x00, 0x00, 
	0x00, 0x00, 0x00, 
	0x00, 0x00, 0x00, 
	0x00, 0x00, 0x00, 
	0x00, 0x00, 0x00, 
	0x00, 0x00, 0x00, 
	0x00, 0x00, 0x00, 
	0x00, 0x00, 0x00, 
	0x0f, 0xff, 0xc0, 
	0x00, 0x0f, 0xff, 
	0xc0, 0x00, 0x0f, 
	0xff, 0xc0, 0x00, 
	0x0f, 0xff, 0xc0, 
	0x00, 0xff, 0xff, 
	0xfe, 0x00, 0xf8, 
	0x00, 0x3e, 0x00, 
	0xf8, 0x00, 0x3e, 
	0x00, 0xf8, 0x00, 
	0x3e, 0x00, 0xf8, 
	0x00, 0x3e, 0x00, 
	0xf8, 0x00, 0x3e, 
	0x00, 0xf8, 0x00, 
	0x3e, 0x00, 0xf8, 
	0x00, 0x3e, 0x00, 
	0xf8, 0x00, 0x3e, 
	0x00, 0xf8, 0x00, 
	0x3e, 0x00, 0xf8, 
	0x00, 0x3e, 0x00, 
	0xf8, 0x00, 0x3e, 
	0x00, 0xf8, 0x00, 
	0x3e, 0x00, 0xf8, 
	0x00, 0x3e, 0x00, 
	0xf8, 0x00, 0x3e, 
	0x00, 0xf8, 0x00, 
	0x3e, 0x00, 0xf8, 
	0x00, 0x3e, 0x00, 
	0xf8, 0x00, 0x3e, 
	0x00, 0xf8, 0x00, 
	0x3e, 0x00, 0xf8, 
	0x00, 0x3e, 0x00, 
	0xf8, 0x00, 0x3e, 
	0x00, 0xf8, 0x00, 
	0x3e, 0x00, 0xf8, 
	0x00, 0x3e, 0x00, 
	0x0f, 0xff, 0xc0, 
	0x00, 0x0f, 0xff, 
	0xc0, 0x00, 0x0f, 
	0xff, 0xc0, 0x00, 
	0x0f, 0xff, 0xc0, 
	0x00, 0x0f, 0xff, 
	0xc0, 0x00, 0x00, 
	0x00, 0x00, 0x00, 
	0x00, 0x00, 0x00, 
	0x00, 0x00, 0x00, 
	0x00, 0x00, 0x00, 
	0x00, 0x00, 0x00, 
	
	// ASCII: 80 "P" (27 pixels wide)
	0x00, 0x00, 0x00, 
	0x00, 0x00, 0x00, 
	0x00, 0x00, 0x00, 
	0x00, 0x00, 0x00, 
	0x00, 0x00, 0x00, 
	0x00, 0x00, 0x00, 
	0x00, 0x00, 0x00, 
	0x00, 0x00, 0x00, 
	0x00, 0x00, 0x00, 
	0x00, 0x00, 0x00, 
	0x00, 0x00, 0x00, 
	0x00, 0x00, 0x00, 
	0xff, 0xff, 0xe0, 
	0x00, 0xff, 0xff, 
	0xe0, 0x00, 0xff, 
	0xff, 0xe0, 0x00, 
	0xff, 0xff, 0xe0, 
	0x00, 0xff, 0xff, 
	0xe0, 0x00, 0xf8, 
	0x00, 0x3e, 0x00, 
	0xf8, 0x00, 0x3e, 
	0x00, 0xf8, 0x00, 
	0x3e, 0x00, 0xf8, 
	0x00, 0x3e, 0x00, 
	0xf8, 0x00, 0x3e, 
	0x00, 0xf8, 0x00, 
	0x3e, 0x00, 0xf8, 
	0x00, 0x3e, 0x00, 
	0xf8, 0x00, 0x3e, 
	0x00, 0xff, 0xff, 
	0xfe, 0x00, 0xff, 
	0xff, 0xe0, 0x00, 
	0xff, 0xff, 0xe0, 
	0x00, 0xff, 0xff, 
	0xe0, 0x00, 0xff, 
	0xff, 0xe0, 0x00, 
	0xf8, 0x00, 0x00, 
	0x00, 0xf8, 0x00, 
	0x00, 0x00, 0xf8, 
	0x00, 0x00, 0x00, 
	0xf8, 0x00, 0x00, 
	0x00, 0xf8, 0x00, 
	0x00, 0x00, 0xf8, 
	0x00, 0x00, 0x00, 
	0xf8, 0x00, 0x00, 
	0x00, 0xf8, 0x00, 
	0x00, 0x00, 0xf8, 
	0x00, 0x00, 0x00, 
	0xf8, 0x00, 0x00, 
	0x00, 0xf8, 0x00, 
	0x00, 0x00, 0xf8, 
	0x00, 0x00, 0x00, 
	0xf8, 0x00, 0x00, 
	0x00, 0xf8, 0x00, 
	0x00, 0x00, 0x00, 
	0x00, 0x00, 0x00, 
	0x00, 0x00, 0x00, 
	0x00, 0x00, 0x00, 
	0x00, 0x00, 0x00, 
	0x00, 0x00, 0x00, 
	
	// ASCII: 81 "Q" (27 pixels wide)
	0x00, 0x00, 0x00, 
	0x00, 0x00, 0x00, 
	0x00, 0x00, 0x00, 
	0x00, 0x00, 0x00, 
	0x00, 0x00, 0x00, 
	0x00, 0x00, 0x00, 
	0x00, 0x00, 0x00, 
	0x00, 0x00, 0x00, 
	0x00, 0x00, 0x00, 
	0x00, 0x00, 0x00, 
	0x00, 0x00, 0x00, 
	0x00, 0x00, 0x00, 
	0x07, 0xff, 0xc0, 
	0x00, 0x07, 0xff, 
	0xc0, 0x00, 0x07, 
	0xff, 0xc0, 0x00, 
	0x07, 0xff, 0xc0, 
	0x00, 0xf7, 0xff, 
	0xde, 0x00, 0xf8, 
	0x00, 0x3e, 0x00, 
	0xf8, 0x00, 0x3e, 
	0x00, 0xf8, 0x00, 
	0x3e, 0x00, 0xf8, 
	0x00, 0x3e, 0x00, 
	0xf8, 0x00, 0x3e, 
	0x00, 0xf8, 0x00, 
	0x3e, 0x00, 0xf8, 
	0x00, 0x3e, 0x00, 
	0xf8, 0x00, 0x3e, 
	0x00, 0xf8, 0x00, 
	0x3e, 0x00, 0xf8, 
	0x00, 0x3e, 0x00, 
	0xf8, 0x00, 0x3e, 
	0x00, 0xf8, 0x00, 
	0x3e, 0x00, 0xf8, 
	0x00, 0x3e, 0x00, 
	0xf8, 0x7c, 0x3e, 
	0x00, 0xf8, 0x7c, 
	0x3e, 0x00, 0xf8, 
	0x7c, 0x3e, 0x00, 
	0xf8, 0x7c, 0x3e, 
	0x00, 0xf8, 0x7c, 
	0x3e, 0x00, 0xf8, 
	0x03, 0xc0, 0x00, 
	0xf8, 0x03, 0xc0, 
	0x00, 0xf8, 0x03, 
	0xc0, 0x00, 0xf8, 
	0x03, 0xc0, 0x00, 
	0xf7, 0xff, 0xfe, 
	0x00, 0x07, 0xfc, 
	0x3e, 0x00, 0x07, 
	0xfc, 0x3e, 0x00, 
	0x07, 0xfc, 0x3e, 
	0x00, 0x07, 0xfc, 
	0x3e, 0x00, 0x00, 
	0x00, 0x00, 0x00, 
	0x00, 0x00, 0x00, 
	0x00, 0x00, 0x00, 
	0x00, 0x00, 0x00, 
	0x00, 0x00, 0x00, 
	
	// ASCII: 82 "R" (27 pixels wide)
	0x00, 0x00, 0x00, 
	0x00, 0x00, 0x00, 
	0x00, 0x00, 0x00, 
	0x00, 0x00, 0x00, 
	0x00, 0x00, 0x00, 
	0x00, 0x00, 0x00, 
	0x00, 0x00, 0x00, 
	0x00, 0x00, 0x00, 
	0x00, 0x00, 0x00, 
	0x00, 0x00, 0x00, 
	0x00, 0x00, 0x00, 
	0x00, 0x00, 0x00, 
	0xff, 0xff, 0xc0, 
	0x00, 0xff, 0xff, 
	0xc0, 0x00, 0xff, 
	0xff, 0xc0, 0x00, 
	0xff, 0xff, 0xc0, 
	0x00, 0xff, 0xff, 
	0xc0, 0x00, 0xf8, 
	0x00, 0x3e, 0x00, 
	0xf8, 0x00, 0x3e, 
	0x00, 0xf8, 0x00, 
	0x3e, 0x00, 0xf8, 
	0x00, 0x3e, 0x00, 
	0xf8, 0x00, 0x3e, 
	0x00, 0xf8, 0x00, 
	0x3e, 0x00, 0xf8, 
	0x00, 0x3e, 0x00, 
	0xf8, 0x00, 0x3e, 
	0x00, 0xff, 0xff, 
	0xde, 0x00, 0xff, 
	0xff, 0xc0, 0x00, 
	0xff, 0xff, 0xc0, 
	0x00, 0xff, 0xff, 
	0xc0, 0x00, 0xff, 
	0xff, 0xc0, 0x00, 
	0xf8, 0x7c, 0x00, 
	0x00, 0xf8, 0x7c, 
	0x00, 0x00, 0xf8, 
	0x7c, 0x00, 0x00, 
	0xf8, 0x7c, 0x00, 
	0x00, 0xf8, 0x7c, 
	0x00, 0x00, 0xf8, 
	0x07, 0xc0, 0x00, 
	0xf8, 0x07, 0xc0, 
	0x00, 0xf8, 0x07, 
	0xc0, 0x00, 0xf8, 
	0x07, 0xc0, 0x00, 
	0xf8, 0x03, 0xfe, 
	0x00, 0xf8, 0x00, 
	0x3e, 0x00, 0xf8, 
	0x00, 0x3e, 0x00, 
	0xf8, 0x00, 0x3e, 
	0x00, 0xf8, 0x00, 
	0x3e, 0x00, 0x00, 
	0x00, 0x00, 0x00, 
	0x00, 0x00, 0x00, 
	0x00, 0x00, 0x00, 
	0x00, 0x00, 0x00, 
	0x00, 0x00, 0x00, 
	
	// ASCII: 83 "S" (27 pixels wide)
	0x00, 0x00, 0x00, 
	0x00, 0x00, 0x00, 
	0x00, 0x00, 0x00, 
	0x00, 0x00, 0x00, 
	0x00, 0x00, 0x00, 
	0x00, 0x00, 0x00, 
	0x00, 0x00, 0x00, 
	0x00, 0x00, 0x00, 
	0x00, 0x00, 0x00, 
	0x00, 0x00, 0x00, 
	0x00, 0x00, 0x00, 
	0x00, 0x00, 0x00, 
	0x0f, 0xff, 0xc0, 
	0x00, 0x0f, 0xff, 
	0xc0, 0x00, 0x0f, 
	0xff, 0xc0, 0x00, 
	0x0f, 0xff, 0xc0, 
	0x00, 0x0f, 0xff, 
	0xc0, 0x00, 0xf8, 
	0x00, 0x3e, 0x00, 
	0xf8, 0x00, 0x3e, 
	0x00, 0xf8, 0x00, 
	0x3e, 0x00, 0xf8, 
	0x00, 0x3e, 0x00, 
	0xf8, 0x00, 0x3e, 
	0x00, 0xf8, 0x00, 
	0x00, 0x00, 0xf8, 
	0x00, 0x00, 0x00, 
	0xf8, 0x00, 0x00, 
	0x00, 0xff, 0xff, 
	0xc0, 0x00, 0x0f, 
	0xff, 0xc0, 0x00, 
	0x0f, 0xff, 0xc0, 
	0x00, 0x0f, 0xff, 
	0xc0, 0x00, 0x0f, 
	0xff, 0xc0, 0x00, 
	0x00, 0x00, 0x3e, 
	0x00, 0x00, 0x00, 
	0x3e, 0x00, 0x00, 
	0x00, 0x3e, 0x00, 
	0x00, 0x00, 0x3e, 
	0x00, 0x00, 0x00, 
	0x3e, 0x00, 0xf8, 
	0x00, 0x3e, 0x00, 
	0xf8, 0x00, 0x3e, 
	0x00, 0xf8, 0x00, 
	0x3e, 0x00, 0xf8, 
	0x00, 0x3e, 0x00, 
	0xff, 0xff, 0xde, 
	0x00, 0x0f, 0xff, 
	0xc0, 0x00, 0x0f, 
	0xff, 0xc0, 0x00, 
	0x0f, 0xff, 0xc0, 
	0x00, 0x0f, 0xff, 
	0xc0, 0x00, 0x00, 
	0x00, 0x00, 0x00, 
	0x00, 0x00, 0x00, 
	0x00, 0x00, 0x00, 
	0x00, 0x00, 0x00, 
	0x00, 0x00, 0x00, 
	
	// ASCII: 84 "T" (27 pixels wide)
	0x00, 0x00, 0x00, 
	0x00, 0x00, 0x00, 
	0x00, 0x00, 0x00, 
	0x00, 0x00, 0x00, 
	0x00, 0x00, 0x00, 
	0x00, 0x00, 0x00, 
	0x00, 0x00, 0x00, 
	0x00, 0x00, 0x00, 
	0x00, 0x00, 0x00, 
	0x00, 0x00, 0x00, 
	0x00, 0x00, 0x00, 
	0x00, 0x00, 0x00, 
	0xff, 0xff, 0xfe, 
	0x00, 0xff, 0xff, 
	0xfe, 0x00, 0xff, 
	0xff, 0xfe, 0x00, 
	0xff, 0xff, 0xfe, 
	0x00, 0xff, 0xff, 
	0xfe, 0x00, 0x00, 
	0x7c, 0x00, 0x00, 
	0x00, 0x7c, 0x00, 
	0x00, 0x00, 0x7c, 
	0x00, 0x00, 0x00, 
	0x7c, 0x00, 0x00, 
	0x00, 0x7c, 0x00, 
	0x00, 0x00, 0x7c, 
	0x00, 0x00, 0x00, 
	0x7c, 0x00, 0x00, 
	0x00, 0x7c, 0x00, 
	0x00, 0x00, 0x7c, 
	0x00, 0x00, 0x00, 
	0x7c, 0x00, 0x00, 
	0x00, 0x7c, 0x00, 
	0x00, 0x00, 0x7c, 
	0x00, 0x00, 0x00, 
	0x7c, 0x00, 0x00, 
	0x00, 0x7c, 0x00, 
	0x00, 0x00, 0x7c, 
	0x00, 0x00, 0x00, 
	0x7c, 0x00, 0x00, 
	0x00, 0x7c, 0x00, 
	0x00, 0x00, 0x7c, 
	0x00, 0x00, 0x00, 
	0x7c, 0x00, 0x00, 
	0x00, 0x7c, 0x00, 
	0x00, 0x00, 0x7c, 
	0x00, 0x00, 0x00, 
	0x7c, 0x00, 0x00, 
	0x00, 0x7c, 0x00, 
	0x00, 0x00, 0x7c, 
	0x00, 0x00, 0x00, 
	0x7c, 0x00, 0x00, 
	0x00, 0x7c, 0x00, 
	0x00, 0x00, 0x7c, 
	0x00, 0x00, 0x00, 
	0x00, 0x00, 0x00, 
	0x00, 0x00, 0x00, 
	0x00, 0x00, 0x00, 
	0x00, 0x00, 0x00, 
	0x00, 0x00, 0x00, 
	
	// ASCII: 85 "U" (27 pixels wide)
	0x00, 0x00, 0x00, 
	0x00, 0x00, 0x00, 
	0x00, 0x00, 0x00, 
	0x00, 0x00, 0x00, 
	0x00, 0x00, 0x00, 
	0x00, 0x00, 0x00, 
	0x00, 0x00, 0x00, 
	0x00, 0x00, 0x00, 
	0x00, 0x00, 0x00, 
	0x00, 0x00, 0x00, 
	0x00, 0x00, 0x00, 
	0x00, 0x00, 0x00, 
	0xf8, 0x00, 0x3e, 
	0x00, 0xf8, 0x00, 
	0x3e, 0x00, 0xf8, 
	0x00, 0x3e, 0x00, 
	0xf8, 0x00, 0x3e, 
	0x00, 0xf8, 0x00, 
	0x3e, 0x00, 0xf8, 
	0x00, 0x3e, 0x00, 
	0xf8, 0x00, 0x3e, 
	0x00, 0xf8, 0x00, 
	0x3e, 0x00, 0xf8, 
	0x00, 0x3e, 0x00, 
	0xf8, 0x00, 0x3e, 
	0x00, 0xf8, 0x00, 
	0x3e, 0x00, 0xf8, 
	0x00, 0x3e, 0x00, 
	0xf8, 0x00, 0x3e, 
	0x00, 0xf8, 0x00, 
	0x3e, 0x00, 0xf8, 
	0x00, 0x3e, 0x00, 
	0xf8, 0x00, 0x3e, 
	0x00, 0xf8, 0x00, 
	0x3e, 0x00, 0xf8, 
	0x00, 0x3e, 0x00, 
	0xf8, 0x00, 0x3e, 
	0x00, 0xf8, 0x00, 
	0x3e, 0x00, 0xf8, 
	0x00, 0x3e, 0x00, 
	0xf8, 0x00, 0x3e, 
	0x00, 0xf8, 0x00, 
	0x3e, 0x00, 0xf8, 
	0x00, 0x3e, 0x00, 
	0xf8, 0x00, 0x3e, 
	0x00, 0xf8, 0x00, 
	0x3e, 0x00, 0xf8, 
	0x00, 0x3e, 0x00, 
	0xff, 0xff, 0xfe, 
	0x00, 0x0f, 0xff, 
	0xc0, 0x00, 0x0f, 
	0xff, 0xc0, 0x00, 
	0x0f, 0xff, 0xc0, 
	0x00, 0x0f, 0xff, 
	0xc0, 0x00, 0x00, 
	0x00, 0x00, 0x00, 
	0x00, 0x00, 0x00, 
	0x00, 0x00, 0x00, 
	0x00, 0x00, 0x00, 
	0x00, 0x00, 0x00, 
	
	// ASCII: 86 "V" (27 pixels wide)
	0x00, 0x00, 0x00, 
	0x00, 0x00, 0x00, 
	0x00, 0x00, 0x00, 
	0x00, 0x00, 0x00, 
	0x00, 0x00, 0x00, 
	0x00, 0x00, 0x00, 
	0x00, 0x00, 0x00, 
	0x00, 0x00, 0x00, 
	0x00, 0x00, 0x00, 
	0x00, 0x00, 0x00, 
	0x00, 0x00, 0x00, 
	0x00, 0x00, 0x00, 
	0xf8, 0x00, 0x3e, 
	0x00, 0xf8, 0x00, 
	0x3e, 0x00, 0xf8, 
	0x00, 0x3e, 0x00, 
	0xf8, 0x00, 0x3e, 
	0x00, 0xf8, 0x00, 
	0x3e, 0x00, 0xf8, 
	0x00, 0x3e, 0x00, 
	0xf8, 0x00, 0x3e, 
	0x00, 0xf8, 0x00, 
	0x3e, 0x00, 0xf8, 
	0x00, 0x3e, 0x00, 
	0xf8, 0x00, 0x3e, 
	0x00, 0xf8, 0x00, 
	0x3e, 0x00, 0xf8, 
	0x00, 0x3e, 0x00, 
	0xf8, 0x00, 0x3e, 
	0x00, 0xf8, 0x00, 
	0x3e, 0x00, 0x0f, 
	0x87, 0xc0, 0x00, 
	0x0f, 0x87, 0xc0, 
	0x00, 0x0f, 0x87, 
	0xc0, 0x00, 0x0f, 
	0x87, 0xc0, 0x00, 
	0x0f, 0x87, 0xc0, 
	0x00, 0x0f, 0x87, 
	0xc0, 0x00, 0x0f, 
	0x87, 0xc0, 0x00, 
	0x0f, 0x87, 0xc0, 
	0x00, 0x0f, 0x87, 
	0xc0, 0x00, 0x00, 
	0x7c, 0x00, 0x00, 
	0x00, 0x7c, 0x00, 
	0x00, 0x00, 0x7c, 
	0x00, 0x00, 0x00, 
	0x7c, 0x00, 0x00, 
	0x00, 0x7c, 0x00, 
	0x00, 0x00, 0x7c, 
	0x00, 0x00, 0x00, 
	0x7c, 0x00, 0x00, 
	0x00, 0x7c, 0x00, 
	0x00, 0x00, 0x7c, 
	0x00, 0x00, 0x00, 
	0x00, 0x00, 0x00, 
	0x00, 0x00, 0x00, 
	0x00, 0x00, 0x00, 
	0x00, 0x00, 0x00, 
	0x00, 0x00, 0x00, 
	
	// ASCII: 87 "W" (32 pixels wide)
	0x00, 0x00, 0x00, 
	0x00, 0x00, 0x00, 
	0x00, 0x00, 0x00, 
	0x00, 0x00, 0x00, 
	0x00, 0x00, 0x00, 
	0x00, 0x00, 0x00, 
	0x00, 0x00, 0x00, 
	0x00, 0x00, 0x00, 
	0x00, 0x00, 0x00, 
	0x00, 0x00, 0x00, 
	0x00, 0x00, 0x00, 
	0x00, 0x00, 0x00, 
	0xe0, 0x00, 0x00, 
	0x7c, 0xe0, 0x00, 
	0x00, 0x7c, 0xe0, 
	0x00, 0x00, 0x7c, 
	0xe0, 0x00, 0x00, 
	0x7c, 0xe0, 0x00, 
	0x00, 0x7c, 0xe0, 
	0x1f, 0x00, 0x7c, 
	0xe0, 0x1f, 0x00, 
	0x7c, 0xe0, 0x1f, 
	0x00, 0x7c, 0xe0, 
	0x1f, 0x00, 0x7c, 
	0xe0, 0x1f, 0x00, 
	0x7c, 0xe0, 0x1f, 
	0x00, 0x7c, 0xe0, 
	0x1f, 0x00, 0x7c, 
	0xe0, 0x1f, 0x00, 
	0x7c, 0xe0, 0x1f, 
	0x00, 0x7c, 0xe1, 
	0xf0, 0xf8, 0x7c, 
	0xe1, 0xf0, 0xf8, 
	0x7c, 0xe1, 0xf0, 
	0xf8, 0x7c, 0xe1, 
	0xf0, 0xf8, 0x7c, 
	0xe1, 0xf0, 0xf8, 
	0x7c, 0xe1, 0xf0, 
	0xf8, 0x7c, 0xe1, 
	0xf0, 0xf8, 0x7c, 
	0xe1, 0xf0, 0xf8, 
	0x7c, 0xe1, 0xf0, 
	0xf8, 0x7c, 0x3e, 
	0x00, 0x07, 0xc0, 
	0x3e, 0x00, 0x07, 
	0xc0, 0x3e, 0x00, 
	0x07, 0xc0, 0x3e, 
	0x00, 0x07, 0xc0, 
	0x3e, 0x00, 0x07, 
	0xc0, 0x3e, 0x00, 
	0x07, 0xc0, 0x3e, 
	0x00, 0x07, 0xc0, 
	0x3e, 0x00, 0x07, 
	0xc0, 0x3e, 0x00, 
	0x07, 0xc0, 0x00, 
	0x00, 0x00, 0x00, 
	0x00, 0x00, 0x00, 
	0x00, 0x00, 0x00, 
	0x00, 0x00, 0x00, 
	0x00, 0x00, 0x00, 
	
	// ASCII: 88 "X" (27 pixels wide)
	0x00, 0x00, 0x00, 
	0x00, 0x00, 0x00, 
	0x00, 0x00, 0x00, 
	0x00, 0x00, 0x00, 
	0x00, 0x00, 0x00, 
	0x00, 0x00, 0x00, 
	0x00, 0x00, 0x00, 
	0x00, 0x00, 0x00, 
	0x00, 0x00, 0x00, 
	0x00, 0x00, 0x00, 
	0x00, 0x00, 0x00, 
	0x00, 0x00, 0x00, 
	0xf8, 0x00, 0x3e, 
	0x00, 0xf8, 0x00, 
	0x3e, 0x00, 0xf8, 
	0x00, 0x3e, 0x00, 
	0xf8, 0x00, 0x3e, 
	0x00, 0xf8, 0x00, 
	0x3e, 0x00, 0xf8, 
	0x00, 0x3e, 0x00, 
	0xf8, 0x00, 0x3e, 
	0x00, 0xf8, 0x00, 
	0x3e, 0x00, 0xf8, 
	0x00, 0x3e, 0x00, 
	0x0f, 0x87, 0xc0, 
	0x00, 0x0f, 0x87, 
	0xc0, 0x00, 0x0f, 
	0x87, 0xc0, 0x00, 
	0x0f, 0x87, 0xc0, 
	0x00, 0x0f, 0xff, 
	0xc0, 0x00, 0x00, 
	0x7c, 0x00, 0x00, 
	0x00, 0x7c, 0x00, 
	0x00, 0x00, 0x7c, 
	0x00, 0x00, 0x00, 
	0x7c, 0x00, 0x00, 
	0x0f, 0x87, 0xc0, 
	0x00, 0x0f, 0x87, 
	0xc0, 0x00, 0x0f, 
	0x87, 0xc0, 0x00, 
	0x0f, 0x87, 0xc0, 
	0x00, 0x0f, 0x87, 
	0xc0, 0x00, 0xf8, 
	0x00, 0x3e, 0x00, 
	0xf8, 0x00, 0x3e, 
	0x00, 0xf8, 0x00, 
	0x3e, 0x00, 0xf8, 
	0x00, 0x3e, 0x00, 
	0xf8, 0x00, 0x3e, 
	0x00, 0xf8, 0x00, 
	0x3e, 0x00, 0xf8, 
	0x00, 0x3e, 0x00, 
	0xf8, 0x00, 0x3e, 
	0x00, 0xf8, 0x00, 
	0x3e, 0x00, 0x00, 
	0x00, 0x00, 0x00, 
	0x00, 0x00, 0x00, 
	0x00, 0x00, 0x00, 
	0x00, 0x00, 0x00, 
	0x00, 0x00, 0x00, 
	
	// ASCII: 89 "Y" (27 pixels wide)
	0x00, 0x00, 0x00, 
	0x00, 0x00, 0x00, 
	0x00, 0x00, 0x00, 
	0x00, 0x00, 0x00, 
	0x00, 0x00, 0x00, 
	0x00, 0x00, 0x00, 
	0x00, 0x00, 0x00, 
	0x00, 0x00, 0x00, 
	0x00, 0x00, 0x00, 
	0x00, 0x00, 0x00, 
	0x00, 0x00, 0x00, 
	0x00, 0x00, 0x00, 
	0xf8, 0x00, 0x3e, 
	0x00, 0xf8, 0x00, 
	0x3e, 0x00, 0xf8, 
	0x00, 0x3e, 0x00, 
	0xf8, 0x00, 0x3e, 
	0x00, 0xf8, 0x00, 
	0x3e, 0x00, 0xf8, 
	0x00, 0x3e, 0x00, 
	0xf8, 0x00, 0x3e, 
	0x00, 0xf8, 0x00, 
	0x3e, 0x00, 0xf8, 
	0x00, 0x3e, 0x00, 
	0xf8, 0x00, 0x3e, 
	0x00, 0xf8, 0x00, 
	0x3e, 0x00, 0xf8, 
	0x00, 0x3e, 0x00, 
	0xf8, 0x00, 0x3e, 
	0x00, 0xff, 0xff, 
	0xfe, 0x00, 0x0f, 
	0xff, 0xc0, 0x00, 
	0x0f, 0xff, 0xc0, 
	0x00, 0x0f, 0xff, 
	0xc0, 0x00, 0x0f, 
	0xff, 0xc0, 0x00, 
	0x00, 0x7c, 0x00, 
	0x00, 0x00, 0x7c, 
	0x00, 0x00, 0x00, 
	0x7c, 0x00, 0x00, 
	0x00, 0x7c, 0x00, 
	0x00, 0x00, 0x7c, 
	0x00, 0x00, 0x00, 
	0x7c, 0x00, 0x00, 
	0x00, 0x7c, 0x00, 
	0x00, 0x00, 0x7c, 
	0x00, 0x00, 0x00, 
	0x7c, 0x00, 0x00, 
	0x00, 0x7c, 0x00, 
	0x00, 0x00, 0x7c, 
	0x00, 0x00, 0x00, 
	0x7c, 0x00, 0x00, 
	0x00, 0x7c, 0x00, 
	0x00, 0x00, 0x7c, 
	0x00, 0x00, 0x00, 
	0x00, 0x00, 0x00, 
	0x00, 0x00, 0x00, 
	0x00, 0x00, 0x00, 
	0x00, 0x00, 0x00, 
	0x00, 0x00, 0x00, 
	
	// ASCII: 90 "Z" (27 pixels wide)
	0x00, 0x00, 0x00, 
	0x00, 0x00, 0x00, 
	0x00, 0x00, 0x00, 
	0x00, 0x00, 0x00, 
	0x00, 0x00, 0x00, 
	0x00, 0x00, 0x00, 
	0x00, 0x00, 0x00, 
	0x00, 0x00, 0x00, 
	0x00, 0x00, 0x00, 
	0x00, 0x00, 0x00, 
	0x00, 0x00, 0x00, 
	0x00, 0x00, 0x00, 
	0xff, 0xff, 0xfe, 
	0x00, 0xff, 0xff, 
	0xfe, 0x00, 0xff, 
	0xff, 0xfe, 0x00, 
	0xff, 0xff, 0xfe, 
	0x00, 0xff, 0xff, 
	0xfe, 0x00, 0x00, 
	0x00, 0x3e, 0x00, 
	0x00, 0x00, 0x3e, 
	0x00, 0x00, 0x00, 
	0x3e, 0x00, 0x00, 
	0x00, 0x3e, 0x00, 
	0x00, 0x07, 0xc0, 
	0x00, 0x00, 0x07, 
	0xc0, 0x00, 0x00, 
	0x07, 0xc0, 0x00, 
	0x00, 0x07, 0xc0, 
	0x00, 0x00, 0x7f, 
	0xc0, 0x00, 0x00, 
	0x7c, 0x00, 0x00, 
	0x00, 0x7c, 0x00, 
	0x00, 0x00, 0x7c, 
	0x00, 0x00, 0x00, 
	0x7c, 0x00, 0x00, 
	0x0f, 0x80, 0x00, 
	0x00, 0x0f, 0x80, 
	0x00, 0x00, 0x0f, 
	0x80, 0x00, 0x00, 
	0x0f, 0x80, 0x00, 
	0x00, 0xff, 0x80, 
	0x00, 0x00, 0xf8, 
	0x00, 0x00, 0x00, 
	0xf8, 0x00, 0x00, 
	0x00, 0xf8, 0x00, 
	0x00, 0x00, 0xf8, 
	0x00, 0x00, 0x00, 
	0xff, 0xff, 0xfe, 
	0x00, 0xff, 0xff, 
	0xfe, 0x00, 0xff, 
	0xff, 0xfe, 0x00, 
	0xff, 0xff, 0xfe, 
	0x00, 0xff, 0xff, 
	0xfe, 0x00, 0x00, 
	0x00, 0x00, 0x00, 
	0x00, 0x00, 0x00, 
	0x00, 0x00, 0x00, 
	0x00, 0x00, 0x00, 
	0x00, 0x00, 0x00, 
	
	// ASCII: 91 "[" (27 pixels wide)
	0x00, 0x00, 0x00, 
	0x00, 0x00, 0x00, 
	0x00, 0x00, 0x00, 
	0x00, 0x00, 0x00, 
	0x00, 0x00, 0x00, 
	0x00, 0x00, 0x00, 
	0x00, 0x00, 0x00, 
	0x00, 0x00, 0x00, 
	0x00, 0x00, 0x00, 
	0x00, 0x00, 0x00, 
	0x00, 0x00, 0x00, 
	0x00, 0x00, 0x00, 
	0x0f, 0xff, 0xc0, 
	0x00, 0x0f, 0xff, 
	0xc0, 0x00, 0x0f, 
	0xff, 0xc0, 0x00, 
	0x0f, 0xff, 0xc0, 
	0x00, 0x0f, 0xff, 
	0xc0, 0x00, 0x0f, 
	0x80, 0x00, 0x00, 
	0x0f, 0x80, 0x00, 
	0x00, 0x0f, 0x80, 
	0x00, 0x00, 0x0f, 
	0x80, 0x00, 0x00, 
	0x0f, 0x80, 0x00, 
	0x00, 0x0f, 0x80, 
	0x00, 0x00, 0x0f, 
	0x80, 0x00, 0x00, 
	0x0f, 0x80, 0x00, 
	0x00, 0x0f, 0x80, 
	0x00, 0x00, 0x0f, 
	0x80, 0x00, 0x00, 
	0x0f, 0x80, 0x00, 
	0x00, 0x0f, 0x80, 
	0x00, 0x00, 0x0f, 
	0x80, 0x00, 0x00, 
	0x0f, 0x80, 0x00, 
	0x00, 0x0f, 0x80, 
	0x00, 0x00, 0x0f, 
	0x80, 0x00, 0x00, 
	0x0f, 0x80, 0x00, 
	0x00, 0x0f, 0x80, 
	0x00, 0x00, 0x0f, 
	0x80, 0x00, 0x00, 
	0x0f, 0x80, 0x00, 
	0x00, 0x0f, 0x80, 
	0x00, 0x00, 0x0f, 
	0x80, 0x00, 0x00, 
	0x0f, 0x80, 0x00, 
	0x00, 0x0f, 0x80, 
	0x00, 0x00, 0x0f, 
	0x80, 0x00, 0x00, 
	0x0f, 0x80, 0x00, 
	0x00, 0x0f, 0x80, 
	0x00, 0x00, 0x0f, 
	0xff, 0xc0, 0x00, 
	0x0f, 0xff, 0xc0, 
	0x00, 0x0f, 0xff, 
	0xc0, 0x00, 0x0f, 
	0xff, 0xc0, 0x00, 
	
	// ASCII: 92 "\" (27 pixels wide)
	0x00, 0x00, 0x00, 
	0x00, 0x00, 0x00, 
	0x00, 0x00, 0x00, 
	0x00, 0x00, 0x00, 
	0x00, 0x00, 0x00, 
	0x00, 0x00, 0x00, 
	0x00, 0x00, 0x00, 
	0x00, 0x00, 0x00, 
	0x00, 0x00, 0x00, 
	0x00, 0x00, 0x00, 
	0x00, 0x00, 0x00, 
	0x00, 0x00, 0x00, 
	0xf8, 0x00, 0x00, 
	0x00, 0xf8, 0x00, 
	0x00, 0x00, 0xf8, 
	0x00, 0x00, 0x00, 
	0xf8, 0x00, 0x00, 
	0x00, 0xf8, 0x00, 
	0x00, 0x00, 0xf8, 
	0x00, 0x00, 0x00, 
	0xf8, 0x00, 0x00, 
	0x00, 0xf8, 0x00, 
	0x00, 0x00, 0xf8, 
	0x00, 0x00, 0x00, 
	0x0f, 0x80, 0x00, 
	0x00, 0x0f, 0x80, 
	0x00, 0x00, 0x0f, 
	0x80, 0x00, 0x00, 
	0x0f, 0x80, 0x00, 
	0x00, 0x0f, 0xfc, 
	0x00, 0x00, 0x00, 
	0x7c, 0x00, 0x00, 
	0x00, 0x7c, 0x00, 
	0x00, 0x00, 0x7c, 
	0x00, 0x00, 0x00, 
	0x7c, 0x00, 0x00, 
	0x00, 0x07, 0xc0, 
	0x00, 0x00, 0x07, 
	0xc0, 0x00, 0x00, 
	0x07, 0xc0, 0x00, 
	0x00, 0x07, 0xc0, 
	0x00, 0x00, 0x07, 
	0xc0, 0x00, 0x00, 
	0x00, 0x3e, 0x00, 
	0x00, 0x00, 0x3e, 
	0x00, 0x00, 0x00, 
	0x3e, 0x00, 0x00, 
	0x00, 0x3e, 0x00, 
	0x00, 0x00, 0x3e, 
	0x00, 0x00, 0x00, 
	0x3e, 0x00, 0x00, 
	0x00, 0x3e, 0x00, 
	0x00, 0x00, 0x3e, 
	0x00, 0x00, 0x00, 
	0x3e, 0x00, 0x00, 
	0x00, 0x00, 0x00, 
	0x00, 0x00, 0x00, 
	0x00, 0x00, 0x00, 
	0x00, 0x00, 0x00, 
	0x00, 0x00, 0x00, 
	
	// ASCII: 93 "]" (27 pixels wide)
	0x00, 0x00, 0x00, 
	0x00, 0x00, 0x00, 
	0x00, 0x00, 0x00, 
	0x00, 0x00, 0x00, 
	0x00, 0x00, 0x00, 
	0x00, 0x00, 0x00, 
	0x00, 0x00, 0x00, 
	0x00, 0x00, 0x00, 
	0x00, 0x00, 0x00, 
	0x00, 0x00, 0x00, 
	0x00, 0x00, 0x00, 
	0x00, 0x00, 0x00, 
	0x0f, 0xff, 0xc0, 
	0x00, 0x0f, 0xff, 
	0xc0, 0x00, 0x0f, 
	0xff, 0xc0, 0x00, 
	0x0f, 0xff, 0xc0, 
	0x00, 0x0f, 0xff, 
	0xc0, 0x00, 0x00, 
	0x07, 0xc0, 0x00, 
	0x00, 0x07, 0xc0, 
	0x00, 0x00, 0x07, 
	0xc0, 0x00, 0x00, 
	0x07, 0xc0, 0x00, 
	0x00, 0x07, 0xc0, 
	0x00, 0x00, 0x07, 
	0xc0, 0x00, 0x00, 
	0x07, 0xc0, 0x00, 
	0x00, 0x07, 0xc0, 
	0x00, 0x00, 0x07, 
	0xc0, 0x00, 0x00, 
	0x07, 0xc0, 0x00, 
	0x00, 0x07, 0xc0, 
	0x00, 0x00, 0x07, 
	0xc0, 0x00, 0x00, 
	0x07, 0xc0, 0x00, 
	0x00, 0x07, 0xc0, 
	0x00, 0x00, 0x07, 
	0xc0, 0x00, 0x00, 
	0x07, 0xc0, 0x00, 
	0x00, 0x07, 0xc0, 
	0x00, 0x00, 0x07, 
	0xc0, 0x00, 0x00, 
	0x07, 0xc0, 0x00, 
	0x00, 0x07, 0xc0, 
	0x00, 0x00, 0x07, 
	0xc0, 0x00, 0x00, 
	0x07, 0xc0, 0x00, 
	0x00, 0x07, 0xc0, 
	0x00, 0x00, 0x07, 
	0xc0, 0x00, 0x00, 
	0x07, 0xc0, 0x00, 
	0x00, 0x07, 0xc0, 
	0x00, 0x00, 0x07, 
	0xc0, 0x00, 0x0f, 
	0xff, 0xc0, 0x00, 
	0x0f, 0xff, 0xc0, 
	0x00, 0x0f, 0xff, 
	0xc0, 0x00, 0x0f, 
	0xff, 0xc0, 0x00, 
	
	// ASCII: 94 "^" (27 pixels wide)
	0x00, 0x00, 0x00, 
	0x00, 0x00, 0x00, 
	0x00, 0x00, 0x00, 
	0x00, 0x00, 0x00, 
	0x00, 0x00, 0x00, 
	0x00, 0x00, 0x00, 
	0x00, 0x00, 0x00, 
	0x00, 0x00, 0x00, 
	0x00, 0x00, 0x00, 
	0x00, 0x00, 0x00, 
	0x00, 0x00, 0x00, 
	0x00, 0x00, 0x00, 
	0x00, 0x7c, 0x00, 
	0x00, 0x00, 0x7c, 
	0x00, 0x00, 0x00, 
	0x7c, 0x00, 0x00, 
	0x00, 0x7c, 0x00, 
	0x00, 0x00, 0x7c, 
	0x00, 0x00, 0x0f, 
	0x87, 0xc0, 0x00, 
	0x0f, 0x87, 0xc0, 
	0x00, 0x0f, 0x87, 
	0xc0, 0x00, 0x0f, 
	0x87, 0xc0, 0x00, 
	0xff, 0x83, 0xfe, 
	0x00, 0xf8, 0x00, 
	0x3e, 0x00, 0xf8, 
	0x00, 0x3e, 0x00, 
	0xf8, 0x00, 0x3e, 
	0x00, 0xf8, 0x00, 
	0x3e, 0x00, 0x00, 
	0x00, 0x00, 0x00, 
	0x00, 0x00, 0x00, 
	0x00, 0x00, 0x00, 
	0x00, 0x00, 0x00, 
	0x00, 0x00, 0x00, 
	0x00, 0x00, 0x00, 
	0x00, 0x00, 0x00, 
	0x00, 0x00, 0x00, 
	0x00, 0x00, 0x00, 
	0x00, 0x00, 0x00, 
	0x00, 0x00, 0x00, 
	0x00, 0x00, 0x00, 
	0x00, 0x00, 0x00, 
	0x00, 0x00, 0x00, 
	0x00, 0x00, 0x00, 
	0x00, 0x00, 0x00, 
	0x00, 0x00, 0x00, 
	0x00, 0x00, 0x00, 
	0x00, 0x00, 0x00, 
	0x00, 0x00, 0x00, 
	0x00, 0x00, 0x00, 
	0x00, 0x00, 0x00, 
	0x00, 0x00, 0x00, 
	0x00, 0x00, 0x00, 
	0x00, 0x00, 0x00, 
	0x00, 0x00, 0x00, 
	0x00, 0x00, 0x00, 
	0x00, 0x00, 0x00, 
	0x00, 0x00, 0x00, 
	
	// ASCII: 95 "_" (27 pixels wide)
	0x00, 0x00, 0x00, 
	0x00, 0x00, 0x00, 
	0x00, 0x00, 0x00, 
	0x00, 0x00, 0x00, 
	0x00, 0x00, 0x00, 
	0x00, 0x00, 0x00, 
	0x00, 0x00, 0x00, 
	0x00, 0x00, 0x00, 
	0x00, 0x00, 0x00, 
	0x00, 0x00, 0x00, 
	0x00, 0x00, 0x00, 
	0x00, 0x00, 0x00, 
	0x00, 0x00, 0x00, 
	0x00, 0x00, 0x00, 
	0x00, 0x00, 0x00, 
	0x00, 0x00, 0x00, 
	0x00, 0x00, 0x00, 
	0x00, 0x00, 0x00, 
	0x00, 0x00, 0x00, 
	0x00, 0x00, 0x00, 
	0x00, 0x00, 0x00, 
	0x00, 0x00, 0x00, 
	0x00, 0x00, 0x00, 
	0x00, 0x00, 0x00, 
	0x00, 0x00, 0x00, 
	0x00, 0x00, 0x00, 
	0x00, 0x00, 0x00, 
	0x00, 0x00, 0x00, 
	0x00, 0x00, 0x00, 
	0x00, 0x00, 0x00, 
	0x00, 0x00, 0x00, 
	0x00, 0x00, 0x00, 
	0x00, 0x00, 0x00, 
	0x00, 0x00, 0x00, 
	0x00, 0x00, 0x00, 
	0x00, 0x00, 0x00, 
	0x00, 0x00, 0x00, 
	0x00, 0x00, 0x00, 
	0x00, 0x00, 0x00, 
	0x00, 0x00, 0x00, 
	0x00, 0x00, 0x00, 
	0x00, 0x00, 0x00, 
	0x00, 0x00, 0x00, 
	0x00, 0x00, 0x00, 
	0x00, 0x00, 0x00, 
	0x00, 0x00, 0x00, 
	0x00, 0x00, 0x00, 
	0x00, 0x00, 0x00, 
	0x00, 0x00, 0x00, 
	0x00, 0x00, 0x00, 
	0x00, 0x00, 0x00, 
	0x00, 0x00, 0x00, 
	0x00, 0x00, 0x00, 
	0x00, 0x00, 0x00, 
	0x00, 0x00, 0x0f, 
	0xff, 0xc0, 0x00, 
	0x0f, 0xff, 0xc0, 
	0x00, 0x0f, 0xff, 
	0xc0, 0x00, 0x0f, 
	0xff, 0xc0, 0x00, 
	
	// ASCII: 96 "`" (27 pixels wide)
	0x07, 0xc0, 0x00, 
	0x00, 0x07, 0xc0, 
	0x00, 0x00, 0x07, 
	0xc0, 0x00, 0x00, 
	0x07, 0xc0, 0x00, 
	0x00, 0x07, 0xfc, 
	0x00, 0x00, 0x00, 
	0x7c, 0x00, 0x00, 
	0x00, 0x7c, 0x00, 
	0x00, 0x00, 0x7c, 
	0x00, 0x00, 0x00, 
	0x7c, 0x00, 0x00, 
	0x00, 0x00, 0x00, 
	0x00, 0x00, 0x00, 
	0x00, 0x00, 0x00, 
	0x00, 0x00, 0x00, 
	0x00, 0x00, 0x00, 
	0x00, 0x00, 0x00, 
	0x00, 0x00, 0x00, 
	0x00, 0x00, 0x00, 
	0x00, 0x00, 0x00, 
	0x00, 0x00, 0x00, 
	0x00, 0x00, 0x00, 
	0x00, 0x00, 0x00, 
	0x00, 0x00, 0x00, 
	0x00, 0x00, 0x00, 
	0x00, 0x00, 0x00, 
	0x00, 0x00, 0x00, 
	0x00, 0x00, 0x00, 
	0x00, 0x00, 0x00, 
	0x00, 0x00, 0x00, 
	0x00, 0x00, 0x00, 
	0x00, 0x00, 0x00, 
	0x00, 0x00, 0x00, 
	0x00, 0x00, 0x00, 
	0x00, 0x00, 0x00, 
	0x00, 0x00, 0x00, 
	0x00, 0x00, 0x00, 
	0x00, 0x00, 0x00, 
	0x00, 0x00, 0x00, 
	0x00, 0x00, 0x00, 
	0x00, 0x00, 0x00, 
	0x00, 0x00, 0x00, 
	0x00, 0x00, 0x00, 
	0x00, 0x00, 0x00, 
	0x00, 0x00, 0x00, 
	0x00, 0x00, 0x00, 
	0x00, 0x00, 0x00, 
	0x00, 0x00, 0x00, 
	0x00, 0x00, 0x00, 
	0x00, 0x00, 0x00, 
	0x00, 0x00, 0x00, 
	0x00, 0x00, 0x00, 
	0x00, 0x00, 0x00, 
	0x00, 0x00, 0x00, 
	0x00, 0x00, 0x00, 
	0x00, 0x00, 0x00, 
	0x00, 0x00, 0x00, 
	0x00, 0x00, 0x00, 
	0x00, 0x00, 0x00, 
	
	// ASCII: 97 "a" (27 pixels wide)
	0x00, 0x00, 0x00, 
	0x00, 0x00, 0x00, 
	0x00, 0x00, 0x00, 
	0x00, 0x00, 0x00, 
	0x00, 0x00, 0x00, 
	0x00, 0x00, 0x00, 
	0x00, 0x00, 0x00, 
	0x00, 0x00, 0x00, 
	0x00, 0x00, 0x00, 
	0x00, 0x00, 0x00, 
	0x00, 0x00, 0x00, 
	0x00, 0x00, 0x00, 
	0x00, 0x00, 0x00, 
	0x00, 0x00, 0x00, 
	0x00, 0x00, 0x00, 
	0x00, 0x00, 0x00, 
	0x00, 0x00, 0x00, 
	0x00, 0x00, 0x00, 
	0x00, 0x00, 0x00, 
	0x00, 0x00, 0x00, 
	0x00, 0x00, 0x00, 
	0x00, 0x00, 0x00, 
	0x00, 0x00, 0x00, 
	0x00, 0x00, 0x00, 
	0x07, 0xfc, 0x3e, 
	0x00, 0x07, 0xfc, 
	0x3e, 0x00, 0x07, 
	0xfc, 0x3e, 0x00, 
	0x07, 0xfc, 0x3e, 
	0x00, 0xff, 0xff, 
	0xfe, 0x00, 0xf8, 
	0x03, 0xfe, 0x00, 
	0xf8, 0x03, 0xfe, 
	0x00, 0xf8, 0x03, 
	0xfe, 0x00, 0xf8, 
	0x03, 0xfe, 0x00, 
	0xf8, 0x00, 0x3e, 
	0x00, 0xf8, 0x00, 
	0x3e, 0x00, 0xf8, 
	0x00, 0x3e, 0x00, 
	0xf8, 0x00, 0x3e, 
	0x00, 0xf8, 0x00, 
	0x3e, 0x00, 0xf8, 
	0x03, 0xfe, 0x00, 
	0xf8, 0x03, 0xfe, 
	0x00, 0xf8, 0x03, 
	0xfe, 0x00, 0xf8, 
	0x03, 0xfe, 0x00, 
	0xf7, 0xff, 0xfe, 
	0x00, 0x07, 0xfc, 
	0x3e, 0x00, 0x07, 
	0xfc, 0x3e, 0x00, 
	0x07, 0xfc, 0x3e, 
	0x00, 0x07, 0xfc, 
	0x3e, 0x00, 0x00, 
	0x00, 0x00, 0x00, 
	0x00, 0x00, 0x00, 
	0x00, 0x00, 0x00, 
	0x00, 0x00, 0x00, 
	0x00, 0x00, 0x00, 
	
	// ASCII: 98 "b" (27 pixels wide)
	0x00, 0x00, 0x00, 
	0x00, 0x00, 0x00, 
	0x00, 0x00, 0x00, 
	0x00, 0x00, 0x00, 
	0x00, 0x00, 0x00, 
	0x00, 0x00, 0x00, 
	0x00, 0x00, 0x00, 
	0x00, 0x00, 0x00, 
	0x00, 0x00, 0x00, 
	0x00, 0x00, 0x00, 
	0x00, 0x00, 0x00, 
	0x00, 0x00, 0x00, 
	0xf8, 0x00, 0x00, 
	0x00, 0xf8, 0x00, 
	0x00, 0x00, 0xf8, 
	0x00, 0x00, 0x00, 
	0xf8, 0x00, 0x00, 
	0x00, 0xf8, 0x00, 
	0x00, 0x00, 0xf8, 
	0x00, 0x00, 0x00, 
	0xf8, 0x00, 0x00, 
	0x00, 0xf8, 0x00, 
	0x00, 0x00, 0xf8, 
	0x00, 0x00, 0x00, 
	0xf8, 0x7f, 0xc0, 
	0x00, 0xf8, 0x7f, 
	0xc0, 0x00, 0xf8, 
	0x7f, 0xc0, 0x00, 
	0xf8, 0x7f, 0xc0, 
	0x00, 0xff, 0xff, 
	0xfe, 0x00, 0xff, 
	0x80, 0x3e, 0x00, 
	0xff, 0x80, 0x3e, 
	0x00, 0xff, 0x80, 
	0x3e, 0x00, 0xff, 
	0x80, 0x3e, 0x00, 
	0xf8, 0x00, 0x3e, 
	0x00, 0xf8, 0x00, 
	0x3e, 0x00, 0xf8, 
	0x00, 0x3e, 0x00, 
	0xf8, 0x00, 0x3e, 
	0x00, 0xf8, 0x00, 
	0x3e, 0x00, 0xff, 
	0x80, 0x3e, 0x00, 
	0xff, 0x80, 0x3e, 
	0x00, 0xff, 0x80, 
	0x3e, 0x00, 0xff, 
	0x80, 0x3e, 0x00, 
	0xff, 0xff, 0xde, 
	0x00, 0xf8, 0x7f, 
	0xc0, 0x00, 0xf8, 
	0x7f, 0xc0, 0x00, 
	0xf8, 0x7f, 0xc0, 
	0x00, 0xf8, 0x7f, 
	0xc0, 0x00, 0x00, 
	0x00, 0x00, 0x00, 
	0x00, 0x00, 0x00, 
	0x00, 0x00, 0x00, 
	0x00, 0x00, 0x00, 
	0x00, 0x00, 0x00, 
	
	// ASCII: 99 "c" (27 pixels wide)
	0x00, 0x00, 0x00, 
	0x00, 0x00, 0x00, 
	0x00, 0x00, 0x00, 
	0x00, 0x00, 0x00, 
	0x00, 0x00, 0x00, 
	0x00, 0x00, 0x00, 
	0x00, 0x00, 0x00, 
	0x00, 0x00, 0x00, 
	0x00, 0x00, 0x00, 
	0x00, 0x00, 0x00, 
	0x00, 0x00, 0x00, 
	0x00, 0x00, 0x00, 
	0x00, 0x00, 0x00, 
	0x00, 0x00, 0x00, 
	0x00, 0x00, 0x00, 
	0x00, 0x00, 0x00, 
	0x00, 0x00, 0x00, 
	0x00, 0x00, 0x00, 
	0x00, 0x00, 0x00, 
	0x00, 0x00, 0x00, 
	0x00, 0x00, 0x00, 
	0x00, 0x00, 0x00, 
	0x00, 0x00, 0x00, 
	0x00, 0x00, 0x00, 
	0x07, 0xff, 0xfe, 
	0x00, 0x07, 0xff, 
	0xfe, 0x00, 0x07, 
	0xff, 0xfe, 0x00, 
	0x07, 0xff, 0xfe, 
	0x00, 0x07, 0xff, 
	0xfe, 0x00, 0xf8, 
	0x00, 0x00, 0x00, 
	0xf8, 0x00, 0x00, 
	0x00, 0xf8, 0x00, 
	0x00, 0x00, 0xf8, 
	0x00, 0x00, 0x00, 
	0xf8, 0x00, 0x00, 
	0x00, 0xf8, 0x00, 
	0x00, 0x00, 0xf8, 
	0x00, 0x00, 0x00, 
	0xf8, 0x00, 0x00, 
	0x00, 0xf8, 0x00, 
	0x00, 0x00, 0xf8, 
	0x00, 0x00, 0x00, 
	0xf8, 0x00, 0x00, 
	0x00, 0xf8, 0x00, 
	0x00, 0x00, 0xf8, 
	0x00, 0x00, 0x00, 
	0xf7, 0xff, 0xfe, 
	0x00, 0x07, 0xff, 
	0xfe, 0x00, 0x07, 
	0xff, 0xfe, 0x00, 
	0x07, 0xff, 0xfe, 
	0x00, 0x07, 0xff, 
	0xfe, 0x00, 0x00, 
	0x00, 0x00, 0x00, 
	0x00, 0x00, 0x00, 
	0x00, 0x00, 0x00, 
	0x00, 0x00, 0x00, 
	0x00, 0x00, 0x00, 
	
	// ASCII: 100 "d" (27 pixels wide)
	0x00, 0x00, 0x00, 
	0x00, 0x00, 0x00, 
	0x00, 0x00, 0x00, 
	0x00, 0x00, 0x00, 
	0x00, 0x00, 0x00, 
	0x00, 0x00, 0x00, 
	0x00, 0x00, 0x00, 
	0x00, 0x00, 0x00, 
	0x00, 0x00, 0x00, 
	0x00, 0x00, 0x00, 
	0x00, 0x00, 0x00, 
	0x00, 0x00, 0x00, 
	0x00, 0x00, 0x3e, 
	0x00, 0x00, 0x00, 
	0x3e, 0x00, 0x00, 
	0x00, 0x3e, 0x00, 
	0x00, 0x00, 0x3e, 
	0x00, 0x00, 0x00, 
	0x3e, 0x00, 0x00, 
	0x00, 0x3e, 0x00, 
	0x00, 0x00, 0x3e, 
	0x00, 0x00, 0x00, 
	0x3e, 0x00, 0x00, 
	0x00, 0x3e, 0x00, 
	0x07, 0xfc, 0x3e, 
	0x00, 0x07, 0xfc, 
	0x3e, 0x00, 0x07, 
	0xfc, 0x3e, 0x00, 
	0x07, 0xfc, 0x3e, 
	0x00, 0xff, 0xff, 
	0xfe, 0x00, 0xf8, 
	0x03, 0xfe, 0x00, 
	0xf8, 0x03, 0xfe, 
	0x00, 0xf8, 0x03, 
	0xfe, 0x00, 0xf8, 
	0x03, 0xfe, 0x00, 
	0xf8, 0x00, 0x3e, 
	0x00, 0xf8, 0x00, 
	0x3e, 0x00, 0xf8, 
	0x00, 0x3e, 0x00, 
	0xf8, 0x00, 0x3e, 
	0x00, 0xf8, 0x00, 
	0x3e, 0x00, 0xf8, 
	0x03, 0xfe, 0x00, 
	0xf8, 0x03, 0xfe, 
	0x00, 0xf8, 0x03, 
	0xfe, 0x00, 0xf8, 
	0x03, 0xfe, 0x00, 
	0xf7, 0xff, 0xfe, 
	0x00, 0x07, 0xfc, 
	0x3e, 0x00, 0x07, 
	0xfc, 0x3e, 0x00, 
	0x07, 0xfc, 0x3e, 
	0x00, 0x07, 0xfc, 
	0x3e, 0x00, 0x00, 
	0x00, 0x00, 0x00, 
	0x00, 0x00, 0x00, 
	0x00, 0x00, 0x00, 
	0x00, 0x00, 0x00, 
	0x00, 0x00, 0x00, 
	
	// ASCII: 101 "e" (27 pixels wide)
	0x00, 0x00, 0x00, 
	0x00, 0x00, 0x00, 
	0x00, 0x00, 0x00, 
	0x00, 0x00, 0x00, 
	0x00, 0x00, 0x00, 
	0x00, 0x00, 0x00, 
	0x00, 0x00, 0x00, 
	0x00, 0x00, 0x00, 
	0x00, 0x00, 0x00, 
	0x00, 0x00, 0x00, 
	0x00, 0x00, 0x00, 
	0x00, 0x00, 0x00, 
	0x00, 0x00, 0x00, 
	0x00, 0x00, 0x00, 
	0x00, 0x00, 0x00, 
	0x00, 0x00, 0x00, 
	0x00, 0x00, 0x00, 
	0x00, 0x00, 0x00, 
	0x00, 0x00, 0x00, 
	0x00, 0x00, 0x00, 
	0x00, 0x00, 0x00, 
	0x00, 0x00, 0x00, 
	0x00, 0x00, 0x00, 
	0x00, 0x00, 0x00, 
	0x0f, 0xff, 0xc0, 
	0x00, 0x0f, 0xff, 
	0xc0, 0x00, 0x0f, 
	0xff, 0xc0, 0x00, 
	0x0f, 0xff, 0xc0, 
	0x00, 0x0f, 0xff, 
	0xc0, 0x00, 0xf8, 
	0x00, 0x3e, 0x00, 
	0xf8, 0x00, 0x3e, 
	0x00, 0xf8, 0x00, 
	0x3e, 0x00, 0xf8, 
	0x00, 0x3e, 0x00, 
	0xff, 0xff, 0xfe, 
	0x00, 0xff, 0xff, 
	0xfe, 0x00, 0xff, 
	0xff, 0xfe, 0x00, 
	0xff, 0xff, 0xfe, 
	0x00, 0xff, 0xff, 
	0xfe, 0x00, 0xf8, 
	0x00, 0x00, 0x00, 
	0xf8, 0x00, 0x00, 
	0x00, 0xf8, 0x00, 
	0x00, 0x00, 0xf8, 
	0x00, 0x00, 0x00, 
	0xff, 0xff, 0xfe, 
	0x00, 0x0f, 0xff, 
	0xfe, 0x00, 0x0f, 
	0xff, 0xfe, 0x00, 
	0x0f, 0xff, 0xfe, 
	0x00, 0x0f, 0xff, 
	0xfe, 0x00, 0x00, 
	0x00, 0x00, 0x00, 
	0x00, 0x00, 0x00, 
	0x00, 0x00, 0x00, 
	0x00, 0x00, 0x00, 
	0x00, 0x00, 0x00, 
	
	// ASCII: 102 "f" (18 pixels wide)
	0x00, 0x00, 0x00, 
	0x00, 0x00, 0x00, 
	0x00, 0x00, 0x00, 
	0x00, 0x00, 0x00, 
	0x00, 0x00, 0x00, 
	0x00, 0x00, 0x00, 
	0x00, 0x00, 0x00, 
	0x00, 0x00, 0x00, 
	0x00, 0x00, 0x00, 
	0x0f, 0xfc, 0x00, 
	0x0f, 0xfc, 0x00, 
	0x0f, 0xfc, 0x00, 
	0x0f, 0xfc, 0x00, 
	0x0f, 0xfc, 0x00, 
	0x0f, 0x80, 0x00, 
	0x0f, 0x80, 0x00, 
	0x0f, 0x80, 0x00, 
	0x0f, 0x80, 0x00, 
	0xff, 0xfc, 0x00, 
	0xff, 0xfc, 0x00, 
	0xff, 0xfc, 0x00, 
	0xff, 0xfc, 0x00, 
	0xff, 0xfc, 0x00, 
	0x0f, 0x80, 0x00, 
	0x0f, 0x80, 0x00, 
	0x0f, 0x80, 0x00, 
	0x0f, 0x80, 0x00, 
	0x0f, 0x80, 0x00, 
	0x0f, 0x80, 0x00, 
	0x0f, 0x80, 0x00, 
	0x0f, 0x80, 0x00, 
	0x0f, 0x80, 0x00, 
	0x0f, 0x80, 0x00, 
	0x0f, 0x80, 0x00, 
	0x0f, 0x80, 0x00, 
	0x0f, 0x80, 0x00, 
	0x0f, 0x80, 0x00, 
	0x0f, 0x80, 0x00, 
	0x0f, 0x80, 0x00, 
	0x0f, 0x80, 0x00, 
	0x0f, 0x80, 0x00, 
	0x00, 0x00, 0x00, 
	0x00, 0x00, 0x00, 
	0x00, 0x00, 0x00, 
	0x00, 0x00, 0x00, 
	
	// ASCII: 103 "g" (27 pixels wide)
	0x00, 0x00, 0x00, 
	0x00, 0x00, 0x00, 
	0x00, 0x00, 0x00, 
	0x00, 0x00, 0x00, 
	0x00, 0x00, 0x00, 
	0x00, 0x00, 0x00, 
	0x00, 0x00, 0x00, 
	0x00, 0x00, 0x00, 
	0x00, 0x00, 0x00, 
	0x00, 0x00, 0x00, 
	0x00, 0x00, 0x00, 
	0x00, 0x00, 0x00, 
	0x00, 0x00, 0x00, 
	0x00, 0x00, 0x00, 
	0x00, 0x00, 0x00, 
	0x00, 0x00, 0x00, 
	0x00, 0x00, 0x00, 
	0x00, 0x00, 0x00, 
	0x00, 0x00, 0x00, 
	0x00, 0x00, 0x00, 
	0x00, 0x00, 0x00, 
	0x00, 0x00, 0x00, 
	0x00, 0x00, 0x00, 
	0x00, 0x00, 0x00, 
	0x07, 0xfc, 0x1e, 
	0x00, 0x07, 0xfc, 
	0x1e, 0x00, 0x07, 
	0xfc, 0x1e, 0x00, 
	0x07, 0xfc, 0x1e, 
	0x00, 0xff, 0xff, 
	0xfe, 0x00, 0xf8, 
	0x03, 0xfe, 0x00, 
	0xf8, 0x03, 0xfe, 
	0x00, 0xf8, 0x03, 
	0xfe, 0x00, 0xf8, 
	0x03, 0xfe, 0x00, 
	0xf8, 0x00, 0x1e, 
	0x00, 0xf8, 0x00, 
	0x1e, 0x00, 0xf8, 
	0x00, 0x1e, 0x00, 
	0xf8, 0x00, 0x1e, 
	0x00, 0xf8, 0x03, 
	0xfe, 0x00, 0xf8, 
	0x03, 0xfe, 0x00, 
	0xf8, 0x03, 0xfe, 
	0x00, 0xf8, 0x03, 
	0xfe, 0x00, 0xf8, 
	0x03, 0xfe, 0x00, 
	0x07, 0xfc, 0x1e, 
	0x00, 0x07, 0xfc, 
	0x1e, 0x00, 0x07, 
	0xfc, 0x1e, 0x00, 
	0x07, 0xfc, 0x1e, 
	0x00, 0x07, 0xfc, 
	0x1e, 0x00, 0x00, 
	0x00, 0x1e, 0x00, 
	0x00, 0x00, 0x1e, 
	0x00, 0x00, 0x00, 
	0x1e, 0x00, 0x00, 
	0x00, 0x1e, 0x00, 
	
	// ASCII: 104 "h" (27 pixels wide)
	0x00, 0x00, 0x00, 
	0x00, 0x00, 0x00, 
	0x00, 0x00, 0x00, 
	0x00, 0x00, 0x00, 
	0x00, 0x00, 0x00, 
	0x00, 0x00, 0x00, 
	0x00, 0x00, 0x00, 
	0x00, 0x00, 0x00, 
	0x00, 0x00, 0x00, 
	0x00, 0x00, 0x00, 
	0x00, 0x00, 0x00, 
	0x00, 0x00, 0x00, 
	0xf8, 0x00, 0x00, 
	0x00, 0xf8, 0x00, 
	0x00, 0x00, 0xf8, 
	0x00, 0x00, 0x00, 
	0xf8, 0x00, 0x00, 
	0x00, 0xf8, 0x00, 
	0x00, 0x00, 0xf8, 
	0x00, 0x00, 0x00, 
	0xf8, 0x00, 0x00, 
	0x00, 0xf8, 0x00, 
	0x00, 0x00, 0xf8, 
	0x00, 0x00, 0x00, 
	0xf8, 0x7f, 0xc0, 
	0x00, 0xf8, 0x7f, 
	0xc0, 0x00, 0xf8, 
	0x7f, 0xc0, 0x00, 
	0xf8, 0x7f, 0xc0, 
	0x00, 0xf8, 0x7f, 
	0xc0, 0x00, 0xff, 
	0x80, 0x3e, 0x00, 
	0xff, 0x80, 0x3e, 
	0x00, 0xff, 0x80, 
	0x3e, 0x00, 0xff, 
	0x80, 0x3e, 0x00, 
	0xff, 0x80, 0x3e, 
	0x00, 0xf8, 0x00, 
	0x3e, 0x00, 0xf8, 
	0x00, 0x3e, 0x00, 
	0xf8, 0x00, 0x3e, 
	0x00, 0xf8, 0x00, 
	0x3e, 0x00, 0xf8, 
	0x00, 0x3e, 0x00, 
	0xf8, 0x00, 0x3e, 
	0x00, 0xf8, 0x00, 
	0x3e, 0x00, 0xf8, 
	0x00, 0x3e, 0x00, 
	0xf8, 0x00, 0x3e, 
	0x00, 0xf8, 0x00, 
	0x3e, 0x00, 0xf8, 
	0x00, 0x3e, 0x00, 
	0xf8, 0x00, 0x3e, 
	0x00, 0xf8, 0x00, 
	0x3e, 0x00, 0x00, 
	0x00, 0x00, 0x00, 
	0x00, 0x00, 0x00, 
	0x00, 0x00, 0x00, 
	0x00, 0x00, 0x00, 
	0x00, 0x00, 0x00, 
	
	// ASCII: 105 "i" (12 pixels wide)
	0x00, 0x00, 0x00, 
	0x00, 0x00, 0x00, 
	0x00, 0x00, 0x00, 
	0x00, 0x00, 0x00, 
	0x00, 0x00, 0x00, 
	0x00, 0x00, 0x00, 
	0x7c, 0x00, 0x7c, 
	0x00, 0x7c, 0x00, 
	0x7c, 0x00, 0x7c, 
	0x00, 0x00, 0x00, 
	0x00, 0x00, 0x00, 
	0x00, 0x00, 0x00, 
	0x7c, 0x00, 0x7c, 
	0x00, 0x7c, 0x00, 
	0x7c, 0x00, 0x7c, 
	0x00, 0x7c, 0x00, 
	0x7c, 0x00, 0x7c, 
	0x00, 0x7c, 0x00, 
	0x7c, 0x00, 0x7c, 
	0x00, 0x7c, 0x00, 
	0x7c, 0x00, 0x7c, 
	0x00, 0x7c, 0x00, 
	0x7c, 0x00, 0x7c, 
	0x00, 0x7c, 0x00, 
	0x7c, 0x00, 0x7c, 
	0x00, 0x7c, 0x00, 
	0x7c, 0x00, 0x7c, 
	0x00, 0x00, 0x00, 
	0x00, 0x00, 0x00, 
	0x00, 0x00, 0x00, 
	
	// ASCII: 106 "j" (18 pixels wide)
	0x00, 0x00, 0x00, 
	0x00, 0x00, 0x00, 
	0x00, 0x00, 0x00, 
	0x00, 0x00, 0x00, 
	0x00, 0x00, 0x00, 
	0x00, 0x00, 0x00, 
	0x00, 0x00, 0x00, 
	0x00, 0x00, 0x00, 
	0x00, 0x00, 0x00, 
	0x00, 0x1e, 0x00, 
	0x00, 0x1e, 0x00, 
	0x00, 0x1e, 0x00, 
	0x00, 0x1e, 0x00, 
	0x00, 0x1e, 0x00, 
	0x00, 0x00, 0x00, 
	0x00, 0x00, 0x00, 
	0x00, 0x00, 0x00, 
	0x00, 0x00, 0x00, 
	0x00, 0x1e, 0x00, 
	0x00, 0x1e, 0x00, 
	0x00, 0x1e, 0x00, 
	0x00, 0x1e, 0x00, 
	0x00, 0x1e, 0x00, 
	0x00, 0x1e, 0x00, 
	0x00, 0x1e, 0x00, 
	0x00, 0x1e, 0x00, 
	0x00, 0x1e, 0x00, 
	0x00, 0x1e, 0x00, 
	0x00, 0x1e, 0x00, 
	0x00, 0x1e, 0x00, 
	0x00, 0x1e, 0x00, 
	0x00, 0x1e, 0x00, 
	0x00, 0x1e, 0x00, 
	0x00, 0x1e, 0x00, 
	0x00, 0x1e, 0x00, 
	0x00, 0x1e, 0x00, 
	0xc0, 0x1e, 0x00, 
	0xc0, 0x1e, 0x00, 
	0xc0, 0x1e, 0x00, 
	0xc0, 0x1e, 0x00, 
	0xc0, 0x1e, 0x00, 
	0x3f, 0xe0, 0x00, 
	0x3f, 0xe0, 0x00, 
	0x3f, 0xe0, 0x00, 
	0x3f, 0xe0, 0x00, 
	
	// ASCII: 107 "k" (27 pixels wide)
	0x00, 0x00, 0x00, 
	0x00, 0x00, 0x00, 
	0x00, 0x00, 0x00, 
	0x00, 0x00, 0x00, 
	0x00, 0x00, 0x00, 
	0x00, 0x00, 0x00, 
	0x00, 0x00, 0x00, 
	0x00, 0x00, 0x00, 
	0x00, 0x00, 0x00, 
	0x00, 0x00, 0x00, 
	0x00, 0x00, 0x00, 
	0x00, 0x00, 0x00, 
	0x3e, 0x00, 0x00, 
	0x00, 0x3e, 0x00, 
	0x00, 0x00, 0x3e, 
	0x00, 0x00, 0x00, 
	0x3e, 0x00, 0x00, 
	0x00, 0x3e, 0x00, 
	0x00, 0x00, 0x3e, 
	0x00, 0x00, 0x00, 
	0x3e, 0x00, 0x00, 
	0x00, 0x3e, 0x00, 
	0x00, 0x00, 0x3e, 
	0x00, 0x00, 0x00, 
	0x3e, 0x01, 0xf0, 
	0x00, 0x3e, 0x01, 
	0xf0, 0x00, 0x3e, 
	0x01, 0xf0, 0x00, 
	0x3e, 0x01, 0xf0, 
	0x00, 0x3e, 0x1f, 
	0xf0, 0x00, 0x3e, 
	0x1f, 0x00, 0x00, 
	0x3e, 0x1f, 0x00, 
	0x00, 0x3e, 0x1f, 
	0x00, 0x00, 0x3e, 
	0x1f, 0x00, 0x00, 
	0x3f, 0xe0, 0x00, 
	0x00, 0x3f, 0xe0, 
	0x00, 0x00, 0x3f, 
	0xe0, 0x00, 0x00, 
	0x3f, 0xe0, 0x00, 
	0x00, 0x3f, 0xe0, 
	0x00, 0x00, 0x3e, 
	0x1f, 0x00, 0x00, 
	0x3e, 0x1f, 0x00, 
	0x00, 0x3e, 0x1f, 
	0x00, 0x00, 0x3e, 
	0x1f, 0x00, 0x00, 
	0x3e, 0x1f, 0xf0, 
	0x00, 0x3e, 0x01, 
	0xf0, 0x00, 0x3e, 
	0x01, 0xf0, 0x00, 
	0x3e, 0x01, 0xf0, 
	0x00, 0x3e, 0x01, 
	0xf0, 0x00, 0x00, 
	0x00, 0x00, 0x00, 
	0x00, 0x00, 0x00, 
	0x00, 0x00, 0x00, 
	0x00, 0x00, 0x00, 
	0x00, 0x00, 0x00, 
	
	// ASCII: 108 "l" (12 pixels wide)
	0x00, 0x00, 0x00, 
	0x00, 0x00, 0x00, 
	0x00, 0x00, 0x00, 
	0x00, 0x00, 0x00, 
	0x00, 0x00, 0x00, 
	0x00, 0x00, 0x00, 
	0x7c, 0x00, 0x7c, 
	0x00, 0x7c, 0x00, 
	0x7c, 0x00, 0x7c, 
	0x00, 0x7c, 0x00, 
	0x7c, 0x00, 0x7c, 
	0x00, 0x7c, 0x00, 
	0x7c, 0x00, 0x7c, 
	0x00, 0x7c, 0x00, 
	0x7c, 0x00, 0x7c, 
	0x00, 0x7c, 0x00, 
	0x7c, 0x00, 0x7c, 
	0x00, 0x7c, 0x00, 
	0x7c, 0x00, 0x7c, 
	0x00, 0x7c, 0x00, 
	0x7c, 0x00, 0x7c, 
	0x00, 0x7c, 0x00, 
	0x7c, 0x00, 0x7c, 
	0x00, 0x7c, 0x00, 
	0x7c, 0x00, 0x7c, 
	0x00, 0x7c, 0x00, 
	0x7c, 0x00, 0x7c, 
	0x00, 0x00, 0x00, 
	0x00, 0x00, 0x00, 
	0x00, 0x00, 0x00, 
	
	// ASCII: 109 "m" (36 pixels wide)
	0x00, 0x00, 0x00, 
	0x00, 0x00, 0x00, 
	0x00, 0x00, 0x00, 
	0x00, 0x00, 0x00, 
	0x00, 0x00, 0x00, 
	0x00, 0x00, 0x00, 
	0x00, 0x00, 0x00, 
	0x00, 0x00, 0x00, 
	0x00, 0x00, 0x00, 
	0x00, 0x00, 0x00, 
	0x00, 0x00, 0x00, 
	0x00, 0x00, 0x00, 
	0x00, 0x00, 0x00, 
	0x00, 0x00, 0x00, 
	0x00, 0x00, 0x00, 
	0x00, 0x00, 0x00, 
	0x00, 0x00, 0x00, 
	0x00, 0x00, 0x00, 
	0x00, 0x00, 0x00, 
	0x00, 0x00, 0x00, 
	0x00, 0x00, 0x00, 
	0x00, 0x00, 0x00, 
	0x00, 0x00, 0x00, 
	0x00, 0x00, 0x00, 
	0x00, 0x00, 0x00, 
	0x00, 0x00, 0x00, 
	0x00, 0x00, 0x00, 
	0x00, 0x00, 0x00, 
	0x00, 0x00, 0x00, 
	0x00, 0x00, 0x00, 
	0xff, 0xfc, 0x3f, 
	0xe0, 0x00, 0xff, 
	0xfc, 0x3f, 0xe0, 
	0x00, 0xff, 0xfc, 
	0x3f, 0xe0, 0x00, 
	0xff, 0xfc, 0x3f, 
	0xe0, 0x00, 0xff, 
	0xfc, 0x3f, 0xe0, 
	0x00, 0xf8, 0x07, 
	0xc0, 0x1f, 0x00, 
	0xf8, 0x07, 0xc0, 
	0x1f, 0x00, 0xf8, 
	0x07, 0xc0, 0x1f, 
	0x00, 0xf8, 0x07, 
	0xc0, 0x1f, 0x00, 
	0xf8, 0x07, 0xc0, 
	0x1f, 0x00, 0xf8, 
	0x07, 0xc0, 0x1f, 
	0x00, 0xf8, 0x07, 
	0xc0, 0x1f, 0x00, 
	0xf8, 0x07, 0xc0, 
	0x1f, 0x00, 0xf8, 
	0x07, 0xc0, 0x1f, 
	0x00, 0xf8, 0x07, 
	0xc0, 0x1f, 0x00, 
	0xf8, 0x07, 0xc0, 
	0x1f, 0x00, 0xf8, 
	0x07, 0xc0, 0x1f, 
	0x00, 0xf8, 0x07, 
	0xc0, 0x1f, 0x00, 
	0xf8, 0x07, 0xc0, 
	0x1f, 0x00, 0xf8, 
	0x07, 0xc0, 0x1f, 
	0x00, 0xf8, 0x07, 
	0xc0, 0x1f, 0x00, 
	0xf8, 0x07, 0xc0, 
	0x1f, 0x00, 0xf8, 
	0x07, 0xc0, 0x1f, 
	0x00, 0x00, 0x00, 
	0x00, 0x00, 0x00, 
	0x00, 0x00, 0x00, 
	0x00, 0x00, 0x00, 
	0x00, 0x00, 0x00, 
	0x00, 0x00, 0x00, 
	0x00, 0x00, 0x00, 
	
	// ASCII: 110 "n" (24 pixels wide)
	0x00, 0x00, 0x00, 
	0x00, 0x00, 0x00, 
	0x00, 0x00, 0x00, 
	0x00, 0x00, 0x00, 
	0x00, 0x00, 0x00, 
	0x00, 0x00, 0x00, 
	0x00, 0x00, 0x00, 
	0x00, 0x00, 0x00, 
	0x00, 0x00, 0x00, 
	0x00, 0x00, 0x00, 
	0x00, 0x00, 0x00, 
	0x00, 0x00, 0x00, 
	0x00, 0x00, 0x00, 
	0x00, 0x00, 0x00, 
	0x00, 0x00, 0x00, 
	0x00, 0x00, 0x00, 
	0x00, 0x00, 0x00, 
	0x00, 0x00, 0x00, 
	0xe1, 0xff, 0x00, 
	0xe1, 0xff, 0x00, 
	0xe1, 0xff, 0x00, 
	0xe1, 0xff, 0x00, 
	0xe1, 0xff, 0x00, 
	0xfe, 0x00, 0xf8, 
	0xfe, 0x00, 0xf8, 
	0xfe, 0x00, 0xf8, 
	0xfe, 0x00, 0xf8, 
	0xfe, 0x00, 0xf8, 
	0xe0, 0x00, 0xf8, 
	0xe0, 0x00, 0xf8, 
	0xe0, 0x00, 0xf8, 
	0xe0, 0x00, 0xf8, 
	0xe0, 0x00, 0xf8, 
	0xe0, 0x00, 0xf8, 
	0xe0, 0x00, 0xf8, 
	0xe0, 0x00, 0xf8, 
	0xe0, 0x00, 0xf8, 
	0xe0, 0x00, 0xf8, 
	0xe0, 0x00, 0xf8, 
	0xe0, 0x00, 0xf8, 
	0xe0, 0x00, 0xf8, 
	0x00, 0x00, 0x00, 
	0x00, 0x00, 0x00, 
	0x00, 0x00, 0x00, 
	0x00, 0x00, 0x00, 
	
	// ASCII: 111 "o" (27 pixels wide)
	0x00, 0x00, 0x00, 
	0x00, 0x00, 0x00, 
	0x00, 0x00, 0x00, 
	0x00, 0x00, 0x00, 
	0x00, 0x00, 0x00, 
	0x00, 0x00, 0x00, 
	0x00, 0x00, 0x00, 
	0x00, 0x00, 0x00, 
	0x00, 0x00, 0x00, 
	0x00, 0x00, 0x00, 
	0x00, 0x00, 0x00, 
	0x00, 0x00, 0x00, 
	0x00, 0x00, 0x00, 
	0x00, 0x00, 0x00, 
	0x00, 0x00, 0x00, 
	0x00, 0x00, 0x00, 
	0x00, 0x00, 0x00, 
	0x00, 0x00, 0x00, 
	0x00, 0x00, 0x00, 
	0x00, 0x00, 0x00, 
	0x00, 0x00, 0x00, 
	0x00, 0x00, 0x00, 
	0x00, 0x00, 0x00, 
	0x00, 0x00, 0x00, 
	0x0f, 0xff, 0xc0, 
	0x00, 0x0f, 0xff, 
	0xc0, 0x00, 0x0f, 
	0xff, 0xc0, 0x00, 
	0x0f, 0xff, 0xc0, 
	0x00, 0x0f, 0xff, 
	0xc0, 0x00, 0xf8, 
	0x00, 0x3e, 0x00, 
	0xf8, 0x00, 0x3e, 
	0x00, 0xf8, 0x00, 
	0x3e, 0x00, 0xf8, 
	0x00, 0x3e, 0x00, 
	0xf8, 0x00, 0x3e, 
	0x00, 0xf8, 0x00, 
	0x3e, 0x00, 0xf8, 
	0x00, 0x3e, 0x00, 
	0xf8, 0x00, 0x3e, 
	0x00, 0xf8, 0x00, 
	0x3e, 0x00, 0xf8, 
	0x00, 0x3e, 0x00, 
	0xf8, 0x00, 0x3e, 
	0x00, 0xf8, 0x00, 
	0x3e, 0x00, 0xf8, 
	0x00, 0x3e, 0x00, 
	0xff, 0xff, 0xde, 
	0x00, 0x0f, 0xff, 
	0xc0, 0x00, 0x0f, 
	0xff, 0xc0, 0x00, 
	0x0f, 0xff, 0xc0, 
	0x00, 0x0f, 0xff, 
	0xc0, 0x00, 0x00, 
	0x00, 0x00, 0x00, 
	0x00, 0x00, 0x00, 
	0x00, 0x00, 0x00, 
	0x00, 0x00, 0x00, 
	0x00, 0x00, 0x00, 
	
	// ASCII: 112 "p" (27 pixels wide)
	0x00, 0x00, 0x00, 
	0x00, 0x00, 0x00, 
	0x00, 0x00, 0x00, 
	0x00, 0x00, 0x00, 
	0x00, 0x00, 0x00, 
	0x00, 0x00, 0x00, 
	0x00, 0x00, 0x00, 
	0x00, 0x00, 0x00, 
	0x00, 0x00, 0x00, 
	0x00, 0x00, 0x00, 
	0x00, 0x00, 0x00, 
	0x00, 0x00, 0x00, 
	0x00, 0x00, 0x00, 
	0x00, 0x00, 0x00, 
	0x00, 0x00, 0x00, 
	0x00, 0x00, 0x00, 
	0x00, 0x00, 0x00, 
	0x00, 0x00, 0x00, 
	0x00, 0x00, 0x00, 
	0x00, 0x00, 0x00, 
	0x00, 0x00, 0x00, 
	0x00, 0x00, 0x00, 
	0x00, 0x00, 0x00, 
	0x00, 0x00, 0x00, 
	0xf8, 0x7f, 0xc0, 
	0x00, 0xf8, 0x7f, 
	0xc0, 0x00, 0xf8, 
	0x7f, 0xc0, 0x00, 
	0xf8, 0x7f, 0xc0, 
	0x00, 0xff, 0xff, 
	0xfe, 0x00, 0xff, 
	0x80, 0x3e, 0x00, 
	0xff, 0x80, 0x3e, 
	0x00, 0xff, 0x80, 
	0x3e, 0x00, 0xff, 
	0x80, 0x3e, 0x00, 
	0xf8, 0x00, 0x3e, 
	0x00, 0xf8, 0x00, 
	0x3e, 0x00, 0xf8, 
	0x00, 0x3e, 0x00, 
	0xf8, 0x00, 0x3e, 
	0x00, 0xff, 0x80, 
	0x3e, 0x00, 0xff, 
	0x80, 0x3e, 0x00, 
	0xff, 0x80, 0x3e, 
	0x00, 0xff, 0x80, 
	0x3e, 0x00, 0xff, 
	0x80, 0x3e, 0x00, 
	0xf8, 0x7f, 0xc0, 
	0x00, 0xf8, 0x7f, 
	0xc0, 0x00, 0xf8, 
	0x7f, 0xc0, 0x00, 
	0xf8, 0x7f, 0xc0, 
	0x00, 0xf8, 0x7f, 
	0xc0, 0x00, 0xf8, 
	0x00, 0x00, 0x00, 
	0xf8, 0x00, 0x00, 
	0x00, 0xf8, 0x00, 
	0x00, 0x00, 0xf8, 
	0x00, 0x00, 0x00, 
	
	// ASCII: 113 "q" (27 pixels wide)
	0x00, 0x00, 0x00, 
	0x00, 0x00, 0x00, 
	0x00, 0x00, 0x00, 
	0x00, 0x00, 0x00, 
	0x00, 0x00, 0x00, 
	0x00, 0x00, 0x00, 
	0x00, 0x00, 0x00, 
	0x00, 0x00, 0x00, 
	0x00, 0x00, 0x00, 
	0x00, 0x00, 0x00, 
	0x00, 0x00, 0x00, 
	0x00, 0x00, 0x00, 
	0x00, 0x00, 0x00, 
	0x00, 0x00, 0x00, 
	0x00, 0x00, 0x00, 
	0x00, 0x00, 0x00, 
	0x00, 0x00, 0x00, 
	0x00, 0x00, 0x00, 
	0x00, 0x00, 0x00, 
	0x00, 0x00, 0x00, 
	0x00, 0x00, 0x00, 
	0x00, 0x00, 0x00, 
	0x00, 0x00, 0x00, 
	0x00, 0x00, 0x00, 
	0x07, 0xfc, 0x3e, 
	0x00, 0x07, 0xfc, 
	0x3e, 0x00, 0x07, 
	0xfc, 0x3e, 0x00, 
	0x07, 0xfc, 0x3e, 
	0x00, 0xff, 0xff, 
	0xfe, 0x00, 0xf8, 
	0x03, 0xfe, 0x00, 
	0xf8, 0x03, 0xfe, 
	0x00, 0xf8, 0x03, 
	0xfe, 0x00, 0xf8, 
	0x03, 0xfe, 0x00, 
	0xf8, 0x00, 0x3e, 
	0x00, 0xf8, 0x00, 
	0x3e, 0x00, 0xf8, 
	0x00, 0x3e, 0x00, 
	0xf8, 0x00, 0x3e, 
	0x00, 0xf8, 0x03, 
	0xfe, 0x00, 0xf8, 
	0x03, 0xfe, 0x00, 
	0xf8, 0x03, 0xfe, 
	0x00, 0xf8, 0x03, 
	0xfe, 0x00, 0xf8, 
	0x03, 0xfe, 0x00, 
	0x07, 0xfc, 0x3e, 
	0x00, 0x07, 0xfc, 
	0x3e, 0x00, 0x07, 
	0xfc, 0x3e, 0x00, 
	0x07, 0xfc, 0x3e, 
	0x00, 0x07, 0xfc, 
	0x3e, 0x00, 0x00, 
	0x00, 0x3e, 0x00, 
	0x00, 0x00, 0x3e, 
	0x00, 0x00, 0x00, 
	0x3e, 0x00, 0x00, 
	0x00, 0x3e, 0x00, 
	
	// ASCII: 114 "r" (27 pixels wide)
	0x00, 0x00, 0x00, 
	0x00, 0x00, 0x00, 
	0x00, 0x00, 0x00, 
	0x00, 0x00, 0x00, 
	0x00, 0x00, 0x00, 
	0x00, 0x00, 0x00, 
	0x00, 0x00, 0x00, 
	0x00, 0x00, 0x00, 
	0x00, 0x00, 0x00, 
	0x00, 0x00, 0x00, 
	0x00, 0x00, 0x00, 
	0x00, 0x00, 0x00, 
	0x00, 0x00, 0x00, 
	0x00, 0x00, 0x00, 
	0x00, 0x00, 0x00, 
	0x00, 0x00, 0x00, 
	0x00, 0x00, 0x00, 
	0x00, 0x00, 0x00, 
	0x00, 0x00, 0x00, 
	0x00, 0x00, 0x00, 
	0x00, 0x00, 0x00, 
	0x00, 0x00, 0x00, 
	0x00, 0x00, 0x00, 
	0x00, 0x00, 0x00, 
	0x3e, 0x01, 0xf0, 
	0x00, 0x3e, 0x01, 
	0xf0, 0x00, 0x3e, 
	0x01, 0xf0, 0x00, 
	0x3e, 0x01, 0xf0, 
	0x00, 0x3e, 0x1f, 
	0xf0, 0x00, 0x3e, 
	0x1f, 0x00, 0x00, 
	0x3e, 0x1f, 0x00, 
	0x00, 0x3e, 0x1f, 
	0x00, 0x00, 0x3e, 
	0x1f, 0x00, 0x00, 
	0x3f, 0xe0, 0x00, 
	0x00, 0x3f, 0xe0, 
	0x00, 0x00, 0x3f, 
	0xe0, 0x00, 0x00, 
	0x3f, 0xe0, 0x00, 
	0x00, 0x3f, 0xe0, 
	0x00, 0x00, 0x3e, 
	0x00, 0x00, 0x00, 
	0x3e, 0x00, 0x00, 
	0x00, 0x3e, 0x00, 
	0x00, 0x00, 0x3e, 
	0x00, 0x00, 0x00, 
	0x3e, 0x00, 0x00, 
	0x00, 0x3e, 0x00, 
	0x00, 0x00, 0x3e, 
	0x00, 0x00, 0x00, 
	0x3e, 0x00, 0x00, 
	0x00, 0x3e, 0x00, 
	0x00, 0x00, 0x00, 
	0x00, 0x00, 0x00, 
	0x00, 0x00, 0x00, 
	0x00, 0x00, 0x00, 
	0x00, 0x00, 0x00, 
	0x00, 0x00, 0x00, 
	
	// ASCII: 115 "s" (27 pixels wide)
	0x00, 0x00, 0x00, 
	0x00, 0x00, 0x00, 
	0x00, 0x00, 0x00, 
	0x00, 0x00, 0x00, 
	0x00, 0x00, 0x00, 
	0x00, 0x00, 0x00, 
	0x00, 0x00, 0x00, 
	0x00, 0x00, 0x00, 
	0x00, 0x00, 0x00, 
	0x00, 0x00, 0x00, 
	0x00, 0x00, 0x00, 
	0x00, 0x00, 0x00, 
	0x00, 0x00, 0x00, 
	0x00, 0x00, 0x00, 
	0x00, 0x00, 0x00, 
	0x00, 0x00, 0x00, 
	0x00, 0x00, 0x00, 
	0x00, 0x00, 0x00, 
	0x00, 0x00, 0x00, 
	0x00, 0x00, 0x00, 
	0x00, 0x00, 0x00, 
	0x00, 0x00, 0x00, 
	0x00, 0x00, 0x00, 
	0x00, 0x00, 0x00, 
	0x0f, 0xff, 0xfe, 
	0x00, 0x0f, 0xff, 
	0xfe, 0x00, 0x0f, 
	0xff, 0xfe, 0x00, 
	0x0f, 0xff, 0xfe, 
	0x00, 0xff, 0xff, 
	0xfe, 0x00, 0xf8, 
	0x00, 0x00, 0x00, 
	0xf8, 0x00, 0x00, 
	0x00, 0xf8, 0x00, 
	0x00, 0x00, 0xf8, 
	0x00, 0x00, 0x00, 
	0x0f, 0xff, 0xc0, 
	0x00, 0x0f, 0xff, 
	0xc0, 0x00, 0x0f, 
	0xff, 0xc0, 0x00, 
	0x0f, 0xff, 0xc0, 
	0x00, 0x0f, 0xff, 
	0xc0, 0x00, 0x00, 
	0x00, 0x3e, 0x00, 
	0x00, 0x00, 0x3e, 
	0x00, 0x00, 0x00, 
	0x3e, 0x00, 0x00, 
	0x00, 0x3e, 0x00, 
	0xff, 0xff, 0xde, 
	0x00, 0xff, 0xff, 
	0xc0, 0x00, 0xff, 
	0xff, 0xc0, 0x00, 
	0xff, 0xff, 0xc0, 
	0x00, 0xff, 0xff, 
	0xc0, 0x00, 0x00, 
	0x00, 0x00, 0x00, 
	0x00, 0x00, 0x00, 
	0x00, 0x00, 0x00, 
	0x00, 0x00, 0x00, 
	0x00, 0x00, 0x00, 
	
	// ASCII: 116 "t" (20 pixels wide)
	0x00, 0x00, 0x00, 
	0x00, 0x00, 0x00, 
	0x00, 0x00, 0x00, 
	0x00, 0x00, 0x00, 
	0x00, 0x00, 0x00, 
	0x00, 0x00, 0x00, 
	0x00, 0x00, 0x00, 
	0x00, 0x00, 0x00, 
	0x00, 0x00, 0x00, 
	0x07, 0xc0, 0x00, 
	0x07, 0xc0, 0x00, 
	0x07, 0xc0, 0x00, 
	0x07, 0xc0, 0x00, 
	0x07, 0xc0, 0x00, 
	0x07, 0xc0, 0x00, 
	0x07, 0xc0, 0x00, 
	0x07, 0xc0, 0x00, 
	0x07, 0xc0, 0x00, 
	0x7f, 0xfe, 0x00, 
	0x7f, 0xfe, 0x00, 
	0x7f, 0xfe, 0x00, 
	0x7f, 0xfe, 0x00, 
	0x7f, 0xfe, 0x00, 
	0x07, 0xc0, 0x00, 
	0x07, 0xc0, 0x00, 
	0x07, 0xc0, 0x00, 
	0x07, 0xc0, 0x00, 
	0x07, 0xc0, 0x00, 
	0x07, 0xc0, 0x00, 
	0x07, 0xc0, 0x00, 
	0x07, 0xc0, 0x00, 
	0x07, 0xc0, 0x00, 
	0x07, 0xc0, 0x00, 
	0x07, 0xc0, 0x00, 
	0x07, 0xc0, 0x00, 
	0x07, 0xc0, 0x00, 
	0x07, 0xfe, 0x00, 
	0x07, 0xfe, 0x00, 
	0x07, 0xfe, 0x00, 
	0x07, 0xfe, 0x00, 
	0x07, 0xfe, 0x00, 
	0x00, 0x00, 0x00, 
	0x00, 0x00, 0x00, 
	0x00, 0x00, 0x00, 
	0x00, 0x00, 0x00, 
	
	// ASCII: 117 "u" (27 pixels wide)
	0x00, 0x00, 0x00, 
	0x00, 0x00, 0x00, 
	0x00, 0x00, 0x00, 
	0x00, 0x00, 0x00, 
	0x00, 0x00, 0x00, 
	0x00, 0x00, 0x00, 
	0x00, 0x00, 0x00, 
	0x00, 0x00, 0x00, 
	0x00, 0x00, 0x00, 
	0x00, 0x00, 0x00, 
	0x00, 0x00, 0x00, 
	0x00, 0x00, 0x00, 
	0x00, 0x00, 0x00, 
	0x00, 0x00, 0x00, 
	0x00, 0x00, 0x00, 
	0x00, 0x00, 0x00, 
	0x00, 0x00, 0x00, 
	0x00, 0x00, 0x00, 
	0x00, 0x00, 0x00, 
	0x00, 0x00, 0x00, 
	0x00, 0x00, 0x00, 
	0x00, 0x00, 0x00, 
	0x00, 0x00, 0x00, 
	0x00, 0x00, 0x00, 
	0xf8, 0x00, 0x3e, 
	0x00, 0xf8, 0x00, 
	0x3e, 0x00, 0xf8, 
	0x00, 0x3e, 0x00, 
	0xf8, 0x00, 0x3e, 
	0x00, 0xf8, 0x00, 
	0x3e, 0x00, 0xf8, 
	0x00, 0x3e, 0x00, 
	0xf8, 0x00, 0x3e, 
	0x00, 0xf8, 0x00, 
	0x3e, 0x00, 0xf8, 
	0x00, 0x3e, 0x00, 
	0xf8, 0x00, 0x3e, 
	0x00, 0xf8, 0x00, 
	0x3e, 0x00, 0xf8, 
	0x00, 0x3e, 0x00, 
	0xf8, 0x00, 0x3e, 
	0x00, 0xf8, 0x00, 
	0x3e, 0x00, 0xf8, 
	0x00, 0x3e, 0x00, 
	0xf8, 0x00, 0x3e, 
	0x00, 0xf8, 0x00, 
	0x3e, 0x00, 0xf8, 
	0x00, 0x3e, 0x00, 
	0x0f, 0xff, 0xc0, 
	0x00, 0x0f, 0xff, 
	0xc0, 0x00, 0x0f, 
	0xff, 0xc0, 0x00, 
	0x0f, 0xff, 0xc0, 
	0x00, 0x0f, 0xff, 
	0xc0, 0x00, 0x00, 
	0x00, 0x00, 0x00, 
	0x00, 0x00, 0x00, 
	0x00, 0x00, 0x00, 
	0x00, 0x00, 0x00, 
	0x00, 0x00, 0x00, 
	
	// ASCII: 118 "v" (27 pixels wide)
	0x00, 0x00, 0x00, 
	0x00, 0x00, 0x00, 
	0x00, 0x00, 0x00, 
	0x00, 0x00, 0x00, 
	0x00, 0x00, 0x00, 
	0x00, 0x00, 0x00, 
	0x00, 0x00, 0x00, 
	0x00, 0x00, 0x00, 
	0x00, 0x00, 0x00, 
	0x00, 0x00, 0x00, 
	0x00, 0x00, 0x00, 
	0x00, 0x00, 0x00, 
	0x00, 0x00, 0x00, 
	0x00, 0x00, 0x00, 
	0x00, 0x00, 0x00, 
	0x00, 0x00, 0x00, 
	0x00, 0x00, 0x00, 
	0x00, 0x00, 0x00, 
	0x00, 0x00, 0x00, 
	0x00, 0x00, 0x00, 
	0x00, 0x00, 0x00, 
	0x00, 0x00, 0x00, 
	0x00, 0x00, 0x00, 
	0x00, 0x00, 0x00, 
	0xf8, 0x00, 0x3e, 
	0x00, 0xf8, 0x00, 
	0x3e, 0x00, 0xf8, 
	0x00, 0x3e, 0x00, 
	0xf8, 0x00, 0x3e, 
	0x00, 0xf8, 0x00, 
	0x3e, 0x00, 0xf8, 
	0x00, 0x3e, 0x00, 
	0xf8, 0x00, 0x3e, 
	0x00, 0xf8, 0x00, 
	0x3e, 0x00, 0xf8, 
	0x00, 0x3e, 0x00, 
	0xf8, 0x00, 0x3e, 
	0x00, 0xf8, 0x00, 
	0x3e, 0x00, 0xf8, 
	0x00, 0x3e, 0x00, 
	0xf8, 0x00, 0x3e, 
	0x00, 0xf8, 0x00, 
	0x3e, 0x00, 0x0f, 
	0x87, 0xc0, 0x00, 
	0x0f, 0x87, 0xc0, 
	0x00, 0x0f, 0x87, 
	0xc0, 0x00, 0x0f, 
	0x87, 0xc0, 0x00, 
	0x07, 0xff, 0xc0, 
	0x00, 0x00, 0x7c, 
	0x00, 0x00, 0x00, 
	0x7c, 0x00, 0x00, 
	0x00, 0x7c, 0x00, 
	0x00, 0x00, 0x7c, 
	0x00, 0x00, 0x00, 
	0x00, 0x00, 0x00, 
	0x00, 0x00, 0x00, 
	0x00, 0x00, 0x00, 
	0x00, 0x00, 0x00, 
	0x00, 0x00, 0x00, 
	
	// ASCII: 119 "w" (32 pixels wide)
	0x00, 0x00, 0x00, 
	0x00, 0x00, 0x00, 
	0x00, 0x00, 0x00, 
	0x00, 0x00, 0x00, 
	0x00, 0x00, 0x00, 
	0x00, 0x00, 0x00, 
	0x00, 0x00, 0x00, 
	0x00, 0x00, 0x00, 
	0x00, 0x00, 0x00, 
	0x00, 0x00, 0x00, 
	0x00, 0x00, 0x00, 
	0x00, 0x00, 0x00, 
	0x00, 0x00, 0x00, 
	0x00, 0x00, 0x00, 
	0x00, 0x00, 0x00, 
	0x00, 0x00, 0x00, 
	0x00, 0x00, 0x00, 
	0x00, 0x00, 0x00, 
	0x00, 0x00, 0x00, 
	0x00, 0x00, 0x00, 
	0x00, 0x00, 0x00, 
	0x00, 0x00, 0x00, 
	0x00, 0x00, 0x00, 
	0x00, 0x00, 0x00, 
	0xe0, 0x00, 0x00, 
	0x7c, 0xe0, 0x00, 
	0x00, 0x7c, 0xe0, 
	0x00, 0x00, 0x7c, 
	0xe0, 0x00, 0x00, 
	0x7c, 0xe0, 0x00, 
	0x00, 0x7c, 0xe0, 
	0x1f, 0x00, 0x7c, 
	0xe0, 0x1f, 0x00, 
	0x7c, 0xe0, 0x1f, 
	0x00, 0x7c, 0xe0, 
	0x1f, 0x00, 0x7c, 
	0xe0, 0x1f, 0x00, 
	0x7c, 0xe0, 0x1f, 
	0x00, 0x7c, 0xe0, 
	0x1f, 0x00, 0x7c, 
	0xe0, 0x1f, 0x00, 
	0x7c, 0xe1, 0xff, 
	0xf8, 0x7c, 0xe1, 
	0xf0, 0xf8, 0x7c, 
	0xe1, 0xf0, 0xf8, 
	0x7c, 0xe1, 0xf0, 
	0xf8, 0x7c, 0xe1, 
	0xf0, 0xf8, 0x7c, 
	0x3e, 0x00, 0x07, 
	0xc0, 0x3e, 0x00, 
	0x07, 0xc0, 0x3e, 
	0x00, 0x07, 0xc0, 
	0x3e, 0x00, 0x07, 
	0xc0, 0x3e, 0x00, 
	0x07, 0xc0, 0x00, 
	0x00, 0x00, 0x00, 
	0x00, 0x00, 0x00, 
	0x00, 0x00, 0x00, 
	0x00, 0x00, 0x00, 
	0x00, 0x00, 0x00, 
	
	// ASCII: 120 "x" (27 pixels wide)
	0x00, 0x00, 0x00, 
	0x00, 0x00, 0x00, 
	0x00, 0x00, 0x00, 
	0x00, 0x00, 0x00, 
	0x00, 0x00, 0x00, 
	0x00, 0x00, 0x00, 
	0x00, 0x00, 0x00, 
	0x00, 0x00, 0x00, 
	0x00, 0x00, 0x00, 
	0x00, 0x00, 0x00, 
	0x00, 0x00, 0x00, 
	0x00, 0x00, 0x00, 
	0x00, 0x00, 0x00, 
	0x00, 0x00, 0x00, 
	0x00, 0x00, 0x00, 
	0x00, 0x00, 0x00, 
	0x00, 0x00, 0x00, 
	0x00, 0x00, 0x00, 
	0x00, 0x00, 0x00, 
	0x00, 0x00, 0x00, 
	0x00, 0x00, 0x00, 
	0x00, 0x00, 0x00, 
	0x00, 0x00, 0x00, 
	0x00, 0x00, 0x00, 
	0xf8, 0x00, 0x3e, 
	0x00, 0xf8, 0x00, 
	0x3e, 0x00, 0xf8, 
	0x00, 0x3e, 0x00, 
	0xf8, 0x00, 0x3e, 
	0x00, 0xff, 0x87, 
	0xfe, 0x00, 0x0f, 
	0x87, 0xc0, 0x00, 
	0x0f, 0x87, 0xc0, 
	0x00, 0x0f, 0x87, 
	0xc0, 0x00, 0x0f, 
	0x87, 0xc0, 0x00, 
	0x00, 0x7c, 0x00, 
	0x00, 0x00, 0x7c, 
	0x00, 0x00, 0x00, 
	0x7c, 0x00, 0x00, 
	0x00, 0x7c, 0x00, 
	0x00, 0x00, 0x7c, 
	0x00, 0x00, 0x0f, 
	0x87, 0xc0, 0x00, 
	0x0f, 0x87, 0xc0, 
	0x00, 0x0f, 0x87, 
	0xc0, 0x00, 0x0f, 
	0x87, 0xc0, 0x00, 
	0xff, 0x83, 0xfe, 
	0x00, 0xf8, 0x00, 
	0x3e, 0x00, 0xf8, 
	0x00, 0x3e, 0x00, 
	0xf8, 0x00, 0x3e, 
	0x00, 0xf8, 0x00, 
	0x3e, 0x00, 0x00, 
	0x00, 0x00, 0x00, 
	0x00, 0x00, 0x00, 
	0x00, 0x00, 0x00, 
	0x00, 0x00, 0x00, 
	0x00, 0x00, 0x00, 
	
	// ASCII: 121 "y" (27 pixels wide)
	0x00, 0x00, 0x00, 
	0x00, 0x00, 0x00, 
	0x00, 0x00, 0x00, 
	0x00, 0x00, 0x00, 
	0x00, 0x00, 0x00, 
	0x00, 0x00, 0x00, 
	0x00, 0x00, 0x00, 
	0x00, 0x00, 0x00, 
	0x00, 0x00, 0x00, 
	0x00, 0x00, 0x00, 
	0x00, 0x00, 0x00, 
	0x00, 0x00, 0x00, 
	0x00, 0x00, 0x00, 
	0x00, 0x00, 0x00, 
	0x00, 0x00, 0x00, 
	0x00, 0x00, 0x00, 
	0x00, 0x00, 0x00, 
	0x00, 0x00, 0x00, 
	0x00, 0x00, 0x00, 
	0x00, 0x00, 0x00, 
	0x00, 0x00, 0x00, 
	0x00, 0x00, 0x00, 
	0x00, 0x00, 0x00, 
	0x00, 0x00, 0x00, 
	0xf8, 0x00, 0x3e, 
	0x00, 0xf8, 0x00, 
	0x3e, 0x00, 0xf8, 
	0x00, 0x3e, 0x00, 
	0xf8, 0x00, 0x3e, 
	0x00, 0xf8, 0x00, 
	0x3e, 0x00, 0xf8, 
	0x00, 0x3e, 0x00, 
	0xf8, 0x00, 0x3e, 
	0x00, 0xf8, 0x00, 
	0x3e, 0x00, 0xf8, 
	0x00, 0x3e, 0x00, 
	0x0f, 0x87, 0xc0, 
	0x00, 0x0f, 0x87, 
	0xc0, 0x00, 0x0f, 
	0x87, 0xc0, 0x00, 
	0x0f, 0x87, 0xc0, 
	0x00, 0x0f, 0x87, 
	0xc0, 0x00, 0x0f, 
	0x87, 0xc0, 0x00, 
	0x0f, 0x87, 0xc0, 
	0x00, 0x0f, 0x87, 
	0xc0, 0x00, 0x0f, 
	0x87, 0xc0, 0x00, 
	0x00, 0x7c, 0x00, 
	0x00, 0x00, 0x7c, 
	0x00, 0x00, 0x00, 
	0x7c, 0x00, 0x00, 
	0x00, 0x7c, 0x00, 
	0x00, 0x00, 0x7c, 
	0x00, 0x00, 0x00, 
	0x7c, 0x00, 0x00, 
	0x00, 0x7c, 0x00, 
	0x00, 0x00, 0x7c, 
	0x00, 0x00, 0x00, 
	0x7c, 0x00, 0x00, 
	
	// ASCII: 122 "z" (27 pixels wide)
	0x00, 0x00, 0x00, 
	0x00, 0x00, 0x00, 
	0x00, 0x00, 0x00, 
	0x00, 0x00, 0x00, 
	0x00, 0x00, 0x00, 
	0x00, 0x00, 0x00, 
	0x00, 0x00, 0x00, 
	0x00, 0x00, 0x00, 
	0x00, 0x00, 0x00, 
	0x00, 0x00, 0x00, 
	0x00, 0x00, 0x00, 
	0x00, 0x00, 0x00, 
	0x00, 0x00, 0x00, 
	0x00, 0x00, 0x00, 
	0x00, 0x00, 0x00, 
	0x00, 0x00, 0x00, 
	0x00, 0x00, 0x00, 
	0x00, 0x00, 0x00, 
	0x00, 0x00, 0x00, 
	0x00, 0x00, 0x00, 
	0x00, 0x00, 0x00, 
	0x00, 0x00, 0x00, 
	0x00, 0x00, 0x00, 
	0x00, 0x00, 0x00, 
	0xff, 0xff, 0xfe, 
	0x00, 0xff, 0xff, 
	0xfe, 0x00, 0xff, 
	0xff, 0xfe, 0x00, 
	0xff, 0xff, 0xfe, 
	0x00, 0xff, 0xff, 
	0xfe, 0x00, 0x00, 
	0x00, 0x3e, 0x00, 
	0x00, 0x00, 0x3e, 
	0x00, 0x00, 0x00, 
	0x3e, 0x00, 0x00, 
	0x00, 0x3e, 0x00, 
	0x0f, 0xff, 0xc0, 
	0x00, 0x0f, 0xff, 
	0xc0, 0x00, 0x0f, 
	0xff, 0xc0, 0x00, 
	0x0f, 0xff, 0xc0, 
	0x00, 0xff, 0xff, 
	0xc0, 0x00, 0xf8, 
	0x00, 0x00, 0x00, 
	0xf8, 0x00, 0x00, 
	0x00, 0xf8, 0x00, 
	0x00, 0x00, 0xf8, 
	0x00, 0x00, 0x00, 
	0xff, 0xff, 0xfe, 
	0x00, 0xff, 0xff, 
	0xfe, 0x00, 0xff, 
	0xff, 0xfe, 0x00, 
	0xff, 0xff, 0xfe, 
	0x00, 0xff, 0xff, 
	0xfe, 0x00, 0x00, 
	0x00, 0x00, 0x00, 
	0x00, 0x00, 0x00, 
	0x00, 0x00, 0x00, 
	0x00, 0x00, 0x00, 
	0x00, 0x00, 0x00, 
	
	// ASCII: 123 "{" (27 pixels wide)
	0x00, 0x00, 0x00, 
	0x00, 0x00, 0x00, 
	0x00, 0x00, 0x00, 
	0x00, 0x00, 0x00, 
	0x00, 0x00, 0x00, 
	0x00, 0x00, 0x00, 
	0x00, 0x00, 0x00, 
	0x00, 0x00, 0x00, 
	0x00, 0x00, 0x00, 
	0x00, 0x00, 0x00, 
	0x00, 0x00, 0x00, 
	0x00, 0x00, 0x00, 
	0x00, 0x0f, 0xf8, 
	0x00, 0x00, 0x0f, 
	0xf8, 0x00, 0x00, 
	0x0f, 0xf8, 0x00, 
	0x00, 0x0f, 0xf8, 
	0x00, 0x01, 0xff, 
	0xf8, 0x00, 0x01, 
	0xf0, 0x00, 0x00, 
	0x01, 0xf0, 0x00, 
	0x00, 0x01, 0xf0, 
	0x00, 0x00, 0x01, 
	0xf0, 0x00, 0x00, 
	0x01, 0xf0, 0x00, 
	0x00, 0x01, 0xf0, 
	0x00, 0x00, 0x01, 
	0xf0, 0x00, 0x00, 
	0x01, 0xf0, 0x00, 
	0x00, 0x01, 0xf0, 
	0x00, 0x00, 0x3f, 
	0xf0, 0x00, 0x00, 
	0x3f, 0xf0, 0x00, 
	0x00, 0x3f, 0xf0, 
	0x00, 0x00, 0x3f, 
	0xf0, 0x00, 0x00, 
	0x3f, 0xf0, 0x00, 
	0x00, 0x3f, 0xf0, 
	0x00, 0x00, 0x3f, 
	0xf0, 0x00, 0x00, 
	0x3f, 0xf0, 0x00, 
	0x00, 0x3f, 0xf0, 
	0x00, 0x00, 0x01, 
	0xf0, 0x00, 0x00, 
	0x01, 0xf0, 0x00, 
	0x00, 0x01, 0xf0, 
	0x00, 0x00, 0x01, 
	0xf0, 0x00, 0x00, 
	0x01, 0xf0, 0x00, 
	0x00, 0x01, 0xf0, 
	0x00, 0x00, 0x01, 
	0xf0, 0x00, 0x00, 
	0x01, 0xf0, 0x00, 
	0x00, 0x01, 0xf0, 
	0x00, 0x00, 0x00, 
	0x0f, 0xf8, 0x00, 
	0x00, 0x0f, 0xf8, 
	0x00, 0x00, 0x0f, 
	0xf8, 0x00, 0x00, 
	0x0f, 0xf8, 0x00, 
	
	// ASCII: 124 "|" (27 pixels wide)
	0x00, 0x00, 0x00, 
	0x00, 0x00, 0x00, 
	0x00, 0x00, 0x00, 
	0x00, 0x00, 0x00, 
	0x00, 0x00, 0x00, 
	0x00, 0x00, 0x00, 
	0x00, 0x00, 0x00, 
	0x00, 0x00, 0x00, 
	0x00, 0x00, 0x00, 
	0x00, 0x00, 0x00, 
	0x00, 0x00, 0x00, 
	0x00, 0x00, 0x00, 
	0x00, 0x7c, 0x00, 
	0x00, 0x00, 0x7c, 
	0x00, 0x00, 0x00, 
	0x7c, 0x00, 0x00, 
	0x00, 0x7c, 0x00, 
	0x00, 0x00, 0x7c, 
	0x00, 0x00, 0x00, 
	0x7c, 0x00, 0x00, 
	0x00, 0x7c, 0x00, 
	0x00, 0x00, 0x7c, 
	0x00, 0x00, 0x00, 
	0x7c, 0x00, 0x00, 
	0x00, 0x7c, 0x00, 
	0x00, 0x00, 0x7c, 
	0x00, 0x00, 0x00, 
	0x7c, 0x00, 0x00, 
	0x00, 0x7c, 0x00, 
	0x00, 0x00, 0x7c, 
	0x00, 0x00, 0x00, 
	0x7c, 0x00, 0x00, 
	0x00, 0x7c, 0x00, 
	0x00, 0x00, 0x7c, 
	0x00, 0x00, 0x00, 
	0x7c, 0x00, 0x00, 
	0x00, 0x7c, 0x00, 
	0x00, 0x00, 0x7c, 
	0x00, 0x00, 0x00, 
	0x7c, 0x00, 0x00, 
	0x00, 0x7c, 0x00, 
	0x00, 0x00, 0x7c, 
	0x00, 0x00, 0x00, 
	0x7c, 0x00, 0x00, 
	0x00, 0x7c, 0x00, 
	0x00, 0x00, 0x7c, 
	0x00, 0x00, 0x00, 
	0x7c, 0x00, 0x00, 
	0x00, 0x7c, 0x00, 
	0x00, 0x00, 0x7c, 
	0x00, 0x00, 0x00, 
	0x7c, 0x00, 0x00, 
	0x00, 0x7c, 0x00, 
	0x00, 0x00, 0x7c, 
	0x00, 0x00, 0x00, 
	0x7c, 0x00, 0x00, 
	0x00, 0x7c, 0x00, 
	0x00, 0x00, 0x7c, 
	0x00, 0x00, 0x00, 
	0x7c, 0x00, 0x00, 
	
	// ASCII: 125 "}" (27 pixels wide)
	0x00, 0x00, 0x00, 
	0x00, 0x00, 0x00, 
	0x00, 0x00, 0x00, 
	0x00, 0x00, 0x00, 
	0x00, 0x00, 0x00, 
	0x00, 0x00, 0x00, 
	0x00, 0x00, 0x00, 
	0x00, 0x00, 0x00, 
	0x00, 0x00, 0x00, 
	0x00, 0x00, 0x00, 
	0x00, 0x00, 0x00, 
	0x00, 0x00, 0x00, 
	0x3f, 0xe0, 0x00, 
	0x00, 0x3f, 0xe0, 
	0x00, 0x00, 0x3f, 
	0xe0, 0x00, 0x00, 
	0x3f, 0xe0, 0x00, 
	0x00, 0x3f, 0xff, 
	0x00, 0x00, 0x00, 
	0x1f, 0x00, 0x00, 
	0x00, 0x1f, 0x00, 
	0x00, 0x00, 0x1f, 
	0x00, 0x00, 0x00, 
	0x1f, 0x00, 0x00, 
	0x00, 0x1f, 0x00, 
	0x00, 0x00, 0x1f, 
	0x00, 0x00, 0x00, 
	0x1f, 0x00, 0x00, 
	0x00, 0x1f, 0x00, 
	0x00, 0x00, 0x1f, 
	0x00, 0x00, 0x00, 
	0x1f, 0xf0, 0x00, 
	0x00, 0x1f, 0xf0, 
	0x00, 0x00, 0x1f, 
	0xf0, 0x00, 0x00, 
	0x1f, 0xf0, 0x00, 
	0x00, 0x1f, 0xf0, 
	0x00, 0x00, 0x1f, 
	0xf0, 0x00, 0x00, 
	0x1f, 0xf0, 0x00, 
	0x00, 0x1f, 0xf0, 
	0x00, 0x00, 0x1f, 
	0xf0, 0x00, 0x00, 
	0x1f, 0x00, 0x00, 
	0x00, 0x1f, 0x00, 
	0x00, 0x00, 0x1f, 
	0x00, 0x00, 0x00, 
	0x1f, 0x00, 0x00, 
	0x00, 0x1f, 0x00, 
	0x00, 0x00, 0x1f, 
	0x00, 0x00, 0x00, 
	0x1f, 0x00, 0x00, 
	0x00, 0x1f, 0x00, 
	0x00, 0x00, 0x1f, 
	0x00, 0x00, 0x3f, 
	0xe0, 0x00, 0x00, 
	0x3f, 0xe0, 0x00, 
	0x00, 0x3f, 0xe0, 
	0x00, 0x00, 0x3f, 
	0xe0, 0x00, 0x00, 
	
	// ASCII: 126 "~" (27 pixels wide)
	0x00, 0x00, 0x00, 
	0x00, 0x00, 0x00, 
	0x00, 0x00, 0x00, 
	0x00, 0x00, 0x00, 
	0x00, 0x00, 0x00, 
	0x00, 0x00, 0x00, 
	0x00, 0x00, 0x00, 
	0x00, 0x00, 0x00, 
	0x00, 0x00, 0x00, 
	0x00, 0x00, 0x00, 
	0x00, 0x00, 0x00, 
	0x00, 0x00, 0x00, 
	0x00, 0x00, 0x00, 
	0x00, 0x00, 0x00, 
	0x00, 0x00, 0x00, 
	0x00, 0x00, 0x00, 
	0x00, 0x00, 0x00, 
	0x00, 0x00, 0x00, 
	0x00, 0x00, 0x00, 
	0x00, 0x00, 0x00, 
	0x00, 0x00, 0x00, 
	0x00, 0x00, 0x00, 
	0x00, 0x00, 0x00, 
	0x00, 0x00, 0x00, 
	0x0f, 0x80, 0x00, 
	0x00, 0x0f, 0x80, 
	0x00, 0x00, 0x0f, 
	0x80, 0x00, 0x00, 
	0x0f, 0x80, 0x00, 
	0x00, 0x0f, 0x80, 
	0x00, 0x00, 0xf8, 
	0x7c, 0x3e, 0x00, 
	0xf8, 0x7c, 0x3e, 
	0x00, 0xf8, 0x7c, 
	0x3e, 0x00, 0xf8, 
	0x7c, 0x3e, 0x00, 
	0xf0, 0x7f, 0xde, 
	0x00, 0x00, 0x07, 
	0xc0, 0x00, 0x00, 
	0x07, 0xc0, 0x00, 
	0x00, 0x07, 0xc0, 
	0x00, 0x00, 0x07, 
	0xc0, 0x00, 0x00, 
	0x00, 0x00, 0x00, 
	0x00, 0x00, 0x00, 
	0x00, 0x00, 0x00, 
	0x00, 0x00, 0x00, 
	0x00, 0x00, 0x00, 
	0x00, 0x00, 0x00, 
	0x00, 0x00, 0x00, 
	0x00, 0x00, 0x00, 
	0x00, 0x00, 0x00, 
	0x00, 0x00, 0x00, 
	0x00, 0x00, 0x00, 
	0x00, 0x00, 0x00, 
	0x00, 0x00, 0x00, 
	0x00, 0x00, 0x00, 
	0x00, 0x00, 0x00, 
	0x00, 0x00, 0x00, 
	0x00, 0x00, 0x00, 
	
};

const uint8_t PixeloidSans36_Widths [] = 
{
	12, 27, 27, 27, 27, 27, 27, 15, 27, 27, 27, 27, 27, 27, 14, 18, 
	27, 27, 27, 27, 27, 27, 27, 27, 27, 27, 18, 27, 27, 27, 27, 27, 
	27, 27, 27, 27, 27, 27, 27, 27, 27, 27, 27, 27, 27, 32, 32, 27, 
	27, 27, 27, 27, 27, 27, 27, 32, 27, 27, 27, 27, 27, 27, 27, 27, 
	27, 27, 27, 27, 27, 27, 18, 27, 27, 12, 18, 27, 12, 36, 24, 27, 
	27, 27, 27, 27, 20, 27, 27, 32, 27, 27, 27, 27, 27, 27, 27, 
};

sFONT PixeloidSans36 = {
	PixeloidSans36_Table,
	PixeloidSans36_Widths,  /* Character width table */
	27, /* Default Width */
	45, /* Height */
};

