;FLAVOR:Marlin
;TIME:868
;Filament used: 0.497186m
;Layer height: 0.15
;MINX:192.161
;MINY:201.665
;MINZ:0.15
;MAXX:238.483
;MAXY:229.502
;MAXZ:15.45
;TARGET_MACHINE.NAME:ELEGOO NEPTUNE 4 Max
;Generated with Cura_SteamEngine 5.9.0
M82 ;absolute extrusion mode
;ELEGOO NEPTUNE 4 MAX
M220 S100 ;Set the feed speed to 100%
M221 S100 ;Set the flow rate to 100%
M104 S140 ;Start heating extruder
M190 S60 ;Wait for the bed to reach print temp
G90
G28 ;home
G1 Z10 F300
G1 X165 Y0 F6000
G1 Z0 F300
M109 S210 ;Wait for extruder to reach print temp
G92 E0 ;Reset Extruder
G1 X165 Y0 Z0.4 F300 ;Move to start position
G1 X265 E30 F400 ;Draw the first line
G1 Z0.6 F120.0 ;Move to side a little
G1 X260 F3000
G92 E0 ;Reset Extruder
G92 E0
G92 E0
G1 F2700 E-0.5
;LAYER_COUNT:103
;LAYER:0
M107
M204 S500
G0 F7200 X221.342 Y229.428 Z0.15
;TYPE:SKIRT
G1 F2700 E0
G1 F3600 X220.227 Y229.502 E0.03659
G1 X219.34 Y229.439 E0.0657
G1 X217.024 Y228.763 E0.14469
G1 X215.674 Y228.017 E0.19519
G1 X214.781 Y227.124 E0.23654
G1 X213.98 Y226.892 E0.26384
G1 X213.425 Y226.96 E0.28215
G1 X212.448 Y226.869 E0.31427
G1 X212.314 Y226.843 E0.31874
G1 X210.397 Y227.383 E0.38395
G1 X209.095 Y227.48 E0.42669
G1 X208.514 Y227.384 E0.44597
G1 X207.244 Y227.738 E0.48914
G1 X206.28 Y227.81 E0.52079
G1 X205.25 Y227.749 E0.55457
G1 X203.065 Y227.11 E0.62911
G1 X201.726 Y226.37 E0.67919
G1 X199.875 Y224.519 E0.7649
G1 X199.096 Y223.239 E0.81396
G1 X198.627 Y221.633 E0.86874
G1 X197.368 Y221.266 E0.91167
G1 X196.029 Y220.526 E0.96176
G1 X193.83 Y218.327 E1.06358
G1 X193.056 Y217.059 E1.11222
G1 X192.275 Y214.387 E1.20336
G1 X192.161 Y213.024 E1.24814
G1 X192.352 Y211.959 E1.28357
G1 X193.003 Y209.738 E1.35934
G1 X193.706 Y208.436 E1.40779
G1 X195.67 Y206.36 E1.50135
G1 X196.633 Y205.665 E1.54023
G1 X197.309 Y205.337 E1.56483
G1 X199.919 Y204.605 E1.65358
G1 X201.113 Y204.514 E1.69279
G1 X201.32 Y204.524 E1.69958
G1 X201.505 Y204.35 E1.70789
G1 X202.409 Y203.701 E1.74433
G1 X203.055 Y203.392 E1.76777
G1 X205.16 Y202.801 E1.83935
G1 X206.552 Y202.692 E1.88507
G1 X207.169 Y202.807 E1.90562
G1 X207.41 Y202.759 E1.91366
G1 X208.503 Y202.665 E1.94958
G1 X209.255 Y202.784 E1.97451
G1 X211.275 Y203.35 E2.04319
G1 X211.483 Y203.437 E2.05057
G1 X212.4 Y203.178 E2.08177
G1 X213.65 Y203.077 E2.12283
G1 X214.378 Y203.163 E2.14683
G1 X215.264 Y203.401 E2.17687
G1 X215.759 Y203.261 E2.19371
G1 X215.931 Y203.124 E2.20091
G1 X216.951 Y202.463 E2.2407
G1 X219.426 Y201.768 E2.32487
G1 X220.68 Y201.665 E2.36606
G1 X221.567 Y201.785 E2.39537
G1 X223.326 Y202.278 E2.45518
G1 X223.816 Y202.485 E2.47259
G1 X224.209 Y202.541 E2.48559
G1 X225.731 Y202.958 E2.53726
G1 X227.165 Y203.75 E2.59089
G1 X228.559 Y205.215 E2.6571
G1 X228.855 Y205.69 E2.67543
G1 X229.158 Y205.615 E2.68565
G1 X230.206 Y205.538 E2.72005
G1 X231.07 Y205.592 E2.74839
G1 X233.624 Y206.327 E2.83541
G1 X234.22 Y206.599 E2.85685
G1 X235.21 Y207.312 E2.8968
G1 X236.894 Y209.087 E2.97691
G1 X237.664 Y210.338 E3.025
G1 X238.381 Y212.805 E3.10911
G1 X238.483 Y213.993 E3.14815
G1 X238.407 Y214.837 E3.1759
G1 X237.731 Y217.251 E3.25797
G1 X236.968 Y218.655 E3.31029
G1 X234.922 Y220.701 E3.40502
G1 X233.519 Y221.465 E3.45733
G1 X231.183 Y222.12 E3.53676
G1 X229.738 Y222.231 E3.58421
G1 X229.408 Y222.176 E3.59516
G1 X229.297 Y222.754 E3.61443
G1 X228.814 Y223.894 E3.65497
G1 X228.017 Y224.894 E3.69683
G1 X227.235 Y225.669 E3.73288
G1 X227.149 Y225.742 E3.73657
G1 X226.829 Y226.228 E3.75563
G1 X225.032 Y228.025 E3.83883
G1 X223.627 Y228.789 E3.89119
G1 X221.342 Y229.428 E3.96887
G0 F7200 X221.252 Y228.908
G1 F3600 X220.264 Y228.978 E4.0013
G1 X219.432 Y228.919 E4.02861
G1 X217.229 Y228.276 E4.10375
G1 X215.991 Y227.592 E4.15006
G1 X215.056 Y226.657 E4.19335
G1 X214.022 Y226.358 E4.22859
G1 X213.419 Y226.432 E4.24848
G1 X212.497 Y226.346 E4.2788
G1 X212.297 Y226.303 E4.28549
G1 X210.31 Y226.863 E4.35308
G1 X209.056 Y226.956 E4.39425
G1 X208.493 Y226.845 E4.41304
G1 X207.154 Y227.218 E4.45855
G1 X206.241 Y227.286 E4.48852
G1 X205.34 Y227.228 E4.51808
G1 X203.27 Y226.623 E4.58869
G1 X202.043 Y225.945 E4.63459
G1 X200.29 Y224.192 E4.71576
G1 X199.581 Y223.027 E4.76041
G1 X199.05 Y221.21 E4.82239
G1 X197.573 Y220.779 E4.87276
G1 X196.346 Y220.101 E4.91866
G1 X194.247 Y218.002 E5.01585
G1 X193.54 Y216.844 E5.06027
G1 X192.794 Y214.29 E5.14738
G1 X192.69 Y213.049 E5.18815
G1 X192.856 Y212.107 E5.21947
G1 X193.492 Y209.937 E5.29351
G1 X194.135 Y208.746 E5.33782
G1 X196.016 Y206.758 E5.42743
G1 X196.906 Y206.116 E5.46335
G1 X197.491 Y205.832 E5.48465
G1 X200.016 Y205.124 E5.5705
G1 X201.153 Y205.037 E5.60784
G1 X201.521 Y205.067 E5.61993
G1 X201.811 Y204.776 E5.63338
G1 X202.674 Y204.156 E5.66817
G1 X203.243 Y203.884 E5.68882
G1 X205.252 Y203.32 E5.75713
G1 X206.593 Y203.215 E5.80117
G1 X207.163 Y203.344 E5.82031
G1 X207.513 Y203.274 E5.83199
G1 X208.481 Y203.194 E5.86379
G1 X209.173 Y203.303 E5.88673
G1 X211.133 Y203.855 E5.9534
G1 X211.44 Y203.995 E5.96445
G1 X212.494 Y203.697 E6.00031
G1 X213.639 Y203.604 E6.03792
G1 X214.242 Y203.67 E6.05778
G1 X215.267 Y203.945 E6.09252
G1 X216.008 Y203.736 E6.11773
G1 X216.217 Y203.564 E6.12659
G1 X217.17 Y202.946 E6.16378
G1 X219.518 Y202.287 E6.24363
G1 X220.664 Y202.193 E6.28127
G1 X221.425 Y202.291 E6.30639
G1 X223.184 Y202.784 E6.3662
G1 X223.674 Y202.995 E6.38367
G1 X224.134 Y203.061 E6.39889
G1 X225.53 Y203.447 E6.44631
G1 X226.842 Y204.172 E6.49538
G1 X228.179 Y205.577 E6.55888
G1 X228.609 Y206.306 E6.58659
G1 X229.196 Y206.139 E6.60657
G1 X230.244 Y206.062 E6.64098
G1 X230.98 Y206.113 E6.66513
G1 X233.406 Y206.805 E6.74773
G1 X233.956 Y207.056 E6.76752
G1 X234.864 Y207.71 E6.80416
G1 X236.476 Y209.409 E6.88084
G1 X237.18 Y210.553 E6.92482
G1 X237.862 Y212.901 E7.00487
G1 X237.956 Y213.991 E7.04069
G1 X237.888 Y214.741 E7.06535
G1 X237.241 Y217.054 E7.14398
G1 X236.543 Y218.338 E7.19183
G1 X234.605 Y220.276 E7.28156
G1 X233.319 Y220.976 E7.3295
G1 X231.091 Y221.601 E7.40526
G1 X229.698 Y221.708 E7.45101
G1 X228.937 Y221.514 E7.47672
G1 X228.926 Y221.9 E7.48936
G1 X228.791 Y222.604 E7.51283
G1 X228.36 Y223.621 E7.54899
G1 X227.647 Y224.521 E7.58659
G1 X226.865 Y225.296 E7.62263
G1 X226.754 Y225.388 E7.62735
G1 X226.42 Y225.895 E7.64723
G1 X224.715 Y227.6 E7.72618
G1 X223.431 Y228.298 E7.77402
G1 X221.252 Y228.908 E7.84811
G0 F7200 X221.158 Y228.389
G1 F3600 X220.301 Y228.454 E7.87625
G1 X219.524 Y228.399 E7.90175
G1 X217.43 Y227.788 E7.97317
G1 X216.31 Y227.169 E8.01506
G1 X215.331 Y226.19 E8.06039
G1 X214.058 Y225.822 E8.10378
G1 X213.468 Y225.909 E8.12331
G1 X212.546 Y225.823 E8.15362
G1 X212.254 Y225.752 E8.16346
G1 X212.078 Y225.825 E8.1697
G1 X210.219 Y226.343 E8.23288
G1 X209.086 Y226.427 E8.27008
G1 X208.471 Y226.306 E8.2906
G1 X207.064 Y226.698 E8.33842
G1 X206.202 Y226.762 E8.36672
G1 X205.43 Y226.707 E8.39206
G1 X203.475 Y226.136 E8.45874
G1 X202.36 Y225.52 E8.50045
G1 X200.705 Y223.865 E8.57708
G1 X200.066 Y222.815 E8.61732
G1 X199.473 Y220.787 E8.6865
G1 X197.778 Y220.292 E8.74431
G1 X196.663 Y219.676 E8.78602
G1 X194.664 Y217.677 E8.87858
G1 X194.024 Y216.629 E8.91878
G1 X193.313 Y214.193 E9.00186
G1 X193.219 Y213.072 E9.0387
G1 X193.36 Y212.255 E9.06584
G1 X193.981 Y210.136 E9.13814
G1 X194.564 Y209.056 E9.17832
G1 X196.362 Y207.156 E9.26396
G1 X197.178 Y206.567 E9.29691
G1 X197.673 Y206.327 E9.31492
G1 X200.113 Y205.643 E9.39789
G1 X201.193 Y205.56 E9.43335
G1 X201.722 Y205.616 E9.45077
G1 X202.117 Y205.202 E9.4695
G1 X202.939 Y204.611 E9.50265
G1 X203.431 Y204.376 E9.5205
G1 X205.344 Y203.839 E9.58555
G1 X206.553 Y203.744 E9.62526
G1 X207.158 Y203.882 E9.64558
G1 X207.556 Y203.797 E9.6589
G1 X208.461 Y203.722 E9.68863
G1 X209.031 Y203.808 E9.70751
G1 X210.991 Y204.36 E9.77417
G1 X211.39 Y204.554 E9.7887
G1 X212.588 Y204.216 E9.82945
G1 X213.63 Y204.131 E9.86368
G1 X214.185 Y204.192 E9.88196
G1 X215.268 Y204.489 E9.91873
G1 X216.262 Y204.21 E9.95253
G1 X216.503 Y204.004 E9.96291
G1 X217.389 Y203.429 E9.99749
G1 X219.61 Y202.806 E10.07302
G1 X220.652 Y202.721 E10.10725
G1 X221.283 Y202.797 E10.12805
G1 X223.042 Y203.29 E10.18786
G1 X223.534 Y203.507 E10.20547
G1 X223.994 Y203.567 E10.22066
G1 X225.328 Y203.936 E10.26597
G1 X226.519 Y204.594 E10.31052
G1 X227.757 Y205.895 E10.36932
G1 X228.363 Y206.921 E10.40833
G1 X229.286 Y206.659 E10.43975
G1 X230.282 Y206.586 E10.47244
G1 X230.887 Y206.632 E10.49231
G1 X233.188 Y207.283 E10.5706
G1 X233.692 Y207.513 E10.58874
G1 X234.518 Y208.108 E10.62207
G1 X236.058 Y209.731 E10.69532
G1 X236.696 Y210.768 E10.73519
G1 X237.343 Y212.997 E10.81118
G1 X237.429 Y213.989 E10.84378
G1 X237.37 Y214.643 E10.86528
G1 X236.75 Y216.858 E10.94058
G1 X236.118 Y218.021 E10.98392
G1 X234.288 Y219.851 E11.06865
G1 X233.123 Y220.485 E11.11208
G1 X230.994 Y221.082 E11.18447
G1 X229.746 Y221.178 E11.22545
G1 X228.613 Y220.89 E11.26372
G1 X228.417 Y220.809 E11.27067
G1 X228.41 Y221.801 E11.30315
G1 X228.285 Y222.454 E11.32492
G1 X227.905 Y223.351 E11.35681
G1 X227.277 Y224.148 E11.39003
G1 X226.495 Y224.923 E11.42608
G1 X226.357 Y225.033 E11.43186
G1 X226.049 Y225.524 E11.45083
G1 X224.398 Y227.175 E11.52728
G1 X223.234 Y227.808 E11.57066
G1 X221.158 Y228.389 E11.64124
G0 F7200 X221.068 Y227.869
G1 F3600 X220.261 Y227.93 E11.66774
G1 X219.619 Y227.88 E11.68882
G1 X217.635 Y227.301 E11.75649
G1 X216.627 Y226.744 E11.79419
G1 X215.585 Y225.702 E11.84244
G1 X215.415 Y225.672 E11.84809
G1 X214.087 Y225.283 E11.8934
G1 X213.517 Y225.386 E11.91236
G1 X212.595 Y225.3 E11.94268
G1 X212.209 Y225.197 E11.95576
G1 X211.937 Y225.319 E11.96552
G1 X210.129 Y225.823 E12.02697
G1 X209.047 Y225.903 E12.06249
G1 X208.461 Y225.763 E12.08222
G1 X206.974 Y226.178 E12.13276
G1 X206.163 Y226.238 E12.15939
G1 X205.525 Y226.188 E12.18034
G1 X203.676 Y225.648 E12.24341
G1 X202.679 Y225.097 E12.2807
G1 X201.12 Y223.538 E12.35289
G1 X200.551 Y222.603 E12.38872
G1 X200.016 Y220.773 E12.45114
G1 X199.973 Y220.386 E12.46389
G1 X197.979 Y219.804 E12.5319
G1 X196.982 Y219.253 E12.5692
G1 X195.079 Y217.35 E12.65731
G1 X194.509 Y216.416 E12.69313
G1 X193.831 Y214.096 E12.77227
G1 X193.748 Y213.097 E12.80509
G1 X193.864 Y212.403 E12.82813
G1 X194.47 Y210.335 E12.89868
G1 X194.993 Y209.366 E12.93473
G1 X196.708 Y207.554 E13.01642
G1 X197.485 Y206.993 E13.04779
G1 X197.815 Y206.833 E13.0598
G1 X200.21 Y206.162 E13.14123
G1 X201.182 Y206.087 E13.17315
G1 X201.606 Y206.126 E13.18709
G1 X201.886 Y206.205 E13.19662
G1 X202.464 Y205.598 E13.22406
G1 X203.245 Y205.037 E13.25554
G1 X203.573 Y204.881 E13.26744
G1 X205.436 Y204.358 E13.33079
G1 X206.512 Y204.273 E13.36613
G1 X207.158 Y204.421 E13.38783
G1 X207.599 Y204.32 E13.40264
G1 X208.442 Y204.25 E13.43033
G1 X208.889 Y204.313 E13.44511
G1 X210.801 Y204.851 E13.51014
G1 X211.34 Y205.114 E13.52978
G1 X212.682 Y204.735 E13.57544
G1 X213.62 Y204.658 E13.60625
G1 X214.127 Y204.714 E13.62295
G1 X215.268 Y205.034 E13.66175
G1 X216.518 Y204.683 E13.70426
G1 X216.789 Y204.445 E13.71606
G1 X217.611 Y203.912 E13.74814
G1 X219.702 Y203.325 E13.81925
G1 X220.64 Y203.248 E13.85006
G1 X221.141 Y203.303 E13.86656
G1 X222.9 Y203.796 E13.92637
G1 X223.394 Y204.02 E13.94413
G1 X223.854 Y204.073 E13.95929
G1 X225.126 Y204.425 E14.0025
G1 X226.196 Y205.016 E14.04252
G1 X227.335 Y206.213 E14.09662
G1 X227.872 Y207.122 E14.13119
G1 X228.001 Y207.57 E14.14645
G1 X229.38 Y207.178 E14.19339
G1 X230.242 Y207.11 E14.2217
G1 X230.798 Y207.152 E14.23995
G1 X233.045 Y207.788 E14.31641
G1 X233.425 Y207.968 E14.33018
G1 X234.172 Y208.506 E14.36032
G1 X235.64 Y210.053 E14.43014
G1 X236.212 Y210.983 E14.46589
G1 X236.824 Y213.092 E14.53779
G1 X236.902 Y213.987 E14.5672
G1 X236.851 Y214.547 E14.58561
G1 X236.26 Y216.661 E14.65748
G1 X235.693 Y217.704 E14.69635
G1 X233.971 Y219.426 E14.77608
G1 X232.927 Y219.994 E14.81499
G1 X230.897 Y220.563 E14.88402
G1 X229.793 Y220.648 E14.92027
G1 X228.742 Y220.381 E14.95577
G1 X227.999 Y220.041 E14.98252
G1 X227.545 Y219.694 E15.00123
G1 X227.861 Y220.551 E15.03114
G1 X227.893 Y220.737 E15.03732
G1 X227.885 Y221.747 E15.07039
G1 X227.779 Y222.301 E15.08885
G1 X227.449 Y223.082 E15.11661
G1 X226.907 Y223.775 E15.14542
G1 X226.125 Y224.55 E15.18146
G1 X225.964 Y224.674 E15.18812
G1 X225.637 Y225.194 E15.20823
G1 X224.081 Y226.75 E15.28027
G1 X223.037 Y227.318 E15.31919
G1 X221.068 Y227.869 E15.38613
G0 F7200 X220.976 Y227.349
G1 F3600 X220.221 Y227.406 E15.41092
G1 X219.714 Y227.361 E15.42758
G1 X217.84 Y226.814 E15.4915
G1 X216.944 Y226.319 E15.52501
G1 X215.832 Y225.207 E15.5765
G1 X215.563 Y225.168 E15.5854
G1 X214.116 Y224.744 E15.63477
G1 X213.494 Y224.856 E15.65546
G1 X212.644 Y224.777 E15.68341
G1 X212.163 Y224.636 E15.69982
G1 X211.796 Y224.813 E15.71316
G1 X210.039 Y225.303 E15.77288
G1 X209.089 Y225.373 E15.80407
G1 X208.451 Y225.22 E15.82555
G1 X206.884 Y225.658 E15.87882
G1 X206.124 Y225.714 E15.90377
G1 X205.62 Y225.669 E15.92034
G1 X203.881 Y225.161 E15.97965
G1 X202.996 Y224.672 E16.01276
G1 X201.535 Y223.211 E16.0804
G1 X201.036 Y222.391 E16.11183
G1 X200.52 Y220.626 E16.17204
G1 X200.465 Y219.983 E16.19316
G1 X198.184 Y219.317 E16.27096
G1 X197.299 Y218.828 E16.30407
G1 X195.496 Y217.025 E16.38755
G1 X194.993 Y216.201 E16.41916
G1 X194.349 Y213.999 E16.49427
G1 X194.276 Y213.119 E16.52318
G1 X194.368 Y212.551 E16.54202
G1 X194.959 Y210.534 E16.61084
G1 X195.422 Y209.676 E16.64276
G1 X197.054 Y207.952 E16.72048
G1 X197.792 Y207.419 E16.75029
G1 X197.957 Y207.339 E16.75629
G1 X200.306 Y206.681 E16.83616
G1 X201.149 Y206.611 E16.86385
G1 X201.464 Y206.631 E16.87419
G1 X202.048 Y206.795 E16.89405
G1 X202.808 Y205.997 E16.93013
G1 X203.551 Y205.464 E16.96006
G1 X203.715 Y205.386 E16.96601
G1 X205.528 Y204.877 E17.02766
G1 X206.553 Y204.796 E17.06133
G1 X207.151 Y204.964 E17.08166
G1 X207.642 Y204.843 E17.09822
G1 X208.426 Y204.778 E17.12398
G1 X208.747 Y204.818 E17.13457
G1 X210.611 Y205.342 E17.19796
G1 X211.105 Y205.583 E17.21596
G1 X211.357 Y205.655 E17.22454
G1 X212.776 Y205.254 E17.27282
G1 X213.615 Y205.185 E17.30038
G1 X213.985 Y205.219 E17.31254
G1 X215.268 Y205.579 E17.35617
G1 X216.635 Y205.194 E17.40267
G1 X216.762 Y205.171 E17.40689
G1 X217.075 Y204.885 E17.42078
G1 X217.83 Y204.395 E17.45024
G1 X219.794 Y203.844 E17.51703
G1 X220.683 Y203.771 E17.54623
G1 X220.999 Y203.809 E17.55665
G1 X222.758 Y204.302 E17.61646
G1 X223.251 Y204.533 E17.63429
G1 X223.794 Y204.595 E17.65218
G1 X224.924 Y204.914 E17.69062
G1 X225.873 Y205.438 E17.72612
G1 X226.913 Y206.531 E17.77551
G1 X227.42 Y207.389 E17.80814
G1 X227.629 Y208.289 E17.83839
G1 X228.025 Y208.109 E17.85264
G1 X229.474 Y207.697 E17.90196
G1 X230.203 Y207.634 E17.92591
G1 X230.71 Y207.672 E17.94256
G1 X232.834 Y208.269 E18.01479
G1 X233.118 Y208.394 E18.02495
G1 X233.826 Y208.904 E18.05352
G1 X235.222 Y210.375 E18.11992
G1 X235.728 Y211.198 E18.15155
G1 X236.305 Y213.187 E18.21935
G1 X236.379 Y214.033 E18.24716
G1 X236.345 Y214.406 E18.25942
G1 X235.77 Y216.464 E18.32938
G1 X235.268 Y217.387 E18.36378
G1 X233.654 Y219.001 E18.43851
G1 X232.731 Y219.503 E18.47291
G1 X230.8 Y220.044 E18.53857
G1 X229.84 Y220.118 E18.57009
G1 X228.917 Y219.884 E18.60127
G1 X228.286 Y219.601 E18.62391
G1 X228.01 Y219.421 E18.6347
G1 X227.443 Y218.851 E18.66102
G1 X227.127 Y218.39 E18.67932
G1 X226.924 Y217.814 E18.69932
G1 X226.561 Y218.222 E18.7172
G1 X225.826 Y218.707 E18.74603
G1 X226.3 Y218.993 E18.76415
G1 X226.773 Y219.473 E18.78622
G1 X227.098 Y220.001 E18.80651
G1 X227.368 Y220.733 E18.83206
G1 X227.36 Y221.693 E18.86349
G1 X227.273 Y222.148 E18.87866
G1 X226.991 Y222.815 E18.90237
G1 X226.536 Y223.404 E18.92673
G1 X225.805 Y224.134 E18.96056
G1 X225.563 Y224.32 E18.97055
G1 X225.266 Y224.823 E18.98968
G1 X223.764 Y226.325 E19.05922
G1 X222.841 Y226.827 E19.09362
G1 X220.976 Y227.349 E19.15703
G0 F7200 X220.885 Y226.829
G1 F3600 X220.182 Y226.882 E19.18011
G1 X219.861 Y226.857 E19.19065
G1 X218.041 Y226.326 E19.25272
G1 X217.263 Y225.896 E19.28183
G1 X216.073 Y224.706 E19.33693
G1 X215.711 Y224.664 E19.34886
G1 X214.134 Y224.202 E19.40266
G1 X213.542 Y224.333 E19.42251
G1 X212.744 Y224.259 E19.44875
G1 X212.109 Y224.073 E19.47042
G1 X211.655 Y224.307 E19.48714
G1 X209.949 Y224.783 E19.54513
G1 X209.051 Y224.849 E19.57461
G1 X208.427 Y224.666 E19.5959
G1 X208.297 Y224.719 E19.60049
G1 X206.794 Y225.138 E19.65158
G1 X206.086 Y225.19 E19.67482
G1 X205.767 Y225.165 E19.6853
G1 X204.086 Y224.674 E19.74263
G1 X203.313 Y224.247 E19.77155
G1 X201.95 Y222.884 E19.83466
G1 X201.521 Y222.179 E19.86168
G1 X201.038 Y220.528 E19.918
G1 X200.972 Y219.748 E19.94362
G1 X201.006 Y219.46 E19.95312
G1 X200.546 Y219.46 E19.96818
G1 X198.389 Y218.83 E20.04175
G1 X197.616 Y218.403 E20.07066
G1 X195.911 Y216.698 E20.14961
G1 X195.478 Y215.988 E20.17684
G1 X194.868 Y213.902 E20.24799
G1 X194.804 Y213.141 E20.273
G1 X194.872 Y212.699 E20.28764
G1 X195.448 Y210.733 E20.35471
G1 X195.851 Y209.986 E20.3825
G1 X197.4 Y208.35 E20.45627
G1 X198.099 Y207.845 E20.4845
G1 X200.403 Y207.2 E20.56283
G1 X201.193 Y207.134 E20.58879
G1 X201.378 Y207.152 E20.59487
G1 X202.212 Y207.386 E20.62323
G1 X203.155 Y206.394 E20.66804
G1 X203.857 Y205.891 E20.69632
G1 X205.62 Y205.396 E20.75627
G1 X206.501 Y205.326 E20.78521
G1 X207.148 Y205.508 E20.80721
G1 X207.686 Y205.366 E20.82543
G1 X208.419 Y205.305 E20.84951
G1 X208.605 Y205.323 E20.85563
G1 X210.421 Y205.834 E20.9174
G1 X210.916 Y206.075 E20.93542
G1 X211.357 Y206.2 E20.95043
G1 X212.87 Y205.773 E21.0019
G1 X213.658 Y205.708 E21.02779
G1 X213.843 Y205.725 E21.03387
G1 X215.267 Y206.124 E21.08229
G1 X216.777 Y205.699 E21.13365
G1 X217.001 Y205.67 E21.14104
G1 X217.361 Y205.326 E21.15734
G1 X218.052 Y204.878 E21.18431
G1 X219.886 Y204.363 E21.24668
G1 X220.672 Y204.298 E21.2725
G1 X220.857 Y204.315 E21.27858
G1 X222.616 Y204.808 E21.33839
G1 X223.106 Y205.046 E21.35622
G1 X223.651 Y205.1 E21.37416
G1 X224.721 Y205.402 E21.41056
G1 X225.55 Y205.86 E21.44156
G1 X226.491 Y206.849 E21.48626
G1 X226.927 Y207.587 E21.51432
G1 X227.121 Y208.423 E21.54242
G1 X227.104 Y209.049 E21.56293
G1 X227 Y209.416 E21.57541
G1 X227.566 Y208.9 E21.60049
G1 X228.168 Y208.614 E21.62231
G1 X229.569 Y208.216 E21.67
G1 X230.248 Y208.157 E21.69231
G1 X230.568 Y208.177 E21.70281
G1 X232.692 Y208.774 E21.77504
G1 X232.857 Y208.853 E21.78103
G1 X233.48 Y209.302 E21.80618
G1 X234.804 Y210.697 E21.86914
G1 X235.243 Y211.412 E21.89661
G1 X235.787 Y213.284 E21.96044
G1 X235.856 Y214.078 E21.98653
G1 X235.839 Y214.265 E21.99268
G1 X235.28 Y216.267 E22.06073
G1 X234.843 Y217.07 E22.09067
G1 X233.337 Y218.576 E22.1604
G1 X232.534 Y219.013 E22.19033
G1 X230.704 Y219.525 E22.25254
G1 X229.887 Y219.588 E22.27937
G1 X229.09 Y219.386 E22.30629
G1 X228.501 Y219.122 E22.32742
G1 X228.344 Y219.013 E22.33368
G1 X227.85 Y218.516 E22.35663
G1 X227.56 Y218.093 E22.37342
G1 X227.325 Y217.332 E22.39949
G1 X227.345 Y216.58 E22.42412
G1 X227.543 Y215.584 E22.45737
G1 X227.542 Y214.42 E22.49548
G1 X227.385 Y213.606 E22.52262
G1 X227.24 Y213.082 E22.54042
G1 X227.113 Y212.788 E22.55091
G1 X226.702 Y212.071 E22.57797
G1 X226.489 Y211.411 E22.60067
G1 X226.47 Y210.751 E22.62229
G1 X226.599 Y210.201 E22.64079
G1 X226.033 Y210.73 E22.66615
G1 X225.861 Y210.837 E22.67278
G1 X225.246 Y211.07 E22.69431
G1 X224.687 Y211.141 E22.71276
G1 X222.828 Y211.141 E22.77363
G1 X222.055 Y211.311 E22.79954
G1 X221.423 Y211.637 E22.82282
G1 X221.102 Y211.885 E22.8361
G1 X220.73 Y212.27 E22.85363
G1 X220.346 Y212.875 E22.87709
G1 X220.175 Y213.303 E22.89218
G1 X219.957 Y214.413 E22.92922
G1 X219.958 Y215.435 E22.96268
G1 X220.026 Y215.955 E22.97985
G1 X220.151 Y216.591 E23.00107
G1 X220.298 Y217.02 E23.01592
G1 X220.644 Y217.626 E23.03877
G1 X221.123 Y218.128 E23.06148
G1 X221.558 Y218.438 E23.07897
G1 X222.303 Y218.737 E23.10525
G1 X222.8 Y218.831 E23.12182
G1 X224.478 Y218.831 E23.17675
G1 X225.244 Y218.984 E23.20233
G1 X225.926 Y219.361 E23.22784
G1 X226.355 Y219.797 E23.24787
G1 X226.624 Y220.233 E23.26464
G1 X226.842 Y220.825 E23.2853
G1 X226.841 Y221.612 E23.31106
G1 X226.789 Y221.944 E23.32207
G1 X226.534 Y222.548 E23.34353
G1 X226.165 Y223.033 E23.36348
G1 X225.434 Y223.763 E23.39731
G1 X225.166 Y223.96 E23.4082
G1 X224.847 Y224.5 E23.42873
G1 X223.447 Y225.9 E23.49355
G1 X222.644 Y226.337 E23.52349
G1 X220.885 Y226.829 E23.58329
G1 F2700 E23.08329
G0 F7200 X225.431 Y218.309
G1 F2700 E23.58329
G1 F3600 X224.623 Y218.505 E23.61051
G1 X222.876 Y218.505 E23.66771
G1 X222.105 Y218.327 E23.69361
G1 X221.543 Y218.023 E23.71453
G1 X221.098 Y217.657 E23.7334
G1 X220.698 Y217.158 E23.75433
G1 X220.491 Y216.624 E23.77309
G1 X220.284 Y215.516 E23.80999
G1 X220.283 Y214.447 E23.84499
G1 X220.481 Y213.447 E23.87837
G1 X220.816 Y212.7 E23.90517
G1 X221.353 Y212.098 E23.93158
G1 X221.873 Y211.756 E23.95196
G1 X222.392 Y211.537 E23.9704
G1 X222.849 Y211.467 E23.98554
G1 X224.501 Y211.467 E24.03963
G1 X225.101 Y211.55 E24.05946
G1 X225.795 Y211.824 E24.08389
G1 X226.499 Y212.455 E24.11484
G1 X226.765 Y212.875 E24.13111
G1 X227.025 Y213.471 E24.1524
G1 X227.216 Y214.487 E24.18625
G1 X227.217 Y215.563 E24.22148
G1 X227.022 Y216.545 E24.25426
G1 X226.749 Y217.197 E24.2774
G1 X226.269 Y217.786 E24.30228
G1 X225.599 Y218.235 E24.32868
G1 X225.431 Y218.309 E24.33469
G0 F7200 X225.307 Y217.799
G1 F3600 X224.561 Y217.98 E24.35983
G1 X222.938 Y217.98 E24.41297
G1 X222.223 Y217.815 E24.43699
G1 X221.811 Y217.571 E24.45267
G1 X221.474 Y217.286 E24.46712
G1 X221.158 Y216.892 E24.48365
G1 X221.007 Y216.528 E24.49656
G1 X220.809 Y215.468 E24.53186
G1 X220.808 Y214.498 E24.56362
G1 X220.985 Y213.606 E24.59339
G1 X221.261 Y212.989 E24.61552
G1 X221.698 Y212.499 E24.63702
G1 X222.12 Y212.222 E24.65355
G1 X222.539 Y212.045 E24.66844
G1 X222.849 Y211.992 E24.67873
G1 X224.501 Y211.992 E24.73282
G1 X224.966 Y212.061 E24.74821
G1 X225.515 Y212.278 E24.76754
G1 X226.095 Y212.798 E24.79304
G1 X226.284 Y213.085 E24.8043
G1 X226.52 Y213.626 E24.82362
G1 X226.691 Y214.536 E24.85394
G1 X226.692 Y215.512 E24.88589
G1 X226.517 Y216.392 E24.91527
G1 X226.295 Y216.923 E24.93411
G1 X225.91 Y217.395 E24.95405
G1 X225.307 Y217.799 E24.97782
G1 F2700 E24.47782
G0 F7200 X226.172 Y220.5
G1 F2700 E24.97782
G1 F3600 X226.317 Y220.918 E24.9923
G1 X226.316 Y221.611 E25.01499
G1 X226.281 Y221.799 E25.02125
G1 X226.076 Y222.283 E25.03846
G1 X225.794 Y222.662 E25.05393
G1 X225.063 Y223.392 E25.08775
G1 X224.765 Y223.599 E25.09963
G1 X224.476 Y224.129 E25.11939
G1 X223.13 Y225.475 E25.18172
G1 X222.447 Y225.847 E25.20718
G1 X220.795 Y226.309 E25.26334
G1 X220.143 Y226.358 E25.28475
G1 X219.957 Y226.338 E25.29087
G1 X218.246 Y225.839 E25.34923
G1 X217.58 Y225.471 E25.37414
G1 X216.309 Y224.2 E25.43299
G1 X215.858 Y224.16 E25.44781
G1 X214.301 Y223.705 E25.50092
G1 X214.169 Y223.647 E25.50564
G1 X213.59 Y223.81 E25.52534
G1 X212.843 Y223.741 E25.5499
G1 X212.048 Y223.508 E25.57702
G1 X211.514 Y223.801 E25.59696
G1 X209.859 Y224.263 E25.65322
G1 X209.107 Y224.318 E25.67791
G1 X208.385 Y224.106 E25.70254
G1 X208.156 Y224.213 E25.71082
G1 X206.704 Y224.618 E25.76017
G1 X206.048 Y224.666 E25.78171
G1 X205.863 Y224.646 E25.7878
G1 X204.291 Y224.187 E25.84142
G1 X203.63 Y223.822 E25.86614
G1 X202.368 Y222.56 E25.92457
G1 X202.006 Y221.964 E25.9474
G1 X201.556 Y220.429 E25.99977
G1 X201.499 Y219.755 E26.02192
G1 X201.518 Y219.563 E26.02824
G1 X201.699 Y218.946 E26.04929
G1 X201.648 Y218.844 E26.05302
G1 X201.39 Y218.905 E26.0617
G1 X200.693 Y218.956 E26.08458
G1 X198.594 Y218.343 E26.15618
G1 X197.933 Y217.978 E26.1809
G1 X196.326 Y216.371 E26.25531
G1 X195.963 Y215.775 E26.27815
G1 X195.387 Y213.805 E26.34535
G1 X195.332 Y213.16 E26.36655
G1 X195.376 Y212.847 E26.3769
G1 X195.937 Y210.932 E26.44223
G1 X196.28 Y210.296 E26.46589
G1 X197.746 Y208.748 E26.53569
G1 X198.33 Y208.326 E26.55928
G1 X200.5 Y207.718 E26.63306
G1 X201.236 Y207.657 E26.65724
G1 X202.404 Y207.985 E26.69696
G1 X202.514 Y207.83 E26.70319
G1 X203.499 Y206.794 E26.74999
G1 X204.09 Y206.371 E26.77378
G1 X205.712 Y205.915 E26.82895
G1 X206.449 Y205.856 E26.85315
G1 X207.149 Y206.053 E26.87696
G1 X207.73 Y205.889 E26.89673
G1 X208.463 Y205.828 E26.92081
G1 X210.279 Y206.339 E26.98258
G1 X210.723 Y206.566 E26.9989
G1 X211.358 Y206.745 E27.0205
G1 X212.964 Y206.292 E27.07514
G1 X213.701 Y206.231 E27.09935
G1 X215.294 Y206.677 E27.15351
G1 X215.422 Y206.624 E27.15804
G1 X216.919 Y206.204 E27.20895
G1 X217.237 Y206.176 E27.2194
G1 X217.647 Y205.766 E27.23838
G1 X218.271 Y205.361 E27.26274
G1 X219.978 Y204.882 E27.32079
G1 X220.715 Y204.821 E27.345
G1 X222.474 Y205.314 E27.40481
G1 X222.96 Y205.561 E27.42266
G1 X223.509 Y205.605 E27.44069
G1 X224.52 Y205.89 E27.47508
G1 X225.225 Y206.28 E27.50146
G1 X226.069 Y207.167 E27.54155
G1 X226.434 Y207.785 E27.56505
G1 X226.594 Y208.474 E27.5882
G1 X226.579 Y209.035 E27.60658
G1 X226.373 Y209.61 E27.62657
G1 X226.185 Y209.87 E27.63708
G1 X225.675 Y210.346 E27.65992
G1 X225.117 Y210.557 E27.67945
G1 X224.687 Y210.616 E27.69366
G1 X222.785 Y210.616 E27.75593
G1 X222.269 Y210.701 E27.77306
G1 X221.86 Y210.821 E27.78701
G1 X221.142 Y211.191 E27.81346
G1 X220.751 Y211.493 E27.82963
G1 X220.316 Y211.943 E27.85012
G1 X219.874 Y212.639 E27.87712
G1 X219.67 Y213.15 E27.89513
G1 X219.466 Y214.187 E27.92973
G1 X219.432 Y214.735 E27.94771
G1 X219.433 Y215.473 E27.97187
G1 X219.506 Y216.031 E27.9903
G1 X219.644 Y216.732 E28.01369
G1 X219.817 Y217.236 E28.03114
G1 X220.22 Y217.942 E28.05775
G1 X220.777 Y218.526 E28.08417
G1 X221.294 Y218.895 E28.10497
G1 X221.802 Y219.128 E28.12327
G1 X222.179 Y219.248 E28.13622
G1 X222.75 Y219.356 E28.15525
G1 X224.425 Y219.356 E28.21009
G1 X225.06 Y219.483 E28.23129
G1 X225.672 Y219.821 E28.25418
G1 X225.963 Y220.147 E28.26849
G1 X226.172 Y220.5 E28.28192
G1 F2700 E27.78192
G0 F7200 X229.934 Y219.058
G1 F2700 E28.28192
G1 F3600 X229.263 Y218.888 E28.30458
G1 X228.716 Y218.643 E28.3242
G1 X228.222 Y218.146 E28.34715
G1 X228.039 Y217.863 E28.35818
G1 X227.852 Y217.259 E28.37888
G1 X227.869 Y216.639 E28.39919
G1 X228.034 Y215.811 E28.42683
G1 X228.068 Y215.27 E28.44458
G1 X228.067 Y214.526 E28.46894
G1 X227.999 Y214.016 E28.48578
G1 X227.9 Y213.5 E28.50299
G1 X227.737 Y212.911 E28.52299
G1 X227.583 Y212.553 E28.53575
G1 X227.186 Y211.861 E28.56187
G1 X227.012 Y211.321 E28.58045
G1 X226.995 Y210.736 E28.59961
G1 X227.166 Y210.126 E28.62035
G1 X227.361 Y209.795 E28.63293
G1 X227.919 Y209.289 E28.65759
G1 X228.372 Y209.098 E28.67369
G1 X229.662 Y208.735 E28.71756
G1 X230.294 Y208.68 E28.73833
G1 X230.482 Y208.698 E28.74452
G1 X232.55 Y209.279 E28.81485
G1 X233.134 Y209.7 E28.83842
G1 X234.386 Y211.019 E28.89796
G1 X234.759 Y211.627 E28.92131
G1 X235.268 Y213.379 E28.98104
G1 X235.333 Y214.124 E29.00553
G1 X234.79 Y216.07 E29.07168
G1 X234.418 Y216.753 E29.09714
G1 X233.02 Y218.151 E29.16187
G1 X232.337 Y218.523 E29.18733
G1 X230.609 Y219.006 E29.24608
G1 X229.934 Y219.058 E29.26824
G0 F7200 X230.514 Y218.487
G1 F3600 X229.981 Y218.528 E29.28574
G1 X229.392 Y218.379 E29.30564
G1 X229.021 Y218.205 E29.31905
G1 X228.595 Y217.776 E29.33885
G1 X228.493 Y217.6 E29.34551
G1 X228.379 Y217.187 E29.35953
G1 X228.384 Y216.742 E29.3741
G1 X228.556 Y215.88 E29.40288
G1 X228.593 Y215.287 E29.42234
G1 X228.592 Y214.494 E29.4483
G1 X228.515 Y213.917 E29.46736
G1 X228.413 Y213.385 E29.48509
G1 X228.234 Y212.737 E29.5071
G1 X228.053 Y212.317 E29.52208
G1 X227.677 Y211.674 E29.54646
G1 X227.537 Y211.306 E29.55935
G1 X227.52 Y210.721 E29.57852
G1 X227.664 Y210.293 E29.5933
G1 X227.772 Y210.13 E29.5997
G1 X228.204 Y209.739 E29.61878
G1 X228.514 Y209.603 E29.62986
G1 X229.754 Y209.254 E29.67204
G1 X230.34 Y209.203 E29.6913
G1 X232.317 Y209.758 E29.75853
G1 X232.788 Y210.098 E29.77755
G1 X233.965 Y211.338 E29.83352
G1 X234.276 Y211.845 E29.85299
G1 X234.749 Y213.475 E29.90856
G1 X234.802 Y214.074 E29.92825
G1 X234.3 Y215.873 E29.9894
G1 X233.993 Y216.436 E30.0104
G1 X232.703 Y217.726 E30.07013
G1 X232.14 Y218.033 E30.09112
G1 X230.514 Y218.487 E30.14639
G1 F2700 E29.64639
G0 F7200 X230.232 Y217.475
G1 F2700 E30.14639
G1 F3600 X230.033 Y217.473 E30.15291
G1 X229.667 Y217.366 E30.16539
G1 X229.521 Y217.282 E30.17091
G1 X229.428 Y217.141 E30.17644
G1 X229.414 Y216.948 E30.18277
G1 X229.6 Y216.02 E30.21376
G1 X229.643 Y215.317 E30.23682
G1 X229.642 Y214.429 E30.26589
G1 X229.547 Y213.719 E30.28935
G1 X229.439 Y213.155 E30.30815
G1 X229.226 Y212.385 E30.3343
G1 X228.994 Y211.848 E30.35346
G1 X228.583 Y211.144 E30.38015
G1 X228.535 Y210.982 E30.38568
G1 X228.564 Y210.816 E30.3912
G1 X228.667 Y210.681 E30.39676
G1 X228.798 Y210.613 E30.40159
G1 X230.038 Y210.264 E30.44376
G1 X230.234 Y210.263 E30.45018
G1 X231.861 Y210.72 E30.50551
G1 X232.026 Y210.82 E30.51183
G1 X233.203 Y212.06 E30.5678
G1 X233.288 Y212.208 E30.57339
G1 X233.741 Y213.767 E30.62654
G1 X233.742 Y213.965 E30.63303
G1 X233.288 Y215.591 E30.6883
G1 X233.195 Y215.75 E30.69433
G1 X232.017 Y216.928 E30.74887
G1 X231.858 Y217.021 E30.7549
G1 X230.232 Y217.475 E30.81018
G0 F7200 X230.373 Y217.981
G1 F3600 X230.028 Y217.998 E30.82149
G1 X229.52 Y217.87 E30.83864
G1 X229.259 Y217.737 E30.84823
G1 X228.99 Y217.43 E30.86159
G1 X228.904 Y217.179 E30.87028
G1 X228.899 Y216.845 E30.88122
G1 X229.078 Y215.95 E30.9111
G1 X229.118 Y215.302 E30.93235
G1 X229.117 Y214.462 E30.95986
G1 X229.031 Y213.818 E30.98113
G1 X228.926 Y213.27 E30.9994
G1 X228.73 Y212.56 E31.02351
G1 X228.524 Y212.084 E31.04049
G1 X228.13 Y211.409 E31.06608
G1 X228.032 Y211.131 E31.07573
G1 X228.045 Y210.738 E31.08861
G1 X228.147 Y210.498 E31.09715
G1 X228.425 Y210.215 E31.11013
G1 X228.656 Y210.108 E31.11847
G1 X229.896 Y209.759 E31.16064
G1 X230.291 Y209.734 E31.1736
G1 X232.085 Y210.238 E31.23461
G1 X232.407 Y210.459 E31.2474
G1 X233.584 Y211.699 E31.30337
G1 X233.772 Y211.991 E31.31474
G1 X234.245 Y213.621 E31.37031
G1 X234.271 Y214.024 E31.38353
G1 X233.794 Y215.732 E31.4416
G1 X233.622 Y216.065 E31.45387
G1 X232.332 Y217.355 E31.5136
G1 X231.999 Y217.527 E31.52587
G1 X230.373 Y217.981 E31.58114
G1 F2700 E31.08114
G0 F7200 X225.091 Y217.312
G1 F2700 E31.58114
G1 F3600 X224.5 Y217.455 E31.60105
G1 X223 Y217.455 E31.65016
G1 X222.42 Y217.321 E31.66965
G1 X222.143 Y217.164 E31.68007
G1 X221.87 Y216.941 E31.69161
G1 X221.634 Y216.67 E31.70338
G1 X221.523 Y216.432 E31.71198
G1 X221.334 Y215.42 E31.74568
G1 X221.333 Y214.549 E31.7742
G1 X221.488 Y213.766 E31.80033
G1 X221.707 Y213.277 E31.81788
G1 X222.044 Y212.9 E31.83443
G1 X222.34 Y212.699 E31.84615
G1 X222.644 Y212.559 E31.8571
G1 X222.849 Y212.517 E31.86395
G1 X224.501 Y212.517 E31.91804
G1 X224.882 Y212.579 E31.93068
G1 X225.235 Y212.732 E31.94328
G1 X225.694 Y213.143 E31.96345
G1 X225.803 Y213.295 E31.96957
G1 X226.015 Y213.781 E31.98693
G1 X226.166 Y214.585 E32.01372
G1 X226.167 Y215.461 E32.0424
G1 X226.011 Y216.246 E32.0686
G1 X225.872 Y216.612 E32.08142
G1 X225.617 Y216.959 E32.09552
G1 X225.091 Y217.312 E32.11626
G1 F2700 E31.61626
G0 F7200 X224.681 Y216.356
G1 F2700 E32.11626
G1 F3600 X224.5 Y216.405 E32.1224
G1 X223 Y216.405 E32.17151
G1 X222.807 Y216.35 E32.17808
G1 X222.534 Y216.127 E32.18962
G1 X222.384 Y215.324 E32.21636
G1 X222.383 Y214.651 E32.2384
G1 X222.518 Y213.97 E32.26113
G1 X222.634 Y213.768 E32.26875
G1 X222.93 Y213.567 E32.28047
G1 X224.501 Y213.567 E32.3319
G1 X224.665 Y213.606 E32.33742
G1 X224.872 Y213.778 E32.34623
G1 X224.983 Y213.975 E32.35364
G1 X225.116 Y214.683 E32.37722
G1 X225.117 Y215.358 E32.39932
G1 X224.981 Y216.041 E32.42212
G1 X224.91 Y216.194 E32.42765
G1 X224.681 Y216.356 E32.43683
G0 F7200 X224.818 Y216.863
G1 F3600 X224.5 Y216.93 E32.44747
G1 X223 Y216.93 E32.49658
G1 X222.663 Y216.855 E32.50788
G1 X222.475 Y216.757 E32.51483
G1 X222.202 Y216.534 E32.52637
G1 X222.039 Y216.336 E32.53476
G1 X221.859 Y215.372 E32.56687
G1 X221.858 Y214.6 E32.59215
G1 X222.003 Y213.868 E32.61658
G1 X222.179 Y213.507 E32.62973
G1 X222.339 Y213.334 E32.63744
G1 X222.635 Y213.133 E32.64916
G1 X222.849 Y213.042 E32.65677
G1 X224.501 Y213.042 E32.71086
G1 X224.786 Y213.095 E32.72035
G1 X225.001 Y213.202 E32.72821
G1 X225.329 Y213.52 E32.74317
G1 X225.499 Y213.878 E32.75614
G1 X225.641 Y214.634 E32.78133
G1 X225.642 Y215.41 E32.80674
G1 X225.496 Y216.144 E32.83124
G1 X225.386 Y216.415 E32.84081
G1 X225.213 Y216.623 E32.84967
G1 X224.818 Y216.863 E32.8648
G1 F2700 E32.3648
G0 F7200 X225.792 Y221.004
G1 F2700 E32.8648
G1 F3600 X225.791 Y221.61 E32.88464
G1 X225.65 Y221.976 E32.89749
G1 X225.423 Y222.291 E32.9102
G1 X224.692 Y223.021 E32.94402
G1 X224.356 Y223.238 E32.95712
G1 X224.105 Y223.758 E32.97602
G1 X222.813 Y225.05 E33.03584
G1 X222.25 Y225.357 E33.05684
G1 X220.705 Y225.789 E33.10936
G1 X220.104 Y225.834 E33.1291
G1 X218.447 Y225.351 E33.1856
G1 X217.899 Y225.048 E33.20611
G1 X216.668 Y223.817 E33.2631
G1 X216.573 Y223.69 E33.2683
G1 X216.005 Y223.656 E33.28693
G1 X214.448 Y223.201 E33.34004
G1 X214.23 Y223.085 E33.34812
G1 X213.543 Y223.278 E33.37148
G1 X212.942 Y223.223 E33.39124
G1 X211.949 Y222.932 E33.42512
G1 X211.826 Y223.031 E33.43029
G1 X211.314 Y223.311 E33.4494
G1 X209.769 Y223.743 E33.50192
G1 X209.163 Y223.787 E33.52181
G1 X208.33 Y223.543 E33.55023
G1 X208.015 Y223.707 E33.56186
G1 X206.614 Y224.098 E33.60948
G1 X206.01 Y224.142 E33.62931
G1 X204.494 Y223.699 E33.68102
G1 X203.948 Y223.398 E33.70143
G1 X202.786 Y222.236 E33.75524
G1 X202.49 Y221.749 E33.77389
G1 X202.074 Y220.33 E33.82231
G1 X202.022 Y219.711 E33.84265
G1 X202.262 Y218.894 E33.87053
G1 X202.063 Y218.5 E33.88498
G1 X201.977 Y218.206 E33.89501
G1 X201.352 Y218.381 E33.91626
G1 X200.748 Y218.425 E33.93608
G1 X198.797 Y217.855 E34.00263
G1 X198.251 Y217.554 E34.02304
G1 X196.744 Y216.047 E34.09282
G1 X196.448 Y215.56 E34.11148
G1 X195.905 Y213.706 E34.17473
G1 X195.86 Y213.175 E34.19218
G1 X195.88 Y212.995 E34.19811
G1 X196.426 Y211.131 E34.2617
G1 X196.709 Y210.606 E34.28123
G1 X198.092 Y209.146 E34.34707
G1 X198.563 Y208.806 E34.36609
G1 X200.592 Y208.237 E34.43508
G1 X201.183 Y208.188 E34.4545
G1 X202.638 Y208.596 E34.50397
G1 X202.895 Y208.192 E34.51965
G1 X203.848 Y207.189 E34.56495
G1 X204.321 Y206.851 E34.58398
G1 X205.804 Y206.434 E34.63442
G1 X206.395 Y206.387 E34.65383
G1 X207.148 Y206.598 E34.67943
G1 X207.823 Y206.408 E34.70239
G1 X208.413 Y206.359 E34.72177
G1 X210.137 Y206.844 E34.78041
G1 X210.526 Y207.056 E34.79491
G1 X211.187 Y207.24 E34.81738
G1 X211.357 Y207.322 E34.82356
G1 X211.525 Y207.241 E34.82966
G1 X213.057 Y206.811 E34.88176
G1 X213.648 Y206.762 E34.90118
G1 X215.344 Y207.237 E34.95884
G1 X215.564 Y207.129 E34.96686
G1 X217.061 Y206.709 E35.01777
G1 X217.473 Y206.691 E35.03127
G1 X217.933 Y206.207 E35.05313
G1 X218.493 Y205.844 E35.07498
G1 X220.071 Y205.401 E35.12864
G1 X220.662 Y205.352 E35.14806
G1 X222.332 Y205.82 E35.20484
G1 X222.815 Y206.078 E35.22277
G1 X223.367 Y206.11 E35.24087
G1 X224.319 Y206.378 E35.27326
G1 X224.9 Y206.7 E35.295
G1 X225.647 Y207.485 E35.33048
G1 X225.941 Y207.983 E35.34942
G1 X226.07 Y208.539 E35.3681
G1 X226.08 Y208.872 E35.37901
G1 X225.932 Y209.324 E35.39458
G1 X225.827 Y209.486 E35.4009
G1 X225.392 Y209.892 E35.42038
G1 X225.039 Y210.038 E35.43289
G1 X224.687 Y210.091 E35.44455
G1 X222.743 Y210.091 E35.50819
G1 X222.147 Y210.189 E35.52797
G1 X221.686 Y210.325 E35.5437
G1 X221.257 Y210.512 E35.55903
G1 X220.847 Y210.755 E35.57463
G1 X220.404 Y211.097 E35.59295
G1 X219.91 Y211.608 E35.61622
G1 X219.633 Y211.989 E35.63165
G1 X219.402 Y212.407 E35.64728
G1 X219.23 Y212.837 E35.66245
G1 X219.095 Y213.353 E35.67991
G1 X218.944 Y214.121 E35.70553
G1 X218.907 Y214.72 E35.72518
G1 X218.908 Y215.512 E35.75111
G1 X218.986 Y216.104 E35.77066
G1 X219.137 Y216.872 E35.79629
G1 X219.33 Y217.435 E35.81578
G1 X219.532 Y217.849 E35.83086
G1 X219.797 Y218.255 E35.84673
G1 X220.101 Y218.615 E35.86216
G1 X220.443 Y218.932 E35.87743
G1 X221.03 Y219.352 E35.90106
G1 X221.611 Y219.618 E35.92198
G1 X222.055 Y219.759 E35.93723
G1 X222.535 Y219.85 E35.95323
G1 X223.038 Y219.881 E35.96973
G1 X224.425 Y219.881 E36.01514
G1 X224.806 Y219.943 E36.02777
G1 X225.341 Y220.238 E36.04778
G1 X225.511 Y220.414 E36.05579
G1 X225.72 Y220.767 E36.06922
G1 X225.792 Y221.004 E36.07733
G1 F2700 E35.57733
G0 F7200 X223.99 Y222.239
G1 F2700 E36.07733
G1 F3600 X223.83 Y222.332 E36.08339
G1 X223.492 Y222.425 E36.09487
G1 X223.338 Y222.976 E36.1136
G1 X223.245 Y223.134 E36.1196
G1 X222.127 Y224.252 E36.17137
G1 X221.968 Y224.345 E36.1774
G1 X220.423 Y224.777 E36.22992
G1 X220.225 Y224.776 E36.2364
G1 X218.741 Y224.343 E36.28702
G1 X218.586 Y224.251 E36.29292
G1 X217.41 Y223.075 E36.34737
G1 X217.318 Y222.92 E36.35327
G1 X217.184 Y222.456 E36.36908
G1 X216.499 Y222.649 E36.39238
G1 X216.299 Y222.648 E36.39893
G1 X214.815 Y222.214 E36.44955
G1 X214.661 Y222.123 E36.45541
G1 X214.466 Y221.928 E36.46444
G1 X213.437 Y222.217 E36.49943
G1 X213.237 Y222.215 E36.50598
G1 X211.846 Y221.808 E36.55343
G1 X211.687 Y221.712 E36.55951
G1 X211.191 Y222.206 E36.58243
G1 X211.032 Y222.299 E36.58846
G1 X209.487 Y222.731 E36.64099
G1 X209.288 Y222.729 E36.6475
G1 X208.111 Y222.383 E36.68767
G1 X207.892 Y222.602 E36.69781
G1 X207.733 Y222.695 E36.70384
G1 X206.332 Y223.086 E36.75146
G1 X206.133 Y223.084 E36.75798
G1 X204.788 Y222.691 E36.80385
G1 X204.634 Y222.6 E36.80971
G1 X203.568 Y221.534 E36.85907
G1 X203.477 Y221.38 E36.86493
G1 X203.082 Y220.034 E36.91085
G1 X203.082 Y219.83 E36.91753
G1 X203.435 Y218.63 E36.95849
G1 X203.163 Y218.359 E36.97106
G1 X203.071 Y218.204 E36.97696
G1 X202.748 Y217.105 E37.01446
G1 X202.748 Y216.9 E37.02117
G1 X201.07 Y217.369 E37.07822
G1 X200.871 Y217.367 E37.08473
G1 X199.091 Y216.847 E37.14545
G1 X198.937 Y216.756 E37.1513
G1 X197.526 Y215.345 E37.21664
G1 X197.435 Y215.191 E37.22249
G1 X196.913 Y213.41 E37.28326
G1 X196.913 Y213.206 E37.28993
G1 X197.434 Y211.426 E37.35066
G1 X197.518 Y211.279 E37.3562
G1 X198.854 Y209.868 E37.41982
G1 X199.019 Y209.768 E37.42614
G1 X200.876 Y209.247 E37.48928
G1 X201.072 Y209.247 E37.4957
G1 X202.928 Y209.768 E37.55882
G1 X203.092 Y209.868 E37.5651
G1 X203.281 Y210.067 E37.57409
G1 X203.571 Y209.064 E37.60827
G1 X203.657 Y208.916 E37.61388
G1 X204.61 Y207.913 E37.65918
G1 X204.774 Y207.813 E37.66547
G1 X206.088 Y207.444 E37.71015
G1 X206.284 Y207.445 E37.71657
G1 X207.148 Y207.688 E37.74595
G1 X208.107 Y207.418 E37.77857
G1 X208.303 Y207.418 E37.78499
G1 X209.853 Y207.854 E37.83771
G1 X210.085 Y208.024 E37.84712
G1 X210.826 Y208.23 E37.8723
G1 X210.991 Y208.33 E37.87862
G1 X211.357 Y208.716 E37.89604
G1 X211.725 Y208.328 E37.91354
G1 X211.89 Y208.228 E37.91986
G1 X213.341 Y207.821 E37.9692
G1 X213.537 Y207.821 E37.97562
G1 X214.988 Y208.228 E38.02496
G1 X215.153 Y208.328 E38.03127
G1 X215.376 Y208.563 E38.04188
G1 X215.683 Y208.239 E38.0565
G1 X215.848 Y208.139 E38.06281
G1 X217.345 Y207.719 E38.11372
G1 X217.542 Y207.72 E38.12017
G1 X217.859 Y207.81 E38.13096
G1 X218.694 Y206.931 E38.17065
G1 X218.858 Y206.831 E38.17694
G1 X220.355 Y206.411 E38.22784
G1 X220.551 Y206.411 E38.23426
G1 X222.048 Y206.831 E38.28517
G1 X222.212 Y206.931 E38.29145
G1 X222.496 Y207.23 E38.30496
G1 X222.886 Y207.12 E38.31822
G1 X223.083 Y207.12 E38.32467
G1 X224.035 Y207.388 E38.35705
G1 X224.199 Y207.486 E38.36331
G1 X224.887 Y208.209 E38.39598
G1 X224.973 Y208.361 E38.4017
G1 X225.042 Y208.75 E38.41464
G1 X224.971 Y208.903 E38.42016
G1 X224.839 Y209.008 E38.42568
G1 X224.687 Y209.041 E38.43077
G1 X223.018 Y209.041 E38.48542
G1 X222.502 Y209.067 E38.50233
G1 X221.907 Y209.165 E38.52208
G1 X221.334 Y209.333 E38.54163
G1 X220.777 Y209.576 E38.56152
G1 X220.255 Y209.885 E38.58138
G1 X219.706 Y210.309 E38.60409
G1 X219.1 Y210.935 E38.63262
G1 X218.747 Y211.422 E38.65231
G1 X218.455 Y211.95 E38.67207
G1 X218.229 Y212.514 E38.69196
G1 X218.072 Y213.116 E38.71233
G1 X217.9 Y213.988 E38.74143
G1 X217.857 Y214.69 E38.76446
G1 X217.858 Y215.578 E38.79353
G1 X217.952 Y216.282 E38.81678
G1 X218.122 Y217.148 E38.84568
G1 X218.357 Y217.837 E38.86951
G1 X218.62 Y218.373 E38.88906
G1 X218.951 Y218.881 E38.90891
G1 X219.337 Y219.337 E38.92847
G1 X219.786 Y219.753 E38.94851
G1 X220.496 Y220.262 E38.97711
G1 X221.229 Y220.598 E39.00351
G1 X221.803 Y220.781 E39.02324
G1 X222.404 Y220.894 E39.04326
G1 X223.006 Y220.931 E39.06301
G1 X224.425 Y220.931 E39.10947
G1 X224.589 Y220.97 E39.11498
G1 X224.718 Y221.08 E39.12054
G1 X224.783 Y221.236 E39.12607
G1 X224.769 Y221.405 E39.13162
G1 X224.681 Y221.549 E39.13715
G1 X223.99 Y222.239 E39.16912
G1 F2700 E38.66912
G0 F7200 X223.671 Y223.45
G1 F2700 E39.16912
G1 F3600 X222.442 Y224.679 E39.22602
G1 X222.109 Y224.851 E39.23829
G1 X220.564 Y225.283 E39.29082
G1 X220.161 Y225.304 E39.30403
G1 X218.594 Y224.847 E39.35747
G1 X218.27 Y224.677 E39.36945
G1 X217.039 Y223.446 E39.42645
G1 X216.829 Y223.101 E39.43967
G1 X216.496 Y223.174 E39.45083
G1 X216.152 Y223.152 E39.46212
G1 X214.595 Y222.697 E39.51523
G1 X214.317 Y222.515 E39.52611
G1 X213.493 Y222.746 E39.55413
G1 X213.09 Y222.719 E39.56735
G1 X211.799 Y222.341 E39.61139
G1 X211.561 Y222.578 E39.62239
G1 X211.173 Y222.805 E39.63711
G1 X209.628 Y223.237 E39.68963
G1 X209.222 Y223.257 E39.70294
G1 X208.261 Y222.975 E39.73573
G1 X207.874 Y223.201 E39.7504
G1 X206.473 Y223.592 E39.79802
G1 X206.068 Y223.612 E39.8113
G1 X204.641 Y223.195 E39.85997
G1 X204.319 Y223.027 E39.87187
G1 X203.197 Y221.905 E39.92382
G1 X202.994 Y221.601 E39.93578
G1 X202.578 Y220.182 E39.9842
G1 X202.553 Y219.766 E39.99784
G1 X202.843 Y218.782 E40.03143
G1 X202.712 Y218.627 E40.03807
G1 X202.567 Y218.352 E40.04825
G1 X202.335 Y217.561 E40.07524
G1 X201.211 Y217.875 E40.11345
G1 X200.806 Y217.895 E40.12673
G1 X198.944 Y217.351 E40.19024
G1 X198.622 Y217.183 E40.20213
G1 X197.155 Y215.716 E40.27005
G1 X196.952 Y215.412 E40.28202
G1 X196.409 Y213.558 E40.34527
G1 X196.384 Y213.143 E40.35889
G1 X196.93 Y211.279 E40.42248
G1 X197.137 Y210.918 E40.4361
G1 X198.473 Y209.507 E40.49972
G1 X198.795 Y209.286 E40.51251
G1 X200.734 Y208.742 E40.57844
G1 X201.13 Y208.719 E40.59143
G1 X202.975 Y209.236 E40.65416
G1 X203.117 Y208.8 E40.66918
G1 X203.276 Y208.554 E40.67877
G1 X204.229 Y207.551 E40.72406
G1 X204.551 Y207.331 E40.73683
G1 X205.946 Y206.939 E40.78427
G1 X206.344 Y206.917 E40.79732
G1 X207.148 Y207.143 E40.82467
G1 X207.965 Y206.913 E40.85246
G1 X208.362 Y206.89 E40.86548
G1 X209.995 Y207.349 E40.92101
G1 X210.316 Y207.543 E40.93329
G1 X211.047 Y207.746 E40.95813
G1 X211.357 Y207.957 E40.97041
G1 X211.667 Y207.746 E40.98269
G1 X213.199 Y207.316 E41.03478
G1 X213.595 Y207.293 E41.04777
G1 X215.13 Y207.723 E41.09996
G1 X215.354 Y207.836 E41.10818
G1 X215.706 Y207.634 E41.12146
G1 X217.203 Y207.214 E41.17237
G1 X217.696 Y207.218 E41.18851
G1 X218.313 Y206.569 E41.21783
G1 X218.635 Y206.349 E41.2306
G1 X220.213 Y205.906 E41.28426
G1 X220.609 Y205.883 E41.29725
G1 X222.19 Y206.326 E41.351
G1 X222.485 Y206.483 E41.36194
G1 X222.659 Y206.639 E41.36959
G1 X222.886 Y206.595 E41.37716
G1 X223.225 Y206.615 E41.38828
G1 X224.177 Y206.883 E41.42066
G1 X224.52 Y207.062 E41.43333
G1 X225.267 Y207.847 E41.46881
G1 X225.43 Y208.102 E41.47872
G1 X225.559 Y208.658 E41.49741
G1 X225.555 Y208.862 E41.50409
G1 X225.447 Y209.124 E41.51336
G1 X225.167 Y209.418 E41.52666
G1 X224.95 Y209.521 E41.53452
G1 X224.687 Y209.566 E41.54326
G1 X222.701 Y209.566 E41.60828
G1 X222.027 Y209.677 E41.63064
G1 X221.51 Y209.829 E41.64829
G1 X221.017 Y210.044 E41.6659
G1 X220.554 Y210.318 E41.68351
G1 X220.053 Y210.705 E41.70424
G1 X219.504 Y211.273 E41.7301
G1 X219.189 Y211.706 E41.74763
G1 X218.93 Y212.175 E41.76517
G1 X218.729 Y212.676 E41.78285
G1 X218.584 Y213.231 E41.80163
G1 X218.422 Y214.055 E41.82912
G1 X218.382 Y214.705 E41.85044
G1 X218.383 Y215.546 E41.87798
G1 X218.469 Y216.193 E41.89935
G1 X218.63 Y217.011 E41.92664
G1 X218.844 Y217.638 E41.94833
G1 X219.074 Y218.108 E41.96547
G1 X219.374 Y218.568 E41.98345
G1 X219.717 Y218.974 E42.00085
G1 X220.117 Y219.344 E42.01869
G1 X220.763 Y219.807 E42.04471
G1 X221.42 Y220.108 E42.06837
G1 X221.929 Y220.27 E42.08586
G1 X222.469 Y220.372 E42.10385
G1 X223.022 Y220.406 E42.12199
G1 X224.425 Y220.406 E42.16792
G1 X224.71 Y220.459 E42.17742
G1 X225.059 Y220.681 E42.19096
G1 X225.268 Y221.034 E42.20439
G1 X225.292 Y221.448 E42.21797
G1 X225.217 Y221.679 E42.22592
G1 X225.052 Y221.92 E42.23548
G1 X224.361 Y222.61 E42.26745
G1 X224.094 Y222.786 E42.27792
G1 X223.918 Y222.852 E42.28408
G1 X223.844 Y223.117 E42.29308
G1 X223.671 Y223.45 E42.30537
G1 F2700 E41.80537
G0 F7200 X201.269 Y213.372
G1 F2700 E42.30537
G1 F3600 X201.221 Y213.406 E42.3073
G1 X200.993 Y213.47 E42.31505
G1 X200.819 Y213.299 E42.32304
G1 X200.826 Y213.275 E42.32386
G1 X200.945 Y213.149 E42.32953
G1 X200.973 Y213.141 E42.33048
G1 X201.031 Y213.158 E42.33246
G1 X201.269 Y213.372 E42.34294
G0 F7200 X201.443 Y213.89
G1 F3600 X200.991 Y214.016 E42.3583
G1 X200.713 Y213.935 E42.36778
G1 X200.346 Y213.568 E42.38478
G1 X200.269 Y213.307 E42.39369
G1 X200.357 Y213.008 E42.40389
G1 X200.664 Y212.684 E42.41851
G1 X200.974 Y212.597 E42.42905
G1 X201.289 Y212.685 E42.43975
G1 X201.633 Y212.992 E42.45485
G1 X202.04 Y213.248 E42.47059
G1 X202.483 Y213.432 E42.4863
G1 X202.544 Y213.446 E42.48835
G1 X202.198 Y213.522 E42.49995
G1 X201.752 Y213.701 E42.51568
G1 X201.443 Y213.89 E42.52754
G0 F7200 X201.678 Y214.369
G1 F3600 X200.986 Y214.562 E42.55106
G1 X200.438 Y214.402 E42.56975
G1 X199.88 Y213.844 E42.59559
G1 X199.723 Y213.308 E42.61387
G1 X199.89 Y212.738 E42.63332
G1 X200.384 Y212.216 E42.65685
G1 X200.974 Y212.051 E42.67691
G1 X201.566 Y212.217 E42.69704
G1 X201.655 Y212.311 E42.70128
G1 X201.982 Y212.597 E42.7155
G1 X202.356 Y212.818 E42.72972
G1 X202.764 Y212.967 E42.74394
G1 X203.192 Y213.039 E42.75815
G1 X203.626 Y213.032 E42.77236
G1 X204.052 Y212.945 E42.7866
G1 X204.55 Y212.729 E42.80437
G1 X204.775 Y212.599 E42.81288
G1 X205.13 Y212.348 E42.82711
G1 X205.432 Y212.037 E42.84131
G1 X205.673 Y211.675 E42.85555
G1 X205.843 Y211.275 E42.86978
G1 X205.937 Y210.851 E42.884
G1 X205.943 Y210.674 E42.88979
G1 X206.03 Y210.374 E42.90002
G1 X206.137 Y210.262 E42.90509
G1 X206.186 Y210.248 E42.90676
G1 X206.512 Y210.339 E42.91784
G1 X206.939 Y210.417 E42.93205
G1 X207.373 Y210.415 E42.94626
G1 X207.785 Y210.338 E42.95999
G1 X208.203 Y210.221 E42.9742
G1 X208.652 Y210.347 E42.98947
G1 X208.861 Y210.473 E42.99746
G1 X209.253 Y210.621 E43.01117
G1 X209.466 Y210.681 E43.01842
G1 X209.644 Y210.868 E43.02687
G1 X209.97 Y211.155 E43.04109
G1 X210.344 Y211.376 E43.05531
G1 X210.365 Y211.384 E43.05605
G1 X210.149 Y211.434 E43.06331
G1 X209.751 Y211.607 E43.07752
G1 X209.391 Y211.851 E43.09176
G1 X209.222 Y212.005 E43.09924
G1 X209.035 Y212.192 E43.1079
G1 X208.71 Y212.391 E43.12038
G1 X208.461 Y212.608 E43.13119
G1 X208.292 Y212.776 E43.13899
G1 X208.197 Y212.697 E43.14304
G1 X207.817 Y212.486 E43.15727
G1 X207.406 Y212.348 E43.17146
G1 X206.975 Y212.288 E43.18571
G1 X206.542 Y212.307 E43.1999
G1 X206.119 Y212.405 E43.21412
G1 X205.721 Y212.579 E43.22834
G1 X205.361 Y212.823 E43.24258
G1 X205.192 Y212.977 E43.25006
G1 X204.837 Y213.332 E43.2665
G1 X204.56 Y213.666 E43.28071
G1 X204.348 Y214.045 E43.29493
G1 X204.275 Y214.263 E43.30245
G1 X204.25 Y214.248 E43.30341
G1 X203.857 Y214.062 E43.31764
G1 X203.437 Y213.951 E43.33187
G1 X203.004 Y213.919 E43.34608
G1 X202.573 Y213.967 E43.36028
G1 X202.157 Y214.093 E43.37451
G1 X201.772 Y214.293 E43.38871
G1 X201.678 Y214.369 E43.39267
G1 F2700 E42.89267
G0 F7200 X200.983 Y215.108
G1 F2700 E43.39267
G1 F3600 X200.162 Y214.868 E43.42068
G1 X199.414 Y214.12 E43.45531
G1 X199.176 Y213.308 E43.48301
G1 X199.421 Y212.47 E43.5116
G1 X200.102 Y211.751 E43.54402
G1 X200.974 Y211.506 E43.57368
G1 X201.848 Y211.751 E43.6034
G1 X202.036 Y211.949 E43.61234
G1 X202.327 Y212.198 E43.62487
G1 X202.664 Y212.381 E43.63743
G1 X203.031 Y212.49 E43.64996
G1 X203.412 Y212.52 E43.66248
G1 X203.792 Y212.471 E43.67502
G1 X204.288 Y212.274 E43.6925
G1 X204.513 Y212.144 E43.701
G1 X204.822 Y211.919 E43.71352
G1 X205.079 Y211.635 E43.72606
G1 X205.271 Y211.304 E43.73859
G1 X205.39 Y210.94 E43.75112
G1 X205.431 Y210.559 E43.76367
G1 X205.43 Y210.554 E43.76384
G1 X205.56 Y210.107 E43.77908
G1 X205.855 Y209.796 E43.79311
G1 X206.188 Y209.703 E43.80443
G1 X206.653 Y209.833 E43.82024
G1 X207.031 Y209.897 E43.83279
G1 X207.413 Y209.882 E43.84531
G1 X207.644 Y209.833 E43.85304
G1 X208.205 Y209.676 E43.87211
G1 X208.842 Y209.855 E43.89378
G1 X209.172 Y210.037 E43.90612
G1 X209.394 Y210.115 E43.91382
G1 X209.747 Y210.214 E43.92582
G1 X210.025 Y210.507 E43.93905
G1 X210.316 Y210.756 E43.95159
G1 X210.652 Y210.939 E43.96411
G1 X211.019 Y211.048 E43.97665
G1 X211.401 Y211.08 E43.9892
G1 X211.78 Y211.031 E44.00171
G1 X212.142 Y210.904 E44.01427
G1 X212.469 Y210.706 E44.02679
G1 X212.692 Y210.506 E44.03659
G1 X212.971 Y210.211 E44.04989
G1 X213.439 Y210.08 E44.0658
G1 X213.907 Y210.211 E44.08171
G1 X214.041 Y210.353 E44.0881
G1 X214.331 Y210.602 E44.10062
G1 X214.668 Y210.785 E44.11317
G1 X215.034 Y210.895 E44.12568
G1 X215.416 Y210.927 E44.13824
G1 X215.796 Y210.878 E44.15078
G1 X216.158 Y210.752 E44.16333
G1 X216.485 Y210.554 E44.17585
G1 X216.708 Y210.355 E44.18563
G1 X216.929 Y210.122 E44.19614
G1 X216.981 Y210.107 E44.19792
G1 X216.952 Y210.148 E44.19956
G1 X216.831 Y210.339 E44.20696
G1 X216.518 Y210.906 E44.22817
G1 X216.421 Y211.111 E44.23559
G1 X216.18 Y211.713 E44.25682
G1 X216.108 Y211.93 E44.26431
G1 X215.992 Y212.374 E44.27933
G1 X215.628 Y212.277 E44.29167
G1 X215.246 Y212.256 E44.30419
G1 X214.868 Y212.316 E44.31672
G1 X214.51 Y212.452 E44.32926
G1 X214.188 Y212.66 E44.34181
G1 X214.157 Y212.688 E44.34318
G1 X213.77 Y212.796 E44.35634
G1 X213.414 Y212.937 E44.36887
G1 X213.313 Y213.011 E44.37297
G1 X213.01 Y213.096 E44.38327
G1 X212.868 Y213.054 E44.38812
G1 X212.19 Y212.377 E44.41949
G1 X211.892 Y212.136 E44.43204
G1 X211.551 Y211.962 E44.44457
G1 X211.182 Y211.862 E44.45709
G1 X210.799 Y211.841 E44.46965
G1 X210.421 Y211.9 E44.48218
G1 X210.063 Y212.036 E44.49471
G1 X209.741 Y212.243 E44.50725
G1 X209.593 Y212.376 E44.51376
G1 X209.341 Y212.628 E44.52543
G1 X209.273 Y212.655 E44.52783
G1 X208.831 Y212.979 E44.54577
G1 X208.352 Y213.456 E44.5679
G1 X208.335 Y213.468 E44.56858
G1 X208.304 Y213.445 E44.56985
G1 X208.227 Y213.411 E44.5726
G1 X208.161 Y213.346 E44.57563
G1 X207.863 Y213.106 E44.58816
G1 X207.522 Y212.932 E44.6007
G1 X207.152 Y212.833 E44.61324
G1 X206.769 Y212.812 E44.62579
G1 X206.391 Y212.872 E44.63832
G1 X206.033 Y213.008 E44.65086
G1 X205.711 Y213.216 E44.66341
G1 X205.563 Y213.348 E44.66991
G1 X205.208 Y213.703 E44.68634
G1 X204.967 Y214.001 E44.69889
G1 X204.793 Y214.342 E44.71143
G1 X204.693 Y214.712 E44.72397
G1 X204.672 Y215.094 E44.7365
G1 X204.7 Y215.275 E44.7425
G1 X204.602 Y215.147 E44.74777
G1 X204.203 Y214.83 E44.76446
G1 X203.983 Y214.7 E44.77283
G1 X203.635 Y214.54 E44.78537
G1 X203.261 Y214.456 E44.79792
G1 X202.878 Y214.452 E44.81046
G1 X202.503 Y214.527 E44.82298
G1 X202.151 Y214.678 E44.83552
G1 X201.931 Y214.843 E44.84452
G1 X200.983 Y215.108 E44.87675
G1 F2700 E44.37675
G0 F7200 X200.976 Y216.201
G1 F2700 E44.87675
G1 F3600 X199.609 Y215.801 E44.92338
G1 X198.481 Y214.673 E44.97561
G1 X198.081 Y213.308 E45.02218
G1 X198.485 Y211.931 E45.06916
G1 X199.538 Y210.818 E45.11933
G1 X200.974 Y210.416 E45.16815
G1 X202.41 Y210.819 E45.21698
G1 X202.797 Y211.226 E45.23537
G1 X202.996 Y211.378 E45.24357
G1 X203.232 Y211.459 E45.25174
G1 X203.483 Y211.463 E45.25996
G1 X203.762 Y211.365 E45.26964
G1 X203.987 Y211.235 E45.27815
G1 X204.181 Y211.077 E45.28634
G1 X204.316 Y210.866 E45.29454
G1 X204.378 Y210.624 E45.30272
G1 X204.362 Y210.468 E45.30785
G1 X204.624 Y209.568 E45.33854
G1 X205.292 Y208.864 E45.37032
G1 X206.187 Y208.613 E45.40075
G1 X206.936 Y208.822 E45.42621
G1 X207.184 Y208.85 E45.43438
G1 X207.36 Y208.822 E45.44022
G1 X208.204 Y208.586 E45.46891
G1 X209.342 Y208.905 E45.5076
G1 X209.512 Y209.037 E45.51465
G1 X209.677 Y209.104 E45.52048
G1 X210.308 Y209.28 E45.54193
G1 X210.786 Y209.784 E45.56467
G1 X210.985 Y209.936 E45.57287
G1 X211.222 Y210.018 E45.58108
G1 X211.472 Y210.022 E45.58927
G1 X211.711 Y209.947 E45.59747
G1 X211.93 Y209.784 E45.6064
G1 X212.409 Y209.278 E45.62922
G1 X213.439 Y208.99 E45.66423
G1 X214.469 Y209.278 E45.69925
G1 X214.803 Y209.631 E45.71516
G1 X215.002 Y209.783 E45.72336
G1 X215.238 Y209.865 E45.73154
G1 X215.488 Y209.869 E45.73972
G1 X215.727 Y209.794 E45.74793
G1 X215.946 Y209.632 E45.75684
G1 X216.366 Y209.19 E45.77681
G1 X217.443 Y208.888 E45.81343
G1 X217.758 Y208.976 E45.82414
G1 X218.007 Y209.004 E45.83234
G1 X218.252 Y208.953 E45.84053
G1 X218.542 Y208.76 E45.85194
G1 X219.376 Y207.882 E45.89159
G1 X220.453 Y207.58 E45.92821
G1 X221.53 Y207.882 E45.96483
G1 X221.679 Y208.038 E45.97189
G1 X221.607 Y208.055 E45.97431
G1 X220.985 Y208.238 E45.99554
G1 X220.892 Y208.272 E45.99878
G1 X220.298 Y208.531 E46.02
G1 X220.212 Y208.575 E46.02316
G1 X219.655 Y208.904 E46.04434
G1 X219.574 Y208.958 E46.04753
G1 X219.061 Y209.354 E46.06875
G1 X219.024 Y209.385 E46.07033
G1 X218.896 Y209.497 E46.0759
G1 X218.85 Y209.541 E46.07798
G1 X218.255 Y210.154 E46.10595
G1 X218.182 Y210.24 E46.10964
G1 X217.802 Y210.764 E46.13084
G1 X217.75 Y210.846 E46.13402
G1 X217.437 Y211.413 E46.15522
G1 X217.395 Y211.501 E46.15841
G1 X217.154 Y212.103 E46.17964
G1 X217.124 Y212.196 E46.18284
G1 X216.96 Y212.822 E46.20403
G1 X216.949 Y212.869 E46.20561
G1 X216.822 Y213.511 E46.22704
G1 X216.817 Y213.539 E46.22797
G1 X216.756 Y213.92 E46.2406
G1 X216.747 Y213.998 E46.24317
G1 X216.732 Y214.247 E46.25134
G1 X216.578 Y214.096 E46.2584
G1 X216.349 Y213.985 E46.26673
G1 X215.896 Y213.534 E46.28766
G1 X215.693 Y213.388 E46.29585
G1 X215.454 Y213.312 E46.30406
G1 X215.204 Y213.316 E46.31224
G1 X214.968 Y213.398 E46.32042
G1 X214.784 Y213.534 E46.32792
G1 X214.689 Y213.629 E46.33231
G1 X214.053 Y213.807 E46.35394
G1 X213.826 Y213.912 E46.36213
G1 X213.742 Y213.981 E46.36569
G1 X213.249 Y214.119 E46.38245
G1 X213.022 Y214.224 E46.39064
G1 X213.009 Y214.236 E46.39121
G1 X212.774 Y214.121 E46.39978
G1 X212.315 Y213.986 E46.41545
G1 X211.448 Y213.12 E46.45557
G1 X211.245 Y212.973 E46.46377
G1 X211.006 Y212.897 E46.47198
G1 X210.756 Y212.901 E46.48017
G1 X210.519 Y212.982 E46.48837
G1 X210.334 Y213.119 E46.49591
G1 X209.935 Y213.517 E46.51436
G1 X209.914 Y213.523 E46.51507
G1 X209.687 Y213.628 E46.52326
G1 X209.573 Y213.723 E46.52812
G1 X208.995 Y214.3 E46.55486
G1 X208.892 Y214.346 E46.55855
G1 X208.707 Y214.516 E46.56678
G1 X208.586 Y214.734 E46.57494
G1 X208.538 Y215.004 E46.58392
G1 X208.538 Y215.255 E46.59214
G1 X208.578 Y215.502 E46.60033
G1 X208.693 Y215.724 E46.60852
G1 X208.872 Y215.899 E46.61671
G1 X209.1 Y216.008 E46.62499
G1 X209.674 Y216.614 E46.65231
G1 X209.73 Y216.734 E46.65665
G1 X209.901 Y216.916 E46.66483
G1 X210.157 Y217.044 E46.6742
G1 X210.183 Y217.072 E46.67545
G1 X210.382 Y217.225 E46.68367
G1 X210.618 Y217.307 E46.69185
G1 X210.941 Y217.297 E46.70243
G1 X211.127 Y217.252 E46.70869
G1 X211.358 Y217.155 E46.71689
G1 X211.547 Y216.991 E46.72509
G1 X211.699 Y216.703 E46.73575
G1 X211.729 Y216.597 E46.73936
G1 X212.276 Y216.021 E46.76536
G1 X212.765 Y215.883 E46.782
G1 X212.992 Y215.778 E46.79019
G1 X213.003 Y215.768 E46.79067
G1 X213.007 Y215.772 E46.79086
G1 X213.246 Y215.886 E46.79953
G1 X213.747 Y216.028 E46.81658
G1 X213.888 Y216.135 E46.82237
G1 X214.045 Y216.198 E46.82791
G1 X215.025 Y216.473 E46.86124
G1 X215.274 Y216.501 E46.86944
G1 X215.519 Y216.45 E46.87763
G1 X215.81 Y216.256 E46.88908
G1 X216.275 Y215.766 E46.9112
G1 X216.338 Y215.748 E46.91335
G1 X216.565 Y215.642 E46.92155
G1 X216.714 Y215.502 E46.92824
G1 X216.722 Y215.722 E46.93545
G1 X216.728 Y215.797 E46.93791
G1 X216.813 Y216.439 E46.95912
G1 X216.821 Y216.488 E46.96074
G1 X216.946 Y217.125 E46.982
G1 X216.952 Y217.154 E46.98296
G1 X217.043 Y217.54 E46.99595
G1 X217.065 Y217.615 E46.99851
G1 X217.276 Y218.228 E47.01973
G1 X217.313 Y218.318 E47.02292
G1 X217.597 Y218.9 E47.04412
G1 X217.645 Y218.985 E47.04732
G1 X217.999 Y219.527 E47.06851
G1 X218.057 Y219.604 E47.07167
G1 X218.475 Y220.099 E47.09288
G1 X218.542 Y220.17 E47.09608
G1 X219.018 Y220.61 E47.1173
G1 X219.094 Y220.671 E47.12049
G1 X219.62 Y221.048 E47.14168
G1 X219.66 Y221.075 E47.14326
G1 X219.789 Y221.156 E47.14825
G1 X219.811 Y221.169 E47.14908
G1 X220.114 Y221.346 E47.16057
G1 X220.182 Y221.382 E47.16309
G1 X220.771 Y221.653 E47.18432
G1 X220.86 Y221.688 E47.18745
G1 X221.477 Y221.885 E47.20865
G1 X221.572 Y221.909 E47.21186
G1 X222.208 Y222.028 E47.23305
G1 X222.304 Y222.039 E47.23621
G1 X222.403 Y222.045 E47.23946
G1 X222.284 Y222.469 E47.25388
G1 X221.461 Y223.292 E47.29198
G1 X220.329 Y223.609 E47.33047
G1 X219.258 Y223.296 E47.367
G1 X218.367 Y222.405 E47.40826
G1 X218.189 Y221.792 E47.42916
G1 X218.082 Y221.566 E47.43734
G1 X217.909 Y221.385 E47.44554
G1 X217.688 Y221.267 E47.45374
G1 X217.442 Y221.224 E47.46192
G1 X217.22 Y221.253 E47.46925
G1 X216.404 Y221.481 E47.49699
G1 X215.332 Y221.168 E47.53355
G1 X215.128 Y220.964 E47.543
G1 X214.925 Y220.818 E47.55118
G1 X214.687 Y220.742 E47.55936
G1 X214.359 Y220.763 E47.57013
G1 X213.342 Y221.048 E47.60471
G1 X212.363 Y220.761 E47.63811
G1 X212.243 Y220.642 E47.64364
G1 X212.04 Y220.495 E47.65185
G1 X211.801 Y220.42 E47.66005
G1 X211.551 Y220.424 E47.66823
G1 X211.314 Y220.506 E47.67644
G1 X211.131 Y220.642 E47.68391
G1 X210.526 Y221.245 E47.71188
G1 X209.394 Y221.562 E47.75036
G1 X208.229 Y221.22 E47.79012
G1 X207.981 Y221.188 E47.7983
G1 X207.735 Y221.236 E47.80651
G1 X207.451 Y221.418 E47.81755
G1 X207.227 Y221.641 E47.8279
G1 X206.238 Y221.918 E47.86153
G1 X205.306 Y221.645 E47.89332
G1 X204.523 Y220.862 E47.92958
G1 X204.25 Y219.932 E47.96131
G1 X204.598 Y218.747 E48.00175
G1 X204.63 Y218.499 E48.00993
G1 X204.582 Y218.253 E48.01814
G1 X204.399 Y217.968 E48.02923
G1 X204.117 Y217.686 E48.04229
G1 X203.916 Y217.002 E48.06563
G1 X204.024 Y216.633 E48.07822
G1 X204.056 Y216.385 E48.0864
G1 X204.007 Y216.139 E48.09462
G1 X203.885 Y215.921 E48.10279
G1 X203.669 Y215.734 E48.11215
G1 X203.449 Y215.604 E48.12051
G1 X203.216 Y215.512 E48.12872
G1 X202.966 Y215.498 E48.13691
G1 X202.724 Y215.564 E48.14513
G1 X202.492 Y215.724 E48.15435
G1 X202.418 Y215.797 E48.15776
G1 X200.976 Y216.201 E48.20679
G0 F7200 X200.973 Y216.747
G1 F3600 X199.333 Y216.267 E48.26273
G1 X198.015 Y214.949 E48.32376
G1 X197.534 Y213.308 E48.37975
G1 X198.016 Y211.663 E48.43587
G1 X199.258 Y210.351 E48.49502
G1 X200.974 Y209.87 E48.55337
G1 X202.69 Y210.351 E48.61172
G1 X203.177 Y210.864 E48.63487
G1 X203.301 Y210.937 E48.63959
G1 X203.5 Y210.911 E48.64616
G1 X203.725 Y210.781 E48.65466
G1 X203.825 Y210.678 E48.65936
G1 X203.845 Y210.479 E48.66591
G1 X203.829 Y210.423 E48.66782
G1 X204.155 Y209.299 E48.70614
G1 X205.012 Y208.396 E48.7469
G1 X206.186 Y208.067 E48.78681
G1 X207.077 Y208.316 E48.8171
G1 X207.219 Y208.316 E48.82175
G1 X208.205 Y208.04 E48.85528
G1 X209.614 Y208.436 E48.90319
G1 X209.697 Y208.525 E48.90718
G1 X209.818 Y208.598 E48.9118
G1 X210.589 Y208.813 E48.93801
G1 X211.167 Y209.423 E48.96552
G1 X211.291 Y209.496 E48.97024
G1 X211.434 Y209.494 E48.97492
G1 X211.549 Y209.423 E48.97934
G1 X212.129 Y208.811 E49.00695
G1 X213.439 Y208.444 E49.05149
G1 X214.749 Y208.811 E49.09603
G1 X215.184 Y209.27 E49.11674
G1 X215.308 Y209.343 E49.12145
G1 X215.451 Y209.341 E49.12613
G1 X215.566 Y209.27 E49.13055
G1 X216.086 Y208.722 E49.15529
G1 X217.443 Y208.342 E49.20143
G1 X217.9 Y208.47 E49.21696
G1 X218.044 Y208.47 E49.22168
G1 X218.162 Y208.398 E49.2262
G1 X219.096 Y207.414 E49.27062
G1 X220.453 Y207.034 E49.31676
G1 X221.809 Y207.414 E49.36287
G1 X222.195 Y207.819 E49.38118
G1 X222.318 Y207.891 E49.38585
G1 X222.456 Y207.89 E49.39037
G1 X222.985 Y207.742 E49.40835
G1 X223.796 Y207.97 E49.43594
G1 X224.22 Y208.416 E49.45608
G1 X222.987 Y208.416 E49.49645
G1 X222.455 Y208.443 E49.51389
G1 X222.425 Y208.446 E49.51488
G1 X221.786 Y208.551 E49.53608
G1 X221.755 Y208.559 E49.53713
G1 X221.133 Y208.742 E49.55836
G1 X221.102 Y208.753 E49.55943
G1 X220.508 Y209.012 E49.58065
G1 X220.479 Y209.027 E49.58172
G1 X219.922 Y209.356 E49.6029
G1 X219.895 Y209.374 E49.60396
G1 X219.382 Y209.77 E49.62518
G1 X219.37 Y209.78 E49.62569
G1 X219.242 Y209.892 E49.63126
G1 X219.226 Y209.907 E49.63198
G1 X218.631 Y210.52 E49.65995
G1 X218.607 Y210.549 E49.66118
G1 X218.227 Y211.073 E49.68237
G1 X218.21 Y211.1 E49.68342
G1 X217.897 Y211.667 E49.70462
G1 X217.883 Y211.696 E49.70568
G1 X217.642 Y212.298 E49.72691
G1 X217.632 Y212.329 E49.72797
G1 X217.468 Y212.955 E49.74916
G1 X217.464 Y212.971 E49.7497
G1 X217.337 Y213.613 E49.77113
G1 X217.335 Y213.622 E49.77143
G1 X217.274 Y214.003 E49.78406
G1 X217.271 Y214.029 E49.78492
G1 X217.232 Y214.675 E49.80611
G1 X217.232 Y214.691 E49.80663
G1 X217.233 Y215.333 E49.82765
G1 X217.233 Y215.342 E49.82795
G1 X217.246 Y215.703 E49.83977
G1 X217.248 Y215.729 E49.84063
G1 X217.333 Y216.371 E49.86183
G1 X217.336 Y216.387 E49.86236
G1 X217.461 Y217.024 E49.88362
G1 X217.463 Y217.033 E49.88392
G1 X217.554 Y217.419 E49.8969
G1 X217.561 Y217.445 E49.89778
G1 X217.772 Y218.058 E49.91901
G1 X217.785 Y218.087 E49.92005
G1 X218.069 Y218.669 E49.94125
G1 X218.085 Y218.698 E49.94234
G1 X218.439 Y219.24 E49.96353
G1 X218.458 Y219.266 E49.96459
G1 X218.876 Y219.761 E49.9858
G1 X218.898 Y219.784 E49.98684
G1 X219.374 Y220.224 E50.00806
G1 X219.4 Y220.245 E50.00916
G1 X219.926 Y220.622 E50.03034
G1 X219.939 Y220.631 E50.03086
G1 X220.068 Y220.712 E50.03585
G1 X220.075 Y220.716 E50.03611
G1 X220.378 Y220.893 E50.0476
G1 X220.401 Y220.905 E50.04845
G1 X220.99 Y221.176 E50.06968
G1 X221.02 Y221.188 E50.07074
G1 X221.637 Y221.385 E50.09194
G1 X221.669 Y221.393 E50.09302
G1 X222.305 Y221.512 E50.11421
G1 X222.337 Y221.515 E50.11526
G1 X222.984 Y221.555 E50.13648
G1 X223 Y221.556 E50.13701
G1 X223.789 Y221.556 E50.16284
G1 X223.597 Y221.748 E50.17173
G1 X223.128 Y221.878 E50.18766
G1 X223.005 Y221.952 E50.19236
G1 X222.945 Y222.06 E50.19641
G1 X222.754 Y222.741 E50.21956
G1 X221.734 Y223.761 E50.26679
G1 X220.326 Y224.155 E50.31466
G1 X218.982 Y223.762 E50.36051
G1 X217.9 Y222.68 E50.41061
G1 X217.685 Y221.939 E50.43587
G1 X217.608 Y221.817 E50.44059
G1 X217.48 Y221.753 E50.44528
G1 X217.361 Y221.759 E50.44918
G1 X216.401 Y222.028 E50.48182
G1 X215.057 Y221.634 E50.52767
G1 X214.758 Y221.336 E50.5415
G1 X214.632 Y221.266 E50.54621
G1 X214.501 Y221.269 E50.5505
G1 X213.339 Y221.595 E50.59002
G1 X212.088 Y221.228 E50.6327
G1 X211.873 Y221.014 E50.64263
G1 X211.747 Y220.944 E50.64735
G1 X211.603 Y220.951 E50.65207
G1 X211.501 Y221.014 E50.656
G1 X210.799 Y221.715 E50.68848
G1 X209.391 Y222.109 E50.73635
G1 X208.081 Y221.724 E50.78105
G1 X207.937 Y221.722 E50.78577
G1 X207.821 Y221.79 E50.79017
G1 X207.5 Y222.111 E50.80503
G1 X206.235 Y222.464 E50.84803
G1 X205.03 Y222.111 E50.88914
G1 X204.057 Y221.138 E50.93419
G1 X203.703 Y219.932 E50.97535
G1 X204.094 Y218.599 E51.02083
G1 X204.096 Y218.455 E51.02554
G1 X204.028 Y218.339 E51.02994
G1 X203.651 Y217.962 E51.0474
G1 X203.369 Y217.003 E51.08013
G1 X203.52 Y216.486 E51.09776
G1 X203.522 Y216.342 E51.10248
G1 X203.402 Y216.186 E51.10892
G1 X203.182 Y216.056 E51.11729
G1 X203.043 Y216.019 E51.122
G1 X202.862 Y216.096 E51.12844
G1 X202.691 Y216.267 E51.13635
G1 X200.973 Y216.747 E51.19476
G1 F2700 E50.69476
G0 F7200 X202.158 Y215.325
M104 S200
G1 F2700 E51.19476
G1 F3600 X200.981 Y215.655 E51.23478
G1 X199.884 Y215.334 E51.2722
G1 X198.948 Y214.398 E51.31554
G1 X198.628 Y213.308 E51.35273
G1 X198.953 Y212.2 E51.39054
G1 X199.82 Y211.284 E51.43183
G1 X200.974 Y210.961 E51.47106
G1 X202.127 Y211.284 E51.51027
G1 X202.416 Y211.588 E51.524
G1 X202.666 Y211.793 E51.53459
G1 X202.959 Y211.931 E51.54519
G1 X203.276 Y211.993 E51.55576
G1 X203.599 Y211.975 E51.56636
G1 X204.025 Y211.82 E51.5812
G1 X204.25 Y211.69 E51.58971
G1 X204.508 Y211.495 E51.60029
G1 X204.71 Y211.243 E51.61087
G1 X204.845 Y210.948 E51.62149
G1 X204.904 Y210.63 E51.63208
G1 X204.892 Y210.526 E51.63551
G1 X205.092 Y209.836 E51.65903
G1 X205.574 Y209.329 E51.68193
G1 X206.187 Y209.157 E51.70278
G1 X206.794 Y209.327 E51.72341
G1 X207.114 Y209.376 E51.73401
G1 X207.502 Y209.327 E51.74682
G1 X208.204 Y209.13 E51.77069
G1 X209.097 Y209.382 E51.80107
G1 X209.179 Y209.45 E51.80456
G1 X209.536 Y209.61 E51.81736
G1 X210.027 Y209.747 E51.83405
G1 X210.405 Y210.146 E51.85205
G1 X210.655 Y210.351 E51.86263
G1 X210.948 Y210.489 E51.87324
G1 X211.265 Y210.552 E51.88382
G1 X211.588 Y210.535 E51.89441
G1 X211.897 Y210.439 E51.905
G1 X212.174 Y210.271 E51.91561
G1 X212.311 Y210.145 E51.9217
G1 X212.691 Y209.744 E51.93979
G1 X213.439 Y209.534 E51.96523
G1 X214.187 Y209.744 E51.99067
G1 X214.422 Y209.992 E52.00185
G1 X214.671 Y210.198 E52.01243
G1 X214.964 Y210.336 E52.02304
G1 X215.281 Y210.399 E52.03362
G1 X215.604 Y210.382 E52.04421
G1 X215.913 Y210.287 E52.05479
G1 X216.19 Y210.119 E52.0654
G1 X216.327 Y209.993 E52.07149
G1 X216.648 Y209.655 E52.08675
G1 X217.443 Y209.432 E52.11379
G1 X217.617 Y209.481 E52.11971
G1 X217.936 Y209.53 E52.13027
G1 X218.15 Y209.509 E52.13731
G1 X217.878 Y209.789 E52.15009
G1 X217.757 Y209.932 E52.15623
G1 X217.377 Y210.456 E52.17742
G1 X217.291 Y210.592 E52.18269
G1 X216.978 Y211.159 E52.20389
G1 X216.908 Y211.306 E52.20922
G1 X216.667 Y211.908 E52.23045
G1 X216.616 Y212.063 E52.23579
G1 X216.452 Y212.689 E52.25698
G1 X216.434 Y212.767 E52.2596
G1 X216.341 Y213.236 E52.27526
G1 X216.267 Y213.162 E52.27868
G1 X216.011 Y212.964 E52.28928
G1 X215.715 Y212.834 E52.29986
G1 X215.396 Y212.78 E52.31046
G1 X215.074 Y212.806 E52.32103
G1 X214.767 Y212.91 E52.33165
G1 X214.414 Y213.161 E52.34583
G1 X213.912 Y213.302 E52.3629
G1 X213.614 Y213.427 E52.37348
G1 X213.52 Y213.499 E52.37736
G1 X213.107 Y213.614 E52.39139
G1 X213.005 Y213.656 E52.395
G1 X212.922 Y213.617 E52.39801
G1 X212.592 Y213.52 E52.40927
G1 X211.819 Y212.748 E52.44504
G1 X211.564 Y212.549 E52.45563
G1 X211.268 Y212.419 E52.46621
G1 X210.949 Y212.365 E52.4768
G1 X210.626 Y212.391 E52.48741
G1 X210.32 Y212.495 E52.49799
G1 X209.963 Y212.748 E52.51232
G1 X209.636 Y213.075 E52.52746
G1 X209.473 Y213.143 E52.53324
G1 X209.202 Y213.351 E52.54443
G1 X208.699 Y213.852 E52.56767
G1 X208.683 Y213.859 E52.56824
G1 X208.423 Y214.051 E52.57883
G1 X208.343 Y214.148 E52.58294
G1 X208.098 Y213.936 E52.59355
G1 X207.929 Y213.856 E52.59967
G1 X207.79 Y213.718 E52.60608
G1 X207.535 Y213.52 E52.61665
G1 X207.238 Y213.39 E52.62727
G1 X206.919 Y213.336 E52.63786
G1 X206.597 Y213.362 E52.64844
G1 X206.291 Y213.466 E52.65902
G1 X205.935 Y213.72 E52.67334
G1 X205.58 Y214.075 E52.68977
G1 X205.381 Y214.33 E52.70037
G1 X205.25 Y214.626 E52.71096
G1 X205.196 Y214.945 E52.72156
G1 X205.222 Y215.267 E52.73213
G1 X205.325 Y215.574 E52.74273
G1 X205.554 Y215.905 E52.75591
G1 X206.062 Y216.442 E52.78011
G1 X206.312 Y216.648 E52.79072
G1 X206.604 Y216.787 E52.80131
G1 X206.921 Y216.85 E52.81189
G1 X207.244 Y216.833 E52.82248
G1 X207.554 Y216.738 E52.8331
G1 X207.83 Y216.57 E52.84367
G1 X207.969 Y216.443 E52.84984
G1 X207.984 Y216.427 E52.85056
G1 X208.018 Y216.413 E52.85176
G1 X208.276 Y216.219 E52.86233
G1 X208.349 Y216.129 E52.86612
G1 X208.357 Y216.141 E52.8666
G1 X208.603 Y216.351 E52.87719
G1 X208.779 Y216.432 E52.88353
G1 X209.227 Y216.905 E52.90486
G1 X209.245 Y216.947 E52.90635
G1 X209.439 Y217.206 E52.91695
G1 X209.691 Y217.409 E52.92754
G1 X209.865 Y217.485 E52.93376
G1 X210.051 Y217.639 E52.94167
G1 X210.343 Y217.777 E52.95224
G1 X210.661 Y217.841 E52.96286
G1 X211.065 Y217.807 E52.97613
G1 X211.251 Y217.762 E52.9824
G1 X211.553 Y217.648 E52.99297
G1 X211.819 Y217.463 E53.00358
G1 X212.031 Y217.219 E53.01416
G1 X212.193 Y216.872 E53.0267
G1 X212.559 Y216.487 E53.04409
G1 X212.908 Y216.388 E53.05597
G1 X213.006 Y216.347 E53.05944
G1 X213.103 Y216.391 E53.06293
G1 X213.503 Y216.504 E53.07654
G1 X213.56 Y216.551 E53.07896
G1 X213.903 Y216.703 E53.09124
G1 X214.883 Y216.978 E53.12457
G1 X215.203 Y217.027 E53.13517
G1 X215.525 Y216.995 E53.14576
G1 X215.83 Y216.886 E53.15637
G1 X216.19 Y216.618 E53.17106
G1 X216.292 Y216.51 E53.17592
G1 X216.306 Y216.589 E53.17855
G1 X216.431 Y217.226 E53.1998
G1 X216.441 Y217.274 E53.20141
G1 X216.532 Y217.66 E53.21439
G1 X216.568 Y217.786 E53.21868
G1 X216.779 Y218.399 E53.23991
G1 X216.841 Y218.548 E53.24519
G1 X217.125 Y219.13 E53.2664
G1 X217.206 Y219.272 E53.27175
G1 X217.56 Y219.814 E53.29294
G1 X217.656 Y219.943 E53.29821
G1 X218.074 Y220.438 E53.31942
G1 X218.186 Y220.555 E53.32472
G1 X218.662 Y220.995 E53.34594
G1 X218.788 Y221.098 E53.35127
G1 X219.314 Y221.475 E53.37246
G1 X219.381 Y221.52 E53.3751
G1 X219.51 Y221.601 E53.38009
G1 X219.546 Y221.623 E53.38147
G1 X219.849 Y221.8 E53.39296
G1 X219.962 Y221.859 E53.39713
G1 X220.551 Y222.13 E53.41836
G1 X220.701 Y222.188 E53.42363
G1 X221.318 Y222.385 E53.44483
G1 X221.476 Y222.425 E53.45017
G1 X221.569 Y222.442 E53.45326
G1 X221.187 Y222.824 E53.47095
G1 X220.333 Y223.063 E53.49999
G1 X219.533 Y222.829 E53.52728
G1 X218.833 Y222.129 E53.55969
G1 X218.693 Y221.646 E53.57615
G1 X218.565 Y221.349 E53.58674
G1 X218.369 Y221.092 E53.59732
G1 X218.115 Y220.891 E53.60793
G1 X217.82 Y220.758 E53.61852
G1 X217.502 Y220.701 E53.6291
G1 X217.078 Y220.748 E53.64307
G1 X216.409 Y220.935 E53.66581
G1 X215.608 Y220.701 E53.69313
G1 X215.499 Y220.592 E53.69818
G1 X215.244 Y220.394 E53.70875
G1 X214.947 Y220.264 E53.71936
G1 X214.628 Y220.21 E53.72996
G1 X214.218 Y220.258 E53.74347
G1 X213.346 Y220.502 E53.77312
G1 X212.639 Y220.295 E53.79724
G1 X212.614 Y220.27 E53.79839
G1 X212.358 Y220.071 E53.80901
G1 X212.062 Y219.942 E53.81958
G1 X211.743 Y219.888 E53.83017
G1 X211.42 Y219.914 E53.84078
G1 X211.114 Y220.019 E53.85138
G1 X210.76 Y220.27 E53.86558
G1 X210.251 Y220.778 E53.88913
G1 X209.399 Y221.016 E53.91809
G1 X208.377 Y220.716 E53.95296
G1 X208.058 Y220.664 E53.96355
G1 X207.736 Y220.691 E53.97412
G1 X207.43 Y220.797 E53.98473
G1 X207.08 Y221.046 E53.99879
G1 X206.953 Y221.172 E54.00465
G1 X206.242 Y221.371 E54.02882
G1 X205.581 Y221.178 E54.05137
G1 X204.99 Y220.587 E54.07873
G1 X204.798 Y219.932 E54.10108
G1 X205.102 Y218.895 E54.13646
G1 X205.154 Y218.576 E54.14704
G1 X205.127 Y218.253 E54.15765
G1 X205.021 Y217.947 E54.16826
G1 X204.77 Y217.597 E54.18236
G1 X204.584 Y217.411 E54.19097
G1 X204.464 Y217.001 E54.20496
G1 X204.528 Y216.781 E54.21246
G1 X204.58 Y216.462 E54.22304
G1 X204.552 Y216.139 E54.23365
G1 X204.447 Y215.834 E54.24421
G1 X204.27 Y215.563 E54.25481
G1 X203.936 Y215.282 E54.2691
G1 X203.716 Y215.152 E54.27747
G1 X203.419 Y215.023 E54.28807
G1 X203.1 Y214.97 E54.29866
G1 X202.778 Y214.997 E54.30924
G1 X202.472 Y215.102 E54.31983
G1 X202.158 Y215.325 E54.33244
G1 F2700 E53.83244
G0 F7200 X204.069 Y213.475
G1 F2700 E54.33244
G1 F3600 X204.015 Y213.566 E54.3359
G1 X203.87 Y213.524 E54.34085
G1 X203.908 Y213.52 E54.3421
G1 X204.069 Y213.475 E54.34757
G1 F2700 E53.84757
G0 F7200 X207.673 Y211.876
G1 F2700 E54.34757
G1 F3600 X207.203 Y211.78 E54.36328
G1 X206.723 Y211.763 E54.379
G1 X206.247 Y211.827 E54.39473
G1 X206.16 Y211.854 E54.39771
G1 X206.274 Y211.627 E54.40602
G1 X206.415 Y211.168 E54.42175
G1 X206.456 Y210.861 E54.43189
G1 X206.842 Y210.935 E54.44475
G1 X207.322 Y210.946 E54.46047
G1 X207.927 Y210.844 E54.48056
G1 X208.204 Y210.766 E54.48998
G1 X208.435 Y210.831 E54.49784
G1 X208.542 Y210.9 E54.50201
G1 X209.112 Y211.126 E54.52208
G1 X209.183 Y211.146 E54.5245
G1 X209.263 Y211.23 E54.5283
G1 X209.31 Y211.272 E54.53036
G1 X208.851 Y211.633 E54.54948
G1 X208.702 Y211.782 E54.55638
G1 X208.477 Y211.912 E54.56489
G1 X208.234 Y212.115 E54.57525
G1 X208.122 Y212.049 E54.57951
G1 X207.673 Y211.876 E54.59526
G0 F7200 X208.343 Y211.38
G1 F3600 X208.252 Y211.43 E54.59866
G1 X208.163 Y211.503 E54.60243
G1 X207.951 Y211.413 E54.60997
G1 X207.878 Y211.395 E54.61243
G1 X208.068 Y211.35 E54.61883
G1 X208.203 Y211.312 E54.62342
G1 X208.217 Y211.321 E54.62396
G1 X208.343 Y211.38 E54.62852
G1 F2700 E54.12852
G0 F7200 X213.223 Y212.446
G1 F2700 E54.62852
G1 F3600 X213.088 Y212.528 E54.63369
G1 X212.561 Y212.005 E54.658
G1 X212.227 Y211.728 E54.6722
G1 X211.884 Y211.536 E54.68507
G1 X212.04 Y211.505 E54.69028
G1 X212.442 Y211.342 E54.70448
G1 X212.808 Y211.108 E54.71871
G1 X213.073 Y210.867 E54.73043
G1 X213.253 Y210.677 E54.739
G1 X213.439 Y210.625 E54.74533
G1 X213.624 Y210.677 E54.75162
G1 X213.659 Y210.714 E54.75329
G1 X213.986 Y211.001 E54.76753
G1 X214.359 Y211.222 E54.78173
G1 X214.767 Y211.372 E54.79596
G1 X215.195 Y211.445 E54.81017
G1 X215.629 Y211.438 E54.82438
G1 X215.732 Y211.417 E54.82783
G1 X215.692 Y211.518 E54.83138
G1 X215.614 Y211.755 E54.83955
G1 X215.452 Y211.732 E54.84491
G1 X215.018 Y211.751 E54.85913
G1 X214.595 Y211.849 E54.87335
G1 X214.197 Y212.024 E54.88758
G1 X213.927 Y212.208 E54.89828
G1 X213.629 Y212.291 E54.90841
G1 X213.223 Y212.446 E54.92264
G0 F7200 X213.715 Y211.721
G1 F3600 X213.487 Y211.785 E54.93039
G1 X213.193 Y211.895 E54.94067
G1 X212.943 Y211.645 E54.95224
G1 X213.189 Y211.476 E54.96201
G1 X213.452 Y211.231 E54.97378
G1 X213.636 Y211.395 E54.98185
G1 X213.93 Y211.58 E54.99322
G1 X213.835 Y211.627 E54.9967
G1 X213.715 Y211.721 E55.00169
G1 F2700 E54.50169
G0 F7200 X216.072 Y217.957
G1 F2700 E55.00169
G1 F3600 X216.283 Y218.57 E55.02291
G1 X216.369 Y218.778 E55.03028
G1 X216.653 Y219.36 E55.05148
G1 X216.766 Y219.559 E55.05898
G1 X217.12 Y220.101 E55.08017
G1 X217.202 Y220.21 E55.08464
G1 X216.936 Y220.242 E55.09341
G1 X216.411 Y220.389 E55.11126
G1 X215.885 Y220.235 E55.1292
G1 X215.87 Y220.22 E55.1299
G1 X215.572 Y219.98 E55.14242
G1 X215.231 Y219.806 E55.15496
G1 X214.861 Y219.707 E55.1675
G1 X214.478 Y219.686 E55.18006
G1 X214.076 Y219.752 E55.19339
G1 X213.349 Y219.956 E55.21812
G1 X212.889 Y219.821 E55.23381
G1 X212.686 Y219.657 E55.24236
G1 X212.345 Y219.484 E55.25488
G1 X211.975 Y219.385 E55.26742
G1 X211.593 Y219.364 E55.27994
G1 X211.214 Y219.424 E55.2925
G1 X210.856 Y219.56 E55.30504
G1 X210.535 Y219.768 E55.31757
G1 X210.389 Y219.899 E55.32399
G1 X209.978 Y220.308 E55.34297
G1 X209.401 Y220.47 E55.36259
G1 X208.525 Y220.213 E55.39248
G1 X208.148 Y220.143 E55.40504
G1 X207.766 Y220.154 E55.41755
G1 X207.393 Y220.243 E55.4301
G1 X207.048 Y220.408 E55.44263
G1 X206.709 Y220.675 E55.45675
G1 X206.68 Y220.704 E55.4581
G1 X206.246 Y220.825 E55.47285
G1 X205.859 Y220.712 E55.48605
G1 X205.456 Y220.309 E55.50471
G1 X205.345 Y219.932 E55.51757
G1 X205.606 Y219.043 E55.54791
G1 X205.675 Y218.666 E55.56046
G1 X205.664 Y218.283 E55.573
G1 X205.574 Y217.911 E55.58553
G1 X205.41 Y217.565 E55.59807
G1 X205.142 Y217.225 E55.61224
G1 X205.048 Y217.131 E55.6166
G1 X205.01 Y217.002 E55.621
G1 X205.032 Y216.928 E55.62353
G1 X205.101 Y216.552 E55.63604
G1 X205.09 Y216.169 E55.64859
G1 X205.082 Y216.137 E55.64967
G1 X205.173 Y216.266 E55.65483
G1 X205.681 Y216.803 E55.67904
G1 X205.971 Y217.052 E55.69155
G1 X206.308 Y217.236 E55.70412
G1 X206.674 Y217.346 E55.71663
G1 X207.056 Y217.378 E55.72919
G1 X207.436 Y217.329 E55.74173
G1 X207.798 Y217.204 E55.75427
G1 X208.125 Y217.006 E55.76678
G1 X208.307 Y216.843 E55.77478
G1 X208.356 Y216.81 E55.77672
G1 X208.401 Y216.843 E55.77854
G1 X208.474 Y216.874 E55.78114
G1 X208.811 Y217.23 E55.79719
G1 X208.968 Y217.466 E55.80647
G1 X209.242 Y217.734 E55.81902
G1 X209.565 Y217.939 E55.83155
G1 X209.61 Y217.956 E55.83312
G1 X209.711 Y218.043 E55.83748
G1 X210.047 Y218.227 E55.85003
G1 X210.413 Y218.337 E55.86254
G1 X210.795 Y218.369 E55.87509
G1 X211.188 Y218.317 E55.88807
G1 X211.374 Y218.272 E55.89433
G1 X211.735 Y218.144 E55.90688
G1 X212.061 Y217.944 E55.9194
G1 X212.339 Y217.68 E55.93195
G1 X212.556 Y217.365 E55.94447
G1 X212.639 Y217.164 E55.95159
G1 X212.838 Y216.954 E55.96106
G1 X213.002 Y216.908 E55.96664
G1 X213.27 Y216.984 E55.97576
G1 X213.56 Y217.139 E55.98653
G1 X213.761 Y217.209 E55.9935
G1 X214.741 Y217.484 E56.02682
G1 X215.119 Y217.548 E56.03937
G1 X215.502 Y217.533 E56.05192
G1 X215.873 Y217.439 E56.06445
G1 X215.933 Y217.409 E56.06665
G1 X216.021 Y217.781 E56.07916
G1 X216.072 Y217.957 E56.08516
G1 F2700 E55.58516
G0 F7200 X215.223 Y218.717
G1 F2700 E56.08516
G1 F3600 X214.912 Y218.654 E56.09555
G1 X214.432 Y218.637 E56.11128
G1 X213.792 Y218.741 E56.13251
G1 X213.375 Y218.858 E56.14669
G1 X213.358 Y218.844 E56.14741
G1 X212.945 Y218.6 E56.16311
G1 X212.916 Y218.589 E56.16413
G1 X213.21 Y218.274 E56.17824
G1 X213.294 Y218.147 E56.18322
G1 X213.478 Y218.22 E56.1897
G1 X214.458 Y218.495 E56.22303
G1 X214.929 Y218.585 E56.23873
G1 X215.18 Y218.591 E56.24695
G1 X215.223 Y218.717 E56.25131
G1 F2700 E55.75131
G0 F7200 X216.307 Y219.811
G1 F2700 E56.25131
G1 F3600 X216.133 Y219.76 E56.25724
G1 X215.906 Y219.572 E56.26689
G1 X215.527 Y219.36 E56.28111
G1 X215.115 Y219.222 E56.29534
G1 X214.685 Y219.162 E56.30955
G1 X214.251 Y219.181 E56.32377
G1 X213.934 Y219.247 E56.33438
G1 X213.353 Y219.41 E56.35413
G1 X213.138 Y219.347 E56.36147
G1 X213.02 Y219.249 E56.36649
G1 X212.641 Y219.038 E56.38069
G1 X212.229 Y218.9 E56.39492
G1 X211.799 Y218.84 E56.40913
G1 X211.365 Y218.859 E56.42335
G1 X210.942 Y218.958 E56.43758
G1 X210.544 Y219.132 E56.4518
G1 X210.185 Y219.376 E56.46601
G1 X210.018 Y219.527 E56.47338
G1 X209.705 Y219.839 E56.48785
G1 X209.404 Y219.924 E56.49809
G1 X208.673 Y219.709 E56.52304
G1 X208.247 Y219.625 E56.53726
G1 X207.813 Y219.621 E56.55147
G1 X207.385 Y219.696 E56.56569
G1 X206.978 Y219.849 E56.57993
G1 X206.606 Y220.073 E56.59414
G1 X206.422 Y220.231 E56.60209
G1 X206.249 Y220.279 E56.60796
G1 X206.135 Y220.246 E56.61185
G1 X205.921 Y220.032 E56.62176
G1 X205.892 Y219.932 E56.62517
G1 X206.109 Y219.191 E56.65045
G1 X206.193 Y218.764 E56.66469
G1 X206.197 Y218.33 E56.6789
G1 X206.121 Y217.902 E56.69314
G1 X206.041 Y217.689 E56.70059
G1 X206.406 Y217.823 E56.71332
G1 X206.834 Y217.896 E56.72753
G1 X207.269 Y217.889 E56.74177
G1 X207.695 Y217.803 E56.756
G1 X208.097 Y217.641 E56.77019
G1 X208.335 Y217.49 E56.77942
G1 X208.398 Y217.557 E56.78243
G1 X208.492 Y217.71 E56.78831
G1 X208.783 Y218.032 E56.80252
G1 X209.128 Y218.295 E56.81673
G1 X209.295 Y218.379 E56.82285
G1 X209.365 Y218.441 E56.82591
G1 X209.738 Y218.663 E56.84012
G1 X210.145 Y218.814 E56.85433
G1 X210.573 Y218.887 E56.86855
G1 X211.008 Y218.881 E56.88279
G1 X211.312 Y218.828 E56.89289
G1 X211.498 Y218.783 E56.89916
G1 X211.909 Y218.642 E56.91339
G1 X212.287 Y218.429 E56.92759
G1 X212.62 Y218.15 E56.94181
G1 X212.896 Y217.815 E56.95603
G1 X213.082 Y217.478 E56.96863
G1 X213.253 Y217.578 E56.97511
G1 X213.62 Y217.714 E56.98793
G1 X214.6 Y217.989 E57.02125
G1 X215.027 Y218.068 E57.03547
G1 X215.461 Y218.066 E57.04968
G1 X215.553 Y218.049 E57.05274
G1 X215.576 Y218.128 E57.05544
G1 X215.787 Y218.741 E57.07666
G1 X215.897 Y219.008 E57.08612
G1 X216.181 Y219.59 E57.10732
G1 X216.307 Y219.811 E57.11565
G1 F2700 E56.61565
G0 F7200 X209.625 Y219.178
G1 F2700 E57.11565
G1 F3600 X209.431 Y219.372 E57.12463
G1 X209.409 Y219.378 E57.12538
G1 X208.821 Y219.205 E57.14544
G1 X208.351 Y219.109 E57.16115
G1 X207.871 Y219.091 E57.17688
G1 X207.394 Y219.154 E57.19263
G1 X206.935 Y219.294 E57.20834
G1 X206.573 Y219.476 E57.22161
G1 X206.613 Y219.338 E57.22631
G1 X206.71 Y218.868 E57.24202
G1 X206.726 Y218.405 E57.25719
G1 X207.072 Y218.427 E57.26854
G1 X207.549 Y218.378 E57.28424
G1 X208.012 Y218.251 E57.29996
G1 X208.197 Y218.165 E57.30664
G1 X208.318 Y218.312 E57.31287
G1 X208.681 Y218.626 E57.32859
G1 X208.996 Y218.818 E57.34067
G1 X209.015 Y218.835 E57.3415
G1 X209.421 Y219.092 E57.35723
G1 X209.625 Y219.178 E57.36448
G1 F2700 E56.86448
G0 F7200 X230.135 Y216.853
G1 F2700 E57.36448
G1 F3600 X230.075 Y216.835 E57.36653
G1 X230.163 Y216.396 E57.38119
G1 X230.226 Y216.004 E57.39419
G1 X230.229 Y215.978 E57.39505
G1 X230.268 Y215.332 E57.41623
G1 X230.268 Y215.316 E57.41676
G1 X230.267 Y214.674 E57.43778
G1 X230.267 Y214.665 E57.43807
G1 X230.254 Y214.304 E57.4499
G1 X230.252 Y214.278 E57.45075
G1 X230.167 Y213.636 E57.47196
G1 X230.164 Y213.62 E57.47249
G1 X230.039 Y212.983 E57.49374
G1 X230.034 Y212.964 E57.49439
G1 X229.823 Y212.202 E57.52027
G1 X229.812 Y212.168 E57.52144
G1 X229.556 Y211.573 E57.54265
G1 X229.541 Y211.544 E57.54372
G1 X229.294 Y211.122 E57.55973
G1 X230.136 Y210.886 E57.58836
G1 X231.623 Y211.303 E57.63892
G1 X232.704 Y212.442 E57.69033
G1 X233.119 Y213.87 E57.73902
G1 X232.704 Y215.357 E57.78957
G1 X231.624 Y216.437 E57.83957
G1 X230.135 Y216.853 E57.89019
G1 F2700 E57.39019
G0 F7200 X231.352 Y215.967
G1 F2700 E57.89019
G1 F3600 X230.736 Y216.14 E57.91114
G1 X230.744 Y216.087 E57.91289
G1 X230.753 Y216.009 E57.91546
G1 X230.792 Y215.363 E57.93665
G1 X230.793 Y215.315 E57.93823
G1 X230.792 Y214.673 E57.95924
G1 X230.791 Y214.646 E57.96013
G1 X230.778 Y214.285 E57.97196
G1 X230.772 Y214.21 E57.97442
G1 X230.687 Y213.568 E57.99562
G1 X230.679 Y213.519 E57.99725
G1 X230.554 Y212.882 E58.0185
G1 X230.54 Y212.824 E58.02045
G1 X230.329 Y212.062 E58.04634
G1 X230.294 Y211.961 E58.04984
G1 X230.074 Y211.449 E58.06809
G1 X230.136 Y211.432 E58.07019
G1 X231.342 Y211.77 E58.1112
G1 X232.235 Y212.711 E58.15367
G1 X232.573 Y213.872 E58.19326
G1 X232.234 Y215.085 E58.2345
G1 X231.352 Y215.967 E58.27534
G0 F7200 X231.318 Y215.259
G1 F3600 X231.317 Y214.672 E58.29455
G1 X231.316 Y214.627 E58.29603
G1 X231.303 Y214.266 E58.30785
G1 X231.293 Y214.141 E58.31196
G1 X231.208 Y213.499 E58.33316
G1 X231.194 Y213.418 E58.33585
G1 X231.069 Y212.781 E58.35711
G1 X231.046 Y212.684 E58.36037
G1 X230.91 Y212.194 E58.37702
G1 X231.061 Y212.236 E58.38215
G1 X231.767 Y212.98 E58.41573
G1 X232.027 Y213.874 E58.44622
G1 X231.765 Y214.812 E58.4781
G1 X231.318 Y215.259 E58.4988
G1 F2700 E57.9988
;MESH:axis.stl
G0 F7200 X224.754 Y213.267
G0 X223.507 Y213.264
G0 X223.507 Y214.692
;TYPE:WALL-INNER
G1 F2700 E58.4988
G1 F3945.7 X223.514 Y215.276 E58.51625
G1 X223.981 Y215.276 E58.5302
G1 X223.989 Y214.692 E58.54764
G1 X223.507 Y214.692 E58.56204
G0 F7200 X223.006 Y215
;TYPE:WALL-OUTER
G1 F3606.9 X223.006 Y215.294 E58.57165
G1 F3600 X223.1 Y215.778 E58.58779
G1 X224.394 Y215.778 E58.63016
G1 X224.49 Y215.294 E58.64631
G1 X224.49 Y214.71 E58.66543
G1 X224.389 Y214.19 E58.68277
G1 X223.11 Y214.19 E58.72465
G1 X223.006 Y214.71 E58.74201
G1 F3606.9 X223.006 Y215 E58.75149
G0 F7200 X223.006 Y215.2
G1 F2700 E58.25149
;MESH:NONMESH
G0 F600 X223.006 Y215.2 Z0.3
G0 F7200 X222.081 Y215.202
G0 X208.742 Y214.829
;TIME_ELAPSED:72.274892
;LAYER:1
;note -- min layer time used
M106 S255
M204 S750
;TYPE:SUPPORT
G1 F2700 E58.75149
G1 F1889.3 X208.599 Y215.004 E58.75779
G1 F1701.5 X208.599 Y215.281 E58.76638
G1 F1885.3 X208.763 Y215.443 E58.77282
G1 F2118.7 X209.347 Y215.611 E58.78794
G1 X210.052 Y216.352 E58.81339
G1 X210.148 Y216.527 E58.81836
G1 X210.422 Y216.618 E58.82555
G1 X210.653 Y216.842 E58.83355
G1 X211.01 Y216.934 E58.84273
G1 X211.135 Y216.886 E58.84606
G1 X211.197 Y216.8 E58.8487
G1 X211.328 Y216.36 E58.86012
G1 X212.029 Y215.619 E58.8855
G1 X212.997 Y215.347 E58.91052
G1 X213.965 Y215.619 E58.93554
G1 X214.033 Y215.67 E58.93765
G1 X214.952 Y215.931 E58.96143
G1 X215.122 Y216.093 E58.96727
G1 X215.268 Y216.114 E58.97094
G1 X215.348 Y216.078 E58.97312
G1 X216.033 Y215.363 E58.99776
G1 X216.652 Y215.189 E59.01376
G1 X216.749 Y215.112 E59.01684
G1 X216.785 Y215.019 E59.01932
G1 X216.785 Y214.717 E59.02684
G1 X216.712 Y214.565 E59.03103
G1 X216.107 Y214.385 E59.04674
G1 X215.474 Y213.755 E59.06896
G1 X215.329 Y213.746 E59.07258
G1 X215.244 Y213.785 E59.0749
G1 X214.947 Y214.076 E59.08525
G1 X214.055 Y214.326 E59.1083
G1 X213.966 Y214.389 E59.11101
G1 X213.002 Y214.657 E59.13591
G1 X212.075 Y214.385 E59.15995
G1 X211.327 Y213.637 E59.18627
G1 X211.194 Y213.235 E59.19681
G1 X211.128 Y213.177 E59.19899
G1 X210.997 Y213.151 E59.20232
G1 X210.897 Y213.192 E59.20501
G1 X210.169 Y213.917 E59.23057
G1 X209.928 Y214.003 E59.23694
G1 X209.258 Y214.672 E59.2605
G1 X208.742 Y214.829 E59.27392
G1 F2700 E58.77392
G0 F8175 X206.738 Y214.295
G1 F2700 E59.27392
G1 F2118.7 X206.157 Y214.883 E59.29449
G1 X206.147 Y215.112 E59.30019
G1 X206.875 Y215.876 E59.32645
G1 X207.023 Y215.93 E59.33037
G1 X207.143 Y215.888 E59.33353
G1 X207.409 Y215.611 E59.34309
G1 X207.931 Y215.452 E59.35667
G1 F1885.3 X208.078 Y215.293 E59.36272
G1 F1701.5 X208.077 Y215.016 E59.3713
G1 F1889.3 X207.917 Y214.838 E59.37798
G1 F2118.7 X207.363 Y214.673 E59.39237
G1 X206.943 Y214.278 E59.40671
G1 X206.738 Y214.295 E59.41183
G1 F2700 E58.91183
G0 F8175 X199.273 Y210.387
G1 F2700 E59.41183
G1 F2118.7 X200.973 Y209.911 E59.45576
G1 X202.671 Y210.387 E59.49964
G1 X203.598 Y211.36 E59.53308
G1 X203.766 Y211.394 E59.53734
G1 X204.112 Y211.193 E59.5473
G1 X204.166 Y211.06 E59.55087
G1 X203.979 Y210.419 E59.56749
G1 X204.284 Y209.372 E59.59462
G1 X205.085 Y208.531 E59.62352
G1 X206.185 Y208.219 E59.65197
G1 X206.954 Y208.429 E59.67181
G1 X208.203 Y208.082 E59.70406
G1 X209.591 Y208.471 E59.73993
G1 X209.731 Y208.607 E59.74479
G1 X210.567 Y208.851 E59.76646
G1 X211.239 Y209.551 E59.7906
G1 X211.365 Y209.586 E59.79386
G1 X211.474 Y209.551 E59.7967
G1 X212.149 Y208.847 E59.82097
G1 X213.437 Y208.487 E59.85425
G1 X214.727 Y208.847 E59.88758
G1 X215.206 Y209.353 E59.90491
G1 X215.337 Y209.373 E59.90821
G1 X215.432 Y209.34 E59.91071
G1 X215.997 Y208.755 E59.93095
G1 X217.361 Y208.367 E59.96624
G1 X217.839 Y208.499 E59.97858
G1 X217.987 Y208.481 E59.98229
G1 X219.033 Y207.371 E60.02024
G1 X220.375 Y206.995 E60.05491
G1 X221.715 Y207.371 E60.08955
G1 X222.249 Y207.93 E60.10878
G1 X222.402 Y207.981 E60.11279
G1 X222.984 Y207.819 E60.12783
G1 X223.756 Y208.035 E60.14777
G1 X224.324 Y208.628 E60.16821
G1 X224.442 Y209.027 E60.17856
G1 X224.57 Y209.131 E60.18266
G1 X225.107 Y209.283 E60.19655
G1 X225.488 Y209.681 E60.21026
G1 X225.629 Y210.166 E60.22283
G1 X225.484 Y210.683 E60.23619
G1 X225.279 Y210.924 E60.24406
G1 F2013.3 X225.311 Y211.257 E60.25282
G1 F1960.1 X225.365 Y211.324 E60.25514
G1 F2059.9 X225.535 Y211.392 E60.25982
G1 F2118.7 X225.674 Y211.541 E60.26489
G1 X225.721 Y211.723 E60.26957
G1 X225.655 Y211.939 E60.27519
G1 X225.405 Y212.287 E60.28585
G1 X225.425 Y212.433 E60.28952
G1 X225.388 Y212.562 E60.29286
G1 X225.294 Y212.656 E60.29617
G1 X225.178 Y212.689 E60.29917
G1 X225.076 Y212.659 E60.30181
G1 X224.832 Y212.329 E60.31202
G1 X224.554 Y212.261 E60.31915
G1 X224.455 Y212.164 E60.32259
G1 X224.424 Y212.054 E60.32544
G1 X224.46 Y211.932 E60.3286
G1 X224.804 Y211.568 E60.34107
G1 F2013.3 X224.868 Y211.389 E60.34604
G1 F1986.3 X224.785 Y211.259 E60.35014
G1 F2088.9 X224.111 Y211.061 E60.36787
G1 F2118.7 X223.987 Y210.965 E60.37177
G1 X223.888 Y210.955 E60.37424
G1 X223.566 Y211.133 E60.3834
G1 X223.532 Y211.215 E60.38561
G1 X223.146 Y211.606 E60.39928
G1 X223.091 Y211.852 E60.40555
G1 X223.141 Y212.029 E60.41013
G1 X223.104 Y212.157 E60.41344
G1 X223.026 Y212.236 E60.41621
G1 X222.9 Y212.255 E60.41938
G1 X222.652 Y212.377 E60.42625
G1 X222.493 Y212.57 E60.43248
G1 X222.386 Y212.601 E60.43525
G1 X222.125 Y212.533 E60.44196
G1 X222.01 Y212.569 E60.44496
G1 X221.806 Y212.777 E60.45221
G1 X221.78 Y212.914 E60.45568
G1 X221.883 Y213.254 E60.46452
G1 X221.747 Y213.863 E60.48004
G1 X221.715 Y214.348 E60.49214
G1 X221.594 Y214.823 E60.50433
G1 X221.698 Y215.187 E60.51375
G1 X221.634 Y215.548 E60.52288
G1 X221.696 Y215.716 E60.52733
G1 X221.755 Y216.175 E60.53885
G1 X221.883 Y216.754 E60.5536
G1 X221.773 Y217.113 E60.56295
G1 X221.798 Y217.259 E60.56663
G1 X221.983 Y217.452 E60.57328
G1 X222.116 Y217.502 E60.57682
G1 X222.409 Y217.43 E60.58433
G1 X222.521 Y217.46 E60.58721
G1 X222.715 Y217.697 E60.59483
G1 X223.128 Y217.753 E60.6052
G1 X223.208 Y217.836 E60.60807
G1 X223.241 Y217.95 E60.61103
G1 X223.15 Y218.321 E60.62053
G1 X223.178 Y218.423 E60.62316
G1 X223.619 Y218.844 E60.63833
G1 X223.755 Y218.873 E60.64179
G1 X223.974 Y218.81 E60.64746
G1 X224.091 Y218.719 E60.65115
G1 X224.127 Y218.611 E60.65398
G1 X224.32 Y218.376 E60.66155
G1 F2041 X224.606 Y218.25 E60.66962
G1 F1717.9 X224.709 Y218.075 E60.67586
G1 F1523.8 X224.644 Y217.87 E60.6833
G1 X224.663 Y217.802 E60.68574
G1 X224.827 Y217.717 E60.69213
G1 X224.975 Y217.74 E60.69731
G1 F1529 X225.19 Y217.681 E60.705
G1 F1536.9 X225.341 Y217.725 E60.71039
G1 X225.454 Y217.842 E60.71597
G1 X225.494 Y217.978 E60.72084
G1 X225.45 Y218.132 E60.72633
G1 X225.343 Y218.239 E60.73152
G1 F1529 X225.103 Y218.303 E60.74009
G1 F1717.9 X225.003 Y218.479 E60.7463
G1 F2041 X225.08 Y219.015 E60.76029
G1 F2118.7 X225.004 Y219.285 E60.76727
G1 X224.818 Y219.468 E60.77376
G1 X224.564 Y219.54 E60.78033
G1 X224.351 Y219.547 E60.78563
G1 X224.171 Y219.719 E60.79183
G1 X224.1 Y219.866 E60.79589
G1 X224.273 Y220.454 E60.81114
G1 X224.076 Y221.162 E60.82942
G1 X223.558 Y221.68 E60.84765
G1 X223.029 Y221.832 E60.86135
G1 X222.927 Y221.93 E60.86487
G1 X222.708 Y222.718 E60.88522
G1 X221.695 Y223.715 E60.92059
G1 X220.291 Y224.097 E60.95679
G1 X218.899 Y223.681 E60.99294
G1 X217.831 Y222.613 E61.03052
G1 X217.604 Y221.833 E61.05074
G1 X217.511 Y221.734 E61.05412
G1 X217.397 Y221.71 E61.05702
G1 X216.398 Y221.985 E61.0828
G1 X215.075 Y221.597 E61.1171
G1 X214.722 Y221.247 E61.12947
G1 X214.584 Y221.2 E61.1331
G1 X213.338 Y221.553 E61.16533
G1 X212.106 Y221.189 E61.19729
G1 X211.86 Y220.952 E61.20579
G1 X211.757 Y220.918 E61.20849
G1 X211.623 Y220.955 E61.21195
G1 X210.882 Y221.692 E61.23795
G1 X209.482 Y222.085 E61.27414
G1 X208.014 Y221.656 E61.31219
G1 X207.868 Y221.68 E61.31587
G1 X207.474 Y222.072 E61.3297
G1 X206.234 Y222.421 E61.36176
G1 X205.051 Y222.073 E61.39244
G1 X204.091 Y221.117 E61.42615
G1 X203.743 Y219.929 E61.45695
G1 X204.093 Y218.735 E61.48791
G1 X204.188 Y218.618 E61.49166
G1 X204.209 Y218.469 E61.49541
G1 X204.16 Y218.374 E61.49807
G1 X203.715 Y217.925 E61.5138
G1 X203.443 Y216.999 E61.53781
G1 X203.714 Y216.056 E61.56223
G1 X203.685 Y215.936 E61.5653
G1 X203.367 Y215.718 E61.57489
G1 X203.246 Y215.705 E61.57792
G1 X203.145 Y215.754 E61.58071
G1 X202.67 Y216.228 E61.59741
G1 X200.97 Y216.705 E61.64135
G1 X199.351 Y216.229 E61.68334
G1 X198.047 Y214.929 E61.72915
G1 X197.571 Y213.309 E61.77117
G1 X198.052 Y211.68 E61.81343
G1 X199.273 Y210.387 E61.85768
G1 F2700 E61.35768
G0 F8175 X224.721 Y212.499
G0 X227.207 Y213.867
G1 F2700 E61.85768
G1 F2118.7 X227.623 Y212.457 E61.89426
G1 X228.7 Y211.335 E61.93296
G1 X230.223 Y210.911 E61.9723
G1 X231.715 Y211.331 E62.01087
G1 X232.772 Y212.452 E62.0492
G1 X233.185 Y213.858 E62.08567
G1 X232.772 Y215.326 E62.12361
G1 X231.71 Y216.388 E62.16099
G1 X230.209 Y216.809 E62.19978
G1 X228.754 Y216.392 E62.23744
G1 X227.623 Y215.272 E62.27704
G1 X227.207 Y213.867 E62.3135
G1 F2700 E61.8135
;MESH:axis.stl
G0 F8175 X224.443 Y214.074
G0 X223.509 Y214.742
G0 X223.218 Y214.742
M204 S594
;TYPE:WALL-INNER
G1 F2700 E62.3135
G1 F2118.7 X223.22 Y215.306 E62.32828
G1 X223.269 Y215.991 E62.34626
G1 X223.317 Y216.206 E62.35203
G1 X224.178 Y216.205 E62.37459
G1 X224.238 Y215.936 E62.3818
G1 X224.278 Y215.262 E62.39949
G1 X224.278 Y214.742 E62.41311
G1 X224.226 Y214.012 E62.43228
G1 X224.177 Y213.79 E62.43823
G1 X223.322 Y213.79 E62.46063
G1 X223.259 Y214.07 E62.46814
G1 X223.218 Y214.742 E62.48578
M204 S750
G0 F8175 X222.798 Y215
M204 S594
;TYPE:WALL-OUTER
G1 F2118.7 X222.798 Y215.296 E62.49353
G1 X222.853 Y216.053 E62.51341
G1 X222.946 Y216.471 E62.52463
G1 X223.053 Y216.626 E62.52956
G1 X224.465 Y216.626 E62.56654
G1 X224.545 Y216.489 E62.5707
G1 X224.655 Y215.994 E62.58398
G1 X224.698 Y215.297 E62.60227
G1 X224.698 Y214.708 E62.6177
G1 X224.643 Y213.951 E62.63758
G1 X224.549 Y213.527 E62.64895
G1 X224.456 Y213.37 E62.65373
G1 X223.045 Y213.37 E62.69069
G1 X222.954 Y213.513 E62.69513
G1 X222.841 Y214.01 E62.70848
G1 X222.798 Y214.707 E62.72677
G1 X222.798 Y215 E62.73445
M204 S750
G0 F8175 X222.798 Y215.2
G0 X223.509 Y215.2
G0 X223.743 Y214.286
;TYPE:SKIN
G1 F1437.6 X223.75 Y215.707 E62.7893
G0 F8175 X223.646 Y215.687
G1 F2700 E62.2893
;MESH:NONMESH
G0 F600 X223.646 Y215.687 Z0.45
G0 F8175 X224.334 Y213.612
G0 X224.957 Y211.872
;TIME_ELAPSED:81.220287
;LAYER:2
;note -- min layer time used
M204 S1000
;TYPE:SUPPORT
G1 F2700 E62.7893
G1 F2185.9 X225.046 Y211.779 E62.79265
G1 X225.169 Y211.744 E62.79597
G1 X225.286 Y211.779 E62.79915
G1 F2190.9 X225.377 Y211.875 E62.80258
G1 X225.411 Y211.987 E62.80562
G1 X225.377 Y212.105 E62.80881
G1 X225.285 Y212.197 E62.81218
G1 X225.166 Y212.231 E62.8154
G1 X225.07 Y212.202 E62.818
G1 X224.924 Y211.988 E62.82472
G1 F2185.9 X224.957 Y211.872 E62.82786
G1 F2700 E62.32786
G0 F9150 X227.586 Y212.649
G1 F2700 E62.82786
G1 F2284.8 X227.631 Y212.497 E62.8318
G1 X228.672 Y211.415 E62.86916
G1 X230.161 Y211.003 E62.9076
G1 X231.644 Y211.415 E62.9459
G1 X232.68 Y212.497 E62.98318
G1 X233.077 Y213.857 E63.01843
G1 X232.672 Y215.281 E63.05527
G1 X231.642 Y216.304 E63.09139
G1 X230.161 Y216.717 E63.12965
G1 X228.73 Y216.305 E63.1667
G1 X227.63 Y215.22 E63.20515
G1 X227.228 Y213.86 E63.24043
G1 X227.586 Y212.649 E63.27186
G1 F2700 E62.77186
G0 F9150 X224.668 Y211.96
G0 X222.848 Y211.956
G0 X218.669 Y214.744
G1 F2700 E63.27186
G1 F2284.8 X218.56 Y214.348 E63.28208
G1 X218.188 Y214.153 E63.29253
G1 X218.04 Y214.179 E63.29627
G1 X217.934 Y214.276 E63.29984
G1 X217.03 Y214.525 E63.32317
G1 X216.171 Y214.273 E63.34545
G1 X215.418 Y213.52 E63.37195
G1 X215.268 Y213.516 E63.37568
G1 X214.842 Y213.896 E63.38989
G1 X214.074 Y214.113 E63.40974
G1 X213.906 Y214.272 E63.4155
G1 X212.998 Y214.529 E63.43898
G1 X212.139 Y214.273 E63.46128
G1 X211.439 Y213.573 E63.48592
G1 X211.278 Y213.023 E63.50018
G1 X211.198 Y212.944 E63.50297
G1 X211.062 Y212.915 E63.50643
G1 X210.958 Y212.958 E63.50923
G1 X210.105 Y213.805 E63.53914
G1 X209.88 Y213.878 E63.54503
G1 X209.19 Y214.564 E63.56924
G1 X208.293 Y214.814 E63.59241
G1 X207.426 Y214.561 E63.61488
G1 X206.98 Y214.118 E63.63053
G1 X206.773 Y214.085 E63.63574
G1 X206.295 Y214.563 E63.65256
G1 X205.838 Y214.696 E63.66441
G1 F1974.5 X205.672 Y214.876 E63.67146
G1 F1735.3 X205.672 Y215.148 E63.68037
G1 F1970.5 X205.837 Y215.303 E63.6869
G1 F2284.8 X206.29 Y215.442 E63.69869
G1 X206.872 Y216.054 E63.7197
G1 X207.033 Y216.11 E63.72395
G1 X207.153 Y216.06 E63.72718
G1 X207.477 Y215.723 E63.73881
G1 X208.377 Y215.466 E63.7621
G1 X209.283 Y215.723 E63.78554
G1 X209.936 Y216.416 E63.80923
G1 X209.972 Y216.514 E63.81183
G1 X210.066 Y216.597 E63.81495
G1 X210.383 Y216.687 E63.82315
G1 X210.636 Y216.934 E63.83195
G1 X211.103 Y217.058 E63.84397
G1 X211.229 Y217.008 E63.84734
G1 X211.281 Y216.941 E63.84945
G1 X211.436 Y216.428 E63.86279
G1 X212.097 Y215.731 E63.88669
G1 X213 Y215.479 E63.91002
G1 X213.903 Y215.731 E63.93334
G1 X214.058 Y215.887 E63.93882
G1 X214.842 Y216.107 E63.95908
G1 X215.063 Y216.331 E63.96691
G1 X215.278 Y216.336 E63.97226
G1 X216.097 Y215.475 E64.00183
G1 X217.003 Y215.223 E64.02523
G1 X217.903 Y215.475 E64.04848
G1 X218.145 Y215.706 E64.05681
G1 X218.238 Y215.722 E64.05915
G1 X218.419 Y215.611 E64.06444
G1 X218.669 Y214.744 E64.08689
G1 F2700 E63.58689
G0 F9150 X222.457 Y217.883
G0 X224.959 Y218.215
G1 F2700 E64.08689
G1 F2166.2 X224.951 Y217.979 E64.09309
G1 X225.085 Y217.773 E64.09954
G1 X225.192 Y217.742 E64.10246
G1 X225.313 Y217.777 E64.10577
G1 X225.402 Y217.87 E64.10915
G1 X225.434 Y217.982 E64.1122
G1 X225.402 Y218.1 E64.11541
G1 X225.309 Y218.19 E64.11881
G1 X224.913 Y218.33 E64.12983
G1 X224.886 Y218.297 E64.13095
G1 X224.959 Y218.215 E64.13383
G1 F2700 E63.63383
G0 F9150 X225.361 Y217.44
G0 X225.562 Y216.685
G0 X225.647 Y214.681
G0 X225.372 Y210.618
G1 F2700 E64.13383
G1 F2284.8 X225.042 Y210.944 E64.14537
G1 X224.593 Y211.073 E64.157
G1 X224.167 Y210.949 E64.16804
G1 X223.865 Y210.663 E64.17839
G1 X223.737 Y210.644 E64.18161
G1 X223.626 Y210.7 E64.1847
G1 X223.292 Y211.13 E64.19825
G1 X223.222 Y211.398 E64.20514
G1 X223.044 Y211.62 E64.21222
G1 X222.977 Y211.793 E64.21684
G1 X222.905 Y211.865 E64.21937
G1 X222.748 Y211.919 E64.2235
G1 X222.644 Y211.887 E64.22621
G1 X222.356 Y211.612 E64.23612
G1 X222.143 Y211.619 E64.24142
G1 X221.4 Y212.35 E64.26736
G1 X221.383 Y212.481 E64.27064
G1 X221.668 Y213.43 E64.2953
G1 X221.455 Y214.173 E64.31453
G1 X221.461 Y214.226 E64.31586
G1 X221.299 Y214.79 E64.33046
G1 X221.433 Y215.255 E64.3425
G1 X221.339 Y215.6 E64.3514
G1 X221.367 Y215.732 E64.35476
G1 X221.444 Y215.821 E64.35769
G1 X221.665 Y216.565 E64.377
G1 X221.438 Y217.334 E64.39695
G1 X221.214 Y217.585 E64.40532
G1 X221.218 Y217.716 E64.40858
G1 X221.31 Y217.826 E64.41215
G1 X221.539 Y217.91 E64.41822
G1 X222.011 Y218.399 E64.43513
G1 X222.144 Y218.446 E64.43864
G1 X222.432 Y218.425 E64.44583
G1 X222.52 Y218.346 E64.44877
G1 X222.563 Y218.225 E64.45196
G1 X222.658 Y218.126 E64.45538
G1 X222.762 Y218.096 E64.45807
G1 X222.921 Y218.145 E64.46221
G1 X222.988 Y218.215 E64.46462
G1 X223.082 Y218.547 E64.47321
G1 X223.216 Y218.616 E64.47696
G1 X223.405 Y218.817 E64.48382
G1 X223.458 Y218.991 E64.48835
G1 X223.643 Y219.209 E64.49546
G1 X223.821 Y219.243 E64.49997
G1 X224.025 Y219.186 E64.50524
G1 F1911.6 X224.088 Y219.252 E64.50796
G1 F1640.4 X224.249 Y219.064 E64.51654
G1 F1637.6 X224.32 Y218.687 E64.52985
G1 X224.435 Y218.537 E64.53642
G1 X224.802 Y218.41 E64.5499
G1 X224.78 Y218.54 E64.55448
G1 X224.863 Y219.01 E64.57105
G1 X224.818 Y219.177 E64.57705
G1 F1640.4 X224.714 Y219.283 E64.5822
G1 X224.565 Y219.324 E64.58755
G1 X224.359 Y219.264 E64.59499
G1 X224.114 Y219.3 E64.60357
G1 F1911.6 X224.135 Y219.388 E64.60626
G1 F2284.8 X223.987 Y219.535 E64.61145
G1 X223.927 Y219.706 E64.61596
G1 X224.153 Y220.483 E64.6361
G1 X223.963 Y221.184 E64.65417
G1 X223.508 Y221.653 E64.67043
G1 X222.836 Y221.845 E64.68782
G1 X222.719 Y221.965 E64.69199
G1 X222.532 Y222.626 E64.70908
G1 X221.558 Y223.596 E64.74329
G1 X220.222 Y223.973 E64.77783
G1 X218.863 Y223.573 E64.81308
G1 X217.815 Y222.525 E64.84996
G1 X217.59 Y221.756 E64.86989
G1 X217.487 Y221.64 E64.87375
G1 X217.36 Y221.62 E64.87695
G1 X216.29 Y221.913 E64.90456
G1 X215.015 Y221.537 E64.93763
G1 X214.631 Y221.159 E64.95104
G1 X214.506 Y221.129 E64.95424
G1 X213.338 Y221.457 E64.98443
G1 X212.152 Y221.109 E65.01518
G1 X211.832 Y220.809 E65.0261
G1 X211.634 Y220.829 E65.03105
G1 X210.854 Y221.604 E65.05841
G1 X209.498 Y221.981 E65.09343
G1 X208.02 Y221.548 E65.13175
G1 X207.866 Y221.576 E65.13565
G1 X207.438 Y222.008 E65.15078
G1 X206.234 Y222.341 E65.18186
G1 X205.087 Y222.005 E65.2116
G1 X204.159 Y221.077 E65.24426
G1 X203.819 Y219.931 E65.274
G1 X204.156 Y218.781 E65.30382
G1 X204.324 Y218.601 E65.30995
G1 X204.357 Y218.513 E65.31229
G1 X204.316 Y218.357 E65.3163
G1 X203.827 Y217.861 E65.33363
G1 X203.571 Y216.999 E65.35601
G1 X203.824 Y216.14 E65.37829
G1 X204.485 Y215.443 E65.40219
G1 X204.955 Y215.303 E65.41439
G1 F1970.5 X205.12 Y215.148 E65.42092
G1 F1735.3 X205.12 Y214.876 E65.42984
G1 F1974.5 X204.954 Y214.696 E65.43689
G1 F2284.8 X204.526 Y214.561 E65.44805
G1 X204.293 Y214.335 E65.45613
G1 X204.161 Y214.286 E65.45963
G1 X204.016 Y214.338 E65.46347
G1 X203.959 Y214.421 E65.46597
G1 X203.812 Y214.95 E65.47963
G1 X202.618 Y216.144 E65.52165
G1 X200.97 Y216.605 E65.56423
G1 X199.399 Y216.145 E65.60496
G1 X198.131 Y214.881 E65.64951
G1 X197.667 Y213.308 E65.69032
G1 X198.132 Y211.732 E65.73121
G1 X199.329 Y210.471 E65.77447
G1 X200.973 Y210.007 E65.81697
G1 X202.619 Y210.471 E65.85953
G1 X203.85 Y211.758 E65.90384
G1 X204 Y211.792 E65.90767
G1 X204.331 Y211.614 E65.91702
G1 X204.4 Y211.423 E65.92207
G1 X204.107 Y210.42 E65.94807
G1 X204.396 Y209.437 E65.97357
G1 X205.153 Y208.643 E66.00087
G1 X206.188 Y208.347 E66.02765
G1 X206.89 Y208.546 E66.04581
G1 X208.203 Y208.179 E66.07973
G1 X209.543 Y208.555 E66.11436
G1 X209.697 Y208.702 E66.11966
G1 X210.523 Y208.935 E66.14102
G1 X211.24 Y209.684 E66.16682
G1 X211.374 Y209.718 E66.17026
G1 X211.482 Y209.677 E66.17313
G1 X212.193 Y208.931 E66.19877
G1 X213.437 Y208.583 E66.23092
G1 X214.679 Y208.931 E66.26301
G1 X215.129 Y209.402 E66.27922
G1 X215.214 Y209.441 E66.28155
G1 X215.363 Y209.433 E66.28526
G1 X215.937 Y208.831 E66.30596
G1 X217.253 Y208.459 E66.33998
G1 X217.795 Y208.61 E66.35398
G1 X217.901 Y208.606 E66.35662
G1 X218.021 Y208.511 E66.36043
G1 X218.074 Y208.362 E66.36437
G1 X219.005 Y207.375 E66.39813
G1 X220.299 Y207.015 E66.43155
G1 X221.587 Y207.375 E66.46483
G1 X222.236 Y208.059 E66.48829
G1 X222.386 Y208.093 E66.49212
G1 X222.984 Y207.927 E66.50756
G1 X223.695 Y208.127 E66.52594
G1 X224.208 Y208.668 E66.54449
G1 X224.343 Y209.079 E66.55525
G1 X224.449 Y209.15 E66.55843
G1 X225.041 Y209.322 E66.57377
G1 X225.371 Y209.678 E66.58585
G1 X225.502 Y210.149 E66.59801
G1 X225.372 Y210.618 E66.61012
G1 F2700 E66.11012
;MESH:axis.stl
G0 F9150 X224.359 Y213.059
G0 X223.437 Y214.719
G0 X223.146 Y214.719
M204 S688
;TYPE:WALL-INNER
G1 F2700 E66.61012
G1 F2284.8 X223.147 Y215.315 E66.62573
G1 X223.177 Y216.174 E66.64824
G1 X223.268 Y216.738 E66.66321
G1 X224.206 Y216.737 E66.68778
G1 X224.281 Y216.461 E66.69527
G1 X224.331 Y215.9 E66.71002
G1 X224.354 Y215.282 E66.72622
G1 X224.351 Y214.706 E66.7413
G1 X224.32 Y213.826 E66.76437
G1 X224.225 Y213.25 E66.77966
G1 X223.296 Y213.248 E66.80399
G1 X223.216 Y213.55 E66.81217
G1 X223.164 Y214.119 E66.82714
G1 X223.146 Y214.719 E66.84286
M204 S1000
G0 F9150 X222.726 Y214.719
M204 S688
;TYPE:WALL-OUTER
G1 F2284.8 X222.727 Y215.329 E66.85884
G1 X222.758 Y216.215 E66.88206
G1 X222.849 Y216.783 E66.89713
G1 X222.938 Y217.06 E66.90475
G1 X223.008 Y217.158 E66.9079
G1 X224.485 Y217.158 E66.94659
G1 X224.554 Y217.06 E66.94973
G1 X224.696 Y216.535 E66.96397
G1 X224.75 Y215.926 E66.97999
G1 X224.774 Y215.28 E66.99692
G1 X224.771 Y214.704 E67.01201
G1 X224.738 Y213.785 E67.03609
G1 X224.647 Y213.222 E67.05103
G1 X224.558 Y212.944 E67.05867
G1 X224.458 Y212.83 E67.06265
G1 X223.048 Y212.827 E67.09958
G1 X222.942 Y212.944 E67.10371
G1 X222.8 Y213.477 E67.11816
G1 X222.746 Y214.077 E67.13394
G1 X222.726 Y214.719 E67.15076
M204 S1000
G0 F9150 X222.726 Y214.919
G0 X223.539 Y214.73
;TYPE:SKIN
G1 F2375.3 X223.549 Y214.13 E67.16588
G1 F2486.1 X223.585 Y213.624 E67.17809
G1 F2545.4 X223.903 Y213.624 E67.18557
G1 X223.94 Y213.862 E67.19123
G1 F2423.3 X223.957 Y215.268 E67.22596
G1 F2375.3 X223.933 Y216.357 E67.2534
G1 F2486.1 X223.588 Y216.358 E67.26171
G1 F2545.4 X223.552 Y216.137 E67.26697
G1 F2423.3 X223.539 Y214.73 E67.30172
G0 F9150 X223.743 Y214.73
G1 F2700 E66.80172
;MESH:NONMESH
G0 F600 X223.743 Y214.73 Z0.6
G0 F9150 X224.36 Y216.929
G0 X224.357 Y218.671
;TIME_ELAPSED:90.438598
;LAYER:3
;note -- min layer time used
M204 S1250
;TYPE:SUPPORT
G1 F2700 E67.30172
G1 F2088.5 X224.443 Y218.58 E67.30504
G1 X224.563 Y218.546 E67.30835
G1 X224.681 Y218.58 E67.31161
G1 X224.772 Y218.676 E67.31512
G1 X224.803 Y218.781 E67.31803
G1 X224.768 Y218.899 E67.32129
G1 X224.678 Y218.991 E67.32471
G1 X224.563 Y219.023 E67.32788
G1 X224.458 Y218.992 E67.33078
G1 X224.356 Y218.89 E67.33461
G1 X224.325 Y218.783 E67.33757
G1 X224.357 Y218.671 E67.34066
G1 F2700 E66.84066
G0 F10125 X223.552 Y219.392
G1 F2700 E67.34066
G1 F2227.7 X223.635 Y219.485 E67.34376
G1 X223.685 Y219.641 E67.34784
G1 X223.796 Y219.767 E67.35202
G1 X224.017 Y220.542 E67.37207
G1 X223.852 Y221.142 E67.38755
G1 X223.426 Y221.568 E67.40255
G1 X222.787 Y221.745 E67.41904
G1 X222.66 Y221.828 E67.42282
G1 X222.448 Y222.578 E67.44221
G1 X221.51 Y223.512 E67.47515
G1 X220.221 Y223.877 E67.50848
G1 X218.827 Y223.469 E67.54463
G1 X217.799 Y222.437 E67.58087
G1 X217.552 Y221.594 E67.60273
G1 X217.379 Y221.509 E67.60753
G1 X216.186 Y221.841 E67.63834
G1 X214.951 Y221.477 E67.67038
G1 X214.571 Y221.103 E67.68364
G1 X214.437 Y221.07 E67.68708
G1 X213.338 Y221.377 E67.71547
G1 X212.19 Y221.041 E67.74523
G1 X211.918 Y220.776 E67.75468
G1 X211.782 Y220.738 E67.7582
G1 X211.679 Y220.767 E67.76086
G1 X210.978 Y221.468 E67.78553
G1 X209.497 Y221.885 E67.82381
G1 X208.265 Y221.528 E67.85573
G1 X208.063 Y221.338 E67.86263
G1 X207.96 Y221.302 E67.86534
G1 X207.797 Y221.361 E67.86966
G1 X207.334 Y221.828 E67.88602
G1 X206.234 Y222.133 E67.91442
G1 X205.187 Y221.829 E67.94155
G1 X204.339 Y220.977 E67.97146
G1 X204.027 Y219.927 E67.99872
G1 X204.34 Y218.866 E68.02624
G1 X204.549 Y218.531 E68.03607
G1 X204.508 Y218.376 E68.04006
G1 X203.939 Y217.801 E68.06019
G1 X203.703 Y216.999 E68.08099
G1 X203.936 Y216.2 E68.1017
G1 X204.549 Y215.555 E68.12384
G1 X205.349 Y215.331 E68.14451
G1 X205.388 Y215.284 E68.14603
G1 X205.427 Y215.331 E68.14755
G1 X206.223 Y215.555 E68.16813
G1 X206.896 Y216.258 E68.19234
G1 X206.992 Y216.289 E68.19485
G1 X207.13 Y216.257 E68.19838
G1 X207.541 Y215.835 E68.21304
G1 X208.379 Y215.599 E68.2347
G1 X209.219 Y215.835 E68.25641
G1 X209.825 Y216.473 E68.27831
G1 X209.888 Y216.675 E68.28357
G1 X209.97 Y216.768 E68.28666
G1 X210.283 Y216.866 E68.29482
G1 X210.401 Y216.966 E68.29867
G1 X210.788 Y217.076 E68.30868
G1 X210.927 Y217.195 E68.31323
G1 X211.032 Y217.209 E68.31587
G1 X211.317 Y217.126 E68.32325
G1 X211.383 Y217.045 E68.32585
G1 X211.548 Y216.488 E68.34031
G1 X212.161 Y215.843 E68.36245
G1 X212.999 Y215.607 E68.38411
G1 X213.835 Y215.843 E68.40573
G1 X213.989 Y215.999 E68.41118
G1 X214.78 Y216.219 E68.43161
G1 X215.03 Y216.472 E68.44046
G1 X215.106 Y216.5 E68.44247
G1 X215.415 Y216.438 E68.45032
G1 X215.508 Y216.351 E68.45349
G1 X215.548 Y216.232 E68.45661
G1 X216.161 Y215.587 E68.47875
G1 X217 Y215.351 E68.50044
G1 X217.839 Y215.587 E68.52212
G1 X218.096 Y215.852 E68.53131
G1 X218.246 Y215.898 E68.53521
G1 X218.653 Y215.786 E68.54572
G1 X218.741 Y215.67 E68.54934
G1 X218.655 Y215.255 E68.55989
G1 X218.801 Y214.745 E68.57309
G1 X218.666 Y214.251 E68.58583
G1 X218.561 Y214.166 E68.58919
G1 X218.374 Y214.113 E68.59403
G1 X218.213 Y213.986 E68.59913
G1 X218.082 Y213.989 E68.60239
G1 X217.876 Y214.163 E68.6091
G1 X217.03 Y214.397 E68.63094
G1 X216.235 Y214.165 E68.65155
G1 X215.426 Y213.364 E68.67988
G1 X215.33 Y213.334 E68.68238
G1 X215.211 Y213.361 E68.68541
G1 X214.778 Y213.784 E68.70048
G1 X214.03 Y213.996 E68.71982
G1 X213.838 Y214.164 E68.72617
G1 X212.998 Y214.397 E68.74786
G1 X212.199 Y214.165 E68.76856
G1 X211.547 Y213.513 E68.79151
G1 X211.355 Y212.88 E68.80797
G1 X211.206 Y212.783 E68.81239
G1 X210.816 Y212.817 E68.82213
G1 X210.747 Y212.887 E68.82458
G1 X210.697 Y213.037 E68.82851
G1 X210.042 Y213.692 E68.85156
G1 X209.794 Y213.778 E68.85809
G1 X209.129 Y214.448 E68.88158
G1 X208.286 Y214.685 E68.90337
G1 X207.487 Y214.453 E68.92407
G1 X206.988 Y213.956 E68.9416
G1 X206.896 Y213.913 E68.94412
G1 X206.718 Y213.961 E68.94871
G1 X206.23 Y214.448 E68.96587
G1 X205.416 Y214.676 E68.9869
G1 X205.386 Y214.718 E68.98818
G1 X205.356 Y214.678 E68.98943
G1 X204.587 Y214.453 E69.00937
G1 X204.202 Y214.09 E69.02253
G1 X204.006 Y214.107 E69.02743
G1 X203.919 Y214.221 E69.031
G1 X203.728 Y214.902 E69.0486
G1 X202.57 Y216.06 E69.08934
G1 X200.97 Y216.509 E69.1307
G1 X199.443 Y216.065 E69.17026
G1 X198.215 Y214.833 E69.21355
G1 X197.767 Y213.307 E69.25312
G1 X198.216 Y211.772 E69.29292
G1 X199.373 Y210.555 E69.3347
G1 X200.973 Y210.107 E69.37604
G1 X202.575 Y210.555 E69.41744
G1 X203.915 Y211.966 E69.46585
G1 X204.024 Y211.998 E69.46868
G1 X204.13 Y211.976 E69.47137
G1 X204.515 Y211.578 E69.48515
G1 X204.536 Y211.444 E69.48853
G1 X204.239 Y210.425 E69.51494
G1 X204.512 Y209.492 E69.53913
G1 X205.213 Y208.755 E69.56444
G1 X206.189 Y208.479 E69.58968
G1 X206.83 Y208.656 E69.60622
G1 X208.203 Y208.275 E69.64168
G1 X209.494 Y208.639 E69.67505
G1 X209.614 Y208.752 E69.67915
G1 X210.479 Y208.999 E69.70154
G1 X211.242 Y209.793 E69.72894
G1 X211.395 Y209.823 E69.73282
G1 X211.485 Y209.783 E69.73527
G1 X212.237 Y208.995 E69.76237
G1 X213.437 Y208.659 E69.79338
G1 X214.639 Y208.995 E69.82444
G1 X215.081 Y209.458 E69.84036
G1 X215.17 Y209.502 E69.84283
G1 X215.334 Y209.47 E69.84699
G1 X215.877 Y208.907 E69.86645
G1 X217.141 Y208.551 E69.89913
G1 X217.787 Y208.732 E69.91582
G1 X217.909 Y208.682 E69.9191
G1 X217.979 Y208.593 E69.92192
G1 X218.07 Y208.254 E69.93065
G1 X218.908 Y207.365 E69.96105
G1 X220.217 Y207.03 E69.99468
G1 X221.463 Y207.379 E70.02687
G1 X222.162 Y208.118 E70.05218
G1 X222.29 Y208.158 E70.05552
G1 X222.985 Y207.959 E70.07351
G1 X223.679 Y208.155 E70.09145
G1 X224.111 Y208.61 E70.10706
G1 X224.264 Y209.176 E70.12165
G1 X224.376 Y209.25 E70.12499
G1 X224.595 Y209.23 E70.13047
G1 X225.027 Y209.351 E70.14163
G1 X225.27 Y209.606 E70.15039
G1 X225.378 Y210.103 E70.16305
G1 X225.259 Y210.528 E70.17403
G1 X224.975 Y210.826 E70.18427
G1 X224.597 Y210.937 E70.19408
G1 X224.233 Y210.826 E70.20355
G1 X223.848 Y210.429 E70.21731
G1 X223.739 Y210.398 E70.22013
G1 X223.59 Y210.449 E70.22405
G1 X223.395 Y210.708 E70.23211
G1 X223.302 Y211.077 E70.24158
G1 X223.153 Y211.272 E70.24769
G1 X223.117 Y211.385 E70.25064
G1 X223.027 Y211.475 E70.25381
G1 X222.876 Y211.507 E70.25765
G1 X222.67 Y211.457 E70.26292
G1 X222.484 Y211.499 E70.26767
G1 X222.06 Y211.338 E70.27895
G1 X221.973 Y211.352 E70.28114
G1 X221.567 Y211.735 E70.29503
G1 X221.369 Y211.804 E70.30025
G1 X220.95 Y212.219 E70.31492
G1 X220.935 Y212.417 E70.31986
G1 X221.225 Y212.741 E70.33068
G1 X221.429 Y213.419 E70.3483
G1 X221.334 Y213.811 E70.35834
G1 X221.476 Y214.267 E70.37022
G1 X221.315 Y214.801 E70.3841
G1 X221.464 Y215.287 E70.39675
G1 X221.251 Y216.031 E70.41601
G1 X221.417 Y216.574 E70.43013
G1 X221.213 Y217.289 E70.44864
G1 X220.918 Y217.608 E70.45945
G1 X220.91 Y217.723 E70.46232
G1 X220.997 Y218.008 E70.46973
G1 X221.184 Y218.203 E70.47645
G1 X221.283 Y218.244 E70.47912
G1 X222.016 Y219.016 E70.50561
G1 X222.166 Y219.035 E70.50937
G1 X222.664 Y218.876 E70.52238
G1 X222.782 Y218.735 E70.52695
G1 X222.963 Y218.675 E70.5317
G1 X223.137 Y218.735 E70.53628
G1 X223.289 Y218.926 E70.54235
G1 X223.365 Y219.183 E70.54902
G1 X223.552 Y219.392 E70.556
G1 F2700 E70.056
G0 F10125 X225.032 Y218.314
G0 X227.601 Y215.301
G1 F2700 E70.556
G1 F2227.7 X227.523 Y215.224 E70.55873
G1 X227.12 Y213.864 E70.59402
G1 X227.523 Y212.501 E70.62939
G1 X228.56 Y211.416 E70.66673
G1 X230.063 Y211.002 E70.70552
G1 X231.556 Y211.416 E70.74408
G1 X232.597 Y212.497 E70.78142
G1 X233.001 Y213.858 E70.81674
G1 X232.597 Y215.281 E70.85355
G1 X231.559 Y216.308 E70.88989
G1 X230.058 Y216.721 E70.92862
G1 X228.618 Y216.308 E70.9659
G1 X227.601 Y215.301 E71.00151
G1 F2700 E70.50151
;MESH:axis.stl
G0 F10125 X225.662 Y215.295
G0 X224.557 Y215.293
G0 X223.421 Y214.225
G0 X223.13 Y214.223
M204 S781
;TYPE:WALL-INNER
G1 F2700 E71.00151
G1 F2227.7 X223.131 Y215.583 E71.03713
G1 X223.146 Y216.455 E71.05998
G1 X223.253 Y217.17 E71.07891
G1 X224.248 Y217.169 E71.10497
G1 X224.343 Y216.736 E71.11658
G1 X224.362 Y216.012 E71.13555
G1 X224.365 Y214.211 E71.18273
G1 X224.351 Y213.55 E71.20004
G1 X224.245 Y212.842 E71.21879
G1 X223.247 Y212.842 E71.24493
G1 X223.153 Y213.272 E71.25646
G1 X223.13 Y214.223 E71.28138
M204 S1250
G0 F10125 X222.71 Y214.223
M204 S781
;TYPE:WALL-OUTER
G1 F2227.7 X222.711 Y215.59 E71.31718
G1 X222.726 Y216.49 E71.34076
G1 X222.848 Y217.3 E71.36222
G1 X223.008 Y217.59 E71.37089
G1 X224.492 Y217.59 E71.40976
G1 X224.65 Y217.3 E71.41841
G1 X224.762 Y216.786 E71.43219
G1 X224.782 Y216.013 E71.45244
G1 X224.785 Y214.202 E71.49988
G1 X224.77 Y213.514 E71.5179
G1 X224.648 Y212.699 E71.53949
G1 X224.493 Y212.422 E71.5478
G1 X223.001 Y212.422 E71.58688
G1 X222.845 Y212.713 E71.59553
G1 X222.734 Y213.222 E71.60917
G1 X222.71 Y214.223 E71.6354
M204 S1250
G0 F10125 X222.71 Y214.423
G0 X223.531 Y214.229
;TYPE:SKIN
G1 F2196.4 X223.548 Y213.235 E71.66181
G1 F2238.4 X223.901 Y213.235 E71.67101
G1 F2254.6 X223.953 Y213.578 E71.67999
G1 F2233.1 X223.961 Y215.998 E71.74322
G1 F2227.7 X223.943 Y216.769 E71.76342
G1 F2249.2 X223.594 Y216.771 E71.77248
G1 F2260 X223.539 Y216.422 E71.7816
G1 F2217.2 X223.531 Y214.229 E71.83931
G0 F10125 X223.742 Y214.229
G1 F2700 E71.33931
;MESH:NONMESH
G0 F600 X223.742 Y214.229 Z0.75
G0 F10125 X222.962 Y213.251
G0 X221.857 Y213.229
G0 X199.421 Y210.635
;TIME_ELAPSED:98.690066
;LAYER:4
;note -- min layer time used
M204 S1500
;TYPE:SUPPORT
G1 F2700 E71.83931
G1 F2389.7 X200.972 Y210.203 E71.87938
G1 X202.523 Y210.635 E71.91944
G1 X203.644 Y211.82 E71.96003
G1 X203.768 Y212.196 E71.96988
G1 X203.886 Y212.273 E71.97338
G1 X204.039 Y212.264 E71.9772
G1 X204.678 Y211.603 E72.00008
G1 X204.7 Y211.435 E72.00429
G1 X204.626 Y211.3 E72.00812
G1 X204.367 Y210.42 E72.03095
G1 X204.62 Y209.561 E72.05323
G1 X205.281 Y208.867 E72.07708
G1 X206.185 Y208.611 E72.10046
G1 X206.766 Y208.774 E72.11547
G1 X208.203 Y208.371 E72.15261
G1 X209.447 Y208.723 E72.18478
G1 X209.725 Y208.992 E72.1944
G1 X210.379 Y209.179 E72.21133
G1 X211.242 Y210.091 E72.24257
G1 X211.373 Y210.114 E72.24588
G1 X211.479 Y210.081 E72.24864
G1 X212.341 Y209.175 E72.27976
G1 X213.437 Y208.867 E72.30809
G1 X214.539 Y209.175 E72.33656
G1 X214.838 Y209.48 E72.34719
G1 X214.991 Y209.506 E72.35105
G1 X215.07 Y209.477 E72.35314
G1 X215.555 Y208.984 E72.37035
G1 X216.927 Y208.606 E72.40576
G1 X217.595 Y208.796 E72.42304
G1 X217.767 Y208.678 E72.42823
G1 X217.917 Y208.148 E72.44194
G1 X218.759 Y207.268 E72.47224
G1 X220.022 Y206.934 E72.50475
G1 X221.271 Y207.287 E72.53705
G1 X222.082 Y208.141 E72.56635
G1 X222.216 Y208.175 E72.56979
G1 X222.985 Y207.959 E72.58967
G1 X223.564 Y208.119 E72.60461
G1 X223.988 Y208.564 E72.61991
G1 X224.174 Y209.199 E72.63637
G1 X224.287 Y209.271 E72.63971
G1 X224.591 Y209.226 E72.64735
G1 X224.911 Y209.315 E72.65562
G1 X225.148 Y209.568 E72.66424
G1 X225.239 Y209.875 E72.67221
G1 X225.157 Y210.296 E72.68288
G1 X224.958 Y210.496 E72.68991
G1 X224.59 Y210.601 E72.69943
G1 X224.247 Y210.497 E72.70835
G1 X223.894 Y210.159 E72.72051
G1 X223.8 Y210.134 E72.72293
G1 X223.663 Y210.177 E72.7265
G1 X223.219 Y210.642 E72.7425
G1 X223.186 Y210.743 E72.74514
G1 X223.232 Y210.939 E72.75015
G1 X223.196 Y211.062 E72.75334
G1 X223.111 Y211.15 E72.75638
G1 X222.732 Y211.207 E72.76592
G1 X222.471 Y211.381 E72.77373
G1 X222.36 Y211.349 E72.7766
G1 X222.113 Y211.097 E72.78538
G1 X222.01 Y211.055 E72.78815
G1 X221.851 Y211.1 E72.79226
G1 X221.416 Y211.531 E72.8075
G1 X221.291 Y211.574 E72.81079
G1 X221.206 Y211.679 E72.81415
G1 X221.142 Y211.926 E72.8205
G1 X220.972 Y212.104 E72.82662
G1 X220.932 Y212.265 E72.83075
G1 X221.043 Y212.618 E72.83996
G1 X221.03 Y212.709 E72.84224
G1 X221.235 Y213.412 E72.86047
G1 X221.259 Y213.609 E72.8654
G1 X221.384 Y213.735 E72.86982
G1 X221.564 Y214.291 E72.88436
G1 X221.411 Y214.812 E72.89787
G1 X221.556 Y215.316 E72.91092
G1 X221.386 Y215.881 E72.9256
G1 X221.15 Y216.145 E72.93442
G1 X221.237 Y216.575 E72.94533
G1 X221.045 Y217.256 E72.96294
G1 X221.048 Y217.286 E72.96369
G1 X220.875 Y217.847 E72.9783
G1 X220.895 Y217.998 E72.98209
G1 X221.274 Y218.417 E72.99614
G1 X221.411 Y218.897 E73.00856
G1 X221.882 Y219.399 E73.02569
G1 X222.031 Y219.41 E73.02941
G1 X222.138 Y219.352 E73.03244
G1 X222.474 Y218.961 E73.04527
G1 X222.843 Y218.837 E73.05495
G1 X223.104 Y218.856 E73.06147
G1 X223.184 Y218.94 E73.06435
G1 X223.217 Y219.058 E73.0674
G1 X223.186 Y219.26 E73.07249
G1 X223.23 Y219.351 E73.075
G1 X223.692 Y219.836 E73.09167
G1 X223.893 Y220.53 E73.10965
G1 X223.74 Y221.078 E73.1238
G1 X223.362 Y221.456 E73.13711
G1 X222.666 Y221.65 E73.15508
G1 X222.587 Y221.751 E73.15827
G1 X222.364 Y222.53 E73.17844
G1 X221.462 Y223.432 E73.21018
G1 X220.222 Y223.777 E73.2422
G1 X219.015 Y223.429 E73.27346
G1 X218.749 Y223.314 E73.28067
G1 X217.783 Y222.349 E73.31465
G1 X217.539 Y221.522 E73.3361
G1 X217.453 Y221.447 E73.33894
G1 X217.325 Y221.423 E73.34218
G1 X216.078 Y221.765 E73.37436
G1 X214.891 Y221.417 E73.40514
G1 X214.416 Y220.949 E73.42173
G1 X214.29 Y220.902 E73.42507
G1 X213.338 Y221.169 E73.44968
G1 X212.288 Y220.86 E73.47691
G1 X212.117 Y220.73 E73.48226
G1 X211.964 Y220.73 E73.48606
G1 X211.268 Y221.395 E73.51002
G1 X209.946 Y221.764 E73.54417
G1 X209.745 Y221.73 E73.54924
G1 X209.499 Y221.789 E73.55554
G1 X208.314 Y221.441 E73.58627
G1 X208.038 Y221.176 E73.59579
G1 X207.948 Y221.146 E73.59815
G1 X207.82 Y221.175 E73.60141
G1 X207.27 Y221.716 E73.62061
G1 X206.234 Y222.005 E73.64737
G1 X205.247 Y221.717 E73.67296
G1 X204.451 Y220.917 E73.70104
G1 X204.159 Y219.929 E73.72667
G1 X204.452 Y218.94 E73.75234
G1 X204.57 Y218.809 E73.75673
G1 X204.72 Y218.534 E73.76452
G1 X204.681 Y218.377 E73.76855
G1 X204.051 Y217.737 E73.79089
G1 X203.831 Y216.999 E73.81005
G1 X204.048 Y216.265 E73.8291
G1 X204.617 Y215.667 E73.84964
G1 X205.388 Y215.451 E73.86956
G1 X206.159 Y215.667 E73.88949
G1 X206.921 Y216.465 E73.91694
G1 X207.132 Y216.444 E73.92222
G1 X207.605 Y215.943 E73.93936
G1 X208.379 Y215.727 E73.95936
G1 X209.151 Y215.943 E73.9793
G1 X209.716 Y216.54 E73.99976
G1 X209.784 Y216.77 E74.00572
G1 X209.876 Y216.875 E74.0092
G1 X210.282 Y217.03 E74.02001
G1 X211.228 Y217.295 E74.04446
G1 X211.344 Y217.294 E74.04734
G1 X211.469 Y217.208 E74.05112
G1 X211.664 Y216.549 E74.06822
G1 X212.229 Y215.955 E74.08862
G1 X213 Y215.739 E74.10854
G1 X213.773 Y215.956 E74.12852
G1 X213.925 Y216.108 E74.13387
G1 X214.715 Y216.331 E74.15429
G1 X215.065 Y216.698 E74.16691
G1 X215.177 Y216.745 E74.16993
G1 X215.478 Y216.681 E74.17759
G1 X215.582 Y216.564 E74.18149
G1 X215.66 Y216.296 E74.18843
G1 X216.229 Y215.699 E74.20895
G1 X217 Y215.483 E74.22888
G1 X217.771 Y215.699 E74.2488
G1 X218.099 Y216.025 E74.26031
G1 X218.221 Y216.045 E74.26338
G1 X218.795 Y215.873 E74.27829
G1 X218.888 Y215.803 E74.28119
G1 X218.923 Y215.618 E74.28587
G1 X218.805 Y215.258 E74.2953
G1 X218.971 Y214.712 E74.3095
G1 X218.794 Y214.169 E74.32371
G1 X218.685 Y214.072 E74.32734
G1 X218.439 Y214 E74.33372
G1 X218.277 Y213.841 E74.33937
G1 X218.176 Y213.799 E74.34209
G1 X218.018 Y213.842 E74.34617
G1 X217.806 Y214.052 E74.35359
G1 X217.03 Y214.269 E74.37364
G1 X216.299 Y214.053 E74.39261
G1 X215.695 Y213.449 E74.41386
G1 X215.592 Y213.139 E74.42199
G1 X215.413 Y213.05 E74.42696
G1 X215.303 Y213.079 E74.42979
G1 X214.709 Y213.673 E74.4507
G1 X213.936 Y213.895 E74.47071
G1 X213.774 Y214.052 E74.47632
G1 X212.998 Y214.269 E74.49637
G1 X212.263 Y214.053 E74.51543
G1 X211.659 Y213.449 E74.53669
G1 X211.358 Y212.402 E74.5638
G1 X211.212 Y212.279 E74.56855
G1 X211.104 Y212.282 E74.57124
G1 X210.686 Y212.663 E74.58531
G1 X210.584 Y212.974 E74.59345
G1 X209.974 Y213.584 E74.61492
G1 X209.734 Y213.666 E74.62123
G1 X209.058 Y214.34 E74.64498
G1 X208.286 Y214.557 E74.66494
G1 X207.551 Y214.341 E74.684
G1 X206.994 Y213.784 E74.7036
G1 X206.884 Y213.735 E74.70659
G1 X206.716 Y213.787 E74.71097
G1 X206.162 Y214.34 E74.73045
G1 X205.386 Y214.557 E74.7505
G1 X204.652 Y214.341 E74.76954
G1 X204.212 Y213.901 E74.78502
G1 X204.127 Y213.862 E74.78735
G1 X204.004 Y213.873 E74.79042
G1 X203.887 Y213.993 E74.79459
G1 X203.644 Y214.854 E74.81685
G1 X202.522 Y215.98 E74.8564
G1 X200.97 Y216.413 E74.8965
G1 X199.491 Y215.981 E74.93484
G1 X198.299 Y214.789 E74.97678
G1 X197.863 Y213.307 E75.01522
G1 X198.3 Y211.82 E75.05379
G1 X199.421 Y210.635 E75.09438
G1 F2700 E74.59438
G0 F11100 X224.612 Y211.185
G0 X225.079 Y211.405
G0 X227.008 Y213.864
G1 F2700 E75.09438
G1 F2389.7 X227.411 Y212.501 E75.12974
G1 X228.452 Y211.42 E75.16708
G1 X229.953 Y211.006 E75.20583
G1 X231.448 Y211.416 E75.2444
G1 X232.485 Y212.501 E75.28175
G1 X232.889 Y213.862 E75.31707
G1 X232.485 Y215.285 E75.35388
G1 X231.447 Y216.308 E75.39014
G1 X229.95 Y216.721 E75.42879
G1 X228.51 Y216.308 E75.46606
G1 X227.41 Y215.224 E75.50449
G1 X227.008 Y213.864 E75.53978
G1 F2700 E75.03978
;MESH:axis.stl
G0 F11100 X224.56 Y213.861
G0 X223.433 Y216.946
G0 X223.13 Y216.955
M204 S875
;TYPE:WALL-INNER
G1 F2700 E75.53978
G1 F2389.7 X223.237 Y217.526 E75.55499
G1 X224.26 Y217.526 E75.58179
G1 X224.366 Y216.946 E75.59723
G1 X224.369 Y213.058 E75.69907
G1 X224.259 Y212.478 E75.71453
G1 X223.235 Y212.478 E75.74135
G1 X223.145 Y212.953 E75.75401
G1 X223.131 Y213.458 E75.76725
G1 X223.13 Y216.955 E75.85884
M204 S1500
G0 F11100 X222.71 Y216.995
M204 S875
;TYPE:WALL-OUTER
G1 F2389.7 X222.845 Y217.718 E75.8781
G1 X222.92 Y217.859 E75.88229
G1 X223.033 Y217.946 E75.88602
G1 X224.462 Y217.946 E75.92345
G1 X224.577 Y217.861 E75.9272
G1 X224.651 Y217.722 E75.93132
G1 X224.786 Y216.984 E75.95097
G1 X224.789 Y213.023 E76.05472
G1 X224.651 Y212.286 E76.07436
G1 X224.575 Y212.14 E76.07867
G1 X224.464 Y212.058 E76.08229
G1 X223.033 Y212.058 E76.11977
G1 X222.919 Y212.143 E76.12349
G1 X222.845 Y212.283 E76.12764
G1 X222.726 Y212.907 E76.14428
G1 X222.711 Y213.458 E76.15871
G1 X222.71 Y216.995 E76.25136
M204 S1500
G0 F11100 X222.746 Y217.191
G0 X223.531 Y216.919
;TYPE:SKIN
G1 F2339.5 X223.534 Y213.06 E76.3546
G1 F2345 X223.567 Y212.878 E76.35954
G1 X223.924 Y212.878 E76.36907
G1 X223.965 Y213.093 E76.37491
G1 F2334.1 X223.961 Y216.912 E76.47732
G1 X223.921 Y217.121 E76.48302
G1 X223.57 Y217.121 E76.49244
G1 X223.531 Y216.919 E76.49795
G0 F11100 X223.753 Y216.913
G1 F2700 E75.99795
;MESH:NONMESH
G0 F600 X223.753 Y216.913 Z0.9
G0 F11100 X222.939 Y213.452
G0 X221.835 Y213.417
G0 X199.465 Y210.707
;TIME_ELAPSED:106.724028
;LAYER:5
;note -- min layer time used
M204 S1750
;TYPE:SUPPORT
G1 F2700 E76.49795
G1 F2442.2 X200.973 Y210.283 E76.53693
G1 X202.483 Y210.707 E76.57596
G1 X203.58 Y211.86 E76.61556
G1 X203.697 Y212.234 E76.62531
G1 X203.77 Y212.3 E76.62776
G1 X204.086 Y212.326 E76.63565
G1 X204.185 Y212.298 E76.63821
G1 X204.812 Y211.642 E76.66079
G1 X204.866 Y211.542 E76.66361
G1 X204.841 Y211.388 E76.6675
G1 X204.736 Y211.236 E76.67209
G1 X204.496 Y210.423 E76.69319
G1 X204.732 Y209.624 E76.71392
G1 X205.345 Y208.975 E76.73613
G1 X206.185 Y208.739 E76.75784
G1 X206.743 Y208.895 E76.77226
G1 X206.898 Y208.878 E76.77614
G1 X207 Y208.787 E76.77954
G1 X208.204 Y208.451 E76.81064
G1 X209.407 Y208.787 E76.84172
G1 X209.747 Y209.125 E76.85365
G1 X210.311 Y209.291 E76.86828
G1 X211.241 Y210.269 E76.90186
G1 X211.371 Y210.294 E76.90516
G1 X211.479 Y210.26 E76.90797
G1 X212.405 Y209.287 E76.9414
G1 X213.437 Y208.999 E76.96806
G1 X214.474 Y209.287 E76.99484
G1 X214.729 Y209.536 E77.00371
G1 X214.938 Y209.521 E77.00892
G1 X215.398 Y209.049 E77.02532
G1 X216.562 Y208.746 E77.05525
G1 X217.459 Y208.989 E77.07837
G1 X217.622 Y208.943 E77.08259
G1 X217.68 Y208.867 E77.08496
G1 X217.892 Y208.124 E77.10419
G1 X218.691 Y207.293 E77.13288
G1 X219.821 Y206.994 E77.16196
G1 X220.96 Y207.326 E77.19148
G1 X221.066 Y207.392 E77.19459
G1 X222.063 Y208.431 E77.23042
G1 X222.183 Y208.45 E77.23344
G1 X222.309 Y208.4 E77.23682
G1 X222.472 Y208.231 E77.24266
G1 X222.987 Y208.087 E77.25596
G1 X223.499 Y208.231 E77.2692
G1 X223.88 Y208.628 E77.28289
G1 X224.093 Y209.368 E77.30205
G1 X224.229 Y209.449 E77.30599
G1 X224.598 Y209.356 E77.31546
G1 X224.847 Y209.427 E77.3219
G1 X225.036 Y209.627 E77.32875
G1 X225.105 Y209.873 E77.33511
G1 X225.036 Y210.122 E77.34153
G1 X224.846 Y210.312 E77.34822
G1 X224.594 Y210.382 E77.35473
G1 X224.358 Y210.313 E77.36085
G1 X223.937 Y209.9 E77.37552
G1 X223.76 Y209.874 E77.37997
G1 X223.675 Y209.923 E77.38241
G1 X223.291 Y210.352 E77.39674
G1 X223.234 Y210.551 E77.40189
G1 X222.877 Y210.909 E77.41447
G1 X222.72 Y210.967 E77.41864
G1 X222.619 Y210.937 E77.42126
G1 X222.521 Y210.839 E77.42471
G1 X222.456 Y210.577 E77.43142
G1 X222.368 Y210.493 E77.43445
G1 X222.11 Y210.415 E77.44116
G1 X221.943 Y210.467 E77.44551
G1 X221.441 Y210.955 E77.46293
G1 X221.174 Y212.036 E77.49064
G1 X221.056 Y212.166 E77.49501
G1 X221.03 Y212.284 E77.49801
G1 X221.132 Y212.631 E77.50701
G1 X221.095 Y212.811 E77.51158
G1 X221.292 Y213.436 E77.52789
G1 X221.298 Y213.627 E77.53264
G1 X221.496 Y213.825 E77.53961
G1 X221.594 Y214.137 E77.54775
G1 X221.594 Y214.521 E77.5573
G1 X221.503 Y214.836 E77.56546
G1 X221.594 Y215.178 E77.57427
G1 X221.594 Y215.521 E77.5828
G1 X221.499 Y215.843 E77.59116
G1 X221.242 Y216.107 E77.60033
G1 X221.232 Y216.215 E77.60302
G1 X221.296 Y216.43 E77.60861
G1 X221.082 Y217.115 E77.62646
G1 X221.112 Y217.254 E77.63
G1 X220.947 Y217.81 E77.64443
G1 X220.989 Y217.964 E77.6484
G1 X221.286 Y218.292 E77.65941
G1 X221.51 Y219.134 E77.68109
G1 X221.498 Y219.227 E77.68343
G1 X221.542 Y219.338 E77.6864
G1 X221.835 Y219.643 E77.69692
G1 X221.964 Y219.687 E77.70031
G1 X222.28 Y219.685 E77.70818
G1 X222.415 Y219.614 E77.71197
G1 X222.463 Y219.517 E77.71467
G1 X222.416 Y219.267 E77.721
G1 X222.449 Y219.149 E77.72404
G1 X222.541 Y219.051 E77.72739
G1 X222.652 Y219.019 E77.73026
G1 X222.829 Y219.089 E77.735
G1 X222.982 Y219.219 E77.74
G1 X223.175 Y219.286 E77.74508
G1 X223.322 Y219.477 E77.75108
G1 X223.388 Y219.718 E77.75729
G1 X223.57 Y219.941 E77.76446
G1 X223.762 Y220.603 E77.78161
G1 X223.626 Y221.11 E77.79467
G1 X223.298 Y221.458 E77.80657
G1 X222.851 Y221.588 E77.81815
G1 X222.679 Y221.561 E77.82248
G1 X222.527 Y221.676 E77.82723
G1 X222.296 Y222.49 E77.84828
G1 X221.422 Y223.364 E77.87904
G1 X220.222 Y223.701 E77.91005
G1 X219.075 Y223.365 E77.93979
G1 X218.987 Y223.29 E77.94267
G1 X218.577 Y223.155 E77.95341
G1 X217.566 Y222.144 E77.98898
G1 X217.366 Y221.506 E78.00562
G1 X217.31 Y221.429 E78.00799
G1 X217.154 Y221.378 E78.01207
G1 X215.878 Y221.725 E78.04498
G1 X214.569 Y221.344 E78.0789
G1 X214.084 Y220.876 E78.09567
G1 X213.947 Y220.869 E78.09909
G1 X213.338 Y221.041 E78.11483
G1 X212.208 Y220.706 E78.14416
G1 X212.035 Y220.725 E78.14849
G1 X211.445 Y221.29 E78.16882
G1 X210.267 Y221.602 E78.19914
G1 X209.991 Y221.573 E78.20604
G1 X209.497 Y221.713 E78.21882
G1 X208.351 Y221.377 E78.24854
G1 X207.962 Y221.017 E78.26172
G1 X207.795 Y221.016 E78.26588
G1 X207.202 Y221.604 E78.28666
G1 X206.234 Y221.873 E78.31166
G1 X205.311 Y221.605 E78.33557
G1 X204.563 Y220.853 E78.36197
G1 X204.291 Y219.927 E78.38598
G1 X204.56 Y219.004 E78.4099
G1 X204.852 Y218.614 E78.42203
G1 X204.886 Y218.448 E78.42624
G1 X204.843 Y218.358 E78.42872
G1 X204.163 Y217.673 E78.45274
G1 X203.963 Y216.999 E78.47024
G1 X204.16 Y216.328 E78.48764
G1 X204.681 Y215.779 E78.50647
G1 X205.388 Y215.579 E78.52475
G1 X206.095 Y215.779 E78.54303
G1 X206.613 Y216.325 E78.56176
G1 X206.658 Y216.467 E78.56547
G1 X206.747 Y216.561 E78.56869
G1 X206.983 Y216.625 E78.57477
G1 X207.153 Y216.593 E78.57908
G1 X207.669 Y216.059 E78.59755
G1 X208.379 Y215.859 E78.61591
G1 X209.087 Y216.059 E78.63422
G1 X209.604 Y216.604 E78.65291
G1 X209.712 Y216.914 E78.66108
G1 X209.77 Y216.96 E78.66292
G1 X210.706 Y217.228 E78.68714
G1 X210.851 Y217.346 E78.6918
G1 X211.387 Y217.481 E78.70555
G1 X211.545 Y217.374 E78.7103
G1 X211.772 Y216.612 E78.73008
G1 X212.289 Y216.067 E78.74877
G1 X212.999 Y215.867 E78.76713
G1 X213.708 Y216.067 E78.78546
G1 X213.859 Y216.218 E78.79077
G1 X214.65 Y216.443 E78.81124
G1 X215.162 Y216.987 E78.82982
G1 X215.529 Y216.929 E78.83907
G1 X215.617 Y216.857 E78.8419
G1 X215.772 Y216.356 E78.85495
G1 X216.293 Y215.811 E78.87371
G1 X217 Y215.611 E78.89199
G1 X217.707 Y215.811 E78.91027
G1 X218.135 Y216.26 E78.92571
G1 X218.35 Y216.224 E78.93113
G1 X218.469 Y216.103 E78.93536
G1 X218.835 Y215.996 E78.94484
G1 X219.21 Y215.593 E78.95854
G1 X219.22 Y215.486 E78.96122
G1 X219.156 Y215.285 E78.96646
G1 X219.319 Y214.739 E78.98064
G1 X219.133 Y214.186 E78.99516
G1 X219.004 Y214.049 E78.99984
G1 X218.499 Y213.889 E79.01302
G1 X218.281 Y213.672 E79.02068
G1 X218.098 Y213.626 E79.02537
G1 X217.741 Y213.94 E79.0372
G1 X217.03 Y214.137 E79.05556
G1 X216.359 Y213.941 E79.07296
G1 X215.807 Y213.386 E79.09243
G1 X215.644 Y212.887 E79.1055
G1 X215.464 Y212.814 E79.11033
G1 X215.365 Y212.845 E79.11291
G1 X214.65 Y213.556 E79.138
G1 X213.87 Y213.78 E79.15819
G1 X213.709 Y213.94 E79.16384
G1 X212.998 Y214.137 E79.1822
G1 X212.323 Y213.941 E79.19969
G1 X211.771 Y213.389 E79.21911
G1 X211.416 Y212.175 E79.25059
G1 X211.347 Y212.084 E79.25343
G1 X211.252 Y212.043 E79.256
G1 X211.087 Y212.089 E79.26026
G1 X210.576 Y212.597 E79.27819
G1 X210.473 Y212.906 E79.2863
G1 X209.91 Y213.472 E79.30616
G1 X209.625 Y213.556 E79.31356
G1 X209.511 Y213.711 E79.31834
G1 X208.994 Y214.228 E79.33654
G1 X208.286 Y214.425 E79.35482
G1 X207.615 Y214.229 E79.37222
G1 X206.976 Y213.59 E79.3947
G1 X206.817 Y213.561 E79.39872
G1 X206.716 Y213.611 E79.40153
G1 X206.094 Y214.228 E79.42333
G1 X205.386 Y214.425 E79.44162
G1 X204.715 Y214.229 E79.45901
G1 X204.176 Y213.69 E79.47798
G1 X204.015 Y213.666 E79.48203
G1 X203.864 Y213.794 E79.48695
G1 X203.576 Y214.814 E79.51332
G1 X202.482 Y215.908 E79.55182
G1 X200.97 Y216.333 E79.5909
G1 X199.527 Y215.913 E79.6283
G1 X198.367 Y214.749 E79.66919
G1 X197.943 Y213.303 E79.70668
G1 X198.364 Y211.86 E79.74409
G1 X199.465 Y210.707 E79.78376
G1 F2700 E79.28376
G0 F12075 X224.864 Y210.868
G0 X225.228 Y211.22
G0 X226.9 Y213.868
G1 F2700 E79.78376
G1 F2442.2 X227.303 Y212.505 E79.81912
G1 X228.344 Y211.42 E79.85654
G1 X229.843 Y211.006 E79.89523
G1 X231.34 Y211.42 E79.93388
G1 X232.377 Y212.501 E79.97115
G1 X232.781 Y213.862 E80.00648
G1 X232.377 Y215.285 E80.04329
G1 X231.339 Y216.312 E80.07962
G1 X229.842 Y216.725 E80.11826
G1 X228.402 Y216.312 E80.15554
G1 X227.302 Y215.228 E80.19397
G1 X226.9 Y213.868 E80.22925
G1 F2700 E79.72925
;MESH:axis.stl
G0 F12075 X224.56 Y213.868
G0 X223.42 Y215
G0 X223.13 Y215
M204 S969
;TYPE:WALL-INNER
G1 F2700 E80.22925
G1 F2442.2 X223.13 Y217.382 E80.29164
G1 X223.234 Y217.842 E80.304
G1 X224.264 Y217.841 E80.33097
G1 X224.37 Y217.38 E80.34336
G1 X224.37 Y212.624 E80.46794
G1 X224.262 Y212.158 E80.48046
G1 X223.235 Y212.158 E80.50736
G1 X223.13 Y212.622 E80.51982
G1 X223.13 Y215 E80.58211
M204 S1750
G0 F12075 X222.71 Y215
M204 S969
;TYPE:WALL-OUTER
G1 F2442.2 X222.71 Y217.412 E80.64529
G1 X222.769 Y217.815 E80.65595
G1 X222.985 Y218.262 E80.66896
G1 X224.512 Y218.262 E80.70895
G1 X224.569 Y218.205 E80.71106
G1 X224.728 Y217.815 E80.7221
G1 X224.79 Y217.412 E80.73278
G1 X224.79 Y212.592 E80.85902
G1 X224.728 Y212.189 E80.8697
G1 X224.57 Y211.8 E80.8807
G1 X224.506 Y211.738 E80.88303
G1 X222.99 Y211.738 E80.92274
G1 X222.927 Y211.801 E80.92507
G1 X222.769 Y212.188 E80.93602
G1 X222.71 Y212.592 E80.94672
G1 X222.71 Y215 E81.00979
M204 S1750
G0 F12075 X222.71 Y215.2
G0 X223.42 Y215.2
G0 X223.532 Y214.557
;TYPE:SKIN
G1 F2374.3 X223.532 Y212.56 E81.06359
G1 X223.964 Y212.56 E81.07523
G1 X223.964 Y217.432 E81.20648
G1 X223.533 Y217.435 E81.21809
G1 X223.532 Y214.557 E81.29563
G0 F12075 X223.74 Y214.557
G1 F2700 E80.79563
;MESH:NONMESH
G0 F600 X223.74 Y214.557 Z1.05
G0 F12075 X224.038 Y211.969
G0 X224.041 Y209.587
;TIME_ELAPSED:114.425606
;LAYER:6
;note -- min layer time used
M204 S2000
;TYPE:SUPPORT
G1 F2700 E81.29563
G1 F1914.7 X224.233 Y209.659 E81.30237
G1 F1844.9 X224.596 Y209.572 E81.31511
G1 F1813.4 X224.739 Y209.613 E81.32027
G1 X224.85 Y209.73 E81.32587
G1 F1810.3 X224.895 Y209.888 E81.33159
G1 F1807.3 X224.837 Y210.269 E81.34501
G1 X224.721 Y210.412 E81.35143
G1 X224.599 Y210.455 E81.35593
G1 X224.48 Y210.41 E81.36037
G1 X224.355 Y210.249 E81.36747
G1 F1829 X224.243 Y209.777 E81.38416
G1 F1901 X224.041 Y209.587 E81.39335
G1 F1949.9 X224.019 Y209.569 E81.39427
G1 F2700 E80.89427
G0 F13050 X199.473 Y210.719
G1 F2700 E81.39427
G1 F2530.2 X200.973 Y210.299 E81.43303
G1 X202.471 Y210.719 E81.47174
G1 X203.564 Y211.868 E81.5112
G1 X203.729 Y212.409 E81.52527
G1 X203.9 Y212.479 E81.52987
G1 X204.212 Y212.451 E81.53766
G1 X204.746 Y211.89 E81.55693
G1 X205.006 Y211.815 E81.56367
G1 X205.136 Y211.683 E81.56828
G1 X205.133 Y211.542 E81.57179
G1 X204.875 Y211.253 E81.58143
G1 X204.627 Y210.423 E81.60298
G1 X204.844 Y209.684 E81.62215
G1 X205.413 Y209.087 E81.64267
G1 X206.185 Y208.87 E81.66262
G1 X206.863 Y209.059 E81.68014
G1 X207.016 Y209.043 E81.68396
G1 X207.105 Y208.967 E81.68688
G1 X208.204 Y208.659 E81.71528
G1 X209.303 Y208.967 E81.74368
G1 X209.529 Y209.202 E81.75179
G1 X210.247 Y209.403 E81.77034
G1 X210.952 Y210.148 E81.79586
G1 X211.098 Y210.523 E81.80588
G1 X211.225 Y210.574 E81.80928
G1 X211.484 Y210.574 E81.81573
G1 X211.632 Y210.514 E81.8197
G1 X211.768 Y210.14 E81.8296
G1 X212.465 Y209.399 E81.85492
G1 X213.436 Y209.127 E81.88001
G1 X214.407 Y209.399 E81.9051
G1 X214.604 Y209.579 E81.91174
G1 X214.805 Y209.561 E81.91676
G1 X215.241 Y209.121 E81.93217
G1 X216.346 Y208.83 E81.9606
G1 X217.441 Y209.129 E81.98885
G1 X217.651 Y209.047 E81.99446
G1 X217.912 Y208.144 E82.01785
G1 X218.697 Y207.319 E82.04618
G1 X219.69 Y207.043 E82.07183
G1 X220.808 Y207.365 E82.10078
G1 X221.654 Y208.242 E82.1311
G1 X221.821 Y208.734 E82.14403
G1 X221.931 Y208.804 E82.14727
G1 X222.11 Y208.775 E82.15178
G1 X222.533 Y208.323 E82.16719
G1 X222.987 Y208.195 E82.17893
G1 X223.439 Y208.323 E82.19061
G1 X223.763 Y208.667 E82.20237
G1 X223.89 Y209.122 E82.21413
G1 X223.866 Y209.22 E82.21664
G1 F2345.9 X223.904 Y209.412 E82.22189
G1 F2059.4 X224.019 Y209.569 E82.22784
G1 X223.852 Y209.537 E82.23304
G1 F2345.9 X223.736 Y209.602 E82.23661
G1 F2530.2 X223.167 Y210.159 E82.25642
G1 X223.134 Y210.264 E82.25916
G1 X223.161 Y210.406 E82.26275
G1 X223.128 Y210.526 E82.26585
G1 X223.049 Y210.605 E82.26863
G1 X222.526 Y210.7 E82.28186
G1 X222.348 Y210.623 E82.28668
G1 X222.017 Y210.222 E82.29962
G1 X221.858 Y210.179 E82.30372
G1 X221.741 Y210.238 E82.30698
G1 X221.509 Y210.469 E82.31513
G1 X221.41 Y210.835 E82.32456
G1 X221.477 Y211.052 E82.33021
G1 X221.274 Y211.831 E82.35024
G1 X221.211 Y211.911 E82.35278
G1 X221.108 Y212.256 E82.36174
G1 X221.224 Y212.684 E82.37277
G1 X221.197 Y212.855 E82.37708
G1 X221.384 Y213.451 E82.39262
G1 X221.357 Y213.622 E82.39693
G1 X221.396 Y213.711 E82.39935
G1 X221.599 Y213.91 E82.40642
G1 X221.602 Y215.803 E82.45352
G1 X221.369 Y216.019 E82.46143
G1 X221.324 Y216.187 E82.46576
G1 X221.384 Y216.39 E82.47102
G1 X221.174 Y217.081 E82.48899
G1 X221.188 Y217.176 E82.49138
G1 X221.008 Y217.739 E82.50609
G1 X221.052 Y217.896 E82.51015
G1 X221.359 Y218.215 E82.52116
G1 X221.561 Y218.959 E82.54035
G1 X221.463 Y219.338 E82.55009
G1 X221.547 Y219.646 E82.55803
G1 X221.938 Y220.055 E82.57211
G1 X222.127 Y220.079 E82.57685
G1 X222.366 Y219.848 E82.58512
G1 X222.607 Y219.763 E82.59148
G1 X222.854 Y219.406 E82.60228
G1 X223.142 Y219.406 E82.60945
G1 X223.219 Y219.487 E82.61223
G1 X223.381 Y220.074 E82.62738
G1 X223.51 Y220.226 E82.63234
G1 X223.63 Y220.657 E82.64348
G1 X223.526 Y221.184 E82.65684
G1 X223.278 Y221.432 E82.66557
G1 X222.847 Y221.553 E82.67671
G1 X222.492 Y221.468 E82.68579
G1 X222.352 Y221.541 E82.68972
G1 X222.096 Y222.426 E82.71264
G1 X221.209 Y223.313 E82.74386
G1 X220.094 Y223.641 E82.77278
G1 X219.031 Y223.344 E82.80024
G1 X218.634 Y222.952 E82.81412
G1 X218.36 Y222.843 E82.82146
G1 X217.469 Y221.978 E82.85236
G1 X217.261 Y221.316 E82.86963
G1 X217.199 Y221.221 E82.87245
G1 X217.049 Y221.17 E82.87639
G1 X215.559 Y221.578 E82.91483
G1 X214.407 Y221.259 E82.94458
G1 X213.932 Y220.804 E82.96094
G1 X213.802 Y220.783 E82.96422
G1 X213.338 Y220.909 E82.97618
G1 X212.364 Y220.622 E83.00145
G1 X212.185 Y220.646 E83.00594
G1 X211.601 Y221.206 E83.02608
G1 X210.499 Y221.495 E83.05442
G1 X209.969 Y221.382 E83.06791
G1 X209.498 Y221.505 E83.08002
G1 X208.448 Y221.197 E83.10725
G1 X208.064 Y220.813 E83.12076
G1 X207.968 Y220.775 E83.12333
G1 X207.827 Y220.806 E83.12692
G1 X207.138 Y221.488 E83.15104
G1 X206.234 Y221.741 E83.1744
G1 X205.375 Y221.493 E83.19665
G1 X204.675 Y220.793 E83.22128
G1 X204.419 Y219.931 E83.24366
G1 X204.676 Y219.064 E83.26616
G1 X205.136 Y218.475 E83.28476
G1 X205.13 Y218.288 E83.28941
G1 X205.016 Y218.19 E83.29315
G1 X204.777 Y218.115 E83.29938
G1 X204.275 Y217.613 E83.31705
G1 X204.095 Y217 E83.33295
G1 X204.276 Y216.384 E83.34892
G1 X204.741 Y215.891 E83.36579
G1 X205.387 Y215.711 E83.38247
G1 X206.031 Y215.891 E83.39911
G1 X206.504 Y216.388 E83.41618
G1 X206.634 Y216.786 E83.4266
G1 X206.796 Y216.867 E83.43111
G1 X207.157 Y216.841 E83.44011
G1 X207.268 Y216.661 E83.44538
G1 X207.733 Y216.171 E83.46218
G1 X208.379 Y215.987 E83.4789
G1 X209.023 Y216.171 E83.49556
G1 X209.492 Y216.665 E83.51251
G1 X209.642 Y217.055 E83.52291
G1 X210.083 Y217.199 E83.53445
G1 X210.175 Y217.281 E83.53752
G1 X210.44 Y217.334 E83.54424
G1 X211.486 Y217.618 E83.57121
G1 X211.654 Y217.465 E83.57687
G1 X211.888 Y216.672 E83.59744
G1 X212.353 Y216.179 E83.6143
G1 X212.999 Y215.999 E83.63099
G1 X213.644 Y216.18 E83.64766
G1 X213.795 Y216.331 E83.65297
G1 X214.583 Y216.555 E83.67336
G1 X215.183 Y217.183 E83.69497
G1 X215.309 Y217.206 E83.69816
G1 X215.594 Y217.134 E83.70547
G1 X215.695 Y217.064 E83.70853
G1 X215.884 Y216.42 E83.72523
G1 X216.357 Y215.923 E83.7423
G1 X217 Y215.743 E83.75892
G1 X217.643 Y215.923 E83.77553
G1 X218.08 Y216.382 E83.7913
G1 X218.199 Y216.441 E83.79461
G1 X218.359 Y216.397 E83.79874
G1 X218.533 Y216.219 E83.80493
G1 X218.943 Y216.1 E83.81555
G1 X219.509 Y215.541 E83.83535
G1 X219.501 Y215.307 E83.84117
G1 X219.66 Y214.805 E83.85428
G1 X219.525 Y214.349 E83.86611
G1 X219.105 Y213.955 E83.88044
G1 X218.56 Y213.775 E83.89472
G1 X218.264 Y213.487 E83.905
G1 X218.141 Y213.45 E83.90819
G1 X218.041 Y213.476 E83.91076
G1 X217.678 Y213.828 E83.92334
G1 X217.03 Y214.005 E83.94006
G1 X216.423 Y213.829 E83.95579
G1 X215.919 Y213.325 E83.97352
G1 X215.809 Y213.002 E83.98201
G1 X215.49 Y212.737 E83.99233
G1 X215.28 Y212.75 E83.99757
G1 X214.582 Y213.448 E84.02213
G1 X213.83 Y213.662 E84.04158
G1 X213.645 Y213.828 E84.04777
G1 X212.998 Y214.005 E84.06446
G1 X212.387 Y213.829 E84.08028
G1 X211.883 Y213.325 E84.09802
G1 X211.699 Y212.691 E84.11444
G1 X211.699 Y212.663 E84.11514
G1 X211.481 Y211.899 E84.13491
G1 X211.341 Y211.799 E84.13919
G1 X211.174 Y211.823 E84.14339
G1 X210.454 Y212.54 E84.16867
G1 X210.361 Y212.842 E84.17653
G1 X209.846 Y213.36 E84.19471
G1 X209.553 Y213.44 E84.20227
G1 X209.435 Y213.538 E84.20608
G1 X209.4 Y213.646 E84.20891
G1 X208.93 Y214.116 E84.22545
G1 X208.286 Y214.293 E84.24207
G1 X207.675 Y214.117 E84.25789
G1 X206.892 Y213.33 E84.28551
G1 X206.707 Y213.302 E84.29017
G1 X206.572 Y213.427 E84.29474
G1 X206.503 Y213.639 E84.30029
G1 X206.03 Y214.116 E84.31701
G1 X205.386 Y214.297 E84.33365
G1 X204.776 Y214.117 E84.34948
G1 X204.202 Y213.536 E84.3698
G1 X204.031 Y213.512 E84.3741
G1 X203.894 Y213.614 E84.37835
G1 X203.56 Y214.806 E84.40915
G1 X202.474 Y215.896 E84.44744
G1 X200.97 Y216.317 E84.4863
G1 X199.539 Y215.897 E84.52341
G1 X198.383 Y214.741 E84.56409
G1 X197.959 Y213.303 E84.60139
G1 X198.38 Y211.872 E84.63851
G1 X199.473 Y210.719 E84.67804
G1 F2700 E84.17804
G0 F13050 X224.593 Y210.585
G0 X225.378 Y211.149
G0 X226.788 Y213.868
G1 F2700 E84.67804
G1 F2530.2 X227.191 Y212.505 E84.71341
G1 X228.232 Y211.424 E84.75075
G1 X229.733 Y211.01 E84.78949
G1 X231.228 Y211.42 E84.82807
G1 X232.269 Y212.505 E84.86548
G1 X232.669 Y213.866 E84.90078
G1 X232.265 Y215.289 E84.93758
G1 X231.227 Y216.312 E84.97385
G1 X229.73 Y216.725 E85.01249
G1 X228.29 Y216.312 E85.04977
G1 X227.19 Y215.228 E85.08819
G1 X226.788 Y213.868 E85.12348
G1 F2700 E84.62348
;MESH:axis.stl
G0 F13050 X224.56 Y213.868
G0 X223.42 Y214.606
G0 X223.13 Y214.606
M204 S1062
;TYPE:WALL-INNER
G1 F2700 E85.12348
G1 F2530.2 X223.131 Y217.741 E85.20559
G1 X223.218 Y218.126 E85.21593
G1 X224.279 Y218.129 E85.24372
G1 X224.37 Y217.739 E85.25421
G1 X224.37 Y212.265 E85.39759
G1 X224.28 Y211.878 E85.408
G1 X223.217 Y211.878 E85.43584
G1 X223.13 Y212.263 E85.44618
G1 X223.13 Y214.606 E85.50755
M204 S2000
G0 F13050 X222.71 Y214.612
M204 S1062
;TYPE:WALL-OUTER
G1 F2530.2 X222.711 Y217.788 E85.59073
G1 X222.838 Y218.352 E85.60587
G1 X222.998 Y218.546 E85.61246
G1 X224.496 Y218.549 E85.6517
G1 X224.658 Y218.352 E85.65838
G1 X224.79 Y217.787 E85.67358
G1 X224.79 Y212.217 E85.81947
G1 X224.658 Y211.652 E85.83466
G1 X224.498 Y211.458 E85.84125
G1 X223.026 Y211.458 E85.87981
G1 X222.909 Y211.528 E85.88338
G1 X222.841 Y211.637 E85.88674
G1 X222.71 Y212.216 E85.90229
G1 X222.71 Y214.612 E85.96505
M204 S2000
G0 F13050 X222.71 Y214.812
G0 X223.42 Y214.812
G0 X223.532 Y212.28
;TYPE:SKIN
G1 F2465.6 X223.964 Y212.28 E85.97666
G1 X223.965 Y217.721 E86.1229
G1 F2471.3 X223.542 Y217.721 E86.13425
G1 X223.532 Y212.28 E86.28015
G0 F13050 X223.739 Y212.489
G1 F2700 E85.78015
;MESH:NONMESH
G0 F600 X223.739 Y212.489 Z1.2
G0 F13050 X224.388 Y211.689
G0 X224.388 Y210.054
;TIME_ELAPSED:122.428189
;LAYER:7
;note -- min layer time used
M204 S2250
;TYPE:SUPPORT
G1 F2700 E86.28015
G1 F2291.3 X224.474 Y209.963 E86.28345
G1 X224.593 Y209.93 E86.28671
G1 X224.711 Y209.963 E86.28994
G1 X224.801 Y210.058 E86.29339
G1 X224.833 Y210.167 E86.29638
G1 X224.8 Y210.289 E86.29972
G1 X224.713 Y210.376 E86.30296
G1 X224.475 Y210.366 E86.30924
G1 X224.386 Y210.278 E86.31254
G1 X224.355 Y210.17 E86.3155
G1 X224.388 Y210.054 E86.31868
G0 F14025 X223.652 Y209.499
G1 F2427.7 X223.278 Y209.876 E86.3319
G1 X223.198 Y210.077 E86.33728
G1 F2416.2 X223.049 Y210.263 E86.34324
G1 F2360.3 X222.782 Y210.367 E86.35057
G1 F2301.7 X222.71 Y210.457 E86.3536
G1 F2286.2 X222.499 Y210.561 E86.35981
G1 X222.409 Y210.534 E86.36229
G1 X222.312 Y210.439 E86.36588
G1 X222.276 Y210.337 E86.36874
G1 X222.31 Y210.219 E86.37198
G1 F2301.7 X222.474 Y210.053 E86.37811
G1 F2371.3 X222.53 Y209.894 E86.3824
G1 F2427.7 X222.499 Y209.786 E86.3852
G1 F2445.2 X222.159 Y209.412 E86.39769
G1 F2480.9 X222.054 Y209.388 E86.40031
G1 F2474.9 X221.813 Y209.439 E86.40632
G1 F2439.3 X221.679 Y209.539 E86.41046
G1 F2427.7 X221.495 Y210.221 E86.42804
G1 X221.581 Y210.492 E86.43511
G1 X221.462 Y210.978 E86.44756
G1 X221.518 Y211.182 E86.45283
G1 X221.263 Y212.192 E86.47875
G1 X221.201 Y212.27 E86.48123
G1 X221.185 Y212.397 E86.48441
G1 X221.303 Y212.757 E86.49384
G1 X221.269 Y212.906 E86.49764
G1 X221.464 Y213.493 E86.51303
G1 X221.43 Y213.624 E86.5164
G1 X221.465 Y213.757 E86.51982
G1 X221.61 Y213.9 E86.52489
G1 X221.61 Y215.846 E86.57331
G1 X221.449 Y215.998 E86.57882
G1 X221.412 Y216.152 E86.58276
G1 X221.472 Y216.354 E86.58801
G1 X221.242 Y216.982 E86.60465
G1 X221.275 Y217.114 E86.60803
G1 X221.084 Y217.709 E86.62358
G1 X221.119 Y217.836 E86.62686
G1 X221.41 Y218.15 E86.63751
G1 X221.593 Y218.836 E86.65518
G1 X221.485 Y219.205 E86.66475
G1 X221.666 Y219.988 E86.68474
G1 X221.77 Y220.105 E86.68864
G1 X222.116 Y220.131 E86.69727
G1 X222.237 Y220.096 E86.70041
G1 X222.505 Y219.704 E86.71222
G1 X222.875 Y219.6 E86.72179
G1 X223.11 Y219.631 E86.72768
G1 X223.192 Y219.719 E86.73068
G1 X223.226 Y219.838 E86.73376
G1 X223.179 Y220.017 E86.73836
G1 X223.2 Y220.138 E86.74142
G1 X223.347 Y220.319 E86.74722
G1 X223.495 Y220.812 E86.76003
G1 X223.399 Y221.235 E86.77082
G1 X223.166 Y221.468 E86.77902
G1 X222.851 Y221.557 E86.78716
G1 X222.374 Y221.422 E86.7995
G1 X222.254 Y221.457 E86.80261
G1 X222.181 Y221.536 E86.80529
G1 X221.917 Y222.437 E86.82865
G1 X221.081 Y223.269 E86.858
G1 X219.973 Y223.593 E86.88672
G1 X219.038 Y223.317 E86.91098
G1 X218.46 Y222.75 E86.93113
G1 X218.231 Y222.65 E86.93734
G1 X217.381 Y221.826 E86.9668
G1 X217.149 Y221.093 E86.98593
G1 X216.998 Y220.989 E86.99049
G1 X216.878 Y221.002 E86.9935
G1 X216.629 Y221.122 E87.00037
G1 X215.362 Y221.473 E87.03309
G1 X214.252 Y221.171 E87.06171
G1 X213.769 Y220.706 E87.0784
G1 X213.645 Y220.695 E87.08149
G1 X213.338 Y220.777 E87.0894
G1 X212.448 Y220.518 E87.11246
G1 X212.315 Y220.587 E87.11619
G1 X211.754 Y221.122 E87.13548
G1 X210.662 Y221.41 E87.16358
G1 X210.023 Y221.23 E87.1801
G1 X209.498 Y221.373 E87.19364
G1 X208.51 Y221.085 E87.21925
G1 X208.207 Y220.788 E87.22981
G1 X207.842 Y220.682 E87.23926
G1 X207.744 Y220.716 E87.24184
G1 X207.074 Y221.376 E87.26525
G1 X206.233 Y221.613 E87.28699
G1 X205.435 Y221.381 E87.30767
G1 X204.783 Y220.729 E87.33061
G1 X204.547 Y219.929 E87.35136
G1 X204.784 Y219.128 E87.37215
G1 X204.94 Y218.898 E87.37906
G1 X205.357 Y218.432 E87.39462
G1 X205.386 Y218.307 E87.39782
G1 X205.353 Y218.21 E87.40037
G1 X205.265 Y218.133 E87.40328
G1 X204.84 Y218.005 E87.41432
G1 X204.387 Y217.549 E87.43031
G1 X204.223 Y216.999 E87.44459
G1 X204.384 Y216.452 E87.45878
G1 X204.809 Y216.003 E87.47417
G1 X205.389 Y215.839 E87.48916
G1 X205.967 Y216.003 E87.50411
G1 X206.392 Y216.448 E87.51943
G1 X206.558 Y217.03 E87.53449
G1 X206.619 Y217.129 E87.53738
G1 X206.931 Y217.226 E87.54551
G1 X207.076 Y217.18 E87.54929
G1 X207.321 Y216.913 E87.55831
G1 X207.376 Y216.724 E87.56321
G1 X207.8 Y216.283 E87.57843
G1 X208.379 Y216.119 E87.5934
G1 X208.955 Y216.283 E87.60831
G1 X209.38 Y216.728 E87.62362
G1 X209.489 Y217.094 E87.63312
G1 X209.581 Y217.184 E87.63632
G1 X210.015 Y217.311 E87.64758
G1 X210.105 Y217.392 E87.65059
G1 X210.397 Y217.479 E87.65817
G1 X210.679 Y217.493 E87.6652
G1 X211.461 Y217.707 E87.68537
G1 X211.577 Y217.696 E87.68827
G1 X211.804 Y217.492 E87.69586
G1 X211.835 Y217.291 E87.70092
G1 X211.996 Y216.74 E87.71521
G1 X212.421 Y216.291 E87.73059
G1 X213 Y216.127 E87.74556
G1 X213.579 Y216.291 E87.76054
G1 X213.73 Y216.443 E87.76587
G1 X214.515 Y216.663 E87.78615
G1 X215.132 Y217.317 E87.80853
G1 X215.66 Y217.253 E87.82176
G1 X215.794 Y217.177 E87.82559
G1 X215.996 Y216.484 E87.84356
G1 X216.421 Y216.035 E87.85894
G1 X217 Y215.871 E87.87391
G1 X217.575 Y216.035 E87.88879
G1 X218.126 Y216.609 E87.90859
G1 X218.337 Y216.623 E87.91385
G1 X218.673 Y216.312 E87.92524
G1 X219.31 Y216.134 E87.9417
G1 X219.396 Y215.999 E87.94568
G1 X219.853 Y215.567 E87.96133
G1 X219.853 Y215.337 E87.96706
G1 X220.016 Y214.813 E87.98071
G1 X220.006 Y214.703 E87.98346
G1 X219.817 Y214.251 E87.99565
G1 X219.472 Y213.947 E88.00709
G1 X218.717 Y213.706 E88.02681
G1 X218.275 Y213.294 E88.04185
G1 X218.16 Y213.258 E88.04484
G1 X218.039 Y213.292 E88.04797
G1 X217.61 Y213.716 E88.06298
G1 X217.03 Y213.877 E88.07796
G1 X216.483 Y213.717 E88.09214
G1 X216.031 Y213.262 E88.1081
G1 X215.945 Y212.975 E88.11555
G1 X215.639 Y212.674 E88.12623
G1 X215.36 Y212.59 E88.13348
G1 X215.199 Y212.651 E88.13777
G1 X214.514 Y213.34 E88.16194
G1 X213.762 Y213.551 E88.18138
G1 X213.578 Y213.716 E88.18753
G1 X212.998 Y213.877 E88.2025
G1 X212.451 Y213.717 E88.21669
G1 X211.995 Y213.261 E88.23273
G1 X211.836 Y212.721 E88.24674
G1 X211.85 Y212.636 E88.24888
G1 X211.779 Y212.485 E88.25304
G1 X211.546 Y211.697 E88.27348
G1 F2211.8 X211.418 Y211.553 E88.27874
G1 F2023.1 X211.104 Y211.548 E88.28812
G1 F2207 X210.926 Y211.693 E88.2944
G1 F2427.7 X210.84 Y211.978 E88.30181
G1 X210.342 Y212.483 E88.31946
G1 X210.249 Y212.777 E88.32713
G1 X209.778 Y213.248 E88.34371
G1 X209.386 Y213.374 E88.35395
G1 X209.287 Y213.579 E88.35962
G1 X208.866 Y214 E88.37443
G1 X208.286 Y214.165 E88.38944
G1 X207.739 Y214.005 E88.40362
G1 X207.287 Y213.549 E88.41959
G1 X207.133 Y213.074 E88.43202
G1 X206.988 Y212.991 E88.43618
G1 X206.604 Y213.022 E88.44576
G1 X206.514 Y213.142 E88.44949
G1 X206.389 Y213.577 E88.46076
G1 X205.966 Y214 E88.47564
G1 X205.386 Y214.165 E88.49065
G1 X204.839 Y214.005 E88.50483
G1 X204.262 Y213.423 E88.52522
G1 F2051.6 X204.154 Y213.287 E88.53033
G1 F1770.2 X204.062 Y213.288 E88.53347
G1 F2047.5 X203.91 Y213.514 E88.54151
G1 F2427.7 X203.544 Y214.798 E88.57473
G1 X202.462 Y215.88 E88.61281
G1 X200.97 Y216.297 E88.65135
G1 X199.547 Y215.881 E88.68824
G1 X198.399 Y214.733 E88.72864
G1 X197.979 Y213.307 E88.76563
G1 X198.4 Y211.876 E88.80275
G1 X199.477 Y210.735 E88.84179
G1 X200.972 Y210.318 E88.88041
G1 X202.467 Y210.735 E88.91903
G1 X203.544 Y211.876 E88.95807
G1 X203.736 Y212.535 E88.97515
G1 F2115.4 X203.924 Y212.699 E88.98227
G1 F1827.3 X204.188 Y212.715 E88.99102
G1 F1913 X204.273 Y212.657 E88.99427
G1 F2236.1 X204.393 Y212.443 E89.00089
G1 F2427.7 X204.813 Y212.003 E89.01603
G1 X205.229 Y211.887 E89.02678
G1 X205.352 Y211.793 E89.03063
G1 X205.361 Y211.591 E89.03566
G1 X204.987 Y211.198 E89.04916
G1 X204.759 Y210.42 E89.06933
G1 X204.956 Y209.748 E89.08676
G1 X205.477 Y209.199 E89.10559
G1 X206.185 Y208.999 E89.1239
G1 X206.944 Y209.206 E89.14347
G1 X207.061 Y209.179 E89.14646
G1 X207.168 Y209.079 E89.1501
G1 X208.205 Y208.787 E89.17691
G1 X209.242 Y209.079 E89.20372
G1 X209.462 Y209.311 E89.21167
G1 X210.183 Y209.515 E89.23032
G1 X210.84 Y210.212 E89.25415
G1 X211.041 Y210.905 E89.27211
G1 F2207 X211.166 Y211.052 E89.27739
G1 F2023.1 X211.48 Y211.059 E89.28677
G1 F2211.8 X211.661 Y210.916 E89.29307
G1 F2427.7 X211.872 Y210.208 E89.31145
G1 X212.537 Y209.511 E89.33542
G1 X213.44 Y209.259 E89.35875
G1 X214.341 Y209.511 E89.38203
G1 X214.536 Y209.638 E89.38782
G1 X214.673 Y209.606 E89.39132
G1 X215.085 Y209.189 E89.4059
G1 X216.138 Y208.91 E89.43301
G1 X217.443 Y209.275 E89.46673
G1 X217.565 Y209.272 E89.46976
G1 X217.698 Y209.145 E89.47434
G1 X217.98 Y208.168 E89.49964
G1 X218.681 Y207.427 E89.52502
G1 X219.655 Y207.155 E89.55019
G1 X220.655 Y207.435 E89.57603
G1 X221.406 Y208.222 E89.6031
G1 X221.617 Y208.895 E89.62065
G1 F2439.3 X221.779 Y208.983 E89.62521
G1 F2462.9 X222.157 Y208.955 E89.63451
G1 F2445.2 X222.253 Y208.84 E89.63821
G1 F2427.7 X222.311 Y208.606 E89.64421
G1 X222.552 Y208.355 E89.65287
G1 X222.987 Y208.231 E89.66412
G1 X223.419 Y208.355 E89.6753
G1 X223.662 Y208.607 E89.68402
G1 X223.764 Y209.093 E89.69637
G1 X223.652 Y209.499 E89.70685
G1 F2700 E89.20685
G0 F14025 X224.846 Y210.328
G0 X227.043 Y212.522
G1 F2700 E89.70685
G1 F2427.7 X228.1 Y211.432 E89.74463
G1 X229.624 Y211.01 E89.78398
G1 X231.12 Y211.424 E89.8226
G1 X232.157 Y212.505 E89.85988
G1 X232.561 Y213.866 E89.8952
G1 X232.157 Y215.289 E89.93201
G1 X231.119 Y216.316 E89.96834
G1 X229.595 Y216.737 E90.00769
G1 X228.15 Y216.324 E90.04508
G1 X227.042 Y215.236 E90.08372
G1 X226.64 Y213.88 E90.11891
G1 X227.043 Y212.522 E90.15416
G1 F2700 E89.65416
;MESH:axis.stl
G0 F14025 X224.56 Y212.522
G0 X223.42 Y215
G0 X223.13 Y215
M204 S1156
;TYPE:WALL-INNER
G1 F2700 E90.15416
G1 F2427.7 X223.13 Y218.109 E90.23559
G1 X223.205 Y218.386 E90.24311
G1 X224.292 Y218.385 E90.27158
G1 X224.37 Y218.094 E90.27947
G1 X224.358 Y214.619 E90.37049
G1 X224.37 Y213.724 E90.39393
G1 X224.37 Y211.902 E90.44166
G1 X224.292 Y211.618 E90.44937
G1 X223.207 Y211.618 E90.47779
G1 X223.13 Y211.907 E90.48562
G1 X223.13 Y215 E90.56664
M204 S2250
G0 F14025 X222.71 Y215
M204 S1156
;TYPE:WALL-OUTER
G1 F2427.7 X222.71 Y218.148 E90.64909
G1 X222.766 Y218.445 E90.65701
G1 X222.976 Y218.806 E90.66795
G1 X224.514 Y218.806 E90.70823
G1 X224.661 Y218.632 E90.7142
G1 X224.79 Y218.148 E90.72731
G1 X224.778 Y214.625 E90.81959
G1 X224.79 Y213.724 E90.84319
G1 X224.79 Y211.861 E90.89199
G1 X224.731 Y211.563 E90.89995
G1 X224.523 Y211.198 E90.91095
G1 X222.978 Y211.198 E90.95142
G1 X222.84 Y211.368 E90.95715
G1 X222.71 Y211.852 E90.97028
G1 X222.71 Y215 E91.05273
M204 S2250
G0 F14025 X222.71 Y215.2
G0 X223.42 Y215.2
G0 X223.53 Y216.19
;TYPE:SKIN
G1 F2376.8 X223.958 Y216.19 E91.06418
G1 F2371.3 X223.963 Y217.977 E91.1121
G1 F2360.3 X223.532 Y217.979 E91.12371
G1 F2371.3 X223.53 Y216.19 E91.17169
G0 F14025 X223.531 Y213.805
G1 F2371.3 X223.532 Y212.02 E91.21955
G1 F2365.8 X223.964 Y212.02 E91.23117
G1 F2371.3 X223.961 Y213.805 E91.27903
G1 X223.531 Y213.805 E91.29056
G0 F14025 X223.74 Y213.805
G1 F2700 E90.79056
;MESH:NONMESH
G0 F600 X223.74 Y213.805 Z1.35
G0 F14025 X222.939 Y211.887
G0 X221.835 Y211.887
G0 X199.493 Y210.751
;TIME_ELAPSED:130.218766
;LAYER:8
;note -- min layer time used
M204 S2500
;TYPE:SUPPORT
G1 F2700 E91.29056
G1 F2561.8 X200.973 Y210.335 E91.32882
G1 X202.455 Y210.751 E91.36712
G1 X203.532 Y211.888 E91.40609
G1 X203.778 Y212.739 E91.42813
G1 X203.859 Y212.851 E91.43157
G1 F2624.3 X204.329 Y212.853 E91.44299
G1 X204.43 Y212.739 E91.44669
G1 F2561.8 X204.496 Y212.513 E91.45254
G1 X204.877 Y212.115 E91.46625
G1 X205.47 Y211.946 E91.4816
G1 F2093.3 X205.66 Y211.921 E91.48743
G1 F1769.7 X205.686 Y211.876 E91.4893
G1 F2093.3 X205.586 Y211.625 E91.49753
G1 F2561.8 X205.099 Y211.133 E91.51476
G1 X204.891 Y210.423 E91.53317
G1 X205.072 Y209.804 E91.54921
G1 X205.537 Y209.311 E91.56608
G1 X206.183 Y209.131 E91.58276
G1 X206.952 Y209.347 E91.60264
G1 X207.108 Y209.316 E91.6066
G1 X207.236 Y209.191 E91.61105
G1 X208.204 Y208.919 E91.63607
G1 X209.172 Y209.191 E91.66109
G1 X209.397 Y209.422 E91.66911
G1 X210.115 Y209.627 E91.68769
G1 X210.732 Y210.273 E91.70992
G1 X210.965 Y211.07 E91.73058
G1 X210.728 Y211.914 E91.75239
G1 X210.237 Y212.408 E91.76972
G1 X210.137 Y212.713 E91.77771
G1 X209.714 Y213.136 E91.7926
G1 X209.282 Y213.273 E91.80387
G1 X209.178 Y213.515 E91.81043
G1 X208.798 Y213.892 E91.82375
G1 X208.286 Y214.037 E91.83699
G1 X207.799 Y213.893 E91.84962
G1 X207.395 Y213.489 E91.86384
G1 X207.255 Y213.003 E91.87643
G1 X207.322 Y212.769 E91.88248
G1 X207.291 Y212.607 E91.88659
G1 X206.827 Y212.081 E91.90404
G1 X206.716 Y212.021 E91.90718
G1 F2423.3 X206.188 Y212.189 E91.92175
G1 X206.421 Y212.998 E91.9439
G1 F2561.8 X206.276 Y213.514 E91.95724
G1 X205.902 Y213.892 E91.97047
G1 X205.386 Y214.033 E91.98378
G1 X204.903 Y213.893 E91.99629
G1 F2624.3 X204.274 Y213.278 E92.01766
G1 F2744.8 X204.056 Y213.244 E92.02278
G1 F2683.2 X203.942 Y213.317 E92.026
G1 F2561.8 X203.528 Y214.786 E92.06398
G1 X202.454 Y215.864 E92.10184
G1 X200.97 Y216.277 E92.14017
G1 X199.555 Y215.865 E92.17684
G1 X198.415 Y214.725 E92.21696
G1 X197.999 Y213.303 E92.25382
G1 X198.412 Y211.888 E92.2905
G1 X199.493 Y210.751 E92.32954
G1 F2700 E91.82954
G0 F15000 X204.877 Y216.115
G1 F2700 E92.32954
G1 F2561.8 X205.389 Y215.971 E92.34277
G1 X205.899 Y216.115 E92.35596
G1 X206.28 Y216.512 E92.36965
G1 X206.421 Y216.999 E92.38227
G1 X206.368 Y217.255 E92.38877
G1 X206.431 Y217.373 E92.3921
G1 X206.781 Y217.557 E92.40194
G1 X206.921 Y217.532 E92.40548
G1 X207.422 Y216.998 E92.4237
G1 X207.488 Y216.788 E92.42917
G1 X207.865 Y216.391 E92.4428
G1 X208.379 Y216.247 E92.45608
G1 X208.891 Y216.391 E92.46931
G1 X209.268 Y216.788 E92.48294
G1 X209.403 Y217.214 E92.49406
G1 X209.489 Y217.29 E92.49691
G1 X209.951 Y217.423 E92.50887
G1 X210.057 Y217.512 E92.51232
G1 X210.557 Y217.653 E92.52524
G1 X210.769 Y217.614 E92.53061
G1 X211.622 Y217.848 E92.55262
G1 X211.735 Y217.834 E92.55545
G1 X211.817 Y217.771 E92.55802
G1 X211.974 Y217.464 E92.5666
G1 X211.967 Y217.293 E92.57086
G1 X212.108 Y216.8 E92.58362
G1 X212.485 Y216.403 E92.59724
G1 X212.999 Y216.259 E92.61053
G1 X213.512 Y216.403 E92.62378
G1 X213.684 Y216.559 E92.62956
G1 X214.455 Y216.779 E92.64951
G1 X215.057 Y217.412 E92.67125
G1 X215.649 Y217.518 E92.68621
G1 X215.755 Y217.482 E92.689
G1 X215.97 Y217.24 E92.69705
G1 X215.967 Y217.036 E92.70213
G1 X216.108 Y216.54 E92.71496
G1 X216.484 Y216.147 E92.7285
G1 X216.999 Y216.003 E92.7418
G1 X217.515 Y216.147 E92.75513
G1 X217.888 Y216.54 E92.76861
G1 X218.029 Y216.963 E92.77971
G1 X218.144 Y217.03 E92.78302
G1 X218.286 Y217.022 E92.78656
G1 X218.952 Y216.377 E92.80963
G1 X219.587 Y216.202 E92.82602
G1 X219.721 Y216.027 E92.8315
G1 X220.197 Y215.575 E92.84784
G1 X220.201 Y215.36 E92.85319
G1 X220.378 Y214.864 E92.86629
G1 X220.175 Y214.208 E92.88338
G1 X219.753 Y213.859 E92.897
G1 X219.542 Y213.842 E92.90227
G1 X218.983 Y213.68 E92.91675
G1 X218.569 Y213.293 E92.93085
G1 X218.485 Y213.058 E92.93706
G1 X218.322 Y212.943 E92.94203
G1 X218.187 Y212.971 E92.94546
G1 X217.546 Y213.604 E92.96788
G1 X217.03 Y213.745 E92.98119
G1 X216.547 Y213.605 E92.9937
G1 X216.143 Y213.201 E93.00791
G1 X216.03 Y212.874 E93.01652
G1 X215.722 Y212.581 E93.0271
G1 X215.262 Y212.45 E93.039
G1 X215.137 Y212.452 E93.04211
G1 X215.017 Y212.555 E93.04605
G1 X214.969 Y212.709 E93.05006
G1 X214.45 Y213.225 E93.06827
G1 X213.694 Y213.445 E93.08786
G1 X213.515 Y213.604 E93.09382
G1 X212.998 Y213.749 E93.10718
G1 X212.511 Y213.605 E93.11982
G1 X212.107 Y213.201 E93.13404
G1 X211.966 Y212.712 E93.1467
G1 X211.956 Y212.499 E93.152
G1 X211.887 Y212.421 E93.1546
G1 X211.711 Y211.814 E93.17032
G1 X211.818 Y211.415 E93.1806
G1 X211.753 Y211.077 E93.18917
G1 X211.988 Y210.268 E93.21013
G1 X212.601 Y209.623 E93.23227
G1 X213.441 Y209.387 E93.25398
G1 X214.383 Y209.651 E93.27832
G1 X214.507 Y209.648 E93.28141
G1 X214.929 Y209.253 E93.29579
G1 X215.918 Y208.994 E93.32123
G1 X217.058 Y209.312 E93.35068
G1 X217.151 Y209.395 E93.35378
G1 X217.272 Y209.422 E93.35687
G1 X217.583 Y209.354 E93.36479
G1 X217.662 Y209.272 E93.36762
G1 X217.97 Y208.319 E93.39254
G1 X218.708 Y207.555 E93.41897
G1 X219.653 Y207.287 E93.44341
G1 X220.559 Y207.543 E93.46684
G1 X221.338 Y208.366 E93.49504
G1 X221.641 Y209.337 E93.52035
G1 X221.622 Y209.451 E93.52322
G1 X221.673 Y209.634 E93.52795
G1 X221.526 Y210.204 E93.5426
G1 X221.653 Y210.602 E93.55299
G1 X221.538 Y211.08 E93.56523
G1 X221.601 Y211.291 E93.57071
G1 X221.355 Y212.208 E93.59433
G1 X221.275 Y212.299 E93.59735
G1 X221.252 Y212.43 E93.60066
G1 X221.384 Y212.823 E93.61097
G1 X221.327 Y213.084 E93.61762
G1 X221.427 Y213.237 E93.62217
G1 X221.539 Y213.562 E93.63072
G1 X221.533 Y213.789 E93.63637
G1 X221.818 Y214.071 E93.64635
G1 X221.904 Y214.322 E93.65295
G1 X221.751 Y214.868 E93.66706
G1 X221.905 Y215.341 E93.67944
G1 X221.815 Y215.701 E93.68867
G1 X221.546 Y215.94 E93.69762
G1 X221.491 Y216.106 E93.70197
G1 X221.555 Y216.323 E93.7076
G1 X221.433 Y216.703 E93.71753
G1 X221.324 Y216.838 E93.72185
G1 X221.371 Y217.115 E93.72884
G1 X221.2 Y217.683 E93.7436
G1 X221.236 Y217.838 E93.74756
G1 X221.454 Y218.067 E93.75543
G1 X221.621 Y218.702 E93.77177
G1 X221.538 Y218.976 E93.77889
G1 X221.621 Y219.327 E93.78787
G1 X221.559 Y219.581 E93.79437
G1 X221.64 Y220.016 E93.80538
G1 X221.771 Y220.52 E93.81834
G1 X221.834 Y220.602 E93.82091
G1 X222.168 Y220.69 E93.82951
G1 X222.251 Y220.671 E93.83163
G1 F2134.8 X222.615 Y220.351 E93.8461
G1 F1829.9 X222.619 Y220.231 E93.85028
G1 X222.527 Y219.984 E93.85946
G1 X222.606 Y219.866 E93.86441
G1 X222.677 Y219.845 E93.86699
G1 X223.031 Y220.017 E93.8807
G1 X223.151 Y220.173 E93.88755
G1 X223.194 Y220.443 E93.89708
G1 F2134.8 X223.328 Y220.727 E93.90646
G1 F2561.8 X223.364 Y220.901 E93.91088
G1 X223.291 Y221.166 E93.91772
G1 X223.102 Y221.356 E93.92438
G1 X222.85 Y221.426 E93.93089
G1 X222.61 Y221.357 E93.93711
G1 X222.291 Y221.083 E93.94757
G1 X222.159 Y221.095 E93.95087
G1 X222.054 Y221.196 E93.95449
G1 X221.696 Y222.457 E93.98711
G1 X220.939 Y223.204 E94.01357
G1 X219.922 Y223.489 E94.03985
G1 X218.999 Y223.217 E94.0638
G1 X218.327 Y222.549 E94.08737
G1 X218.09 Y222.449 E94.09378
G1 X217.285 Y221.674 E94.12158
G1 X217.089 Y221.045 E94.13797
G1 X217.002 Y220.931 E94.14154
G1 X216.893 Y220.888 E94.14446
G1 X215.13 Y221.372 E94.18995
G1 X214.09 Y221.087 E94.21678
G1 X213.644 Y220.667 E94.23202
G1 X213.514 Y220.61 E94.23556
G1 X213.336 Y220.649 E94.24009
G1 X212.599 Y220.433 E94.2592
G1 X212.467 Y220.503 E94.26292
G1 X211.906 Y221.034 E94.28214
G1 X210.878 Y221.306 E94.3086
G1 X210.086 Y221.081 E94.32909
G1 X209.498 Y221.245 E94.34428
G1 X208.575 Y220.973 E94.36822
G1 X208.255 Y220.664 E94.37929
G1 X207.802 Y220.543 E94.39095
G1 X207.704 Y220.579 E94.39355
G1 X207.006 Y221.268 E94.41796
G1 X206.234 Y221.485 E94.43791
G1 X205.499 Y221.269 E94.45697
G1 X204.895 Y220.665 E94.47823
G1 X204.679 Y219.933 E94.49722
G1 X204.9 Y219.188 E94.51655
G1 X205.01 Y219.067 E94.52062
G1 X205.06 Y218.932 E94.52421
G1 X205.605 Y218.354 E94.54397
G1 X205.599 Y218.179 E94.54833
G1 X205.521 Y218.075 E94.55156
G1 X204.899 Y217.893 E94.56769
G1 X204.495 Y217.489 E94.58191
G1 X204.351 Y217.001 E94.59457
G1 X204.495 Y216.517 E94.60713
G1 X204.877 Y216.115 E94.62093
G1 F2700 E94.12093
G0 F15000 X222.417 Y209.491
G1 F2700 E94.62093
G1 F2561.8 X222.338 Y209.169 E94.62918
G1 X222.335 Y208.898 E94.63592
G1 X222.431 Y208.573 E94.64436
G1 X222.669 Y208.323 E94.65295
G1 X222.987 Y208.231 E94.66118
G1 X223.303 Y208.323 E94.66937
G1 X223.544 Y208.573 E94.67801
G1 X223.631 Y208.877 E94.68588
G1 X223.533 Y209.367 E94.69832
G1 X223.243 Y209.704 E94.70938
G1 X223.1 Y210.059 E94.7189
G1 X223.006 Y210.155 E94.72224
G1 X222.828 Y210.184 E94.72673
G1 X222.637 Y210.039 E94.7327
G1 X222.472 Y209.564 E94.74521
G1 X222.417 Y209.491 E94.74749
G1 F2700 E94.24749
G0 F15000 X224.98 Y210.193
G0 X226.895 Y212.554
G1 F2700 E94.74749
G1 F2561.8 X227.956 Y211.456 E94.78548
G1 X229.521 Y211.022 E94.82589
G1 X230.996 Y211.424 E94.86393
G1 X232.049 Y212.517 E94.90169
G1 X232.449 Y213.869 E94.93678
G1 X232.041 Y215.289 E94.97354
G1 X230.991 Y216.323 E95.01021
G1 X229.413 Y216.757 E95.05093
G1 X227.989 Y216.356 E95.08774
G1 X226.879 Y215.268 E95.12642
G1 X226.487 Y213.917 E95.16142
G1 X226.895 Y212.554 E95.19682
G1 F2700 E94.69682
;MESH:axis.stl
G0 F15000 X224.561 Y213.105
G0 X223.42 Y215
G0 X223.13 Y215
M204 S1250
;TYPE:WALL-INNER
G1 F2700 E95.19682
G1 F2561.8 X223.13 Y218.364 E95.28493
G1 X223.2 Y218.622 E95.29194
G1 X224.298 Y218.622 E95.3207
G1 X224.37 Y218.362 E95.32776
G1 X224.37 Y216.896 E95.36616
G1 X224.346 Y215.037 E95.41486
G1 X224.35 Y214.018 E95.44155
G1 X224.37 Y213.094 E95.46575
G1 X224.37 Y211.641 E95.50381
G1 X224.297 Y211.379 E95.51093
G1 X223.198 Y211.381 E95.53972
G1 X223.13 Y211.639 E95.54671
G1 X223.13 Y215 E95.63474
M204 S2500
G0 F15000 X222.71 Y215
M204 S1250
;TYPE:WALL-OUTER
G1 F2561.8 X222.71 Y218.42 E95.72432
G1 X222.833 Y218.877 E95.73671
G1 X222.994 Y219.042 E95.74275
G1 X224.507 Y219.041 E95.78238
G1 X224.663 Y218.877 E95.78831
G1 X224.79 Y218.419 E95.80076
G1 X224.79 Y216.896 E95.84065
G1 X224.766 Y215.039 E95.88929
G1 X224.77 Y214.027 E95.9158
G1 X224.79 Y213.094 E95.94024
G1 X224.79 Y211.585 E95.97977
G1 X224.663 Y211.124 E95.99229
G1 X224.503 Y210.958 E95.99833
G1 X223.024 Y210.962 E96.03707
G1 X222.837 Y211.109 E96.0433
G1 X222.71 Y211.584 E96.05618
G1 X222.71 Y215 E96.14565
M204 S2500
G0 F15000 X222.71 Y215.2
G0 X223.42 Y215.2
G0 X223.531 Y216.723
;TYPE:SKIN
G1 F2496.4 X223.961 Y216.723 E96.15721
G1 F2490.7 X223.964 Y218.216 E96.19743
G1 X223.532 Y218.216 E96.20907
G1 X223.531 Y216.723 E96.24929
G0 F15000 X223.532 Y213.264
G1 F2490.7 X223.532 Y211.784 E96.28916
G1 X223.964 Y211.784 E96.3008
G1 X223.964 Y213.264 E96.34068
G1 X223.532 Y213.264 E96.35231
G0 F15000 X223.74 Y213.264
G1 F2700 E95.85231
;MESH:NONMESH
G0 F600 X223.74 Y213.264 Z1.5
G0 F15000 X222.939 Y211.616
G0 X221.835 Y211.616
G0 X205.605 Y209.423
;TIME_ELAPSED:138.151598
;LAYER:9
;note -- min layer time used
;TYPE:SUPPORT
G1 F2700 E96.35231
G1 F2661.9 X206.183 Y209.262 E96.36724
G1 X206.762 Y209.424 E96.3822
G1 X206.954 Y209.55 E96.38792
G1 X207.109 Y209.504 E96.39194
G1 X207.298 Y209.303 E96.39881
G1 X208.204 Y209.051 E96.42221
G1 X209.111 Y209.303 E96.44563
G1 X209.332 Y209.534 E96.45358
G1 X210.051 Y209.735 E96.47216
G1 X210.62 Y210.336 E96.49275
G1 X210.833 Y211.073 E96.51184
G1 X210.616 Y211.846 E96.53182
G1 X210.126 Y212.343 E96.54919
G1 X210.025 Y212.649 E96.55721
G1 X209.65 Y213.024 E96.5704
G1 X209.184 Y213.172 E96.58257
G1 X209.065 Y213.449 E96.59007
G1 X208.738 Y213.776 E96.60158
G1 X208.286 Y213.905 E96.61327
G1 X207.863 Y213.781 E96.62424
G1 X207.507 Y213.425 E96.63677
G1 X207.383 Y213.001 E96.64776
G1 X207.458 Y212.628 E96.65723
G1 X207.2 Y212.288 E96.66785
G1 X206.523 Y211.601 E96.69185
G1 X206.388 Y211.588 E96.69522
G1 X205.838 Y211.741 E96.70943
G1 X205.797 Y211.66 E96.71169
G1 X205.211 Y211.069 E96.7324
G1 X205.019 Y210.419 E96.74926
G1 X205.18 Y209.872 E96.76345
G1 X205.605 Y209.423 E96.77883
G1 F2700 E96.27883
G0 F15000 X204.94 Y212.227
G1 F2700 E96.77883
G1 F2661.9 X205.677 Y212.018 E96.79789
G1 X205.716 Y212.098 E96.80011
G1 X206.172 Y212.576 E96.81655
G1 X206.293 Y212.997 E96.82745
G1 X206.164 Y213.45 E96.83917
G1 X205.834 Y213.78 E96.85078
G1 X205.386 Y213.905 E96.86235
G1 X204.964 Y213.781 E96.8733
G1 X204.611 Y213.425 E96.88577
G1 X204.538 Y213.241 E96.8907
G1 F2576.1 X204.322 Y213.153 E96.89669
G1 X204.486 Y212.991 E96.90262
G1 F2661.9 X204.608 Y212.573 E96.91346
G1 X204.94 Y212.227 E96.92539
G1 F2700 E96.42539
G0 F15000 X204.322 Y213.153
G1 F2700 E96.92539
G1 F2495.6 X204.09 Y213.155 E96.93155
G1 F2700 E96.43155
G0 F15000 X199.501 Y210.767
G1 F2700 E96.93155
G1 F2661.9 X200.973 Y210.355 E96.96958
G1 X202.443 Y210.767 E97.00757
G1 X203.52 Y211.896 E97.04639
G1 X203.852 Y213.054 E97.07637
G1 F2576.1 X204.09 Y213.155 E97.08302
G1 X203.926 Y213.318 E97.08896
G1 F2661.9 X203.512 Y214.778 E97.12672
G1 X202.446 Y215.848 E97.1643
G1 X200.97 Y216.261 E97.20244
G1 X199.563 Y215.849 E97.23892
G1 X198.431 Y214.717 E97.27876
G1 X198.015 Y213.307 E97.31534
G1 X198.428 Y211.896 E97.35192
G1 X199.501 Y210.767 E97.39068
G1 F2700 E96.89068
G0 F15000 X205.834 Y218.249
G1 F2700 E97.39068
G1 F2661.9 X206.596 Y218.466 E97.41039
G1 X206.744 Y218.444 E97.41411
G1 X206.831 Y218.35 E97.4173
G1 X206.874 Y218.213 E97.42087
G1 X207.039 Y217.985 E97.42788
G1 X207.197 Y217.419 E97.4425
G1 X207.535 Y217.053 E97.45489
G1 X207.6 Y216.852 E97.46015
G1 X207.929 Y216.503 E97.47209
G1 X208.379 Y216.379 E97.4837
G1 X208.827 Y216.503 E97.49527
G1 X209.156 Y216.852 E97.5072
G1 X209.293 Y217.305 E97.51898
G1 X209.392 Y217.393 E97.52227
G1 X209.893 Y217.539 E97.53526
G1 X209.979 Y217.615 E97.53811
G1 X210.403 Y217.743 E97.54913
G1 X210.499 Y217.832 E97.55239
G1 X210.649 Y217.859 E97.55618
G1 X210.985 Y217.774 E97.56481
G1 X211.734 Y217.974 E97.5841
G1 X211.847 Y217.95 E97.58697
G1 X211.922 Y217.883 E97.58947
G1 X212.004 Y217.637 E97.59593
G1 X212.099 Y217.528 E97.59952
G1 X212.126 Y217.404 E97.60268
G1 X212.096 Y217.29 E97.60562
G1 X212.22 Y216.86 E97.61675
G1 X212.549 Y216.515 E97.62861
G1 X213 Y216.387 E97.64028
G1 X213.451 Y216.515 E97.65194
G1 X213.598 Y216.668 E97.65722
G1 X214.387 Y216.891 E97.67763
G1 X214.857 Y217.385 E97.69459
G1 X214.891 Y217.476 E97.69701
G1 X214.992 Y217.563 E97.70033
G1 X215.572 Y217.719 E97.71527
G1 X215.728 Y217.688 E97.71923
G1 X216.112 Y217.283 E97.73312
G1 X216.096 Y217.034 E97.73932
G1 X216.22 Y216.604 E97.75046
G1 X216.549 Y216.259 E97.76232
G1 X216.999 Y216.131 E97.77396
G1 X217.447 Y216.259 E97.78556
G1 X217.78 Y216.608 E97.79756
G1 X217.901 Y217.033 E97.80856
G1 X217.843 Y217.248 E97.8141
G1 X217.885 Y217.405 E97.81814
G1 X217.967 Y217.469 E97.82073
G1 X218.513 Y217.586 E97.83462
G1 X218.771 Y217.348 E97.84336
G1 X218.798 Y217.228 E97.84642
G1 X218.77 Y217.12 E97.84919
G1 X218.898 Y216.749 E97.85896
G1 X219.219 Y216.442 E97.87001
G1 X219.954 Y216.245 E97.88895
G1 X220.05 Y216.046 E97.89444
G1 X220.323 Y215.789 E97.90377
G1 X220.515 Y215.72 E97.90885
G1 X220.58 Y215.637 E97.91147
G1 X220.596 Y215.522 E97.91436
G1 X220.55 Y215.375 E97.91819
G1 X220.627 Y215.146 E97.92421
G1 X220.798 Y214.979 E97.93015
G1 X220.834 Y214.877 E97.93285
G1 X220.795 Y214.736 E97.93649
G1 X220.637 Y214.591 E97.94182
G1 X220.47 Y214.142 E97.95374
G1 X220.342 Y214.068 E97.95742
G1 X219.927 Y213.726 E97.9708
G1 X219.656 Y213.722 E97.97755
G1 X219.212 Y213.602 E97.98899
G1 X218.87 Y213.293 E98.00046
G1 X218.76 Y212.967 E98.00902
G1 X218.288 Y212.528 E98.02506
G1 X218.126 Y212.488 E98.02921
G1 X217.977 Y212.569 E98.03343
G1 X217.808 Y213.161 E98.04875
G1 X217.478 Y213.492 E98.06038
G1 X217.03 Y213.617 E98.07195
G1 X216.608 Y213.493 E98.0829
G1 X216.255 Y213.137 E98.09537
G1 X216.134 Y212.8 E98.10428
G1 X215.888 Y212.527 E98.11343
G1 X215.165 Y212.329 E98.13208
G1 X215.035 Y212.334 E98.13532
G1 X214.914 Y212.449 E98.13947
G1 X214.857 Y212.645 E98.14455
G1 X214.386 Y213.113 E98.16107
G1 X213.623 Y213.335 E98.18084
G1 X213.45 Y213.492 E98.18666
G1 X212.998 Y213.617 E98.19833
G1 X212.575 Y213.493 E98.20929
G1 X212.219 Y213.137 E98.22182
G1 X212.095 Y212.715 E98.23277
G1 X212.116 Y212.509 E98.23792
G1 X212.004 Y212.363 E98.2425
G1 X211.843 Y211.811 E98.2568
G1 X211.946 Y211.436 E98.26648
G1 X211.884 Y211.078 E98.27552
G1 X212.096 Y210.328 E98.29492
G1 X212.664 Y209.735 E98.31535
G1 X213.441 Y209.519 E98.33541
G1 X214.235 Y209.739 E98.35592
G1 X214.365 Y209.734 E98.35915
G1 X214.784 Y209.346 E98.37336
G1 X215.737 Y209.095 E98.39788
G1 X216.777 Y209.38 E98.42472
G1 X216.988 Y209.58 E98.43195
G1 X217.07 Y209.602 E98.43406
G1 X217.553 Y209.463 E98.44657
G1 X217.609 Y209.393 E98.4488
G1 X217.898 Y208.495 E98.47227
G1 X218.571 Y207.803 E98.49629
G1 X218.714 Y207.709 E98.50055
G1 X219.613 Y207.442 E98.52389
G1 X220.474 Y207.661 E98.54599
G1 X221.123 Y208.337 E98.56931
G1 X221.358 Y208.649 E98.57903
G1 X221.713 Y209.802 E98.60905
G1 X221.593 Y210.347 E98.62293
G1 X221.669 Y210.588 E98.62922
G1 X221.595 Y211.148 E98.64328
G1 X221.594 Y211.657 E98.65594
G1 X221.431 Y212.204 E98.67015
G1 X221.338 Y212.299 E98.67345
G1 X221.307 Y212.441 E98.67707
G1 X221.46 Y212.896 E98.68901
G1 X221.432 Y213.158 E98.69557
G1 X221.535 Y213.28 E98.69954
G1 X221.598 Y213.46 E98.70429
G1 X221.611 Y213.811 E98.71303
G1 X221.917 Y214.122 E98.72388
G1 X221.97 Y214.278 E98.72798
G1 X221.97 Y214.437 E98.73194
G1 X221.91 Y214.613 E98.73657
G1 X221.791 Y214.727 E98.74067
G1 X221.754 Y214.831 E98.74341
G1 X221.792 Y214.97 E98.747
G1 X221.926 Y215.102 E98.75168
G1 X221.962 Y215.448 E98.76034
G1 X221.912 Y215.593 E98.76415
G1 X221.615 Y215.847 E98.77388
G1 X221.562 Y215.95 E98.77676
G1 X221.602 Y216.409 E98.78822
G1 X221.534 Y216.612 E98.79355
G1 X221.4 Y216.761 E98.79854
G1 X221.391 Y216.888 E98.80171
G1 X221.463 Y217.114 E98.80761
G1 X221.298 Y217.656 E98.82171
G1 X221.335 Y217.797 E98.82533
G1 X221.502 Y217.98 E98.8315
G1 X221.61 Y218.388 E98.842
G1 X221.61 Y218.689 E98.84949
G1 X221.566 Y218.831 E98.85319
G1 X221.649 Y219.195 E98.86248
G1 X221.606 Y219.384 E98.8673
G1 X221.697 Y219.734 E98.8763
G1 X221.643 Y219.911 E98.8809
G1 X221.722 Y220.265 E98.88993
G1 X221.633 Y220.571 E98.89786
G1 X221.722 Y220.994 E98.90861
G1 X221.658 Y221.236 E98.91484
G1 X221.733 Y221.542 E98.92268
G1 X221.48 Y222.446 E98.94604
G1 X220.822 Y223.104 E98.9692
G1 X219.918 Y223.357 E98.99255
G1 X219.059 Y223.105 E99.01483
G1 X218.345 Y222.395 E99.03988
G1 X217.947 Y222.246 E99.05046
G1 X217.197 Y221.518 E99.07647
G1 X217 Y220.905 E99.09249
G1 X216.926 Y220.817 E99.09535
G1 X216.79 Y220.782 E99.09884
G1 X216.399 Y220.889 E99.10893
G1 X216.24 Y220.846 E99.11303
G1 X216.121 Y220.874 E99.11607
G1 X216.021 Y220.963 E99.1194
G1 X214.913 Y221.268 E99.148
G1 X213.939 Y220.999 E99.17314
G1 X213.461 Y220.549 E99.18948
G1 X212.752 Y220.345 E99.20783
G1 X212.619 Y220.415 E99.21157
G1 X212.054 Y220.95 E99.23093
G1 X211.097 Y221.199 E99.25554
G1 X210.144 Y220.933 E99.28016
G1 X209.498 Y221.113 E99.29685
G1 X208.636 Y220.861 E99.31919
G1 X208.318 Y220.544 E99.33037
G1 X207.716 Y220.371 E99.34595
G1 X207.625 Y220.385 E99.34824
G1 X207.512 Y220.481 E99.35193
G1 X207.461 Y220.637 E99.35602
G1 X206.942 Y221.156 E99.37428
G1 X206.234 Y221.353 E99.39256
G1 X205.559 Y221.157 E99.41005
G1 X205.007 Y220.605 E99.42948
G1 X204.811 Y219.933 E99.4469
G1 X205.012 Y219.248 E99.46466
G1 X205.136 Y219.104 E99.46939
G1 X205.172 Y218.988 E99.47241
G1 X205.788 Y218.346 E99.49455
G1 X205.834 Y218.249 E99.49722
G1 F2700 E98.99722
G0 F15000 X204.941 Y216.227
G1 F2700 E99.49722
G1 F2661.9 X205.387 Y216.099 E99.50877
G1 X205.835 Y216.227 E99.52036
G1 X206.168 Y216.576 E99.53236
G1 X206.289 Y216.998 E99.54329
G1 X206.164 Y217.45 E99.55496
G1 X205.723 Y217.891 E99.57047
G1 X205.675 Y217.993 E99.57328
G1 X204.963 Y217.781 E99.59177
G1 X204.607 Y217.425 E99.60429
G1 X204.483 Y217 E99.61531
G1 X204.608 Y216.573 E99.62638
G1 X204.941 Y216.227 E99.63833
G1 F2700 E99.13833
G0 F15000 X222.603 Y220.389
G1 F2700 E99.63833
G1 F1857.2 X222.839 Y220.124 E99.65098
G1 X222.998 Y220.14 E99.65668
G1 X223.042 Y220.186 E99.65895
G1 X223.147 Y220.613 E99.67464
G1 X223.087 Y221.023 E99.68942
G1 X222.975 Y221.155 E99.69559
G1 X222.854 Y221.194 E99.70012
G1 X222.725 Y221.147 E99.70502
G1 X222.603 Y221.006 E99.71167
G1 X222.545 Y220.773 E99.72023
G1 X222.603 Y220.389 E99.73408
G1 F2700 E99.23408
G0 F15000 X224.58 Y220.144
G0 X225.395 Y219.608
G0 X227.175 Y215.741
G1 F2700 E99.73408
G1 F2661.9 X226.727 Y215.3 E99.74973
G1 X226.332 Y213.953 E99.78466
G1 X226.743 Y212.586 E99.82017
G1 X227.799 Y211.492 E99.85801
G1 X229.405 Y211.05 E99.89946
G1 X230.849 Y211.44 E99.93667
G1 X231.901 Y212.529 E99.97435
G1 X232.301 Y213.889 E100.00962
G1 X231.889 Y215.304 E100.0463
G1 X230.828 Y216.343 E100.08325
G1 X229.229 Y216.782 E100.12451
G1 X227.837 Y216.392 E100.16048
G1 X227.175 Y215.741 E100.18358
G1 F2700 E99.68358
G0 F15000 X225.56 Y210.741
G0 X225.263 Y210.206
G0 X224.863 Y209.905
G0 X223.227 Y209.505
G1 F2700 E100.18358
G1 F2661.9 X223.108 Y209.842 E100.19247
G1 X223.003 Y209.947 E100.19617
G1 X222.859 Y209.978 E100.19983
G1 X222.77 Y209.95 E100.20215
G1 X222.533 Y209.667 E100.21134
G1 X222.469 Y209.395 E100.21829
G1 X222.471 Y208.888 E100.23091
G1 X222.544 Y208.631 E100.23756
G1 X222.733 Y208.432 E100.24438
G1 X222.987 Y208.362 E100.25094
G1 X223.243 Y208.432 E100.25754
G1 X223.421 Y208.623 E100.26404
G1 X223.503 Y208.958 E100.27262
G1 X223.425 Y209.262 E100.28043
G1 X223.227 Y209.505 E100.28823
G1 F2700 E99.78823
;MESH:axis.stl
G0 F15000 X223.227 Y210.974
G0 X223.42 Y215
G0 X223.13 Y215
M204 S1250
;TYPE:WALL-INNER
G1 F2700 E100.28823
G1 F2661.9 X223.13 Y218.657 E100.38402
G1 X223.19 Y218.85 E100.38931
G1 X224.304 Y218.849 E100.41849
G1 X224.37 Y218.638 E100.42428
G1 X224.37 Y217.356 E100.45786
G1 X224.322 Y215.504 E100.50638
G1 X224.322 Y214.491 E100.53292
G1 X224.37 Y212.64 E100.58141
G1 X224.37 Y211.347 E100.61528
G1 X224.314 Y211.162 E100.62034
G1 X223.191 Y211.162 E100.64976
G1 X223.13 Y211.364 E100.65528
G1 X223.13 Y215 E100.75052
M204 S2500
G0 F15000 X222.71 Y215
M204 S1250
;TYPE:WALL-OUTER
G1 F2661.9 X222.71 Y218.704 E100.84754
G1 X222.767 Y218.952 E100.8542
G1 X222.911 Y219.214 E100.86203
G1 X223.023 Y219.27 E100.86531
G1 X224.506 Y219.27 E100.90415
G1 X224.665 Y219.106 E100.91014
G1 X224.79 Y218.7 E100.92126
G1 X224.79 Y217.356 E100.95647
G1 X224.742 Y215.504 E101.00499
G1 X224.742 Y214.502 E101.03124
G1 X224.79 Y212.64 E101.08002
G1 X224.79 Y211.3 E101.11512
G1 X224.734 Y211.053 E101.12175
G1 X224.524 Y210.742 E101.13158
G1 X222.975 Y210.742 E101.17215
G1 X222.836 Y210.883 E101.17734
G1 X222.71 Y211.303 E101.18883
G1 X222.71 Y215 E101.28566
M204 S2500
G0 F15000 X222.71 Y215.2
G0 X223.42 Y215.2
G0 X223.532 Y212.856
;TYPE:SKIN
G1 F2588 X223.532 Y211.564 E101.32047
G1 X223.964 Y211.564 E101.3321
G1 X223.964 Y212.856 E101.36691
G1 X223.532 Y212.856 E101.37855
G0 F15000 X223.535 Y217.155
G1 F2600 X223.965 Y217.155 E101.39008
G1 X223.965 Y218.442 E101.42459
G1 X223.535 Y218.444 E101.43612
G1 X223.535 Y217.155 E101.47069
G0 F15000 X223.74 Y217.155
G1 F2700 E100.97069
;MESH:NONMESH
G0 F600 X223.74 Y217.155 Z1.65
G0 F15000 X222.939 Y211.337
G0 X221.835 Y211.337
G0 X199.509 Y210.783
;TIME_ELAPSED:146.967045
;LAYER:10
;note -- min layer time used
;TYPE:SUPPORT
G1 F2700 E101.47069
G1 F2665.5 X200.972 Y210.371 E101.50851
G1 X202.435 Y210.783 E101.54633
G1 X203.5 Y211.904 E101.5848
G1 X203.909 Y213.305 E101.62112
G1 X203.496 Y214.77 E101.65899
G1 X202.434 Y215.832 E101.69637
G1 X200.97 Y216.241 E101.73419
G1 X199.571 Y215.833 E101.77045
G1 X198.443 Y214.705 E101.81014
G1 X198.031 Y213.307 E101.84641
G1 X198.444 Y211.904 E101.8828
G1 X199.509 Y210.783 E101.92128
G1 F2700 E101.42128
G0 F15000 X205.005 Y216.339
G1 F2700 E101.92128
G1 F2665.5 X205.388 Y216.231 E101.93118
G1 X205.771 Y216.339 E101.94108
G1 X206.052 Y216.632 E101.95118
G1 X206.158 Y217.006 E101.96085
G1 X206.055 Y217.383 E101.97058
G1 X205.77 Y217.668 E101.98061
G1 X205.386 Y217.773 E101.99051
G1 X205.026 Y217.669 E101.99984
G1 X204.719 Y217.364 E102.0106
G1 X204.611 Y217.001 E102.02003
G1 X204.719 Y216.637 E102.02948
G1 X205.005 Y216.339 E102.03975
G1 F2700 E101.53975
G0 F15000 X205.717 Y218.603
G1 F2700 E102.03975
G1 F2665.5 X206.165 Y218.475 E102.05135
G1 X206.667 Y218.615 E102.06431
G1 X206.825 Y218.597 E102.06827
G1 X206.913 Y218.506 E102.07142
G1 X206.982 Y218.278 E102.07735
G1 X207.159 Y218.065 E102.08424
G1 X207.304 Y217.488 E102.09904
G1 X207.648 Y217.114 E102.11169
G1 X207.712 Y216.912 E102.11696
G1 X207.997 Y216.615 E102.1272
G1 X208.379 Y216.507 E102.13708
G1 X208.763 Y216.615 E102.14701
G1 X209.048 Y216.916 E102.15732
G1 X209.175 Y217.331 E102.16812
G1 X209.316 Y217.489 E102.17339
G1 X209.827 Y217.651 E102.18673
G1 X209.928 Y217.736 E102.19001
G1 X210.339 Y217.855 E102.20066
G1 X210.574 Y218.059 E102.2084
G1 X211.156 Y217.941 E102.22318
G1 X211.88 Y218.091 E102.24158
G1 X212.033 Y217.963 E102.24654
G1 X212.115 Y217.701 E102.25337
G1 X212.258 Y217.515 E102.25921
G1 X212.227 Y217.288 E102.26491
G1 X212.332 Y216.92 E102.27443
G1 X212.613 Y216.627 E102.28453
G1 X212.999 Y216.519 E102.29451
G1 X213.382 Y216.627 E102.30441
G1 X213.613 Y216.841 E102.31224
G1 X213.752 Y216.845 E102.3157
G1 X214.319 Y217.003 E102.33035
G1 X214.745 Y217.449 E102.3457
G1 X214.811 Y217.661 E102.35122
G1 X214.888 Y217.757 E102.35428
G1 X215.443 Y217.9 E102.36855
G1 X215.779 Y217.821 E102.37713
G1 X216.214 Y217.356 E102.39298
G1 X216.268 Y217.247 E102.396
G1 X216.224 Y217.03 E102.40151
G1 X216.331 Y216.669 E102.41088
G1 X216.617 Y216.371 E102.42116
G1 X217 Y216.263 E102.43106
G1 X217.383 Y216.371 E102.44096
G1 X217.663 Y216.664 E102.45105
G1 X217.769 Y217.039 E102.46075
G1 X217.692 Y217.325 E102.46812
G1 X217.725 Y217.478 E102.47201
G1 X217.786 Y217.537 E102.47412
G1 X218.142 Y217.65 E102.48342
G1 X218.385 Y217.884 E102.49181
G1 X218.487 Y217.902 E102.49439
G1 X218.606 Y217.854 E102.49758
G1 X219.119 Y217.317 E102.51606
G1 X219.145 Y217.188 E102.51933
G1 X219.117 Y217.082 E102.52206
G1 X219.226 Y216.769 E102.53031
G1 X219.508 Y216.5 E102.54001
G1 X219.98 Y216.368 E102.5522
G1 X220.224 Y216.345 E102.5583
G1 X220.305 Y216.258 E102.56126
G1 X220.369 Y216.084 E102.56587
G1 X220.596 Y215.874 E102.57356
G1 X220.831 Y215.812 E102.57961
G1 F2313 X221.014 Y215.698 E102.58579
G1 F1903.9 X221.053 Y215.524 E102.59201
G1 F1785.5 X221.012 Y215.393 E102.59711
G1 X221.061 Y215.268 E102.60209
G1 F1760.2 X221.284 Y215.073 E102.61325
G1 F1841.3 X221.282 Y214.735 E102.62543
G1 F2248 X220.959 Y214.532 E102.63669
G1 F2652.8 X220.796 Y214.095 E102.64835
G1 F2665.5 X220.596 Y214.004 E102.65381
G1 X220.353 Y213.793 E102.66182
G1 X220.248 Y213.624 E102.66677
G1 X220.17 Y213.593 E102.66886
G1 X219.867 Y213.6 E102.6764
G1 X219.474 Y213.497 E102.68651
G1 X219.19 Y213.244 E102.69598
G1 X219.072 Y212.928 E102.70437
G1 X218.77 Y212.645 E102.71467
G1 X218.638 Y212.283 E102.72425
G1 X218.556 Y212.208 E102.72702
G1 X218.37 Y212.206 E102.73165
G1 X218.144 Y212.408 E102.73919
G1 X217.914 Y212.487 E102.74524
G1 X217.848 Y212.558 E102.74765
G1 X217.7 Y213.094 E102.76149
G1 X217.414 Y213.38 E102.77155
G1 X217.03 Y213.485 E102.78146
G1 X216.671 Y213.381 E102.79076
G1 X216.368 Y213.078 E102.80142
G1 X216.277 Y212.776 E102.80927
G1 X216.069 Y212.559 E102.81675
G1 X215.988 Y212.374 E102.82178
G1 X215.899 Y212.325 E102.8243
G1 X215.672 Y212.352 E102.82999
G1 X215.045 Y212.209 E102.84599
G1 X214.928 Y212.221 E102.84892
G1 X214.846 Y212.282 E102.85146
G1 X214.744 Y212.578 E102.85925
G1 X214.322 Y213 E102.8741
G1 X213.77 Y213.158 E102.88839
G1 X213.63 Y213.156 E102.89187
G1 X213.382 Y213.38 E102.90019
G1 X212.998 Y213.485 E102.9101
G1 X212.635 Y213.381 E102.91949
G1 X212.331 Y213.073 E102.93026
G1 X212.224 Y212.713 E102.93961
G1 X212.265 Y212.567 E102.94338
G1 X212.239 Y212.435 E102.94673
G1 X212.115 Y212.301 E102.95127
G1 X211.972 Y211.813 E102.96392
G1 X212.078 Y211.414 E102.9742
G1 X212.012 Y211.074 E102.98281
G1 X212.208 Y210.396 E103.00037
G1 X212.729 Y209.847 E103.01921
G1 X213.44 Y209.647 E103.03759
G1 X214.153 Y209.848 E103.05602
G1 X214.284 Y209.774 E103.05976
G1 X214.624 Y209.437 E103.07167
G1 X215.467 Y209.217 E103.09335
G1 X215.655 Y209.232 E103.09805
G1 X216.507 Y209.461 E103.12
G1 X216.827 Y209.759 E103.13088
G1 X216.929 Y209.778 E103.13346
G1 X217.417 Y209.647 E103.14603
G1 X217.54 Y209.572 E103.14962
G1 X217.822 Y208.679 E103.17292
G1 X218.45 Y208.032 E103.19536
G1 X218.597 Y207.937 E103.19971
G1 X219.437 Y207.69 E103.2215
G1 X220.242 Y207.891 E103.24214
G1 X220.348 Y207.983 E103.24563
G1 X220.663 Y208.088 E103.2539
G1 X221.39 Y208.873 E103.28052
G1 X221.745 Y209.953 E103.30881
G1 X221.626 Y210.477 E103.32218
G1 X221.657 Y210.593 E103.32517
G1 X221.612 Y210.905 E103.33301
G1 X221.594 Y211.469 E103.34705
G1 X221.608 Y211.94 E103.35878
G1 X221.539 Y212.175 E103.36487
G1 X221.448 Y212.258 E103.36793
G1 X221.391 Y212.431 E103.37247
G1 X221.555 Y212.921 E103.38532
G1 X221.489 Y213.255 E103.3938
G1 X221.61 Y213.442 E103.39934
G1 X221.625 Y213.876 E103.41014
G1 F2317.8 X221.692 Y214.038 E103.41516
G1 F2050.4 X221.907 Y214.122 E103.42263
G1 F2020.8 X221.9 Y214.572 E103.4374
G1 F1977.9 X221.8 Y214.697 E103.44277
G1 F1907.1 X221.822 Y214.971 E103.45233
G1 F1856.5 X221.879 Y215.031 E103.45528
G1 F1794.1 X221.858 Y215.458 E103.47109
G1 F1760.2 X221.586 Y215.642 E103.48346
G1 F1903.9 X221.548 Y215.815 E103.48963
G1 F2169.6 X221.634 Y216.539 E103.51192
G1 F2476.8 X221.478 Y216.723 E103.51838
G1 F2665.5 X221.555 Y217.082 E103.52751
G1 X221.374 Y217.635 E103.54199
G1 X221.393 Y217.742 E103.5447
G1 X221.563 Y217.932 E103.55104
G1 X221.61 Y218.104 E103.55548
G1 X221.611 Y219.079 E103.57974
G1 X221.691 Y219.823 E103.59836
G1 X221.762 Y220.113 E103.60579
G1 X221.63 Y220.553 E103.61722
G1 X221.686 Y220.805 E103.62364
G1 X221.564 Y221.232 E103.63469
G1 X221.618 Y221.499 E103.64147
G1 X221.372 Y222.382 E103.66428
G1 X220.758 Y222.992 E103.68581
G1 X219.918 Y223.229 E103.70753
G1 X219.123 Y222.993 E103.72817
G1 X218.364 Y222.241 E103.75475
G1 X217.823 Y222.066 E103.7689
G1 X217.104 Y221.369 E103.79382
G1 X216.913 Y220.782 E103.80918
G1 X216.813 Y220.691 E103.81254
G1 X216.689 Y220.677 E103.81565
G1 X216.398 Y220.757 E103.82316
G1 X216.071 Y220.666 E103.8316
G1 X215.933 Y220.702 E103.83515
G1 X215.742 Y220.879 E103.84163
G1 X214.687 Y221.165 E103.86883
G1 X213.77 Y220.918 E103.89246
G1 X213.158 Y220.344 E103.91334
G1 X212.97 Y220.273 E103.91834
G1 X212.786 Y220.289 E103.92293
G1 X212.194 Y220.85 E103.94323
G1 X211.295 Y221.087 E103.96636
G1 X210.212 Y220.785 E103.99434
G1 X209.498 Y220.985 E104.01279
G1 X208.699 Y220.749 E104.03352
G1 X208.382 Y220.436 E104.0446
G1 X207.668 Y220.226 E104.06312
G1 X207.507 Y220.243 E104.06715
G1 X207.421 Y220.332 E104.07023
G1 X207.348 Y220.574 E104.07652
G1 X206.878 Y221.044 E104.09306
G1 X206.234 Y221.225 E104.1097
G1 X205.623 Y221.045 E104.12555
G1 X205.119 Y220.541 E104.14329
G1 X204.939 Y219.933 E104.15907
G1 X205.124 Y219.312 E104.17519
G1 X205.249 Y219.166 E104.17997
G1 X205.282 Y219.059 E104.18276
G1 X205.717 Y218.603 E104.19844
G1 F2700 E103.69844
G0 F15000 X205.386 Y213.773
G1 F2700 E104.19844
G1 F2665.5 X205.027 Y213.669 E104.20774
G1 X204.723 Y213.365 E104.21844
G1 X204.615 Y212.999 E104.22793
G1 X204.72 Y212.637 E104.23731
G1 X205.005 Y212.339 E104.24757
G1 X205.388 Y212.231 E104.25747
G1 X205.771 Y212.339 E104.26738
G1 X206.052 Y212.633 E104.2775
G1 X206.161 Y213.006 E104.28717
G1 X206.056 Y213.382 E104.29688
G1 X205.77 Y213.668 E104.30694
G1 X205.386 Y213.773 E104.31685
G1 F2700 E103.81685
G0 F15000 X207.558 Y213.152
G1 F2700 E104.31685
G1 F2665.5 X207.515 Y213.001 E104.32076
G1 X207.596 Y212.591 E104.33115
G1 X207.307 Y212.223 E104.3428
G1 X206.752 Y211.659 E104.36249
G1 X206.708 Y211.537 E104.36571
G1 X206.55 Y211.431 E104.37045
G1 X206.142 Y211.529 E104.38089
G1 X205.719 Y211.405 E104.39186
G1 X205.319 Y211.005 E104.40593
G1 X205.148 Y210.421 E104.42107
G1 X205.292 Y209.937 E104.43364
G1 X205.673 Y209.535 E104.44742
G1 X206.185 Y209.391 E104.46066
G1 X206.701 Y209.535 E104.47399
G1 X206.843 Y209.68 E104.47904
G1 X206.997 Y209.725 E104.48303
G1 X207.103 Y209.684 E104.48586
G1 X207.365 Y209.415 E104.4952
G1 X208.204 Y209.179 E104.51689
G1 X209.044 Y209.415 E104.5386
G1 X209.302 Y209.656 E104.54738
G1 X209.987 Y209.851 E104.5651
G1 X210.508 Y210.396 E104.58386
G1 X210.701 Y211.073 E104.60138
G1 X210.504 Y211.782 E104.61969
G1 X210 Y212.289 E104.63748
G1 X209.916 Y212.582 E104.64506
G1 X209.586 Y212.912 E104.65668
G1 X209.086 Y213.067 E104.6697
G1 X209.013 Y213.166 E104.67276
G1 X208.952 Y213.383 E104.67837
G1 X208.67 Y213.668 E104.68835
G1 X208.286 Y213.773 E104.69825
G1 X207.926 Y213.669 E104.70758
G1 X207.619 Y213.365 E104.71833
G1 X207.558 Y213.152 E104.72384
G1 F2700 E104.22384
G0 F15000 X223.229 Y209.451
G1 F2700 E104.72384
G1 F1891 X223.095 Y209.624 E104.73152
G1 X222.829 Y209.703 E104.74125
G1 X222.719 Y209.616 E104.74617
G1 F1884.7 X222.685 Y208.984 E104.76844
G1 F1881.5 X222.739 Y208.773 E104.77612
G1 X222.858 Y208.626 E104.78279
G1 X222.986 Y208.587 E104.7875
G1 X223.114 Y208.626 E104.79222
G1 X223.233 Y208.773 E104.79889
G1 F1884.7 X223.292 Y209.175 E104.81318
G1 F1891 X223.229 Y209.451 E104.82311
G1 F2700 E104.32311
G0 F15000 X224.646 Y209.653
G0 X225.173 Y209.899
G0 X226.591 Y212.622
G1 F2700 E104.82311
G1 F2665.5 X227.647 Y211.524 E104.86102
G1 X229.253 Y211.086 E104.90244
G1 X230.697 Y211.476 E104.93966
G1 X231.749 Y212.565 E104.97733
G1 X232.149 Y213.921 E105.01251
G1 X231.737 Y215.336 E105.04918
G1 X230.675 Y216.379 E105.08622
G1 X229.077 Y216.818 E105.12746
G1 X227.685 Y216.424 E105.16346
G1 X226.571 Y215.336 E105.2022
G1 X226.18 Y213.99 E105.23708
G1 X226.591 Y212.622 E105.27262
G1 F2700 E104.77262
G0 F15000 X225.664 Y219.059
G0 X225.453 Y219.753
G0 X224.834 Y220.313
G0 X222.643 Y220.563
G1 F2700 E105.27262
G1 F2510.1 X222.612 Y220.455 E105.27559
G1 X222.644 Y220.342 E105.27869
G1 X222.732 Y220.251 E105.28204
G1 X222.821 Y220.226 E105.28448
G1 X222.973 Y220.257 E105.28858
G1 X223.057 Y220.344 E105.29178
G1 X223.09 Y220.456 E105.29486
G1 X223.057 Y220.572 E105.29805
G1 X222.966 Y220.664 E105.30147
G1 X222.851 Y220.696 E105.30462
G1 X222.746 Y220.665 E105.30751
G1 X222.643 Y220.563 E105.31134
G1 F2700 E104.81134
;MESH:axis.stl
G0 F15000 X223.044 Y219.239
G0 X223.575 Y216.928
;TYPE:FILL
G1 F2700 E105.31134
G1 F2665.5 X223.73 Y217.083 E105.31777
G1 X223.575 Y217.083 E105.32231
G1 X223.579 Y213.067 E105.44002
G1 X223.722 Y212.924 E105.44595
G1 X223.908 Y212.924 E105.4514
G1 X224.013 Y212.924
G0 F15000 X223.42 Y215
G0 X223.13 Y215
M204 S1250
;TYPE:WALL-INNER
G1 F2665.5 X223.13 Y218.867 E105.55269
G1 X223.184 Y219.046 E105.55759
G1 X224.313 Y219.045 E105.58716
G1 X224.37 Y218.864 E105.59213
G1 X224.37 Y217.739 E105.62159
G1 X224.343 Y216.825 E105.64554
G1 X224.298 Y215.985 E105.66758
G1 X224.278 Y214.994 E105.69354
G1 X224.299 Y213.999 E105.71961
G1 X224.342 Y213.155 E105.74174
G1 X224.37 Y212.253 E105.76538
G1 X224.37 Y211.139 E105.79456
G1 X224.31 Y210.946 E105.79985
G1 X223.188 Y210.946 E105.82924
G1 X223.13 Y211.137 E105.83447
G1 X223.13 Y215 E105.93565
M204 S2500
G0 F15000 X222.71 Y215
M204 S1250
;TYPE:WALL-OUTER
G1 F2665.5 X222.71 Y218.929 E106.03856
G1 X222.834 Y219.339 E106.04978
G1 X222.97 Y219.466 E106.05465
G1 X224.528 Y219.466 E106.09546
G1 X224.662 Y219.337 E106.10033
G1 X224.79 Y218.928 E106.11155
G1 X224.79 Y217.739 E106.1427
G1 X224.762 Y216.803 E106.16722
G1 X224.718 Y215.977 E106.18889
G1 X224.698 Y215.003 E106.21441
G1 X224.718 Y214.021 E106.24013
G1 X224.762 Y213.168 E106.2625
G1 X224.79 Y212.253 E106.28648
G1 X224.79 Y211.076 E106.31731
G1 X224.663 Y210.665 E106.32858
G1 X224.448 Y210.526 E106.33528
G1 X223.044 Y210.526 E106.37206
G1 X222.886 Y210.601 E106.37664
G1 X222.71 Y211.075 E106.38988
G1 X222.71 Y215 E106.49269
M204 S2500
G0 F15000 X222.71 Y215.2
G0 X223.42 Y215.2
G0 X223.535 Y212.493
;TYPE:SKIN
G1 F2603.5 X223.534 Y211.346 E106.52344
G1 F2609.5 X223.962 Y211.346 E106.5349
G1 F2603.5 X223.964 Y212.493 E106.56565
G1 X223.535 Y212.493 E106.57716
G0 F15000 X223.531 Y217.511
G1 F2597.4 X223.964 Y217.511 E106.5888
G1 F2603.5 X223.961 Y218.637 E106.61899
G1 X223.532 Y218.639 E106.63049
G1 X223.531 Y217.511 E106.66074
G0 F15000 X223.74 Y217.511
G1 F2700 E106.16074
;MESH:NONMESH
G0 F600 X223.74 Y217.511 Z1.8
G0 F15000 X222.939 Y211.111
G0 X221.835 Y211.111
G0 X199.517 Y210.799
;TIME_ELAPSED:155.771455
;LAYER:11
;note -- min layer time used
;TYPE:SUPPORT
G1 F2700 E106.66074
G1 F2749.4 X200.972 Y210.391 E106.69834
G1 X202.427 Y210.799 E106.73594
G1 X203.484 Y211.916 E106.77421
G1 X203.889 Y213.306 E106.81024
G1 X203.48 Y214.762 E106.84787
G1 X202.426 Y215.816 E106.88496
G1 X200.97 Y216.225 E106.92259
G1 X199.583 Y215.817 E106.95856
G1 X198.463 Y214.697 E106.99798
G1 X198.051 Y213.307 E107.03405
G1 X198.46 Y211.916 E107.07013
G1 X199.517 Y210.799 E107.10839
G1 F2700 E106.60839
G0 F15000 X205.07 Y216.451
G1 F2700 E107.10839
G1 F2749.4 X205.388 Y216.359 E107.11663
G1 X205.707 Y216.451 E107.12489
G1 X205.943 Y216.696 E107.13336
G1 X206.03 Y217.002 E107.14127
G1 X205.943 Y217.319 E107.14945
G1 X205.706 Y217.556 E107.15779
G1 X205.386 Y217.645 E107.16606
G1 X205.087 Y217.557 E107.17381
G1 X204.831 Y217.301 E107.18282
G1 X204.743 Y217.001 E107.1906
G1 X204.832 Y216.704 E107.19831
G1 X205.07 Y216.451 E107.20696
G1 F2700 E106.70696
G0 F15000 X221.617 Y215.755
G1 F2700 E107.20696
G1 F2478 X221.627 Y215.717 E107.20804
G0 F15000 X221.504 Y215.255
G1 F2679.2 X221.537 Y215.144 E107.211
G1 X221.751 Y214.876 E107.21976
G1 X221.945 Y215.115 E107.22762
G1 X221.945 Y215.402 E107.23494
G1 F2566.1 X221.627 Y215.717 E107.24688
G1 X221.504 Y215.255 E107.25962
G1 F2700 E106.75962
G0 F15000 X212.443 Y213.013
G1 F2700 E107.25962
G1 F2749.4 X212.355 Y212.715 E107.26735
G1 X212.396 Y212.443 E107.2742
G1 X212.228 Y212.238 E107.28079
G1 X212.103 Y211.811 E107.29187
G1 X212.203 Y211.464 E107.30085
G1 X212.144 Y211.075 E107.31064
G1 X212.324 Y210.452 E107.32678
G1 X212.793 Y209.959 E107.34371
G1 X213.441 Y209.778 E107.36045
G1 X213.909 Y209.906 E107.37252
G1 X214.049 Y209.902 E107.37601
G1 X214.461 Y209.486 E107.39058
G1 X215.237 Y209.29 E107.41049
G1 X216.215 Y209.557 E107.43572
G1 X216.631 Y209.949 E107.44994
G1 X216.743 Y209.965 E107.45276
G1 X217.369 Y209.792 E107.46892
G1 X217.474 Y209.718 E107.47211
G1 X217.749 Y208.86 E107.49453
G1 X218.331 Y208.267 E107.51521
G1 X218.474 Y208.173 E107.51946
G1 X219.254 Y207.938 E107.53973
G1 X219.988 Y208.118 E107.55854
G1 X220.063 Y208.177 E107.56091
G1 X220.765 Y208.401 E107.57925
G1 X221.463 Y209.124 E107.60426
G1 X221.743 Y209.964 E107.62629
G1 X221.611 Y210.715 E107.64526
G1 X221.616 Y211.341 E107.66084
G1 X221.755 Y211.76 E107.67182
G1 X221.643 Y212.136 E107.68158
G1 X221.433 Y212.337 E107.68882
G1 X221.404 Y212.413 E107.69084
G1 X221.452 Y212.585 E107.69529
G1 X221.61 Y212.724 E107.70052
G1 X221.61 Y213.338 E107.7158
G1 X221.822 Y213.567 E107.72356
G1 F2756 X221.899 Y213.749 E107.72847
G1 X221.85 Y214.079 E107.73675
G1 F2698 X221.937 Y214.21 E107.74074
G1 F2636.4 X221.937 Y214.493 E107.74808
G1 X221.785 Y214.644 E107.75364
G1 X221.753 Y214.732 E107.75607
G1 X221.723 Y214.644 E107.75849
G1 X221.538 Y214.456 E107.76533
G1 F2698 X221.383 Y214.108 E107.77499
G1 F2749.4 X220.909 Y213.944 E107.78747
G1 X220.706 Y213.768 E107.79415
G1 X220.635 Y213.601 E107.79867
G1 X220.506 Y213.518 E107.80249
G1 X220.315 Y213.54 E107.80727
G1 X219.769 Y213.393 E107.82134
G1 X219.524 Y213.185 E107.82934
G1 X219.429 Y212.952 E107.8356
G1 X219.065 Y212.634 E107.84763
G1 X218.966 Y212.34 E107.85535
G1 X218.944 Y212.134 E107.8605
G1 X218.618 Y211.921 E107.87019
G1 X218.438 Y211.94 E107.87469
G1 X218.074 Y212.299 E107.88741
G1 X217.765 Y212.386 E107.8954
G1 X217.654 Y212.518 E107.89969
G1 X217.674 Y212.711 E107.90452
G1 X217.588 Y213.031 E107.91277
G1 X217.35 Y213.268 E107.92112
G1 X217.03 Y213.357 E107.92939
G1 X216.735 Y213.269 E107.93705
G1 X216.479 Y213.013 E107.94606
G1 X216.378 Y212.703 E107.95417
G1 X216.175 Y212.493 E107.96144
G1 X216.108 Y212.303 E107.96645
G1 X215.921 Y212.131 E107.97277
G1 X215.81 Y212.115 E107.97556
G1 X215.467 Y212.199 E107.98435
G1 X214.932 Y212.07 E107.99804
G1 X214.748 Y212.152 E108.00306
G1 X214.635 Y212.514 E108.01249
G1 X214.255 Y212.892 E108.02583
G1 X213.743 Y213.033 E108.03904
G1 X213.588 Y213.03 E108.0429
G1 X213.319 Y213.268 E108.05184
G1 X212.998 Y213.357 E108.06013
G1 X212.699 Y213.269 E108.06788
G1 X212.443 Y213.013 E108.07689
G1 F2700 E107.57689
G0 F15000 X205.781 Y218.715
G1 F2700 E108.07689
G1 F2749.4 X206.165 Y218.607 E108.08682
G1 X206.755 Y218.771 E108.10206
G1 X206.876 Y218.769 E108.10507
G1 X206.997 Y218.669 E108.10897
G1 X207.099 Y218.334 E108.11769
G1 X207.284 Y218.096 E108.12519
G1 X207.415 Y217.552 E108.13911
G1 X207.758 Y217.182 E108.15166
G1 X207.824 Y216.976 E108.15705
G1 X208.061 Y216.727 E108.1656
G1 X208.379 Y216.639 E108.17381
G1 X208.695 Y216.727 E108.18197
G1 X208.932 Y216.976 E108.19053
G1 X209.078 Y217.415 E108.20204
G1 X209.277 Y217.615 E108.20906
G1 X209.759 Y217.759 E108.22158
G1 X209.843 Y217.836 E108.22441
G1 X210.275 Y217.967 E108.23564
G1 X210.565 Y218.25 E108.24573
G1 X210.659 Y218.276 E108.24815
G1 X211.401 Y218.081 E108.26724
G1 X211.579 Y218.072 E108.27168
G1 X211.911 Y218.155 E108.28019
G1 X212.068 Y218.124 E108.28417
G1 X212.137 Y218.049 E108.28671
G1 X212.224 Y217.761 E108.2942
G1 X212.392 Y217.556 E108.30079
G1 X212.355 Y217.294 E108.30738
G1 X212.444 Y216.988 E108.31531
G1 X212.681 Y216.739 E108.32386
G1 X213.001 Y216.647 E108.33214
G1 X213.319 Y216.739 E108.34038
G1 X213.576 Y216.974 E108.34905
G1 X213.745 Y216.967 E108.35326
G1 X214.255 Y217.115 E108.36647
G1 X214.636 Y217.513 E108.38018
G1 X214.738 Y217.852 E108.38899
G1 X214.864 Y217.96 E108.39312
G1 X215.424 Y218.104 E108.4075
G1 X215.589 Y218.078 E108.41166
G1 X215.689 Y217.982 E108.41511
G1 X215.845 Y217.935 E108.41916
G1 X216.354 Y217.392 E108.43768
G1 X216.408 Y217.281 E108.44075
G1 X216.356 Y217.031 E108.44711
G1 X216.444 Y216.732 E108.45486
G1 X216.681 Y216.483 E108.46342
G1 X216.999 Y216.391 E108.47165
G1 X217.315 Y216.483 E108.47984
G1 X217.556 Y216.733 E108.48848
G1 X217.641 Y217.03 E108.49617
G1 X217.56 Y217.327 E108.50383
G1 X217.595 Y217.481 E108.50776
G1 X217.812 Y217.683 E108.51514
G1 X218.075 Y217.762 E108.52197
G1 X218.356 Y218.052 E108.53202
G1 X218.512 Y218.093 E108.53603
G1 X218.611 Y218.052 E108.5387
G1 X218.943 Y217.723 E108.55033
G1 X219.104 Y217.647 E108.55476
G1 X219.448 Y217.25 E108.56783
G1 X219.476 Y217.104 E108.57153
G1 X219.45 Y217.018 E108.57377
G1 X219.53 Y216.784 E108.57992
G1 X219.75 Y216.587 E108.58727
G1 X220.526 Y216.426 E108.60699
G1 X220.617 Y216.318 E108.6105
G1 X220.688 Y216.122 E108.61569
G1 X220.855 Y215.973 E108.62126
G1 F2704.3 X221.523 Y215.861 E108.63839
G1 F2571.8 X221.617 Y215.755 E108.64216
G1 F2532.3 X221.632 Y215.877 E108.64548
G1 F2660.7 X221.855 Y216.087 E108.65336
G1 F2749.4 X221.894 Y216.285 E108.65838
G1 X221.836 Y216.435 E108.66238
G1 X221.61 Y216.66 E108.67032
G1 X221.606 Y217.286 E108.68589
G1 X221.434 Y217.436 E108.69157
G1 X221.383 Y217.552 E108.69472
G1 X221.399 Y217.661 E108.69747
G1 X221.566 Y217.85 E108.70374
G1 X221.571 Y218.356 E108.71633
G1 X221.61 Y218.425 E108.7183
G1 X221.612 Y219.301 E108.7401
G1 X221.737 Y220.202 E108.76274
G1 X221.679 Y220.395 E108.76775
G1 X221.721 Y220.619 E108.77342
G1 X221.539 Y221.225 E108.78917
G1 X221.545 Y221.277 E108.79047
G1 X221.26 Y222.283 E108.81649
G1 X220.699 Y222.861 E108.83653
G1 X219.925 Y223.089 E108.85661
G1 X219.181 Y222.87 E108.8759
G1 X218.594 Y222.265 E108.89688
G1 X218.466 Y222.112 E108.90184
G1 X217.698 Y221.881 E108.9218
G1 X217.016 Y221.225 E108.94534
G1 X216.852 Y220.715 E108.95867
G1 X216.78 Y220.612 E108.9618
G1 X216.691 Y220.573 E108.96422
G1 X216.403 Y220.629 E108.97152
G1 X215.856 Y220.482 E108.98561
G1 X215.762 Y220.51 E108.98805
G1 X215.45 Y220.795 E108.99857
G1 X214.474 Y221.061 E109.02374
G1 X213.614 Y220.827 E109.04592
G1 X213.015 Y220.264 E109.06637
G1 X212.803 Y220.278 E109.07166
G1 X212.334 Y220.718 E109.08766
G1 X211.445 Y220.958 E109.11057
G1 X210.638 Y220.735 E109.13141
G1 X210.531 Y220.639 E109.13498
G1 X210.411 Y220.599 E109.13813
G1 X209.498 Y220.853 E109.16171
G1 X208.76 Y220.637 E109.18085
G1 X208.422 Y220.3 E109.19272
G1 X208.25 Y220.268 E109.19708
G1 X207.58 Y220.07 E109.21446
G1 X207.456 Y220.071 E109.21754
G1 X207.337 Y220.169 E109.22138
G1 X207.236 Y220.506 E109.23013
G1 X206.81 Y220.932 E109.24513
G1 X206.234 Y221.093 E109.26001
G1 X205.687 Y220.933 E109.27419
G1 X205.231 Y220.481 E109.29016
G1 X205.071 Y219.929 E109.30447
G1 X205.236 Y219.374 E109.31887
G1 X205.362 Y219.223 E109.32377
G1 X205.394 Y219.119 E109.32647
G1 X205.781 Y218.715 E109.34039
G1 F2700 E108.84039
G0 F15000 X205.386 Y213.645
G1 F2700 E109.34039
G1 F2749.4 X205.091 Y213.557 E109.34805
G1 X204.835 Y213.3 E109.35708
G1 X204.744 Y212.999 E109.36491
G1 X204.832 Y212.705 E109.37254
G1 X205.074 Y212.451 E109.38127
G1 X205.389 Y212.359 E109.38944
G1 X205.707 Y212.451 E109.39767
G1 X205.943 Y212.696 E109.40614
G1 X206.03 Y213.002 E109.41405
G1 X205.943 Y213.319 E109.42223
G1 X205.706 Y213.556 E109.43057
G1 X205.386 Y213.645 E109.43884
G1 F2700 E108.93884
G0 F15000 X207.643 Y213.001
G1 F2700 E109.43884
G1 F2749.4 X207.738 Y212.68 E109.44717
G1 X207.734 Y212.55 E109.4504
G1 X207.42 Y212.161 E109.46284
G1 X206.866 Y211.596 E109.48253
G1 X206.805 Y211.4 E109.48764
G1 X206.672 Y211.282 E109.49206
G1 X206.141 Y211.397 E109.50558
G1 X205.779 Y211.293 E109.51496
G1 X205.435 Y210.945 E109.52713
G1 X205.279 Y210.423 E109.54069
G1 X205.404 Y209.996 E109.55176
G1 X205.737 Y209.647 E109.56376
G1 X206.184 Y209.523 E109.5753
G1 X206.632 Y209.647 E109.58687
G1 X206.916 Y209.902 E109.59637
G1 X207.024 Y209.905 E109.59906
G1 X207.121 Y209.853 E109.6018
G1 X207.433 Y209.527 E109.61302
G1 X208.205 Y209.307 E109.633
G1 X208.979 Y209.527 E109.65302
G1 X209.233 Y209.765 E109.66168
G1 X209.927 Y209.963 E109.67964
G1 X210.392 Y210.456 E109.6965
G1 X210.573 Y211.07 E109.71243
G1 X210.392 Y211.718 E109.72917
G1 X209.894 Y212.223 E109.74682
G1 X209.804 Y212.518 E109.75449
G1 X209.518 Y212.8 E109.76449
G1 X208.992 Y212.959 E109.77816
G1 X208.914 Y213.061 E109.78136
G1 X208.84 Y213.322 E109.78811
G1 X208.606 Y213.556 E109.79634
G1 X208.286 Y213.645 E109.80461
G1 X207.987 Y213.557 E109.81236
G1 X207.731 Y213.301 E109.82137
G1 X207.643 Y213.001 E109.82915
G1 F2700 E109.32915
G0 F15000 X223.201 Y209.255
G1 F2700 E109.82915
G1 F2698 X223.233 Y209.367 E109.8321
G1 X223.2 Y209.488 E109.83528
G1 X223.127 Y209.561 E109.8379
G1 X222.849 Y209.562 E109.84495
G1 X222.767 Y209.479 E109.84791
G1 X222.735 Y209.372 E109.85074
G1 X222.771 Y209.251 E109.85394
G1 X222.859 Y209.158 E109.85719
G1 X222.984 Y209.123 E109.86048
G1 X223.109 Y209.158 E109.86377
G1 X223.201 Y209.255 E109.86716
G1 F2700 E109.36716
G0 F15000 X224.794 Y209.474
G0 X225.239 Y209.776
G0 X226.588 Y212.503
G1 F2700 E109.86716
G1 F2749.4 X227.512 Y211.54 E109.90037
G1 X229.069 Y211.11 E109.94056
G1 X230.545 Y211.508 E109.9786
G1 X231.596 Y212.597 E110.01626
G1 X231.993 Y213.957 E110.05151
G1 X231.581 Y215.372 E110.08818
G1 X230.523 Y216.412 E110.1251
G1 X228.982 Y216.837 E110.16487
G1 X227.57 Y216.432 E110.20142
G1 X226.47 Y215.348 E110.23985
G1 X226.068 Y213.988 E110.27514
G1 X226.471 Y212.625 E110.31051
G1 X226.588 Y212.503 E110.31471
G1 F2700 E109.81471
;MESH:axis.stl
G0 F15000 X224.545 Y212.438
G0 X223.891 Y212.754
G0 X223.829 Y213.672
;TYPE:FILL
G1 F2700 E110.31471
G1 F2749.4 X223.789 Y214.492 E110.33878
G1 X223.79 Y215.543 E110.36958
G1 X223.895 Y217.249 E110.41968
G1 X223.575 Y216.928 E110.43297
G1 X223.575 Y212.604 E110.5597
G1 X223.575 Y213.07 E110.57336
G1 X223.891 Y212.754 E110.58646
G1 X223.829 Y213.672 E110.61343
G0 F15000 X223.42 Y215
G0 X223.13 Y215
M204 S1250
;TYPE:WALL-INNER
G1 F2749.4 X223.13 Y219.119 E110.72132
G1 X223.169 Y219.242 E110.7247
G1 X224.327 Y219.241 E110.75503
G1 X224.37 Y219.114 E110.75854
G1 X224.37 Y218.054 E110.7863
G1 X224.343 Y217.272 E110.8068
G1 X224.235 Y215.523 E110.85269
G1 X224.234 Y214.509 E110.87925
G1 X224.275 Y213.685 E110.90086
G1 X224.342 Y212.693 E110.9269
G1 X224.37 Y211.937 E110.94672
G1 X224.37 Y210.89 E110.97414
G1 X224.331 Y210.766 E110.97755
G1 X223.165 Y210.766 E111.00809
G1 X223.13 Y210.886 E111.01136
G1 X223.13 Y215 E111.11912
M204 S2500
G0 F15000 X222.71 Y215
M204 S1250
;TYPE:WALL-OUTER
G1 F2749.4 X222.71 Y219.167 E111.22826
G1 X222.761 Y219.382 E111.23405
G1 X222.895 Y219.598 E111.24071
G1 X223.022 Y219.662 E111.24443
G1 X224.454 Y219.662 E111.28194
G1 X224.603 Y219.594 E111.28623
G1 X224.736 Y219.38 E111.29283
G1 X224.79 Y219.166 E111.29861
G1 X224.79 Y218.018 E111.32868
G1 X224.762 Y217.247 E111.34889
G1 X224.654 Y215.484 E111.39515
G1 X224.654 Y214.529 E111.42016
G1 X224.694 Y213.713 E111.44156
G1 X224.762 Y212.724 E111.46753
G1 X224.79 Y211.937 E111.48815
G1 X224.79 Y210.838 E111.51694
G1 X224.736 Y210.623 E111.52275
G1 X224.526 Y210.346 E111.53185
G1 X222.971 Y210.346 E111.57258
G1 X222.903 Y210.391 E111.57471
G1 X222.761 Y210.622 E111.58182
G1 X222.71 Y210.837 E111.5876
G1 X222.71 Y215 E111.69664
M204 S2500
G0 F15000 X222.71 Y215.2
G0 X223.42 Y215.2
G0 X223.532 Y212.172
;TYPE:SKIN
G1 F2673 X223.532 Y211.168 E111.72369
G1 X223.964 Y211.168 E111.73533
G1 X223.964 Y212.172 E111.76238
G1 X223.532 Y212.172 E111.77402
G0 F15000 X223.532 Y217.828
G1 F2673 X223.964 Y217.828 E111.78566
G1 X223.964 Y218.836 E111.81281
G1 X223.532 Y218.836 E111.82445
G1 X223.532 Y217.828 E111.85161
G0 F15000 X223.74 Y217.828
G1 F2700 E111.35161
;MESH:NONMESH
G0 F600 X223.74 Y217.828 Z1.95
G0 F15000 X222.939 Y210.868
G0 X221.835 Y210.868
G0 X199.525 Y210.815
;TIME_ELAPSED:164.853424
;LAYER:12
;note -- min layer time used
;TYPE:SUPPORT
G1 F2700 E111.85161
G1 F2585.5 X200.973 Y210.411 E111.88901
G1 X202.423 Y210.815 E111.92647
G1 X203.464 Y211.92 E111.96424
G1 X203.873 Y213.306 E112.0002
G1 X203.464 Y214.75 E112.03754
G1 X202.418 Y215.8 E112.07442
G1 X200.97 Y216.205 E112.11184
G1 X199.591 Y215.801 E112.14759
G1 X198.479 Y214.689 E112.18672
G1 X198.071 Y213.307 E112.22258
G1 X198.48 Y211.92 E112.25856
G1 X199.525 Y210.815 E112.2964
G1 F2700 E111.7964
G0 F15000 X205.133 Y216.563
G1 F2700 E112.2964
G1 F2585.5 X205.387 Y216.491 E112.30297
G1 X205.639 Y216.563 E112.30949
G1 X205.828 Y216.76 E112.31629
G1 X205.897 Y217.006 E112.32264
G1 X205.831 Y217.254 E112.32903
G1 X205.639 Y217.444 E112.33575
G1 X205.386 Y217.513 E112.34228
G1 X205.151 Y217.445 E112.34836
G1 X204.943 Y217.237 E112.35568
G1 X204.875 Y217 E112.36182
G1 X204.944 Y216.76 E112.36803
G1 X205.133 Y216.563 E112.37482
G1 F2700 E111.87482
G0 F15000 X205.847 Y218.823
G1 F2700 E112.37482
G1 F2585.5 X206.163 Y218.735 E112.38299
G1 X206.485 Y218.827 E112.39132
G1 X206.769 Y219.094 E112.40102
G1 X206.922 Y219.099 E112.40483
G1 X207.048 Y218.977 E112.40919
G1 X207.215 Y218.403 E112.42407
G1 X207.396 Y218.173 E112.43135
G1 X207.523 Y217.616 E112.44556
G1 X207.87 Y217.258 E112.45797
G1 X207.936 Y217.039 E112.46366
G1 X208.126 Y216.839 E112.47053
G1 X208.379 Y216.767 E112.47707
G1 X208.631 Y216.839 E112.48359
G1 X208.816 Y217.032 E112.49024
G1 X208.925 Y217.433 E112.50058
G1 X209.182 Y217.718 E112.51013
G1 X209.695 Y217.871 E112.52345
G1 X209.801 Y217.96 E112.5269
G1 X210.207 Y218.079 E112.53743
G1 X210.496 Y218.383 E112.54786
G1 X210.657 Y218.45 E112.5522
G1 X211.672 Y218.184 E112.57831
G1 X212.036 Y218.254 E112.58753
G1 X212.157 Y218.226 E112.59062
G1 X212.231 Y218.155 E112.59318
G1 X212.336 Y217.828 E112.60172
G1 X212.53 Y217.597 E112.60923
G1 X212.541 Y217.497 E112.61173
G1 X212.483 Y217.293 E112.61701
G1 X212.555 Y217.049 E112.62334
G1 X212.745 Y216.851 E112.63017
G1 X213 Y216.779 E112.63676
G1 X213.255 Y216.851 E112.64335
G1 X213.54 Y217.115 E112.65302
G1 X213.738 Y217.099 E112.65796
G1 X214.192 Y217.227 E112.6697
G1 X214.524 Y217.572 E112.68161
G1 X214.666 Y218.056 E112.69416
G1 X214.765 Y218.148 E112.69753
G1 X215.183 Y218.261 E112.7083
G1 X215.292 Y218.357 E112.71192
G1 X215.389 Y218.382 E112.71441
G1 X215.501 Y218.352 E112.71729
G1 X215.754 Y218.094 E112.72628
G1 X215.919 Y218.032 E112.73067
G1 X216.539 Y217.412 E112.75249
G1 X216.557 Y217.275 E112.75593
G1 X216.487 Y217.034 E112.76217
G1 X216.556 Y216.792 E112.76843
G1 X216.745 Y216.595 E112.77523
G1 X216.999 Y216.523 E112.78179
G1 X217.255 Y216.595 E112.78841
G1 X217.44 Y216.792 E112.79514
G1 X217.513 Y217.035 E112.80145
G1 X217.424 Y217.359 E112.80981
G1 X217.464 Y217.519 E112.81391
G1 X217.721 Y217.782 E112.82306
G1 X218.007 Y217.871 E112.83052
G1 X218.49 Y218.378 E112.84794
G1 X218.702 Y218.379 E112.85322
G1 X218.793 Y218.284 E112.85649
G1 X218.881 Y218.05 E112.86271
G1 X219.188 Y217.75 E112.87339
G1 X219.431 Y217.605 E112.88043
G1 X219.505 Y217.433 E112.88509
G1 X219.766 Y217.165 E112.8944
G1 X219.873 Y216.832 E112.9031
G1 X220.053 Y216.669 E112.90915
G1 X220.563 Y216.528 E112.92231
G1 X221.076 Y216.6 E112.9352
G1 F2728.5 X221.193 Y216.481 E112.93914
G1 F2642.2 X221.328 Y216.142 E112.94802
G1 F2434.8 X221.416 Y216.05 E112.95139
G1 F2429.4 X221.535 Y216.016 E112.95466
G1 X221.655 Y216.05 E112.95797
G1 X221.745 Y216.143 E112.96139
G1 X221.775 Y216.251 E112.96436
G1 X221.746 Y216.362 E112.9674
G1 F2537.2 X221.589 Y216.519 E112.97303
G1 F2661.6 X221.528 Y216.746 E112.97871
G1 F2623 X221.619 Y217.013 E112.98563
G1 F2585.5 X221.569 Y217.194 E112.9903
G1 X221.343 Y217.414 E112.99815
G1 X221.31 Y217.545 E113.00151
G1 X221.347 Y217.649 E113.00426
G1 X221.558 Y217.873 E113.01192
G1 X221.565 Y218.275 E113.02192
G1 X221.61 Y218.353 E113.02416
G1 X221.611 Y219.531 E113.05347
G1 X221.702 Y219.982 E113.06492
G1 X221.765 Y220.482 E113.07746
G1 X221.534 Y221.224 E113.0968
G1 X221.433 Y221.344 E113.1007
G1 X221.236 Y222.003 E113.11782
G1 X220.661 Y222.603 E113.13849
G1 X219.941 Y222.828 E113.15726
G1 X219.261 Y222.633 E113.17487
G1 X218.608 Y221.954 E113.19831
G1 X218.447 Y221.95 E113.20231
G1 X217.553 Y221.681 E113.22554
G1 X216.924 Y221.076 E113.24726
G1 X216.738 Y220.544 E113.26128
G1 X216.556 Y220.458 E113.26629
G1 X216.401 Y220.497 E113.27027
G1 X215.752 Y220.306 E113.2871
G1 X215.601 Y220.305 E113.29086
G1 X215.17 Y220.706 E113.30551
G1 X214.382 Y220.919 E113.32582
G1 X214.211 Y220.928 E113.33008
G1 X213.462 Y220.723 E113.3494
G1 X213.016 Y220.305 E113.36461
G1 X212.833 Y220.312 E113.36917
G1 X212.507 Y220.602 E113.38003
G1 X211.772 Y220.791 E113.39891
G1 X211.587 Y220.8 E113.40352
G1 X210.905 Y220.618 E113.42108
G1 X210.644 Y220.374 E113.42997
G1 X210.532 Y220.32 E113.43307
G1 X210.368 Y220.364 E113.43729
G1 X210.206 Y220.524 E113.44296
G1 X209.498 Y220.725 E113.46127
G1 X208.822 Y220.525 E113.47881
G1 X208.5 Y220.222 E113.48982
G1 X207.505 Y219.919 E113.5157
G1 X207.331 Y219.942 E113.52006
G1 X207.241 Y220.065 E113.52386
G1 X207.123 Y220.504 E113.53517
G1 X206.752 Y220.885 E113.5484
G1 X206.233 Y221.037 E113.56186
G1 X205.741 Y220.89 E113.57463
G1 X205.349 Y220.484 E113.58868
G1 X205.199 Y219.949 E113.6025
G1 X205.348 Y219.433 E113.61587
G1 X205.451 Y219.325 E113.61958
G1 X205.498 Y219.207 E113.62274
G1 X205.847 Y218.823 E113.63565
G1 F2700 E113.13565
G0 F15000 X205.386 Y213.514
G1 F2700 E113.63565
G1 F2585.5 X205.152 Y213.445 E113.64172
G1 X204.947 Y213.237 E113.64899
G1 X204.875 Y212.998 E113.6552
G1 X204.944 Y212.76 E113.66137
G1 X205.133 Y212.563 E113.66816
G1 X205.387 Y212.491 E113.67473
G1 X205.639 Y212.563 E113.68125
G1 X205.829 Y212.761 E113.68808
G1 X205.901 Y213.006 E113.69443
G1 X205.832 Y213.254 E113.70084
G1 X205.643 Y213.443 E113.70749
G1 X205.386 Y213.514 E113.71412
G1 F2700 E113.21412
G0 F15000 X206.062 Y211.245
G1 F2700 E113.71412
G1 F2585.5 X205.847 Y211.181 E113.7197
G1 X205.584 Y210.921 E113.72891
G1 X205.413 Y210.414 E113.74222
G1 X205.516 Y210.056 E113.75149
G1 X205.801 Y209.759 E113.76173
G1 X206.185 Y209.651 E113.77166
G1 X206.571 Y209.759 E113.78163
G1 X206.847 Y210.047 E113.79156
G1 X207.07 Y210.087 E113.79719
G1 X207.522 Y209.61 E113.81355
G1 X208.304 Y209.382 E113.83381
G1 X209.038 Y209.569 E113.85266
G1 X209.428 Y209.952 E113.86626
G1 X209.855 Y210.075 E113.87732
G1 X210.284 Y210.524 E113.89277
G1 X210.441 Y211.069 E113.90688
G1 X210.276 Y211.657 E113.92208
G1 X209.78 Y212.15 E113.93948
G1 X209.689 Y212.453 E113.94735
G1 X209.454 Y212.688 E113.95562
G1 X208.893 Y212.803 E113.96987
G1 X208.803 Y212.931 E113.97377
G1 X208.725 Y213.261 E113.9822
G1 X208.542 Y213.444 E113.98864
G1 X208.286 Y213.514 E113.99525
G1 X208.047 Y213.445 E114.00144
G1 X207.847 Y213.242 E114.00853
G1 X207.778 Y213.008 E114.0146
G1 X207.9 Y212.675 E114.02342
G1 X207.89 Y212.518 E114.02734
G1 X207.538 Y212.103 E114.04088
G1 X206.979 Y211.537 E114.06067
G1 X206.895 Y211.249 E114.06814
G1 X206.757 Y211.125 E114.07275
G1 X206.642 Y211.125 E114.07562
G1 X206.142 Y211.269 E114.08856
G1 X206.062 Y211.245 E114.09064
G1 F2700 E113.59064
G0 F15000 X212.231 Y211.808
G1 F2700 E114.09064
G1 F2585.5 X212.331 Y211.468 E114.09946
G1 X212.272 Y211.075 E114.10935
G1 X212.432 Y210.52 E114.12372
G1 X212.861 Y210.071 E114.13917
G1 X213.439 Y209.907 E114.15412
G1 X213.776 Y210.001 E114.16283
G1 X213.902 Y209.99 E114.16598
G1 X214.323 Y209.578 E114.18063
G1 X215.069 Y209.386 E114.1998
G1 X215.913 Y209.627 E114.22164
G1 X216.496 Y210.21 E114.24216
G1 X216.621 Y210.234 E114.24532
G1 X216.72 Y210.203 E114.2479
G1 X216.861 Y210.063 E114.25285
G1 X217.3 Y209.941 E114.26419
G1 X217.424 Y209.81 E114.26867
G1 X217.677 Y209.044 E114.28875
G1 X218.206 Y208.5 E114.30763
G1 X218.349 Y208.409 E114.31185
G1 X219.07 Y208.19 E114.3306
G1 X219.736 Y208.353 E114.34766
G1 X219.837 Y208.453 E114.35119
G1 X219.971 Y208.486 E114.35463
G1 X220.15 Y208.443 E114.35921
G1 X220.882 Y208.665 E114.37824
G1 X221.515 Y209.324 E114.40098
G1 X221.715 Y209.934 E114.41695
G1 X221.613 Y210.455 E114.43016
G1 X221.608 Y211.404 E114.45378
G1 X221.808 Y211.868 E114.46635
G1 X221.73 Y212.182 E114.4744
G1 X221.448 Y212.462 E114.48429
G1 X221.427 Y212.636 E114.48865
G1 X221.572 Y212.817 E114.49442
G1 X221.623 Y212.991 E114.49893
G1 X221.532 Y213.26 E114.506
G1 F2513.7 X221.533 Y213.427 E114.51027
G1 F2445.8 X221.739 Y213.637 E114.51801
G1 X221.769 Y213.74 E114.52083
G1 X221.734 Y213.859 E114.52409
G1 X221.643 Y213.95 E114.52748
G1 X221.527 Y213.984 E114.53066
G1 X221.422 Y213.952 E114.53355
G1 X221.317 Y213.847 E114.53745
G1 X221.227 Y213.547 E114.54569
G1 F2513.7 X221.118 Y213.417 E114.55003
G1 F2585.5 X220.973 Y213.393 E114.55369
G1 X220.553 Y213.472 E114.56432
G1 X220.082 Y213.324 E114.57661
G1 X219.878 Y213.144 E114.58338
G1 X219.799 Y212.943 E114.58875
G1 X219.422 Y212.595 E114.60152
G1 X219.329 Y212.344 E114.60818
G1 X219.393 Y212.103 E114.61438
G1 X219.585 Y211.919 E114.621
G1 X219.745 Y211.86 E114.62524
G1 X219.798 Y211.792 E114.62739
G1 X219.869 Y211.48 E114.63535
G1 X219.806 Y211.356 E114.63881
G1 X219.472 Y211.037 E114.6503
G1 X219.376 Y210.872 E114.65505
G1 X219.208 Y210.833 E114.65935
G1 X218.664 Y210.996 E114.67348
G1 X218.589 Y211.118 E114.67704
G1 X218.396 Y211.798 E114.69463
G1 X218.01 Y212.188 E114.70828
G1 X217.732 Y212.273 E114.71552
G1 X217.535 Y212.53 E114.72357
G1 X217.545 Y212.718 E114.72826
G1 X217.476 Y212.966 E114.73466
G1 X217.287 Y213.155 E114.74131
G1 X217.03 Y213.226 E114.74795
G1 X216.796 Y213.157 E114.75402
G1 X216.591 Y212.949 E114.76129
G1 X216.49 Y212.639 E114.7694
G1 X216.287 Y212.429 E114.77667
G1 X216.197 Y212.215 E114.78244
G1 X215.9 Y211.934 E114.79262
G1 X215.795 Y211.914 E114.79528
G1 X215.275 Y212.036 E114.80857
G1 X214.814 Y211.934 E114.82032
G1 X214.653 Y212.021 E114.82487
G1 X214.52 Y212.45 E114.83604
G1 X214.19 Y212.78 E114.84766
G1 X213.742 Y212.905 E114.85923
G1 X213.548 Y212.889 E114.86407
G1 X213.254 Y213.156 E114.87396
G1 X212.998 Y213.225 E114.88055
G1 X212.763 Y213.157 E114.88664
G1 X212.555 Y212.949 E114.89396
G1 X212.487 Y212.711 E114.90012
G1 X212.534 Y212.4 E114.90795
G1 X212.339 Y212.174 E114.91537
G1 X212.231 Y211.808 E114.92487
G1 F2700 E114.42487
G0 F15000 X222.707 Y209.293
G0 X224.856 Y209.294
G0 X225.426 Y209.805
G0 X225.619 Y210.368
G0 X225.956 Y213.993
G1 F2700 E114.92487
G1 F2585.5 X226.363 Y212.629 E114.96029
G1 X227.4 Y211.547 E114.99758
G1 X228.909 Y211.13 E115.03653
G1 X230.4 Y211.54 E115.07501
G1 X231.437 Y212.621 E115.11229
G1 X231.841 Y213.986 E115.14771
G1 X231.437 Y215.409 E115.18451
G1 X230.395 Y216.431 E115.22083
G1 X228.89 Y216.845 E115.25967
G1 X227.458 Y216.436 E115.29673
G1 X226.358 Y215.352 E115.33516
G1 X225.956 Y213.993 E115.37042
G1 F2700 E114.87042
;MESH:axis.stl
G0 F15000 X224.404 Y213.854
G0 X223.575 Y213.07
;TYPE:FILL
G1 F2700 E115.37042
G1 F2585.5 X223.855 Y212.79 E115.38203
G1 X223.789 Y213.542 E115.40415
G1 X223.575 Y213.525 E115.41044
G1 X223.575 Y212.324 E115.44565
G1 X223.897 Y212.324 E115.45508
G1 X224.002 Y212.324
G0 F15000 X223.791 Y216.47
G1 F2585.5 X223.575 Y216.487 E115.46144
G1 X223.575 Y217.685 E115.49655
G1 X223.899 Y217.685 E115.50605
G1 X223.857 Y217.21 E115.52002
G1 X223.575 Y216.928 E115.53171
G1 X223.501 Y216.854
G0 F15000 X223.42 Y215
G0 X223.13 Y215
M204 S1250
;TYPE:WALL-INNER
G1 F2585.5 X223.13 Y219.293 E115.64416
G1 X223.174 Y219.422 E115.64773
G1 X224.323 Y219.422 E115.67782
G1 X224.37 Y219.289 E115.68152
G1 X224.37 Y218.337 E115.70645
G1 X224.342 Y217.643 E115.72464
G1 X224.19 Y215.943 E115.76935
G1 X224.162 Y214.98 E115.79458
G1 X224.192 Y214.023 E115.81966
G1 X224.343 Y212.347 E115.86374
G1 X224.37 Y211.655 E115.88187
G1 X224.37 Y210.715 E115.9065
G1 X224.326 Y210.586 E115.91007
G1 X223.174 Y210.586 E115.94024
G1 X223.13 Y210.713 E115.94376
G1 X223.13 Y215 E116.05605
M204 S2500
G0 F15000 X222.71 Y215
M204 S1250
;TYPE:WALL-OUTER
G1 F2585.5 X222.71 Y219.361 E116.17027
G1 X222.826 Y219.705 E116.17978
G1 X222.978 Y219.842 E116.18514
G1 X224.535 Y219.842 E116.22592
G1 X224.665 Y219.717 E116.23064
G1 X224.79 Y219.36 E116.24055
G1 X224.79 Y218.337 E116.26735
G1 X224.762 Y217.63 E116.28588
G1 X224.61 Y215.931 E116.33056
G1 X224.582 Y214.993 E116.35514
G1 X224.61 Y214.061 E116.37956
G1 X224.762 Y212.374 E116.42392
G1 X224.79 Y211.655 E116.44277
G1 X224.79 Y210.644 E116.46925
G1 X224.671 Y210.301 E116.47876
G1 X224.52 Y210.166 E116.48407
G1 X222.966 Y210.166 E116.52477
G1 X222.832 Y210.288 E116.52952
G1 X222.71 Y210.643 E116.53935
G1 X222.71 Y215 E116.65347
M204 S2500
G0 F15000 X222.71 Y215.2
G0 X223.42 Y215.2
G0 X223.657 Y214.086
;TYPE:SKIN
G1 F1623.2 X223.644 Y214.962 E116.69002
G1 F1620.8 X223.657 Y215.922 E116.73013
G0 F15000 X223.532 Y218.112
G1 F2513.7 X223.964 Y218.112 E116.74177
G1 X223.964 Y219.016 E116.76613
G1 X223.532 Y219.016 E116.77777
G1 X223.532 Y218.112 E116.80212
G0 F15000 X223.532 Y211.892
G1 F2513.7 X223.532 Y210.988 E116.82647
G1 X223.964 Y210.988 E116.83811
G1 X223.964 Y211.892 E116.86247
G1 X223.532 Y211.892 E116.87411
G0 F15000 X223.74 Y211.892
G1 F2700 E116.37411
;MESH:NONMESH
G0 F600 X223.74 Y211.892 Z2.1
G0 F15000 X222.94 Y210.831
G0 X221.835 Y210.831
G0 X199.537 Y210.831
;TIME_ELAPSED:173.540553
;LAYER:13
;note -- min layer time used
;TYPE:SUPPORT
G1 F2700 E116.87411
G1 F2548.6 X200.973 Y210.427 E116.91122
G1 X202.407 Y210.831 E116.9483
G1 X203.456 Y211.932 E116.98614
G1 X203.853 Y213.306 E117.02172
G1 X203.452 Y214.742 E117.05882
G1 X202.41 Y215.784 E117.09549
G1 X200.97 Y216.189 E117.13271
G1 X199.599 Y215.785 E117.16827
G1 X198.491 Y214.681 E117.20719
G1 X198.087 Y213.308 E117.24281
G1 X198.492 Y211.932 E117.2785
G1 X199.537 Y210.831 E117.31627
G1 F2700 E116.81627
G0 F15000 X205.238 Y216.741
G1 F2700 E117.31627
G1 F1874.6 X205.387 Y216.697 E117.32152
G1 X205.535 Y216.741 E117.32675
G1 X205.653 Y216.863 E117.33249
G1 X205.692 Y216.998 E117.33724
G1 X205.649 Y217.151 E117.34262
G1 X205.535 Y217.265 E117.34807
G1 X205.387 Y217.307 E117.35328
G1 X205.251 Y217.267 E117.35807
G1 X205.122 Y217.138 E117.36424
G1 X205.082 Y217.001 E117.36907
G1 X205.122 Y216.863 E117.37393
G1 X205.238 Y216.741 E117.37963
G1 F2700 E116.87963
G0 F15000 X205.912 Y218.935
G1 F2700 E117.37963
G1 F2548.6 X206.163 Y218.866 E117.38611
G1 X206.424 Y218.94 E117.39286
G1 X206.558 Y219.065 E117.39742
G1 F2489.4 X206.82 Y219.188 E117.40479
G1 F2175.7 X207.082 Y219.233 E117.41254
G1 F1960.5 X207.176 Y219.19 E117.41588
G1 F2216.2 X207.434 Y218.306 E117.44223
G1 F2548.6 X207.574 Y218.068 E117.4491
G1 X207.571 Y217.914 E117.45294
G1 X207.641 Y217.672 E117.4592
G1 X207.949 Y217.398 E117.46946
G1 X208.047 Y217.1 E117.47727
G1 X208.192 Y216.951 E117.48244
G1 X208.378 Y216.899 E117.48725
G1 X208.571 Y216.952 E117.49223
G1 X208.708 Y217.095 E117.49715
G1 X208.78 Y217.454 E117.50627
G1 X209.081 Y217.824 E117.51813
G1 X209.627 Y217.983 E117.53228
G1 X209.731 Y218.069 E117.53564
G1 X210.147 Y218.191 E117.54643
G1 X210.635 Y218.705 E117.56406
G1 X210.749 Y218.767 E117.56729
G1 X210.898 Y218.74 E117.57106
G1 X211.163 Y218.49 E117.58013
G1 X211.827 Y218.316 E117.59721
G1 X212.218 Y218.287 E117.60696
G1 X212.346 Y218.204 E117.61076
G1 X212.452 Y217.888 E117.61905
G1 X212.667 Y217.646 E117.62711
G1 X212.686 Y217.538 E117.62984
G1 X212.616 Y217.287 E117.63632
G1 X212.668 Y217.112 E117.64086
G1 X212.81 Y216.962 E117.646
G1 X213.001 Y216.907 E117.65095
G1 X213.191 Y216.962 E117.65587
G1 X213.517 Y217.262 E117.66689
G1 X213.809 Y217.228 E117.67421
G1 X214.245 Y217.342 E117.68542
G1 X214.551 Y217.638 E117.69602
G1 X214.664 Y217.999 E117.70543
G1 X214.644 Y218.239 E117.71142
G1 X214.746 Y218.342 E117.71503
G1 X214.888 Y218.385 E117.71872
G1 X215.196 Y218.665 E117.72908
G1 X215.334 Y218.676 E117.73252
G1 X215.434 Y218.616 E117.73542
G1 X215.821 Y218.203 E117.74951
G1 X215.966 Y218.158 E117.75328
G1 X216.41 Y217.732 E117.76859
G1 F2306.9 X216.728 Y217.371 E117.78182
G1 F1974.9 X216.699 Y217.03 E117.79281
G1 F1858.4 X216.738 Y216.892 E117.7977
G1 X216.85 Y216.775 E117.80323
G1 X216.999 Y216.732 E117.80852
G1 X217.149 Y216.775 E117.81385
G1 X217.258 Y216.891 E117.81928
G1 X217.3 Y217.035 E117.8244
G1 F1974.9 X217.23 Y217.444 E117.83772
G1 F2220.8 X217.273 Y217.546 E117.84088
G1 F2449.5 X217.688 Y217.909 E117.85516
G1 F2548.6 X217.946 Y217.986 E117.86186
G1 X218.66 Y218.735 E117.8876
G1 X218.807 Y218.751 E117.89128
G1 X218.941 Y218.665 E117.89525
G1 X219.193 Y218.006 E117.9128
G1 X219.442 Y217.763 E117.92146
G1 X219.71 Y217.579 E117.92955
G1 X219.784 Y217.401 E117.93434
G1 X219.982 Y217.224 E117.94095
G1 X220.311 Y217.113 E117.94959
G1 X220.38 Y217.035 E117.95218
G1 X220.437 Y216.755 E117.95929
G1 X220.521 Y216.667 E117.96232
G1 X220.649 Y216.632 E117.96562
G1 X220.772 Y216.667 E117.96881
G1 X220.936 Y216.801 E117.97407
G1 X221.239 Y216.754 E117.9817
G1 X221.364 Y216.788 E117.98493
G1 X221.46 Y216.888 E117.98838
G1 X221.493 Y217.001 E117.99131
G1 X221.456 Y217.126 E117.99455
G1 X221.242 Y217.379 E118.0028
G1 X221.261 Y217.544 E118.00693
G1 X221.61 Y217.92 E118.01969
G1 X221.612 Y219.534 E118.05985
G1 X221.687 Y220.069 E118.0733
G1 X221.751 Y220.4 E118.08169
G1 X221.561 Y221.02 E118.09782
G1 X221.345 Y221.26 E118.10586
G1 X221.175 Y221.769 E118.11921
G1 X220.681 Y222.284 E118.13697
G1 X220.024 Y222.492 E118.15411
G1 X219.4 Y222.317 E118.17024
G1 X218.786 Y221.683 E118.1922
G1 X218.614 Y221.646 E118.19658
G1 X218.25 Y221.734 E118.2059
G1 X217.429 Y221.489 E118.22721
G1 X216.835 Y220.927 E118.24756
G1 X216.695 Y220.516 E118.25837
G1 X216.603 Y220.43 E118.2615
G1 X215.855 Y220.212 E118.28089
G1 X215.684 Y220.057 E118.28663
G1 X215.569 Y220.034 E118.28955
G1 X215.444 Y220.09 E118.29296
G1 X214.895 Y220.606 E118.3117
G1 X214.153 Y220.799 E118.33078
G1 X213.984 Y220.805 E118.33499
G1 X213.297 Y220.622 E118.35268
G1 X212.966 Y220.332 E118.36363
G1 X212.812 Y220.332 E118.36746
G1 X212.643 Y220.466 E118.37283
G1 X211.885 Y220.674 E118.39239
G1 X211.201 Y220.486 E118.41004
G1 X210.763 Y220.081 E118.42488
G1 X210.659 Y220.029 E118.42777
G1 X210.499 Y220.064 E118.43185
G1 X210.143 Y220.412 E118.44424
G1 X209.498 Y220.593 E118.46091
G1 X208.886 Y220.413 E118.47678
G1 X208.571 Y220.118 E118.48752
G1 X207.848 Y219.897 E118.50633
G1 X207.693 Y219.752 E118.51161
G1 F2216.2 X207.446 Y219.662 E118.51913
G1 F1967.7 X207.247 Y219.752 E118.52617
G1 F2230 X207.147 Y219.976 E118.53315
G1 F2548.6 X207.146 Y220.089 E118.53596
G1 X207.005 Y220.629 E118.54985
G1 X206.712 Y220.958 E118.56081
G1 X206.235 Y221.093 E118.57314
G1 X205.78 Y220.955 E118.58498
G1 X205.454 Y220.603 E118.59691
G1 X205.309 Y220.049 E118.61116
G1 X205.461 Y219.517 E118.62493
G1 X205.561 Y219.405 E118.62867
G1 X205.611 Y219.274 E118.63216
G1 X205.912 Y218.935 E118.64344
G1 F2700 E118.14344
G0 F15000 X205.388 Y213.307
G1 F2700 E118.64344
G1 F1871.4 X205.254 Y213.266 E118.64818
G1 X205.122 Y213.136 E118.65446
G1 X205.083 Y213.001 E118.65922
G1 X205.123 Y212.864 E118.66406
G1 X205.242 Y212.741 E118.66986
G1 X205.389 Y212.698 E118.67505
G1 X205.537 Y212.741 E118.68027
G1 X205.653 Y212.864 E118.686
G1 X205.694 Y212.998 E118.69075
G1 X205.649 Y213.15 E118.69612
G1 X205.537 Y213.264 E118.70154
G1 X205.388 Y213.307 E118.7068
G1 F2700 E118.2068
G0 F15000 X206.028 Y211.104
G1 F2700 E118.7068
G1 F2548.6 X205.907 Y211.069 E118.70993
G1 X205.695 Y210.857 E118.71739
G1 X205.541 Y210.414 E118.72906
G1 X205.627 Y210.12 E118.73668
G1 X205.865 Y209.871 E118.74525
G1 X206.184 Y209.783 E118.75349
G1 X206.503 Y209.871 E118.76172
G1 F2352.6 X206.907 Y210.305 E118.7777
G1 F2306.9 X207.067 Y210.289 E118.78212
G1 F2501 X207.641 Y209.698 E118.80302
G1 F2548.6 X207.769 Y209.627 E118.80666
G1 X208.49 Y209.414 E118.82536
G1 X209.159 Y209.578 E118.8425
G1 X209.733 Y210.158 E118.86281
G1 X209.792 Y210.183 E118.8644
G1 X210.172 Y210.584 E118.87815
G1 X210.313 Y211.073 E118.89081
G1 X210.168 Y211.586 E118.90408
G1 X209.666 Y212.092 E118.92181
G1 X209.577 Y212.389 E118.92953
G1 X209.39 Y212.576 E118.93611
G1 X209.138 Y212.645 E118.94261
G1 X208.969 Y212.599 E118.94697
G1 X208.86 Y212.615 E118.94971
G1 F2211.6 X208.68 Y212.735 E118.95591
G1 F1904.7 X208.551 Y213.15 E118.97038
G1 F1861.6 X208.438 Y213.263 E118.97583
G1 X208.287 Y213.306 E118.98117
G1 X208.152 Y213.265 E118.98598
G1 X208.023 Y213.137 E118.99217
G1 X207.984 Y213.001 E118.99699
G1 F1904.7 X208.144 Y212.633 E119.01035
G1 F2184.5 X208.065 Y212.505 E119.01472
G1 F2512.7 X207.679 Y212.113 E119.0286
G1 F2548.6 X207.644 Y212.014 E119.03122
G1 X207.273 Y211.643 E119.04427
G1 X207.048 Y211.29 E119.05469
G1 F2449.5 X206.905 Y210.849 E119.06669
G1 F2267.8 X206.793 Y210.778 E119.0704
G1 F2292.1 X206.681 Y210.81 E119.07362
G1 F2477.8 X206.401 Y211.063 E119.08328
G1 F2548.6 X206.141 Y211.137 E119.09001
G1 X206.028 Y211.104 E119.09293
G1 F2700 E118.59293
G0 F15000 X212.36 Y211.812
G1 F2700 E119.09293
G1 F2548.6 X212.465 Y211.408 E119.10332
G1 X212.401 Y211.074 E119.11178
G1 X212.544 Y210.581 E119.12456
G1 X212.924 Y210.183 E119.13825
G1 X213.44 Y210.039 E119.15158
G1 X213.608 Y210.084 E119.15591
G1 X213.739 Y210.07 E119.15918
G1 X214.167 Y209.654 E119.17404
G1 X214.858 Y209.478 E119.19178
G1 X215.656 Y209.693 E119.21234
G1 X216.119 Y210.142 E119.22839
G1 X216.242 Y210.516 E119.23819
G1 X216.365 Y210.607 E119.242
G1 X216.527 Y210.597 E119.24603
G1 X216.929 Y210.175 E119.26054
G1 X217.255 Y210.078 E119.269
G1 X217.364 Y209.955 E119.27309
G1 X217.604 Y209.233 E119.29202
G1 X218.092 Y208.735 E119.30937
G1 X218.232 Y208.64 E119.31358
G1 X218.883 Y208.442 E119.33051
G1 X219.487 Y208.587 E119.34597
G1 X219.754 Y208.823 E119.35483
G1 X220.313 Y208.711 E119.36902
G1 X220.962 Y208.913 E119.38593
G1 X221.554 Y209.527 E119.40716
G1 X221.683 Y209.939 E119.4179
G1 X221.614 Y210.26 E119.42607
G1 X221.61 Y211.463 E119.456
G1 X221.639 Y211.559 E119.4585
G1 X221.813 Y211.74 E119.46475
G1 X221.92 Y212.009 E119.47195
G1 X221.861 Y212.265 E119.47849
G1 X221.677 Y212.434 E119.4847
G1 X221.48 Y212.495 E119.48983
G1 X221.414 Y212.595 E119.49282
G1 X221.493 Y212.996 E119.50299
G1 X221.456 Y213.128 E119.5064
G1 X221.368 Y213.22 E119.50956
G1 X221.251 Y213.252 E119.51258
G1 X221.024 Y213.183 E119.51849
G1 X220.878 Y213.223 E119.52225
G1 X220.767 Y213.331 E119.52611
G1 X220.639 Y213.366 E119.52941
G1 X220.527 Y213.333 E119.53231
G1 X220.426 Y213.232 E119.53587
G1 X220.386 Y213.034 E119.54089
G1 X220.318 Y212.916 E119.54428
G1 X219.94 Y212.793 E119.55417
G1 X219.724 Y212.613 E119.56117
G1 X219.654 Y212.435 E119.56593
G1 X219.704 Y212.272 E119.57017
G1 X219.87 Y212.128 E119.57564
G1 X220.138 Y212.069 E119.58247
G1 X220.217 Y211.993 E119.5852
G1 X220.296 Y211.746 E119.59165
G1 X220.293 Y211.594 E119.59543
G1 X219.819 Y211.132 E119.6119
G1 X219.673 Y210.711 E119.62299
G1 X219.59 Y210.617 E119.62611
G1 X219.39 Y210.605 E119.6311
G1 X219.208 Y210.77 E119.63721
G1 X218.568 Y210.97 E119.65389
G1 X218.479 Y211.049 E119.65685
G1 X218.288 Y211.73 E119.67445
G1 X217.942 Y212.076 E119.68663
G1 F2316.9 X217.662 Y212.155 E119.69459
G1 F1964.1 X217.299 Y212.561 E119.71218
G1 F1839.2 X217.336 Y212.712 E119.71754
G1 F1855.1 X217.295 Y212.861 E119.72282
G1 X217.179 Y212.974 E119.72835
G1 X217.031 Y213.016 E119.73361
G1 X216.896 Y212.976 E119.73843
G1 X216.772 Y212.851 E119.74445
G1 F1839.2 X216.721 Y212.631 E119.75223
G1 F2123.9 X216.402 Y212.372 E119.7645
G1 F2548.6 X216.329 Y212.174 E119.76975
G1 X216.06 Y211.902 E119.77927
G1 X216.024 Y211.782 E119.78239
G1 X215.934 Y211.684 E119.7857
G1 X215.78 Y211.664 E119.78956
G1 X215.022 Y211.855 E119.80901
G1 X214.78 Y211.856 E119.81504
G1 X214.69 Y211.936 E119.81803
G1 X214.547 Y212.384 E119.82973
G1 X214.248 Y212.661 E119.83988
G1 X213.807 Y212.776 E119.85122
G1 X213.571 Y212.734 E119.85718
G1 X213.439 Y212.795 E119.8608
G1 X213.19 Y213.044 E119.86956
G1 X212.998 Y213.097 E119.87452
G1 X212.823 Y213.046 E119.87905
G1 X212.667 Y212.889 E119.88456
G1 X212.615 Y212.714 E119.8891
G1 X212.686 Y212.452 E119.89586
G1 X212.67 Y212.354 E119.89833
G1 X212.45 Y212.112 E119.90647
G1 X212.36 Y211.812 E119.91426
G1 F2700 E119.41426
G0 F15000 X222.85 Y209.118
G0 X224.649 Y209.119
G0 X225.192 Y209.352
G0 X225.548 Y209.886
G0 X225.855 Y214.03
G1 F2700 E119.91426
G1 F2548.6 X226.267 Y212.657 E119.94993
G1 X227.305 Y211.571 E119.98731
G1 X228.821 Y211.139 E120.02653
G1 X230.288 Y211.544 E120.0644
G1 X231.329 Y212.625 E120.10174
G1 X231.729 Y213.989 E120.13711
G1 X231.325 Y215.413 E120.17395
G1 X230.287 Y216.436 E120.21021
G1 X228.741 Y216.865 E120.25013
G1 X227.342 Y216.464 E120.28634
G1 X226.247 Y215.385 E120.3246
G1 X225.855 Y214.03 E120.3597
G1 F2700 E119.8597
;MESH:axis.stl
G0 F15000 X224.327 Y213.914
G0 X223.42 Y215.018
G0 X222.801 Y215.018
M204 S1250
;TYPE:WALL-INNER
G1 F2700 E120.3597
G1 F2548.6 X222.956 Y215.084 E120.36411
G1 X223.069 Y215.247 E120.3693
G1 X223.129 Y215.49 E120.37586
G1 X223.131 Y219.398 E120.47822
G1 X223.161 Y219.586 E120.4832
G1 X224.328 Y219.589 E120.51377
G1 X224.366 Y219.481 E120.51677
G1 X224.369 Y218.563 E120.54081
G1 X224.342 Y217.949 E120.55691
G1 X224.273 Y217.248 E120.57536
G1 X224.225 Y216.934 E120.58368
G1 X224.122 Y215.946 E120.6097
G1 X224.071 Y214.771 E120.64051
G1 X224.142 Y213.786 E120.66637
G1 X224.274 Y212.731 E120.69422
G1 X224.343 Y212.023 E120.71285
G1 X224.37 Y211.401 E120.72916
G1 X224.37 Y210.5 E120.75276
G1 X224.343 Y210.41 E120.75522
G1 X223.17 Y210.41 E120.78594
G1 X223.13 Y210.525 E120.78913
G1 X223.13 Y214.561 E120.89484
G1 X223.069 Y214.789 E120.90103
G1 X222.956 Y214.952 E120.90622
G1 X222.801 Y215.018 E120.91063
M204 S2500
G0 F15000 X222.71 Y215.51
M204 S1250
;TYPE:WALL-OUTER
G1 F2548.6 X222.711 Y219.431 E121.01333
G1 X222.765 Y219.768 E121.02227
G1 X222.896 Y219.962 E121.02841
G1 X222.97 Y220.006 E121.03066
G1 X224.522 Y220.01 E121.07131
G1 X224.672 Y219.881 E121.07649
G1 X224.786 Y219.552 E121.08561
G1 X224.789 Y218.545 E121.11199
G1 X224.76 Y217.909 E121.12866
G1 X224.695 Y217.238 E121.14632
G1 X224.643 Y216.89 E121.15554
G1 X224.542 Y215.926 E121.18093
G1 X224.49 Y214.801 E121.21042
G1 X224.559 Y213.838 E121.23571
G1 X224.692 Y212.772 E121.26385
G1 X224.762 Y212.053 E121.28277
G1 X224.79 Y211.401 E121.29986
G1 X224.79 Y210.447 E121.32485
G1 X224.737 Y210.244 E121.33035
G1 X224.608 Y210.053 E121.33638
G1 X224.464 Y209.99 E121.3405
G1 X223.032 Y209.99 E121.37801
G1 X222.829 Y210.109 E121.38417
G1 X222.71 Y210.455 E121.39375
G1 X222.71 Y214.531 E121.50051
G1 X222.652 Y214.662 E121.50427
G1 X222.501 Y214.726 E121.50856
G1 X222.167 Y214.693 E121.51735
G1 X222.21 Y215.019 E121.52597
G1 X222.165 Y215.326 E121.53409
G1 X222.501 Y215.31 E121.5429
G1 X222.652 Y215.374 E121.5472
G1 X222.71 Y215.51 E121.55107
M204 S2500
G0 F15000 X222.71 Y215.71
G0 X223.42 Y215.71
G0 X223.492 Y216.843
;TYPE:SKIN
G1 F2098.9 X223.647 Y216.423 E121.56531
G1 X223.844 Y216.825 E121.57955
G1 F3006.8 X223.863 Y217.02 E121.5839
G1 X223.57 Y217.1 E121.59064
G1 X223.492 Y216.843 E121.5966
G0 F15000 X223.647 Y216.423
G1 F1693.7 X223.608 Y215.41 E121.63656
G0 F15000 X223.344 Y215.014
G1 F3120.8 X223.392 Y214.94 E121.63845
G1 F3376.7 X223.457 Y214.61 E121.64509
G1 F3303.8 X223.495 Y213.069 E121.67624
G1 F3006.8 X223.568 Y212.915 E121.68002
G1 X223.868 Y213.004 E121.68697
G1 F3166.9 X223.796 Y213.732 E121.70239
G1 F3224.2 X223.719 Y215.005 E121.7288
G1 F2267.8 X223.608 Y215.41 E121.74116
G1 X223.344 Y215.014 E121.75517
G0 F15000 X223.42 Y215.014
G0 X223.532 Y218.372
G1 F2489.4 X223.964 Y218.372 E121.76675
G1 X223.962 Y219.182 E121.78847
G1 F2495.2 X223.534 Y219.182 E121.79992
G1 F2489.4 X223.532 Y218.372 E121.82164
G0 F15000 X223.532 Y211.632
G1 F2477.8 X223.532 Y210.812 E121.84374
G1 X223.964 Y210.812 E121.85537
G1 X223.964 Y211.632 E121.87747
G1 X223.532 Y211.632 E121.8891
G0 F15000 X223.74 Y211.632
G1 F2700 E121.3891
;MESH:NONMESH
G0 F600 X223.74 Y211.632 Z2.25
G0 F15000 X222.94 Y210.847
G0 X221.835 Y210.847
G0 X199.545 Y210.847
;TIME_ELAPSED:182.164670
;LAYER:14
;note -- min layer time used
;TYPE:SUPPORT
G1 F2700 E121.8891
G1 F2646.9 X200.973 Y210.447 E121.926
G1 X202.399 Y210.847 E121.96286
G1 X203.44 Y211.94 E122.00041
G1 X203.833 Y213.306 E122.03578
G1 X203.436 Y214.734 E122.07266
G1 X202.398 Y215.768 E122.10912
G1 X200.97 Y216.169 E122.14603
G1 X199.607 Y215.769 E122.18137
G1 X198.507 Y214.673 E122.22001
G1 X198.107 Y213.305 E122.25548
G1 X198.508 Y211.94 E122.29088
G1 X199.545 Y210.847 E122.32837
G1 F2700 E121.82837
G0 F15000 X205.268 Y216.799
G1 F2700 E122.32837
G1 F2481.5 X205.388 Y216.765 E122.33168
G1 X205.508 Y216.799 E122.33499
G1 X205.596 Y216.892 E122.33838
G1 X205.627 Y216.998 E122.34132
G1 X205.592 Y217.118 E122.34463
G1 X205.503 Y217.207 E122.34797
G1 X205.387 Y217.239 E122.35117
G1 X205.282 Y217.208 E122.35407
G1 X205.18 Y217.106 E122.3579
G1 X205.149 Y217.002 E122.36078
G1 X205.181 Y216.888 E122.36392
G1 X205.268 Y216.799 E122.36723
G1 F2700 E121.86723
G0 F15000 X205.98 Y219.046
G1 F2700 E122.36723
G1 F2646.9 X206.163 Y218.995 E122.37196
G1 X206.356 Y219.051 E122.37696
G1 X206.475 Y219.169 E122.38113
G1 X206.593 Y219.213 E122.38426
G1 X206.838 Y219.47 E122.39309
G1 X207.018 Y220.152 E122.41065
G1 X207.018 Y220.313 E122.41465
G1 X206.911 Y220.723 E122.4252
G1 X206.662 Y220.972 E122.43396
G1 X206.23 Y221.093 E122.44512
G1 X205.823 Y220.973 E122.45568
G1 X205.557 Y220.707 E122.46504
G1 X205.454 Y220.313 E122.47517
G1 X205.454 Y220.148 E122.47928
G1 X205.575 Y219.692 E122.49102
G1 X205.65 Y219.582 E122.49433
G1 X205.724 Y219.333 E122.50079
G1 X205.98 Y219.046 E122.51036
G1 F2700 E122.01036
G0 F15000 X207.435 Y218.755
G1 F2700 E122.51036
G1 F2646.9 X207.546 Y218.379 E122.52012
G1 X207.714 Y218.098 E122.52826
G1 X207.702 Y217.913 E122.53288
G1 X207.753 Y217.734 E122.53751
G1 X207.891 Y217.586 E122.54254
G1 X208.02 Y217.529 E122.54605
G1 F2573.4 X208.093 Y217.433 E122.54914
G1 F2470.4 X208.175 Y217.17 E122.55648
G1 F2443.3 X208.262 Y217.078 E122.5599
G1 X208.379 Y217.044 E122.56318
G1 X208.492 Y217.077 E122.56636
G1 X208.582 Y217.173 E122.5699
G1 F2470.4 X208.604 Y217.447 E122.57723
G1 F2573.4 X208.868 Y217.739 E122.58731
G1 F2646.9 X208.926 Y217.879 E122.59108
G1 X209.01 Y217.94 E122.59366
G1 X209.563 Y218.095 E122.60795
G1 X209.64 Y218.168 E122.61059
G1 X210.075 Y218.299 E122.62189
G1 X210.5 Y218.748 E122.63728
G1 X210.616 Y219.092 E122.64631
G1 F2395.9 X210.725 Y219.211 E122.65075
G1 F2296.9 X210.829 Y219.218 E122.65374
G1 F2526.6 X211.468 Y218.593 E122.67704
G1 F2646.9 X212.116 Y218.417 E122.69374
G1 X212.275 Y218.45 E122.69779
G1 X212.405 Y218.412 E122.70116
G1 X212.472 Y218.336 E122.70368
G1 X212.568 Y217.944 E122.71372
G1 X212.829 Y217.656 E122.72339
G1 F2585.3 X212.851 Y217.499 E122.72743
G1 F2503.8 X212.761 Y217.276 E122.73375
G1 F2492.6 X212.79 Y217.18 E122.7364
G1 X212.88 Y217.087 E122.73982
G1 X213.001 Y217.053 E122.74314
G1 X213.117 Y217.086 E122.74633
G1 X213.209 Y217.179 E122.74979
G1 F2503.8 X213.259 Y217.336 E122.75412
G1 F2585.3 X213.446 Y217.446 E122.75965
G1 F2646.9 X213.851 Y217.35 E122.77001
G1 X214.322 Y217.434 E122.78191
G1 X214.528 Y217.652 E122.78937
G1 X214.629 Y217.997 E122.79832
G1 X214.539 Y218.368 E122.80782
G1 X214.573 Y218.461 E122.81028
G1 X215.113 Y218.991 E122.82911
G1 F2416.7 X215.263 Y219.09 E122.83401
G1 X215.435 Y218.958 E122.83992
G1 F2646.9 X215.513 Y218.715 E122.84627
G1 X215.892 Y218.316 E122.85996
G1 X216.056 Y218.269 E122.8642
G1 X216.519 Y217.8 E122.8806
G1 X216.783 Y217.478 E122.89096
G1 F2555.6 X216.836 Y217.28 E122.89625
G1 F2470.4 X216.763 Y217.03 E122.90319
G1 X216.794 Y216.921 E122.90621
G1 X216.879 Y216.834 E122.90945
G1 X216.999 Y216.799 E122.91279
G1 X217.115 Y216.832 E122.916
G1 X217.204 Y216.925 E122.91943
G1 X217.237 Y217.031 E122.92239
G1 X217.203 Y217.147 E122.92562
G1 X217.064 Y217.302 E122.93117
G1 F2555.6 X217.078 Y217.507 E122.93646
G1 F2646.9 X217.294 Y217.759 E122.94472
G1 X217.613 Y218.018 E122.95494
G1 X217.879 Y218.095 E122.96184
G1 X218.268 Y218.504 E122.97588
G1 X218.404 Y218.97 E122.98796
G1 X218.4 Y219.191 E122.99346
G1 X218.579 Y219.329 E122.99908
G1 X219.15 Y219.895 E123.01909
G1 X219.253 Y219.944 E123.02193
G1 X219.445 Y219.877 E123.02699
G1 X219.597 Y219.48 E123.03756
G1 X220.04 Y219.018 E123.05349
G1 X220.095 Y218.909 E123.05653
G1 X220.039 Y218.725 E123.06132
G1 X219.817 Y218.524 E123.06877
G1 X219.61 Y218.481 E123.07403
G1 X219.457 Y218.343 E123.07915
G1 X219.416 Y218.176 E123.08343
G1 X219.5 Y217.963 E123.08913
G1 X219.706 Y217.761 E123.09631
G1 X220.032 Y217.562 E123.10581
G1 X220.116 Y217.38 E123.1108
G1 X220.209 Y217.283 E123.11414
G1 X220.333 Y217.247 E123.11736
G1 X220.459 Y217.283 E123.12062
G1 X220.552 Y217.38 E123.12396
G1 X220.671 Y217.777 E123.13427
G1 X220.733 Y217.847 E123.1366
G1 X220.855 Y217.887 E123.1398
G1 X221.158 Y217.804 E123.14761
G1 X221.622 Y217.885 E123.15933
G1 X221.818 Y218.056 E123.16581
G1 X221.818 Y218.594 E123.17919
G1 X221.669 Y218.721 E123.18406
G1 X221.614 Y218.824 E123.18697
G1 X221.611 Y219.9 E123.21374
G1 X221.697 Y220.552 E123.23011
G1 X221.623 Y220.779 E123.23605
G1 X221.231 Y221.171 E123.24984
G1 X221.11 Y221.543 E123.25958
G1 X220.681 Y221.999 E123.27516
G1 X220.118 Y222.168 E123.28978
G1 X219.56 Y221.996 E123.30431
G1 X218.954 Y221.34 E123.32653
G1 X218.802 Y221.336 E123.33032
G1 X218.054 Y221.518 E123.34947
G1 X217.293 Y221.289 E123.36925
G1 X216.759 Y220.779 E123.38762
G1 X216.593 Y220.344 E123.39921
G1 X215.965 Y220.142 E123.41562
G1 X215.505 Y219.683 E123.43179
G1 F2416.7 X215.353 Y219.582 E123.43676
G1 X215.183 Y219.711 E123.44258
G1 F2646.9 X215.059 Y220.08 E123.45227
G1 X214.603 Y220.502 E123.46773
G1 X213.803 Y220.712 E123.48831
G1 X213.124 Y220.537 E123.50575
G1 X212.952 Y220.395 E123.5113
G1 X212.818 Y220.383 E123.51465
G1 X212.259 Y220.52 E123.52897
G1 X212.002 Y220.51 E123.53537
G1 X211.461 Y220.37 E123.54928
G1 F2526.6 X210.767 Y219.716 E123.57413
G1 F2406.3 X210.672 Y219.71 E123.57674
G1 F2515.2 X210.078 Y220.304 E123.59874
G1 F2646.9 X209.494 Y220.465 E123.61381
G1 X208.943 Y220.305 E123.62809
G1 X208.64 Y220.007 E123.63866
G1 X208.116 Y219.852 E123.65226
G1 X207.72 Y219.483 E123.66573
G1 X207.63 Y219.217 E123.67272
G1 X207.546 Y219.126 E123.6758
G1 X207.435 Y218.755 E123.68543
G1 F2700 E123.18543
G0 F15000 X206.141 Y211.009
G1 F2700 E123.68543
G1 F2646.9 X205.968 Y210.957 E123.68993
G1 X205.806 Y210.796 E123.69561
G1 X205.67 Y210.414 E123.7057
G1 X205.739 Y210.181 E123.71175
G1 X205.929 Y209.983 E123.71858
G1 X206.184 Y209.911 E123.72517
G1 X206.439 Y209.983 E123.73176
G1 X206.627 Y210.18 E123.73854
G1 X206.681 Y210.373 E123.74352
G1 F2821.6 X206.813 Y210.485 E123.74757
G1 F2964.5 X206.887 Y210.488 E123.74921
G1 F2765.4 X206.336 Y210.952 E123.76637
G1 F2646.9 X206.141 Y211.009 E123.77142
G0 F15000 X206.924 Y210.489
G1 F3231.7 X206.954 Y210.489 E123.77203
G1 F2700 E123.27203
G0 F15000 X208.287 Y213.239
G1 F2700 E123.77203
G1 F2481.5 X208.182 Y213.208 E123.77494
G1 X208.08 Y213.106 E123.77877
G1 X208.05 Y213.002 E123.78164
G1 X208.081 Y212.891 E123.7847
G1 X208.294 Y212.667 E123.7929
G1 F2561.5 X208.341 Y212.53 E123.79663
G1 F2646.9 X208.267 Y212.35 E123.80147
G1 X207.99 Y212.253 E123.80877
G1 X207.79 Y212.053 E123.81581
G1 X207.741 Y211.908 E123.81962
G1 X207.659 Y211.817 E123.82267
G1 X207.571 Y211.518 E123.83042
G1 X207.585 Y211.318 E123.83541
G1 X207.461 Y211.097 E123.84172
G1 X207.237 Y210.916 E123.84888
G1 F2800.2 X207.101 Y210.55 E123.85807
G1 F3105.3 X206.954 Y210.489 E123.86144
G1 F3020.9 X207.19 Y210.512 E123.86661
G1 F2731.4 X207.285 Y210.465 E123.86917
G1 F2646.9 X207.389 Y210.205 E123.87614
G1 X207.872 Y209.714 E123.89327
G1 X208.025 Y209.632 E123.89759
G1 X208.686 Y209.438 E123.91473
G1 X209.292 Y209.583 E123.93024
G1 X209.727 Y210.024 E123.94565
G1 X209.798 Y210.267 E123.95195
G1 X210.054 Y210.557 E123.96158
G1 X210.19 Y211.043 E123.97413
G1 X210.056 Y211.522 E123.98651
G1 X209.533 Y212.016 E124.00441
G1 X209.463 Y212.328 E124.01237
G1 X209.326 Y212.467 E124.01722
G1 X209.14 Y212.517 E124.02202
G1 X209.013 Y212.494 E124.02523
G1 X208.56 Y212.639 E124.03706
G1 F2561.5 X208.479 Y212.759 E124.04079
G1 F2481.5 X208.527 Y213.001 E124.04733
G1 X208.493 Y213.118 E124.05057
G1 X208.403 Y213.207 E124.05393
G1 X208.287 Y213.239 E124.05712
G1 F2700 E123.55712
G0 F15000 X205.627 Y213.002
G1 F2700 E124.05712
G1 F2481.5 X205.595 Y213.118 E124.06032
G1 X205.504 Y213.207 E124.06369
G1 X205.39 Y213.239 E124.06684
G1 X205.282 Y213.208 E124.06982
G1 X205.179 Y213.106 E124.07367
G1 X205.15 Y213.004 E124.07648
G1 X205.184 Y212.888 E124.07969
G1 X205.268 Y212.799 E124.08294
G1 X205.388 Y212.765 E124.08625
G1 X205.508 Y212.799 E124.08956
G1 X205.595 Y212.891 E124.09292
G1 X205.627 Y213.002 E124.09598
G1 F2700 E123.59598
G0 F15000 X212.492 Y211.707
G1 F2700 E124.09598
G1 F2646.9 X212.574 Y211.324 E124.10573
G1 X212.527 Y211.029 E124.11316
G1 X212.661 Y210.557 E124.12537
G1 X212.993 Y210.189 E124.13771
G1 X213.435 Y210.059 E124.14917
G1 X213.644 Y210.068 E124.15437
G1 X214.006 Y209.731 E124.16668
G1 X214.621 Y209.577 E124.18246
G1 X215.36 Y209.781 E124.20153
G1 X215.777 Y210.184 E124.21596
G1 X215.968 Y210.759 E124.23104
G1 X216.098 Y210.891 E124.23565
G1 X216.496 Y210.881 E124.24555
G1 X216.6 Y210.783 E124.24911
G1 X216.669 Y210.553 E124.25509
G1 X216.997 Y210.193 E124.2672
G1 X217.362 Y210.061 E124.27686
G1 X217.569 Y209.43 E124.29339
G1 X218.087 Y208.881 E124.31217
G1 X218.703 Y208.694 E124.32819
G1 X219.239 Y208.822 E124.3419
G1 X219.585 Y209.179 E124.35427
G1 X219.717 Y209.242 E124.35791
G1 X219.825 Y209.223 E124.36064
G1 X219.953 Y209.105 E124.36497
G1 X220.472 Y208.982 E124.37824
G1 X221.021 Y209.153 E124.39255
G1 X221.584 Y209.744 E124.41286
G1 X221.63 Y209.877 E124.41636
G1 X221.611 Y210.071 E124.42121
G1 X221.61 Y211.233 E124.45012
G1 X221.793 Y211.453 E124.45725
G1 X221.87 Y211.764 E124.46522
G1 X221.97 Y211.85 E124.4685
G1 X221.97 Y212.351 E124.48097
G1 X221.909 Y212.398 E124.48288
G1 X221.631 Y212.448 E124.48991
G1 X221.238 Y212.337 E124.50007
G1 X220.92 Y212.091 E124.51008
G1 X220.757 Y212.082 E124.51414
G1 F2555.6 X220.611 Y212.219 E124.5193
G1 F2470.4 X220.498 Y212.618 E124.53035
G1 X220.406 Y212.707 E124.53377
G1 X220.294 Y212.741 E124.53689
G1 X220.188 Y212.709 E124.53984
G1 X220.084 Y212.605 E124.54376
G1 X220.055 Y212.502 E124.54661
G1 X220.086 Y212.393 E124.54963
G1 X220.177 Y212.3 E124.5531
G1 X220.555 Y212.179 E124.56368
G1 F2555.6 X220.634 Y211.996 E124.56882
G1 F2646.9 X220.603 Y211.689 E124.5765
G1 X220.246 Y211.338 E124.58896
G1 X220.061 Y210.979 E124.599
G1 X219.538 Y210.456 E124.61741
G1 X219.356 Y210.475 E124.62196
G1 X218.979 Y210.809 E124.63449
G1 X218.405 Y210.992 E124.64949
G1 X218.33 Y211.113 E124.65303
G1 X218.165 Y211.677 E124.66765
G1 X217.885 Y211.957 E124.6775
G1 X217.57 Y212.076 E124.68588
G1 X217.271 Y212.424 E124.6973
G1 F2579.3 X217.24 Y212.595 E124.70174
G1 F2503.8 X217.272 Y212.711 E124.7049
G1 F2487 X217.24 Y212.831 E124.70819
G1 X217.149 Y212.92 E124.71156
G1 X217.034 Y212.952 E124.71472
G1 X216.925 Y212.921 E124.71772
G1 X216.823 Y212.819 E124.72154
G1 F2561.5 X216.775 Y212.564 E124.72822
G1 F2646.9 X216.51 Y212.304 E124.73745
G1 X216.428 Y212.098 E124.74297
G1 X216.171 Y211.837 E124.75208
G1 X215.992 Y211.303 E124.7661
G1 X215.858 Y211.231 E124.76988
G1 X215.749 Y211.246 E124.77262
G1 X215.396 Y211.561 E124.78439
G1 X214.826 Y211.699 E124.79899
G1 X214.694 Y211.797 E124.80308
G1 X214.524 Y212.365 E124.81783
G1 X214.324 Y212.566 E124.82489
G1 X213.845 Y212.654 E124.837
G1 X213.393 Y212.563 E124.84848
G1 F2526.6 X213.256 Y212.65 E124.85271
G1 F2432.6 X213.201 Y212.828 E124.85775
G1 F2448.7 X213.114 Y212.916 E124.86108
G1 X212.999 Y212.947 E124.86428
G1 X212.896 Y212.918 E124.86716
G1 X212.793 Y212.815 E124.87108
G1 X212.762 Y212.711 E124.874
G1 F2432.6 X212.837 Y212.47 E124.88083
G1 F2526.6 X212.805 Y212.311 E124.88506
G1 F2646.9 X212.569 Y212.059 E124.89365
G1 X212.492 Y211.707 E124.90262
G1 F2700 E124.40262
G0 F15000 X222.657 Y208.966
G0 X224.777 Y208.965
G0 X225.217 Y209.232
G0 X225.542 Y209.707
G0 X225.751 Y214.066
G1 F2700 E124.90262
G1 F2646.9 X226.163 Y212.697 E124.93819
G1 X227.205 Y211.607 E124.97571
G1 X228.754 Y211.163 E125.01581
G1 X230.188 Y211.556 E125.0528
G1 X231.224 Y212.637 E125.09006
G1 X231.621 Y213.993 E125.12522
G1 X231.205 Y215.425 E125.16232
G1 X230.17 Y216.453 E125.19862
G1 X228.619 Y216.897 E125.23876
G1 X227.238 Y216.504 E125.27449
G1 X226.143 Y215.425 E125.31274
G1 X225.751 Y214.066 E125.34794
G1 F2700 E124.84794
;MESH:axis.stl
G0 F15000 X224.231 Y213.955
G0 X222.85 Y215.526
G0 X222.656 Y215.789
M204 S1250
;TYPE:WALL-INNER
G1 F2700 E125.34794
G1 F2646.9 X222.88 Y215.896 E125.35444
G1 X223.043 Y216.079 E125.36086
G1 X223.124 Y216.311 E125.3673
G1 X223.13 Y219.754 E125.45748
G1 X224.334 Y219.754 E125.48901
G1 X224.37 Y219.662 E125.4916
G1 X224.37 Y218.826 E125.5135
G1 X224.342 Y218.236 E125.52897
G1 X224.276 Y217.629 E125.54496
G1 X224.232 Y217.392 E125.55127
G1 X224 Y215.744 E125.59486
G1 X223.996 Y214.511 E125.62716
G1 X224.043 Y213.891 E125.64345
G1 X224.275 Y212.354 E125.68416
G1 X224.343 Y211.746 E125.70018
G1 X224.37 Y211.163 E125.71547
G1 X224.37 Y210.258 E125.73917
G1 X223.161 Y210.258 E125.77084
G1 X223.13 Y210.339 E125.77311
G1 X223.131 Y213.735 E125.86206
G1 X222.956 Y214.048 E125.87145
G1 X222.605 Y214.234 E125.88186
G1 X222.521 Y214.239 E125.88406
G1 X222.637 Y214.998 E125.90417
G1 X222.555 Y215.6 E125.92009
G1 X222.491 Y215.771 E125.92487
G1 X222.656 Y215.789 E125.92922
M204 S2500
G0 F15000 X222.85 Y215.526
G0 X222.286 Y214.083
G0 X221.836 Y213.807
M204 S1250
;TYPE:WALL-OUTER
G1 F2646.9 X221.95 Y213.97 E125.93443
G1 X222.11 Y214.354 E125.94532
G1 X222.213 Y214.998 E125.9624
G1 X222.159 Y215.459 E125.97456
G1 X221.958 Y216.023 E125.99024
G1 X221.838 Y216.199 E125.99582
G1 X222.535 Y216.189 E126.01408
G1 X222.665 Y216.268 E126.01807
G1 X222.708 Y216.37 E126.02097
G1 X222.71 Y219.746 E126.10939
G1 X222.761 Y219.925 E126.11427
G1 X222.888 Y220.112 E126.12019
G1 X223.029 Y220.174 E126.12422
G1 X224.457 Y220.174 E126.16162
G1 X224.622 Y220.104 E126.16632
G1 X224.79 Y219.74 E126.17682
G1 X224.789 Y218.778 E126.20202
G1 X224.76 Y218.192 E126.21738
G1 X224.692 Y217.567 E126.23385
G1 X224.648 Y217.334 E126.24006
G1 X224.416 Y215.686 E126.28365
G1 X224.414 Y214.543 E126.31359
G1 X224.464 Y213.908 E126.33027
G1 X224.693 Y212.401 E126.3702
G1 X224.762 Y211.779 E126.38659
G1 X224.79 Y211.187 E126.40211
G1 X224.79 Y210.258 E126.42645
G1 X224.739 Y210.078 E126.43135
G1 X224.605 Y209.882 E126.43756
G1 X224.53 Y209.838 E126.43984
G1 X222.973 Y209.838 E126.48062
G1 X222.822 Y209.966 E126.48581
G1 X222.71 Y210.263 E126.49412
G1 X222.711 Y213.652 E126.58289
G1 X222.652 Y213.758 E126.58607
G1 X222.535 Y213.82 E126.58953
G1 X221.836 Y213.807 E126.60785
M204 S2500
G0 F15000 X221.95 Y213.97
G0 X222.286 Y214.083
G0 X223.667 Y217.264
;TYPE:SKIN
G1 F1742.5 X223.586 Y216.216 E126.64967
G0 F15000 X223.67 Y212.734
G1 F1784.4 X223.584 Y213.837 E126.69265
G0 F15000 X223.011 Y214.539
G1 F2150.3 X223.279 Y214.355 E126.70313
G1 F2121.6 X223.583 Y213.858 E126.72217
G1 X223.546 Y214.474 E126.74234
G1 F2197 X223.556 Y215.084 E126.76159
G1 F2210.1 X223.55 Y215.74 E126.78217
G1 F2051.1 X223.586 Y216.216 E126.7983
G1 X223.399 Y215.815 E126.81326
G1 F2179.8 X223.143 Y215.538 E126.82525
G1 X223.018 Y215.472 E126.82975
G1 F2210.1 X223.06 Y215.084 E126.84199
G1 F2197 X223.011 Y214.539 E126.85926
G0 F15000 X223.01 Y214.544
G0 X223.314 Y215.441
G0 X223.532 Y218.608
G1 F2573.4 X223.964 Y218.608 E126.8709
G1 X223.964 Y219.348 E126.89083
G1 X223.532 Y219.348 E126.90247
G1 X223.532 Y218.608 E126.92241
G0 F15000 X223.532 Y211.396
G1 F2573.4 X223.532 Y210.66 E126.94224
G1 X223.964 Y210.66 E126.95387
G1 X223.964 Y211.396 E126.9737
G1 X223.532 Y211.396 E126.98534
G0 F15000 X223.74 Y211.396
G1 F2700 E126.48534
;MESH:NONMESH
G0 F600 X223.74 Y211.396 Z2.4
G0 F15000 X222.939 Y210.307
G0 X221.835 Y210.307
G0 X206.033 Y210.163
;TIME_ELAPSED:191.390568
;LAYER:15
;note -- min layer time used
;TYPE:SUPPORT
G1 F2700 E126.98534
G1 F1856.6 X206.184 Y210.121 E126.99065
G1 X206.338 Y210.165 E126.99608
G1 X206.449 Y210.281 E127.00152
G1 X206.49 Y210.422 E127.0065
G1 X206.449 Y210.566 E127.01157
G1 X206.236 Y210.769 E127.02154
G1 X206.071 Y210.777 E127.02714
G1 X205.984 Y210.69 E127.03131
G1 X205.881 Y210.413 E127.04132
G1 X205.92 Y210.28 E127.04602
G1 X206.033 Y210.163 E127.05153
G1 F2700 E126.55153
G0 F15000 X207.536 Y210.627
G1 F2700 E127.05153
G1 F2528.5 X207.696 Y210.162 E127.06377
G1 X208.171 Y209.682 E127.08057
G1 X208.837 Y209.486 E127.09785
G1 X209.375 Y209.618 E127.11163
G1 X209.752 Y210.005 E127.12507
G1 X209.861 Y210.369 E127.13453
G1 X209.954 Y210.474 E127.13802
G1 X210.062 Y210.992 E127.15119
G1 X209.946 Y211.426 E127.16236
G1 X209.658 Y211.73 E127.17278
G1 X209.428 Y211.815 E127.17889
G1 X209.354 Y211.964 E127.18302
G1 X209.39 Y212.134 E127.18735
G1 X209.355 Y212.263 E127.19067
G1 X209.264 Y212.354 E127.19388
G1 X208.78 Y212.354 E127.20592
G1 X208.594 Y212.187 E127.21214
G1 X208.242 Y212.202 E127.22091
G1 X208.056 Y212.145 E127.22575
G1 X207.905 Y211.995 E127.23104
G1 X207.727 Y211.424 E127.24593
G1 X207.771 Y211.278 E127.24972
G1 X207.898 Y211.14 E127.25439
G1 X207.929 Y211.003 E127.25788
G1 X207.898 Y210.915 E127.2602
G1 X207.536 Y210.627 E127.27171
G1 F2700 E126.77171
G0 F15000 X203.424 Y211.948
G1 F2700 E127.27171
G1 F2528.5 X203.817 Y213.305 E127.30687
G1 X203.42 Y214.722 E127.34348
G1 X202.39 Y215.752 E127.37973
G1 X200.97 Y216.149 E127.41642
G1 X199.615 Y215.753 E127.45154
G1 X198.523 Y214.661 E127.48997
G1 X198.127 Y213.305 E127.52512
G1 X198.524 Y211.948 E127.5603
G1 X199.557 Y210.863 E127.59758
G1 X200.973 Y210.463 E127.63419
G1 X202.391 Y210.863 E127.67085
G1 X203.424 Y211.948 E127.70813
G1 F2700 E127.20813
G0 F15000 X206.022 Y219.182
G1 F2700 E127.70813
G1 F2528.5 X206.313 Y219.182 E127.71537
G1 X206.523 Y219.334 E127.72182
G1 X206.709 Y219.553 E127.72897
G1 X206.792 Y219.861 E127.73691
G1 X206.88 Y220.443 E127.75155
G1 X206.788 Y220.771 E127.76003
G1 X206.553 Y221.008 E127.76834
G1 X206.234 Y221.097 E127.77658
G1 X205.936 Y221.009 E127.78431
G1 X205.688 Y220.758 E127.79309
G1 X205.59 Y220.348 E127.80358
G1 X205.791 Y219.701 E127.82044
G1 X205.781 Y219.584 E127.82336
G1 X205.834 Y219.392 E127.82831
G1 X206.022 Y219.182 E127.83533
G1 F2700 E127.33533
G0 F15000 X207.699 Y218.829
G1 F2700 E127.83533
G1 F2528.5 X207.728 Y218.572 E127.84176
G1 X207.867 Y218.129 E127.85332
G1 X207.883 Y217.78 E127.86201
G1 X207.961 Y217.698 E127.86482
G1 X208.085 Y217.663 E127.86803
G1 X208.298 Y217.718 E127.8735
G1 X208.535 Y217.663 E127.87956
G1 X208.659 Y217.698 E127.88276
G1 X208.749 Y217.793 E127.88602
G1 X208.825 Y218.078 E127.89336
G1 X208.963 Y218.185 E127.8977
G1 X209.436 Y218.254 E127.9096
G1 X210.012 Y218.415 E127.92448
G1 X210.384 Y218.804 E127.93787
G1 X210.525 Y219.305 E127.95082
G1 X210.384 Y219.814 E127.96397
G1 X209.977 Y220.221 E127.97829
G1 X209.36 Y220.402 E127.99429
G1 X208.837 Y220.269 E128.00772
G1 X208.423 Y219.879 E128.02187
G1 X208.044 Y219.49 E128.03538
G1 X208.002 Y219.366 E128.03864
G1 X207.797 Y219.162 E128.04584
G1 X207.699 Y218.829 E128.05447
G1 F2700 E127.55447
G0 F15000 X215.504 Y219.294
G1 F2700 E128.05447
G1 F2528.5 X215.638 Y218.788 E128.0675
G1 X215.971 Y218.448 E128.07934
G1 X216.115 Y218.413 E128.08303
G1 X216.228 Y218.312 E128.0868
G1 X216.256 Y218.221 E128.08917
G1 X216.44 Y218.028 E128.0958
G1 X216.559 Y217.971 E128.09909
G1 X216.763 Y217.682 E128.10789
G1 X217.045 Y217.679 E128.11491
G1 X217.173 Y217.846 E128.12014
G1 X217.313 Y217.924 E128.12413
G1 X217.528 Y218.193 E128.1327
G1 X217.881 Y218.307 E128.14193
G1 X218.159 Y218.613 E128.15222
G1 X218.276 Y219.028 E128.16294
G1 X218.266 Y219.218 E128.16768
G1 X218.303 Y219.329 E128.17059
G1 X218.755 Y219.785 E128.18657
G1 X218.883 Y220.165 E128.19654
G1 F2441.3 X219.015 Y220.276 E128.20099
G1 X219.219 Y220.198 E128.20662
G1 F2528.5 X219.824 Y219.533 E128.22899
G1 X219.873 Y219.404 E128.23242
G1 X220.323 Y218.935 E128.24859
G1 X220.626 Y218.646 E128.25901
G1 X220.653 Y218.568 E128.26107
G1 X220.628 Y218.436 E128.26441
G1 F2504.6 X220.492 Y218.189 E128.27149
G1 F2475.4 X220.414 Y218.121 E128.27412
G1 F2469.7 X220.116 Y218.082 E128.28178
G1 F2463.9 X220.011 Y217.974 E128.28563
G1 X219.977 Y217.866 E128.28852
G1 X220.082 Y217.675 E128.29408
G1 F2469.7 X220.368 Y217.674 E128.30137
G1 F2475.4 X220.441 Y217.75 E128.30405
G1 X220.574 Y218.122 E128.31409
G1 F2504.6 X220.756 Y218.181 E128.31889
G1 F2528.5 X221.019 Y217.994 E128.32692
G1 X221.633 Y217.887 E128.34243
G1 X221.909 Y217.934 E128.3494
G1 X221.97 Y217.984 E128.35136
G1 X221.97 Y218.487 E128.36388
G1 X221.83 Y218.647 E128.36917
G1 X221.81 Y218.911 E128.37575
G1 X221.61 Y219.134 E128.38321
G1 X221.612 Y220.061 E128.40627
G1 X221.65 Y220.212 E128.41015
G1 X221.653 Y220.6 E128.4198
G1 X221.101 Y221.141 E128.43904
G1 X221.056 Y221.225 E128.44141
G1 X220.657 Y221.64 E128.45573
G1 X220.119 Y221.813 E128.46979
G1 X219.632 Y221.68 E128.48235
G1 X219.243 Y221.275 E128.49633
G1 X219.131 Y220.848 E128.50731
G1 F2446.9 X218.995 Y220.724 E128.51204
G1 X218.799 Y220.791 E128.51737
G1 F2528.5 X218.4 Y221.173 E128.53112
G1 X217.855 Y221.302 E128.54505
G1 X217.182 Y221.097 E128.56256
G1 X216.683 Y220.615 E128.57982
G1 X216.579 Y220.319 E128.58763
G1 X216.502 Y220.231 E128.59054
G1 X216.081 Y220.053 E128.60191
G1 X215.679 Y219.668 E128.61576
G1 X215.571 Y219.349 E128.62414
G1 X215.504 Y219.294 E128.6263
G1 F2700 E128.1263
G0 F15000 X211.24 Y219.452
G1 F2700 E128.6263
G1 F2528.5 X211.366 Y219.029 E128.63728
G1 X211.718 Y218.687 E128.64949
G1 X212.214 Y218.568 E128.66218
G1 X212.383 Y218.606 E128.66649
G1 X212.507 Y218.58 E128.66965
G1 X212.589 Y218.498 E128.67253
G1 X212.68 Y218.06 E128.68366
G1 X213.037 Y217.655 E128.6971
G1 X213.144 Y217.626 E128.69986
G1 X213.397 Y217.719 E128.70656
G1 X213.503 Y217.712 E128.70921
G1 X213.691 Y217.564 E128.71516
G1 X214.106 Y217.484 E128.72568
G1 X214.371 Y217.559 E128.73253
G1 X214.56 Y217.76 E128.73939
G1 X214.629 Y218.005 E128.74573
G1 X214.56 Y218.255 E128.75218
G1 X214.394 Y218.427 E128.75813
G1 X214.35 Y218.565 E128.76173
G1 X214.386 Y218.675 E128.76461
G1 X214.734 Y219.021 E128.77682
G1 X214.834 Y219.357 E128.78555
G1 X214.914 Y219.412 E128.78796
G1 X214.72 Y220.023 E128.80391
G1 X214.302 Y220.41 E128.81809
G1 X213.578 Y220.61 E128.83678
G1 X212.969 Y220.449 E128.85245
G1 X212.815 Y220.356 E128.85693
G1 X212.429 Y220.431 E128.86671
G1 X211.774 Y220.247 E128.88364
G1 X211.383 Y219.886 E128.89688
G1 X211.24 Y219.452 E128.90825
G1 F2700 E128.40825
G0 F15000 X213.705 Y212.434
G1 F2700 E128.90825
G1 F2528.5 X213.382 Y212.138 E128.91916
G1 X213.228 Y212.115 E128.92303
G1 X213.009 Y212.189 E128.92878
G1 X212.836 Y212.129 E128.93334
G1 X212.681 Y211.943 E128.93936
G1 X212.621 Y211.608 E128.94783
G1 X212.718 Y211.267 E128.95665
G1 X212.659 Y210.865 E128.96676
G1 X212.765 Y210.471 E128.97691
G1 X213.005 Y210.218 E128.98559
G1 X213.581 Y210.052 E129.00051
G1 X213.846 Y209.791 E129.00976
G1 X214.376 Y209.665 E129.02332
G1 X215.081 Y209.857 E129.0415
G1 X215.452 Y210.212 E129.05428
G1 X215.592 Y210.648 E129.06567
G1 X215.466 Y211.088 E129.07706
G1 X215.109 Y211.413 E129.08907
G1 X214.674 Y211.525 E129.10025
G1 X214.594 Y211.591 E129.10283
G1 X214.559 Y211.763 E129.1072
G1 X214.629 Y212.003 E129.11342
G1 X214.56 Y212.254 E129.1199
G1 X214.37 Y212.444 E129.12658
G1 X214.108 Y212.516 E129.13334
G1 X213.705 Y212.434 E129.14358
G1 F2700 E128.64358
G0 F15000 X216.253 Y211.68
G1 F2700 E129.14358
G1 F2528.5 X216.211 Y211.536 E129.14731
G1 X216.283 Y211.293 E129.15361
G1 X216.472 Y211.095 E129.16043
G1 X216.638 Y210.993 E129.16527
G1 X216.772 Y210.471 E129.17868
G1 X217.009 Y210.219 E129.18729
G1 X217.362 Y210.105 E129.19652
G1 X217.427 Y210.024 E129.19911
G1 X217.558 Y209.619 E129.2097
G1 X218.051 Y209.104 E129.22744
G1 X218.537 Y208.947 E129.24015
G1 X218.998 Y209.058 E129.25194
G1 X219.317 Y209.397 E129.26353
G1 X219.409 Y209.619 E129.26951
G1 F2498.7 X219.716 Y209.726 E129.27769
G1 F2492.9 X219.833 Y209.702 E129.28071
G1 F2516.5 X220.166 Y209.37 E129.29246
G1 F2528.5 X220.62 Y209.259 E129.30409
G1 X221.106 Y209.415 E129.31679
G1 X221.587 Y209.853 E129.33298
G1 X221.612 Y210.878 E129.35849
G1 X221.815 Y211.087 E129.36574
G1 X221.83 Y211.425 E129.37416
G1 X221.97 Y211.578 E129.37932
G1 X221.97 Y212.219 E129.39527
G1 X221.882 Y212.305 E129.39833
G1 X221.638 Y212.313 E129.40441
G1 X221.426 Y212.124 E129.41147
G1 X221.124 Y212.006 E129.41954
G1 X220.901 Y211.807 E129.42698
G1 X220.837 Y211.664 E129.43088
G1 X220.677 Y211.512 E129.43637
G1 X220.575 Y211.27 E129.4429
G1 X220.351 Y211.097 E129.44995
G1 X219.884 Y210.631 E129.46636
G1 F2516.5 X219.731 Y210.212 E129.47751
G1 F2492.9 X219.632 Y210.145 E129.48053
G1 X219.475 Y210.15 E129.4845
G1 F2522.5 X218.758 Y210.876 E129.50995
G1 F2528.5 X218.254 Y211.051 E129.52322
G1 X218.185 Y211.14 E129.52602
G1 X218.107 Y211.421 E129.53328
G1 X217.822 Y211.718 E129.54352
G1 X217.543 Y211.817 E129.55089
G1 X217.172 Y212.338 E129.5668
G1 X216.852 Y212.385 E129.57485
G1 X216.73 Y212.349 E129.57802
G1 X216.622 Y212.244 E129.58176
G1 X216.565 Y212.067 E129.58639
G1 X216.282 Y211.776 E129.59649
G1 X216.253 Y211.68 E129.59899
G1 F2700 E129.09899
G0 F15000 X222.663 Y208.813
G0 X224.789 Y208.812
G0 X225.218 Y209.074
G0 X225.542 Y209.548
G0 X225.647 Y214.105
G1 F2700 E129.59899
G1 F2528.5 X226.055 Y212.733 E129.6346
G1 X227.097 Y211.647 E129.67205
G1 X228.654 Y211.199 E129.71237
G1 X230.084 Y211.592 E129.74927
G1 X231.116 Y212.673 E129.78646
G1 X231.513 Y214.029 E129.82161
G1 X231.101 Y215.461 E129.85869
G1 X230.062 Y216.492 E129.89511
G1 X228.512 Y216.933 E129.93521
G1 X227.13 Y216.54 E129.97096
G1 X226.039 Y215.461 E130.00914
G1 X225.647 Y214.105 E130.04427
G1 F2700 E129.54427
;MESH:axis.stl
G0 F15000 X224.15 Y213.855
G0 X222.691 Y216.018
G0 X222.294 Y216.267
M204 S1250
;TYPE:WALL-INNER
G1 F2700 E130.04427
G1 F2528.5 X222.639 Y216.281 E130.05331
G1 X222.846 Y216.369 E130.0592
G1 X223.13 Y216.805 E130.07283
G1 X223.13 Y219.902 E130.15395
G1 X224.339 Y219.902 E130.18562
G1 X224.37 Y219.823 E130.18784
G1 X224.37 Y219.032 E130.20856
G1 X224.342 Y218.486 E130.22288
G1 X224.237 Y217.632 E130.24541
G1 X224.074 Y216.865 E130.26595
G1 X223.875 Y215.676 E130.29753
G1 X223.87 Y214.361 E130.33197
G1 X224.08 Y213.097 E130.36553
G1 X224.187 Y212.607 E130.37867
G1 X224.276 Y212.041 E130.39368
G1 X224.347 Y211.475 E130.40862
G1 X224.37 Y210.956 E130.42222
G1 X224.37 Y210.103 E130.44457
G1 X223.159 Y210.102 E130.47628
G1 X223.13 Y210.179 E130.47844
G1 X223.13 Y213.18 E130.55704
G1 X223.096 Y213.313 E130.56064
G1 X222.84 Y213.636 E130.57143
G1 X222.707 Y213.699 E130.57529
G1 X222.298 Y213.733 E130.58604
G1 X222.536 Y214.325 E130.60275
G1 X222.633 Y214.97 E130.61983
G1 X222.583 Y215.493 E130.6336
G1 X222.448 Y215.955 E130.6462
G1 X222.294 Y216.267 E130.65532
M204 S2500
G0 F15000 X221.403 Y216.695
M204 S1250
;TYPE:WALL-OUTER
G1 F2528.5 X222.547 Y216.691 E130.68528
G1 X222.616 Y216.72 E130.68724
G1 X222.707 Y216.861 E130.69164
G1 X222.71 Y219.906 E130.77139
G1 X222.761 Y220.086 E130.77629
G1 X222.959 Y220.322 E130.78436
G1 X224.532 Y220.322 E130.82556
G1 X224.669 Y220.212 E130.83016
G1 X224.79 Y219.901 E130.8389
G1 X224.789 Y218.706 E130.8702
G1 X224.656 Y217.587 E130.89972
G1 X224.488 Y216.795 E130.92092
G1 X224.291 Y215.62 E130.95213
G1 X224.292 Y214.381 E130.98458
G1 X224.49 Y213.187 E131.01628
G1 X224.597 Y212.7 E131.02934
G1 X224.693 Y212.093 E131.04544
G1 X224.766 Y211.51 E131.06083
G1 X224.79 Y210.956 E131.07535
G1 X224.79 Y210.099 E131.0978
G1 X224.736 Y209.92 E131.1027
G1 X224.54 Y209.682 E131.11077
G1 X222.972 Y209.682 E131.15184
G1 X222.821 Y209.807 E131.15698
G1 X222.71 Y210.103 E131.16526
G1 X222.708 Y213.163 E131.24541
G1 X222.614 Y213.282 E131.24938
G1 X222.498 Y213.314 E131.25253
G1 X221.422 Y213.31 E131.28071
G1 X221.715 Y213.611 E131.29171
G1 X221.954 Y213.975 E131.30312
G1 X222.115 Y214.365 E131.31417
G1 X222.208 Y214.968 E131.33015
G1 X222.168 Y215.423 E131.34212
G1 X222.046 Y215.833 E131.35332
G1 X221.846 Y216.216 E131.36464
G1 X221.542 Y216.583 E131.37712
G1 X221.403 Y216.695 E131.38179
M204 S2500
G0 F15000 X221.603 Y216.695
G0 X221.994 Y216.44
G0 X223.475 Y212.406
;TYPE:SKIN
G1 F2641.7 X223.748 Y212.12 E131.39171
G1 F3105.1 X223.883 Y212.19 E131.39495
G1 X223.826 Y212.493 E131.40153
G1 F2303.6 X223.607 Y213.01 E131.41767
G1 F2042.2 X223.475 Y212.406 E131.43772
G0 F15000 X223.607 Y213.01
G1 F1866.4 X223.542 Y213.464 E131.45399
G0 F15000 X223.48 Y217.596
G1 F2058.1 X223.602 Y216.937 E131.47556
G1 F2303.6 X223.836 Y217.502 E131.49314
G1 F3034.2 X223.901 Y217.805 E131.4999
G1 X223.75 Y217.883 E131.50361
G1 F2615.7 X223.48 Y217.596 E131.51359
G0 F15000 X223.602 Y216.937
G1 F1903.1 X223.584 Y216.735 E131.52065
G0 F15000 X223.348 Y216.043
G0 X222.905 Y215.929
G1 F2217 X222.991 Y215.594 E131.53098
G1 F2370.4 X223.035 Y214.98 E131.54818
G1 F2303.6 X222.947 Y214.167 E131.57169
G1 F2162.8 X222.907 Y214.063 E131.5751
G1 F2128.2 X223.092 Y213.991 E131.58128
G1 F2058.1 X223.54 Y213.482 E131.6031
G1 F2107.1 X223.441 Y214.296 E131.62887
G1 F2328.9 X223.465 Y214.96 E131.64776
G1 X223.443 Y215.7 E131.66882
G1 F2123.9 X223.579 Y216.695 E131.70013
G1 F2074.1 X223.115 Y216.014 E131.72644
G1 F2132.4 X222.905 Y215.929 E131.73348
G0 F15000 X223.532 Y218.832
G1 F2458.2 X223.964 Y218.832 E131.74512
G1 X223.964 Y219.496 E131.763
G1 X223.532 Y219.496 E131.77464
G1 X223.532 Y218.832 E131.79253
G0 F15000 X223.532 Y211.176
G1 F2458.2 X223.532 Y210.504 E131.81064
G1 X223.964 Y210.504 E131.82227
G1 X223.964 Y211.176 E131.84038
G1 X223.532 Y211.176 E131.85202
G0 F15000 X223.74 Y211.176
G1 F2700 E131.35202
;MESH:NONMESH
G0 F600 X223.74 Y211.176 Z2.55
G0 F15000 X222.94 Y210.219
G0 X221.835 Y210.219
G0 X206.064 Y210.219
;TIME_ELAPSED:200.443753
;LAYER:16
;note -- min layer time used
;TYPE:SUPPORT
G1 F2700 E131.85202
G1 F2562.7 X206.184 Y210.185 E131.85533
G1 X206.304 Y210.219 E131.85864
G1 X206.392 Y210.311 E131.86202
G1 X206.423 Y210.419 E131.865
G1 X206.388 Y210.539 E131.86832
G1 X206.306 Y210.623 E131.87143
G1 X206.074 Y210.628 E131.87759
G1 X205.976 Y210.53 E131.88127
G1 X205.945 Y210.423 E131.88423
G1 X205.977 Y210.311 E131.88732
G1 X206.064 Y210.219 E131.89068
G1 F2700 E131.39068
G0 F15000 X207.843 Y210.574
G1 F2700 E131.89068
G1 F2733.6 X207.993 Y210.129 E131.90236
G1 X208.379 Y209.731 E131.91616
G1 X208.968 Y209.566 E131.93138
G1 X209.397 Y209.673 E131.94238
G1 X209.728 Y210.024 E131.95439
G1 X209.875 Y210.524 E131.96735
G1 X209.929 Y210.842 E131.97538
G1 X209.842 Y211.172 E131.98387
G1 X209.638 Y211.379 E131.9911
G1 X209.438 Y211.504 E131.99697
G1 X209.108 Y211.601 E132.00553
G1 X208.861 Y211.871 E132.01464
G1 X208.597 Y211.953 E132.02152
G1 X208.532 Y212.009 E132.02365
G1 X208.112 Y212.026 E132.03411
G1 X208.019 Y211.933 E132.03738
G1 X207.939 Y211.498 E132.04839
G1 X207.876 Y211.361 E132.05214
G1 X208.041 Y211.158 E132.05865
G1 X208.082 Y211.024 E132.06214
G1 X207.957 Y210.763 E132.06934
G1 X207.872 Y210.68 E132.07229
G1 X207.843 Y210.574 E132.07503
G1 F2700 E131.57503
G0 F15000 X205.839 Y210.554
G0 X203.424 Y211.948
G1 F2700 E132.07503
G1 F2733.6 X203.817 Y213.305 E132.11018
G1 X203.42 Y214.722 E132.1468
G1 X202.39 Y215.752 E132.18304
G1 X200.97 Y216.149 E132.21973
G1 X199.615 Y215.753 E132.25486
G1 X198.523 Y214.661 E132.29328
G1 X198.127 Y213.305 E132.32843
G1 X198.524 Y211.948 E132.36362
G1 X199.557 Y210.863 E132.40089
G1 X200.973 Y210.463 E132.43751
G1 X202.391 Y210.863 E132.47417
G1 X203.424 Y211.948 E132.51144
G1 F2700 E132.01144
G0 F15000 X204.425 Y216.356
G0 X205.957 Y220.06
G1 F2700 E132.51144
G1 F1805.2 X206.023 Y219.504 E132.53254
G1 F1929.6 X206.084 Y219.441 E132.53563
G1 X206.392 Y219.503 E132.54671
G1 X206.517 Y219.652 E132.55356
G1 X206.57 Y219.862 E132.5612
G1 F1766.3 X206.602 Y220.364 E132.58057
G1 F1630.8 X206.545 Y220.638 E132.59224
G1 F1633.1 X206.413 Y220.77 E132.60001
G1 X206.235 Y220.819 E132.6077
G1 X206.073 Y220.772 E132.61473
G1 X205.917 Y220.615 E132.62395
G1 X205.866 Y220.443 E132.63142
G1 F1663.9 X205.957 Y220.06 E132.64751
G1 F2700 E132.14751
G0 F15000 X208.195 Y219.288
G1 F2700 E132.64751
G1 F2733.6 X207.989 Y219.071 E132.65496
G1 X207.875 Y218.638 E132.6661
G1 X208.037 Y218.058 E132.68108
G1 X208.097 Y217.995 E132.68325
G1 X208.511 Y217.978 E132.69356
G1 X208.739 Y218.155 E132.70074
G1 X208.958 Y218.402 E132.70895
G1 X209.292 Y218.458 E132.71738
G1 X209.442 Y218.427 E132.72119
G1 X209.921 Y218.543 E132.73346
G1 X210.263 Y218.885 E132.74549
G1 X210.377 Y219.306 E132.75634
G1 X210.228 Y219.768 E132.76842
G1 X209.726 Y220.246 E132.78567
G1 X209.281 Y220.388 E132.79729
G1 X208.698 Y220.219 E132.8124
G1 X208.394 Y219.944 E132.8226
G1 X208.195 Y219.288 E132.83965
G1 F2700 E132.33965
G0 F15000 X211.581 Y219.505
G1 F2700 E132.83965
G1 F2733.6 X211.697 Y219.139 E132.84921
G1 X212.001 Y218.847 E132.8597
G1 X212.718 Y218.672 E132.87806
G1 X212.786 Y218.604 E132.88045
G1 X212.825 Y218.453 E132.88433
G1 X212.751 Y218.19 E132.89113
G1 X212.784 Y218.073 E132.89416
G1 X212.858 Y217.997 E132.8968
G1 X213.281 Y217.987 E132.90733
G1 X213.388 Y217.917 E132.91051
G1 X213.43 Y217.835 E132.9128
G1 X213.625 Y217.675 E132.91908
G1 X214.072 Y217.611 E132.93031
G1 X214.293 Y217.669 E132.936
G1 X214.442 Y217.823 E132.94133
G1 X214.5 Y218.006 E132.94611
G1 X214.446 Y218.187 E132.95081
G1 X214.213 Y218.369 E132.95816
G1 X214.132 Y218.488 E132.96174
G1 X214.078 Y218.715 E132.96755
G1 X214.123 Y218.858 E132.97128
G1 X214.404 Y219.124 E132.98091
G1 X214.536 Y219.551 E132.99203
G1 X214.4 Y219.98 E133.00323
G1 X214.022 Y220.334 E133.01611
G1 X213.272 Y220.577 E133.03573
G1 X212.825 Y220.465 E133.0472
G1 X212.634 Y220.317 E133.05321
G1 X212.049 Y220.175 E133.06819
G1 X211.702 Y219.86 E133.07985
G1 X211.581 Y219.505 E133.08918
G1 F2700 E132.58918
G0 F15000 X215.836 Y219.32
G1 F2700 E133.08918
G1 F2733.6 X215.932 Y218.962 E133.09841
G1 X216.263 Y218.638 E133.10993
G1 X216.371 Y218.281 E133.11921
G1 X216.667 Y217.997 E133.12942
G1 X217.106 Y217.987 E133.14035
G1 X217.256 Y218.028 E133.14421
G1 X217.361 Y218.137 E133.14798
G1 X217.459 Y218.368 E133.15422
G1 X217.575 Y218.46 E133.15791
G1 X217.754 Y218.508 E133.16252
G1 X218.051 Y218.812 E133.17309
G1 X218.146 Y219.174 E133.18241
G1 X218.153 Y219.449 E133.18925
G1 X218.449 Y219.755 E133.19985
G1 X218.604 Y220.206 E133.21171
G1 X218.491 Y220.653 E133.22318
G1 X218.157 Y220.972 E133.23468
G1 X217.669 Y221.082 E133.24712
G1 X217.18 Y220.929 E133.25987
G1 X217.014 Y220.837 E133.2646
G1 X216.602 Y220.443 E133.27878
G1 X216.493 Y220.152 E133.28651
G1 X216.323 Y220.043 E133.29154
G1 X215.97 Y219.707 E133.30366
G1 X215.836 Y219.32 E133.31386
G1 F2700 E132.81386
G0 F15000 X219.393 Y220.421
G1 F2700 E133.31386
G1 F2733.6 X219.503 Y220.066 E133.3231
G1 X219.593 Y219.899 E133.32782
G1 X219.962 Y219.492 E133.34149
G1 X220.061 Y219.457 E133.34411
G1 X220.169 Y219.307 E133.34871
G1 X220.561 Y218.905 E133.36268
G1 X220.7 Y218.838 E133.36652
G1 X220.767 Y218.722 E133.36985
G1 X221.154 Y218.325 E133.38365
G1 X221.432 Y218.206 E133.39117
G1 X221.628 Y218.024 E133.39782
G1 X221.752 Y217.99 E133.40102
G1 X221.876 Y218.024 E133.40422
G1 X221.97 Y218.121 E133.40758
G1 X221.97 Y218.74 E133.42299
G1 X221.834 Y218.882 E133.42788
G1 X221.81 Y219.129 E133.43405
G1 X221.616 Y219.354 E133.44145
G1 X221.61 Y220.48 E133.46947
G1 X221.22 Y220.866 E133.48312
G1 X221.111 Y220.904 E133.48599
G1 X220.696 Y221.336 E133.5009
G1 X220.222 Y221.492 E133.51331
G1 X219.804 Y221.377 E133.5241
G1 X219.459 Y221.019 E133.53647
G1 X219.35 Y220.56 E133.54821
G1 X219.393 Y220.421 E133.55183
G1 F2700 E133.05183
G0 F15000 X222.744 Y221.337
G0 X224.615 Y221.339
G0 X225.162 Y221.141
G0 X225.534 Y220.642
G0 X225.935 Y215.492
G1 F2700 E133.55183
G1 F2733.6 X225.54 Y214.137 E133.58695
G1 X225.951 Y212.765 E133.62259
G1 X226.989 Y211.679 E133.65997
G1 X228.542 Y211.235 E133.70016
G1 X229.98 Y211.632 E133.73728
G1 X231.012 Y212.713 E133.77447
G1 X231.409 Y214.069 E133.80963
G1 X230.993 Y215.501 E133.84673
G1 X229.958 Y216.528 E133.88301
G1 X228.413 Y216.965 E133.92296
G1 X227.03 Y216.572 E133.95874
G1 X225.935 Y215.492 E133.99701
G1 F2700 E133.49701
G0 F15000 X225.664 Y209.819
G0 X225.171 Y208.876
G0 X224.637 Y208.664
G0 X222.862 Y208.663
G0 X222.328 Y208.875
G0 X221.998 Y209.327
G0 X221.61 Y210.664
G1 F2700 E133.99701
G1 F2733.6 X221.815 Y210.868 E134.0042
G1 X221.845 Y211.145 E134.01114
G1 X221.97 Y211.268 E134.0155
G1 X221.97 Y211.951 E134.0325
G1 X221.903 Y212.016 E134.03482
G1 X221.615 Y212.014 E134.04199
G1 X221.453 Y211.878 E134.04725
G1 X221.184 Y211.765 E134.05451
G1 X220.88 Y211.462 E134.06519
G1 X220.835 Y211.333 E134.06859
G1 X220.604 Y211.075 E134.07721
G1 X220.505 Y211.029 E134.07992
G1 X220.145 Y210.693 E134.09217
G1 X220.045 Y210.413 E134.09957
G1 X220.172 Y209.98 E134.1108
G1 X220.509 Y209.623 E134.12302
G1 X220.811 Y209.554 E134.13073
G1 X221.26 Y209.696 E134.14244
G1 X221.595 Y209.983 E134.15342
G1 X221.61 Y210.664 E134.17037
G1 F2700 E133.67037
G0 F15000 X219.15 Y210.015
G1 F2700 E134.17037
G1 F2733.6 X218.995 Y210.496 E134.18294
G1 X218.557 Y210.944 E134.19853
G1 X218.077 Y211.11 E134.21117
G1 X217.755 Y211.491 E134.22358
G1 X217.451 Y211.596 E134.23159
G1 X217.39 Y211.684 E134.23425
G1 X217.34 Y211.946 E134.24089
G1 X217.277 Y212.009 E134.2431
G1 X216.872 Y212.026 E134.25319
G1 X216.765 Y211.935 E134.25669
G1 X216.551 Y211.869 E134.26226
G1 X216.394 Y211.712 E134.26778
G1 X216.34 Y211.536 E134.27236
G1 X216.395 Y211.357 E134.27702
G1 X216.536 Y211.208 E134.28213
G1 X216.695 Y211.163 E134.28624
G1 X216.801 Y211.069 E134.28977
G1 X216.826 Y210.981 E134.29204
G1 X216.795 Y210.75 E134.29784
G1 X216.888 Y210.433 E134.30606
G1 X217.125 Y210.186 E134.31458
G1 X217.409 Y210.094 E134.32201
G1 X217.488 Y210.002 E134.32502
G1 X217.543 Y209.833 E134.32945
G1 X217.982 Y209.363 E134.34545
G1 X218.398 Y209.223 E134.35637
G1 X218.784 Y209.317 E134.36626
G1 X219.056 Y209.614 E134.37628
G1 X219.15 Y210.015 E134.38653
G1 F2700 E133.88653
G0 F15000 X215.244 Y210.614
G1 F2700 E134.38653
G1 F2733.6 X215.137 Y210.992 E134.3963
G1 X214.839 Y211.263 E134.40632
G1 X214.496 Y211.345 E134.4151
G1 X214.386 Y211.449 E134.41887
G1 X214.366 Y211.55 E134.42143
G1 X214.496 Y212.005 E134.4332
G1 X214.442 Y212.187 E134.43793
G1 X214.292 Y212.332 E134.44312
G1 X214.067 Y212.394 E134.44893
G1 X213.633 Y212.325 E134.45986
G1 X213.291 Y212.019 E134.47128
G1 X212.868 Y212.006 E134.48181
G1 X212.783 Y211.921 E134.4848
G1 X212.751 Y211.812 E134.48763
G1 X212.791 Y211.679 E134.49108
G1 X212.918 Y211.511 E134.49632
G1 X212.928 Y211.354 E134.50024
G1 X212.811 Y210.996 E134.50961
G1 X212.786 Y210.757 E134.51559
G1 X212.883 Y210.432 E134.52403
G1 X213.121 Y210.179 E134.53267
G1 X213.539 Y210.058 E134.5435
G1 X213.819 Y209.822 E134.55261
G1 X214.158 Y209.724 E134.56139
G1 X214.774 Y209.911 E134.57741
G1 X215.117 Y210.24 E134.58924
G1 X215.244 Y210.614 E134.59906
G1 F2700 E134.09906
;MESH:axis.stl
G0 F15000 X213.653 Y213.656
G0 X207.066 Y216.338
G0 X206.324 Y217.626
M204 S1250
;TYPE:WALL-INNER
G1 F2700 E134.59906
G1 F2779.9 X206.61 Y218.166 E134.6148
G1 X206.813 Y218.165 E134.62003
G1 X206.874 Y217.975 E134.62517
G1 X206.874 Y217.626 E134.63416
G1 X206.324 Y217.626 E134.64833
M204 S2500
G0 F15000 X205.701 Y217.21
M204 S1250
;TYPE:WALL-OUTER
G1 F2733.6 X205.943 Y217.795 E134.66491
G1 X206.359 Y218.582 E134.68822
G1 X207.027 Y218.582 E134.70572
G1 X207.162 Y218.441 E134.71083
G1 X207.29 Y218.039 E134.72188
G1 X207.29 Y217.21 E134.7436
G1 X205.701 Y217.21 E134.78522
M204 S2500
G0 F15000 X205.777 Y217.394
G1 F2700 E134.28522
G0 F15000 X206.098 Y217.478
G0 X206.63 Y217.443
G0 X206.63 Y216.338
G0 X206.63 Y213.668
G0 X206.325 Y212.374
M204 S1250
;TYPE:WALL-INNER
G1 F2700 E134.78522
G1 F2786.6 X206.874 Y212.374 E134.79932
G1 X206.874 Y212.02 E134.80842
G1 X206.817 Y211.837 E134.81334
G1 X206.612 Y211.838 E134.81861
G1 X206.325 Y212.374 E134.83423
M204 S2500
G0 F15000 X205.701 Y212.79
M204 S1250
;TYPE:WALL-OUTER
G1 F2733.6 X207.29 Y212.79 E134.87585
G1 X207.29 Y211.973 E134.89725
G1 X207.234 Y211.732 E134.90373
G1 X207.028 Y211.422 E134.91348
G1 X206.362 Y211.422 E134.93092
G1 X205.927 Y212.238 E134.95514
G1 X205.701 Y212.79 E134.97077
M204 S2500
G0 F15000 X205.901 Y212.79
G1 F2700 E134.47077
G0 F15000 X206.097 Y212.528
G0 X207.066 Y212.569
G0 X208.153 Y212.074
G0 X213.653 Y212.061
G0 X216.347 Y213.656
G0 X220.744 Y213.899
G0 X221.726 Y213.277
G0 X222.484 Y213.583
G0 X222.025 Y213.342
M204 S1250
;TYPE:WALL-INNER
G1 F2700 E134.97077
G1 F2733.6 X222.396 Y213.922 E134.9888
G1 X222.568 Y214.435 E135.00297
G1 X222.631 Y215.004 E135.01797
G1 X222.581 Y215.5 E135.03102
G1 X222.448 Y215.954 E135.04341
G1 X222.211 Y216.42 E135.05711
G1 X222.036 Y216.65 E135.06468
G1 X222.659 Y216.67 E135.081
G1 X222.797 Y216.724 E135.08489
G1 X222.976 Y216.867 E135.09089
G1 X223.13 Y217.164 E135.09965
G1 X223.13 Y220.042 E135.17503
G1 X224.37 Y220.041 E135.20751
G1 X224.37 Y218.926 E135.23671
G1 X224.278 Y218.215 E135.25549
G1 X224.162 Y217.638 E135.27091
G1 X223.865 Y216.362 E135.30522
G1 X223.727 Y215.461 E135.3291
G1 X223.731 Y214.543 E135.35314
G1 X223.864 Y213.645 E135.37692
G1 X224.165 Y212.346 E135.41184
G1 X224.28 Y211.766 E135.42733
G1 X224.366 Y211.091 E135.44515
G1 X224.369 Y209.958 E135.47483
G1 X223.131 Y209.955 E135.50726
G1 X223.13 Y212.712 E135.57947
G1 X223.081 Y212.959 E135.58606
G1 X222.972 Y213.131 E135.5914
G1 X222.656 Y213.323 E135.60108
G1 X222.025 Y213.342 E135.61762
M204 S2500
G0 F15000 X221.576 Y213.455
M204 S1250
;TYPE:WALL-OUTER
G1 F2733.6 X221.84 Y213.786 E135.62871
G1 X222.045 Y214.166 E135.64002
G1 X222.166 Y214.558 E135.65076
G1 X222.211 Y215.002 E135.66245
G1 X222.167 Y215.426 E135.67362
G1 X222.046 Y215.833 E135.68474
G1 X221.819 Y216.254 E135.69726
G1 X221.575 Y216.55 E135.70731
G1 X221.25 Y216.823 E135.71843
G1 X220.734 Y217.072 E135.73344
G1 X222.553 Y217.076 E135.78108
G1 X222.659 Y217.142 E135.78435
G1 X222.705 Y217.231 E135.78697
G1 X222.71 Y220.068 E135.86128
G1 X222.757 Y220.243 E135.86603
G1 X222.889 Y220.421 E135.87183
G1 X222.965 Y220.462 E135.87409
G1 X224.463 Y220.462 E135.91333
G1 X224.618 Y220.407 E135.91764
G1 X224.737 Y220.248 E135.92284
G1 X224.79 Y220.069 E135.92773
G1 X224.789 Y218.894 E135.95851
G1 X224.692 Y218.147 E135.97824
G1 X224.571 Y217.542 E135.9944
G1 X224.28 Y216.297 E136.02788
G1 X224.146 Y215.431 E136.05084
G1 X224.15 Y214.57 E136.07339
G1 X224.283 Y213.692 E136.09665
G1 X224.577 Y212.429 E136.13061
G1 X224.692 Y211.854 E136.14597
G1 X224.786 Y211.118 E136.16541
G1 X224.789 Y209.937 E136.19634
G1 X224.74 Y209.763 E136.20107
G1 X224.615 Y209.594 E136.20658
G1 X224.468 Y209.538 E136.2107
G1 X223.025 Y209.535 E136.2485
G1 X222.882 Y209.593 E136.25254
G1 X222.757 Y209.762 E136.25804
G1 X222.711 Y209.936 E136.26276
G1 X222.705 Y212.76 E136.33673
G1 X222.658 Y212.852 E136.33943
G1 X222.5 Y212.922 E136.34396
G1 X220.723 Y212.923 E136.3905
G1 X221.214 Y213.16 E136.40478
G1 X221.576 Y213.455 E136.41701
M204 S2500
G0 F15000 X221.7 Y213.611
G0 X222.484 Y213.583
G0 X222.809 Y214.448
G0 X223.348 Y216.429
G0 X223.466 Y217.889
;TYPE:SKIN
G1 F2391.9 X223.579 Y217.132 E136.43992
G1 F2645.4 X223.808 Y217.711 E136.45678
G1 F3347.2 X223.888 Y218.109 E136.46546
G1 X223.779 Y218.173 E136.46816
G1 F2959 X223.466 Y217.889 E136.47839
G0 F15000 X223.579 Y217.132
G1 F2178.6 X223.55 Y217.01 E136.48251
G0 F15000 X223.487 Y212.096
G1 F3357 X223.776 Y211.836 E136.4908
G1 X223.887 Y211.9 E136.49354
G1 X223.811 Y212.27 E136.50159
G1 F2540 X223.597 Y212.704 E136.51523
G1 X223.487 Y212.096 E136.53265
G0 F15000 X223.597 Y212.704
G1 F2076.1 X223.504 Y213.138 E136.54796
G0 F15000 X222.785 Y213.742
G1 F2264.5 X223.005 Y213.656 E136.55542
G1 F2260 X223.277 Y213.446 E136.56631
G1 F2182.7 X223.504 Y213.138 E136.57886
G1 X223.375 Y213.917 E136.60476
G1 F2562.7 X223.347 Y214.499 E136.62104
G1 F3061.6 X223.358 Y214.923 E136.63096
G1 F3078 X223.343 Y215.501 E136.64441
G1 F2540 X223.38 Y216.223 E136.66479
G1 F2199.4 X223.55 Y217.01 E136.691
G1 F2220.7 X223.285 Y216.555 E136.70798
G1 F2269 X222.988 Y216.325 E136.71983
G1 X222.788 Y216.25 E136.72657
G1 X222.872 Y216.075 E136.73269
G1 F2517.8 X222.958 Y215.588 E136.74676
G1 F3005.5 X222.997 Y214.921 E136.76267
G1 F2928.8 X222.951 Y214.312 E136.7776
G1 F2463.7 X222.882 Y213.954 E136.7882
G1 F2264.5 X222.785 Y213.742 E136.79557
G0 F15000 X223.348 Y213.559
G0 X223.535 Y210.961
G1 F2682.5 X223.534 Y210.358 E136.81167
G1 F2676.2 X223.965 Y210.358 E136.8232
G1 F2682.5 X223.962 Y210.961 E136.83929
G1 X223.535 Y210.961 E136.85069
G0 F15000 X223.532 Y219.032
G1 F2657.6 X223.964 Y219.032 E136.86233
G1 X223.964 Y219.636 E136.8786
G1 X223.532 Y219.636 E136.89024
G1 X223.532 Y219.032 E136.90651
G0 F15000 X223.74 Y219.032
G1 F2700 E136.40651
;MESH:NONMESH
G0 F600 X223.74 Y219.032 Z2.7
G0 F15000 X222.934 Y216.844
G0 X221.847 Y217.933
G0 X216.347 Y217.946
G0 X216.347 Y216.35
G0 X204.428 Y213.65
G0 X199.557 Y210.863
;TIME_ELAPSED:211.179840
;LAYER:17
;note -- min layer time used
;TYPE:SUPPORT
G1 F2700 E136.90651
G1 F2847.1 X200.973 Y210.463 E136.94312
G1 X202.391 Y210.863 E136.97978
G1 X203.424 Y211.948 E137.01706
G1 X203.817 Y213.305 E137.05221
G1 X203.42 Y214.722 E137.08883
G1 X202.39 Y215.752 E137.12508
G1 X200.97 Y216.149 E137.16176
G1 X199.615 Y215.753 E137.19689
G1 X198.523 Y214.661 E137.23532
G1 X198.127 Y213.305 E137.27047
G1 X198.524 Y211.948 E137.30565
G1 X199.557 Y210.863 E137.34293
G1 F2700 E136.84293
G0 F15000 X205.993 Y219.872
G1 F2700 E137.34293
G1 F1986.4 X206.171 Y219.661 E137.35277
G1 X206.375 Y219.661 E137.36005
G1 X206.535 Y220.139 E137.37803
G1 X206.477 Y220.556 E137.39304
G1 F1989.7 X206.361 Y220.694 E137.39946
G1 X206.235 Y220.735 E137.40418
G1 X206.112 Y220.692 E137.40882
G1 X205.99 Y220.547 E137.41556
G1 X205.933 Y220.318 E137.42397
G1 F1986.4 X205.993 Y219.872 E137.44002
G1 F2700 E136.94002
G0 F15000 X208.317 Y219.864
G1 F2700 E137.44002
G1 F2847.1 X208.023 Y219.05 E137.46155
G1 X207.874 Y218.86 E137.46756
G1 X208.034 Y218.336 E137.48119
G1 X208.089 Y218.271 E137.48331
G1 X208.659 Y218.248 E137.49751
G1 X208.843 Y218.421 E137.50379
G1 X208.945 Y218.446 E137.5064
G1 X209.179 Y218.381 E137.51245
G1 X209.352 Y218.438 E137.51698
G1 X209.562 Y218.735 E137.52603
G1 X209.734 Y218.821 E137.53082
G1 X209.97 Y219.043 E137.53888
G1 X210.063 Y219.421 E137.54856
G1 X209.949 Y219.853 E137.55968
G1 X209.556 Y220.203 E137.57278
G1 X209.153 Y220.317 E137.5832
G1 X208.658 Y220.175 E137.59601
G1 X208.317 Y219.864 E137.60749
G1 F2700 E137.10749
G0 F15000 X211.931 Y219.539
G1 F2700 E137.60749
G1 F2847.1 X212.027 Y219.263 E137.61477
G1 X212.312 Y218.978 E137.62479
G1 X212.889 Y218.825 E137.63965
G1 X212.987 Y218.725 E137.64313
G1 F2888.4 X213.06 Y218.338 E137.65279
G1 F2938.1 X213.149 Y218.244 E137.65591
G1 F2989.5 X213.331 Y218.184 E137.66045
G1 F3050.5 X213.466 Y218.048 E137.6649
G1 F2833.6 X213.538 Y217.892 E137.6692
G1 F2651.4 X213.63 Y217.803 E137.67262
G1 X213.747 Y217.769 E137.67588
G1 X213.865 Y217.803 E137.67916
G1 X213.951 Y217.892 E137.68246
G1 X213.982 Y217.998 E137.68541
G1 X213.947 Y218.118 E137.68875
G1 F2938.1 X213.681 Y218.353 E137.69731
G1 F3066.2 X213.634 Y218.497 E137.70081
G1 F2860.8 X213.731 Y218.862 E137.71017
G1 F2847.1 X214.079 Y219.213 E137.72246
G1 X214.173 Y219.583 E137.73196
G1 X214.037 Y219.988 E137.74259
G1 X213.635 Y220.376 E137.7565
G1 X213.122 Y220.527 E137.7698
G1 X212.732 Y220.392 E137.78007
G1 X212.481 Y220.155 E137.78866
G1 X212.318 Y220.085 E137.79308
G1 X212.026 Y219.828 E137.80275
G1 X211.931 Y219.539 E137.81032
G1 F2700 E137.31032
G0 F15000 X216.16 Y219.423
G1 F2700 E137.81032
G1 F2847.1 X216.205 Y219.257 E137.8146
G1 X216.582 Y218.843 E137.82854
G1 X216.561 Y218.676 E137.83272
G1 X216.475 Y218.581 E137.83591
G1 X216.443 Y218.467 E137.83886
G1 X216.476 Y218.348 E137.84193
G1 X216.569 Y218.251 E137.84528
G1 X216.693 Y218.216 E137.84848
G1 X216.964 Y218.281 E137.85542
G1 X217.259 Y218.27 E137.86276
G1 X217.342 Y218.349 E137.86561
G1 X217.68 Y218.449 E137.87438
G1 X217.825 Y218.637 E137.88029
G1 X218.01 Y219.268 E137.89665
G1 X217.97 Y219.461 E137.90156
G1 X218.004 Y219.564 E137.90426
G1 X218.141 Y219.707 E137.90918
G1 X218.28 Y220.103 E137.91963
G1 X218.186 Y220.485 E137.92942
G1 X217.902 Y220.751 E137.9391
G1 X217.482 Y220.846 E137.94981
G1 X216.895 Y220.625 E137.96542
G1 X216.522 Y220.27 E137.97823
G1 X216.382 Y219.872 E137.98873
G1 X216.278 Y219.754 E137.99265
G1 X216.16 Y219.423 E138.00139
G1 F2700 E137.50139
G0 F15000 X219.583 Y220.361
G1 F2700 E138.00139
G1 F2847.1 X219.809 Y219.77 E138.01713
G1 X220.136 Y219.41 E138.02924
G1 X220.461 Y219.295 E138.03781
G1 X220.566 Y219.145 E138.04237
G1 X220.858 Y218.884 E138.05211
G1 X220.934 Y218.757 E138.0558
G1 X221.157 Y218.548 E138.0634
G1 X221.466 Y218.418 E138.07174
G1 X221.623 Y218.278 E138.07698
G1 X221.879 Y218.271 E138.08335
G1 X221.97 Y218.365 E138.08661
G1 X221.97 Y218.966 E138.10156
G1 X221.825 Y219.15 E138.10739
G1 X221.818 Y219.378 E138.11307
G1 X221.615 Y219.617 E138.12087
G1 X221.61 Y220.305 E138.13799
G1 X221.302 Y220.612 E138.14881
G1 X221.071 Y220.693 E138.1549
G1 X220.735 Y221.033 E138.16679
G1 X220.332 Y221.172 E138.1774
G1 X219.968 Y221.076 E138.18677
G1 X219.68 Y220.769 E138.19724
G1 X219.583 Y220.361 E138.20768
G1 F2700 E137.70768
G0 F15000 X222.849 Y221.476
G0 X224.57 Y221.479
G0 X225.4 Y221.029
G0 X225.638 Y220.451
G0 X225.827 Y215.524
G1 F2700 E138.20768
G1 F2847.1 X225.431 Y214.165 E138.2429
G1 X225.843 Y212.793 E138.27854
G1 X226.88 Y211.711 E138.31584
G1 X228.437 Y211.274 E138.35608
G1 X229.872 Y211.668 E138.3931
G1 X230.908 Y212.749 E138.43036
G1 X231.305 Y214.105 E138.46552
G1 X230.889 Y215.537 E138.50262
G1 X229.854 Y216.564 E138.5389
G1 X228.309 Y216.993 E138.5788
G1 X226.921 Y216.6 E138.6147
G1 X225.827 Y215.524 E138.65288
G1 F2700 E138.15288
G0 F15000 X225.664 Y209.62
G0 X225.4 Y208.979
G0 X224.829 Y208.535
G0 X222.673 Y208.535
G0 X222.1 Y208.977
G0 X221.617 Y210.413
G1 F2700 E138.65288
G1 F2847.1 X221.815 Y210.643 E138.66043
G1 X221.818 Y210.826 E138.66498
G1 X221.867 Y210.953 E138.66837
G1 X221.97 Y211.044 E138.67179
G1 X221.97 Y211.643 E138.6867
G1 X221.874 Y211.737 E138.69004
G1 X221.331 Y211.737 E138.70355
G1 X221.223 Y211.63 E138.70733
G1 X221.154 Y211.407 E138.71314
G1 X220.55 Y210.83 E138.73393
G1 X220.484 Y210.608 E138.73969
G1 X220.587 Y210.26 E138.74872
G1 X220.849 Y209.983 E138.75821
G1 X221.199 Y209.884 E138.76726
G1 X221.41 Y209.953 E138.77278
G1 X221.61 Y210.14 E138.7796
G1 X221.617 Y210.413 E138.78639
G1 F2700 E138.28639
G0 F15000 X218.886 Y210.182
G1 F2700 E138.78639
G1 F2847.1 X218.765 Y210.555 E138.79615
G1 X218.356 Y211.003 E138.81124
G1 X217.9 Y211.19 E138.82351
G1 X217.82 Y211.428 E138.82975
G1 X217.676 Y211.61 E138.83553
G1 X217.501 Y211.672 E138.84015
G1 F2902.4 X217.112 Y211.554 E138.85007
G1 F2888.4 X216.953 Y211.62 E138.85429
G1 F2755.3 X216.834 Y211.748 E138.85879
G1 F2693.2 X216.727 Y211.777 E138.8617
G1 X216.621 Y211.746 E138.86461
G1 X216.518 Y211.643 E138.86844
G1 X216.487 Y211.538 E138.87132
G1 X216.519 Y211.426 E138.87438
G1 X216.612 Y211.328 E138.87794
G1 F2820.3 X216.947 Y211.18 E138.88714
G1 F2902.4 X217.006 Y211.087 E138.88983
G1 F2847.1 X216.931 Y210.735 E138.89878
G1 X217 Y210.495 E138.90499
G1 X217.189 Y210.295 E138.91184
G1 X217.446 Y210.203 E138.91863
G1 X217.916 Y209.652 E138.93665
G1 X218.26 Y209.531 E138.94573
G1 X218.589 Y209.61 E138.95415
G1 X218.811 Y209.85 E138.96228
G1 X218.886 Y210.182 E138.97075
G1 F2700 E138.47075
G0 F15000 X214.894 Y210.553
G1 F2700 E138.97075
G1 F2847.1 X214.832 Y210.748 E138.97584
G1 X214.508 Y211.051 E138.98688
G1 X214.218 Y211.172 E138.9947
G1 X214.031 Y211.167 E138.99935
G1 X213.775 Y211.407 E139.00809
G1 X213.722 Y211.528 E139.01137
G1 F2755.3 X213.77 Y211.704 E139.01606
G1 F2669.2 X213.952 Y211.892 E139.02301
G1 X213.983 Y211.998 E139.02594
G1 X213.948 Y212.119 E139.02928
G1 X213.859 Y212.207 E139.03261
G1 X213.743 Y212.239 E139.0358
G1 X213.638 Y212.208 E139.0387
G1 X213.536 Y212.106 E139.04253
G1 X213.476 Y211.906 E139.04808
G1 F2755.3 X213.33 Y211.798 E139.05274
G1 F2847.1 X213.186 Y211.756 E139.05648
G1 X213.082 Y211.652 E139.06014
G1 X212.953 Y211.134 E139.07342
G1 X212.963 Y210.909 E139.07902
G1 X212.923 Y210.766 E139.08272
G1 X212.997 Y210.49 E139.08983
G1 X213.182 Y210.294 E139.09654
G1 X213.37 Y210.234 E139.10145
G1 X213.74 Y209.914 E139.11362
G1 X214.068 Y209.82 E139.12211
G1 X214.496 Y209.957 E139.13329
G1 X214.779 Y210.237 E139.1432
G1 X214.894 Y210.553 E139.15156
G1 F2700 E138.65156
G0 F15000 X209.794 Y210.743
G1 F2700 E139.15156
G1 F2847.1 X209.72 Y211.003 E139.15829
G1 X209.572 Y211.174 E139.16392
G1 X209.506 Y211.44 E139.17074
G1 X209.36 Y211.615 E139.17641
G1 X209.185 Y211.674 E139.181
G1 X209.069 Y211.635 E139.18405
G1 X208.91 Y211.66 E139.18805
G1 X208.822 Y211.738 E139.19098
G1 X208.411 Y211.719 E139.20122
G1 X208.152 Y211.75 E139.20771
G1 X208.008 Y211.643 E139.21217
G1 X207.973 Y211.479 E139.21634
G1 X208.074 Y211.22 E139.22326
G1 X207.996 Y210.898 E139.23151
G1 X208.056 Y210.608 E139.23887
G1 X208.23 Y210.128 E139.25158
G1 X208.557 Y209.801 E139.26309
G1 X209.006 Y209.682 E139.27464
G1 X209.4 Y209.791 E139.28482
G1 X209.68 Y210.084 E139.2949
G1 X209.785 Y210.456 E139.30452
G1 X209.759 Y210.562 E139.30723
G1 X209.794 Y210.743 E139.31182
G1 F2700 E138.81182
;MESH:axis.stl
G0 F15000 X207.019 Y211.59
G0 X206.602 Y212.131
G0 X206.245 Y212.348
M204 S1250
;TYPE:WALL-INNER
G1 F2700 E139.31182
G1 F2577.2 X206.848 Y212.348 E139.32927
G1 X206.848 Y211.823 E139.34446
G1 X206.798 Y211.66 E139.34939
G1 X206.618 Y211.66 E139.3546
G1 X206.245 Y212.348 E139.37725
M204 S2500
G0 F15000 X205.537 Y212.79
M204 S1250
;TYPE:WALL-OUTER
G1 F2847.1 X206.9 Y212.79 E139.41295
G1 F2344.7 X207.5 Y212.7 E139.43225
G1 X207.29 Y212.4 E139.44389
G1 F2847.1 X207.29 Y211.756 E139.46076
G1 X207.167 Y211.36 E139.47162
G1 X207.013 Y211.218 E139.47711
G1 X206.367 Y211.218 E139.49403
G1 X206.029 Y211.785 E139.51132
G1 X205.537 Y212.79 E139.54063
M204 S2500
G0 F15000 X205.737 Y212.79
G0 X205.96 Y212.528
G0 X207.01 Y212.513
G0 X207.5 Y212.7
M204 S1250
G1 F1986.4 X212.698 Y212.698 E139.73577
M204 S2500
G1 F2700 E139.23577
G0 F15000 X212.698 Y213.668
G0 X207.066 Y216.338
G0 X207.066 Y217.437
G0 X206.599 Y217.875
G0 X206.242 Y217.653
M204 S1250
;TYPE:WALL-INNER
G1 F2700 E139.73577
G1 F2582.7 X206.619 Y218.345 E139.75853
G1 X206.797 Y218.344 E139.76366
G1 X206.849 Y218.18 E139.76863
G1 X206.849 Y217.652 E139.78388
G1 X206.242 Y217.653 E139.8014
M204 S2500
G0 F15000 X205.562 Y217.21
M204 S1250
;TYPE:WALL-OUTER
G1 F2847.1 X205.715 Y217.58 E139.81189
G1 X206.025 Y218.207 E139.83021
G1 X206.368 Y218.786 E139.84784
G1 X207.01 Y218.785 E139.86465
G1 X207.164 Y218.646 E139.87009
G1 X207.29 Y218.247 E139.88105
G1 X207.29 Y217.604 E139.89789
G1 F2326.5 X207.448 Y217.304 E139.90876
G1 X206.896 Y217.21 E139.92671
G1 F2847.1 X205.562 Y217.21 E139.96165
M204 S2500
G0 F15000 X205.638 Y217.395
G0 X205.961 Y217.478
G0 X207.01 Y217.493
G0 X207.448 Y217.304
M204 S1250
G1 F1966.8 X212.696 Y217.304 E140.16063
M204 S2500
G1 F2700 E139.66063
G0 F15000 X213.665 Y217.304
G0 X216.347 Y216.35
G0 X220.531 Y216.223
G0 X221.044 Y217.185
G0 X222.261 Y216.746
G0 X221.721 Y216.978
M204 S1250
;TYPE:WALL-INNER
G1 F2700 E140.16063
G1 F2847.1 X222.528 Y216.978 E140.18177
G1 X222.743 Y217.026 E140.18754
G1 X222.993 Y217.215 E140.19575
G1 X223.128 Y217.474 E140.2034
G1 X223.13 Y220.182 E140.27433
G1 X224.37 Y220.182 E140.30681
G1 X224.37 Y219.113 E140.33481
G1 X224.279 Y218.473 E140.35174
G1 X224.167 Y217.94 E140.366
G1 X224.008 Y217.356 E140.38186
G1 X223.628 Y216.041 E140.41771
G1 X223.526 Y214.997 E140.44518
G1 X223.629 Y213.961 E140.47245
G1 X224.014 Y212.633 E140.50867
G1 X224.174 Y212.032 E140.52496
G1 X224.282 Y211.519 E140.53869
G1 X224.37 Y210.892 E140.55527
G1 X224.37 Y209.826 E140.58319
G1 X223.13 Y209.826 E140.61567
G1 X223.127 Y212.476 E140.68508
G1 X222.997 Y212.793 E140.69406
G1 X222.74 Y212.987 E140.70249
G1 X222.527 Y213.034 E140.7082
G1 X221.729 Y213.033 E140.7291
G1 X222.2 Y213.559 E140.7476
G1 X222.418 Y213.97 E140.75978
G1 X222.567 Y214.433 E140.77252
G1 X222.628 Y214.94 E140.7859
G1 X222.582 Y215.514 E140.80098
G1 X222.417 Y216.036 E140.81532
G1 X222.197 Y216.444 E140.82746
G1 X221.721 Y216.978 E140.8462
M204 S2500
G0 F15000 X220.868 Y217.033
M204 S1250
;TYPE:WALL-OUTER
G1 F2317.4 X220.184 Y217.302 E140.86985
G1 X220.858 Y217.398 E140.89176
G1 F2847.1 X222.56 Y217.398 E140.93634
G1 X222.665 Y217.477 E140.93978
G1 X222.71 Y217.588 E140.94292
G1 X222.71 Y220.211 E141.01162
G1 X222.823 Y220.492 E141.01955
G1 X223.023 Y220.602 E141.02553
G1 X224.516 Y220.602 E141.06463
G1 X224.679 Y220.478 E141.07
G1 X224.79 Y220.21 E141.0776
G1 X224.79 Y219.083 E141.10712
G1 X224.693 Y218.401 E141.12516
G1 X224.569 Y217.816 E141.14082
G1 X224.417 Y217.255 E141.15605
G1 X224.05 Y216.008 E141.19009
G1 X223.95 Y214.98 E141.21715
G1 X224.044 Y214.027 E141.24223
G1 X224.42 Y212.741 E141.27732
G1 X224.579 Y212.143 E141.29353
G1 X224.696 Y211.591 E141.30831
G1 X224.79 Y210.921 E141.32603
G1 X224.79 Y209.794 E141.35555
G1 X224.678 Y209.524 E141.3632
G1 X224.527 Y209.406 E141.36822
G1 X222.969 Y209.406 E141.40903
G1 X222.818 Y209.524 E141.41405
G1 X222.71 Y209.789 E141.42155
G1 X222.709 Y212.428 E141.49067
G1 X222.666 Y212.534 E141.49366
G1 X222.56 Y212.614 E141.49714
G1 X220.882 Y212.612 E141.54109
G1 F2252 X220.417 Y212.721 E141.55691
G1 X220.832 Y212.954 E141.57267
G1 F2847.1 X221.246 Y213.178 E141.585
G1 X221.578 Y213.457 E141.59636
G1 X221.838 Y213.773 E141.60707
G1 X222.036 Y214.144 E141.61809
G1 X222.174 Y214.6 E141.63057
G1 X222.21 Y214.98 E141.64057
G1 X222.162 Y215.449 E141.65291
G1 X222.046 Y215.833 E141.66342
G1 X221.837 Y216.228 E141.67513
G1 X221.575 Y216.55 E141.686
G1 X221.25 Y216.823 E141.69712
G1 X220.868 Y217.033 E141.70853
M204 S2500
G0 F15000 X220.682 Y217.106
G0 X220.184 Y217.302
M204 S1250
G1 F1960.3 X217.304 Y217.304 E141.81809
M204 S2500
G1 F2700 E141.31809
G0 F15000 X217.304 Y216.338
G0 X217.302 Y213.668
G0 X217.302 Y212.698
M204 S1250
G1 F2700 E141.81809
G1 F1983.1 X220.031 Y212.701 E141.92072
G1 F1922.5 X220.417 Y212.721 E141.93571
M204 S2500
G0 F15000 X221.135 Y212.85
G0 X221.74 Y213.262
G0 X222.356 Y213.416
G0 X223.654 Y218.083
;TYPE:SKIN
G1 F2019.9 X223.562 Y217.399 E141.96119
G1 F2377.3 X223.535 Y217.312 E141.96405
G0 F15000 X223.348 Y216.76
G0 X222.634 Y216.554
G1 F2396.4 X222.826 Y216.189 E141.97688
G1 X222.992 Y215.661 E141.9941
G1 F2326.5 X223.081 Y215.099 E142.01234
G1 X223.157 Y215.724 E142.03252
G1 F2396.4 X223.196 Y216.133 E142.04531
G1 F2382.1 X223.535 Y217.312 E142.08372
G1 X223.291 Y216.897 E142.09879
G1 F2396.4 X222.909 Y216.618 E142.11351
G1 X222.634 Y216.554 E142.12229
G0 F15000 X223.081 Y215.099
G1 F2264.8 X223.073 Y214.97 E142.12655
G1 F2097.9 X223.082 Y214.448 E142.14511
G0 F15000 X223.656 Y211.92
G1 F1979.8 X223.577 Y212.508 E142.16745
G1 F2282.1 X223.472 Y212.88 E142.18009
G0 F15000 X222.636 Y213.451
G1 F2406 X222.91 Y213.386 E142.18881
G1 F2382.1 X223.36 Y213.046 E142.20647
G1 F2326.5 X223.472 Y212.88 E142.21289
G1 F2353.9 X223.207 Y213.815 E142.24368
G1 F2158.5 X223.082 Y214.448 E142.26597
G1 X222.855 Y213.904 E142.28633
G1 F2406 X222.636 Y213.451 E142.30193
G0 F15000 X223.348 Y213.257
G0 X223.532 Y210.781
G1 F2774.5 X223.535 Y210.227 E142.31682
G1 X223.965 Y210.227 E142.32838
G1 X223.965 Y210.781 E142.34327
G1 X223.532 Y210.781 E142.35491
G0 F15000 X223.298 Y215.003
G0 X223.532 Y219.228
G1 F2768.1 X223.964 Y219.228 E142.36655
G1 X223.964 Y219.776 E142.38131
G1 X223.532 Y219.776 E142.39295
G1 X223.532 Y219.228 E142.40771
G0 F15000 X223.74 Y219.228
G1 F2700 E141.90771
;MESH:NONMESH
G0 F600 X223.74 Y219.228 Z2.85
G0 F15000 X222.934 Y217.174
G0 X221.847 Y218.261
G0 X216.347 Y218.263
G0 X216.338 Y216.433
G0 X204.261 Y213.65
G0 X199.557 Y210.863
;TIME_ELAPSED:222.236269
;LAYER:18
;note -- min layer time used
;TYPE:SUPPORT
G1 F2700 E142.40771
G1 F2933.2 X200.973 Y210.463 E142.44432
G1 X202.391 Y210.863 E142.48098
G1 X203.424 Y211.948 E142.51826
G1 X203.817 Y213.305 E142.55341
G1 X203.42 Y214.722 E142.59003
G1 X202.39 Y215.752 E142.62628
G1 X200.97 Y216.149 E142.66297
G1 X199.615 Y215.753 E142.69809
G1 X198.523 Y214.661 E142.73652
G1 X198.127 Y213.305 E142.77167
G1 X198.524 Y211.948 E142.80685
G1 X199.557 Y210.863 E142.84413
G1 F2700 E142.34413
G0 F15000 X206.019 Y220.039
G1 F2700 E142.84413
G1 F2865 X205.988 Y219.93 E142.84701
G1 X206.021 Y219.81 E142.85018
G1 X206.088 Y219.739 E142.85267
G1 X206.378 Y219.739 E142.86006
G1 X206.48 Y219.93 E142.86558
G1 X206.447 Y220.052 E142.86879
G1 X206.353 Y220.145 E142.87216
G1 X206.235 Y220.179 E142.87529
G1 X206.127 Y220.146 E142.87817
G1 X206.019 Y220.039 E142.88204
G1 F2700 E142.38204
G0 F15000 X208.23 Y219.733
G1 F2700 E142.88204
G1 F2933.2 X208.034 Y219.246 E142.8951
G1 X207.875 Y219.049 E142.9014
G1 X207.996 Y218.628 E142.9123
G1 X208.08 Y218.54 E142.91533
G1 X208.203 Y218.507 E142.9185
G1 X208.331 Y218.543 E142.92181
G1 X208.436 Y218.632 E142.92523
G1 X208.761 Y218.71 E142.93355
G1 X209.179 Y218.507 E142.94511
G1 X209.306 Y218.543 E142.9484
G1 X209.39 Y218.633 E142.95146
G1 X209.459 Y218.908 E142.95851
G1 X209.827 Y219.291 E142.97173
G1 X209.901 Y219.546 E142.97834
G1 X209.832 Y219.794 E142.98474
G1 X209.647 Y219.979 E142.99125
G1 X209.455 Y220.079 E142.99664
G1 X209.056 Y220.174 E143.00685
G1 X208.532 Y220.009 E143.02052
G1 X208.23 Y219.733 E143.0307
G1 F2700 E142.5307
G0 F15000 X212.236 Y219.686
G1 F2700 E143.0307
G1 F2933.2 X212.318 Y219.376 E143.03867
G1 X212.647 Y219.017 E143.05079
G1 X212.986 Y218.85 E143.06019
G1 X213.217 Y218.543 E143.06975
G1 X213.34 Y218.507 E143.07294
G1 X213.463 Y218.543 E143.07613
G1 X213.657 Y218.821 E143.08457
G1 X213.724 Y219.12 E143.09219
G1 X213.711 Y219.346 E143.09782
G1 X213.867 Y219.704 E143.10754
G1 X213.754 Y220.033 E143.1162
G1 X213.476 Y220.289 E143.1256
G1 X213.043 Y220.423 E143.13688
G1 X212.651 Y220.291 E143.14717
G1 X212.349 Y220.006 E143.1575
G1 X212.236 Y219.686 E143.16595
G1 F2700 E142.66595
G0 F15000 X216.387 Y219.741
G1 F2700 E143.16595
G1 F2933.2 X216.468 Y219.396 E143.17477
G1 X216.537 Y219.291 E143.17789
G1 X216.955 Y218.923 E143.19175
G1 X217.154 Y218.848 E143.19704
G1 X217.372 Y218.543 E143.20637
G1 X217.495 Y218.507 E143.20956
G1 X217.619 Y218.543 E143.21277
G1 X217.81 Y218.812 E143.22098
G1 X217.881 Y219.24 E143.23178
G1 X217.809 Y219.584 E143.24052
G1 X217.96 Y219.997 E143.25146
G1 X217.882 Y220.309 E143.25947
G1 X217.642 Y220.535 E143.26767
G1 X217.3 Y220.61 E143.27638
G1 X216.842 Y220.439 E143.28855
G1 X216.504 Y220.088 E143.30067
G1 X216.387 Y219.741 E143.30978
G1 F2700 E142.80978
G0 F15000 X219.818 Y220.175
G1 F2700 E143.30978
G1 F2933.2 X220.021 Y219.646 E143.32388
G1 X220.303 Y219.331 E143.3344
G1 X220.765 Y219.179 E143.3465
G1 X221.166 Y218.795 E143.36032
G1 X221.457 Y218.653 E143.36838
G1 X221.606 Y218.514 E143.37345
G1 X221.897 Y218.514 E143.38069
G1 X221.97 Y218.592 E143.38335
G1 X221.97 Y219.187 E143.39815
G1 X221.837 Y219.332 E143.40305
G1 X221.819 Y219.584 E143.40933
G1 X221.65 Y219.747 E143.41518
G1 X221.612 Y219.839 E143.41765
G1 X221.61 Y220.107 E143.42432
G1 X221.464 Y220.257 E143.42953
G1 X221.133 Y220.354 E143.43811
G1 X220.776 Y220.73 E143.45101
G1 X220.435 Y220.845 E143.45997
G1 X220.132 Y220.767 E143.46775
G1 X219.893 Y220.51 E143.47649
G1 X219.818 Y220.175 E143.48503
G1 F2700 E142.98503
G0 F15000 X222.683 Y221.604
G0 X224.812 Y221.604
G0 X225.397 Y221.17
G0 X225.637 Y220.587
G0 X225.723 Y215.552
G1 F2700 E143.48503
G1 F2933.2 X225.327 Y214.193 E143.52025
G1 X225.735 Y212.825 E143.55577
G1 X226.776 Y211.735 E143.59328
G1 X228.329 Y211.306 E143.63337
G1 X229.764 Y211.696 E143.67037
G1 X230.804 Y212.777 E143.70769
G1 X231.201 Y214.137 E143.74295
G1 X230.785 Y215.569 E143.78005
G1 X229.751 Y216.592 E143.81624
G1 X228.201 Y217.025 E143.85629
G1 X226.814 Y216.628 E143.89219
G1 X225.723 Y215.552 E143.93032
G1 F2700 E143.43032
G0 F15000 X225.664 Y209.485
G0 X225.398 Y208.839
G0 X224.822 Y208.406
G0 X222.678 Y208.406
G0 X222.102 Y208.838
G0 X221.589 Y210.231
G1 F2700 E143.93032
G1 F2933.2 X221.822 Y210.46 E143.93844
G1 X221.823 Y210.622 E143.94248
G1 X221.874 Y210.739 E143.94565
G1 X221.97 Y210.826 E143.94888
G1 X221.97 Y211.423 E143.96373
G1 X221.902 Y211.49 E143.96611
G1 X221.616 Y211.49 E143.97322
G1 X221.459 Y211.349 E143.97847
G1 X221.176 Y211.216 E143.98625
G1 X220.774 Y210.842 E143.99992
G1 X220.707 Y210.607 E144.006
G1 X220.776 Y210.364 E144.01228
G1 X220.965 Y210.167 E144.01908
G1 X221.216 Y210.097 E144.02556
G1 X221.589 Y210.231 E144.03542
G1 F2700 E143.53542
G0 F15000 X218.622 Y210.356
G1 F2700 E144.03542
G1 F2933.2 X218.523 Y210.655 E144.04326
G1 X218.158 Y211.024 E144.05617
G1 X217.959 Y211.12 E144.06167
G1 X217.905 Y211.244 E144.06504
G1 X217.662 Y211.493 E144.07369
G1 X217.359 Y211.49 E144.08123
G1 X217.285 Y211.418 E144.0838
G1 X217.075 Y210.743 E144.10139
G1 X217.12 Y210.558 E144.10613
G1 X217.256 Y210.41 E144.11113
G1 X217.442 Y210.353 E144.11597
G1 X217.842 Y209.937 E144.13033
G1 X218.127 Y209.835 E144.13786
G1 X218.388 Y209.891 E144.14451
G1 X218.562 Y210.087 E144.15103
G1 X218.622 Y210.356 E144.15789
G1 F2700 E143.65789
G0 F15000 X214.565 Y210.464
G1 F2700 E144.15789
G1 F2933.2 X214.467 Y210.741 E144.1652
G1 X214.227 Y210.965 E144.17337
G1 X213.798 Y211.164 E144.18513
G1 X213.5 Y211.493 E144.19618
G1 X213.2 Y211.49 E144.20364
G1 X213.119 Y211.409 E144.20649
G1 X213.047 Y210.818 E144.22131
G1 X213.111 Y210.571 E144.22766
G1 X213.545 Y210.173 E144.24231
G1 X213.706 Y210.077 E144.24697
G1 X214.028 Y209.977 E144.25536
G1 X214.321 Y210.034 E144.26279
G1 X214.505 Y210.216 E144.26923
G1 X214.565 Y210.464 E144.27558
G1 F2700 E143.77558
G0 F15000 X209.652 Y210.456
G1 F2700 E144.27558
G1 F2933.2 X209.627 Y210.55 E144.278
G1 X209.67 Y210.9 E144.28677
G1 X209.605 Y211.199 E144.29439
G1 X209.34 Y211.493 E144.30424
G1 X209.04 Y211.49 E144.3117
G1 X208.921 Y211.398 E144.31544
G1 X208.756 Y211.406 E144.31956
G1 X208.657 Y211.49 E144.32279
G1 X208.365 Y211.49 E144.33005
G1 X208.221 Y211.382 E144.33453
G1 X207.986 Y211.301 E144.34072
G1 X207.879 Y210.973 E144.3493
G1 X207.965 Y210.797 E144.35417
G1 X208.192 Y210.195 E144.37018
G1 X208.464 Y209.936 E144.37953
G1 X208.976 Y209.817 E144.39261
G1 X209.319 Y209.909 E144.40145
G1 X209.561 Y210.151 E144.40996
G1 X209.652 Y210.456 E144.41788
G1 F2700 E143.91788
;MESH:axis.stl
G0 F15000 X207.023 Y211.383
G0 X206.481 Y212.131
G0 X206.154 Y212.326
M204 S1250
;TYPE:WALL-INNER
G1 F2700 E144.41788
G1 F2429.9 X207.018 Y212.327 E144.4452
G1 X206.827 Y212.14 E144.45365
G1 X206.812 Y211.497 E144.47399
G1 X206.619 Y211.497 E144.48009
G1 X206.319 Y212.004 E144.49871
G1 X206.154 Y212.326 E144.51015
M204 S2500
G0 F15000 X205.425 Y212.789
M204 S1250
;TYPE:WALL-OUTER
G1 F2865 X212.78 Y212.78 E144.70739
G1 F2799.9 X212.78 Y212.34 E144.71946
G1 F2806.3 X207.5 Y212.343 E144.86401
G1 F2871.7 X207.29 Y212.129 E144.87203
G1 F2933.2 X207.274 Y211.463 E144.88948
G1 X207.172 Y211.177 E144.89744
G1 X207.014 Y211.034 E144.90302
G1 X206.356 Y211.034 E144.92025
G1 X205.916 Y211.774 E144.9428
G1 X205.545 Y212.503 E144.96423
G1 X205.425 Y212.789 E144.97235
M204 S2500
G0 F15000 X205.625 Y212.789
G1 F2700 E144.47235
G0 F15000 X205.831 Y212.539
G0 X206.481 Y212.563
G0 X206.481 Y213.668
G0 X206.481 Y216.338
G0 X206.481 Y217.443
G0 X206.152 Y217.674
M204 S1250
;TYPE:WALL-INNER
G1 F2700 E144.97235
G1 F2429.9 X206.325 Y218.011 E144.98433
G1 X206.621 Y218.504 E145.00251
G1 X206.811 Y218.503 E145.00852
G1 X206.827 Y217.864 E145.02873
G1 X206.992 Y217.673 E145.03671
G1 X206.152 Y217.674 E145.06327
M204 S2500
G0 F15000 X205.424 Y217.211
M204 S1250
;TYPE:WALL-OUTER
G1 F2933.2 X205.551 Y217.514 E145.07187
G1 X205.916 Y218.23 E145.09292
G1 X206.359 Y218.969 E145.11549
G1 X206.996 Y218.966 E145.13217
G1 X207.166 Y218.841 E145.1377
G1 X207.274 Y218.544 E145.14598
G1 X207.29 Y217.875 E145.1635
G1 F2851.7 X207.462 Y217.661 E145.1709
G1 F2787.2 X212.78 Y217.66 E145.31749
G1 F2799.9 X212.78 Y217.22 E145.32956
G1 F2787.2 X207.424 Y217.222 E145.4772
G1 F2851.7 X206.517 Y217.21 E145.50163
G1 F2933.2 X205.424 Y217.211 E145.53026
M204 S2500
G0 F15000 X205.501 Y217.395
G1 F2700 E145.03026
G0 F15000 X205.826 Y217.475
G0 X212.566 Y217.437
G0 X213.665 Y217.437
G0 X216.335 Y217.437
G0 X217.434 Y217.437
G0 X219.442 Y217.452
G0 X220.187 Y217.462
G0 X222.021 Y217.025
G0 X221.356 Y217.246
M204 S1250
;TYPE:WALL-INNER
G1 F2700 E145.53026
G1 F2933.2 X222.579 Y217.246 E145.5623
G1 X222.883 Y217.375 E145.57095
G1 X223.035 Y217.543 E145.57688
G1 X223.13 Y217.801 E145.58408
G1 X223.13 Y220.31 E145.6498
G1 X224.37 Y220.31 E145.68228
G1 X224.37 Y219.295 E145.70886
G1 X224.284 Y218.719 E145.72411
G1 X224.163 Y218.204 E145.73797
G1 X224.013 Y217.695 E145.75187
G1 X223.822 Y217.143 E145.76717
G1 X223.685 Y216.805 E145.77672
G1 X223.409 Y215.964 E145.79991
G1 F2905.6 X223.331 Y215.443 E145.81384
G1 F2545.4 X223.225 Y215.072 E145.82548
G1 F2277.2 X223.225 Y214.928 E145.83034
G1 F2540.1 X223.329 Y214.561 E145.84188
G1 F2905.6 X223.409 Y214.04 E145.85581
G1 F2933.2 X223.699 Y213.16 E145.88008
G1 X223.828 Y212.837 E145.88919
G1 X224.118 Y211.992 E145.91259
G1 X224.284 Y211.281 E145.93172
G1 X224.37 Y210.709 E145.94687
G1 X224.37 Y209.699 E145.97332
G1 X223.13 Y209.698 E146.0058
G1 X223.131 Y212.137 E146.06968
G1 X223.054 Y212.43 E146.07762
G1 X222.882 Y212.627 E146.08447
G1 X222.633 Y212.755 E146.0918
G1 X221.399 Y212.754 E146.12412
G1 X221.901 Y213.188 E146.1415
G1 X222.148 Y213.485 E146.15162
G1 F2737.7 X222.477 Y214.093 E146.17102
G1 F2415.6 X222.687 Y214.928 E146.19841
G1 F2277.2 X222.687 Y215.072 E146.20326
G1 F2415.6 X222.482 Y215.901 E146.23042
G1 F2737.7 X222.143 Y216.522 E146.25028
G1 F2933.2 X221.813 Y216.903 E146.26348
G1 X221.356 Y217.246 E146.27845
M204 S2500
G0 F15000 X222.021 Y217.025
G0 X222.786 Y215.555
G0 X222.842 Y215.003
G0 X222.786 Y214.452
G0 X222.623 Y213.911
G0 X222.356 Y213.416
G0 X222.008 Y212.993
G0 X221.374 Y212.962
G0 X220.53 Y212.594
G0 X217.22 Y212.78
M204 S1250
;TYPE:WALL-OUTER
G1 F2799.9 X220.023 Y212.781 E146.35536
G1 F2737.7 X220.408 Y212.811 E146.3662
G1 F2799.9 X220.873 Y212.971 E146.37969
G1 F2933.2 X221.247 Y213.178 E146.39089
G1 X221.578 Y213.457 E146.40223
G1 X221.842 Y213.781 E146.41317
G1 X222.046 Y214.171 E146.4247
G1 X222.169 Y214.594 E146.43624
G1 X222.21 Y215.019 E146.44742
G1 X222.162 Y215.449 E146.45876
G1 X222.043 Y215.842 E146.46951
G1 X221.819 Y216.254 E146.48179
G1 X221.546 Y216.579 E146.49291
G1 X221.25 Y216.823 E146.50296
G1 X220.817 Y217.053 E146.5158
G1 F2851.7 X220.184 Y217.217 E146.53342
G1 F2787.2 X217.22 Y217.22 E146.61512
G1 F2799.9 X217.22 Y217.66 E146.62719
G1 F2787.2 X220.235 Y217.656 E146.7103
G1 F2851.7 X222.563 Y217.675 E146.77302
G1 F2933.2 X222.679 Y217.765 E146.77686
G1 X222.708 Y217.842 E146.77902
G1 X222.71 Y220.347 E146.84463
G1 X222.817 Y220.614 E146.85216
G1 X222.973 Y220.73 E146.85726
G1 X224.522 Y220.73 E146.89783
G1 X224.679 Y220.613 E146.90296
G1 X224.79 Y220.346 E146.91053
G1 X224.79 Y219.264 E146.93887
G1 X224.697 Y218.64 E146.9554
G1 X224.566 Y218.086 E146.97031
G1 X224.41 Y217.559 E146.9847
G1 X224.211 Y216.985 E147.00061
G1 X224.084 Y216.674 E147.00941
G1 X223.813 Y215.85 E147.03213
G1 X223.702 Y215.019 E147.05409
G1 X223.813 Y214.154 E147.07693
G1 X224.089 Y213.317 E147.10002
G1 X224.219 Y212.994 E147.10914
G1 X224.424 Y212.394 E147.12574
G1 X224.572 Y211.894 E147.1394
G1 X224.697 Y211.36 E147.15377
G1 X224.79 Y210.74 E147.17019
G1 X224.79 Y209.658 E147.19853
G1 X224.679 Y209.39 E147.20613
G1 X224.53 Y209.279 E147.21099
G1 X222.966 Y209.278 E147.25196
G1 X222.818 Y209.389 E147.2568
G1 X222.71 Y209.657 E147.26437
G1 X222.711 Y212.129 E147.32912
G1 X222.679 Y212.236 E147.33204
G1 X222.543 Y212.335 E147.33645
G1 X220.923 Y212.333 E147.37888
G1 F2865 X220 Y212.342 E147.40363
G1 F2799.9 X217.22 Y212.34 E147.47992
G1 X217.22 Y212.78 E147.49199
M204 S2500
G0 F15000 X217.42 Y212.78
G0 X220.53 Y212.594
G0 X222.948 Y212.573
G0 X223.651 Y211.693
;TYPE:SKIN
G1 F2091.6 X223.57 Y212.206 E147.51107
G1 F2449.2 X223.437 Y212.637 E147.52522
G0 F15000 X222.465 Y213.179
G1 F2439.5 X222.815 Y213.149 E147.53628
G1 X223.16 Y212.968 E147.54855
G1 F2459 X223.385 Y212.699 E147.55951
G1 X222.988 Y213.895 E147.59888
G1 F2439.5 X222.939 Y214.169 E147.60764
G1 X222.842 Y213.849 E147.61817
G1 X222.566 Y213.305 E147.63739
G1 X222.465 Y213.179 E147.64247
G0 F15000 X223.649 Y218.309
G1 F2116.8 X223.565 Y217.74 E147.66335
G1 F2439.5 X223.404 Y217.295 E147.67825
G0 F15000 X223.42 Y217.295
G0 X222.466 Y216.821
G1 F2439.5 X222.566 Y216.695 E147.68332
G1 X222.859 Y216.107 E147.70401
G1 X222.939 Y215.828 E147.71315
G1 X222.975 Y216.052 E147.72029
G1 F2434.7 X223.365 Y217.253 E147.76014
G1 X223.151 Y217.023 E147.77005
G1 F2439.5 X222.815 Y216.851 E147.78194
G1 X222.466 Y216.821 E147.79297
G0 F15000 X223.348 Y217.029
G0 X223.532 Y219.404
G1 F2851.7 X223.964 Y219.404 E147.80461
G1 X223.964 Y219.904 E147.81808
G1 X223.532 Y219.904 E147.82972
G1 X223.532 Y219.404 E147.84319
G0 F15000 X223.482 Y216.914
G0 X223.175 Y215.981
G0 X223.048 Y215.003
G0 X223.175 Y214.025
G0 X223.532 Y210.6
G1 F2851.7 X223.532 Y210.1 E147.85666
G1 X223.964 Y210.1 E147.8683
G1 X223.964 Y210.6 E147.88177
G1 X223.532 Y210.6 E147.89341
G0 F15000 X223.74 Y210.6
G1 F2700 E147.39341
;MESH:NONMESH
G0 F600 X223.74 Y210.6 Z3
G0 F15000 X222.94 Y210.863
G0 X221.835 Y210.863
G0 X207.354 Y210.162
G0 X206.147 Y210.165
G0 X199.557 Y210.863
;TIME_ELAPSED:232.619806
;LAYER:19
;note -- min layer time used
;TYPE:SUPPORT
G1 F2700 E147.89341
G1 F2955.7 X200.973 Y210.463 E147.93002
G1 X202.391 Y210.863 E147.96668
G1 X203.424 Y211.948 E148.00396
G1 X203.817 Y213.305 E148.03911
G1 X203.42 Y214.722 E148.07573
G1 X202.39 Y215.752 E148.11197
G1 X200.97 Y216.149 E148.14866
G1 X199.615 Y215.753 E148.18379
G1 X198.523 Y214.661 E148.22221
G1 X198.127 Y213.305 E148.25736
G1 X198.524 Y211.948 E148.29254
G1 X199.557 Y210.863 E148.32982
G1 F2700 E147.82982
G0 F15000 X205.897 Y220.011
G0 X207.272 Y220.015
G0 X208.113 Y219.633
G1 F2700 E148.32982
G1 F2955.7 X208.017 Y219.399 E148.33611
G1 X207.879 Y219.232 E148.34151
G1 X208.011 Y218.817 E148.35234
G1 X208.076 Y218.751 E148.35465
G1 X208.243 Y218.72 E148.35887
G1 X208.426 Y218.813 E148.36398
G1 X208.728 Y218.87 E148.37163
G1 X208.836 Y218.852 E148.37435
G1 X208.951 Y218.75 E148.37818
G1 X209.115 Y218.72 E148.38233
G1 X209.381 Y218.857 E148.38977
G1 X209.585 Y219.101 E148.39768
G1 X209.752 Y219.522 E148.40895
G1 X209.706 Y219.727 E148.41418
G1 X209.576 Y219.867 E148.41894
G1 X208.887 Y219.991 E148.43636
G1 X208.358 Y219.845 E148.45001
G1 X208.113 Y219.633 E148.45807
G1 F2700 E147.95807
G0 F15000 X212.22 Y219.55
G1 F2700 E148.45807
G1 F2955.7 X212.28 Y219.296 E148.46457
G1 X212.458 Y219.107 E148.47103
G1 F2543.9 X212.976 Y219.04 E148.48613
G1 F2185.6 X213.234 Y218.829 E148.49734
G1 F2136.7 X213.42 Y218.82 E148.50375
G1 X213.581 Y218.994 E148.51191
G1 X213.614 Y219.144 E148.5172
G1 X213.539 Y219.332 E148.52417
G1 F2125.7 X213.463 Y219.405 E148.52781
G1 F2468 X213.541 Y219.786 E148.5394
G1 F2955.7 X213.482 Y220.033 E148.54572
G1 X213.296 Y220.206 E148.55204
G1 X213.005 Y220.266 E148.55943
G1 X212.624 Y220.126 E148.56954
G1 X212.321 Y219.827 E148.58013
G1 X212.22 Y219.55 E148.58746
G1 F2700 E148.08746
G0 F15000 X216.383 Y219.563
G1 F2700 E148.58746
G1 F2955.7 X216.441 Y219.3 E148.59417
G1 X216.611 Y219.111 E148.60049
G1 F2468 X217.143 Y219.063 E148.61641
G1 F2125.7 X217.396 Y218.829 E148.62833
G1 F2136.7 X217.577 Y218.819 E148.63457
G1 X217.74 Y218.995 E148.64283
G1 X217.771 Y219.144 E148.64807
G1 X217.698 Y219.337 E148.65517
G1 F2125.7 X217.558 Y219.473 E148.66192
G1 F2468 X217.627 Y219.854 E148.67346
G1 F2955.7 X217.569 Y220.137 E148.68065
G1 X217.393 Y220.319 E148.68695
G1 X217.139 Y220.374 E148.69342
G1 X216.866 Y220.276 E148.70063
G1 X216.485 Y219.854 E148.71478
G1 X216.383 Y219.563 E148.72245
G1 F2700 E148.22245
G0 F15000 X220.054 Y219.998
G1 F2700 E148.72245
G1 F2955.7 X220.242 Y219.462 E148.73659
G1 X220.444 Y219.22 E148.74443
G1 X220.703 Y219.132 E148.75124
G1 X220.918 Y219.166 E148.75665
G1 X221.472 Y218.853 E148.77249
G1 X221.605 Y218.734 E148.77693
G1 X221.898 Y218.734 E148.78422
G1 X221.97 Y218.809 E148.78681
G1 X221.97 Y219.391 E148.80129
G1 X221.833 Y219.548 E148.80647
G1 X221.819 Y219.755 E148.81163
G1 X221.49 Y220.028 E148.82227
G1 X221.075 Y220.15 E148.83304
G1 X220.811 Y220.432 E148.84265
G1 X220.541 Y220.528 E148.84978
G1 X220.297 Y220.467 E148.85604
G1 X220.11 Y220.261 E148.86296
G1 X220.054 Y219.998 E148.86965
G1 F2700 E148.36965
G0 F15000 X222.315 Y221.5
G0 X224.796 Y221.725
G0 X225.391 Y221.313
G0 X225.637 Y220.726
G0 X225.615 Y215.58
G1 F2700 E148.86965
G1 F2955.7 X225.219 Y214.221 E148.90487
G1 X225.631 Y212.853 E148.94042
G1 X226.672 Y211.763 E148.97793
G1 X228.221 Y211.334 E149.01792
G1 X229.66 Y211.728 E149.05504
G1 X230.696 Y212.809 E149.0923
G1 X231.093 Y214.165 E149.12746
G1 X230.677 Y215.597 E149.16456
G1 X229.642 Y216.624 E149.20084
G1 X228.097 Y217.053 E149.24074
G1 X226.71 Y216.66 E149.27661
G1 X225.615 Y215.58 E149.31488
G1 F2700 E148.81488
G0 F15000 X225.664 Y209.381
G0 X225.157 Y208.472
G0 X224.629 Y208.274
G0 X222.884 Y208.273
G0 X222.344 Y208.47
G0 X221.251 Y210.345
G1 F2700 E149.31488
G1 F2133 X221.767 Y210.556 E149.3341
G1 F2122.1 X221.888 Y210.664 E149.33973
G1 X221.888 Y211.169 E149.35723
G1 X221.649 Y211.188 E149.36554
G1 X221.523 Y211.088 E149.37111
G1 F2133 X221.214 Y210.954 E149.38273
G1 F2140.3 X221.007 Y210.762 E149.39243
G1 X220.94 Y210.605 E149.39829
G1 X220.971 Y210.471 E149.40302
G1 X221.073 Y210.375 E149.40783
G1 X221.251 Y210.345 E149.41403
G1 F2700 E148.91403
G0 F15000 X218.277 Y210.495
G1 F2700 E149.41403
G1 F2122.1 X218.208 Y210.683 E149.42098
G1 F2129.3 X217.685 Y211.187 E149.44606
G1 F2144 X217.498 Y211.187 E149.45248
G1 F2151.5 X217.355 Y211.027 E149.45981
G1 X217.329 Y210.866 E149.46539
G1 X217.415 Y210.651 E149.4733
G1 F2136.7 X217.744 Y210.313 E149.48954
G1 F2122.1 X217.987 Y210.227 E149.49847
G1 X218.147 Y210.257 E149.50411
G1 X218.248 Y210.36 E149.50911
G1 X218.277 Y210.495 E149.5139
G1 F2700 E149.0139
G0 F15000 X214.169 Y210.566
G1 F2700 E149.5139
G1 F2118.4 X214.107 Y210.73 E149.51999
G1 F2140.3 X213.557 Y211.189 E149.5446
G1 F2162.7 X213.339 Y211.189 E149.55202
G1 X213.191 Y211.026 E149.5595
G1 X213.163 Y210.88 E149.56456
G1 X213.241 Y210.697 E149.57132
G1 F2133 X213.55 Y210.42 E149.58563
G1 F2111.2 X213.861 Y210.303 E149.59721
G1 F2118.4 X214.028 Y210.336 E149.60312
G1 X214.137 Y210.438 E149.6083
G1 X214.169 Y210.566 E149.61288
G1 F2700 E149.11288
G0 F15000 X209.624 Y210.836
G1 F2700 E149.61288
G1 F2955.7 X209.592 Y211.066 E149.61866
G1 X209.419 Y211.27 E149.62531
G1 X209.141 Y211.27 E149.63223
G1 X208.87 Y211.033 E149.64119
G1 X208.76 Y211.032 E149.64393
G1 X208.458 Y211.146 E149.65196
G1 X208.336 Y211.254 E149.65601
G1 X208.172 Y211.287 E149.66018
G1 X208.01 Y211.179 E149.66502
G1 X207.882 Y210.772 E149.67564
G1 X207.932 Y210.656 E149.67878
G1 X208.047 Y210.545 E149.68276
G1 X208.135 Y210.343 E149.68824
G1 X208.375 Y210.107 E149.69662
G1 X208.844 Y209.966 E149.7088
G1 X209.15 Y210.037 E149.71662
G1 X209.362 Y210.234 E149.72382
G1 X209.433 Y210.441 E149.72926
G1 X209.528 Y210.573 E149.73331
G1 X209.624 Y210.836 E149.74028
G1 F2700 E149.24028
;MESH:axis.stl
G0 F15000 X209.624 Y212.322
G0 X207.064 Y212.33
G0 X206.35 Y212.128
G0 X206.047 Y212.303
M204 S1250
;TYPE:WALL-INNER
G1 F2700 E149.74028
G1 F2236.8 X207.181 Y212.303 E149.77953
G1 X206.81 Y211.984 E149.79646
G1 X206.788 Y211.353 E149.81831
G1 X206.62 Y211.353 E149.82413
G1 X206.047 Y212.303 E149.86253
M204 S2500
G1 F2700 E149.36253
G0 F15000 X206.35 Y212.128
G0 X206.352 Y213.668
G0 X206.352 Y216.338
G0 X206.352 Y217.443
G0 X206.043 Y217.697
M204 S1250
G1 F2700 E149.86253
G1 F2236.8 X206.623 Y218.652 E149.9012
G1 X206.785 Y218.652 E149.90681
G1 X206.81 Y218.017 E149.9288
G1 X207.125 Y217.697 E149.94434
G1 X206.043 Y217.697 E149.98179
M204 S2500
G1 F2700 E149.48179
G0 F15000 X206.352 Y217.875
G0 X206.993 Y217.697
G0 X212.56 Y217.494
G0 X213.653 Y217.35
G0 X216.347 Y217.35
G0 X220.774 Y217.494
M204 S1250
G1 F2700 E149.98179
G1 F2955.7 X222.553 Y217.496 E150.02839
G1 X222.885 Y217.625 E150.03772
G1 X223.073 Y217.859 E150.04558
G1 X223.13 Y218.031 E150.05033
G1 X223.13 Y220.43 E150.11316
G1 X224.37 Y220.429 E150.14564
G1 X224.37 Y219.472 E150.17071
G1 X224.253 Y218.7 E150.19116
G1 X224.015 Y217.983 E150.21095
G1 X223.831 Y217.515 E150.22412
G1 X223.61 Y217.023 E150.23824
G1 X223.497 Y216.823 E150.24426
G1 X223.101 Y215.966 E150.26899
G1 X222.949 Y215.479 E150.28235
G1 F3207.8 X222.922 Y215.099 E150.29154
G1 F3232.8 X222.957 Y214.517 E150.30551
G1 F2969.9 X223.128 Y213.979 E150.32022
G1 F2955.7 X223.504 Y213.167 E150.34366
G1 X223.609 Y212.978 E150.34932
G1 X223.838 Y212.466 E150.36401
G1 X224.023 Y211.996 E150.37724
G1 X224.253 Y211.304 E150.39634
G1 X224.37 Y210.532 E150.4168
G1 X224.368 Y209.566 E150.4421
G1 X223.132 Y209.568 E150.47447
G1 X223.13 Y211.88 E150.53503
G1 X223.025 Y212.235 E150.54472
G1 X222.886 Y212.38 E150.54999
G1 X222.586 Y212.51 E150.55855
G1 X220.81 Y212.511 E150.60507
G1 X221.094 Y212.616 E150.613
G1 X221.668 Y212.962 E150.63055
G1 X222.056 Y213.365 E150.6452
G1 X222.338 Y213.808 E150.65896
G1 X222.536 Y214.33 E150.67358
G1 F3241.3 X222.585 Y214.901 E150.68727
G1 X222.584 Y215.482 E150.70115
G1 F2955.7 X222.444 Y215.967 E150.71437
G1 X222.184 Y216.466 E150.72911
G1 X221.899 Y216.817 E150.74095
G1 X221.517 Y217.147 E150.75417
G1 X221.068 Y217.402 E150.7677
G1 X220.774 Y217.494 E150.77577
M204 S2500
G1 F2700 E150.27577
G0 F15000 X217.49 Y217.443
G0 X217.49 Y216.338
G0 X217.49 Y213.668
G0 X217.28 Y212.72
M204 S1250
;TYPE:WALL-OUTER
G1 F2700 E150.77577
G1 F2216.8 X220.029 Y212.721 E150.87177
G1 F2174.1 X220.414 Y212.751 E150.88552
G1 F2482.8 X220.877 Y212.976 E150.90157
G1 F2955.7 X221.421 Y213.311 E150.91831
G1 X221.715 Y213.611 E150.92931
G1 X221.95 Y213.97 E150.94055
G1 X222.12 Y214.392 E150.95246
G1 X222.205 Y214.954 E150.96735
G1 X222.17 Y215.411 E150.97935
G1 X222.029 Y215.872 E150.99198
G1 X221.832 Y216.236 E151.00282
G1 X221.546 Y216.579 E151.01452
G1 X221.25 Y216.823 E151.02457
G1 X220.868 Y217.033 E151.03598
G1 F2518.1 X220.181 Y217.279 E151.05842
G1 F2201.1 X217.281 Y217.281 E151.16042
G1 F2208.9 X217.281 Y217.843 E151.18012
G1 F2201.1 X220.229 Y217.841 E151.28381
G1 F2518.1 X220.918 Y217.914 E151.30511
G1 F2955.7 X222.518 Y217.914 E151.34702
G1 X222.629 Y217.957 E151.35013
G1 X222.707 Y218.082 E151.35399
G1 X222.71 Y220.497 E151.41725
G1 X222.754 Y220.642 E151.42122
G1 X222.958 Y220.85 E151.42885
G1 X224.522 Y220.849 E151.46981
G1 X224.685 Y220.737 E151.47499
G1 X224.79 Y220.486 E151.48212
G1 X224.79 Y219.44 E151.50952
G1 X224.663 Y218.602 E151.53172
G1 X224.406 Y217.83 E151.55303
G1 X224.214 Y217.344 E151.56671
G1 X223.984 Y216.832 E151.58142
G1 X223.877 Y216.645 E151.58706
G1 X223.509 Y215.857 E151.60984
G1 X223.364 Y215.413 E151.62207
G1 X223.302 Y215.017 E151.63257
G1 X223.368 Y214.585 E151.64402
G1 X223.509 Y214.155 E151.65587
G1 X223.893 Y213.327 E151.67978
G1 X223.984 Y213.168 E151.68457
G1 X224.222 Y212.638 E151.69979
G1 X224.414 Y212.152 E151.71348
G1 X224.663 Y211.402 E151.73418
G1 X224.79 Y210.564 E151.75638
G1 X224.79 Y209.509 E151.78401
G1 X224.743 Y209.359 E151.78813
G1 X224.622 Y209.205 E151.79326
G1 X224.466 Y209.146 E151.79762
G1 X223.034 Y209.146 E151.83513
G1 X222.876 Y209.205 E151.83955
G1 X222.754 Y209.359 E151.8447
G1 X222.71 Y209.507 E151.84874
G1 X222.71 Y211.945 E151.9126
G1 X222.629 Y212.047 E151.91601
G1 X222.54 Y212.087 E151.91856
G1 X220.957 Y212.09 E151.96003
G1 F2482.8 X220.444 Y212.171 E151.97622
G1 F2177.9 X220 Y212.16 E151.99201
G1 F2216.8 X217.28 Y212.16 E152.087
G1 X217.28 Y212.72 E152.10656
M204 S2500
G0 F15000 X217.48 Y212.72
G1 F2700 E151.60656
G0 F15000 X217.48 Y212.483
G0 X216.347 Y212.656
G0 X213.653 Y212.656
G0 X205.269 Y212.79
M204 S1250
G1 F2700 E152.10656
G1 F2955.7 X206.536 Y212.79 E152.13974
G1 F2533.5 X207.5 Y212.72 E152.16928
G1 F2216.8 X212.72 Y212.72 E152.35158
G1 X212.72 Y212.16 E152.37113
G1 X207.5 Y212.16 E152.55343
G1 F2533.5 X207.292 Y211.912 E152.56332
G1 F2955.7 X207.274 Y211.268 E152.5802
G1 X207.171 Y210.979 E152.58823
G1 X207.037 Y210.866 E152.59282
G1 X206.336 Y210.866 E152.61119
G1 X205.732 Y211.882 E152.64214
G1 X205.269 Y212.79 E152.66884
M204 S2500
G0 F15000 X205.469 Y212.79
G1 F2700 E152.16884
G0 F15000 X205.697 Y212.531
G0 X205.697 Y213.668
G0 X205.697 Y216.338
G0 X205.266 Y217.21
M204 S1250
G1 F2700 E152.66884
G1 F2955.7 X205.732 Y218.122 E152.69567
G1 X206.341 Y219.138 E152.72669
G1 X207.035 Y219.142 E152.74487
G1 X207.167 Y219.026 E152.74947
G1 X207.274 Y218.735 E152.75759
G1 X207.292 Y218.091 E152.77447
G1 F2518.1 X207.451 Y217.845 E152.78347
G1 F2201.1 X212.719 Y217.843 E152.96876
G1 F2208.9 X212.719 Y217.281 E152.98846
G1 F2201.1 X207.403 Y217.283 E153.17544
G1 F2518.1 X206.536 Y217.21 E153.20219
G1 F2955.7 X205.266 Y217.21 E153.23545
M204 S2500
G0 F15000 X205.357 Y217.388
G1 F2700 E152.73545
G0 F15000 X205.697 Y217.475
G0 X212.566 Y217.437
G0 X212.566 Y216.338
G0 X216.347 Y212.656
G0 X217.434 Y212.317
G0 X222.948 Y212.331
G0 X223.643 Y211.494
;TYPE:SKIN
G1 F2700 E153.23545
G1 F2228.7 X223.486 Y212.218 E153.26118
G1 F2698.7 X223.374 Y212.469 E153.26907
G0 F15000 X223.42 Y212.469
G0 X222.254 Y212.945
G1 F2497.8 X222.679 Y212.935 E153.28224
G1 F2513 X223.152 Y212.72 E153.29825
G1 F2613.5 X223.374 Y212.469 E153.30818
G1 F2597.1 X223.141 Y212.914 E153.32315
G1 F2497.8 X222.776 Y213.695 E153.34987
G1 X222.422 Y213.127 E153.37061
G1 X222.254 Y212.945 E153.37829
G1 F2700 E152.87829
G0 F15000 X223.015 Y214.135
G0 X222.996 Y215.838
G0 X223.643 Y218.509
G1 F2700 E153.37829
G1 F2193.3 X223.543 Y217.927 E153.39914
G1 F2635.7 X223.423 Y217.638 E153.40833
G0 F15000 X222.265 Y217.056
G1 F2507.9 X222.548 Y216.707 E153.4222
G1 X222.768 Y216.279 E153.43705
G1 X223.103 Y217.008 E153.46182
G1 F2586.3 X223.423 Y217.638 E153.48297
G1 X223.14 Y217.268 E153.49691
G1 F2507.9 X222.97 Y217.166 E153.50303
G1 X222.634 Y217.065 E153.51387
G1 X222.265 Y217.056 E153.52526
G0 F15000 X223.348 Y217.278
G0 X223.532 Y219.572
G1 F2873.6 X223.964 Y219.572 E153.5369
G1 X223.964 Y220.024 E153.54908
G1 X223.532 Y220.024 E153.56071
G1 X223.532 Y219.572 E153.57289
G1 F2700 E153.07289
G0 F15000 X223.333 Y216.014
G0 X223.015 Y214.135
G0 X223.532 Y210.425
G1 F2700 E153.57289
G1 F2873.6 X223.532 Y209.968 E153.5852
G1 X223.964 Y209.968 E153.59684
G1 X223.964 Y210.427 E153.60921
G1 X223.532 Y210.425 E153.62085
G0 F15000 X223.74 Y210.425
G1 F2700 E153.12085
;MESH:NONMESH
G0 F600 X223.74 Y210.425 Z3.15
G0 F15000 X222.94 Y210.863
G0 X221.835 Y210.863
G0 X207.275 Y209.993
G0 X206.16 Y209.996
G0 X199.557 Y210.863
;TIME_ELAPSED:243.614006
;LAYER:20
;note -- min layer time used
;TYPE:SUPPORT
G1 F2700 E153.62085
G1 F3174.5 X200.973 Y210.463 E153.65746
G1 X202.391 Y210.863 E153.69412
G1 X203.424 Y211.948 E153.7314
G1 X203.829 Y213.338 E153.76742
G1 X203.428 Y214.774 E153.80452
G1 X202.41 Y215.8 E153.84048
G1 X200.986 Y216.197 E153.87727
G1 X199.623 Y215.797 E153.91261
G1 X198.535 Y214.701 E153.95104
G1 X198.123 Y213.307 E153.98721
G1 X198.524 Y211.949 E154.02244
G1 X199.557 Y210.863 E154.05974
G1 F2700 E153.55974
G0 F15000 X205.897 Y220.179
G0 X207.133 Y220.184
G0 X208.179 Y219.605
G1 F2700 E154.05974
G1 F2306.7 X207.962 Y219.403 E154.06989
G1 X208.112 Y219.014 E154.08417
G1 X208.274 Y219 E154.08974
G1 X208.399 Y219.066 E154.09458
G1 F2335 X208.785 Y219.135 E154.10784
G1 F2656 X209.045 Y218.95 E154.11733
G1 F3030.2 X209.299 Y218.93 E154.12397
G1 F3044 X209.392 Y219.028 E154.12748
G1 X209.424 Y219.139 E154.13048
G1 X209.39 Y219.263 E154.13381
G1 F2699 X209.038 Y219.49 E154.14607
G1 F2419.8 X209.018 Y219.562 E154.14851
G1 F2389.4 X208.869 Y219.675 E154.15469
G1 F2314.7 X208.619 Y219.718 E154.16335
G1 F2290.9 X208.179 Y219.605 E154.17901
G1 F2700 E153.67901
G0 F15000 X212.118 Y219.328
G1 F2700 E154.17901
G1 F3174.5 X212.152 Y219.131 E154.18399
G1 X212.279 Y218.997 E154.18858
G1 X212.488 Y218.965 E154.19384
G1 X212.934 Y219.126 E154.20564
G1 X213.018 Y219.115 E154.20775
G1 F3093.5 X213.213 Y218.946 E154.21434
G1 F3016.5 X213.454 Y218.932 E154.22066
G1 X213.549 Y219.03 E154.22423
G1 X213.579 Y219.14 E154.22722
G1 X213.545 Y219.266 E154.23064
G1 F3093.5 X213.282 Y219.461 E154.239
G1 F3174.5 X213.182 Y219.875 E154.24959
G1 X213.053 Y220.002 E154.2541
G1 X212.85 Y220.042 E154.25925
G1 X212.627 Y219.958 E154.26518
G1 X212.214 Y219.559 E154.27947
G1 X212.118 Y219.328 E154.28569
G1 F2700 E153.78569
G0 F15000 X216.274 Y219.327
G1 F2700 E154.28569
G1 F3174.5 X216.308 Y219.132 E154.29061
G1 X216.438 Y218.997 E154.29528
G1 X216.645 Y218.965 E154.30049
G1 X217.082 Y219.124 E154.31206
G1 F3189.7 X217.17 Y219.115 E154.31425
G1 F3100.7 X217.37 Y218.949 E154.32087
G1 F3009.7 X217.606 Y218.928 E154.32709
G1 X217.706 Y219.03 E154.33084
G1 X217.738 Y219.14 E154.33385
G1 X217.702 Y219.264 E154.33724
G1 F3100.7 X217.425 Y219.468 E154.346
G1 F3189.7 X217.321 Y219.899 E154.35698
G1 F3174.5 X217.196 Y220.031 E154.3615
G1 X217.002 Y220.073 E154.36644
G1 X216.791 Y219.992 E154.37207
G1 X216.375 Y219.565 E154.3869
G1 X216.274 Y219.327 E154.39333
G1 F2700 E153.89333
G0 F15000 X220.413 Y219.77
G1 F2700 E154.39333
G1 F1969.4 X220.545 Y219.295 E154.41311
G1 X220.677 Y219.122 E154.42183
G1 X220.794 Y219.073 E154.42692
G1 X220.877 Y219.098 E154.4304
G1 X221.003 Y219.222 E154.43749
G1 F2076.8 X221.207 Y219.23 E154.44525
G1 F2222.1 X221.643 Y219.024 E154.4624
G1 F2252.2 X221.857 Y219.024 E154.4699
G1 X221.884 Y219.529 E154.48764
G1 X221.751 Y219.646 E154.49385
G1 F2222.1 X221.264 Y219.844 E154.51254
G1 F2076.8 X220.979 Y219.821 E154.52341
G1 F1969.4 X220.757 Y220.033 E154.53573
G1 X220.635 Y220.079 E154.54096
G1 X220.546 Y220.053 E154.54467
G1 X220.449 Y219.938 E154.55071
G1 X220.413 Y219.77 E154.5576
G1 F2700 E154.0576
G0 F15000 X222.342 Y221.645
G0 X222.833 Y221.84
G0 X224.81 Y221.843
G0 X225.389 Y221.425
G0 X225.664 Y220.8
G0 X225.507 Y215.608
G1 F2700 E154.5576
G1 F3174.5 X225.111 Y214.249 E154.59282
G1 X225.523 Y212.881 E154.62837
G1 X226.588 Y211.767 E154.66672
G1 X228.127 Y211.339 E154.70647
G1 X229.567 Y211.747 E154.74371
G1 X230.604 Y212.836 E154.78113
G1 X230.997 Y214.19 E154.81621
G1 X230.6 Y215.61 E154.8529
G1 X229.57 Y216.64 E154.88914
G1 X227.985 Y217.081 E154.93008
G1 X226.602 Y216.688 E154.96585
G1 X225.507 Y215.608 E155.00412
G1 F2700 E154.50412
G0 F15000 X225.664 Y209.205
G0 X225.389 Y208.582
G0 X224.812 Y208.165
G0 X222.825 Y208.168
G0 X222.092 Y208.627
G0 X221.885 Y209.095
G0 X221.629 Y210.664
G1 F2700 E155.00412
G1 F3137.1 X221.754 Y210.628 E155.0074
G1 X221.875 Y210.662 E155.01056
G1 X221.948 Y210.738 E155.01322
G1 X221.948 Y211.024 E155.02042
G1 X221.9 Y211.072 E155.02213
G1 X221.617 Y211.072 E155.02925
G1 X221.535 Y210.988 E155.03221
G1 X221.502 Y210.878 E155.0351
G1 X221.537 Y210.759 E155.03822
G1 X221.629 Y210.664 E155.04155
G1 F2700 E154.54155
G0 F15000 X217.812 Y210.761
G1 F2700 E155.04155
G1 F3107.9 X217.845 Y210.873 E155.04452
G1 X217.809 Y210.996 E155.04778
G1 X217.738 Y211.068 E155.05035
G1 X217.461 Y211.066 E155.05739
G1 X217.379 Y210.986 E155.0603
G1 X217.347 Y210.875 E155.06324
G1 X217.381 Y210.758 E155.06633
G1 X217.47 Y210.664 E155.06962
G1 X217.596 Y210.63 E155.07294
G1 X217.721 Y210.663 E155.07623
G1 X217.812 Y210.761 E155.07963
G1 F2700 E154.57963
G0 F15000 X213.652 Y210.758
G1 F2700 E155.07963
G1 F3100.7 X213.684 Y210.874 E155.08269
G1 X213.651 Y210.994 E155.08586
G1 X213.58 Y211.064 E155.0884
G1 X213.302 Y211.065 E155.09548
G1 X213.223 Y210.986 E155.09833
G1 X213.189 Y210.875 E155.10129
G1 X213.224 Y210.759 E155.10437
G1 X213.316 Y210.663 E155.10776
G1 X213.437 Y210.628 E155.11097
G1 X213.56 Y210.663 E155.11423
G1 X213.652 Y210.758 E155.1176
G1 F2700 E154.6176
G0 F15000 X209.494 Y210.764
G1 F2700 E155.1176
G1 F3065 X209.526 Y210.873 E155.12052
G1 X209.49 Y210.993 E155.12375
G1 X209.421 Y211.062 E155.12627
G1 X209.145 Y211.062 E155.13338
G1 X209.026 Y210.938 E155.13781
G1 F2614.3 X209.042 Y210.852 E155.14045
G1 F2275.2 X208.928 Y210.799 E155.14482
G1 X208.801 Y210.802 E155.14923
G1 X208.313 Y210.986 E155.16733
G1 F2279.1 X208.129 Y211.004 E155.17374
G1 X208.073 Y210.947 E155.17651
G1 X207.98 Y210.57 E155.18997
G1 X208.177 Y210.395 E155.1991
G1 F2275.2 X208.693 Y210.222 E155.218
G1 X208.87 Y210.256 E155.22425
G1 X208.975 Y210.359 E155.22936
G1 X209.058 Y210.587 E155.23778
G1 X209.156 Y210.666 E155.24215
G1 F2614.3 X209.225 Y210.613 E155.24478
G1 F3065 X209.398 Y210.664 E155.24943
G1 X209.494 Y210.764 E155.253
G1 F2700 E154.753
;MESH:axis.stl
G0 F15000 X207.142 Y209.824
G0 X205.898 Y209.828
G0 X204.79 Y211.557
G0 X204.337 Y212.442
G0 X204.347 Y213.656
G0 X206.659 Y213.656
G0 X216.347 Y217.35
G0 X217.434 Y217.437
G0 X222.948 Y217.897
G0 X223.835 Y219.15
;TYPE:FILL
G1 F2700 E155.253
G1 F3174.5 X223.756 Y219.234 E155.25638
G1 X223.575 Y219.168 E155.26203
G1 X223.575 Y220.102 E155.28941
G1 X223.925 Y220.103 E155.29966
G1 X223.925 Y219.666 E155.31247
G1 X223.881 Y219.412 E155.32003
G1 X223.575 Y219.717 E155.33269
G1 X223.501 Y219.791
G0 F15000 X222.948 Y217.897
G0 X220.248 Y217.667
M204 S1250
;TYPE:WALL-INNER
G1 F2619.4 X217.672 Y217.672 E155.41446
M204 S2500
G0 F15000 X220.248 Y217.667
M204 S1250
G1 F2855 X220.944 Y217.714 E155.43478
G1 F3174.5 X222.613 Y217.718 E155.47849
G1 F2573.9 X223.12 Y217.961 E155.49665
G1 F2160.9 X223.211 Y218.17 E155.50543
G1 F2569 X223.13 Y218.644 E155.52099
G1 F3174.5 X223.13 Y220.546 E155.57081
G1 X224.37 Y220.549 E155.60329
G1 X224.37 Y219.628 E155.62741
G1 X224.282 Y219.102 E155.64138
G1 X224.122 Y218.478 E155.65825
G1 F2569 X223.794 Y217.974 E155.67771
G1 F2160.9 X223.661 Y217.667 E155.69059
G1 F2351.5 X223.246 Y216.801 E155.72454
G1 F2842.8 X222.862 Y216.45 E155.73976
G1 F3174.5 X222.178 Y216.468 E155.75768
G1 X221.899 Y216.818 E155.76941
G1 X221.517 Y217.146 E155.78259
G1 F3002.9 X221.022 Y217.428 E155.79837
G1 F2721 X220.248 Y217.667 E155.82312
M204 S2500
G1 F2700 E155.32312
G0 F15000 X217.44 Y217.672
G0 X216.347 Y217.35
G0 X213.653 Y217.35
G0 X212.328 Y217.672
M204 S1250
G1 F2700 E155.82312
G1 F2619.4 X207.38 Y217.677 E155.98018
M204 S2500
G0 F15000 X206.623 Y217.892
G0 X205.977 Y217.725
M204 S1250
G1 F2182.1 X206.613 Y218.791 E156.02748
G1 X206.758 Y218.792 E156.03301
G1 X206.805 Y218.123 E156.05856
G1 F2372.4 X207.38 Y217.677 E156.08407
G1 X206.514 Y217.725 E156.11446
G1 F2182.1 X205.977 Y217.725 E156.13493
M204 S2500
G0 F15000 X205.21 Y217.21
M204 S1250
;TYPE:WALL-OUTER
G1 F3174.5 X205.21 Y217.353 E156.13867
G1 X205.548 Y218.018 E156.15821
G1 X205.97 Y218.716 E156.17957
G1 X206.362 Y219.306 E156.19813
G1 X206.956 Y219.309 E156.21368
G1 X207.169 Y219.186 E156.22013
G1 X207.27 Y218.922 E156.22753
G1 X207.287 Y218.287 E156.24417
G1 X207.46 Y218.137 E156.25017
G1 F3205 X212.656 Y218.138 E156.38497
G1 F3527.2 X213 Y218.172 E156.39311
G1 X212.794 Y218 E156.39944
G1 F3205 X212.79 Y217.21 E156.41994
G1 F3174.5 X205.21 Y217.21 E156.61847
M204 S2500
G0 F15000 X205.21 Y217.353
G0 X205.235 Y217.403
G0 X205.567 Y217.475
G0 X212.51 Y217.854
G0 X213 Y218.172
M204 S1250
G1 F3864.6 X217.029 Y218.171 E156.70516
G1 F3527.2 X217.344 Y218.14 E156.71262
G1 F3220.5 X222.546 Y218.139 E156.84693
G1 F3174.5 X222.705 Y218.294 E156.85274
G1 X222.71 Y220.622 E156.91372
G1 X222.757 Y220.763 E156.91761
G1 X222.879 Y220.918 E156.92278
G1 X222.998 Y220.966 E156.92614
G1 X224.524 Y220.969 E156.96611
G1 X224.683 Y220.854 E156.97125
G1 X224.79 Y220.615 E156.97811
G1 X224.79 Y219.594 E157.00485
G1 X224.694 Y219.016 E157.0202
G1 X224.52 Y218.341 E157.03845
G1 X224.121 Y217.426 E157.0646
G1 X223.565 Y216.526 E157.09231
G1 X223.191 Y216.142 E157.10635
G1 X222.951 Y216.028 E157.11331
G1 X221.933 Y216.055 E157.13998
G1 X221.819 Y216.254 E157.14599
G1 X221.546 Y216.579 E157.1571
G1 X221.216 Y216.845 E157.16821
G1 X220.817 Y217.053 E157.17999
G1 X220.181 Y217.205 E157.19712
G1 X217.21 Y217.21 E157.27494
G1 F3220.5 X217.204 Y218 E157.29533
G1 F3527.2 X217.029 Y218.171 E157.3011
M204 S2500
G0 F15000 X217.227 Y218.152
G0 X217.49 Y217.855
G0 X222.948 Y217.897
G0 X223.708 Y218.617
;TYPE:SKIN
G1 F2244.6 X223.671 Y218.681 E157.30384
G1 X223.597 Y218.681 E157.30658
G1 X223.56 Y218.617 E157.30932
G1 X223.597 Y218.553 E157.31206
G1 X223.671 Y218.553 E157.3148
G1 X223.708 Y218.617 E157.31754
G0 F15000 X223.348 Y217.497
G0 X221.96 Y217.306
G1 F3037.1 X222.377 Y216.87 E157.33405
G1 F3030.2 X222.731 Y216.866 E157.34377
G1 F3023.3 X222.911 Y217.057 E157.35099
G1 X223.048 Y217.452 E157.36248
G1 F3030.2 X222.681 Y217.308 E157.3733
G1 X221.96 Y217.306 E157.39309
G0 F15000 X222.091 Y217.105
G1 F2700 E156.89309
G0 F15000 X222.998 Y216.452
G0 X222.998 Y213.545
G0 X223.575 Y210.282
;TYPE:FILL
G1 F2700 E157.39309
G1 F3174.5 X223.876 Y210.582 E157.40554
G1 X223.849 Y210.718 E157.40961
G1 X223.575 Y210.825 E157.41823
G1 X223.575 Y209.905 E157.44519
G1 X223.925 Y209.905 E157.45545
G1 X224.03 Y209.905
G0 F15000 X223.348 Y212.508
G0 X221.336 Y212.503
G0 X220.456 Y212.352
M204 S1250
;TYPE:WALL-INNER
G1 F2544.4 X220.07 Y212.332 E157.46808
G1 F2656 X217.67 Y212.33 E157.54322
M204 S2500
G0 F15000 X221.336 Y212.503
G0 X220.456 Y212.352
M204 S1250
G1 F2766.2 X221.065 Y212.6 E157.56298
G1 F3174.5 X221.524 Y212.86 E157.5768
G1 X221.897 Y213.185 E157.58976
G1 X222.171 Y213.525 E157.6012
G1 X222.937 Y213.522 E157.62126
G1 F2836.8 X223.254 Y213.195 E157.63461
G1 F2330.9 X223.546 Y212.515 E157.66101
G1 F2559.1 X223.987 Y211.839 E157.68723
G1 F3174.5 X224.126 Y211.523 E157.69627
G1 X224.282 Y210.903 E157.71302
G1 X224.37 Y210.372 E157.72712
G1 X224.37 Y209.458 E157.75106
G1 X223.136 Y209.461 E157.78338
G1 X223.13 Y211.66 E157.84098
G1 F2583.9 X223.166 Y211.952 E157.85044
G1 F2164.4 X223.049 Y212.146 E157.85915
G1 F2559.1 X222.595 Y212.29 E157.87462
G1 F3174.5 X220.989 Y212.29 E157.91669
G1 F2766.2 X220.456 Y212.352 E157.93282
M204 S2500
G1 F2700 E157.43282
G0 F15000 X221.336 Y212.503
G0 X217.44 Y212.33
G0 X216.347 Y212.656
G0 X213.653 Y212.656
G0 X212.33 Y212.33
M204 S1250
G1 F2700 E157.93282
G1 F2666.6 X207.496 Y212.33 E158.08355
M204 S2500
G0 F15000 X206.623 Y212.114
G0 X205.978 Y212.275
M204 S1250
G1 F2185.7 X206.513 Y212.274 E158.1039
G1 F2402.3 X207.496 Y212.33 E158.13798
G1 X206.804 Y211.878 E158.16658
G1 F2185.7 X206.759 Y211.212 E158.19198
G1 X206.606 Y211.213 E158.1978
G1 X205.978 Y212.275 E158.24473
M204 S2500
G0 F15000 X205.21 Y212.79
M204 S1250
;TYPE:WALL-OUTER
G1 F3174.5 X212.79 Y212.79 E158.44327
G1 F3220.5 X212.797 Y212 E158.46367
G1 F3564.9 X212.971 Y211.831 E158.46932
G1 F3527.2 X212.592 Y211.87 E158.47831
G1 F3205 X207.496 Y211.87 E158.61051
G1 F3174.5 X207.287 Y211.717 E158.6173
G1 X207.268 Y210.994 E158.63624
G1 X207.109 Y210.758 E158.64369
G1 X206.962 Y210.698 E158.64785
G1 X206.361 Y210.698 E158.66359
G1 X205.941 Y211.327 E158.6834
G1 X205.548 Y211.986 E158.7035
G1 X205.21 Y212.651 E158.72304
G1 X205.21 Y212.79 E158.72668
M204 S2500
G0 F15000 X205.41 Y212.79
G0 X205.567 Y212.531
G0 X212.51 Y212.145
G0 X212.971 Y211.831
M204 S1250
G1 F3909.9 X217 Y211.83 E158.81236
G1 F3546 X217.206 Y212 E158.81862
G1 F3205 X217.21 Y212.79 E158.83912
G1 F3174.5 X220.022 Y212.791 E158.91277
G1 X220.445 Y212.838 E158.92392
G1 X220.867 Y212.97 E158.9355
G1 X221.22 Y213.158 E158.94597
G1 X221.574 Y213.453 E158.95804
G1 X221.931 Y213.945 E158.97397
G1 X222.977 Y213.942 E159.00136
G1 X223.194 Y213.86 E159.00744
G1 X223.569 Y213.474 E159.02153
G1 X224.125 Y212.57 E159.04933
G1 X224.524 Y211.659 E159.07538
G1 X224.694 Y210.989 E159.09349
G1 X224.79 Y210.406 E159.10896
G1 X224.79 Y209.389 E159.1356
G1 X224.683 Y209.15 E159.14246
G1 X224.528 Y209.038 E159.14747
G1 X222.992 Y209.042 E159.1877
G1 X222.82 Y209.134 E159.19281
G1 X222.71 Y209.388 E159.20006
G1 X222.71 Y211.66 E159.25957
G1 X222.658 Y211.8 E159.26348
G1 X222.547 Y211.866 E159.26686
G1 F3205 X217.34 Y211.866 E159.40195
G1 F3546 X217 Y211.83 E159.40996
M204 S2500
G0 F15000 X217.154 Y211.957
G0 X217.49 Y212.147
G0 X221.947 Y212.69
;TYPE:SKIN
G1 F3100.7 X222.613 Y212.689 E159.42782
G1 F3086.3 X223.008 Y212.605 E159.4387
G1 X222.913 Y212.947 E159.44826
G1 X222.757 Y213.116 E159.45446
G1 F3100.7 X222.364 Y213.118 E159.465
G1 F3115.2 X221.947 Y212.69 E159.48095
G0 F15000 X223.348 Y212.508
G0 X223.713 Y211.372
G1 F2103 X223.674 Y211.44 E159.48405
G1 X223.595 Y211.44 E159.48717
G1 X223.555 Y211.372 E159.49029
G1 X223.594 Y211.304 E159.49339
G1 X223.673 Y211.304 E159.49651
G1 X223.713 Y211.372 E159.49963
G0 F15000 X223.74 Y211.304
G1 F2700 E158.99963
;MESH:NONMESH
G0 F600 X223.74 Y211.304 Z3.3
G0 F15000 X222.94 Y210.871
G0 X221.835 Y210.871
G0 X207.142 Y209.824
G0 X206.134 Y209.828
G0 X199.549 Y210.871
;TIME_ELAPSED:255.276396
;LAYER:21
;note -- min layer time used
;TYPE:SUPPORT
G1 F2700 E159.49963
G1 F3298.3 X200.971 Y210.471 E159.53639
G1 X202.391 Y210.871 E159.5731
G1 X203.428 Y211.968 E159.61066
G1 X203.857 Y213.43 E159.64857
G1 X203.463 Y214.867 E159.68565
G1 X202.441 Y215.904 E159.72188
G1 X201.019 Y216.297 E159.75859
G1 X199.628 Y215.882 E159.79471
G1 X198.528 Y214.766 E159.8337
G1 X198.119 Y213.349 E159.8704
G1 X198.524 Y211.956 E159.90649
G1 X199.549 Y210.871 E159.94363
G1 F2700 E159.44363
G0 F15000 X205.882 Y220.323
G0 X207.328 Y220.325
G0 X208.326 Y219.532
G1 F2700 E159.94363
G1 F3162.8 X208.21 Y219.564 E159.94676
G1 X208.099 Y219.533 E159.94975
G1 X207.996 Y219.429 E159.95354
G1 X207.971 Y219.336 E159.95604
G1 X208.003 Y219.204 E159.95957
G1 X208.078 Y219.124 E159.96241
G1 X208.329 Y219.113 E159.96893
G1 X208.421 Y219.206 E159.97233
G1 X208.452 Y219.318 E159.97534
G1 X208.42 Y219.438 E159.97857
G1 X208.326 Y219.532 E159.98202
G1 F2700 E159.48202
G0 F15000 X212.25 Y219.417
G1 F2700 E159.98202
G1 F3221.6 X212.217 Y219.31 E159.98487
G1 X212.32 Y219.119 E159.9904
G1 X212.608 Y219.119 E159.99773
G1 X212.68 Y219.194 E160.00038
G1 X212.712 Y219.31 E160.00345
G1 X212.679 Y219.432 E160.00667
G1 X212.585 Y219.525 E160.01004
G1 X212.467 Y219.559 E160.01316
G1 X212.359 Y219.526 E160.01604
G1 X212.25 Y219.417 E160.01997
G1 F2700 E159.51997
G0 F15000 X216.407 Y219.419
G1 F2700 E160.01997
G1 F3221.6 X216.376 Y219.31 E160.02285
G1 X216.409 Y219.191 E160.026
G1 X216.479 Y219.119 E160.02856
G1 X216.768 Y219.119 E160.03592
G1 X216.84 Y219.194 E160.03857
G1 X216.872 Y219.308 E160.04159
G1 X216.836 Y219.431 E160.04485
G1 X216.741 Y219.525 E160.04826
G1 X216.623 Y219.559 E160.05138
G1 X216.515 Y219.526 E160.05426
G1 X216.407 Y219.419 E160.05813
G1 F2700 E159.55813
G0 F15000 X221.64 Y219.529
G1 F2700 E160.05813
G1 F3274.9 X221.423 Y219.311 E160.06584
G1 X221.608 Y219.115 E160.0726
G1 X221.896 Y219.115 E160.07981
G1 X221.949 Y219.172 E160.08176
G1 X221.949 Y219.456 E160.08888
G1 X221.874 Y219.531 E160.09154
G1 X221.755 Y219.564 E160.09463
G1 X221.64 Y219.529 E160.09765
G1 F2700 E159.59765
G0 F15000 X220.566 Y219.422
G1 F2700 E160.09765
G1 F3229.1 X220.532 Y219.31 E160.10062
G1 X220.636 Y219.118 E160.10617
G1 X220.927 Y219.118 E160.11357
G1 X221.111 Y219.316 E160.12044
G1 X220.903 Y219.525 E160.12793
G1 X220.782 Y219.561 E160.13114
G1 X220.67 Y219.526 E160.13412
G1 X220.566 Y219.422 E160.13786
G1 F2700 E159.63786
G0 F15000 X222.345 Y221.761
G0 X222.848 Y221.955
G0 X224.655 Y221.956
G0 X225.408 Y221.495
G0 X225.664 Y220.914
G0 X225.664 Y220.213
G0 X225.362 Y215.615
G1 F2700 E160.13786
G1 F3298.3 X224.96 Y214.253 E160.1732
G1 X225.363 Y212.898 E160.20837
G1 X226.416 Y211.808 E160.24608
G1 X228.073 Y211.346 E160.28889
G1 X229.54 Y211.748 E160.32674
G1 X230.577 Y212.829 E160.36401
G1 X230.981 Y214.193 E160.39941
G1 X230.573 Y215.613 E160.43617
G1 X229.519 Y216.656 E160.47307
G1 X227.905 Y217.105 E160.51475
G1 X226.469 Y216.696 E160.5519
G1 X225.362 Y215.615 E160.5904
G1 F2700 E160.0904
G0 F15000 X204.347 Y213.656
G0 X204.337 Y212.12
G0 X205.022 Y210.964
G0 X205.882 Y209.684
G0 X207.331 Y209.682
G0 X208.42 Y210.573
G1 F2700 E160.5904
G1 F3162.8 X208.452 Y210.687 E160.59348
G1 X208.419 Y210.81 E160.59678
G1 X208.35 Y210.879 E160.59931
G1 X208.1 Y210.898 E160.60582
G1 X208.003 Y210.8 E160.6094
G1 X207.971 Y210.673 E160.6128
G1 X208 Y210.573 E160.6155
G1 X208.09 Y210.478 E160.61889
G1 X208.207 Y210.444 E160.62206
G1 X208.33 Y210.479 E160.62537
G1 X208.42 Y210.573 E160.62875
G1 F2700 E160.12875
;MESH:axis.stl
G0 F15000 X207.331 Y209.682
G0 X205.882 Y209.684
G0 X205.022 Y210.964
G0 X204.337 Y212.12
G0 X204.347 Y213.656
G0 X206.523 Y213.656
G0 X216.347 Y217.35
G0 X217.434 Y217.437
G0 X222.948 Y218.102
G0 X223.575 Y218.654
;TYPE:FILL
G1 F2700 E160.62875
G1 F3298.3 X223.575 Y220.214 E160.67448
G1 X223.925 Y220.215 E160.68473
G1 X223.925 Y219.827 E160.69611
G1 X223.859 Y219.434 E160.70779
G1 X223.575 Y219.717 E160.71954
G1 X223.501 Y219.791
G0 F15000 X222.948 Y218.102
G0 X217.596 Y217.596
M204 S1250
;TYPE:WALL-INNER
G1 F3924.4 X217.596 Y217.95 E160.72733
G1 F3880.4 X220.266 Y217.949 E160.78677
G1 F3552 X220.968 Y217.917 E160.80387
G1 F3148.4 X222.714 Y217.918 E160.85178
G1 F2579.7 X222.936 Y217.969 E160.8594
G1 F2301.2 X223.078 Y218.127 E160.86738
G1 F2340 X223.182 Y218.329 E160.87577
G1 F2737.7 X223.13 Y218.684 E160.88709
G1 F3298.3 X223.13 Y220.658 E160.93879
G1 X224.37 Y220.662 E160.97127
G1 X224.37 Y219.788 E160.99416
G1 X224.286 Y219.282 E161.0076
G1 X224.033 Y218.502 E161.02908
G1 F2737.7 X223.727 Y218.102 E161.04497
G1 F2340 X223.568 Y217.797 E161.05767
G1 F2537.2 X223.203 Y217.277 E161.0793
G1 F2886 X223.026 Y217.118 E161.08642
G1 F3148.4 X222.767 Y217.069 E161.09365
G1 F3298.3 X221.604 Y217.076 E161.12412
G1 X221.505 Y217.158 E161.12748
G1 X220.915 Y217.461 E161.14486
G1 F3552 X220.235 Y217.591 E161.16169
G1 F3880.4 X217.596 Y217.596 E161.22045
M204 S2500
G1 F2700 E160.72045
G0 F15000 X216.347 Y217.35
G0 X213.653 Y217.35
G0 X212.56 Y217.872
G0 X206.112 Y217.872
G0 X205.692 Y217.632
M204 S1250
G1 F2700 E161.22045
G1 F3298.3 X206.118 Y218.356 E161.24245
G1 X206.57 Y219.028 E161.26366
G1 X206.842 Y219.028 E161.27079
G1 X206.87 Y218.522 E161.28406
G1 X206.924 Y218.287 E161.29038
G1 F3552 X207.396 Y217.954 E161.30442
G1 F3891.3 X212.404 Y217.949 E161.41561
G1 F3924.4 X212.404 Y217.596 E161.42338
G1 F3891.3 X207.366 Y217.598 E161.53523
G1 F3552 X206.502 Y217.635 E161.55626
G1 F3298.3 X205.692 Y217.632 E161.57748
M204 S2500
G0 F15000 X205.21 Y217.21
M204 S1250
;TYPE:WALL-OUTER
G1 F3298.3 X205.21 Y217.639 E161.58871
G1 X205.769 Y218.59 E161.61761
G1 X206.345 Y219.449 E161.6447
G1 X207.022 Y219.45 E161.66243
G1 X207.177 Y219.326 E161.66763
G1 X207.27 Y219.088 E161.67432
G1 X207.292 Y218.47 E161.69052
G1 X207.463 Y218.337 E161.69619
G1 X212.455 Y218.335 E161.82694
G1 F2868.1 X213 Y218.273 E161.84347
G1 X212.79 Y218 E161.85384
G1 F3298.3 X212.79 Y217.21 E161.87453
G1 X205.21 Y217.21 E162.07307
M204 S2500
G0 F15000 X205.21 Y217.41
G0 X205.49 Y217.493
G0 X212.51 Y218.058
G0 X213 Y218.273
M204 S1250
G1 F2523.3 X217.047 Y218.272 E162.21163
M204 S2500
G0 F15000 X217.21 Y218
M204 S1250
G1 F2850.4 X217.047 Y218.272 E162.22124
G1 X217.547 Y218.336 E162.23652
G1 F3298.3 X222.554 Y218.344 E162.36766
G1 X222.623 Y218.377 E162.36967
G1 X222.71 Y218.503 E162.37368
G1 X222.71 Y220.737 E162.43219
G1 X222.756 Y220.874 E162.43598
G1 X222.877 Y221.028 E162.44111
G1 X223.007 Y221.078 E162.44475
G1 X224.487 Y221.082 E162.48352
G1 X224.677 Y220.98 E162.48917
G1 X224.79 Y220.73 E162.49635
G1 X224.79 Y219.754 E162.52192
G1 X224.695 Y219.182 E162.5371
G1 X224.421 Y218.338 E162.56035
G1 X223.997 Y217.528 E162.58429
G1 X223.477 Y216.896 E162.60573
G1 X223.219 Y216.716 E162.61397
G1 X222.97 Y216.643 E162.62076
G1 X221.45 Y216.658 E162.66058
G1 X221.254 Y216.821 E162.66726
G1 X220.817 Y217.053 E162.68022
G1 X220.169 Y217.207 E162.69766
G1 X217.21 Y217.21 E162.77516
G1 X217.21 Y218 E162.79586
M204 S2500
G0 F15000 X217.108 Y218.171
G0 X217.49 Y218.059
G0 X222.689 Y217.506
;TYPE:SKIN
G1 F2880 X222.522 Y217.495 E162.80088
G1 F2960 X221.735 Y217.496 E162.82385
G1 F2700 E162.32385
G0 F15000 X217.44 Y218.084
G0 X216.347 Y217.35
G0 X213.653 Y217.35
G0 X212.56 Y218.084
G0 X206.574 Y218.084
G1 F2700 E162.82385
G1 F2527.9 X206.54 Y218.143 E162.82617
G1 X206.472 Y218.143 E162.8285
G1 X206.438 Y218.084 E162.83082
G1 X206.472 Y218.025 E162.83315
G1 X206.54 Y218.025 E162.83547
G1 X206.574 Y218.084 E162.8378
G0 F15000 X206.563 Y217.907
G1 F2700 E162.3378
G0 F15000 X206.563 Y217.923
G0 X212.566 Y217.437
G0 X213.653 Y217.35
G0 X217.434 Y213.668
G0 X217.434 Y212.569
G0 X222.948 Y211.912
G0 X223.574 Y210.281
;TYPE:FILL
G1 F2700 E162.8378
G1 F3298.3 X223.741 Y210.447 E162.8447
G1 X223.574 Y210.551 E162.85047
G1 X223.575 Y209.791 E162.87275
G1 X223.925 Y209.791 E162.883
G1 X224.03 Y209.791
G0 F15000 X222.948 Y211.912
G0 X217.594 Y212.406
M204 S1250
;TYPE:WALL-INNER
G1 F3958 X220.062 Y212.408 E162.93687
G1 F3754.2 X220.562 Y212.451 E162.94842
G1 F3429 X220.951 Y212.552 E162.95855
G1 F3298.3 X221.5 Y212.84 E162.97479
G1 X221.602 Y212.923 E162.97823
G1 X222.918 Y212.933 E163.0127
G1 X223.041 Y212.9 E163.01604
G1 X223.201 Y212.789 E163.02114
G1 F3037.9 X223.395 Y212.52 E163.03057
G1 F2574.9 X223.48 Y212.305 E163.03832
G1 F2732.3 X223.855 Y211.87 E163.05648
G1 F3251.9 X224.245 Y210.962 E163.08274
G1 F3298.3 X224.37 Y210.216 E163.10255
G1 X224.37 Y209.346 E163.12534
G1 F3251.9 X223.13 Y209.346 E163.15828
G1 F3170 X223.126 Y211.607 E163.2199
G1 F2721.6 X223.095 Y211.85 E163.22767
G1 F2392.6 X223.022 Y211.949 E163.23211
G1 F2759.6 X222.575 Y212.094 E163.24683
G1 F3298.3 X221.018 Y212.094 E163.28761
G1 F3607.5 X220 Y212.058 E163.312
G1 F3980.7 X217.594 Y212.057 E163.36422
G1 F3969.3 X217.594 Y212.406 E163.37181
M204 S2500
G1 F2700 E162.87181
G0 F15000 X216.347 Y212.656
G0 X213.653 Y212.656
G0 X212.56 Y212.134
G0 X206.11 Y212.134
G0 X205.692 Y212.37
M204 S1250
G1 F2700 E163.37181
G1 F3298.3 X206.503 Y212.37 E163.39305
G1 F3607.5 X207.5 Y212.405 E163.41694
G1 F3969.3 X212.406 Y212.406 E163.52372
G1 X212.406 Y212.056 E163.53134
G1 X207.5 Y212.055 E163.63812
G1 F3607.5 X206.925 Y211.719 E163.65406
G1 F3298.3 X206.87 Y211.482 E163.66044
G1 X206.843 Y210.974 E163.67376
G1 X206.569 Y210.974 E163.68094
G1 X206.106 Y211.672 E163.70288
G1 X205.692 Y212.37 E163.72413
M204 S2500
G0 F15000 X205.21 Y212.79
M204 S1250
;TYPE:WALL-OUTER
G1 F3298.3 X212.79 Y212.79 E163.92267
G1 X212.79 Y212 E163.94336
G1 F2868.1 X212.954 Y211.731 E163.95285
G1 X212.461 Y211.672 E163.96781
G1 F3298.3 X207.5 Y211.671 E164.09775
G1 X207.292 Y211.537 E164.10423
G1 X207.271 Y210.912 E164.12061
G1 X207.177 Y210.678 E164.12721
G1 X207.022 Y210.554 E164.13241
G1 X206.345 Y210.554 E164.15015
G1 X205.762 Y211.428 E164.17766
G1 X205.21 Y212.358 E164.20599
G1 X205.21 Y212.79 E164.2173
M204 S2500
G0 F15000 X205.41 Y212.79
G0 X205.49 Y212.513
G0 X212.51 Y211.951
G0 X212.954 Y211.731
M204 S1250
G1 F2555.9 X217 Y211.731 E164.35406
M204 S2500
G0 F15000 X217.21 Y212
M204 S1250
G1 F3298.3 X217.21 Y212.79 E164.37475
G1 X220.022 Y212.791 E164.44841
G1 X220.445 Y212.838 E164.45955
G1 X220.868 Y212.97 E164.47116
G1 X221.253 Y213.18 E164.48265
G1 X221.452 Y213.342 E164.48937
G1 X222.972 Y213.353 E164.52918
G1 X223.221 Y213.286 E164.53594
G1 X223.477 Y213.108 E164.5441
G1 X223.737 Y212.83 E164.55407
G1 X224.225 Y212.077 E164.57757
G1 X224.654 Y211.074 E164.60615
G1 X224.79 Y210.25 E164.62802
G1 X224.79 Y209.263 E164.65387
G1 X224.745 Y209.132 E164.6575
G1 X224.541 Y208.926 E164.6651
G1 X222.971 Y208.926 E164.70622
G1 X222.817 Y209.035 E164.71116
G1 X222.71 Y209.273 E164.71799
G1 X222.705 Y211.511 E164.77661
G1 X222.619 Y211.638 E164.78063
G1 X222.535 Y211.672 E164.783
G1 X217.537 Y211.673 E164.91391
G1 F2892.1 X217 Y211.731 E164.93005
G1 X217.21 Y212 E164.94024
M204 S2500
G0 F15000 X217.21 Y212.2
G0 X217.52 Y212.2
G0 X222.851 Y212.485
;TYPE:SKIN
G1 F2821.4 X222.638 Y212.51 E164.94681
G1 F3018.1 X221.734 Y212.506 E164.97269
G0 F15000 X223.348 Y212.312
G0 X223.702 Y211.132
G1 F2241.6 X223.664 Y211.199 E164.97565
G1 X223.587 Y211.199 E164.97862
G1 X223.548 Y211.132 E164.98161
G1 X223.586 Y211.065 E164.98458
G1 X223.663 Y211.065 E164.98755
G1 X223.702 Y211.132 E164.99053
G1 F2700 E164.49053
G0 F15000 X222.934 Y211.898
G0 X221.847 Y210.811
G0 X212.56 Y210.796
G0 X212.56 Y211.898
G0 X206.574 Y211.916
G1 F2700 E164.99053
G1 F2518.7 X206.54 Y211.975 E164.99287
G1 X206.472 Y211.975 E164.9952
G1 X206.438 Y211.916 E164.99754
G1 X206.472 Y211.857 E164.99987
G1 X206.54 Y211.857 E165.00221
G1 X206.574 Y211.916 E165.00454
G0 F15000 X206.563 Y212.096
G1 F2700 E164.50454
;MESH:NONMESH
G0 F600 X206.563 Y212.096 Z3.45
G0 F15000 X206.563 Y212.083
G0 X205.439 Y212.422
G0 X204.335 Y212.422
G0 X199.558 Y210.902
;TIME_ELAPSED:266.667653
;LAYER:22
;note -- min layer time used
;TYPE:SUPPORT
G1 F2700 E165.00454
G1 F2846.2 X200.972 Y210.499 E165.04113
G1 X202.386 Y210.902 E165.07771
G1 X203.444 Y212.04 E165.11638
G1 X203.881 Y213.511 E165.15456
G1 X203.479 Y214.967 E165.19214
G1 X202.457 Y216.009 E165.22846
G1 X201.038 Y216.409 E165.26515
G1 X199.632 Y215.99 E165.30165
G1 X198.532 Y214.874 E165.34064
G1 X198.115 Y213.433 E165.37797
G1 X198.528 Y212.003 E165.41501
G1 X199.558 Y210.902 E165.45252
G1 F2700 E164.95252
G0 F15000 X204.347 Y213.656
G0 X224.804 Y214.255
G1 F2700 E165.45252
G1 F2846.2 X225.207 Y212.902 E165.48765
G1 X226.264 Y211.808 E165.5255
G1 X227.938 Y211.35 E165.56869
G1 X229.452 Y211.76 E165.60771
G1 X230.5 Y212.868 E165.64566
G1 X230.893 Y214.222 E165.68075
G1 X230.496 Y215.642 E165.71743
G1 X229.466 Y216.672 E165.75368
G1 X227.915 Y217.103 E165.79373
G1 X227.743 Y217.108 E165.79802
G1 X226.314 Y216.696 E165.83502
G1 X225.21 Y215.615 E165.87347
G1 X224.804 Y214.255 E165.90878
G1 F2700 E165.40878
;MESH:axis.stl
G0 F15000 X223.905 Y216.486
G0 X223.359 Y217.445
G0 X223.845 Y219.602
G0 X223.925 Y220.317
;TYPE:FILL
G1 F2700 E165.90878
G1 F2846.2 X223.575 Y220.317 E165.91904
G1 X223.575 Y219.596 E165.94018
G1 X223.575 Y219.717 E165.94372
G1 X223.656 Y219.636 E165.94708
G1 X223.784 Y219.7 E165.95128
G1 X223.845 Y219.602 E165.95466
G1 X223.925 Y219.962 E165.96547
G1 X223.925 Y220.317 E165.97587
G0 F15000 X222.948 Y218.279
G0 X217.89 Y217.837
G0 X217.572 Y218.083
M204 S1250
;TYPE:WALL-INNER
G1 F2668.3 X220.335 Y218.078 E166.05307
G1 F2464.7 X220.863 Y218.047 E166.06906
G1 F2307.7 X222.5 Y218.044 E166.12195
G1 F2209.6 X222.779 Y218.08 E166.13144
G1 F2127.1 X222.976 Y218.209 E166.13969
G1 F2134.6 X223.131 Y218.418 E166.14878
G1 F2281.3 X223.132 Y219.59 E166.18708
G1 F2633 X223.133 Y220.762 E166.22026
G1 F2846.2 X224.366 Y220.762 E166.25255
G1 X224.37 Y219.919 E166.27463
G1 X224.183 Y219.081 E166.29712
G1 F2793 X223.878 Y218.4 E166.31704
G1 F2400.4 X223.608 Y218.135 E166.32879
G1 F2134.6 X223.377 Y217.816 E166.34254
G1 F2112 X223.057 Y217.577 E166.35664
G1 F2157.8 X222.842 Y217.522 E166.36431
G1 F2272.6 X220.833 Y217.533 E166.43021
G1 F2480.1 X220.248 Y217.635 E166.44806
G1 F2680.3 X217.641 Y217.641 E166.52057
G1 F2704.5 X217.641 Y218 E166.53047
G1 X217.572 Y218.083 E166.53344
M204 S2500
G1 F2700 E166.03344
G0 F15000 X217.89 Y217.837
G0 X216.347 Y217.35
G0 X213.653 Y217.35
G0 X212.56 Y217.872
G0 X205.99 Y217.872
G0 X205.63 Y217.63
M204 S1250
G1 F2700 E166.53344
G1 F2846.2 X205.63 Y217.732 E166.53611
G1 X205.928 Y218.233 E166.55138
G1 X206.552 Y219.174 E166.58096
G1 X206.847 Y219.172 E166.58868
G1 X206.87 Y218.702 E166.60101
G1 X206.953 Y218.411 E166.60893
G1 F2754.4 X207.388 Y218.089 E166.62358
G1 F2680.3 X212.442 Y218.083 E166.76415
G1 F2704.5 X212.359 Y218 E166.76739
G1 X212.359 Y217.641 E166.77728
G1 F2680.3 X207.35 Y217.644 E166.9166
G1 F2754.4 X206.5 Y217.63 E166.93961
G1 F2846.2 X205.63 Y217.63 E166.9624
M204 S2500
G0 F15000 X205.21 Y217.21
M204 S1250
;TYPE:WALL-OUTER
G1 F2846.2 X205.21 Y217.846 E166.97906
G1 X205.555 Y218.43 E166.99682
G1 X206.049 Y219.176 E167.02026
G1 X206.355 Y219.594 E167.03383
G1 X207.019 Y219.594 E167.05122
G1 X207.179 Y219.477 E167.05641
G1 X207.27 Y219.247 E167.06289
G1 X207.293 Y218.636 E167.0789
G1 X207.463 Y218.517 E167.08434
G1 X212.276 Y218.514 E167.2104
G1 F3057.3 X213 Y218.543 E167.22807
G1 F3284.1 X217.063 Y218.542 E167.3203
G1 F3049.5 X217.724 Y218.514 E167.33647
G1 F2846.2 X222.5 Y218.514 E167.46157
G1 X222.643 Y218.569 E167.46558
G1 X222.708 Y218.693 E167.46925
G1 X222.71 Y220.844 E167.52559
G1 X222.813 Y221.08 E167.53233
G1 X222.964 Y221.182 E167.53711
G1 X224.531 Y221.182 E167.57815
G1 X224.684 Y221.079 E167.58298
G1 X224.79 Y220.843 E167.58976
G1 X224.79 Y219.883 E167.6149
G1 X224.695 Y219.344 E167.62924
G1 X224.578 Y218.937 E167.64033
G1 X224.233 Y218.166 E167.66245
G1 X223.746 Y217.489 E167.6843
G1 X223.491 Y217.255 E167.69336
G1 X223.239 Y217.11 E167.70098
G1 X222.973 Y217.051 E167.70811
G1 X220.777 Y217.066 E167.76563
G1 X220.173 Y217.207 E167.78188
G1 X217.21 Y217.21 E167.85949
G1 X217.21 Y218 E167.88018
G1 F3049.5 X217.032 Y218.18 E167.88637
G1 F3284.1 X213 Y218.181 E167.97789
G1 F3057.3 X212.79 Y218 E167.98465
G1 F2846.2 X212.79 Y217.21 E168.00535
G1 X205.21 Y217.21 E168.20388
M204 S2500
G0 F15000 X205.21 Y217.41
G0 X205.99 Y217.872
G0 X206.584 Y218.149
;TYPE:SKIN
G1 F1800.3 X206.543 Y218.221 E168.20731
G1 X206.46 Y218.221 E168.21075
G1 X206.418 Y218.149 E168.2142
G1 X206.459 Y218.077 E168.21763
G1 X206.542 Y218.077 E168.22107
G1 X206.584 Y218.149 E168.22452
G1 F2700 E167.72452
G0 F15000 X212.566 Y218.293
G0 X212.566 Y219.392
G0 X221.847 Y219.38
G0 X222.934 Y218.293
G0 X223.687 Y219.002
G1 F2700 E168.22452
G1 F2012.5 X223.65 Y219.066 E168.22726
G1 X223.576 Y219.066 E168.23
G1 X223.539 Y219.002 E168.23274
G1 X223.576 Y218.938 E168.23548
G1 X223.65 Y218.938 E168.23822
G1 X223.687 Y219.002 E168.24096
G0 F15000 X223.74 Y219.078
G1 F2700 E167.74096
G0 F15000 X223.359 Y217.445
G0 X223.905 Y216.486
G0 X223.906 Y213.519
G0 X223.357 Y212.562
G0 X223.576 Y210.282
;TYPE:FILL
G1 F2700 E168.24096
G1 F2846.2 X223.732 Y210.439 E168.24745
G1 X223.576 Y210.495 E168.2523
G1 X223.575 Y209.683 E168.2761
G1 X223.925 Y209.683 E168.28636
G1 X224.03 Y209.683
G0 F15000 X222.948 Y211.72
G0 X217.89 Y212.161
G0 X217.557 Y211.916
M204 S1250
;TYPE:WALL-INNER
G1 F2698.4 X217.641 Y212 E168.28964
G1 X217.641 Y212.359 E168.29956
G1 F2680.3 X220.235 Y212.359 E168.37171
G1 F2469.8 X220.826 Y212.469 E168.38986
G1 F2290 X222.663 Y212.466 E168.44966
G1 F2181.4 X223.065 Y212.42 E168.46349
G1 F2108.3 X223.391 Y212.17 E168.47801
G1 F2268.3 X224.008 Y211.379 E168.51098
G1 F2621.5 X224.287 Y210.555 E168.53572
G1 F2846.2 X224.37 Y210.081 E168.54832
G1 X224.364 Y209.238 E168.57041
G1 X223.134 Y209.238 E168.60262
G1 F2621.5 X223.131 Y211.596 E168.66968
G1 F2264 X222.975 Y211.79 E168.67787
G1 F2119.5 X222.796 Y211.908 E168.68542
G1 F2201.5 X222.583 Y211.951 E168.69277
G1 F2298.9 X220.857 Y211.951 E168.74875
G1 F2490.4 X220.14 Y211.915 E168.77024
G1 F2698.4 X217.557 Y211.916 E168.8416
M204 S2500
G1 F2700 E168.3416
G0 F15000 X217.89 Y212.161
G0 X216.347 Y212.656
G0 X213.653 Y212.656
G0 X212.56 Y212.134
G0 X205.99 Y212.134
G0 X205.63 Y212.37
M204 S1250
G1 F2700 E168.8416
G1 F2780 X207.5 Y212.36 E168.89174
G1 F2716.8 X212.36 Y212.36 E169.0251
G1 F2710.7 X212.36 Y212 E169.035
G1 X212.429 Y211.917 E169.03797
G1 F2716.8 X207.5 Y211.92 E169.17322
G1 F2780 X206.952 Y211.592 E169.19034
G1 F2846.2 X206.87 Y211.303 E169.19821
G1 X206.847 Y210.83 E169.21062
G1 X206.551 Y210.83 E169.21837
G1 X205.917 Y211.788 E169.24846
G1 X205.63 Y212.272 E169.2632
G1 X205.63 Y212.37 E169.26576
M204 S2500
G0 F15000 X205.21 Y212.79
M204 S1250
;TYPE:WALL-OUTER
G1 F2846.2 X212.79 Y212.79 E169.4643
G1 X212.79 Y212 E169.48499
G1 F3049.5 X212.969 Y211.82 E169.4912
G1 F3284.1 X217 Y211.819 E169.5827
G1 F3049.5 X217.21 Y212 E169.58948
G1 F2846.2 X217.21 Y212.79 E169.61017
G1 X220.19 Y212.795 E169.68823
G1 X220.77 Y212.938 E169.70387
G1 X222.985 Y212.938 E169.76189
G1 X223.238 Y212.891 E169.76863
G1 X223.491 Y212.745 E169.77628
G1 X223.75 Y212.507 E169.78549
G1 X224.001 Y212.196 E169.79596
G1 X224.423 Y211.461 E169.81816
G1 X224.695 Y210.659 E169.84034
G1 X224.79 Y210.117 E169.85475
G1 X224.79 Y209.161 E169.87979
G1 X224.684 Y208.924 E169.88659
G1 X224.527 Y208.818 E169.89155
G1 X222.972 Y208.818 E169.93228
G1 X222.813 Y208.925 E169.9373
G1 X222.71 Y209.16 E169.94402
G1 X222.711 Y211.272 E169.99934
G1 X222.643 Y211.428 E170.0038
G1 X222.537 Y211.479 E170.00688
G1 X217.725 Y211.485 E170.13292
G1 F3049.5 X217 Y211.455 E170.15066
G1 F3284.1 X212.938 Y211.459 E170.24286
G1 F3049.5 X212.277 Y211.487 E170.25904
G1 F2846.2 X207.5 Y211.49 E170.38416
G1 X207.293 Y211.37 E170.39043
G1 X207.271 Y210.76 E170.40641
G1 X207.178 Y210.526 E170.41301
G1 X207.022 Y210.41 E170.4181
G1 X206.355 Y210.41 E170.43557
G1 X206.032 Y210.853 E170.44993
G1 X205.566 Y211.556 E170.47202
G1 X205.21 Y212.158 E170.49034
G1 X205.21 Y212.79 E170.50689
M204 S2500
G0 F15000 X205.41 Y212.79
G0 X205.99 Y212.134
G0 X206.583 Y211.845
;TYPE:SKIN
G1 F1805.7 X206.542 Y211.916 E170.51028
G1 X206.46 Y211.916 E170.51366
G1 X206.419 Y211.845 E170.51705
G1 X206.46 Y211.774 E170.52043
G1 X206.542 Y211.774 E170.52382
G1 X206.583 Y211.845 E170.5272
G1 F2700 E170.0272
G0 F15000 X212.566 Y211.706
G0 X212.564 Y210.608
G0 X221.847 Y210.62
G0 X222.934 Y211.706
G0 X223.68 Y211.014
G1 F2700 E170.5272
G1 F2075.4 X223.644 Y211.076 E170.52978
G1 X223.572 Y211.076 E170.53237
G1 X223.536 Y211.014 E170.53494
G1 X223.572 Y210.952 E170.53752
G1 X223.644 Y210.952 E170.5401
G1 X223.68 Y211.014 E170.54268
G0 F15000 X223.74 Y210.957
G1 F2700 E170.04268
;MESH:NONMESH
G0 F600 X223.74 Y210.957 Z3.6
G0 F15000 X222.94 Y211.014
G0 X221.847 Y210.62
G0 X207.308 Y209.54
G0 X206.054 Y209.543
G0 X199.554 Y211.014
;TIME_ELAPSED:275.946563
;LAYER:23
;note -- min layer time used
;TYPE:SUPPORT
G1 F2700 E170.54268
G1 F2865.2 X200.973 Y210.607 E170.57941
G1 X202.422 Y211.022 E170.61692
G1 X203.472 Y212.143 E170.65513
G1 X203.897 Y213.614 E170.69323
G1 X203.495 Y215.079 E170.73103
G1 X202.473 Y216.116 E170.76726
G1 X201.05 Y216.517 E170.80405
G1 X199.672 Y216.106 E170.83983
G1 X198.543 Y214.966 E170.87975
G1 X198.123 Y213.516 E170.91732
G1 X198.532 Y212.103 E170.95392
G1 X199.554 Y211.014 E170.99108
G1 F2700 E170.49108
G0 F15000 X204.347 Y213.496
G0 X224.648 Y214.257
G1 F2700 E170.99108
G1 F2865.2 X225.055 Y212.902 E171.02628
G1 X226.108 Y211.812 E171.064
G1 X227.583 Y211.405 E171.10207
G1 X228.025 Y211.376 E171.11309
G1 X229.467 Y211.779 E171.15035
G1 X230.5 Y212.868 E171.1877
G1 X230.893 Y214.222 E171.22278
G1 X230.496 Y215.642 E171.25947
G1 X229.466 Y216.668 E171.29564
G1 X228.015 Y217.076 E171.33315
G1 X227.579 Y217.107 E171.34402
G1 X226.161 Y216.7 E171.38073
G1 X225.054 Y215.619 E171.41923
G1 X224.648 Y214.257 E171.4546
G1 F2700 E170.9546
;MESH:axis.stl
G0 F15000 X223.377 Y212.26
G0 X223.575 Y210.282
;TYPE:FILL
G1 F2700 E171.4546
G1 F2865.2 X223.634 Y210.34 E171.45702
G1 X223.575 Y210.361 E171.45886
G1 X223.575 Y209.583 E171.48166
G1 X223.925 Y209.583 E171.49192
G1 X224.03 Y209.583
G0 F15000 X222.948 Y211.56
G0 X217.89 Y211.999
G0 X217.406 Y211.75
M204 S1250
;TYPE:WALL-INNER
G1 F2710.3 X217.642 Y211.979 E171.50102
G1 X217.643 Y212.194 E171.50698
G1 F2686.1 X222.65 Y212.195 E171.64686
G1 F2501.8 X223.091 Y212.135 E171.66021
G1 F2336.7 X223.244 Y212.052 E171.66581
G1 F2455.9 X223.642 Y211.707 E171.6819
G1 F2734.9 X223.864 Y211.427 E171.69171
G1 F2865.2 X224.189 Y210.742 E171.71156
G1 X224.37 Y209.948 E171.73289
G1 X224.37 Y209.138 E171.75411
G1 X223.13 Y209.138 E171.78659
G1 X223.126 Y211.184 E171.84018
G1 F2538.8 X223.037 Y211.537 E171.85094
G1 F2354.9 X222.802 Y211.707 E171.86018
G1 F2549.5 X222.612 Y211.748 E171.8659
G1 F2686.1 X217.406 Y211.75 E172.01135
M204 S2500
G1 F2700 E171.51135
G0 F15000 X217.89 Y211.999
G0 X217.448 Y211.555
G0 X213.042 Y211.555
G0 X205.963 Y211.975
G0 X205.63 Y212.21
M204 S1250
G1 F2700 E172.01135
G1 F2865.2 X206.503 Y212.209 E172.03422
G1 F2772.8 X207.499 Y212.194 E172.06118
G1 F2686.1 X212.357 Y212.193 E172.1969
G1 F2692.1 X212.357 Y211.977 E172.20292
G1 X212.559 Y211.746 E172.21148
G1 F2686.1 X207.499 Y211.744 E172.35285
G1 F2772.8 X206.956 Y211.419 E172.36998
G1 F2865.2 X206.87 Y211.123 E172.37805
G1 X206.852 Y210.694 E172.3893
G1 X206.567 Y210.694 E172.39676
G1 X206.185 Y211.218 E172.41374
G1 X205.63 Y212.048 E172.4399
G1 X205.63 Y212.21 E172.44414
M204 S2500
G0 F15000 X205.21 Y212.63
M204 S1250
;TYPE:WALL-OUTER
G1 F2865.2 X212.79 Y212.626 E172.64268
G1 X212.79 Y211.992 E172.65928
G1 F2760 X212.961 Y211.777 E172.66675
G1 F2680.1 X217 Y211.777 E172.77985
G1 F2779.2 X217.21 Y211.993 E172.78798
G1 F2865.2 X217.211 Y212.626 E172.80456
G1 X222.979 Y212.63 E172.95564
G1 X223.243 Y212.579 E172.96268
G1 X223.503 Y212.447 E172.97032
G1 X224.003 Y211.965 E172.98851
G1 X224.229 Y211.638 E172.99892
G1 X224.583 Y210.892 E173.02055
G1 X224.695 Y210.515 E173.03085
G1 X224.79 Y209.985 E173.04496
G1 X224.79 Y209.037 E173.06979
G1 X224.747 Y208.915 E173.07317
G1 X224.623 Y208.771 E173.07815
G1 X224.482 Y208.719 E173.08209
G1 X223.012 Y208.718 E173.12059
G1 X222.872 Y208.768 E173.12448
G1 X222.75 Y208.914 E173.12947
G1 X222.71 Y209.028 E173.13263
G1 X222.709 Y211.136 E173.18785
G1 X222.665 Y211.243 E173.19088
G1 X222.537 Y211.319 E173.19477
G1 X217.864 Y211.319 E173.31717
G1 F2779.2 X217 Y211.331 E173.3405
G1 F2680.1 X212.923 Y211.33 E173.45466
G1 F2760 X212.134 Y211.314 E173.47612
G1 F2865.2 X207.499 Y211.31 E173.59752
G1 X207.293 Y211.193 E173.60373
G1 X207.271 Y210.604 E173.61917
G1 X207.129 Y210.336 E173.62711
G1 X206.969 Y210.274 E173.6316
G1 X206.355 Y210.274 E173.64769
G1 X205.835 Y210.984 E173.67074
G1 X205.21 Y211.92 E173.70022
G1 X205.21 Y212.63 E173.71881
M204 S2500
G0 F15000 X205.41 Y212.63
G0 X205.963 Y211.975
G0 X206.588 Y211.684
;TYPE:SKIN
G1 F1806.9 X206.547 Y211.756 E173.72225
G1 X206.464 Y211.756 E173.7257
G1 X206.422 Y211.684 E173.72916
G1 X206.463 Y211.612 E173.73261
G1 X206.546 Y211.612 E173.73605
G1 X206.588 Y211.684 E173.73951
G1 F2700 E173.23951
G0 F15000 X212.421 Y211.531
G0 X222.948 Y211.56
G0 X223.671 Y210.876
G1 F2700 E173.73951
G1 F2118.6 X223.636 Y210.937 E173.74201
G1 X223.565 Y210.937 E173.74452
G1 X223.529 Y210.876 E173.74703
G1 X223.564 Y210.815 E173.74952
G1 X223.635 Y210.815 E173.75204
G1 X223.671 Y210.876 E173.75454
G0 F15000 X223.74 Y210.792
G1 F2700 E173.25454
G0 F15000 X223.377 Y212.26
G0 X223.866 Y213.248
G0 X223.857 Y216.753
G0 X223.377 Y217.746
G0 X223.575 Y219.643
G0 X223.925 Y220.417
;TYPE:FILL
G1 F2700 E173.75454
G1 F2865.2 X223.575 Y220.417 E173.7648
G1 X223.575 Y219.643 E173.78749
G1 X223.575 Y219.717 E173.78966
G1 X223.632 Y219.661 E173.792
G1 X223.842 Y219.728 E173.79846
G1 X223.925 Y220.103 E173.80972
G1 X223.925 Y220.417 E173.81892
G0 F15000 X222.948 Y218.456
G0 X217.89 Y218.014
G0 X217.438 Y218.261
M204 S1250
;TYPE:WALL-INNER
G1 F2674.2 X222.5 Y218.259 E173.96098
G1 F2538.8 X222.802 Y218.305 E173.97001
G1 F2350.3 X223.051 Y218.501 E173.98013
G1 F2486.3 X223.13 Y218.735 E173.98758
G1 F2798.6 X223.13 Y220.862 E174.04462
G1 F2865.2 X224.37 Y220.862 E174.0771
G1 X224.37 Y220.06 E174.0981
G1 X224.193 Y219.266 E174.11941
G1 X223.864 Y218.575 E174.13946
G1 F2728.7 X223.647 Y218.307 E174.14894
G1 F2445.9 X223.219 Y217.936 E174.16632
G1 F2421.3 X222.867 Y217.809 E174.17792
G1 F2610.4 X217.644 Y217.812 E174.32808
G1 F2680.1 X217.644 Y218.027 E174.3341
G1 X217.438 Y218.261 E174.34282
M204 S2500
G1 F2700 E173.84282
G0 F15000 X217.89 Y218.014
G0 X217.448 Y218.451
G0 X213.042 Y218.451
G0 X205.965 Y218.032
G0 X205.63 Y217.794
M204 S1250
G1 F2700 E174.34282
G1 F2865.2 X205.63 Y217.956 E174.34707
G1 X206.189 Y218.793 E174.37343
G1 X206.567 Y219.31 E174.39021
G1 X206.851 Y219.309 E174.39764
G1 X206.87 Y218.881 E174.40887
G1 X206.956 Y218.585 E174.41694
G1 F2747.4 X207.388 Y218.265 E174.43162
G1 F2662.3 X212.599 Y218.26 E174.57851
G1 F2686.1 X212.356 Y218.027 E174.58792
G1 X212.356 Y217.812 E174.59392
G1 F2662.3 X207.349 Y217.812 E174.73506
G1 F2747.4 X206.504 Y217.795 E174.75815
G1 F2865.2 X205.63 Y217.794 E174.78104
M204 S2500
G0 F15000 X205.21 Y217.374
M204 S1250
;TYPE:WALL-OUTER
G1 F2865.2 X205.21 Y218.084 E174.79964
G1 X205.829 Y219.011 E174.82883
G1 X206.355 Y219.73 E174.85217
G1 X206.97 Y219.73 E174.86827
G1 X207.175 Y219.619 E174.87438
G1 X207.271 Y219.4 E174.88064
G1 X207.293 Y218.814 E174.896
G1 X207.463 Y218.697 E174.90141
G1 X212.133 Y218.694 E175.02373
G1 F2760 X213 Y218.678 E175.0473
G1 F2650.6 X217.078 Y218.676 E175.16276
G1 F2747.4 X217.868 Y218.694 E175.18435
G1 F2865.2 X222.5 Y218.694 E175.30567
G1 X222.646 Y218.752 E175.30978
G1 X222.709 Y218.877 E175.31345
G1 X222.711 Y220.967 E175.36819
G1 X222.754 Y221.089 E175.37158
G1 X222.959 Y221.282 E175.37896
G1 X224.466 Y221.282 E175.41843
G1 X224.625 Y221.23 E175.42281
G1 X224.79 Y220.973 E175.43081
G1 X224.79 Y220.023 E175.45569
G1 X224.651 Y219.25 E175.47626
G1 X224.229 Y218.365 E175.50194
G1 X224.01 Y218.045 E175.5121
G1 X223.493 Y217.547 E175.5309
G1 X223.248 Y217.426 E175.53806
G1 X222.98 Y217.375 E175.5452
G1 X217.21 Y217.378 E175.69633
G1 X217.21 Y218.009 E175.71286
G1 F2747.4 X217.039 Y218.225 E175.72039
G1 F2650.6 X213 Y218.226 E175.83474
G1 F2760 X212.79 Y218.009 E175.84295
G1 F2865.2 X212.79 Y217.378 E175.85948
G1 X205.21 Y217.374 E176.05802
M204 S2500
G0 F15000 X205.21 Y217.574
G0 X205.965 Y218.032
G0 X206.588 Y218.319
;TYPE:SKIN
G1 F1790.7 X206.546 Y218.392 E176.06155
G1 X206.462 Y218.392 E176.06507
G1 X206.42 Y218.319 E176.0686
G1 X206.462 Y218.246 E176.07213
G1 X206.546 Y218.246 E176.07565
G1 X206.588 Y218.319 E176.07918
G1 F2700 E175.57918
G0 F15000 X212.485 Y218.478
G0 X222.948 Y218.456
G0 X223.671 Y219.129
G1 F2700 E176.07918
G1 F2111.2 X223.636 Y219.19 E176.08168
G1 X223.565 Y219.19 E176.0842
G1 X223.529 Y219.129 E176.08672
G1 X223.564 Y219.068 E176.08922
G1 X223.635 Y219.068 E176.09174
G1 X223.671 Y219.129 E176.09426
G0 F15000 X223.74 Y219.212
G1 F2700 E175.59426
;MESH:NONMESH
G0 F600 X223.74 Y219.212 Z3.75
G0 F15000 X222.948 Y218.456
G0 X207.08 Y218.471
G0 X207.08 Y216.501
G0 X199.562 Y211.107
;TIME_ELAPSED:284.851089
;LAYER:24
;note -- min layer time used
;TYPE:SUPPORT
G1 F2700 E176.09426
G1 F2756.4 X200.975 Y210.711 E176.13077
G1 X202.434 Y211.13 E176.16854
G1 X203.492 Y212.256 E176.20699
G1 X203.925 Y213.75 E176.2457
G1 X203.531 Y215.191 E176.28287
G1 X202.513 Y216.224 E176.31896
G1 X201.091 Y216.617 E176.35566
G1 X199.724 Y216.209 E176.39116
G1 X198.563 Y215.045 E176.43207
G1 X198.143 Y213.587 E176.46982
G1 X198.537 Y212.203 E176.50563
G1 X199.562 Y211.107 E176.54297
G1 F2700 E176.04297
G0 F15000 X204.347 Y213.214
G0 X224.496 Y214.261
G1 F2700 E176.54297
G1 F2756.4 X224.899 Y212.906 E176.57815
G1 X225.956 Y211.812 E176.616
G1 X227.423 Y211.409 E176.65385
G1 X227.696 Y211.428 E176.66066
G1 X228.046 Y211.378 E176.66946
G1 X229.467 Y211.779 E176.7062
G1 X230.5 Y212.868 E176.74355
G1 X230.893 Y214.222 E176.77863
G1 X230.496 Y215.642 E176.81532
G1 X229.466 Y216.668 E176.85149
G1 X228.048 Y217.066 E176.88814
G1 X227.624 Y217.124 E176.89879
G1 X227.437 Y217.111 E176.90345
G1 X226.005 Y216.7 E176.94052
G1 X224.898 Y215.619 E176.97902
G1 X224.496 Y214.261 E177.01426
G1 F2700 E176.51426
;MESH:axis.stl
G0 F15000 X223.159 Y216.792
G0 X217.293 Y218.44
M204 S1250
;TYPE:WALL-INNER
G1 F2700 E177.01426
G1 F2983.7 X222.5 Y218.438 E177.14026
G1 F2789.6 X222.813 Y218.492 E177.14848
G1 F2479 X222.986 Y218.594 E177.15433
G1 F2527.7 X223.095 Y218.836 E177.16191
G1 F2743.3 X223.13 Y219.052 E177.16766
G1 F2756.4 X223.13 Y220.958 E177.21759
G1 X224.37 Y220.96 E177.25007
G1 X224.37 Y220.17 E177.27076
G1 X224.294 Y219.755 E177.28181
G1 X224.049 Y219.088 E177.30042
G1 F2743.3 X223.673 Y218.515 E177.31846
G1 F2607.4 X223.467 Y218.326 E177.3262
G1 F2473.7 X223.126 Y218.128 E177.33771
G1 F2607.4 X222.835 Y218.05 E177.34605
G1 F2894.2 X217.604 Y218.052 E177.47654
G1 F2991.5 X217.584 Y218.187 E177.47983
G1 X217.293 Y218.44 E177.48914
M204 S2500
G0 F15000 X217.293 Y218.523
G0 X206.041 Y218.313
G0 X205.63 Y218.074
M204 S1250
G1 F2756.4 X205.63 Y218.122 E177.49039
G1 X205.976 Y218.644 E177.5068
G1 X206.552 Y219.43 E177.53232
G1 X206.854 Y219.429 E177.54023
G1 X206.87 Y219.027 E177.55077
G1 X206.936 Y218.769 E177.55774
G1 F2851.5 X207.393 Y218.446 E177.57191
G1 F2983.7 X212.763 Y218.439 E177.70185
G1 F3007 X212.416 Y218.188 E177.71213
G1 X212.396 Y218.053 E177.71541
G1 X207.5 Y218.054 E177.83296
G1 F2879.8 X206.506 Y218.073 E177.85788
G1 F2756.4 X205.63 Y218.074 E177.88083
M204 S2500
G0 F15000 X205.21 Y217.654
M204 S1250
;TYPE:WALL-OUTER
G1 F2756.4 X205.21 Y218.248 E177.89639
G1 X205.647 Y218.906 E177.91707
G1 X206.339 Y219.85 E177.94773
G1 X207.027 Y219.85 E177.96575
G1 X207.181 Y219.736 E177.97077
G1 X207.271 Y219.528 E177.97671
G1 X207.312 Y218.957 E177.9917
G1 X207.463 Y218.845 E177.99663
G1 X212.233 Y218.841 E178.12156
G1 F2447.6 X213 Y218.789 E178.14424
G1 F2192.6 X217.091 Y218.787 E178.27895
G1 F2432.1 X217.768 Y218.842 E178.29911
G1 F2756.4 X222.582 Y218.842 E178.4252
G1 X222.71 Y219 E178.43053
G1 X222.71 Y221.063 E178.48456
G1 X222.754 Y221.186 E178.48798
G1 X222.872 Y221.328 E178.49282
G1 X223.019 Y221.378 E178.49688
G1 X224.465 Y221.382 E178.53476
G1 X224.624 Y221.328 E178.53916
G1 X224.79 Y221.061 E178.54739
G1 X224.79 Y220.132 E178.57172
G1 X224.7 Y219.644 E178.58472
G1 X224.427 Y218.899 E178.6055
G1 X224.006 Y218.251 E178.62574
G1 X223.76 Y217.994 E178.63506
G1 X223.51 Y217.808 E178.64322
G1 X223.258 Y217.699 E178.65042
G1 X222.98 Y217.647 E178.65782
G1 X217.21 Y217.65 E178.80895
G1 X217.2 Y218.065 E178.81983
G1 F2432.1 X217.046 Y218.262 E178.82725
G1 F2192.6 X213 Y218.263 E178.96047
G1 F2447.6 X212.799 Y218.065 E178.9688
G1 F2756.4 X212.79 Y217.65 E178.97967
G1 X205.21 Y217.654 E179.17821
M204 S2500
G0 F15000 X205.21 Y217.854
G0 X205.49 Y217.937
G0 X206.577 Y218.548
;TYPE:SKIN
G1 F1962.2 X206.541 Y218.611 E179.18088
G1 X206.468 Y218.611 E179.18356
G1 X206.431 Y218.548 E179.18625
G1 X206.467 Y218.485 E179.18892
G1 X206.54 Y218.485 E179.19161
G1 X206.577 Y218.548 E179.19429
G1 F2700 E178.69429
G0 F15000 X222.948 Y218.606
G0 X223.669 Y219.266
G1 F2700 E179.19429
G1 F2045.4 X223.634 Y219.327 E179.19678
G1 X223.564 Y219.327 E179.19925
G1 X223.529 Y219.266 E179.20173
G1 X223.564 Y219.205 E179.20421
G1 X223.634 Y219.205 E179.20668
G1 X223.669 Y219.266 E179.20917
G0 F15000 X223.74 Y219.37
G1 F2700 E178.70917
G0 F15000 X222.948 Y218.606
G0 X217.434 Y217.875
G0 X217.433 Y216.776
G0 X217.441 Y213.231
G0 X217.241 Y211.563
M204 S1250
;TYPE:WALL-INNER
G1 F2700 E179.20917
G1 F2991.5 X217.585 Y211.815 E179.21946
G1 X217.606 Y211.951 E179.22278
G1 F2945.8 X222.894 Y211.952 E179.35238
G1 F2823.6 X223.296 Y211.832 E179.36311
G1 F2756.4 X223.677 Y211.496 E179.37641
G1 X224.048 Y210.918 E179.3944
G1 X224.293 Y210.249 E179.41306
G1 X224.37 Y209.831 E179.42419
G1 X224.37 Y209.046 E179.44476
G1 X223.13 Y209.046 E179.47723
G1 X223.131 Y210.948 E179.52705
G1 X223.092 Y211.166 E179.53285
G1 X222.951 Y211.389 E179.53976
G1 F2782.9 X222.807 Y211.495 E179.5444
G1 F2865.6 X222.607 Y211.557 E179.54968
G1 F2953.3 X217.241 Y211.563 E179.68086
M204 S2500
G0 F15000 X217.241 Y211.483
G0 X206.041 Y211.695
G0 X205.63 Y211.882
M204 S1250
G1 F2756.4 X205.63 Y211.93 E179.68211
G1 X206.506 Y211.931 E179.70506
G1 F2879.8 X207.5 Y211.949 E179.72998
G1 F2999.2 X212.394 Y211.95 E179.84779
G1 X212.415 Y211.815 E179.85108
G1 X212.705 Y211.562 E179.86034
G1 X207.5 Y211.564 E179.98564
G1 F2879.8 X206.936 Y211.235 E180.00201
G1 F2756.4 X206.87 Y210.977 E180.00898
G1 X206.855 Y210.574 E180.01954
G1 X206.551 Y210.574 E180.02751
G1 X205.977 Y211.36 E180.053
G1 X205.63 Y211.882 E180.06942
M204 S2500
G0 F15000 X205.21 Y212.35
M204 S1250
;TYPE:WALL-OUTER
G1 F2756.4 X212.79 Y212.354 E180.26796
G1 X212.799 Y211.936 E180.27891
G1 F2437.2 X212.954 Y211.739 E180.28633
G1 F2192.6 X217 Y211.738 E180.41956
G1 F2452.7 X217.201 Y211.936 E180.42786
G1 F2756.4 X217.21 Y212.354 E180.43881
G1 X222.981 Y212.358 E180.58997
G1 X223.25 Y212.309 E180.59713
G1 X223.509 Y212.197 E180.60452
G1 X224.007 Y211.76 E180.62188
G1 X224.426 Y211.106 E180.64222
G1 X224.7 Y210.36 E180.66303
G1 X224.79 Y209.869 E180.67611
G1 X224.79 Y208.941 E180.70042
G1 X224.747 Y208.819 E180.7038
G1 X224.538 Y208.626 E180.71126
G1 X222.958 Y208.626 E180.75264
G1 X222.754 Y208.819 E180.75999
G1 X222.711 Y208.937 E180.76328
G1 X222.711 Y210.948 E180.81596
G1 X222.677 Y211.062 E180.81907
G1 X222.537 Y211.155 E180.82348
G1 X217.77 Y211.16 E180.94833
G1 F2452.7 X217 Y211.212 E180.97105
G1 F2192.6 X212.909 Y211.214 E181.10576
G1 F2437.2 X212.231 Y211.161 E181.1259
G1 F2756.4 X207.5 Y211.162 E181.24982
G1 X207.312 Y211.047 E181.25559
G1 X207.271 Y210.476 E181.27059
G1 X207.181 Y210.271 E181.27645
G1 X207.026 Y210.154 E181.28154
G1 X206.339 Y210.154 E181.29953
G1 X205.627 Y211.128 E181.33113
G1 X205.21 Y211.756 E181.35088
G1 X205.21 Y212.35 E181.36643
M204 S2500
G0 F15000 X205.41 Y212.35
G0 X206.041 Y211.695
G0 X206.581 Y211.447
;TYPE:SKIN
G1 F1975.6 X206.545 Y211.51 E181.36909
G1 X206.472 Y211.51 E181.37175
G1 X206.435 Y211.447 E181.37442
G1 X206.471 Y211.384 E181.37708
G1 X206.544 Y211.384 E181.37974
G1 X206.581 Y211.447 E181.38241
G1 F2700 E180.88241
G0 F15000 X222.948 Y211.398
G0 X223.673 Y210.735
G1 F2700 E181.38241
G1 F2052.6 X223.638 Y210.796 E181.38489
G1 X223.568 Y210.796 E181.38735
G1 X223.533 Y210.735 E181.38982
G1 X223.568 Y210.674 E181.3923
G1 X223.638 Y210.674 E181.39476
G1 X223.673 Y210.735 E181.39723
G0 F15000 X223.74 Y210.631
G1 F2700 E180.89723
;MESH:NONMESH
G0 F600 X223.74 Y210.631 Z3.9
G0 F15000 X222.948 Y211.398
G0 X216.932 Y211.385
G0 X205.439 Y211.826
G0 X204.335 Y211.826
G0 X199.585 Y211.211
;TIME_ELAPSED:292.974250
;LAYER:25
;note -- min layer time used
;TYPE:SUPPORT
G1 F2700 E181.39723
G1 F2878.2 X200.999 Y210.815 E181.43377
G1 X202.444 Y211.23 E181.47118
G1 X202.709 Y211.343 E181.47835
G1 X203.602 Y212.236 E181.50977
G1 X203.948 Y213.361 E181.53906
G1 X203.89 Y213.599 E181.54515
G1 X203.961 Y213.856 E181.55179
G1 X203.567 Y215.295 E181.58891
G1 X202.549 Y216.328 E181.625
G1 X201.127 Y216.721 E181.66171
G1 X199.724 Y216.305 E181.69812
G1 X198.607 Y215.174 E181.73768
G1 X198.175 Y213.678 E181.77642
G1 X198.561 Y212.295 E181.81215
G1 X199.585 Y211.211 E181.84925
G1 F2700 E181.34925
G0 F15000 X204.347 Y212.991
G0 X224.34 Y214.261
G1 F2700 E181.84925
G1 F2878.2 X224.743 Y212.906 E181.88443
G1 X225.799 Y211.816 E181.92219
G1 X227.261 Y211.414 E181.95992
G1 X227.558 Y211.441 E181.96734
G1 X228.029 Y211.375 E181.97918
G1 X229.467 Y211.779 E182.01634
G1 X230.5 Y212.868 E182.05369
G1 X230.893 Y214.222 E182.08877
G1 X230.496 Y215.642 E182.12546
G1 X229.466 Y216.672 E182.16171
G1 X228.048 Y217.067 E182.19834
G1 X227.952 Y217.055 E182.20074
G1 X227.423 Y217.152 E182.21413
G1 X225.849 Y216.704 E182.25485
G1 X224.742 Y215.623 E182.29335
G1 X224.34 Y214.261 E182.32868
G1 F2700 E181.82868
;MESH:axis.stl
G0 F15000 X223.138 Y217.019
G0 X217.104 Y218.596
M204 S1250
;TYPE:WALL-INNER
G1 F2700 E182.32868
G1 F3311.9 X213 Y218.6 E182.4221
M204 S2500
G0 F15000 X217.104 Y218.596
M204 S1250
G1 F3395.6 X217.621 Y218.61 E182.43358
G1 F3524.3 X222.5 Y218.608 E182.53795
G1 F3164.5 X222.831 Y218.662 E182.54593
G1 F2878.2 X223.048 Y218.886 E182.5541
G1 X223.13 Y219.2 E182.5626
G1 X223.13 Y221.05 E182.61106
G1 X224.37 Y221.05 E182.64354
G1 X224.37 Y220.293 E182.66337
G1 X224.193 Y219.562 E182.68307
G1 X223.888 Y218.972 E182.70046
G1 X223.489 Y218.523 E182.71619
G1 X223.138 Y218.33 E182.72669
G1 F3164.5 X222.5 Y218.262 E182.74197
G1 F3524.3 X217.505 Y218.269 E182.84882
G1 F3545 X217.482 Y218.341 E182.85042
G1 F3395.6 X217.104 Y218.596 E182.86055
M204 S2500
G0 F15000 X206.088 Y218.537
G0 X205.63 Y218.299
M204 S1250
G1 F2878.2 X206.537 Y219.546 E182.90093
G1 X206.853 Y219.547 E182.90921
G1 X206.874 Y219.095 E182.92106
G1 X206.923 Y218.938 E182.92537
G1 F3131.7 X207.394 Y218.613 E182.93915
G1 F3493.7 X212.379 Y218.61 E183.04671
G1 F3453.8 X213 Y218.6 E183.06027
G1 X212.518 Y218.342 E183.0722
G1 F3545 X212.495 Y218.27 E183.07381
G1 F3493.7 X207.364 Y218.265 E183.18452
G1 F3131.7 X206.513 Y218.301 E183.20502
G1 F2878.2 X205.63 Y218.299 E183.22815
M204 S2500
G0 F15000 X205.21 Y217.879
M204 S1250
;TYPE:WALL-OUTER
G1 F2878.2 X205.21 Y218.447 E183.24303
G1 X205.983 Y219.497 E183.27718
G1 X206.351 Y219.966 E183.29279
G1 X207.019 Y219.969 E183.31029
G1 X207.183 Y219.856 E183.31551
G1 X207.271 Y219.656 E183.32123
G1 X207.305 Y219.112 E183.33551
G1 X207.46 Y218.992 E183.34064
G1 X222.5 Y218.99 E183.73457
G1 X222.611 Y219.02 E183.73759
G1 X222.71 Y219.123 E183.74133
G1 X222.71 Y221.156 E183.79458
G1 X222.754 Y221.281 E183.79805
G1 X222.954 Y221.47 E183.80526
G1 X224.542 Y221.47 E183.84685
G1 X224.746 Y221.28 E183.85415
G1 X224.79 Y221.156 E183.8576
G1 X224.79 Y220.253 E183.88125
G1 X224.584 Y219.404 E183.90413
G1 X224.237 Y218.732 E183.92394
G1 X223.768 Y218.204 E183.94244
G1 X223.515 Y218.034 E183.95042
G1 X223.256 Y217.924 E183.95779
G1 X222.982 Y217.879 E183.96507
G1 X217.21 Y217.89 E184.11625
G1 X217.172 Y218.122 E184.12241
G1 X217.037 Y218.207 E184.12658
G1 X213 Y218.21 E184.23232
G1 X212.828 Y218.122 E184.23738
G1 X212.79 Y217.89 E184.24354
G1 X205.21 Y217.879 E184.44208
M204 S2500
G0 F15000 X205.21 Y218.079
G0 X205.49 Y218.162
G0 X206.578 Y218.741
;TYPE:SKIN
G1 F2272.2 X206.545 Y218.798 E184.44426
G1 X206.479 Y218.798 E184.44645
G1 X206.446 Y218.741 E184.44864
G1 X206.479 Y218.684 E184.45082
G1 X206.545 Y218.684 E184.45301
G1 X206.578 Y218.741 E184.4552
G1 F2700 E183.9552
G0 F15000 X222.948 Y218.752
G0 X223.654 Y219.392
G1 F2700 E184.4552
G1 F2230.3 X223.621 Y219.45 E184.45745
G1 X223.554 Y219.45 E184.45972
G1 X223.52 Y219.392 E184.46199
G1 X223.553 Y219.334 E184.46425
G1 X223.62 Y219.334 E184.46651
G1 X223.654 Y219.392 E184.46878
G0 F15000 X223.74 Y219.486
G1 F2700 E183.96878
G0 F15000 X222.948 Y218.752
G0 X217.434 Y218.114
G0 X217.432 Y217.016
G0 X217.44 Y212.992
G0 X217 Y211.402
M204 S1250
;TYPE:WALL-INNER
G1 F2700 E184.46878
G1 F3348.6 X212.896 Y211.406 E184.56118
M204 S2500
G0 F15000 X217 Y211.402
M204 S1250
G1 F3473.6 X217.484 Y211.661 E184.57309
G1 F3555.4 X217.507 Y211.734 E184.57471
G1 F3514 X222.632 Y211.734 E184.68466
G1 F3148 X223.147 Y211.671 E184.69708
G1 F2878.2 X223.489 Y211.481 E184.70733
G1 X223.883 Y211.037 E184.72288
G1 X224.198 Y210.432 E184.74074
G1 X224.37 Y209.712 E184.76013
G1 X224.37 Y208.954 E184.77999
G1 X223.13 Y208.954 E184.81247
G1 X223.13 Y210.804 E184.86092
G1 X223.048 Y211.118 E184.86942
G1 F2948.4 X222.829 Y211.33 E184.87722
G1 F3232.2 X222.603 Y211.39 E184.88267
G1 F3514 X217.623 Y211.394 E184.9895
G1 F3473.6 X217 Y211.402 E185.00303
M204 S2500
G0 F15000 X206.087 Y211.471
G0 X205.622 Y211.706
M204 S1250
G1 F2878.2 X206.513 Y211.704 E185.02636
G1 F3164.5 X207.496 Y211.74 E185.0498
G1 F3534.6 X212.493 Y211.734 E185.15637
G1 F3555.4 X212.516 Y211.661 E185.158
G1 F3424.4 X212.896 Y211.406 E185.16807
G1 X212.377 Y211.394 E185.1795
G1 F3534.6 X207.496 Y211.396 E185.2836
G1 F3164.5 X206.923 Y211.066 E185.29935
G1 F2878.2 X206.874 Y210.909 E185.30366
G1 X206.854 Y210.459 E185.31546
G1 X206.539 Y210.459 E185.32371
G1 X205.622 Y211.706 E185.36425
M204 S2500
G0 F15000 X205.21 Y212.126
M204 S1250
;TYPE:WALL-OUTER
G1 F2878.2 X212.79 Y212.114 E185.56279
G1 X212.827 Y211.879 E185.56902
G1 X212.963 Y211.793 E185.57324
G1 X217 Y211.79 E185.67897
G1 X217.173 Y211.879 E185.68407
G1 X217.21 Y212.114 E185.6903
G1 X222.978 Y212.118 E185.84138
G1 X223.259 Y212.079 E185.84881
G1 X223.515 Y211.97 E185.8561
G1 X223.768 Y211.8 E185.86408
G1 X224.233 Y211.276 E185.88243
G1 X224.588 Y210.592 E185.90262
G1 X224.79 Y209.752 E185.92524
G1 X224.79 Y208.848 E185.94892
G1 X224.746 Y208.723 E185.95239
G1 X224.549 Y208.534 E185.95954
G1 X222.951 Y208.534 E186.0014
G1 X222.753 Y208.723 E186.00857
G1 X222.71 Y208.845 E186.01196
G1 X222.71 Y210.89 E186.06552
G1 X222.537 Y211.011 E186.07105
G1 X207.496 Y211.014 E186.46501
G1 X207.305 Y210.892 E186.47095
G1 X207.271 Y210.347 E186.48525
G1 X207.183 Y210.144 E186.49104
G1 X207.024 Y210.038 E186.49605
G1 X206.351 Y210.039 E186.51368
G1 X205.969 Y210.525 E186.52987
G1 X205.21 Y211.557 E186.56342
G1 X205.21 Y212.126 E186.57832
M204 S2500
G0 F15000 X205.41 Y212.126
G0 X205.49 Y211.846
G0 X206.579 Y211.26
;TYPE:SKIN
G1 F2272.2 X206.546 Y211.317 E186.58051
G1 X206.48 Y211.317 E186.5827
G1 X206.447 Y211.26 E186.58488
G1 X206.48 Y211.203 E186.58707
G1 X206.546 Y211.203 E186.58926
G1 X206.579 Y211.26 E186.59144
G1 F2700 E186.09144
G0 F15000 X222.948 Y211.255
G0 X223.652 Y210.609
G1 F2700 E186.59144
G1 F2246.9 X223.619 Y210.667 E186.59368
G1 X223.552 Y210.667 E186.59593
G1 X223.518 Y210.609 E186.59819
G1 X223.551 Y210.551 E186.60043
G1 X223.618 Y210.551 E186.60267
G1 X223.652 Y210.609 E186.60493
G0 F15000 X223.74 Y210.516
G1 F2700 E186.10493
;MESH:NONMESH
G0 F600 X223.74 Y210.516 Z4.05
G0 F15000 X222.948 Y211.255
G0 X205.439 Y211.631
G0 X204.335 Y211.631
G0 X199.634 Y211.311
;TIME_ELAPSED:301.191787
;LAYER:26
;note -- min layer time used
;TYPE:SUPPORT
G1 F2700 E186.60493
G1 F2665.2 X201.051 Y210.911 E186.64157
G1 X201.417 Y211.013 E186.65102
G1 X201.737 Y211.022 E186.65899
G1 X202.994 Y211.361 E186.69138
G1 X203.882 Y212.256 E186.72275
G1 X204.232 Y213.383 E186.75212
G1 X203.898 Y214.534 E186.78194
G1 X203.818 Y214.625 E186.78495
G1 X203.6 Y215.399 E186.80496
G1 X202.581 Y216.432 E186.84107
G1 X201.158 Y216.829 E186.87783
G1 X199.764 Y216.414 E186.91402
G1 X198.635 Y215.273 E186.95396
G1 X198.203 Y213.811 E186.99189
G1 X198.608 Y212.411 E187.02816
G1 X199.634 Y211.311 E187.06559
G1 F2700 E186.56559
G0 F15000 X204.347 Y212.776
G0 X224.184 Y214.263
G1 F2700 E187.06559
G1 F2665.2 X224.587 Y212.91 E187.10071
G1 X225.644 Y211.816 E187.13857
G1 X227.11 Y211.414 E187.17639
G1 X227.521 Y211.457 E187.18667
G1 X228.047 Y211.379 E187.1999
G1 X229.467 Y211.779 E187.23661
G1 X230.5 Y212.868 E187.27396
G1 X230.893 Y214.222 E187.30904
G1 X230.496 Y215.642 E187.34573
G1 X229.466 Y216.668 E187.38191
G1 X228.052 Y217.069 E187.41848
G1 X227.95 Y217.055 E187.42104
G1 X227.297 Y217.164 E187.43751
G1 X225.697 Y216.704 E187.47894
G1 X224.59 Y215.623 E187.51744
G1 X224.184 Y214.263 E187.55275
G1 F2700 E187.05275
;MESH:axis.stl
G0 F15000 X223.339 Y217.257
G0 X222.5 Y218.612
M204 S1250
;TYPE:WALL-INNER
G1 F2700 E187.55275
G1 F1817.2 X217.4 Y218.609 E187.74867
G1 F1988.3 X217.116 Y218.665 E187.75884
G1 F2221 X213 Y218.669 E187.88821
G1 F2006.1 X212.6 Y218.609 E187.90228
G1 F1799.7 X207.374 Y218.614 E188.105
M204 S2500
G0 F15000 X206.631 Y218.773
G0 X205.681 Y218.514
M204 S1250
G1 F2665.2 X206.103 Y219.097 E188.12385
G1 X206.553 Y219.661 E188.14275
G1 X206.855 Y219.661 E188.15066
G1 X206.915 Y219.099 E188.16546
G1 F2140.3 X207.374 Y218.614 E188.18724
G1 X206.521 Y218.513 E188.21525
G1 F2665.2 X205.681 Y218.514 E188.23726
M204 S2500
G1 F2700 E187.73726
G0 F15000 X206.144 Y218.75
G0 X222.5 Y218.612
M204 S1250
G1 F2700 E188.23726
G1 F2161 X222.856 Y218.819 E188.25056
G1 F2665.2 X223.007 Y218.964 E188.25604
G1 X223.13 Y219.234 E188.26381
G1 X223.13 Y221.131 E188.3135
G1 X224.37 Y221.134 E188.34598
G1 X224.37 Y220.405 E188.36507
G1 X224.292 Y220.008 E188.37567
G1 X224.057 Y219.398 E188.39279
G1 X223.698 Y218.898 E188.40891
G1 X223.318 Y218.601 E188.42155
G1 X222.95 Y218.515 E188.43145
G1 F2161 X222.5 Y218.612 E188.44632
M204 S2500
G1 F2700 E187.94632
G0 F15000 X205.49 Y218.375
G0 X205.21 Y218.094
M204 S1250
;TYPE:WALL-OUTER
G1 F2700 E188.44632
G1 F2665.2 X205.21 Y218.579 E188.45902
G1 X205.774 Y219.358 E188.48421
G1 X206.35 Y220.081 E188.50842
G1 X206.966 Y220.082 E188.52456
G1 X207.138 Y220.018 E188.52936
G1 X207.271 Y219.781 E188.53648
G1 X207.305 Y219.257 E188.55023
G1 X207.463 Y219.129 E188.55556
G1 X222.5 Y219.13 E188.94942
G1 X222.619 Y219.166 E188.95267
G1 X222.705 Y219.293 E188.95669
G1 X222.71 Y221.254 E189.00805
G1 X222.751 Y221.377 E189.01145
G1 X222.954 Y221.554 E189.0185
G1 X224.543 Y221.554 E189.06012
G1 X224.69 Y221.454 E189.06478
G1 X224.79 Y221.244 E189.07087
G1 X224.79 Y220.365 E189.09389
G1 X224.697 Y219.891 E189.10655
G1 X224.429 Y219.197 E189.12603
G1 X224.014 Y218.617 E189.14471
G1 X223.514 Y218.227 E189.16132
G1 X223.26 Y218.126 E189.16848
G1 X222.983 Y218.095 E189.17578
G1 X217.162 Y218.091 E189.32825
G1 X217.116 Y218.176 E189.33078
G1 X217.037 Y218.207 E189.333
G1 X213 Y218.21 E189.43874
G1 X212.884 Y218.176 E189.44191
G1 X212.838 Y218.09 E189.44446
G1 X205.21 Y218.094 E189.64426
M204 S2500
G0 F15000 X205.21 Y218.294
G0 X205.49 Y218.375
G0 X206.579 Y218.938
;TYPE:SKIN
G1 F2351.7 X206.55 Y218.989 E189.646
G1 X206.491 Y218.989 E189.64775
G1 X206.461 Y218.938 E189.6495
G1 X206.49 Y218.887 E189.65125
G1 X206.549 Y218.887 E189.653
G1 X206.579 Y218.938 E189.65475
G1 F2700 E189.15475
G0 F15000 X222.948 Y218.892
G0 X223.624 Y219.458
G1 F2700 E189.65475
G1 F2266 X223.594 Y219.511 E189.65663
G1 X223.533 Y219.511 E189.65851
G1 X223.502 Y219.458 E189.6604
G1 X223.532 Y219.405 E189.66228
G1 X223.593 Y219.405 E189.66416
G1 X223.624 Y219.458 E189.66605
G0 F15000 X223.74 Y219.585
G1 F2700 E189.16605
G0 F15000 X223.414 Y218.434
G0 X223.815 Y217.405
G0 X223.121 Y212.78
G0 X222.971 Y211.688
G0 X223.367 Y211.091
G0 X222.626 Y211.393
M204 S1250
;TYPE:WALL-INNER
G1 F2700 E189.66605
G1 F1808.4 X217.406 Y211.397 E189.86755
G1 F2027.9 X217 Y211.335 E189.88169
G1 F2252.3 X212.885 Y211.338 E190.00923
G1 F2002.5 X212.594 Y211.397 E190.01958
G1 F1826.1 X207.5 Y211.395 E190.21432
M204 S2500
G0 F15000 X206.631 Y211.234
G0 X205.684 Y211.49
M204 S1250
G1 F2665.2 X206.523 Y211.49 E190.23629
G1 F2169.4 X207.5 Y211.395 E190.26788
G1 X206.916 Y210.906 E190.29239
G1 F2665.2 X206.856 Y210.341 E190.30727
G1 X206.553 Y210.339 E190.31521
G1 X206.1 Y210.918 E190.33447
G1 X205.684 Y211.49 E190.35299
M204 S2500
G1 F2700 E189.85299
G0 F15000 X206.144 Y211.258
G0 X223.367 Y211.091
G0 X222.626 Y211.393
M204 S1250
G1 F2700 E190.35299
G1 F2065.3 X222.954 Y211.474 E190.36441
G1 F2544.1 X223.146 Y211.469 E190.36968
G1 F2665.2 X223.323 Y211.401 E190.37465
G1 X223.698 Y211.106 E190.38715
G1 X224.057 Y210.606 E190.40327
G1 X224.292 Y209.997 E190.42036
G1 X224.37 Y209.595 E190.43109
G1 X224.37 Y208.866 E190.45018
G1 X223.131 Y208.864 E190.48264
G1 X223.131 Y210.776 E190.53272
G1 X223.012 Y211.04 E190.5403
G1 F2544.1 X222.871 Y211.207 E190.5463
G1 F2065.3 X222.626 Y211.393 E190.5567
M204 S2500
G1 F2700 E190.0567
G0 F15000 X223.367 Y211.091
G0 X205.49 Y211.633
G0 X205.211 Y211.91
M204 S1250
;TYPE:WALL-OUTER
G1 F2700 E190.5567
G1 F2665.2 X212.835 Y211.914 E190.75639
G1 X212.882 Y211.825 E190.75902
G1 X212.964 Y211.793 E190.76133
G1 X217 Y211.79 E190.86704
G1 X217.118 Y211.825 E190.87026
G1 X217.165 Y211.914 E190.8729
G1 X222.993 Y211.914 E191.02555
G1 X223.251 Y211.879 E191.03237
G1 X223.518 Y211.776 E191.03987
G1 X224.014 Y211.387 E191.05638
G1 X224.429 Y210.807 E191.07506
G1 X224.697 Y210.113 E191.09454
G1 X224.79 Y209.635 E191.1073
G1 X224.79 Y208.752 E191.13042
G1 X224.747 Y208.628 E191.13386
G1 X224.629 Y208.496 E191.1385
G1 X224.468 Y208.446 E191.14291
G1 X223.029 Y208.443 E191.18061
G1 X222.868 Y208.495 E191.18504
G1 X222.754 Y208.625 E191.18957
G1 X222.711 Y208.748 E191.19298
G1 X222.706 Y210.718 E191.24458
G1 X222.649 Y210.821 E191.24766
G1 X222.537 Y210.879 E191.25096
G1 X207.5 Y210.879 E191.64482
G1 X207.305 Y210.748 E191.65097
G1 X207.272 Y210.224 E191.66472
G1 X207.134 Y209.983 E191.672
G1 X206.966 Y209.922 E191.67668
G1 X206.35 Y209.919 E191.69281
G1 X205.76 Y210.67 E191.71783
G1 X205.211 Y211.425 E191.74228
G1 X205.211 Y211.91 E191.75498
M204 S2500
G0 F15000 X205.411 Y211.91
G0 X205.49 Y211.633
G0 X206.582 Y211.064
;TYPE:SKIN
G1 F2371.6 X206.553 Y211.115 E191.75671
G1 X206.494 Y211.115 E191.75845
G1 X206.464 Y211.064 E191.76019
G1 X206.493 Y211.013 E191.76191
G1 X206.552 Y211.013 E191.76365
G1 X206.582 Y211.064 E191.76539
G1 F2700 E191.26539
G0 F15000 X222.948 Y211.122
G0 X223.623 Y210.55
G1 F2700 E191.76539
G1 F2303.3 X223.593 Y210.602 E191.76721
G1 X223.533 Y210.602 E191.76903
G1 X223.503 Y210.55 E191.77085
G1 X223.533 Y210.498 E191.77267
G1 X223.593 Y210.498 E191.77449
G1 X223.623 Y210.55 E191.77631
G0 F15000 X223.74 Y210.421
G1 F2700 E191.27631
;MESH:NONMESH
G0 F600 X223.74 Y210.421 Z4.2
G0 F15000 X222.948 Y211.122
G0 X205.439 Y211.5
G0 X204.335 Y211.5
G0 X199.646 Y211.419
;TIME_ELAPSED:309.761586
;LAYER:27
;note -- min layer time used
;TYPE:SUPPORT
G1 F2700 E191.77631
G1 F2634.6 X201.063 Y211.023 E191.81292
G1 X201.394 Y211.114 E191.82146
G1 X201.78 Y211.028 E191.8313
G1 X201.993 Y211.041 E191.83661
G1 X203.226 Y211.38 E191.86843
G1 X204.11 Y212.275 E191.89973
G1 X204.111 Y212.871 E191.91456
G1 X204.205 Y212.976 E191.91807
G1 X204.336 Y213.01 E191.92143
G1 X204.453 Y213.39 E191.93133
G1 X204.113 Y214.556 E191.96155
G1 X203.815 Y214.849 E191.97195
G1 X203.635 Y215.503 E191.98883
G1 X202.617 Y216.54 E192.02499
G1 X201.195 Y216.933 E192.0617
G1 X199.804 Y216.518 E192.09782
G1 X198.663 Y215.366 E192.13816
G1 X198.235 Y213.894 E192.1763
G1 X198.625 Y212.511 E192.21206
G1 X199.646 Y211.419 E192.24926
G1 F2700 E191.74926
G0 F15000 X204.347 Y212.594
G0 X224.028 Y214.265
G1 F2700 E192.24926
G1 F2634.6 X224.435 Y212.91 E192.28446
G1 X225.488 Y211.82 E192.32217
G1 X226.954 Y211.418 E192.36
G1 X227.425 Y211.478 E192.37181
G1 X227.738 Y211.409 E192.37979
G1 X227.843 Y211.43 E192.38245
G1 X228.05 Y211.379 E192.38776
G1 X229.467 Y211.779 E192.42439
G1 X230.5 Y212.868 E192.46174
G1 X230.893 Y214.222 E192.49682
G1 X230.496 Y215.642 E192.53351
G1 X229.466 Y216.668 E192.56969
G1 X228.048 Y217.07 E192.60636
G1 X227.93 Y217.05 E192.60934
G1 X227.173 Y217.175 E192.62843
G1 X225.541 Y216.708 E192.67067
G1 X224.434 Y215.627 E192.70917
G1 X224.028 Y214.265 E192.74453
G1 F2700 E192.24453
;MESH:axis.stl
G0 F15000 X223.797 Y217.578
G0 X223.427 Y218.619
G0 X223.576 Y219.623
G0 X223.925 Y220.557
;TYPE:FILL
G1 F2700 E192.74453
G1 F2634.6 X223.925 Y220.771 E192.75081
G1 X223.576 Y220.77 E192.76104
G1 X223.576 Y219.623 E192.79466
G1 X223.576 Y219.716 E192.79738
G1 X223.609 Y219.683 E192.79875
G1 X223.786 Y220.002 E192.80944
G1 X223.925 Y220.557 E192.82621
G0 F15000 X222.948 Y219.012
G0 X222.5 Y218.762
M204 S1250
;TYPE:WALL-INNER
G1 F1972.4 X207.379 Y218.767 E193.35523
M204 S2500
G0 F15000 X206.629 Y218.955
G0 X205.899 Y218.791
M204 S1250
G1 F1802.2 X206.587 Y219.665 E193.39782
G1 X206.763 Y219.665 E193.40456
G1 X206.818 Y219.206 E193.42226
G1 F1875.5 X207.379 Y218.767 E193.44847
G1 X206.531 Y218.792 E193.47968
G1 F1802.2 X205.899 Y218.791 E193.50388
M204 S2500
G1 F2700 E193.00388
G0 F15000 X206.177 Y218.929
G0 X222.5 Y218.762
M204 S1250
G1 F2700 E193.50388
G1 F2267.5 X222.868 Y218.947 E193.51642
G1 F2634.6 X223.083 Y219.218 E193.52548
G1 X223.131 Y219.46 E193.53194
G1 X223.131 Y221.214 E193.57788
G1 X224.37 Y221.217 E193.61033
G1 X224.37 Y220.507 E193.62893
G1 X224.199 Y219.829 E193.64725
G1 X223.902 Y219.292 E193.66332
G1 X223.512 Y218.894 E193.67791
G1 X223.158 Y218.723 E193.68821
G1 X222.949 Y218.694 E193.69374
G1 F2267.5 X222.5 Y218.762 E193.70756
M204 S2500
G1 F2700 E193.20756
G0 F15000 X205.49 Y218.556
G0 X205.21 Y218.274
M204 S1250
;TYPE:WALL-OUTER
G1 F2700 E193.70756
G1 F2634.6 X205.21 Y218.727 E193.71942
G1 X205.565 Y219.207 E193.73506
G1 X206.338 Y220.182 E193.76765
G1 X207.03 Y220.182 E193.78578
G1 X207.185 Y220.075 E193.79071
G1 X207.271 Y219.889 E193.79608
G1 X207.303 Y219.386 E193.80928
G1 X207.463 Y219.252 E193.81474
G1 X222.5 Y219.25 E194.2086
G1 X222.623 Y219.289 E194.21198
G1 X222.711 Y219.399 E194.21567
G1 X222.71 Y221.344 E194.26661
G1 X222.749 Y221.454 E194.26967
G1 X222.959 Y221.634 E194.27691
G1 X224.463 Y221.638 E194.31631
G1 X224.63 Y221.585 E194.3209
G1 X224.79 Y221.342 E194.32852
G1 X224.79 Y220.465 E194.35149
G1 X224.586 Y219.661 E194.37321
G1 X224.242 Y219.039 E194.39183
G1 X223.776 Y218.562 E194.4093
G1 X223.52 Y218.407 E194.41714
G1 X223.26 Y218.313 E194.42438
G1 X222.989 Y218.274 E194.43155
G1 X205.21 Y218.274 E194.89722
M204 S2500
G0 F15000 X205.21 Y218.474
G0 X206.465 Y219.306
G1 F2700 E194.39722
G0 F15000 X206.516 Y219.266
G0 X207.013 Y219.037
G0 X222.969 Y218.506
G0 X223.122 Y217.413
G0 X223.799 Y212.428
G0 X223.428 Y211.388
G0 X223.576 Y210.282
;TYPE:FILL
G1 F2700 E194.89722
G1 F2634.6 X223.612 Y210.318 E194.89871
G1 X223.576 Y210.382 E194.90087
G1 X223.575 Y209.234 E194.93451
G1 X223.925 Y209.233 E194.94477
G1 X224.03 Y209.233
G0 F15000 X223.368 Y210.921
G0 X222.621 Y211.233
M204 S1250
;TYPE:WALL-INNER
G1 F1972.4 X207.5 Y211.242 E195.47379
M204 S2500
G0 F15000 X206.628 Y211.05
G0 X205.9 Y211.213
M204 S1250
G1 F1802.2 X206.531 Y211.212 E195.49795
G1 F1891.5 X207.5 Y211.242 E195.53332
G1 X206.818 Y210.798 E195.56301
G1 F1802.2 X206.764 Y210.338 E195.58074
G1 X206.587 Y210.338 E195.58752
G1 X205.9 Y211.213 E195.63012
M204 S2500
G1 F2700 E195.13012
G0 F15000 X206.177 Y211.077
G0 X222.948 Y210.989
G0 X222.621 Y211.233
M204 S1250
G1 F2700 E195.63012
G1 F2169.7 X222.94 Y211.291 E195.64043
G1 F2537.9 X223.167 Y211.276 E195.64662
G1 F2634.6 X223.511 Y211.108 E195.65664
G1 X223.902 Y210.711 E195.67124
G1 X224.199 Y210.176 E195.68726
G1 X224.37 Y209.497 E195.7056
G1 X224.37 Y208.788 E195.72418
G1 X223.13 Y208.789 E195.75665
G1 X223.131 Y210.54 E195.80252
G1 X223.082 Y210.784 E195.80903
G1 F2537.9 X222.871 Y211.07 E195.8187
G1 F2169.7 X222.621 Y211.233 E195.82819
M204 S2500
G1 F2700 E195.32819
G0 F15000 X223.368 Y210.921
G0 X205.49 Y211.451
G0 X205.21 Y211.73
M204 S1250
;TYPE:WALL-OUTER
G1 F2700 E195.82819
G1 F2634.6 X222.977 Y211.726 E196.29355
G1 X223.266 Y211.686 E196.30119
G1 X223.52 Y211.597 E196.30824
G1 X223.775 Y211.438 E196.31611
G1 X224.242 Y210.965 E196.33352
G1 X224.586 Y210.344 E196.35212
G1 X224.79 Y209.539 E196.37387
G1 X224.79 Y208.662 E196.39684
G1 X224.748 Y208.551 E196.39995
G1 X224.538 Y208.366 E196.40728
G1 X223.004 Y208.37 E196.44746
G1 X222.868 Y208.417 E196.45123
G1 X222.749 Y208.55 E196.4559
G1 X222.71 Y208.66 E196.45896
G1 X222.711 Y210.601 E196.5098
G1 X222.621 Y210.712 E196.51354
G1 X222.537 Y210.748 E196.51593
G1 X207.5 Y210.754 E196.90979
G1 X207.303 Y210.618 E196.91606
G1 X207.272 Y210.115 E196.92926
G1 X207.185 Y209.929 E196.93464
G1 X207.03 Y209.822 E196.93957
G1 X206.338 Y209.822 E196.95769
G1 X205.554 Y210.813 E196.99079
G1 X205.21 Y211.281 E197.006
G1 X205.21 Y211.73 E197.01776
M204 S2500
G0 F15000 X205.41 Y211.73
G0 X206.65 Y211.085
G1 F2700 E196.51776
;MESH:NONMESH
G0 F600 X206.65 Y211.085 Z4.35
G0 F15000 X206.651 Y211.019
G0 X205.434 Y211.507
G0 X204.335 Y211.507
G0 X199.686 Y211.523
;TIME_ELAPSED:317.933170
;LAYER:28
;note -- min layer time used
;TYPE:SUPPORT
G1 F2700 E197.01776
G1 F2427.5 X201.106 Y211.123 E197.05447
G1 X201.414 Y211.192 E197.06233
G1 X201.952 Y211.046 E197.0762
G1 X202.119 Y211.046 E197.08035
G1 X203.478 Y211.42 E197.11543
G1 X204.042 Y211.987 E197.13533
G1 X204.051 Y212.244 E197.14173
G1 X204.11 Y212.287 E197.14354
G1 X204.131 Y212.714 E197.15418
G1 X204.25 Y212.819 E197.15813
G1 X204.534 Y212.83 E197.1652
G1 X204.728 Y213.44 E197.18113
G1 X204.397 Y214.607 E197.21131
G1 X203.779 Y215.198 E197.23259
G1 X203.664 Y215.607 E197.24316
G1 X202.645 Y216.644 E197.27934
G1 X201.222 Y217.045 E197.31612
G1 X199.856 Y216.634 E197.35162
G1 X198.707 Y215.481 E197.39212
G1 X198.271 Y213.998 E197.43058
G1 X198.665 Y212.611 E197.46646
G1 X199.686 Y211.523 E197.50359
G1 F2700 E197.00359
G0 F15000 X204.347 Y212.419
G0 X223.876 Y214.269
G1 F2700 E197.50359
G1 F2427.5 X224.279 Y212.913 E197.53879
G1 X225.332 Y211.82 E197.57655
G1 X226.809 Y211.414 E197.61467
G1 X226.975 Y211.414 E197.6188
G1 X227.264 Y211.493 E197.62625
G1 X227.68 Y211.416 E197.63678
G1 X227.799 Y211.438 E197.63979
G1 X228.046 Y211.378 E197.64612
G1 X229.467 Y211.779 E197.68286
G1 X230.5 Y212.868 E197.72021
G1 X230.893 Y214.222 E197.75529
G1 X230.496 Y215.642 E197.79198
G1 X229.466 Y216.668 E197.82815
G1 X228.049 Y217.065 E197.86477
G1 X227.921 Y217.042 E197.868
G1 X227.522 Y217.127 E197.87815
G1 X227.417 Y217.11 E197.8808
G1 X227.062 Y217.19 E197.88986
G1 X225.385 Y216.708 E197.93327
G1 X224.278 Y215.627 E197.97177
G1 X223.876 Y214.269 E198.00701
G1 F2700 E197.50701
;MESH:axis.stl
G0 F15000 X223.338 Y217.608
G0 X222.5 Y218.908
M204 S1250
;TYPE:WALL-INNER
G1 F2700 E198.00701
G1 F2010.9 X207.384 Y218.915 E198.48495
M204 S2500
G0 F15000 X206.627 Y219.131
G0 X205.92 Y218.957
M204 S1250
G1 F1713.5 X206.569 Y219.771 E198.52358
G1 X206.774 Y219.771 E198.53119
G1 X206.82 Y219.35 E198.5469
G1 F1847 X207.384 Y218.915 E198.57142
G1 X206.538 Y218.957 E198.60058
G1 F1713.5 X205.92 Y218.957 E198.62351
M204 S2500
G1 F2700 E198.12351
G0 F15000 X206.225 Y219.105
G0 X222.5 Y218.908
M204 S1250
G1 F2700 E198.62351
G1 F2206.8 X222.882 Y219.078 E198.63556
G1 F2427.5 X222.988 Y219.181 E198.63943
G1 X223.125 Y219.502 E198.64857
G1 X223.13 Y221.298 E198.69561
G1 X224.37 Y221.298 E198.72809
G1 X224.37 Y220.608 E198.74616
G1 X224.294 Y220.236 E198.75611
G1 X224.064 Y219.671 E198.77208
G1 X223.721 Y219.219 E198.78695
G1 X223.351 Y218.955 E198.79885
G1 X222.953 Y218.866 E198.80953
G1 F2206.8 X222.5 Y218.908 E198.82264
M204 S2500
G1 F2700 E198.32264
G0 F15000 X205.49 Y218.732
G0 X205.21 Y218.45
M204 S1250
;TYPE:WALL-OUTER
G1 F2700 E198.82264
G1 F2427.5 X205.21 Y218.878 E198.83385
G1 X205.959 Y219.819 E198.86535
G1 X206.346 Y220.278 E198.88108
G1 X207.026 Y220.278 E198.89889
G1 X207.187 Y220.175 E198.9039
G1 X207.272 Y219.996 E198.90909
G1 X207.3 Y219.512 E198.92178
G1 X207.463 Y219.373 E198.92739
G1 X222.5 Y219.37 E199.32125
G1 X222.628 Y219.412 E199.32478
G1 X222.709 Y219.554 E199.32906
G1 X222.71 Y221.421 E199.37796
G1 X222.749 Y221.535 E199.38112
G1 X222.867 Y221.666 E199.38573
G1 X223.023 Y221.718 E199.39004
G1 X224.463 Y221.718 E199.42776
G1 X224.63 Y221.665 E199.43235
G1 X224.748 Y221.534 E199.43697
G1 X224.79 Y221.419 E199.44017
G1 X224.79 Y220.566 E199.46251
G1 X224.698 Y220.114 E199.4746
G1 X224.432 Y219.461 E199.49306
G1 X224.027 Y218.927 E199.51062
G1 X223.53 Y218.572 E199.52662
G1 X223.261 Y218.479 E199.53407
G1 X222.983 Y218.446 E199.5414
G1 X205.21 Y218.45 E200.00692
M204 S2500
G0 F15000 X205.21 Y218.65
G1 F2700 E199.50692
G0 F15000 X205.49 Y218.732
G0 X206.225 Y218.662
G0 X206.224 Y217.577
G0 X206.229 Y212.432
G0 X206.229 Y211.327
G0 X205.92 Y211.047
M204 S1250
;TYPE:WALL-INNER
G1 F2700 E200.00692
G1 F1713.5 X206.538 Y211.047 E200.02985
G1 F1867.3 X207.5 Y211.094 E200.06265
G1 X206.82 Y210.654 E200.09023
G1 F1713.5 X206.774 Y210.233 E200.10594
G1 X206.569 Y210.233 E200.11355
G1 X205.92 Y211.047 E200.15218
M204 S2500
G0 F15000 X206.224 Y210.903
G0 X207.5 Y211.094
M204 S1250
G1 F2022.9 X222.616 Y211.093 E200.62728
G1 F2192.6 X223.17 Y211.115 E200.64336
G1 F2427.5 X223.545 Y210.931 E200.6543
G1 X223.718 Y210.787 E200.6602
G1 X224.063 Y210.333 E200.67513
G1 X224.294 Y209.768 E200.69112
G1 X224.37 Y209.396 E200.70107
G1 X224.37 Y208.711 E200.71901
G1 X223.13 Y208.711 E200.75149
G1 X223.126 Y210.505 E200.79848
G1 X223.049 Y210.739 E200.80493
G1 F2382.1 X222.887 Y210.934 E200.81169
G1 F2160 X222.616 Y211.093 E200.82094
M204 S2500
G1 F2700 E200.32094
G0 F15000 X223.369 Y210.762
G0 X205.49 Y211.276
G0 X205.21 Y211.554
M204 S1250
;TYPE:WALL-OUTER
G1 F2700 E200.82094
G1 F2427.5 X222.984 Y211.558 E201.28649
G1 X223.267 Y211.526 E201.29395
G1 X223.521 Y211.433 E201.30103
G1 X224.023 Y211.081 E201.31709
G1 X224.431 Y210.543 E201.33477
G1 X224.698 Y209.89 E201.35325
G1 X224.79 Y209.438 E201.36533
G1 X224.79 Y208.583 E201.38773
G1 X224.749 Y208.475 E201.39075
G1 X224.543 Y208.29 E201.39801
G1 X222.953 Y208.29 E201.43965
G1 X222.749 Y208.47 E201.44678
G1 X222.71 Y208.58 E201.44984
G1 X222.709 Y210.454 E201.49892
G1 X222.628 Y210.595 E201.50318
G1 X222.537 Y210.635 E201.50578
G1 X207.5 Y210.635 E201.89964
G1 X207.3 Y210.492 E201.90608
G1 X207.272 Y210.008 E201.91878
G1 X207.187 Y209.829 E201.92397
G1 X207.026 Y209.726 E201.92897
G1 X206.346 Y209.726 E201.94678
G1 X205.953 Y210.193 E201.96277
G1 X205.21 Y211.126 E201.99401
G1 X205.21 Y211.554 E202.00522
M204 S2500
G0 F15000 X205.41 Y211.554
G1 F2700 E201.50522
;MESH:NONMESH
G0 F600 X205.41 Y211.554 Z4.5
G0 F15000 X205.49 Y211.276
G0 X204.335 Y211.332
G0 X199.742 Y211.607
;TIME_ELAPSED:325.353103
;LAYER:29
;note -- min layer time used
;TYPE:SUPPORT
G1 F2700 E202.00522
G1 F2427.1 X201.195 Y211.199 E202.04277
G1 X201.528 Y211.235 E202.05111
G1 X202.217 Y211.062 E202.06878
G1 X203.75 Y211.484 E202.10835
G1 X204.042 Y211.775 E202.1186
G1 X204.052 Y212.087 E202.12637
G1 X204.11 Y212.128 E202.12814
G1 X204.143 Y212.558 E202.13887
G1 X204.271 Y212.649 E202.14278
G1 X204.734 Y212.654 E202.1543
G1 X205.004 Y213.512 E202.17668
G1 X204.677 Y214.675 E202.20674
G1 X203.754 Y215.555 E202.23847
G1 X203.699 Y215.719 E202.24278
G1 X202.682 Y216.752 E202.27885
G1 X201.255 Y217.145 E202.31568
G1 X199.852 Y216.726 E202.35211
G1 X198.736 Y215.598 E202.3916
G1 X198.307 Y214.099 E202.43039
G1 X198.701 Y212.715 E202.4662
G1 X199.742 Y211.607 E202.50403
G1 F2700 E202.00403
G0 F15000 X203.886 Y212.205
G0 X223.72 Y214.269
G1 F2700 E202.50403
G1 F2427.1 X224.123 Y212.918 E202.53911
G1 X225.171 Y211.836 E202.57659
G1 X226.706 Y211.421 E202.61616
G1 X227.172 Y211.514 E202.62798
G1 X227.679 Y211.416 E202.64083
G1 X227.804 Y211.438 E202.64399
G1 X228.047 Y211.379 E202.65021
G1 X229.467 Y211.779 E202.68692
G1 X230.5 Y212.868 E202.72427
G1 X230.893 Y214.222 E202.75935
G1 X230.496 Y215.642 E202.79604
G1 X229.466 Y216.672 E202.83228
G1 X228.052 Y217.065 E202.8688
G1 X227.921 Y217.042 E202.87211
G1 X227.415 Y217.14 E202.88493
G1 X227.265 Y217.114 E202.88872
G1 X226.862 Y217.188 E202.89892
G1 X225.27 Y216.743 E202.94005
G1 X224.122 Y215.619 E202.98003
G1 X223.72 Y214.269 E203.01508
G1 F2700 E202.51508
;MESH:axis.stl
G0 F15000 X223.288 Y217.757
G0 X222.5 Y219.04
M204 S1250
;TYPE:WALL-INNER
G1 F2700 E203.01508
G1 F2168.9 X207.387 Y219.044 E203.45805
M204 S2500
G0 F15000 X206.626 Y219.278
G0 X205.934 Y219.098
M204 S1250
G1 F1757.6 X206.579 Y219.878 E203.49466
G1 X206.78 Y219.878 E203.50193
G1 X206.823 Y219.476 E203.51655
G1 F1930.7 X207.387 Y219.044 E203.53994
G1 X206.547 Y219.098 E203.56766
G1 F1757.6 X205.934 Y219.098 E203.58983
M204 S2500
G1 F2700 E203.08983
G0 F15000 X206.253 Y219.252
G0 X222.5 Y219.04
M204 S1250
G1 F2700 E203.58983
G1 F2306.3 X222.89 Y219.196 E203.60141
G1 F2427.1 X223.006 Y219.316 E203.60578
G1 X223.13 Y219.558 E203.6129
G1 X223.13 Y221.37 E203.66036
G1 X224.37 Y221.37 E203.69284
G1 X224.37 Y220.704 E203.71029
G1 X224.204 Y220.065 E203.72758
G1 X223.913 Y219.568 E203.74266
G1 X223.528 Y219.201 E203.75659
G1 X223.36 Y219.104 E203.76168
G1 X222.951 Y219.018 E203.77262
G1 F2306.3 X222.5 Y219.04 E203.78507
M204 S2500
G1 F2700 E203.28507
G0 F15000 X205.49 Y218.879
G0 X205.21 Y218.598
M204 S1250
;TYPE:WALL-OUTER
G1 F2700 E203.78507
G1 F2427.1 X205.21 Y218.994 E203.79544
G1 X205.747 Y219.663 E203.81791
G1 X206.346 Y220.378 E203.84234
G1 X206.965 Y220.378 E203.85855
G1 X207.181 Y220.282 E203.86475
G1 X207.271 Y220.099 E203.87009
G1 X207.299 Y219.628 E203.88245
G1 X207.463 Y219.485 E203.88814
G1 X222.5 Y219.482 E204.282
G1 X222.63 Y219.526 E204.28559
G1 X222.71 Y219.647 E204.28939
G1 X222.71 Y221.5 E204.33793
G1 X222.749 Y221.61 E204.34098
G1 X222.949 Y221.79 E204.34803
G1 X224.545 Y221.789 E204.38984
G1 X224.748 Y221.61 E204.39692
G1 X224.79 Y221.498 E204.40006
G1 X224.79 Y220.662 E204.42195
G1 X224.588 Y219.889 E204.44288
G1 X224.245 Y219.304 E204.46064
G1 X223.781 Y218.862 E204.47743
G1 X223.53 Y218.718 E204.48501
G1 X222.983 Y218.598 E204.49967
G1 X205.21 Y218.598 E204.96519
M204 S2500
G0 F15000 X205.21 Y218.798
G1 F2700 E204.46519
G0 F15000 X205.49 Y218.879
G0 X206.25 Y218.829
G0 X206.25 Y217.724
G0 X206.25 Y212.283
G0 X206.249 Y211.198
G0 X205.935 Y210.906
M204 S1250
;TYPE:WALL-INNER
G1 F2700 E204.96519
G1 F1757.6 X206.547 Y210.906 E204.98733
G1 F1956.6 X207.5 Y210.964 E205.01835
G1 X206.823 Y210.528 E205.04451
G1 F1757.6 X206.782 Y210.125 E205.05916
G1 X206.579 Y210.126 E205.06651
G1 X205.935 Y210.906 E205.10309
M204 S2500
G0 F15000 X206.252 Y210.755
G0 X207.5 Y210.964
M204 S1250
G1 F2182.9 X222.613 Y210.962 E205.54324
G1 F2285.6 X223.173 Y210.959 E205.55881
G1 F2427.1 X223.527 Y210.804 E205.56893
G1 X223.916 Y210.434 E205.583
G1 X224.204 Y209.935 E205.59809
G1 X224.37 Y209.3 E205.61528
G1 X224.37 Y208.638 E205.63262
G1 X223.13 Y208.638 E205.66509
G1 X223.131 Y210.448 E205.7125
G1 X223.003 Y210.695 E205.71979
G1 F2404.2 X222.892 Y210.814 E205.72409
G1 F2265.3 X222.613 Y210.962 E205.73296
M204 S2500
G1 F2700 E205.23296
G0 F15000 X223.37 Y210.619
G0 X205.49 Y211.129
G0 X205.21 Y211.406
M204 S1250
;TYPE:WALL-OUTER
G1 F2700 E205.73296
G1 F2427.1 X222.982 Y211.406 E206.19845
G1 X223.265 Y211.37 E206.20592
G1 X223.531 Y211.282 E206.21326
G1 X223.778 Y211.145 E206.22065
G1 X224.249 Y210.696 E206.2377
G1 X224.588 Y210.111 E206.25541
G1 X224.697 Y209.8 E206.26404
G1 X224.79 Y209.342 E206.27628
G1 X224.79 Y208.503 E206.29826
G1 X224.749 Y208.395 E206.30128
G1 X224.554 Y208.218 E206.30818
G1 X222.964 Y208.218 E206.34983
G1 X222.807 Y208.315 E206.35466
G1 X222.71 Y208.513 E206.36043
G1 X222.711 Y210.358 E206.40876
G1 X222.63 Y210.481 E206.41262
G1 X222.537 Y210.523 E206.41529
G1 X207.5 Y210.523 E206.80914
G1 X207.299 Y210.376 E206.81567
G1 X207.272 Y209.906 E206.828
G1 X207.143 Y209.686 E206.83468
G1 X206.962 Y209.626 E206.83967
G1 X206.346 Y209.626 E206.85581
G1 X205.739 Y210.351 E206.88057
G1 X205.21 Y211.014 E206.90279
G1 X205.21 Y211.406 E206.91306
M204 S2500
G0 F15000 X205.41 Y211.406
G1 F2700 E206.41306
;MESH:NONMESH
G0 F600 X205.41 Y211.406 Z4.65
G0 F15000 X205.49 Y211.129
G0 X204.335 Y211.185
G0 X199.782 Y211.711
;TIME_ELAPSED:332.711000
;LAYER:30
;note -- min layer time used
;TYPE:SUPPORT
G1 F2700 E206.91306
G1 F2428.8 X201.224 Y211.306 E206.95032
G1 X201.349 Y211.326 E206.95347
G1 X201.674 Y211.247 E206.9618
G1 X201.934 Y211.281 E206.96832
G1 X202.517 Y211.137 E206.98326
G1 X204.029 Y211.547 E207.02225
G1 X204.054 Y211.945 E207.03217
G1 X204.11 Y211.983 E207.03385
G1 X204.12 Y212.363 E207.04331
G1 X204.166 Y212.439 E207.04552
G1 X204.29 Y212.505 E207.04902
G1 X204.946 Y212.506 E207.06534
G1 X205.284 Y213.58 E207.09336
G1 X204.953 Y214.743 E207.12344
G1 X204.087 Y215.573 E207.15329
G1 X203.918 Y215.622 E207.15767
G1 X202.697 Y216.856 E207.20087
G1 X201.274 Y217.257 E207.23765
G1 X199.912 Y216.85 E207.27302
G1 X198.759 Y215.693 E207.31367
G1 X198.331 Y214.235 E207.35148
G1 X198.732 Y212.831 E207.38781
G1 X199.782 Y211.711 E207.42601
G1 F2700 E206.92601
G0 F15000 X223.564 Y214.271
G1 F2700 E207.42601
G1 F2428.8 X223.963 Y212.93 E207.46082
G1 X225.007 Y211.856 E207.49809
G1 X226.536 Y211.44 E207.53752
G1 X227.048 Y211.534 E207.55047
G1 X227.409 Y211.449 E207.5597
G1 X228.012 Y211.389 E207.57478
G1 X229.443 Y211.791 E207.61177
G1 X230.472 Y212.872 E207.6489
G1 X230.865 Y214.218 E207.68379
G1 X230.472 Y215.63 E207.72026
G1 X229.446 Y216.652 E207.7563
G1 X228.038 Y217.046 E207.79268
G1 X227.944 Y217.035 E207.79503
G1 X227.307 Y217.155 E207.81116
G1 X227.123 Y217.114 E207.81585
G1 X226.759 Y217.2 E207.82516
G1 X226.595 Y217.191 E207.82925
G1 X225.173 Y216.792 E207.866
G1 X223.966 Y215.615 E207.90795
G1 X223.564 Y214.271 E207.94285
G1 F2700 E207.44285
;MESH:axis.stl
G0 F15000 X223.106 Y217.872
G0 X222.5 Y219.158
M204 S1250
;TYPE:WALL-INNER
G1 F2700 E207.94285
G1 F2417.3 X207.391 Y219.165 E208.34048
M204 S2500
G0 F15000 X206.624 Y219.424
G0 X205.948 Y219.238
M204 S1250
G1 F1808.7 X206.564 Y219.964 E208.37397
G1 X206.789 Y219.963 E208.38188
G1 X206.825 Y219.596 E208.39485
G1 F2065 X207.391 Y219.165 E208.41677
G1 X206.554 Y219.237 E208.44265
G1 F1808.7 X205.948 Y219.238 E208.46396
M204 S2500
G1 F2700 E207.96396
G0 F15000 X206.292 Y219.397
G0 X222.5 Y219.158
M204 S1250
G1 F2700 E208.46396
G1 F2428.8 X222.9 Y219.301 E208.47509
G1 X223.079 Y219.537 E208.48285
G1 X223.129 Y219.753 E208.48865
G1 X223.13 Y221.434 E208.53268
G1 X224.37 Y221.434 E208.56516
G1 X224.37 Y220.784 E208.58219
G1 X224.296 Y220.443 E208.59133
G1 X224.069 Y219.907 E208.60657
G1 X223.728 Y219.481 E208.62086
G1 X223.366 Y219.247 E208.63215
G1 X223.176 Y219.186 E208.63738
G1 X222.5 Y219.158 E208.6551
M204 S2500
G1 F2700 E208.1551
G0 F15000 X205.49 Y219.026
G0 X205.21 Y218.746
M204 S1250
;TYPE:WALL-OUTER
G1 F2700 E208.6551
G1 F2428.8 X205.21 Y219.103 E208.66445
G1 X205.532 Y219.508 E208.67801
G1 X206.337 Y220.457 E208.7106
G1 X207.026 Y220.454 E208.72865
G1 X207.182 Y220.368 E208.73331
G1 X207.272 Y220.186 E208.73863
G1 X207.298 Y219.73 E208.75059
G1 X207.463 Y219.58 E208.75643
G1 X222.5 Y219.578 E209.15029
G1 X222.634 Y219.625 E209.15401
G1 X222.706 Y219.744 E209.15765
G1 X222.71 Y221.582 E209.20579
G1 X222.748 Y221.684 E209.20864
G1 X222.951 Y221.854 E209.21558
G1 X224.545 Y221.854 E209.25733
G1 X224.75 Y221.683 E209.26432
G1 X224.79 Y221.58 E209.26722
G1 X224.79 Y220.739 E209.28924
G1 X224.698 Y220.316 E209.30058
G1 X224.433 Y219.689 E209.31841
G1 X224.024 Y219.179 E209.33553
G1 X223.532 Y218.859 E209.35091
G1 X222.982 Y218.738 E209.36566
G1 X205.21 Y218.746 E209.83115
M204 S2500
G0 F15000 X205.21 Y218.946
G1 F2700 E209.33115
G0 F15000 X205.49 Y219.026
G0 X206.296 Y218.956
G0 X206.295 Y217.871
G0 X206.298 Y212.137
G0 X206.298 Y211.032
G0 X205.948 Y210.767
M204 S1250
;TYPE:WALL-INNER
G1 F2700 E209.83115
G1 F1811.9 X206.555 Y210.767 E209.85246
G1 F2090.4 X207.5 Y210.842 E209.88131
G1 X206.826 Y210.409 E209.90569
G1 F1811.9 X206.791 Y210.036 E209.91884
G1 X206.566 Y210.037 E209.92674
G1 X205.948 Y210.767 E209.96032
M204 S2500
G0 F15000 X206.293 Y210.609
G0 X207.5 Y210.842
M204 S1250
G1 F2440.5 X215.055 Y210.839 E210.15727
G1 F2372.4 X222.61 Y210.836 E210.35986
G1 F2383.4 X223.174 Y210.82 E210.37492
G1 F2428.8 X223.566 Y210.65 E210.38611
G1 X223.726 Y210.525 E210.39143
G1 X224.069 Y210.097 E210.4058
G1 X224.296 Y209.561 E210.42104
G1 X224.37 Y209.217 E210.43026
G1 X224.37 Y208.562 E210.44741
G1 X223.13 Y208.562 E210.47989
G1 X223.129 Y210.251 E210.52413
G1 X223.078 Y210.461 E210.52979
G1 F2423.1 X222.907 Y210.689 E210.53727
G1 F2377.9 X222.61 Y210.836 E210.54614
M204 S2500
G1 F2700 E210.04614
G0 F15000 X223.371 Y210.483
G0 X205.49 Y210.981
G0 X205.21 Y211.258
M204 S1250
;TYPE:WALL-OUTER
G1 F2700 E210.54614
G1 F2428.8 X222.989 Y211.262 E211.01181
G1 X223.263 Y211.233 E211.01903
G1 X223.796 Y211.003 E211.03424
G1 X224.023 Y210.825 E211.04179
G1 X224.433 Y210.315 E211.05893
G1 X224.698 Y209.688 E211.07676
G1 X224.79 Y209.261 E211.0882
G1 X224.79 Y208.424 E211.11012
G1 X224.63 Y208.194 E211.11746
G1 X224.48 Y208.142 E211.12162
G1 X223.033 Y208.142 E211.15952
G1 X222.861 Y208.196 E211.16424
G1 X222.71 Y208.422 E211.17136
G1 X222.706 Y210.253 E211.21932
G1 X222.636 Y210.368 E211.22285
G1 X222.537 Y210.415 E211.22572
G1 X207.5 Y210.426 E211.61957
G1 X207.298 Y210.274 E211.62619
G1 X207.272 Y209.817 E211.63818
G1 X207.189 Y209.649 E211.64309
G1 X207.03 Y209.546 E211.64805
G1 X206.338 Y209.546 E211.66618
G1 X205.21 Y210.881 E211.71196
G1 X205.21 Y211.258 E211.72183
M204 S2500
G0 F15000 X205.41 Y211.258
G1 F2700 E211.22183
;MESH:NONMESH
G0 F600 X205.41 Y211.258 Z4.8
G0 F15000 X205.49 Y210.981
G0 X204.335 Y211.037
G0 X199.786 Y211.827
;TIME_ELAPSED:339.979650
;LAYER:31
;note -- min layer time used
;TYPE:SUPPORT
G1 F2700 E211.72183
G1 F2429.2 X201.239 Y211.419 E211.75938
G1 X201.345 Y211.434 E211.76205
G1 X201.968 Y211.277 E211.77803
G1 X202.348 Y211.314 E211.78753
G1 X202.833 Y211.197 E211.79995
G1 X204.1 Y211.545 E211.83264
G1 X204.111 Y212.236 E211.84984
G1 X204.269 Y212.358 E211.85481
G1 X205.03 Y212.358 E211.87374
G1 X205.158 Y212.49 E211.87832
G1 X205.504 Y213.611 E211.90751
G1 X205.173 Y214.776 E211.93764
G1 X204.305 Y215.61 E211.9676
G1 X204.042 Y215.81 E211.97582
G1 X203.733 Y215.913 E211.98392
G1 X202.713 Y216.945 E212.02003
G1 X201.298 Y217.345 E212.05662
G1 X199.924 Y216.934 E212.0923
G1 X198.787 Y215.782 E212.13258
G1 X198.355 Y214.314 E212.17065
G1 X198.749 Y212.931 E212.20644
G1 X199.786 Y211.827 E212.24412
G1 F2700 E211.74412
G0 F15000 X223.408 Y214.272
G1 F2700 E212.24412
G1 F2429.2 X223.807 Y212.938 E212.27877
G1 X224.843 Y211.872 E212.31576
G1 X226.369 Y211.46 E212.35509
G1 X226.909 Y211.558 E212.36875
G1 X227.305 Y211.466 E212.37886
G1 X227.437 Y211.485 E212.38218
G1 X227.906 Y211.377 E212.39416
G1 X229.38 Y211.791 E212.43225
G1 X230.409 Y212.861 E212.46919
G1 X230.813 Y214.206 E212.50413
G1 X230.416 Y215.613 E212.54051
G1 X229.402 Y216.62 E212.57607
G1 X227.682 Y217.105 E212.62054
G1 X227.565 Y217.086 E212.62349
G1 X227.253 Y217.163 E212.63148
G1 X227.012 Y217.11 E212.63762
G1 X226.672 Y217.199 E212.64637
G1 X226.415 Y217.216 E212.65278
G1 X225.041 Y216.832 E212.68828
G1 X223.814 Y215.631 E212.731
G1 X223.408 Y214.272 E212.76629
G1 F2700 E212.26629
;MESH:axis.stl
G0 F15000 X223.086 Y218.007
G0 X222.5 Y219.276
M204 S1250
;TYPE:WALL-INNER
G1 F2700 E212.76629
G1 F2629.6 X214.945 Y219.277 E212.9491
G1 F2589.5 X207.39 Y219.278 E213.13473
M204 S2500
G0 F15000 X206.623 Y219.55
G0 X205.964 Y219.356
M204 S1250
G1 F1845 X206.548 Y220.052 E213.16606
G1 X206.792 Y220.051 E213.17448
G1 X206.823 Y219.704 E213.18649
G1 F2143.4 X207.39 Y219.278 E213.20755
G1 X206.556 Y219.356 E213.23241
G1 F1845 X205.964 Y219.356 E213.25283
M204 S2500
G1 F2700 E212.75283
G0 F15000 X206.322 Y219.523
G0 X206.927 Y219.457
G0 X222.5 Y219.276
M204 S1250
G1 F2700 E213.25283
G1 F2538 X222.924 Y219.42 E213.26405
G1 F2429.2 X223.028 Y219.544 E213.26829
G1 X223.13 Y219.788 E213.27522
G1 X223.13 Y221.498 E213.32001
G1 X224.37 Y221.501 E213.35249
G1 X224.37 Y220.873 E213.36894
G1 X224.296 Y220.518 E213.37843
G1 X224.065 Y219.995 E213.39341
G1 X223.937 Y219.813 E213.39924
G1 X223.546 Y219.462 E213.413
G1 X223.183 Y219.314 E213.42327
G1 F2538 X222.5 Y219.276 E213.44042
M204 S2500
G1 F2700 E212.94042
G0 F15000 X205.49 Y219.151
G0 X205.21 Y218.87
M204 S1250
;TYPE:WALL-OUTER
G1 F2700 E213.44042
G1 F2429.2 X205.21 Y219.211 E213.44935
G1 X205.987 Y220.139 E213.48105
G1 X206.343 Y220.538 E213.49506
G1 X207.038 Y220.538 E213.51326
G1 X207.189 Y220.442 E213.51795
G1 X207.271 Y220.275 E213.52282
G1 X207.293 Y219.832 E213.53444
G1 X207.46 Y219.681 E213.54033
G1 X222.5 Y219.678 E213.93427
G1 X222.642 Y219.732 E213.93825
G1 X222.705 Y219.842 E213.94157
G1 X222.711 Y221.647 E213.98884
G1 X222.747 Y221.747 E213.99163
G1 X222.867 Y221.875 E213.99622
G1 X222.985 Y221.918 E213.99951
G1 X224.468 Y221.922 E214.03836
G1 X224.633 Y221.871 E214.04288
G1 X224.79 Y221.644 E214.05011
G1 X224.79 Y220.83 E214.07143
G1 X224.698 Y220.389 E214.08323
G1 X224.432 Y219.788 E214.10044
G1 X224.253 Y219.533 E214.1086
G1 X223.787 Y219.114 E214.12502
G1 X223.205 Y218.875 E214.1415
G1 X205.21 Y218.87 E214.61283
M204 S2500
G0 F15000 X205.21 Y219.07
G1 F2700 E214.11283
G0 F15000 X205.49 Y219.151
G0 X206.316 Y219.101
G0 X206.316 Y217.996
G0 X206.318 Y212.013
G0 X206.318 Y210.908
G0 X205.967 Y210.647
M204 S1250
;TYPE:WALL-INNER
G1 F2700 E214.61283
G1 F1841.7 X206.56 Y210.647 E214.63332
G1 F2166.2 X207.5 Y210.73 E214.66103
G1 X206.827 Y210.298 E214.68452
G1 F1841.7 X206.795 Y209.952 E214.69653
G1 X206.548 Y209.953 E214.70506
G1 X205.967 Y210.647 E214.73633
M204 S2500
G0 F15000 X206.32 Y210.485
G0 X207.5 Y210.73
M204 S1250
G1 F2602.8 X215.054 Y210.729 E214.921
G1 F2563.5 X222.608 Y210.728 E215.10849
M204 S2500
G0 F15000 X222.607 Y210.728
M204 S1250
G1 F2482.4 X223.18 Y210.693 E215.12321
G1 F2429.2 X223.546 Y210.541 E215.13359
G1 X223.937 Y210.191 E215.14733
G1 X224.064 Y210.008 E215.15317
G1 X224.296 Y209.486 E215.16813
G1 X224.37 Y209.131 E215.17763
G1 X224.37 Y208.502 E215.1941
G1 X223.13 Y208.502 E215.22658
G1 X223.13 Y210.116 E215.26885
G1 X223.087 Y210.349 E215.27506
G1 F2440.9 X222.909 Y210.592 E215.28291
G1 F2488.5 X222.607 Y210.728 E215.29138
M204 S2500
G1 F2700 E214.79138
G0 F15000 X223.371 Y210.364
G0 X205.49 Y210.857
G0 X205.21 Y211.134
M204 S1250
;TYPE:WALL-OUTER
G1 F2700 E215.29138
G1 F2429.2 X222.984 Y211.138 E215.75692
G1 X223.268 Y211.105 E215.76441
G1 X223.787 Y210.889 E215.77914
G1 X224.253 Y210.471 E215.79553
G1 X224.432 Y210.216 E215.80369
G1 X224.698 Y209.615 E215.82091
G1 X224.79 Y209.174 E215.83271
G1 X224.79 Y208.371 E215.85374
G1 X224.691 Y208.18 E215.85937
G1 X224.535 Y208.082 E215.8642
G1 X223.032 Y208.082 E215.90357
G1 X222.863 Y208.133 E215.90819
G1 X222.71 Y208.357 E215.91529
G1 X222.706 Y210.162 E215.96257
G1 X222.637 Y210.276 E215.96606
G1 X222.537 Y210.323 E215.96896
G1 X207.5 Y210.326 E216.36281
G1 X207.297 Y210.171 E216.3695
G1 X207.272 Y209.73 E216.38107
G1 X207.19 Y209.563 E216.38594
G1 X207.035 Y209.466 E216.39073
G1 X206.342 Y209.466 E216.40888
G1 X205.973 Y209.882 E216.42345
G1 X205.21 Y210.793 E216.45457
G1 X205.21 Y211.134 E216.4635
M204 S2500
G0 F15000 X205.41 Y211.134
G1 F2700 E215.9635
;MESH:NONMESH
G0 F600 X205.41 Y211.134 Z4.95
G0 F15000 X205.49 Y210.857
G0 X204.335 Y210.913
G0 X199.805 Y211.943
;TIME_ELAPSED:347.230075
;LAYER:32
;note -- min layer time used
;TYPE:SUPPORT
G1 F2700 E216.4635
G1 F2430.1 X201.268 Y211.537 E216.50128
G1 X201.327 Y211.531 E216.50276
G1 X202.225 Y211.288 E216.52591
G1 X202.701 Y211.356 E216.53787
G1 X203.097 Y211.254 E216.54805
G1 X204.042 Y211.516 E216.57245
G1 X204.064 Y211.714 E216.57741
G1 X204.115 Y211.746 E216.5789
G1 X204.139 Y212.1 E216.58773
G1 X204.289 Y212.229 E216.59266
G1 X205.103 Y212.234 E216.61291
G1 X205.423 Y212.56 E216.62428
G1 X205.78 Y213.68 E216.65353
G1 X205.453 Y214.851 E216.68378
G1 X204.584 Y215.679 E216.71365
G1 X204.306 Y215.89 E216.72233
G1 X203.672 Y216.055 E216.73863
G1 X202.705 Y217.037 E216.77293
G1 X201.298 Y217.437 E216.80932
G1 X199.956 Y217.038 E216.84416
G1 X198.827 Y215.897 E216.8841
G1 X198.387 Y214.395 E216.92305
G1 X198.788 Y213.024 E216.95859
G1 X199.805 Y211.943 E216.99552
G1 F2700 E216.49552
G0 F15000 X223.252 Y214.276
G1 F2700 E216.99552
G1 F2430.1 X223.647 Y212.95 E217.02995
G1 X224.679 Y211.892 E217.06672
G1 X226.192 Y211.483 E217.10572
G1 X226.543 Y211.503 E217.11447
G1 X226.89 Y211.597 E217.12342
G1 X227.771 Y211.355 E217.14615
G1 X229.264 Y211.775 E217.18474
G1 X230.289 Y212.841 E217.22154
G1 X230.689 Y214.183 E217.25638
G1 X230.3 Y215.577 E217.29239
G1 X229.173 Y216.688 E217.33177
G1 X227.654 Y217.114 E217.37103
G1 X227.485 Y217.078 E217.37533
G1 X227.143 Y217.158 E217.38407
G1 X226.907 Y217.096 E217.39014
G1 X226.239 Y217.243 E217.40716
G1 X224.881 Y216.864 E217.44224
G1 X223.818 Y215.82 E217.47931
G1 X223.646 Y215.598 E217.4863
G1 X223.252 Y214.276 E217.52063
G1 F2700 E217.02063
;MESH:axis.stl
G0 F15000 X222.974 Y218.113
G0 X222.5 Y219.378
M204 S1250
;TYPE:WALL-INNER
G1 F2700 E217.52063
G1 F2781 X207.392 Y219.384 E217.86641
M204 S2500
G0 F15000 X206.622 Y219.669
G0 X205.968 Y219.47
M204 S1250
G1 F1890.1 X206.557 Y220.138 E217.8964
G1 X206.799 Y220.138 E217.90455
G1 X206.827 Y219.807 E217.91573
G1 F2243.2 X207.392 Y219.384 E217.93576
G1 X206.566 Y219.47 E217.95932
G1 F1890.1 X205.968 Y219.47 E217.97946
M204 S2500
G1 F2700 E217.47946
G0 F15000 X206.345 Y219.64
G0 X206.932 Y219.554
G0 X222.5 Y219.378
M204 S1250
G1 F2700 E217.97946
G1 F2603.7 X222.918 Y219.509 E217.99017
G1 F2430.1 X223.035 Y219.647 E217.99491
G1 X223.124 Y219.886 E218.00159
G1 X223.13 Y221.57 E218.0457
G1 X224.37 Y221.57 E218.07818
G1 X224.37 Y220.939 E218.0947
G1 X224.211 Y220.364 E218.11033
G1 X223.913 Y219.887 E218.12506
G1 X223.574 Y219.589 E218.13688
G1 X223.184 Y219.432 E218.1479
G1 F2603.7 X222.5 Y219.378 E218.16467
M204 S2500
G1 F2700 E217.66467
G0 F15000 X205.49 Y219.27
G0 X205.21 Y218.99
M204 S1250
;TYPE:WALL-OUTER
G1 F2700 E218.16467
G1 F2430.1 X205.21 Y219.318 E218.17326
G1 X205.754 Y219.958 E218.19526
G1 X206.343 Y220.618 E218.21843
G1 X206.968 Y220.618 E218.2348
G1 X207.144 Y220.564 E218.23962
G1 X207.271 Y220.365 E218.24581
G1 X207.292 Y219.927 E218.25729
G1 X207.459 Y219.773 E218.26324
G1 X222.5 Y219.77 E218.6572
G1 X222.64 Y219.823 E218.66112
G1 X222.708 Y219.948 E218.66485
G1 X222.71 Y221.71 E218.711
G1 X222.866 Y221.94 E218.71828
G1 X223.024 Y221.99 E218.72262
G1 X224.463 Y221.99 E218.76031
G1 X224.635 Y221.936 E218.76503
G1 X224.79 Y221.708 E218.77225
G1 X224.79 Y220.895 E218.79355
G1 X224.701 Y220.479 E218.80469
G1 X224.59 Y220.178 E218.81309
G1 X224.245 Y219.627 E218.83012
G1 X223.796 Y219.231 E218.8458
G1 X223.541 Y219.1 E218.85331
G1 X222.984 Y218.986 E218.8682
G1 X205.21 Y218.99 E219.33374
M204 S2500
G0 F15000 X205.21 Y219.19
G1 F2700 E218.83374
G0 F15000 X205.49 Y219.27
G0 X206.346 Y219.2
G0 X206.345 Y218.115
G0 X206.346 Y211.892
G0 X206.345 Y210.807
G0 X205.968 Y210.537
M204 S1250
;TYPE:WALL-INNER
G1 F2700 E219.33374
G1 F1883.1 X206.565 Y210.537 E219.35392
G1 F2258.1 X207.496 Y210.626 E219.38029
G1 X206.827 Y210.198 E219.40267
G1 F1883.1 X206.799 Y209.87 E219.4138
G1 X206.556 Y209.868 E219.42201
G1 X205.968 Y210.537 E219.45212
M204 S2500
G0 F15000 X206.345 Y210.367
G0 X207.496 Y210.626
M204 S1250
G1 F2804 X222.604 Y210.622 E219.79507
G1 F2597.1 X223.179 Y210.571 E219.80922
G1 F2430.1 X223.389 Y210.508 E219.81496
G1 X223.751 Y210.284 E219.82611
G1 X223.912 Y210.118 E219.83217
G1 X224.211 Y209.636 E219.84703
G1 X224.37 Y209.066 E219.86252
G1 X224.37 Y208.442 E219.87887
G1 X223.13 Y208.442 E219.91135
G1 X223.124 Y210.117 E219.95522
G1 X223.035 Y210.362 E219.96205
G1 F2453.5 X222.924 Y210.488 E219.9664
G1 F2617 X222.604 Y210.622 E219.97484
M204 S2500
G1 F2700 E219.47484
G0 F15000 X223.372 Y210.246
G0 X205.49 Y210.738
G0 X205.21 Y211.018
M204 S1250
;TYPE:WALL-OUTER
G1 F2700 E219.97484
G1 F2430.1 X223.017 Y211.012 E220.44125
G1 X223.545 Y210.9 E220.45539
G1 X224.029 Y210.601 E220.47029
G1 X224.245 Y210.378 E220.47842
G1 X224.59 Y209.822 E220.49556
G1 X224.701 Y209.525 E220.50386
G1 X224.79 Y209.11 E220.51498
G1 X224.79 Y208.296 E220.5363
G1 X224.75 Y208.193 E220.53919
G1 X224.551 Y208.022 E220.54607
G1 X222.954 Y208.022 E220.58789
G1 X222.75 Y208.193 E220.59487
G1 X222.71 Y208.296 E220.59776
G1 X222.708 Y210.058 E220.64391
G1 X222.643 Y210.183 E220.6476
G1 X222.537 Y210.235 E220.65069
G1 X207.496 Y210.235 E221.04465
G1 X207.292 Y210.077 E221.05141
G1 X207.271 Y209.643 E221.06279
G1 X207.143 Y209.438 E221.06912
G1 X207 Y209.39 E221.07307
G1 X206.342 Y209.387 E221.09031
G1 X205.747 Y210.055 E221.11374
G1 X205.21 Y210.689 E221.1355
G1 X205.21 Y211.018 E221.14412
M204 S2500
G0 F15000 X205.41 Y211.018
G1 F2700 E220.64412
;MESH:NONMESH
G0 F600 X205.41 Y211.018 Z5.1
G0 F15000 X205.49 Y210.738
G0 X204.335 Y210.794
G0 X199.821 Y211.963
;TIME_ELAPSED:354.414387
;LAYER:33
;note -- min layer time used
;TYPE:SUPPORT
G1 F2700 E221.14412
G1 F2010.7 X201.227 Y211.57 E221.18045
G1 X201.349 Y211.59 E221.18352
G1 X202.439 Y211.313 E221.21151
G1 X202.837 Y211.404 E221.22166
G1 X203.292 Y211.309 E221.23323
G1 X204.044 Y211.517 E221.25265
G1 X204.11 Y211.636 E221.25603
G1 X204.118 Y211.968 E221.26429
G1 X204.156 Y212.041 E221.26634
G1 X204.297 Y212.117 E221.27033
G1 X205.192 Y212.118 E221.2926
G1 X205.703 Y212.636 E221.3107
G1 X206.06 Y213.757 E221.33998
G1 X205.733 Y214.927 E221.37021
G1 X204.865 Y215.755 E221.40005
G1 X204.771 Y215.79 E221.40255
G1 X204.578 Y215.97 E221.40912
G1 X203.578 Y216.229 E221.43482
G1 X202.697 Y217.12 E221.466
G1 X201.302 Y217.513 E221.50206
G1 X199.968 Y217.118 E221.53668
G1 X198.875 Y216.013 E221.57535
G1 X198.403 Y214.411 E221.61691
G1 X198.8 Y213.036 E221.65252
G1 X199.821 Y211.963 E221.68938
G1 F2700 E221.18938
G0 F15000 X223.1 Y214.277
G1 F2700 E221.68938
G1 F2010.7 X223.491 Y212.962 E221.72351
G1 X224.515 Y211.908 E221.76008
G1 X226.057 Y211.494 E221.79981
G1 X226.261 Y211.542 E221.80502
G1 X226.385 Y211.527 E221.80813
G1 X226.717 Y211.602 E221.8166
G1 X227.663 Y211.343 E221.841
G1 X229.151 Y211.763 E221.87948
G1 X230.165 Y212.821 E221.91594
G1 X230.565 Y214.151 E221.9505
G1 X230.14 Y215.662 E221.98956
G1 X229.074 Y216.724 E222.027
G1 X227.571 Y217.15 E222.06587
G1 X227.303 Y217.091 E222.0727
G1 X227.038 Y217.155 E222.07948
G1 X226.826 Y217.102 E222.08492
G1 X226.07 Y217.271 E222.10419
G1 X224.721 Y216.892 E222.13906
G1 X223.662 Y215.855 E222.17594
G1 X223.614 Y215.724 E222.17941
G1 X223.49 Y215.595 E222.18387
G1 X223.1 Y214.277 E222.21807
G1 F2700 E221.71807
;MESH:axis.stl
G0 F15000 X222.975 Y218.225
G0 X222.976 Y219.328
G0 X223.372 Y219.862
G0 X222.722 Y219.518
M204 S1250
;TYPE:WALL-INNER
G1 F2700 E222.21807
G1 F2010.7 X222.932 Y219.6 E222.22397
G1 X223.045 Y219.741 E222.2287
G1 X223.126 Y219.984 E222.23541
G1 X223.13 Y221.622 E222.27832
G1 X224.366 Y221.622 E222.31069
G1 X224.369 Y221.01 E222.32672
G1 X224.303 Y220.7 E222.33502
G1 X224.075 Y220.202 E222.34937
G1 X223.744 Y219.814 E222.36273
G1 X223.392 Y219.599 E222.37353
G1 X223.185 Y219.542 E222.37915
G1 X222.722 Y219.518 E222.3913
M204 S2500
G1 F2700 E221.8913
G0 F15000 X223.372 Y219.862
G0 X207.069 Y219.613
G0 X206.378 Y219.754
G0 X205.982 Y219.576
M204 S1250
G1 F2700 E222.3913
G1 F1596.4 X206.555 Y220.216 E222.41964
G1 X206.805 Y220.215 E222.42788
G1 X206.83 Y219.901 E222.43827
G1 X207.178 Y219.575 E222.45401
G1 X205.982 Y219.576 E222.49346
M204 S2500
G0 F15000 X205.21 Y219.102
M204 S1250
;TYPE:WALL-OUTER
G1 F2010.7 X205.21 Y219.424 E222.5019
G1 X206.343 Y220.69 E222.5464
G1 X206.998 Y220.69 E222.56355
G1 X207.189 Y220.597 E222.56912
G1 X207.271 Y220.437 E222.57382
G1 X207.291 Y220.011 E222.58499
G1 F1675.6 X207.445 Y219.77 E222.59398
G1 F1436.2 X222.5 Y219.767 E223.14604
G1 F1678.9 X222.709 Y219.981 E223.15542
G1 F2010.7 X222.711 Y221.775 E223.20241
G1 X222.747 Y221.875 E223.2052
G1 X222.945 Y222.042 E223.21198
G1 X224.548 Y222.042 E223.25397
G1 X224.75 Y221.873 E223.26087
G1 X224.786 Y221.777 E223.26355
G1 X224.789 Y220.966 E223.28479
G1 X224.703 Y220.567 E223.29548
G1 X224.433 Y219.974 E223.31255
G1 X224.032 Y219.504 E223.32873
G1 X223.544 Y219.205 E223.34372
G1 X222.964 Y219.098 E223.35917
G1 F1678.9 X222.5 Y219.181 E223.37396
G1 F1436.2 X207.395 Y219.185 E223.92785
G1 F1675.6 X206.573 Y219.101 E223.95382
G1 F2010.7 X205.21 Y219.102 E223.98952
M204 S2500
G0 F15000 X205.21 Y219.302
G1 F2700 E223.48952
G0 F15000 X205.49 Y219.384
G0 X206.379 Y219.314
G0 X206.378 Y218.229
G0 X206.382 Y211.78
G0 X206.382 Y210.675
G0 X205.981 Y210.427
M204 S1250
;TYPE:WALL-INNER
G1 F2700 E223.98952
G1 F1593.4 X207.244 Y210.427 E224.03126
G1 X206.833 Y210.102 E224.04858
G1 X206.808 Y209.792 E224.05886
G1 X206.552 Y209.79 E224.06732
G1 X205.981 Y210.427 E224.0956
M204 S2500
G1 F2700 E223.5956
G0 F15000 X206.377 Y210.254
G0 X207.069 Y210.394
G0 X222.948 Y210.39
G0 X222.874 Y210.458
M204 S1250
G1 F2700 E224.0956
G1 F1968.5 X223.184 Y210.464 E224.10389
G1 F2010.7 X223.381 Y210.41 E224.10924
G1 X223.744 Y210.187 E224.1204
G1 X224.075 Y209.801 E224.13372
G1 X224.302 Y209.304 E224.14803
G1 X224.37 Y208.992 E224.15639
G1 X224.37 Y208.382 E224.17237
G1 X223.131 Y208.383 E224.20482
G1 X223.124 Y210.023 E224.24778
G1 F1968.5 X222.951 Y210.42 E224.25937
G1 F1928 X222.874 Y210.458 E224.26171
M204 S2500
G1 F2700 E223.76171
G0 F15000 X223.372 Y210.145
G0 X205.49 Y210.624
G0 X205.21 Y210.902
M204 S1250
;TYPE:WALL-OUTER
G1 F2700 E224.26171
G1 F2010.7 X206.575 Y210.902 E224.29746
G1 F1682.2 X207.5 Y210.82 E224.32653
G1 F1436.2 X222.602 Y210.819 E224.88031
G1 F1636.6 X222.966 Y210.896 E224.89229
G1 F1968.5 X223.276 Y210.876 E224.9006
G1 F2010.7 X223.535 Y210.803 E224.90765
G1 X224.032 Y210.497 E224.92293
G1 X224.433 Y210.029 E224.93908
G1 X224.703 Y209.437 E224.95612
G1 X224.79 Y209.037 E224.96684
G1 X224.79 Y208.232 E224.98792
G1 X224.75 Y208.13 E224.99079
G1 X224.554 Y207.962 E224.99756
G1 X222.948 Y207.962 E225.03962
G1 X222.747 Y208.13 E225.04648
G1 X222.71 Y208.229 E225.04925
G1 X222.708 Y209.968 E225.0948
G1 F1668.9 X222.551 Y210.232 E225.10449
G1 F1436.2 X207.5 Y210.236 E225.6564
G1 F1682.2 X207.295 Y209.993 E225.66635
G1 F2010.7 X207.249 Y209.496 E225.67943
G1 X207.128 Y209.362 E225.68416
G1 X206.997 Y209.318 E225.68778
G1 X206.342 Y209.315 E225.70493
G1 X205.21 Y210.575 E225.7493
G1 X205.21 Y210.902 E225.75786
M204 S2500
G0 F15000 X205.41 Y210.902
G1 F2700 E225.25786
;MESH:NONMESH
G0 F600 X205.41 Y210.902 Z5.25
G0 F15000 X205.49 Y210.624
G0 X204.335 Y210.68
G0 X199.833 Y211.987
;TIME_ELAPSED:362.177886
;LAYER:34
;note -- min layer time used
;TYPE:SUPPORT
G1 F2700 E225.75786
G1 F2012.3 X201.229 Y211.602 E225.7939
G1 X201.546 Y211.673 E225.80198
G1 X202.723 Y211.373 E225.8322
G1 X203.168 Y211.474 E225.84356
G1 X203.566 Y211.385 E225.8537
G1 X204.068 Y211.514 E225.8666
G1 X204.11 Y211.57 E225.86834
G1 X204.115 Y211.84 E225.87506
G1 X204.167 Y211.937 E225.8778
G1 X204.274 Y211.998 E225.88087
G1 X205.3 Y212.002 E225.9064
G1 X205.987 Y212.696 E225.93069
G1 X206.34 Y213.816 E225.95991
G1 X206.009 Y214.979 E225.99
G1 X205.135 Y215.814 E226.02008
G1 X204.842 Y216.05 E226.02944
G1 X203.527 Y216.386 E226.06321
G1 X202.767 Y217.136 E226.08978
G1 X201.322 Y217.533 E226.12707
G1 X199.975 Y217.137 E226.162
G1 X198.875 Y216.041 E226.20064
G1 X198.475 Y214.664 E226.23632
G1 X198.447 Y214.4 E226.24293
G1 X198.832 Y213.051 E226.27784
G1 X199.833 Y211.987 E226.31419
G1 F2700 E225.81419
G0 F15000 X222.94 Y214.279
G1 F2700 E226.31419
G1 F2012.3 X223.335 Y212.97 E226.34821
G1 X224.351 Y211.924 E226.38449
G1 X225.845 Y211.524 E226.42298
G1 X226.103 Y211.57 E226.4295
G1 X226.234 Y211.549 E226.4328
G1 X226.527 Y211.613 E226.44026
G1 X227.555 Y211.33 E226.46679
G1 X229.035 Y211.747 E226.50505
G1 X230.041 Y212.797 E226.54124
G1 X230.48 Y214.254 E226.5791
G1 X230.057 Y215.713 E226.6169
G1 X229.002 Y216.76 E226.65388
G1 X227.475 Y217.19 E226.69336
G1 X227.127 Y217.106 E226.70226
G1 X226.932 Y217.151 E226.70724
G1 X226.716 Y217.11 E226.71272
G1 X225.959 Y217.314 E226.73222
G1 X224.569 Y216.924 E226.76815
G1 X223.51 Y215.891 E226.80496
G1 X223.449 Y215.708 E226.80976
G1 X223.334 Y215.584 E226.81396
G1 X222.94 Y214.279 E226.84788
G1 F2700 E226.34788
;MESH:axis.stl
G0 F15000 X222.938 Y218.326
G0 X222.938 Y219.431
G0 X223.369 Y219.972
G0 X222.774 Y219.622
M204 S1250
;TYPE:WALL-INNER
G1 F2700 E226.84788
G1 F2012.3 X222.945 Y219.692 E226.85272
G1 X223.098 Y219.939 E226.86033
G1 X223.13 Y220.14 E226.86567
G1 X223.13 Y221.674 E226.90584
G1 X224.37 Y221.674 E226.93832
G1 X224.37 Y221.082 E226.95383
G1 X224.213 Y220.529 E226.96889
G1 X223.92 Y220.073 E226.98308
G1 X223.785 Y219.94 E226.98805
G1 X223.365 Y219.692 E227.00082
G1 X223.191 Y219.642 E227.00556
G1 X222.774 Y219.622 E227.0165
M204 S2500
G1 F2700 E226.5165
G0 F15000 X223.369 Y219.972
G0 X222.948 Y219.692
G0 X207.07 Y219.692
G0 X206.397 Y219.85
G0 X205.995 Y219.67
M204 S1250
G1 F2700 E227.0165
G1 F1612.9 X206.546 Y220.282 E227.04341
G1 X206.81 Y220.281 E227.05204
G1 X206.834 Y219.989 E227.06161
G1 X207.171 Y219.67 E227.07677
G1 X205.995 Y219.67 E227.1152
M204 S2500
G0 F15000 X205.21 Y219.198
M204 S1250
;TYPE:WALL-OUTER
G1 F2012.3 X205.21 Y219.496 E227.12301
G1 X206.34 Y220.754 E227.1673
G1 X207.04 Y220.753 E227.18563
G1 X207.191 Y220.659 E227.19029
G1 X207.272 Y220.504 E227.19487
G1 X207.295 Y220.093 E227.20566
G1 F1690.3 X207.45 Y219.854 E227.21454
G1 F1462.2 X222.5 Y219.853 E227.75703
G1 F1700.5 X222.71 Y220.089 E227.76682
G1 F2012.3 X222.71 Y221.837 E227.8126
G1 X222.746 Y221.929 E227.81519
G1 X222.951 Y222.094 E227.82208
G1 X224.545 Y222.094 E227.86383
G1 X224.753 Y221.927 E227.87082
G1 X224.79 Y221.838 E227.87334
G1 X224.79 Y221.036 E227.89435
G1 X224.591 Y220.339 E227.91333
G1 X224.248 Y219.806 E227.92994
G1 X224.043 Y219.604 E227.93747
G1 X223.532 Y219.303 E227.95301
G1 X223.269 Y219.228 E227.96017
G1 X222.973 Y219.202 E227.96795
G1 F1700.5 X222.5 Y219.279 E227.98281
G1 F1462.2 X207.4 Y219.279 E228.5271
G1 F1690.3 X206.579 Y219.199 E228.55282
G1 F2012.3 X205.21 Y219.198 E228.58868
M204 S2500
G0 F15000 X205.21 Y219.398
G1 F2700 E228.08868
G0 F15000 X205.49 Y219.479
G0 X206.393 Y219.429
G0 X206.393 Y218.324
G0 X206.394 Y211.683
G0 X206.393 Y210.598
G0 X205.998 Y210.334
M204 S1250
;TYPE:WALL-INNER
G1 F2700 E228.58868
G1 F1612.9 X207.234 Y210.334 E228.62907
G1 X206.834 Y210.015 E228.64578
G1 X206.81 Y209.722 E228.65539
G1 X206.546 Y209.722 E228.66402
G1 X205.998 Y210.334 E228.69086
M204 S2500
G1 F2700 E228.19086
G0 F15000 X206.396 Y210.158
G0 X207.07 Y210.315
G0 X222.948 Y210.314
G0 X223.369 Y210.034
G0 X222.901 Y210.362
M204 S1250
G1 F2700 E228.69086
G1 F1974.7 X223.182 Y210.365 E228.69836
G1 F2012.3 X223.363 Y210.313 E228.7033
G1 X223.785 Y210.064 E228.71613
G1 X223.919 Y209.931 E228.72108
G1 X224.213 Y209.475 E228.73529
G1 X224.37 Y208.922 E228.75034
G1 X224.37 Y208.322 E228.76606
G1 X223.13 Y208.322 E228.79854
G1 X223.13 Y209.864 E228.83893
G1 X223.097 Y210.067 E228.84431
G1 F1974.7 X222.955 Y210.335 E228.85241
G1 F1938.4 X222.901 Y210.362 E228.85405
M204 S2500
G1 F2700 E228.35405
G0 F15000 X223.369 Y210.034
G0 X205.49 Y210.529
G0 X205.21 Y210.806
M204 S1250
;TYPE:WALL-OUTER
G1 F2700 E228.85405
G1 F2012.3 X206.579 Y210.806 E228.88991
G1 F1697.1 X207.5 Y210.728 E228.91861
G1 F1462.2 X222.6 Y210.726 E229.4629
G1 F1663.7 X222.966 Y210.798 E229.47472
G1 F1974.7 X223.275 Y210.777 E229.48299
G1 F2012.3 X223.531 Y210.701 E229.48998
G1 X224.043 Y210.4 E229.50554
G1 X224.247 Y210.198 E229.51306
G1 X224.591 Y209.665 E229.52967
G1 X224.79 Y208.968 E229.54866
G1 X224.79 Y208.17 E229.56956
G1 X224.627 Y207.951 E229.57671
G1 X224.485 Y207.902 E229.58064
G1 X223.03 Y207.902 E229.61875
G1 X222.865 Y207.951 E229.62326
G1 X222.71 Y208.164 E229.63016
G1 X222.71 Y209.911 E229.67592
G1 F1690.3 X222.55 Y210.15 E229.68489
G1 F1462.2 X207.5 Y210.152 E230.22738
G1 F1697.1 X207.295 Y209.911 E230.2372
G1 F2012.3 X207.247 Y209.422 E230.25007
G1 X207.056 Y209.25 E230.2568
G1 X206.329 Y209.25 E230.27584
G1 X205.21 Y210.512 E230.32002
G1 X205.21 Y210.806 E230.32772
M204 S2500
G0 F15000 X205.41 Y210.806
G1 F2700 E229.82772
;MESH:NONMESH
G0 F600 X205.41 Y210.806 Z5.4
G0 F15000 X205.49 Y210.529
G0 X204.335 Y210.585
G0 X199.886 Y212.079
;TIME_ELAPSED:369.937515
;LAYER:35
;note -- min layer time used
;TYPE:SUPPORT
G1 F2700 E230.32772
G1 F2014.7 X201.278 Y211.689 E230.36369
G1 X201.671 Y211.775 E230.3737
G1 X203.007 Y211.433 E230.40802
G1 X203.471 Y211.537 E230.41985
G1 X203.862 Y211.449 E230.42982
G1 X204.11 Y211.509 E230.43617
G1 X204.133 Y211.793 E230.44326
G1 X204.297 Y211.905 E230.4482
G1 X205.42 Y211.906 E230.47615
G1 X206.263 Y212.756 E230.50594
G1 X206.62 Y213.88 E230.53528
G1 X206.285 Y215.043 E230.5654
G1 X205.17 Y216.114 E230.60387
G1 X203.889 Y216.442 E230.63677
G1 X203.679 Y216.399 E230.6421
G1 X203.58 Y216.441 E230.64478
G1 X202.859 Y217.151 E230.66996
G1 X201.415 Y217.545 E230.7072
G1 X200.019 Y217.137 E230.74339
G1 X198.911 Y216.036 E230.78226
G1 X198.511 Y214.682 E230.81739
G1 X198.508 Y214.483 E230.82234
G1 X198.892 Y213.139 E230.85712
G1 X199.886 Y212.079 E230.89328
G1 F2700 E230.39328
G0 F15000 X222.788 Y214.281
G1 F2700 E230.89328
G1 F2014.7 X223.175 Y212.982 E230.92701
G1 X224.183 Y211.944 E230.96301
G1 X225.707 Y211.534 E231.00228
G1 X225.988 Y211.606 E231.0095
G1 X226.318 Y211.633 E231.01774
G1 X227.455 Y211.322 E231.04707
G1 X228.92 Y211.731 E231.08491
G1 X229.921 Y212.777 E231.12094
G1 X230.377 Y214.297 E231.16043
G1 X229.953 Y215.757 E231.19826
G1 X228.902 Y216.8 E231.2351
G1 X227.376 Y217.233 E231.27457
G1 X226.977 Y217.123 E231.28487
G1 X226.827 Y217.144 E231.28864
G1 X226.611 Y217.102 E231.29411
G1 X225.759 Y217.337 E231.3161
G1 X224.405 Y216.96 E231.35108
G1 X223.358 Y215.932 E231.38759
G1 X223.283 Y215.695 E231.39377
G1 X223.174 Y215.579 E231.39773
G1 X222.788 Y214.281 E231.43143
G1 F2700 E230.93143
;MESH:axis.stl
G0 F15000 X222.788 Y218.417
G0 X222.789 Y219.502
G0 X223.384 Y220.053
G0 X222.821 Y219.71
M204 S1250
;TYPE:WALL-INNER
G1 F2700 E231.43143
G1 F2014.7 X222.924 Y219.75 E231.43432
G1 X223.13 Y220.102 E231.44501
G1 X223.13 Y221.722 E231.48744
G1 X224.37 Y221.728 E231.51992
G1 X224.37 Y221.146 E231.53516
G1 X224.3 Y220.836 E231.54348
G1 X224.083 Y220.366 E231.55704
G1 X223.754 Y219.998 E231.56997
G1 X223.419 Y219.801 E231.58015
G1 X222.821 Y219.71 E231.596
M204 S2500
G1 F2700 E231.096
G0 F15000 X223.384 Y220.053
G0 X222.948 Y219.771
G0 X207.07 Y219.77
G0 X206.416 Y219.944
G0 X206 Y219.762
M204 S1250
G1 F2700 E231.596
G1 F1643 X206.543 Y220.351 E231.62172
G1 X206.815 Y220.351 E231.63046
G1 X206.838 Y220.073 E231.63942
G1 X207.162 Y219.761 E231.65386
G1 X206 Y219.762 E231.69118
M204 S2500
G0 F15000 X205.211 Y219.295
M204 S1250
;TYPE:WALL-OUTER
G1 F2014.7 X205.211 Y219.579 E231.69862
G1 X205.81 Y220.25 E231.72218
G1 X206.34 Y220.818 E231.74253
G1 X207.039 Y220.818 E231.76084
G1 X207.249 Y220.65 E231.76788
G1 X207.294 Y220.171 E231.78048
G1 F1709.4 X207.451 Y219.935 E231.78923
G1 F1487.1 X222.5 Y219.932 E232.32324
G1 F1712.9 X222.706 Y220.17 E232.33294
G1 F2014.7 X222.71 Y221.884 E232.37783
G1 X222.865 Y222.101 E232.38481
G1 X222.984 Y222.142 E232.38811
G1 X224.465 Y222.149 E232.4269
G1 X224.635 Y222.098 E232.43155
G1 X224.79 Y221.883 E232.43849
G1 X224.79 Y221.1 E232.459
G1 X224.7 Y220.7 E232.46974
G1 X224.438 Y220.133 E232.4861
G1 X224.035 Y219.682 E232.50194
G1 X223.55 Y219.398 E232.51666
G1 X222.98 Y219.29 E232.53186
G1 F1712.9 X222.5 Y219.364 E232.54682
G1 F1487.1 X207.402 Y219.369 E233.08256
G1 F1709.4 X206.586 Y219.294 E233.10786
G1 F2014.7 X205.211 Y219.295 E233.14388
M204 S2500
G0 F15000 X205.211 Y219.495
G1 F2700 E232.64388
G0 F15000 X205.517 Y219.545
G0 X206.418 Y219.505
G0 X206.417 Y218.42
G0 X206.417 Y211.587
G0 X206.416 Y210.502
G0 X206.004 Y210.242
M204 S1250
;TYPE:WALL-INNER
G1 F2700 E233.14388
G1 F1646.2 X207.222 Y210.242 E233.18292
G1 X206.838 Y209.931 E233.19876
G1 X206.816 Y209.653 E233.2077
G1 X206.544 Y209.653 E233.21641
G1 X206.004 Y210.242 E233.24203
M204 S2500
G1 F2700 E232.74203
G0 F15000 X206.416 Y210.064
G0 X207.07 Y210.237
G0 X222.948 Y210.245
G0 X223.38 Y209.961
G0 X222.801 Y210.286
M204 S1250
G1 F2700 E233.24203
G1 F2014.7 X223.149 Y210.283 E233.25114
G1 X223.395 Y210.215 E233.25783
G1 X223.754 Y210.006 E233.26871
G1 X224.082 Y209.638 E233.28162
G1 X224.299 Y209.165 E233.29525
G1 X224.37 Y208.857 E233.30353
G1 X224.37 Y208.276 E233.31875
G1 X223.13 Y208.277 E233.35123
G1 X223.13 Y209.838 E233.39211
G1 X223.034 Y210.129 E233.40014
G1 X222.801 Y210.286 E233.4075
M204 S2500
G1 F2700 E232.9075
G0 F15000 X223.38 Y209.961
G0 X205.517 Y210.463
G0 X205.21 Y210.71
M204 S1250
;TYPE:WALL-OUTER
G1 F2700 E233.4075
G1 F2014.7 X206.587 Y210.709 E233.44357
G1 F1719.8 X207.5 Y210.637 E233.47167
G1 F1500.3 X222.597 Y210.634 E234.00267
G1 F1602.6 X223.165 Y210.713 E234.02155
G1 F1855.6 X223.542 Y210.61 E234.03266
G1 F2014.7 X224.035 Y210.322 E234.04762
G1 X224.438 Y209.871 E234.06346
G1 X224.699 Y209.3 E234.0799
G1 X224.79 Y208.904 E234.09055
G1 X224.79 Y208.124 E234.11098
G1 X224.751 Y208.028 E234.11369
G1 X224.539 Y207.854 E234.12087
G1 X222.997 Y207.858 E234.16126
G1 X222.864 Y207.9 E234.16492
G1 X222.71 Y208.116 E234.17186
G1 X222.71 Y209.81 E234.21623
G1 F1719.8 X222.549 Y210.074 E234.22572
G1 F1500.3 X207.5 Y210.071 E234.75503
G1 F1719.8 X207.294 Y209.833 E234.76469
G1 F2014.7 X207.249 Y209.354 E234.77729
G1 X207.042 Y209.186 E234.78428
G1 X206.34 Y209.186 E234.80266
G1 X205.805 Y209.765 E234.82331
G1 X205.21 Y210.429 E234.84666
G1 X205.21 Y210.71 E234.85402
M204 S2500
G0 F15000 X205.41 Y210.71
G1 F2700 E234.35402
;MESH:NONMESH
G0 F600 X205.41 Y210.71 Z5.55
G0 F15000 X205.517 Y210.463
G0 X204.335 Y210.495
G0 X199.933 Y212.187
;TIME_ELAPSED:377.688691
;LAYER:36
;note -- min layer time used
;TYPE:SUPPORT
G1 F2700 E234.85402
G1 F2012.7 X201.311 Y211.81 E234.88957
G1 X201.771 Y211.939 E234.90146
G1 X201.931 Y211.92 E234.90547
G1 X202.051 Y211.808 E234.90955
G1 X203.271 Y211.485 E234.94096
G1 X203.743 Y211.597 E234.95303
G1 X204.11 Y211.519 E234.96236
G1 X204.144 Y211.716 E234.96734
G1 X204.3 Y211.81 E234.97187
G1 X205.267 Y211.81 E234.99593
G1 X205.642 Y211.916 E235.00563
G1 X206.543 Y212.821 E235.0374
G1 X206.9 Y213.944 E235.06672
G1 X206.565 Y215.107 E235.09684
G1 X205.43 Y216.194 E235.13594
G1 X204.152 Y216.52 E235.16876
G1 X203.725 Y216.446 E235.17955
G1 X203.619 Y216.503 E235.18254
G1 X202.951 Y217.167 E235.20598
G1 X201.515 Y217.557 E235.243
G1 X200.047 Y217.129 E235.28105
G1 X198.975 Y216.057 E235.31878
G1 X198.555 Y214.615 E235.35615
G1 X198.948 Y213.235 E235.39185
G1 X199.933 Y212.187 E235.42764
G1 F2700 E234.92764
G0 F15000 X222.632 Y214.285
G1 F2700 E235.42764
G1 F2012.7 X223.019 Y212.994 E235.46117
G1 X224.023 Y211.96 E235.49704
G1 X225.532 Y211.553 E235.53593
G1 X226.044 Y211.662 E235.54895
G1 X227.343 Y211.31 E235.58244
G1 X228.804 Y211.719 E235.62019
G1 X229.801 Y212.757 E235.656
G1 X230.277 Y214.346 E235.69728
G1 X229.857 Y215.797 E235.73486
G1 X228.798 Y216.844 E235.77192
G1 X227.267 Y217.277 E235.81151
G1 X226.589 Y217.092 E235.829
G1 X225.596 Y217.369 E235.85465
G1 X224.249 Y216.992 E235.88945
G1 X223.211 Y215.976 E235.9256
G1 X223.124 Y215.688 E235.93308
G1 X223.014 Y215.567 E235.93715
G1 X222.632 Y214.285 E235.97044
G1 F2700 E235.47044
;MESH:axis.stl
G0 F15000 X222.631 Y218.505
G0 X222.632 Y219.59
G0 X223.37 Y220.142
G0 X222.848 Y219.798
M204 S1250
;TYPE:WALL-INNER
G1 F2700 E235.97044
G1 F2012.7 X222.955 Y219.843 E235.97348
G1 X223.063 Y219.996 E235.97838
G1 X223.131 Y220.28 E235.98603
G1 X223.13 Y221.778 E236.02527
G1 X224.37 Y221.78 E236.05775
G1 X224.37 Y221.2 E236.07294
G1 X224.3 Y220.897 E236.08108
G1 X224.089 Y220.443 E236.0942
G1 X223.773 Y220.098 E236.10645
G1 X223.371 Y219.867 E236.11859
G1 X222.848 Y219.798 E236.13241
M204 S2500
G1 F2700 E235.63241
G0 F15000 X223.37 Y220.142
G0 X222.948 Y219.832
G0 X207.07 Y219.831
G0 X206.443 Y220.031
G0 X206.016 Y219.841
M204 S1250
G1 F2700 E236.13241
G1 F1667.4 X206.544 Y220.419 E236.15716
G1 X206.82 Y220.419 E236.16589
G1 X206.84 Y220.144 E236.17461
G1 X207.15 Y219.841 E236.18831
G1 X206.016 Y219.841 E236.22417
M204 S2500
G0 F15000 X205.21 Y219.378
M204 S1250
;TYPE:WALL-OUTER
G1 F2012.7 X205.21 Y219.646 E236.23119
G1 X206.341 Y220.882 E236.27507
G1 X206.966 Y220.882 E236.29144
G1 X207.188 Y220.79 E236.29773
G1 X207.275 Y220.63 E236.3025
G1 X207.294 Y220.234 E236.31289
G1 F1728.7 X207.452 Y220.001 E236.32147
G1 F1517.7 X222.5 Y220.002 E236.84418
G1 F1732.3 X222.711 Y220.237 E236.85379
G1 F2012.7 X222.71 Y221.932 E236.89819
G1 X222.863 Y222.147 E236.9051
G1 X223.025 Y222.198 E236.90955
G1 X224.463 Y222.201 E236.94721
G1 X224.634 Y222.147 E236.95191
G1 X224.79 Y221.931 E236.95889
G1 X224.79 Y221.152 E236.97929
G1 X224.7 Y220.761 E236.9898
G1 X224.443 Y220.207 E237.0058
G1 X224.039 Y219.766 E237.02146
G1 X223.534 Y219.476 E237.03672
G1 X222.974 Y219.378 E237.05161
G1 F1732.3 X222.5 Y219.446 E237.06618
G1 F1517.7 X207.404 Y219.447 E237.59056
G1 F1728.7 X206.591 Y219.378 E237.61544
G1 F2012.7 X205.21 Y219.378 E237.65161
M204 S2500
G0 F15000 X205.21 Y219.578
G1 F2700 E237.15161
G0 F15000 X205.533 Y219.631
G0 X206.438 Y219.591
G0 X206.437 Y218.506
G0 X206.441 Y211.503
G0 X206.441 Y210.398
G0 X206.012 Y210.161
M204 S1250
;TYPE:WALL-INNER
G1 F2700 E237.65161
G1 F1664.1 X207.208 Y210.162 E237.6895
G1 X206.839 Y209.86 E237.7046
G1 X206.819 Y209.585 E237.71334
G1 X206.543 Y209.586 E237.72208
G1 X206.012 Y210.161 E237.74688
M204 S2500
G1 F2700 E237.24688
G0 F15000 X206.437 Y209.978
G0 X207.07 Y210.176
G0 X222.948 Y210.175
G0 X223.37 Y209.865
G0 X222.931 Y210.193
M204 S1250
G1 F2700 E237.74688
G1 F1984.4 X223.195 Y210.187 E237.75389
G1 F2012.7 X223.371 Y210.138 E237.75868
G1 X223.773 Y209.906 E237.77084
G1 X224.089 Y209.561 E237.78309
G1 X224.3 Y209.107 E237.7962
G1 X224.37 Y208.801 E237.80443
G1 X224.37 Y208.23 E237.81938
G1 X223.13 Y208.23 E237.85186
G1 X223.13 Y209.858 E237.8945
G1 F1984.4 X222.931 Y210.193 E237.90485
M204 S2500
G1 F2700 E237.40485
G0 F15000 X223.37 Y209.865
G0 X222.948 Y210.175
G0 X205.531 Y210.377
G0 X205.21 Y210.626
M204 S1250
;TYPE:WALL-OUTER
G1 F2700 E237.90485
G1 F2012.7 X206.59 Y210.626 E237.941
G1 F1735.8 X207.5 Y210.559 E237.96871
G1 F1515 X222.597 Y210.558 E238.49406
G1 F1704.3 X222.97 Y210.624 E238.50578
G1 F1984.4 X223.273 Y210.601 E238.51385
G1 F2012.7 X223.534 Y210.528 E238.52095
G1 X224.039 Y210.238 E238.5362
G1 X224.443 Y209.797 E238.55187
G1 X224.7 Y209.243 E238.56786
G1 X224.79 Y208.848 E238.57847
G1 X224.79 Y208.072 E238.5988
G1 X224.751 Y207.976 E238.60151
G1 X224.548 Y207.81 E238.60838
G1 X222.951 Y207.81 E238.65021
G1 X222.871 Y207.844 E238.65249
G1 X222.71 Y208.068 E238.65971
G1 X222.71 Y209.768 E238.70424
G1 F1721.7 X222.549 Y210.001 E238.71291
G1 F1515 X207.5 Y210.005 E239.23659
G1 F1735.8 X207.294 Y209.769 E239.24611
G1 F2012.7 X207.249 Y209.297 E239.25853
G1 X207.136 Y209.176 E239.26286
G1 X206.963 Y209.122 E239.26761
G1 X206.34 Y209.122 E239.28393
G1 X205.21 Y210.357 E239.32777
G1 X205.21 Y210.626 E239.33482
M204 S2500
G0 F15000 X205.41 Y210.626
G1 F2700 E238.83482
;MESH:NONMESH
G0 F600 X205.41 Y210.626 Z5.7
G0 F15000 X205.531 Y210.377
G0 X204.335 Y210.409
G0 X200.023 Y212.272
;TIME_ELAPSED:385.402443
;LAYER:37
;note -- min layer time used
;TYPE:SUPPORT
G1 F2700 E239.33482
G1 F2012.1 X201.411 Y211.902 E239.37056
G1 X201.967 Y212.053 E239.3849
G1 X202.079 Y212.036 E239.38772
G1 X202.284 Y211.849 E239.39462
G1 X203.518 Y211.529 E239.42634
G1 X204.024 Y211.652 E239.4393
G1 X204.159 Y211.636 E239.44268
G1 X204.288 Y211.724 E239.44657
G1 X204.999 Y211.726 E239.46426
G1 X205.922 Y211.98 E239.48808
G1 X206.823 Y212.888 E239.51991
G1 X207.176 Y214.012 E239.54922
G1 X206.845 Y215.179 E239.57941
G1 X205.694 Y216.278 E239.61901
G1 X204.428 Y216.602 E239.65152
G1 X204.1 Y216.507 E239.66002
G1 X203.606 Y216.629 E239.67268
G1 X203.047 Y217.179 E239.69219
G1 X201.623 Y217.569 E239.72893
G1 X200.055 Y217.109 E239.76959
G1 X198.991 Y216.045 E239.80703
G1 X198.607 Y214.731 E239.8411
G1 X199.016 Y213.313 E239.87782
G1 X200.023 Y212.272 E239.91386
G1 F2700 E239.41386
G0 F15000 X222.476 Y214.285
G1 F2700 E239.91386
G1 F2012.1 X222.863 Y213.002 E239.9472
G1 X223.859 Y211.98 E239.98271
G1 X225.365 Y211.574 E240.02153
G1 X225.819 Y211.681 E240.03313
G1 X227.235 Y211.298 E240.06963
G1 X228.688 Y211.703 E240.10716
G1 X229.677 Y212.733 E240.1427
G1 X230.173 Y214.386 E240.18564
G1 X229.753 Y215.841 E240.22332
G1 X228.698 Y216.888 E240.26031
G1 X227.167 Y217.318 E240.29987
G1 X226.445 Y217.119 E240.31851
G1 X225.429 Y217.397 E240.34472
G1 X224.093 Y217.024 E240.37923
G1 X223.059 Y216.012 E240.41524
G1 X222.956 Y215.672 E240.42408
G1 X222.862 Y215.566 E240.4276
G1 X222.476 Y214.285 E240.46089
G1 F2700 E239.96089
;MESH:axis.stl
G0 F15000 X222.474 Y218.582
G0 X222.474 Y219.687
G0 X223.384 Y220.215
G0 X222.91 Y219.878
M204 S1250
;TYPE:WALL-INNER
G1 F2700 E240.46089
G1 F2012.1 X223.13 Y220.249 E240.47219
G1 X223.13 Y221.822 E240.51339
G1 X224.37 Y221.822 E240.54587
G1 X224.37 Y221.256 E240.56069
G1 X224.217 Y220.733 E240.57497
G1 X223.929 Y220.304 E240.5885
G1 X223.594 Y220.039 E240.59969
G1 X223.426 Y219.963 E240.60452
G1 X222.91 Y219.878 E240.61821
M204 S2500
G1 F2700 E240.11821
G0 F15000 X223.384 Y220.215
G0 X222.948 Y219.892
G0 X207.07 Y219.893
G0 X206.453 Y220.105
G0 X206.024 Y219.915
M204 S1250
G1 F2700 E240.61821
G1 F1690.2 X206.538 Y220.468 E240.64176
G1 X206.822 Y220.466 E240.65061
G1 X206.842 Y220.211 E240.65859
G1 X207.145 Y219.914 E240.67182
G1 X206.024 Y219.915 E240.70677
M204 S2500
G0 F15000 X205.211 Y219.455
M204 S1250
;TYPE:WALL-OUTER
G1 F2012.1 X205.211 Y219.717 E240.71363
G1 X206.339 Y220.929 E240.757
G1 X207.025 Y220.926 E240.77497
G1 X207.187 Y220.846 E240.7797
G1 X207.272 Y220.69 E240.78435
G1 X207.293 Y220.299 E240.79461
G1 F1738.9 X207.452 Y220.068 E240.80311
G1 F1539.3 X222.5 Y220.067 E241.31831
G1 F1749.7 X222.648 Y220.19 E241.32411
G1 F2012.1 X222.707 Y220.304 E241.32747
G1 X222.71 Y221.984 E241.37147
G1 X222.745 Y222.073 E241.37398
G1 X222.948 Y222.242 E241.38089
G1 X224.531 Y222.242 E241.42236
G1 X224.695 Y222.147 E241.42732
G1 X224.79 Y221.971 E241.43256
G1 X224.79 Y221.208 E241.45254
G1 X224.592 Y220.538 E241.47084
G1 X224.251 Y220.03 E241.48687
G1 X223.8 Y219.672 E241.50195
G1 X223.552 Y219.559 E241.50909
G1 X222.985 Y219.458 E241.52417
G1 F1749.7 X222.5 Y219.521 E241.53891
G1 F1539.3 X207.405 Y219.521 E242.05572
G1 F1738.9 X206.597 Y219.455 E242.08029
G1 F2012.1 X205.211 Y219.455 E242.11659
M204 S2500
G0 F15000 X205.211 Y219.655
G1 F2700 E241.61659
G0 F15000 X205.537 Y219.706
G0 X206.449 Y219.686
G0 X206.449 Y218.581
G0 X206.45 Y211.426
G0 X206.449 Y210.341
G0 X206.014 Y210.089
M204 S1250
;TYPE:WALL-INNER
G1 F2700 E242.11659
G1 F1683.5 X207.202 Y210.089 E242.15378
G1 X206.841 Y209.791 E242.16844
G1 X206.822 Y209.535 E242.17647
G1 X206.538 Y209.536 E242.18536
G1 X206.014 Y210.089 E242.20921
M204 S2500
G1 F2700 E241.70921
G0 F15000 X206.452 Y209.903
G0 X207.07 Y210.114
G0 X222.948 Y210.11
G0 X223.383 Y209.792
G0 X222.906 Y210.13
M204 S1250
G1 F2700 E242.20921
G1 F2012.1 X223.425 Y210.042 E242.223
G1 X223.776 Y209.842 E242.23358
G1 X223.928 Y209.698 E242.23907
G1 X224.217 Y209.27 E242.25259
G1 X224.37 Y208.744 E242.26694
G1 X224.37 Y208.186 E242.28156
G1 X223.131 Y208.187 E242.31401
G1 X223.13 Y209.753 E242.35503
G1 X222.906 Y210.13 E242.36651
M204 S2500
G1 F2700 E241.86651
G0 F15000 X223.383 Y209.792
G0 X222.948 Y210.11
G0 X205.537 Y210.302
G0 X205.21 Y210.55
M204 S1250
;TYPE:WALL-OUTER
G1 F2700 E242.36651
G1 F2012.1 X206.595 Y210.55 E242.40279
G1 F1746.1 X207.5 Y210.486 E242.43017
G1 F1533.7 X222.595 Y210.483 E242.94887
G1 F1735.3 X222.98 Y210.55 E242.96073
G1 F2012.1 X223.552 Y210.446 E242.97596
G1 X224.04 Y210.171 E242.99063
G1 X224.25 Y209.971 E242.99823
G1 X224.592 Y209.466 E243.0142
G1 X224.79 Y208.792 E243.0326
G1 X224.79 Y208.022 E243.05277
G1 X224.752 Y207.933 E243.05531
G1 X224.556 Y207.766 E243.06205
G1 X222.96 Y207.766 E243.10385
G1 X222.802 Y207.856 E243.10862
G1 X222.71 Y208.032 E243.11382
G1 X222.707 Y209.698 E243.15745
G1 F1735.3 X222.548 Y209.933 E243.16607
G1 F1533.7 X207.5 Y209.938 E243.68315
G1 F1746.1 X207.293 Y209.704 E243.69258
G1 F2012.1 X207.25 Y209.242 E243.70473
G1 X207.046 Y209.074 E243.71165
G1 X206.339 Y209.075 E243.73017
G1 X205.703 Y209.746 E243.75439
G1 X205.21 Y210.286 E243.77354
G1 X205.21 Y210.55 E243.78045
M204 S2500
G0 F15000 X205.41 Y210.55
G1 F2700 E243.28045
;MESH:NONMESH
G0 F600 X205.41 Y210.55 Z5.85
G0 F15000 X205.537 Y210.302
G0 X204.335 Y210.334
G0 X200.001 Y212.359
;TIME_ELAPSED:393.085843
;LAYER:38
;note -- min layer time used
;TYPE:SUPPORT
G1 F2700 E243.78045
G1 F2017.1 X201.381 Y211.974 E243.8161
G1 X201.578 Y211.967 E243.82101
G1 X202.239 Y212.152 E243.83809
G1 X202.357 Y212.114 E243.84117
G1 X202.569 Y211.909 E243.84851
G1 X203.798 Y211.589 E243.88011
G1 X204.346 Y211.723 E243.89415
G1 X204.749 Y211.655 E243.90432
G1 X206.198 Y212.048 E243.94168
G1 X207.099 Y212.956 E243.97351
G1 X207.452 Y214.08 E244.00282
G1 X207.125 Y215.247 E244.03298
G1 X205.958 Y216.358 E244.07307
G1 X204.704 Y216.682 E244.1053
G1 X204.332 Y216.575 E244.11493
G1 X203.575 Y216.767 E244.13436
G1 X203.139 Y217.195 E244.14956
G1 X201.726 Y217.581 E244.18601
G1 X200.067 Y217.097 E244.22901
G1 X199.007 Y216.037 E244.26631
G1 X198.623 Y214.724 E244.30035
G1 X199.008 Y213.408 E244.33447
G1 X200.001 Y212.359 E244.37041
G1 F2700 E243.87041
G0 F15000 X222.324 Y214.289
G1 F2700 E244.37041
G1 F2017.1 X222.703 Y213.014 E244.40351
G1 X223.695 Y211.996 E244.43888
G1 X225.193 Y211.589 E244.47751
G1 X225.654 Y211.692 E244.48926
G1 X227.131 Y211.286 E244.52737
G1 X228.576 Y211.691 E244.56472
G1 X229.557 Y212.713 E244.59996
G1 X230.073 Y214.43 E244.64458
G1 X229.653 Y215.881 E244.68216
G1 X228.602 Y216.924 E244.71901
G1 X227.097 Y217.345 E244.75789
G1 X226.333 Y217.126 E244.77767
G1 X225.263 Y217.429 E244.80534
G1 X223.933 Y217.056 E244.83971
G1 X222.906 Y216.052 E244.87545
G1 X222.786 Y215.657 E244.88572
G1 X222.702 Y215.562 E244.88888
G1 X222.324 Y214.289 E244.92192
G1 F2700 E244.42192
;MESH:axis.stl
G0 F15000 X222.324 Y218.652
G0 X222.325 Y219.737
G0 X222.83 Y219.912
G0 X223.383 Y220.284
G0 X222.924 Y219.946
M204 S1250
;TYPE:WALL-INNER
G1 F2700 E244.92192
G1 F2017.1 X223.123 Y220.297 E244.93249
G1 X223.131 Y221.858 E244.97337
G1 X224.37 Y221.861 E245.00583
G1 X224.37 Y221.312 E245.02021
G1 X224.218 Y220.787 E245.03452
G1 X223.95 Y220.396 E245.04694
G1 X223.573 Y220.098 E245.05952
G1 X223.427 Y220.031 E245.06373
G1 X222.924 Y219.946 E245.07709
M204 S2500
G1 F2700 E244.57709
G0 F15000 X223.383 Y220.284
G0 X222.948 Y219.953
G0 X207.07 Y219.954
G0 X206.478 Y220.181
G0 X206.029 Y219.986
M204 S1250
G1 F2700 E245.07709
G1 F1718.4 X206.535 Y220.522 E245.09976
G1 X206.826 Y220.521 E245.1087
G1 X206.844 Y220.278 E245.11619
G1 X207.14 Y219.986 E245.12898
G1 X206.029 Y219.986 E245.16314
M204 S2500
G0 F15000 X205.21 Y219.53
M204 S1250
;TYPE:WALL-OUTER
G1 F2017.1 X205.21 Y219.784 E245.16979
G1 X206.339 Y220.978 E245.21283
G1 X207.04 Y220.977 E245.23119
G1 X207.192 Y220.89 E245.23578
G1 X207.271 Y220.745 E245.2401
G1 X207.293 Y220.361 E245.25018
G1 F1757.6 X207.453 Y220.132 E245.25857
G1 F1560.2 X222.5 Y220.129 E245.76811
G1 F1761.3 X222.649 Y220.251 E245.77389
G1 F2017.1 X222.708 Y220.365 E245.77725
G1 X222.71 Y222.029 E245.82083
G1 X222.745 Y222.12 E245.82339
G1 X222.946 Y222.278 E245.83008
G1 X224.531 Y222.282 E245.8716
G1 X224.705 Y222.181 E245.87687
G1 X224.79 Y222.016 E245.88173
G1 X224.79 Y221.264 E245.90143
G1 X224.592 Y220.591 E245.9198
G1 X224.26 Y220.106 E245.93519
G1 X223.793 Y219.737 E245.95078
G1 X223.553 Y219.627 E245.9577
G1 X222.985 Y219.526 E245.97281
G1 F1761.3 X222.5 Y219.587 E245.98747
G1 F1560.2 X207.406 Y219.592 E246.4986
G1 F1757.6 X206.602 Y219.53 E246.52284
G1 F2017.1 X205.21 Y219.53 E246.5593
M204 S2500
G0 F15000 X205.21 Y219.73
G1 F2700 E246.0593
G0 F15000 X205.55 Y219.781
G0 X206.481 Y219.742
G0 X206.48 Y218.657
G0 X206.481 Y211.35
G0 X206.48 Y210.265
G0 X206.029 Y210.018
M204 S1250
;TYPE:WALL-INNER
G1 F2700 E246.5593
G1 F1718.4 X207.195 Y210.017 E246.59515
G1 X206.844 Y209.726 E246.60917
G1 X206.828 Y209.482 E246.61668
G1 X206.535 Y209.482 E246.62569
G1 X206.029 Y210.018 E246.64835
M204 S2500
G1 F2700 E246.14835
G0 F15000 X206.478 Y209.827
G0 X207.07 Y210.053
G0 X222.948 Y210.057
G0 X223.382 Y209.732
G0 X222.858 Y210.05
M204 S1250
G1 F2700 E246.64835
G1 F2017.1 X223.151 Y210.05 E246.65603
G1 X223.572 Y209.906 E246.66768
G1 X223.95 Y209.608 E246.68029
G1 X224.218 Y209.217 E246.69271
G1 X224.37 Y208.692 E246.70702
G1 X224.37 Y208.142 E246.72143
G1 X223.131 Y208.14 E246.75388
G1 X223.13 Y209.642 E246.79322
G1 X223.055 Y209.909 E246.80048
G1 X222.858 Y210.05 E246.80683
M204 S2500
G1 F2700 E246.30683
G0 F15000 X223.382 Y209.732
G0 X222.948 Y210.057
G0 X205.549 Y210.227
G0 X205.21 Y210.474
M204 S1250
;TYPE:WALL-OUTER
G1 F2700 E246.80683
G1 F2017.1 X206.602 Y210.474 E246.84329
G1 F1765 X207.5 Y210.414 E246.87023
G1 F1568.9 X222.593 Y210.41 E247.3785
G1 F1661.1 X223.185 Y210.475 E247.39744
G1 F1882.6 X223.545 Y210.381 E247.40788
G1 F2017.1 X223.793 Y210.267 E247.41503
G1 X224.26 Y209.898 E247.43062
G1 X224.592 Y209.413 E247.44602
G1 X224.79 Y208.74 E247.46439
G1 X224.79 Y207.977 E247.48438
G1 X224.631 Y207.765 E247.49132
G1 X224.502 Y207.722 E247.49488
G1 X223.03 Y207.719 E247.53343
G1 X222.799 Y207.809 E247.53993
G1 X222.71 Y207.983 E247.54505
G1 X222.706 Y209.651 E247.58874
G1 F1765 X222.547 Y209.874 E247.59693
G1 F1568.9 X207.5 Y209.874 E248.10365
G1 F1765 X207.293 Y209.643 E248.11294
G1 F2017.1 X207.276 Y209.259 E248.12301
G1 X207.196 Y209.118 E248.12725
G1 X207.039 Y209.026 E248.13202
G1 X206.339 Y209.026 E248.15035
G1 X205.21 Y210.22 E248.19339
G1 X205.21 Y210.474 E248.20005
M204 S2500
G0 F15000 X205.41 Y210.474
G1 F2700 E247.70005
;MESH:NONMESH
G0 F600 X205.41 Y210.474 Z6
G0 F15000 X205.549 Y210.227
G0 X204.335 Y210.259
G0 X200.009 Y212.375
;TIME_ELAPSED:400.735186
;LAYER:39
;note -- min layer time used
;TYPE:SUPPORT
G1 F2700 E248.20005
G1 F2018.7 X201.381 Y211.991 E248.2355
G1 X201.63 Y212.054 E248.24189
G1 X201.761 Y212.03 E248.2452
G1 X202.472 Y212.215 E248.26348
G1 X202.62 Y212.189 E248.26722
G1 X202.849 Y211.969 E248.27513
G1 X204.082 Y211.649 E248.30682
G1 X204.65 Y211.786 E248.32136
G1 X204.969 Y211.709 E248.32953
G1 X206.478 Y212.12 E248.36844
G1 X207.379 Y213.028 E248.40027
G1 X207.732 Y214.148 E248.42949
G1 X207.405 Y215.315 E248.45965
G1 X206.226 Y216.438 E248.50016
G1 X204.976 Y216.758 E248.53227
G1 X204.546 Y216.634 E248.5434
G1 X203.639 Y216.869 E248.56672
G1 X203.292 Y217.207 E248.57877
G1 X201.855 Y217.59 E248.61578
G1 X200.071 Y217.077 E248.66197
G1 X199.023 Y216.029 E248.69885
G1 X198.639 Y214.724 E248.73269
G1 X199.024 Y213.416 E248.76662
G1 X200.009 Y212.375 E248.80228
G1 F2700 E248.30228
G0 F15000 X222.168 Y214.289
G1 F2700 E248.80228
G1 F2018.7 X222.547 Y213.026 E248.83509
G1 X223.531 Y212.016 E248.87018
G1 X225.016 Y211.614 E248.90846
G1 X225.457 Y211.732 E248.91982
G1 X225.577 Y211.715 E248.92284
G1 X225.662 Y211.648 E248.92553
G1 X227.027 Y211.274 E248.96075
G1 X228.46 Y211.675 E248.99777
G1 X229.437 Y212.693 E249.03288
G1 X229.831 Y214.006 E249.06699
G1 X229.965 Y214.49 E249.07949
G1 X229.557 Y215.917 E249.11642
G1 X228.519 Y216.944 E249.15275
G1 X226.981 Y217.373 E249.19248
G1 X226.196 Y217.15 E249.21279
G1 X225.096 Y217.457 E249.24121
G1 X223.777 Y217.088 E249.27529
G1 X222.757 Y216.094 E249.31072
G1 X222.643 Y215.905 E249.31622
G1 X222.28 Y214.793 E249.34532
G1 X222.288 Y214.705 E249.34752
G1 X222.168 Y214.289 E249.3583
G1 F2700 E248.8583
;MESH:axis.stl
G0 F15000 X222.167 Y218.72
G0 X222.168 Y219.805
G0 X222.87 Y219.985
G0 X223.383 Y220.351
G0 X222.953 Y220.015
M204 S1250
;TYPE:WALL-INNER
G1 F2700 E249.3583
G1 F2018.7 X223.13 Y220.357 E249.36838
G1 X223.13 Y221.894 E249.40864
G1 X224.37 Y221.897 E249.44112
G1 X224.37 Y221.354 E249.45534
G1 X224.302 Y221.069 E249.46301
G1 X224.087 Y220.625 E249.47594
G1 X223.785 Y220.302 E249.48752
G1 X223.402 Y220.095 E249.49892
G1 X222.953 Y220.015 E249.51087
M204 S2500
G1 F2700 E249.01087
G0 F15000 X223.383 Y220.351
G0 X222.948 Y220.005
G0 X207.07 Y220.005
G0 X206.493 Y220.245
G0 X206.038 Y220.047
M204 S1250
G1 F2700 E249.51087
G1 F1741 X206.538 Y220.573 E249.53291
G1 X206.83 Y220.573 E249.54178
G1 X206.847 Y220.334 E249.54905
G1 X207.138 Y220.046 E249.56149
G1 X206.038 Y220.047 E249.59489
M204 S2500
G0 F15000 X205.21 Y219.594
M204 S1250
;TYPE:WALL-OUTER
G1 F2018.7 X205.21 Y219.832 E249.60113
G1 X206.343 Y221.026 E249.64424
G1 X206.966 Y221.026 E249.66056
G1 X207.135 Y220.977 E249.66517
G1 X207.271 Y220.806 E249.67089
G1 X207.293 Y220.414 E249.68117
G1 F1766.4 X207.454 Y220.186 E249.68953
G1 F1581.8 X222.5 Y220.185 E250.19246
G1 F1777.5 X222.651 Y220.304 E250.19818
G1 F2018.7 X222.707 Y220.414 E250.20142
G1 X222.71 Y222.064 E250.24463
G1 X222.864 Y222.277 E250.25152
G1 X222.975 Y222.314 E250.25458
G1 X224.471 Y222.318 E250.29377
G1 X224.637 Y222.272 E250.29828
G1 X224.79 Y222.063 E250.30506
G1 X224.79 Y221.305 E250.32492
G1 X224.7 Y220.927 E250.33509
G1 X224.437 Y220.385 E250.35087
G1 X224.045 Y219.965 E250.36592
G1 X223.542 Y219.693 E250.3809
G1 X222.985 Y219.594 E250.39572
G1 F1777.5 X222.5 Y219.651 E250.41024
G1 F1581.8 X207.408 Y219.653 E250.91471
G1 F1766.4 X206.607 Y219.594 E250.93876
G1 F2018.7 X205.21 Y219.594 E250.97535
M204 S2500
G0 F15000 X205.21 Y219.794
G1 F2700 E250.47535
G0 F15000 X205.561 Y219.845
G0 X206.492 Y219.806
G0 X206.491 Y218.721
G0 X206.494 Y211.288
G0 X206.494 Y210.183
G0 X206.039 Y209.956
M204 S1250
;TYPE:WALL-INNER
G1 F2700 E250.97535
G1 F1737.4 X207.187 Y209.955 E251.01028
G1 X206.846 Y209.67 E251.02381
G1 X206.829 Y209.435 E251.03098
G1 X206.533 Y209.434 E251.03999
G1 X206.039 Y209.956 E251.06186
M204 S2500
G1 F2700 E250.56186
G0 F15000 X206.491 Y209.763
G0 X207.07 Y210.002
G0 X222.948 Y210.004
G0 X223.383 Y209.656
G0 X222.953 Y209.99
M204 S1250
G1 F2700 E251.06186
G1 F2018.7 X223.402 Y209.908 E251.07381
G1 X223.785 Y209.702 E251.08521
G1 X224.087 Y209.379 E251.09679
G1 X224.302 Y208.935 E251.10971
G1 X224.37 Y208.65 E251.11738
G1 X224.37 Y208.103 E251.13171
G1 X223.13 Y208.105 E251.16419
G1 X223.131 Y209.651 E251.20468
G1 X222.953 Y209.99 E251.21471
M204 S2500
G1 F2700 E250.71471
G0 F15000 X223.383 Y209.656
G0 X222.948 Y210.004
G0 X205.561 Y210.163
G0 X205.21 Y210.41
M204 S1250
;TYPE:WALL-OUTER
G1 F2700 E251.21471
G1 F2018.7 X206.606 Y210.41 E251.25128
G1 F1781.2 X207.5 Y210.353 E251.27787
G1 F1584.8 X222.592 Y210.352 E251.7814
G1 F1744.6 X222.984 Y210.403 E251.79338
G1 F1985.6 X223.542 Y210.31 E251.80844
G1 F2018.7 X224.045 Y210.039 E251.82341
G1 X224.437 Y209.619 E251.83846
G1 X224.7 Y209.077 E251.85423
G1 X224.79 Y208.699 E251.86441
G1 X224.79 Y207.944 E251.88419
G1 X224.635 Y207.731 E251.89109
G1 X224.466 Y207.682 E251.8957
G1 X223.004 Y207.686 E251.93399
G1 X222.862 Y207.729 E251.93788
G1 X222.71 Y207.937 E251.94462
G1 X222.708 Y209.594 E251.98802
G1 F1773.8 X222.546 Y209.821 E251.99634
G1 F1584.8 X207.5 Y209.819 E252.49833
G1 F1781.2 X207.293 Y209.59 E252.5075
G1 F2018.7 X207.251 Y209.144 E252.51923
G1 X207.133 Y209.02 E252.52371
G1 X207.014 Y208.982 E252.52699
G1 X206.338 Y208.979 E252.54469
G1 X205.21 Y210.172 E252.5877
G1 X205.21 Y210.41 E252.59393
M204 S2500
G0 F15000 X205.41 Y210.41
G1 F2700 E252.09393
;MESH:NONMESH
G0 F600 X205.41 Y210.41 Z6.15
G0 F15000 X205.561 Y210.163
G0 X204.335 Y210.195
G0 X200.025 Y212.391
;TIME_ELAPSED:408.370194
;LAYER:40
;note -- min layer time used
;TYPE:SUPPORT
G1 F2700 E252.59393
G1 F2025.8 X201.381 Y212.01 E252.62898
G1 X201.776 Y212.117 E252.63916
G1 X202.156 Y212.109 E252.64862
G1 X202.789 Y212.285 E252.66497
G1 X202.903 Y212.25 E252.66793
G1 X203.133 Y212.029 E252.67587
G1 X204.366 Y211.709 E252.70757
G1 X204.944 Y211.85 E252.72237
G1 X205.249 Y211.778 E252.73017
G1 X206.758 Y212.188 E252.76908
G1 X207.659 Y213.096 E252.80091
G1 X208.012 Y214.22 E252.83022
G1 X207.681 Y215.383 E252.86031
G1 X206.49 Y216.522 E252.90132
G1 X205.248 Y216.838 E252.9332
G1 X204.794 Y216.707 E252.94496
G1 X204.025 Y216.903 E252.96471
G1 X203.893 Y216.878 E252.96805
G1 X203.77 Y216.922 E252.9713
G1 X203.46 Y217.223 E252.98205
G1 X202.096 Y217.591 E253.01721
G1 X201.859 Y217.572 E253.02312
G1 X200.083 Y217.061 E253.06911
G1 X199.039 Y216.017 E253.10585
G1 X198.659 Y214.723 E253.1394
G1 X199.036 Y213.432 E253.17287
G1 X200.025 Y212.391 E253.2086
G1 F2700 E252.7086
G0 F15000 X222.012 Y214.291
G1 F2700 E253.2086
G1 F2025.8 X222.387 Y213.038 E253.24114
G1 X223.367 Y212.032 E253.27609
G1 X224.839 Y211.634 E253.31403
G1 X225.313 Y211.764 E253.32626
G1 X225.444 Y211.743 E253.32956
G1 X225.566 Y211.631 E253.33368
G1 X226.919 Y211.262 E253.36858
G1 X228.344 Y211.663 E253.40541
G1 X229.313 Y212.669 E253.44017
G1 X229.857 Y214.505 E253.48782
G1 X229.441 Y215.937 E253.52492
G1 X228.407 Y216.96 E253.56112
G1 X226.889 Y217.385 E253.60034
G1 X226.097 Y217.161 E253.62082
G1 X224.928 Y217.489 E253.65103
G1 X223.623 Y217.123 E253.68476
G1 X222.341 Y215.905 E253.72876
G1 X222.004 Y214.795 E253.75762
G1 X222.074 Y214.541 E253.76418
G1 X222.012 Y214.291 E253.77059
G1 F2700 E253.27059
;MESH:axis.stl
G0 F15000 X222.01 Y218.779
G0 X222.01 Y219.884
G0 X222.948 Y220.05
G0 X223.384 Y220.407
G0 X222.962 Y220.078
M204 S1250
;TYPE:WALL-INNER
G1 F2700 E253.77059
G1 F2025.8 X223.131 Y220.412 E253.78039
G1 X223.131 Y221.934 E253.82026
G1 X224.37 Y221.937 E253.85271
G1 X224.37 Y221.397 E253.86685
G1 X224.303 Y221.109 E253.8746
G1 X224.092 Y220.68 E253.88712
G1 X223.787 Y220.359 E253.89872
G1 X223.407 Y220.152 E253.91005
G1 X222.962 Y220.078 E253.92187
M204 S2500
G1 F2700 E253.42187
G0 F15000 X223.384 Y220.407
G0 X222.948 Y220.05
G0 X207.071 Y220.05
G0 X206.501 Y220.302
G0 X206.041 Y220.103
M204 S1250
G1 F2700 E253.92187
G1 F1750.7 X206.533 Y220.617 E253.94343
G1 X206.83 Y220.617 E253.95243
G1 X206.846 Y220.386 E253.95945
G1 X207.129 Y220.102 E253.9716
G1 X206.041 Y220.103 E254.00458
M204 S2500
G0 F15000 X205.21 Y219.65
M204 S1250
;TYPE:WALL-OUTER
G1 F2025.8 X205.21 Y219.888 E254.01081
G1 X206.338 Y221.07 E254.05361
G1 X206.987 Y221.07 E254.07061
G1 X207.192 Y220.983 E254.07644
G1 X207.272 Y220.837 E254.0808
G1 X207.293 Y220.461 E254.09066
G1 F1787.4 X207.454 Y220.233 E254.09895
G1 F1605.3 X222.5 Y220.233 E254.59625
G1 F1798.8 X222.651 Y220.349 E254.60187
G1 F2025.8 X222.708 Y220.462 E254.60518
G1 X222.711 Y222.1 E254.64809
G1 X222.861 Y222.306 E254.65476
G1 X223.016 Y222.354 E254.65901
G1 X224.468 Y222.358 E254.69704
G1 X224.636 Y222.306 E254.70165
G1 X224.79 Y222.099 E254.70841
G1 X224.79 Y221.349 E254.72805
G1 X224.701 Y220.967 E254.73833
G1 X224.441 Y220.438 E254.75376
G1 X224.046 Y220.021 E254.76881
G1 X223.546 Y219.75 E254.78371
G1 X222.978 Y219.654 E254.79879
G1 F1798.8 X222.5 Y219.707 E254.81298
G1 F1605.3 X207.409 Y219.706 E255.31177
G1 F1787.4 X206.607 Y219.651 E255.33563
G1 F2025.8 X205.21 Y219.65 E255.37223
M204 S2500
G0 F15000 X205.21 Y219.85
G1 F2700 E254.87223
G0 F15000 X205.565 Y219.902
G0 X206.497 Y219.883
G0 X206.497 Y218.778
G0 X206.498 Y211.229
G0 X206.497 Y210.144
G0 X206.041 Y209.901
M204 S1250
;TYPE:WALL-INNER
G1 F2700 E255.37223
G1 F1750.7 X207.181 Y209.901 E255.40678
G1 X206.846 Y209.619 E255.42005
G1 X206.83 Y209.387 E255.4271
G1 X206.533 Y209.387 E255.4361
G1 X206.041 Y209.901 E255.45766
M204 S2500
G1 F2700 E254.95766
G0 F15000 X206.5 Y209.706
G0 X207.071 Y209.957
G0 X222.948 Y209.951
G0 X223.384 Y209.601
G0 X222.953 Y209.932
M204 S1250
G1 F2700 E255.45766
G1 F2025.8 X223.409 Y209.852 E255.46979
G1 X223.786 Y209.646 E255.48104
G1 X224.092 Y209.324 E255.49268
G1 X224.302 Y208.895 E255.50519
G1 X224.37 Y208.603 E255.51304
G1 X224.37 Y208.07 E255.527
G1 X223.13 Y208.07 E255.55948
G1 X223.13 Y209.592 E255.59934
G1 X222.953 Y209.932 E255.60938
M204 S2500
G1 F2700 E255.10938
G0 F15000 X223.384 Y209.601
G0 X222.948 Y209.951
G0 X205.565 Y210.106
G0 X205.21 Y210.354
M204 S1250
;TYPE:WALL-OUTER
G1 F2700 E255.60938
G1 F2025.8 X206.607 Y210.354 E255.64597
G1 F1795 X207.5 Y210.3 E255.67242
G1 F1599.3 X222.592 Y210.296 E256.17313
G1 F1750.7 X222.977 Y210.346 E256.18489
G1 F1987.9 X223.549 Y210.254 E256.20036
G1 F2025.8 X224.046 Y209.983 E256.21518
G1 X224.441 Y209.566 E256.23023
G1 X224.7 Y209.037 E256.24566
G1 X224.79 Y208.651 E256.25604
G1 X224.79 Y207.905 E256.27558
G1 X224.627 Y207.685 E256.28275
G1 X224.545 Y207.65 E256.28508
G1 X222.951 Y207.65 E256.32683
G1 X222.748 Y207.812 E256.33364
G1 X222.71 Y207.905 E256.33627
G1 X222.708 Y209.536 E256.37899
G1 F1780 X222.546 Y209.765 E256.38735
G1 F1599.3 X207.5 Y209.772 E256.88653
G1 F1795 X207.293 Y209.543 E256.89566
G1 F2025.8 X207.252 Y209.105 E256.90718
G1 X207.13 Y208.98 E256.91175
G1 X206.987 Y208.934 E256.91569
G1 X206.338 Y208.934 E256.93269
G1 X205.21 Y210.116 E256.97548
G1 X205.21 Y210.354 E256.98171
M204 S2500
G0 F15000 X205.41 Y210.354
G1 F2700 E256.48171
;MESH:NONMESH
G0 F600 X205.41 Y210.354 Z6.3
G0 F15000 X205.565 Y210.106
G0 X204.335 Y210.138
G0 X200.033 Y212.407
;TIME_ELAPSED:415.998890
;LAYER:41
;note -- min layer time used
;TYPE:SUPPORT
G1 F2700 E256.98171
G1 F2034.1 X201.381 Y212.03 E257.01654
G1 X201.918 Y212.179 E257.03041
G1 X202.113 Y212.133 E257.0354
G1 X202.271 Y212.144 E257.03934
G1 X203.053 Y212.365 E257.05956
G1 X203.153 Y212.337 E257.06214
G1 X203.413 Y212.089 E257.07108
G1 X204.65 Y211.769 E257.10287
G1 X205.238 Y211.915 E257.11795
G1 X205.53 Y211.846 E257.12542
G1 X207.038 Y212.256 E257.1643
G1 X207.939 Y213.164 E257.19613
G1 X208.292 Y214.288 E257.22545
G1 X207.965 Y215.447 E257.25541
G1 X206.743 Y216.606 E257.29732
G1 X205.52 Y216.918 E257.32872
G1 X205.055 Y216.783 E257.34077
G1 X204.303 Y216.975 E257.36008
G1 X204.037 Y216.91 E257.3669
G1 X203.893 Y216.952 E257.37063
G1 X203.619 Y217.219 E257.38015
G1 X202.201 Y217.603 E257.41671
G1 X201.817 Y217.546 E257.42636
G1 X200.095 Y217.049 E257.47096
G1 X199.055 Y216.009 E257.50756
G1 X198.675 Y214.723 E257.54093
G1 X199.052 Y213.44 E257.5742
G1 X200.033 Y212.407 E257.60965
G1 F2700 E257.10965
G0 F15000 X221.72 Y214.803
G1 F2700 E257.60965
G1 F2034.1 X221.853 Y214.309 E257.62238
G1 X222.231 Y213.046 E257.65518
G1 X223.203 Y212.048 E257.68985
G1 X224.667 Y211.654 E257.72757
G1 X225.18 Y211.793 E257.7408
G1 X225.316 Y211.765 E257.74425
G1 X225.465 Y211.62 E257.74942
G1 X226.811 Y211.25 E257.78416
G1 X228.228 Y211.647 E257.82078
G1 X229.193 Y212.649 E257.85539
G1 X229.572 Y213.924 E257.88849
G1 X229.568 Y213.991 E257.89016
G1 X229.729 Y214.533 E257.90423
G1 X229.317 Y215.953 E257.94102
G1 X228.287 Y216.972 E257.97707
G1 X226.781 Y217.393 E258.01598
G1 X225.997 Y217.174 E258.03623
G1 X224.765 Y217.517 E258.06806
G1 X223.461 Y217.152 E258.10175
G1 X223.16 Y216.86 E258.11219
G1 X223.003 Y216.807 E258.11631
G1 X222.061 Y215.909 E258.14869
G1 X221.72 Y214.803 E258.17749
G1 F2700 E257.67749
;MESH:axis.stl
G0 F15000 X221.72 Y218.831
G0 X221.721 Y219.916
G0 X222.948 Y220.095
G0 X223.384 Y220.461
G0 X222.967 Y220.126
M204 S1250
;TYPE:WALL-INNER
G1 F2700 E258.17749
G1 F2034.1 X223.131 Y220.458 E258.18719
G1 X223.13 Y221.966 E258.22669
G1 X224.37 Y221.966 E258.25917
G1 X224.37 Y221.44 E258.27294
G1 X224.225 Y220.941 E258.28655
G1 X223.938 Y220.531 E258.29966
G1 X223.818 Y220.425 E258.30386
G1 X223.402 Y220.204 E258.31619
G1 X222.967 Y220.126 E258.32777
M204 S2500
G1 F2700 E257.82777
G0 F15000 X223.384 Y220.461
G0 X222.948 Y220.095
G0 X207.071 Y220.095
G0 X206.516 Y220.358
G0 X206.044 Y220.156
M204 S1250
G1 F2700 E258.32777
G1 F1776.2 X206.527 Y220.656 E258.34862
G1 X206.833 Y220.656 E258.3578
G1 X206.848 Y220.434 E258.36448
G1 X207.125 Y220.155 E258.37627
G1 X206.044 Y220.156 E258.4087
M204 S2500
G0 F15000 X205.211 Y219.707
M204 S1250
;TYPE:WALL-OUTER
G1 F2034.1 X205.211 Y219.943 E258.41488
G1 X206.337 Y221.106 E258.45728
G1 X207.035 Y221.106 E258.47556
G1 X207.196 Y221.011 E258.48046
G1 X207.272 Y220.876 E258.48451
G1 X207.292 Y220.506 E258.49422
G1 F1802.4 X207.455 Y220.28 E258.50246
G1 F1624.2 X222.5 Y220.278 E258.99597
G1 F1810 X222.653 Y220.395 E259.00164
G1 F2034.1 X222.708 Y220.506 E259.00489
G1 X222.711 Y222.136 E259.04758
G1 X222.745 Y222.223 E259.05003
G1 X222.954 Y222.386 E259.05697
G1 X224.471 Y222.386 E259.0967
G1 X224.638 Y222.34 E259.10124
G1 X224.79 Y222.135 E259.10793
G1 X224.79 Y221.392 E259.12739
G1 X224.597 Y220.741 E259.14517
G1 X224.254 Y220.249 E259.16088
G1 X224.059 Y220.078 E259.16767
G1 X223.542 Y219.802 E259.18302
G1 X222.985 Y219.702 E259.19785
G1 F1810 X222.5 Y219.754 E259.2122
G1 F1624.2 X207.41 Y219.758 E259.7072
G1 F1802.4 X206.611 Y219.705 E259.73087
G1 F2034.1 X205.211 Y219.707 E259.76754
M204 S2500
G0 F15000 X205.211 Y219.907
G1 F2700 E259.26754
G0 F15000 X205.571 Y219.957
G0 X206.517 Y219.919
G0 X206.516 Y218.834
G0 X206.516 Y211.173
G0 X206.515 Y210.088
G0 X206.043 Y209.848
M204 S1250
;TYPE:WALL-INNER
G1 F2700 E259.76754
G1 F1776.2 X207.177 Y209.847 E259.80155
G1 X206.848 Y209.568 E259.81449
G1 X206.833 Y209.348 E259.82111
G1 X206.528 Y209.349 E259.83026
G1 X206.043 Y209.848 E259.85113
M204 S2500
G1 F2700 E259.35113
G0 F15000 X206.515 Y209.65
G0 X207.071 Y209.911
G0 X222.948 Y209.912
G0 X223.378 Y209.529
G0 X222.9 Y209.874
M204 S1250
G1 F2700 E259.85113
G1 F2034.1 X223.13 Y209.874 E259.85715
G1 X223.632 Y209.701 E259.87106
G1 X223.772 Y209.611 E259.87542
G1 X224.097 Y209.277 E259.88763
G1 X224.302 Y208.856 E259.89989
G1 X224.37 Y208.563 E259.90777
G1 X224.37 Y208.038 E259.92152
G1 X223.13 Y208.038 E259.954
G1 X223.13 Y209.464 E259.99135
G1 X223.054 Y209.765 E259.99948
G1 X222.9 Y209.874 E260.00442
M204 S2500
G1 F2700 E259.50442
G0 F15000 X223.378 Y209.529
G0 X222.948 Y209.912
G0 X205.571 Y210.051
G0 X205.21 Y210.298
M204 S1250
;TYPE:WALL-OUTER
G1 F2700 E260.00442
G1 F2034.1 X206.611 Y210.298 E260.04112
G1 F1810 X207.5 Y210.246 E260.06733
G1 F1630.4 X222.59 Y210.243 E260.56044
G1 F1715.5 X223.182 Y210.3 E260.57891
G1 F1915.6 X223.816 Y210.081 E260.59757
G1 F2034.1 X224.038 Y209.939 E260.60447
G1 X224.445 Y209.521 E260.61975
G1 X224.7 Y208.997 E260.63502
G1 X224.79 Y208.611 E260.6454
G1 X224.79 Y207.869 E260.66483
G1 X224.753 Y207.779 E260.66738
G1 X224.551 Y207.618 E260.67415
G1 X222.951 Y207.618 E260.71606
G1 X222.748 Y207.778 E260.72283
G1 X222.71 Y207.869 E260.72541
G1 X222.71 Y209.537 E260.7691
G1 F1810 X222.545 Y209.723 E260.77642
G1 F1630.4 X207.5 Y209.722 E261.26806
G1 F1810 X207.292 Y209.495 E261.27712
G1 F2034.1 X207.252 Y209.064 E261.28846
G1 X207.054 Y208.898 E261.29523
G1 X206.338 Y208.899 E261.31398
G1 X205.21 Y210.061 E261.3564
G1 X205.21 Y210.298 E261.36261
M204 S2500
G0 F15000 X205.41 Y210.298
G1 F2700 E260.86261
;MESH:NONMESH
G0 F600 X205.41 Y210.298 Z6.45
G0 F15000 X205.571 Y210.051
G0 X204.335 Y210.082
G0 X200.041 Y212.423
;TIME_ELAPSED:423.625281
;LAYER:42
;note -- min layer time used
;TYPE:SUPPORT
G1 F2700 E261.36261
G1 F2039.6 X201.381 Y212.047 E261.39724
G1 X202.042 Y212.231 E261.41431
G1 X202.303 Y212.166 E261.421
G1 X203.3 Y212.442 E261.44674
G1 X203.42 Y212.418 E261.44979
G1 X203.697 Y212.149 E261.4594
G1 X204.934 Y211.829 E261.49119
G1 X205.516 Y211.973 E261.50611
G1 X205.806 Y211.914 E261.51347
G1 X207.318 Y212.324 E261.55245
G1 X208.219 Y213.232 E261.58428
G1 X208.572 Y214.355 E261.61357
G1 X208.241 Y215.515 E261.64359
G1 X207.014 Y216.686 E261.68579
G1 X205.789 Y216.998 E261.71725
G1 X205.279 Y216.867 E261.73035
G1 X204.578 Y217.046 E261.74835
G1 X204.182 Y216.94 E261.75855
G1 X204.06 Y216.956 E261.76161
G1 X203.788 Y217.203 E261.77076
G1 X202.359 Y217.587 E261.80758
G1 X201.96 Y217.498 E261.81775
G1 X201.82 Y217.525 E261.8213
G1 X200.099 Y217.029 E261.86586
G1 X199.071 Y216.001 E261.90204
G1 X198.695 Y214.723 E261.93518
G1 X199.068 Y213.448 E261.96824
G1 X200.041 Y212.423 E262.00341
G1 F2700 E261.50341
G0 F15000 X221.44 Y214.804
G1 F2700 E262.00341
G1 F2039.6 X221.778 Y213.692 E262.03232
G1 X221.919 Y213.545 E262.03739
G1 X222.075 Y213.058 E262.05012
G1 X223.035 Y212.068 E262.08443
G1 X224.495 Y211.674 E262.12206
G1 X225.057 Y211.827 E262.13655
G1 X225.168 Y211.797 E262.13941
G1 X225.368 Y211.604 E262.14633
G1 X226.707 Y211.238 E262.18087
G1 X228.111 Y211.631 E262.21715
G1 X229.065 Y212.629 E262.2515
G1 X229.442 Y213.881 E262.28404
G1 X229.431 Y213.983 E262.28659
G1 X229.601 Y214.557 E262.30149
G1 X229.189 Y215.973 E262.33818
G1 X228.167 Y216.984 E262.37395
G1 X226.669 Y217.401 E262.41264
G1 X225.896 Y217.186 E262.43261
G1 X224.597 Y217.549 E262.46617
G1 X223.305 Y217.184 E262.49958
G1 X222.981 Y216.885 E262.51055
G1 X222.723 Y216.811 E262.51722
G1 X221.777 Y215.913 E262.54968
G1 X221.44 Y214.804 E262.57852
G1 F2700 E262.07852
;MESH:axis.stl
G0 F15000 X221.439 Y218.881
G0 X221.44 Y219.966
G0 X222.948 Y220.139
G0 X223.384 Y220.507
G0 X222.971 Y220.179
M204 S1250
;TYPE:WALL-INNER
G1 F2700 E262.57852
G1 F2039.6 X223.124 Y220.494 E262.58769
G1 X223.131 Y221.994 E262.62698
G1 X224.37 Y221.994 E262.65943
G1 X224.37 Y221.47 E262.67316
G1 X224.303 Y221.188 E262.68075
G1 X224.094 Y220.768 E262.69304
G1 X223.792 Y220.455 E262.70443
G1 X223.411 Y220.253 E262.71573
G1 X222.971 Y220.179 E262.72741
M204 S2500
G1 F2700 E262.22741
G0 F15000 X223.384 Y220.507
G0 X222.948 Y220.139
G0 X207.072 Y220.139
G0 X206.531 Y220.406
G0 X206.054 Y220.205
M204 S1250
G1 F2700 E262.72741
G1 F1803.4 X206.526 Y220.691 E262.74748
G1 X206.836 Y220.691 E262.75666
G1 X206.851 Y220.48 E262.76293
G1 X207.123 Y220.204 E262.77441
G1 X206.054 Y220.205 E262.80607
M204 S2500
G0 F15000 X205.21 Y219.758
M204 S1250
;TYPE:WALL-OUTER
G1 F2039.6 X205.21 Y219.978 E262.81184
G1 X206.337 Y221.138 E262.8542
G1 X207.037 Y221.138 E262.87253
G1 X207.198 Y221.048 E262.87736
G1 X207.272 Y220.919 E262.88126
G1 X207.292 Y220.55 E262.89094
G1 F1814.9 X207.455 Y220.326 E262.89909
G1 F1641.1 X222.5 Y220.324 E263.38886
G1 F1822.6 X222.652 Y220.438 E263.39443
G1 F2039.6 X222.708 Y220.554 E263.3978
G1 X222.71 Y222.167 E263.44005
G1 X222.747 Y222.257 E263.4426
G1 X222.948 Y222.414 E263.44928
G1 X224.55 Y222.414 E263.49124
G1 X224.753 Y222.257 E263.49796
G1 X224.79 Y222.167 E263.50051
G1 X224.79 Y221.421 E263.52005
G1 X224.701 Y221.044 E263.53019
G1 X224.442 Y220.523 E263.54543
G1 X224.048 Y220.115 E263.56029
G1 X223.547 Y219.85 E263.57514
G1 X222.978 Y219.754 E263.59025
G1 F1822.6 X222.5 Y219.804 E263.60434
G1 F1641.1 X207.41 Y219.808 E264.09557
G1 F1814.9 X206.616 Y219.758 E264.11898
G1 F2039.6 X205.21 Y219.758 E264.15581
M204 S2500
G0 F15000 X205.21 Y219.958
G1 F2700 E263.65581
G0 F15000 X205.583 Y220.006
G0 X206.531 Y219.968
G0 X206.53 Y218.883
G0 X206.533 Y211.126
G0 X206.533 Y210.021
G0 X206.053 Y209.802
M204 S1250
;TYPE:WALL-INNER
G1 F2700 E264.15581
G1 F1799.6 X207.177 Y209.801 E264.18918
G1 X206.85 Y209.525 E264.20188
G1 X206.836 Y209.314 E264.20816
G1 X206.527 Y209.314 E264.21733
G1 X206.053 Y209.802 E264.23752
M204 S2500
G1 F2700 E263.73752
G0 F15000 X206.53 Y209.602
G0 X207.071 Y209.867
G0 X222.948 Y209.875
G0 X223.384 Y209.5
G0 X222.973 Y209.825
M204 S1250
G1 F2700 E264.23752
G1 F2039.6 X223.411 Y209.751 E264.24916
G1 X223.792 Y209.55 E264.26044
G1 X224.094 Y209.236 E264.27185
G1 X224.302 Y208.817 E264.2841
G1 X224.37 Y208.531 E264.2918
G1 X224.37 Y208.006 E264.30556
G1 X223.13 Y208.007 E264.33803
G1 X223.125 Y209.512 E264.37745
G1 X222.973 Y209.825 E264.38657
M204 S2500
G1 F2700 E263.88657
G0 F15000 X223.384 Y209.5
G0 X222.948 Y209.875
G0 X205.583 Y210.002
G0 X205.21 Y210.25
M204 S1250
;TYPE:WALL-OUTER
G1 F2700 E264.38657
G1 F2039.6 X206.616 Y210.25 E264.42339
G1 F1822.6 X207.5 Y210.199 E264.44935
G1 F1641.1 X222.59 Y210.199 E264.94058
G1 F1792.1 X222.978 Y210.244 E264.95222
G1 F2010.9 X223.547 Y210.154 E264.96753
G1 F2039.6 X224.048 Y209.89 E264.98236
G1 X224.442 Y209.481 E264.99723
G1 X224.7 Y208.96 E265.01246
G1 X224.79 Y208.579 E265.02271
G1 X224.79 Y207.837 E265.04215
G1 X224.753 Y207.747 E265.0447
G1 X224.545 Y207.586 E265.05159
G1 X223.025 Y207.586 E265.0914
G1 X222.862 Y207.632 E265.09584
G1 X222.71 Y207.833 E265.10244
G1 X222.709 Y209.454 E265.14489
G1 F2010.9 X222.657 Y209.573 E265.14834
G1 F1792.1 X222.545 Y209.682 E265.153
G1 F1641.1 X207.5 Y209.677 E265.64277
G1 F1822.6 X207.292 Y209.451 E265.65177
G1 F2039.6 X207.252 Y209.021 E265.66308
G1 X207.053 Y208.866 E265.66969
G1 X206.337 Y208.866 E265.68844
G1 X205.21 Y210.026 E265.7308
G1 X205.21 Y210.25 E265.73667
M204 S2500
G0 F15000 X205.41 Y210.25
G1 F2700 E265.23667
;MESH:NONMESH
G0 F600 X205.41 Y210.25 Z6.6
G0 F15000 X205.583 Y210.002
G0 X204.335 Y210.033
G0 X200.053 Y212.439
;TIME_ELAPSED:431.250087
;LAYER:43
;note -- min layer time used
;TYPE:SUPPORT
G1 F2700 E265.73667
G1 F2050.7 X201.381 Y212.063 E265.77101
G1 X202.153 Y212.277 E265.79095
G1 X202.479 Y212.203 E265.79927
G1 X203.577 Y212.506 E265.82761
G1 X203.722 Y212.465 E265.83136
G1 X203.98 Y212.209 E265.8404
G1 X205.214 Y211.889 E265.87212
G1 X205.82 Y212.038 E265.88765
G1 X206.086 Y211.982 E265.89441
G1 X207.598 Y212.389 E265.93338
G1 X208.499 Y213.296 E265.96519
G1 X208.852 Y214.42 E265.9945
G1 X208.521 Y215.587 E266.02469
G1 X207.29 Y216.766 E266.0671
G1 X206.06 Y217.078 E266.09868
G1 X205.537 Y216.943 E266.11212
G1 X204.854 Y217.115 E266.12964
G1 X204.286 Y216.964 E266.14427
G1 X203.97 Y217.188 E266.1539
G1 X202.559 Y217.575 E266.19031
G1 X202.067 Y217.46 E266.20288
G1 X201.821 Y217.509 E266.20912
G1 X200.107 Y217.013 E266.25352
G1 X199.087 Y215.993 E266.28942
G1 X198.711 Y214.723 E266.32237
G1 X199.084 Y213.456 E266.35524
G1 X200.053 Y212.439 E266.39019
G1 F2700 E265.89019
G0 F15000 X221.152 Y214.809
G1 F2700 E266.39019
G1 F2050.7 X221.498 Y213.696 E266.41919
G1 X221.66 Y213.53 E266.42496
G1 X221.78 Y213.187 E266.43401
G1 X222.928 Y212.088 E266.47355
G1 X224.325 Y211.695 E266.50966
G1 X224.92 Y211.861 E266.52503
G1 X225.03 Y211.828 E266.52789
G1 X225.271 Y211.592 E266.53628
G1 X226.599 Y211.227 E266.57055
G1 X227.996 Y211.619 E266.60666
G1 X228.945 Y212.605 E266.64071
G1 X229.318 Y213.853 E266.67312
G1 X229.298 Y213.98 E266.67632
G1 X229.473 Y214.585 E266.69199
G1 X229.065 Y215.989 E266.72837
G1 X228.05 Y216.996 E266.76395
G1 X226.561 Y217.409 E266.8024
G1 X225.797 Y217.193 E266.82215
G1 X224.431 Y217.577 E266.85746
G1 X223.145 Y217.216 E266.89069
G1 X222.853 Y216.938 E266.90073
G1 X222.439 Y216.815 E266.91147
G1 X221.493 Y215.917 E266.94393
G1 X221.152 Y214.809 E266.97277
G1 F2700 E266.47277
;MESH:axis.stl
G0 F15000 X221.149 Y218.925
G0 X221.149 Y220.03
G0 X222.948 Y220.169
G0 X223.382 Y220.54
G0 X222.882 Y220.218
M204 S1250
;TYPE:WALL-INNER
G1 F2700 E266.97277
G1 F2050.7 X223.06 Y220.326 E266.97823
G1 X223.131 Y220.547 E266.98431
G1 X223.13 Y222.018 E267.02284
G1 X224.356 Y222.016 E267.05495
G1 X224.371 Y221.514 E267.0681
G1 X224.223 Y221.013 E267.08179
G1 X223.955 Y220.642 E267.09377
G1 X223.588 Y220.365 E267.10582
G1 X223.134 Y220.218 E267.11832
G1 X222.882 Y220.218 E267.12492
M204 S2500
G1 F2700 E266.62492
G0 F15000 X223.382 Y220.54
G0 X222.948 Y220.169
G0 X207.071 Y220.168
G0 X206.535 Y220.445
G0 X206.054 Y220.241
M204 S1250
G1 F2700 E267.12492
G1 F1813.2 X206.526 Y220.727 E267.14499
G1 X206.836 Y220.727 E267.15417
G1 X206.851 Y220.515 E267.16046
G1 X207.121 Y220.24 E267.17188
G1 X206.054 Y220.241 E267.20349
M204 S2500
G0 F15000 X205.21 Y219.794
M204 S1250
;TYPE:WALL-OUTER
G1 F2050.7 X205.21 Y220.014 E267.20925
G1 X206.337 Y221.174 E267.25161
G1 X206.965 Y221.174 E267.26806
G1 X207.19 Y221.091 E267.27434
G1 X207.272 Y220.944 E267.27875
G1 X207.292 Y220.583 E267.28822
G1 F1832.5 X207.455 Y220.359 E267.29634
G1 F1662.7 X222.5 Y220.359 E267.78235
G1 F1844.3 X222.708 Y220.537 E267.79032
G1 F2050.7 X222.71 Y222.19 E267.83362
G1 X222.869 Y222.402 E267.84056
G1 X222.954 Y222.438 E267.84298
G1 X224.471 Y222.437 E267.88271
G1 X224.638 Y222.391 E267.88725
G1 X224.77 Y222.229 E267.89272
G1 X224.793 Y221.47 E267.91261
G1 X224.594 Y220.81 E267.93067
G1 X224.259 Y220.345 E267.94568
G1 X223.801 Y219.999 E267.96071
G1 X223.186 Y219.798 E267.97766
G1 F1844.3 X222.5 Y219.845 E267.99769
G1 F1662.7 X207.411 Y219.844 E268.48512
G1 F1832.5 X206.616 Y219.795 E268.50847
G1 F2050.7 X205.21 Y219.794 E268.54529
M204 S2500
G0 F15000 X205.21 Y219.994
G1 F2700 E268.04529
G0 F15000 X205.585 Y220.045
G0 X206.531 Y220.027
G0 X206.531 Y218.922
G0 X206.531 Y211.085
G0 X206.531 Y209.98
G0 X206.054 Y209.763
M204 S1250
;TYPE:WALL-INNER
G1 F2700 E268.54529
G1 F1813.2 X207.171 Y209.763 E268.57838
G1 X206.851 Y209.489 E268.59086
G1 X206.837 Y209.28 E268.59706
G1 X206.525 Y209.279 E268.60631
G1 X206.054 Y209.763 E268.62631
M204 S2500
G1 F2700 E268.12631
G0 F15000 X206.535 Y209.562
G0 X207.071 Y209.838
G0 X222.948 Y209.838
G0 X223.378 Y209.443
G0 X222.984 Y209.789
M204 S1250
G1 F2700 E268.62631
G1 F2050.7 X223.181 Y209.771 E268.63149
G1 X223.606 Y209.627 E268.64325
G1 X223.978 Y209.348 E268.65543
G1 X224.08 Y209.225 E268.65961
G1 X224.302 Y208.78 E268.67264
G1 X224.366 Y208.51 E268.67991
G1 X224.368 Y207.983 E268.69371
G1 X223.131 Y207.983 E268.72611
G1 X223.13 Y209.388 E268.76291
G1 X223.077 Y209.643 E268.76973
G1 X222.984 Y209.789 E268.77426
M204 S2500
G1 F2700 E268.27426
G0 F15000 X223.378 Y209.443
G0 X222.948 Y209.838
G0 X205.585 Y209.962
G0 X205.21 Y210.21
M204 S1250
;TYPE:WALL-OUTER
G1 F2700 E268.77426
G1 F2050.7 X206.616 Y210.21 E268.81109
G1 F1840.4 X207.5 Y210.162 E268.83693
G1 F1662.7 X222.589 Y210.16 E269.32436
G1 F1824.8 X222.976 Y210.208 E269.33584
G1 F2041 X223.268 Y210.185 E269.34355
G1 F2050.7 X223.804 Y210.003 E269.35838
G1 X224.27 Y209.654 E269.37363
G1 X224.434 Y209.456 E269.38036
G1 X224.7 Y208.924 E269.39594
G1 X224.786 Y208.559 E269.40576
G1 X224.789 Y207.814 E269.42527
G1 X224.636 Y207.61 E269.43195
G1 X224.484 Y207.563 E269.43612
G1 X223.012 Y207.562 E269.47468
G1 X222.86 Y207.61 E269.47885
G1 X222.71 Y207.813 E269.48546
G1 X222.71 Y209.388 E269.52671
G1 F2041 X222.662 Y209.526 E269.53056
G1 F1824.8 X222.545 Y209.645 E269.53547
G1 F1662.7 X207.5 Y209.646 E270.02148
G1 F1840.4 X207.292 Y209.421 E270.03043
G1 F2050.7 X207.252 Y208.993 E270.04169
G1 X207.136 Y208.877 E270.04598
G1 X206.999 Y208.834 E270.04974
G1 X206.337 Y208.831 E270.06708
G1 X205.21 Y209.99 E270.10943
G1 X205.21 Y210.21 E270.11519
M204 S2500
G0 F15000 X205.41 Y210.21
G1 F2700 E269.61519
;MESH:NONMESH
G0 F600 X205.41 Y210.21 Z6.75
G0 F15000 X205.585 Y209.962
G0 X204.335 Y209.993
G0 X200.057 Y212.455
;TIME_ELAPSED:438.875533
;LAYER:44
;note -- min layer time used
;TYPE:SUPPORT
G1 F2700 E270.11519
G1 F2058.4 X201.381 Y212.083 E270.14941
G1 X202.281 Y212.336 E270.17267
G1 X202.651 Y212.239 E270.18219
G1 X203.853 Y212.574 E270.21324
G1 X203.975 Y212.548 E270.21634
G1 X204.265 Y212.265 E270.22642
G1 X205.497 Y211.949 E270.25807
G1 X206.109 Y212.1 E270.27376
G1 X206.382 Y212.046 E270.28068
G1 X207.874 Y212.46 E270.31921
G1 X208.779 Y213.365 E270.35106
G1 X209.132 Y214.487 E270.38032
G1 X208.801 Y215.647 E270.41034
G1 X207.554 Y216.834 E270.45318
G1 X206.33 Y217.146 E270.48461
G1 X205.799 Y217.019 E270.49819
G1 X205.127 Y217.186 E270.51542
G1 X204.473 Y217.01 E270.53228
G1 X204.352 Y217.037 E270.53536
G1 X204.22 Y217.155 E270.53977
G1 X202.701 Y217.57 E270.57895
G1 X202.124 Y217.413 E270.59383
G1 X201.814 Y217.493 E270.60179
G1 X200.119 Y217.001 E270.64571
G1 X199.103 Y215.985 E270.68146
G1 X198.731 Y214.724 E270.71418
G1 X199.104 Y213.46 E270.74697
G1 X200.057 Y212.455 E270.78143
G1 F2700 E270.28143
G0 F15000 X220.868 Y214.813
G1 F2700 E270.78143
G1 F2058.4 X221.214 Y213.696 E270.81053
G1 X221.373 Y213.533 E270.8162
G1 X221.482 Y213.208 E270.82473
G1 X222.378 Y212.312 E270.85626
G1 X222.892 Y212.138 E270.86976
G1 X224.235 Y211.75 E270.90454
G1 X224.753 Y211.888 E270.91788
G1 X224.915 Y211.848 E270.92203
G1 X225.177 Y211.576 E270.93143
G1 X226.495 Y211.214 E270.96544
G1 X227.88 Y211.603 E271.00124
G1 X228.825 Y212.585 E271.03515
G1 X229.193 Y213.819 E271.06719
G1 X229.163 Y213.993 E271.07158
G1 X229.341 Y214.609 E271.08754
G1 X228.941 Y216.005 E271.12367
G1 X227.931 Y217.004 E271.15902
G1 X226.449 Y217.417 E271.1973
G1 X225.709 Y217.209 E271.21643
G1 X224.265 Y217.606 E271.25369
G1 X222.989 Y217.248 E271.28667
G1 X222.701 Y216.967 E271.29668
G1 X222.151 Y216.815 E271.31088
G1 X221.209 Y215.917 E271.34326
G1 X220.868 Y214.813 E271.37201
G1 F2700 E270.87201
;MESH:axis.stl
G0 F15000 X220.867 Y218.96
G0 X220.868 Y220.045
G0 X222.948 Y220.198
G0 X223.385 Y220.585
G0 X222.984 Y220.261
M204 S1250
;TYPE:WALL-INNER
G1 F2700 E271.37201
G1 F2058.4 X223.126 Y220.571 E271.38095
G1 X223.131 Y222.042 E271.41947
G1 X224.37 Y222.045 E271.45193
G1 X224.37 Y221.53 E271.46542
G1 X224.304 Y221.253 E271.47287
G1 X224.096 Y220.839 E271.48501
G1 X223.792 Y220.529 E271.49638
G1 X223.417 Y220.333 E271.50747
G1 X222.984 Y220.261 E271.51896
M204 S2500
G1 F2700 E271.01896
G0 F15000 X223.385 Y220.585
G0 X222.948 Y220.198
G0 X207.071 Y220.198
G0 X206.543 Y220.485
G0 X206.058 Y220.279
M204 S1250
G1 F2700 E271.51896
G1 F1839.4 X206.526 Y220.753 E271.53849
G1 X206.838 Y220.753 E271.54763
G1 X206.852 Y220.548 E271.55365
G1 X207.116 Y220.278 E271.56472
G1 X206.058 Y220.279 E271.59573
M204 S2500
G0 F15000 X205.21 Y219.834
M204 S1250
;TYPE:WALL-OUTER
G1 F2058.4 X205.21 Y220.053 E271.60147
G1 X206.34 Y221.198 E271.6436
G1 X207.003 Y221.198 E271.66097
G1 X207.189 Y221.117 E271.66628
G1 X207.272 Y220.971 E271.67068
G1 X207.292 Y220.613 E271.68007
G1 F1847.3 X207.456 Y220.39 E271.68815
G1 F1688.5 X222.5 Y220.389 E272.1685
G1 F1859.2 X222.655 Y220.501 E272.17405
G1 F2058.4 X222.709 Y220.619 E272.17745
G1 X222.71 Y222.211 E272.21915
G1 X222.861 Y222.414 E272.22577
G1 X223.009 Y222.462 E272.22985
G1 X224.468 Y222.466 E272.26806
G1 X224.637 Y222.414 E272.27269
G1 X224.79 Y222.211 E272.27935
G1 X224.79 Y221.481 E272.29847
G1 X224.701 Y221.109 E272.30849
G1 X224.442 Y220.592 E272.32364
G1 X224.045 Y220.187 E272.33849
G1 X223.552 Y219.93 E272.35305
G1 X222.978 Y219.834 E272.3683
G1 F1859.2 X222.5 Y219.879 E272.38222
G1 F1688.5 X207.412 Y219.881 E272.86398
G1 F1847.3 X206.62 Y219.834 E272.88713
G1 F2058.4 X205.21 Y219.834 E272.92406
M204 S2500
G0 F15000 X205.21 Y220.034
G1 F2700 E272.42406
G0 F15000 X205.589 Y220.085
G0 X206.545 Y220.047
G0 X206.544 Y218.962
G0 X206.545 Y211.045
G0 X206.544 Y209.96
G0 X206.06 Y209.725
M204 S1250
;TYPE:WALL-INNER
G1 F2700 E272.92406
G1 F1839.4 X207.164 Y209.725 E272.95642
G1 X206.852 Y209.456 E272.9685
G1 X206.838 Y209.251 E272.97452
G1 X206.527 Y209.251 E272.98363
G1 X206.06 Y209.725 E273.00314
M204 S2500
G1 F2700 E272.50314
G0 F15000 X206.544 Y209.523
G0 X207.071 Y209.808
G0 X222.948 Y209.805
G0 X223.378 Y209.406
G0 X222.923 Y209.746
M204 S1250
G1 F2700 E273.00314
G1 F2058.4 X223.13 Y209.746 E273.00856
G1 X223.641 Y209.578 E273.02265
G1 X223.774 Y209.494 E273.02677
G1 X224.096 Y209.165 E273.03883
G1 X224.303 Y208.751 E273.05095
G1 X224.37 Y208.47 E273.05852
G1 X224.37 Y207.962 E273.07182
G1 X223.13 Y207.962 E273.1043
G1 X223.13 Y209.356 E273.14081
G1 X223.06 Y209.647 E273.14865
G1 X222.923 Y209.746 E273.15308
M204 S2500
G1 F2700 E272.65308
G0 F15000 X223.378 Y209.406
G0 X222.948 Y209.805
G0 X205.589 Y209.923
G0 X205.21 Y210.17
M204 S1250
;TYPE:WALL-OUTER
G1 F2700 E273.15308
G1 F2058.4 X206.62 Y210.17 E273.19001
G1 F1859.2 X207.5 Y210.125 E273.21556
G1 F1688.5 X222.588 Y210.12 E273.69732
G1 F1847.3 X223.198 Y210.166 E273.71517
G1 F2058.4 X223.821 Y209.96 E273.73236
G1 X224.039 Y209.823 E273.7391
G1 X224.442 Y209.412 E273.75418
G1 X224.701 Y208.895 E273.76932
G1 X224.79 Y208.519 E273.77945
G1 X224.79 Y207.793 E273.79846
G1 X224.753 Y207.703 E273.80101
G1 X224.545 Y207.542 E273.8079
G1 X222.954 Y207.542 E273.84957
G1 X222.744 Y207.702 E273.85649
G1 X222.71 Y207.788 E273.85891
G1 X222.71 Y209.428 E273.90186
G1 F1847.3 X222.544 Y209.61 E273.90905
G1 F1688.5 X207.5 Y209.615 E274.3894
G1 F1859.2 X207.291 Y209.389 E274.39833
G1 F2058.4 X207.252 Y208.968 E274.4094
G1 X207.138 Y208.852 E274.41366
G1 X206.968 Y208.806 E274.41828
G1 X206.341 Y208.806 E274.4347
G1 X205.21 Y209.955 E274.47693
G1 X205.21 Y210.17 E274.48256
M204 S2500
G0 F15000 X205.41 Y210.17
G1 F2700 E273.98256
;MESH:NONMESH
G0 F600 X205.41 Y210.17 Z6.9
G0 F15000 X205.589 Y209.923
G0 X204.335 Y209.954
G0 X200.069 Y212.471
;TIME_ELAPSED:446.483255
;LAYER:45
;note -- min layer time used
;TYPE:SUPPORT
G1 F2700 E274.48256
G1 F2068.2 X201.381 Y212.099 E274.51649
G1 X202.412 Y212.389 E274.54314
G1 X202.831 Y212.278 E274.55393
G1 X204.159 Y212.649 E274.58824
G1 X204.279 Y212.596 E274.5915
G1 X204.549 Y212.325 E274.60102
G1 X205.793 Y212.005 E274.63298
G1 X206.398 Y212.16 E274.64852
G1 X206.642 Y212.114 E274.6547
G1 X208.154 Y212.528 E274.69371
G1 X209.055 Y213.436 E274.72554
G1 X209.408 Y214.556 E274.75476
G1 X209.081 Y215.723 E274.78491
G1 X207.862 Y216.887 E274.82685
G1 X206.603 Y217.211 E274.8592
G1 X206.051 Y217.072 E274.87337
G1 X205.355 Y217.25 E274.89124
G1 X204.69 Y217.061 E274.90844
G1 X204.536 Y217.076 E274.91229
G1 X204.417 Y217.179 E274.91621
G1 X203.096 Y217.528 E274.95021
G1 X202.815 Y217.551 E274.95722
G1 X202.215 Y217.375 E274.97278
G1 X201.821 Y217.469 E274.98286
G1 X200.123 Y216.985 E275.0268
G1 X199.119 Y215.977 E275.0622
G1 X198.751 Y214.723 E275.09471
G1 X199.116 Y213.472 E275.12714
G1 X200.069 Y212.471 E275.16153
G1 F2700 E274.66153
G0 F15000 X220.588 Y214.815
G1 F2700 E275.16153
G1 F2068.2 X220.93 Y213.7 E275.19055
G1 X221.107 Y213.52 E275.19683
G1 X221.198 Y213.255 E275.20381
G1 X222.098 Y212.352 E275.23553
G1 X223.434 Y211.986 E275.27
G1 X223.53 Y211.997 E275.2724
G1 X224.079 Y211.85 E275.28654
G1 X224.607 Y211.982 E275.30009
G1 X224.701 Y211.953 E275.30253
G1 X225.08 Y211.564 E275.31605
G1 X226.395 Y211.206 E275.34996
G1 X227.764 Y211.587 E275.38532
G1 X228.701 Y212.565 E275.41902
G1 X229.069 Y213.79 E275.45085
G1 X229.03 Y214.014 E275.4565
G1 X229.213 Y214.637 E275.47266
G1 X228.813 Y216.021 E275.50851
G1 X227.81 Y217.016 E275.54366
G1 X226.319 Y217.434 E275.58219
G1 X225.572 Y217.225 E275.60149
G1 X224.101 Y217.637 E275.63951
G1 X222.833 Y217.28 E275.67228
G1 X222.519 Y216.999 E275.68277
G1 X221.871 Y216.819 E275.6995
G1 X220.929 Y215.921 E275.73189
G1 X220.588 Y214.815 E275.76069
G1 F2700 E275.26069
;MESH:axis.stl
G0 F15000 X220.588 Y218.992
G0 X220.589 Y220.077
G0 X221.473 Y220.248
G0 X222.948 Y220.228
G0 X223.384 Y220.617
G0 X222.983 Y220.293
M204 S1250
;TYPE:WALL-INNER
G1 F2700 E275.76069
G1 F2068.2 X223.126 Y220.601 E275.76958
G1 X223.13 Y222.066 E275.80795
G1 X224.366 Y222.065 E275.84033
G1 X224.369 Y221.553 E275.85374
G1 X224.224 Y221.075 E275.86682
G1 X223.943 Y220.68 E275.87952
G1 X223.824 Y220.578 E275.88362
G1 X223.414 Y220.365 E275.89572
G1 X222.983 Y220.293 E275.90717
M204 S2500
G1 F2700 E275.40717
G0 F15000 X223.384 Y220.617
G0 X222.948 Y220.228
G0 X207.071 Y220.227
G0 X206.555 Y220.519
G0 X206.061 Y220.312
M204 S1250
G1 F2700 E275.90717
G1 F1872.1 X206.521 Y220.776 E275.92607
G1 X206.841 Y220.776 E275.93533
G1 X206.854 Y220.577 E275.9411
G1 X207.114 Y220.311 E275.95187
G1 X206.061 Y220.312 E275.98234
M204 S2500
G0 F15000 X205.21 Y219.87
M204 S1250
;TYPE:WALL-OUTER
G1 F2068.2 X205.21 Y220.081 E275.98786
G1 X206.336 Y221.218 E276.02978
G1 X207.027 Y221.218 E276.04788
G1 X207.199 Y221.126 E276.05299
G1 X207.272 Y220.999 E276.05682
G1 X207.292 Y220.641 E276.06621
G1 F1864 X207.456 Y220.42 E276.07421
G1 F1703.2 X222.5 Y220.421 E276.55269
G1 F1868.1 X222.654 Y220.533 E276.55821
G1 F2068.2 X222.709 Y220.651 E276.56162
G1 X222.71 Y222.234 E276.60308
G1 X222.867 Y222.447 E276.61001
G1 X222.956 Y222.486 E276.61256
G1 X224.535 Y222.486 E276.65391
G1 X224.695 Y222.392 E276.65877
G1 X224.786 Y222.225 E276.66376
G1 X224.789 Y221.505 E276.68261
G1 X224.594 Y220.871 E276.69999
G1 X224.255 Y220.395 E276.71529
G1 X224.061 Y220.228 E276.722
G1 X223.548 Y219.962 E276.73713
G1 X222.978 Y219.866 E276.75227
G1 F1868.1 X222.5 Y219.911 E276.7662
G1 F1703.2 X207.412 Y219.914 E277.24607
G1 F1864 X206.617 Y219.87 E277.26921
G1 F2068.2 X205.21 Y219.87 E277.30606
M204 S2500
G0 F15000 X205.21 Y220.07
G1 F2700 E276.80606
G0 F15000 X205.597 Y220.119
G0 X206.559 Y220.081
G0 X206.558 Y218.996
G0 X206.562 Y211.012
G0 X206.562 Y209.907
G0 X206.061 Y209.692
M204 S1250
;TYPE:WALL-INNER
G1 F2700 E277.30606
G1 F1872.1 X207.163 Y209.691 E277.33795
G1 X206.855 Y209.426 E277.34971
G1 X206.842 Y209.227 E277.35548
G1 X206.521 Y209.228 E277.36477
G1 X206.061 Y209.692 E277.38367
M204 S2500
G1 F2700 E276.88367
G0 F15000 X206.556 Y209.488
G0 X207.071 Y209.779
G0 X222.948 Y209.783
G0 X223.378 Y209.376
G0 X222.926 Y209.719
M204 S1250
G1 F2700 E277.38367
G1 F2068.2 X223.128 Y209.718 E277.38896
G1 X223.643 Y209.545 E277.40319
G1 X223.776 Y209.463 E277.40729
G1 X224.101 Y209.132 E277.41944
G1 X224.303 Y208.731 E277.4312
G1 X224.37 Y208.45 E277.43876
G1 X224.37 Y207.946 E277.45196
G1 X223.13 Y207.946 E277.48444
G1 X223.13 Y209.332 E277.52075
G1 X223.059 Y209.622 E277.52857
G1 X222.926 Y209.719 E277.53288
M204 S2500
G1 F2700 E277.03288
G0 F15000 X223.378 Y209.376
G0 X222.948 Y209.783
G0 X205.598 Y209.888
G0 X205.21 Y210.134
M204 S1250
;TYPE:WALL-OUTER
G1 F2700 E277.53288
G1 F2068.2 X206.626 Y210.134 E277.56997
G1 F1872.1 X207.5 Y210.09 E277.59529
G1 F1703.2 X222.588 Y210.092 E278.07516
G1 F1864 X223.197 Y210.138 E278.09291
G1 F2068.2 X223.822 Y209.928 E278.11018
G1 X224.04 Y209.794 E278.11688
G1 X224.447 Y209.38 E278.13209
G1 X224.701 Y208.875 E278.14689
G1 X224.79 Y208.499 E278.15701
G1 X224.79 Y207.769 E278.17614
G1 X224.753 Y207.68 E278.17866
G1 X224.553 Y207.526 E278.18527
G1 X222.948 Y207.526 E278.22731
G1 X222.863 Y207.56 E278.22971
G1 X222.71 Y207.765 E278.23641
G1 X222.71 Y209.404 E278.27934
G1 F1864 X222.544 Y209.585 E278.28647
G1 F1703.2 X207.5 Y209.582 E278.76495
G1 F1872.1 X207.292 Y209.36 E278.77375
G1 F2068.2 X207.251 Y208.94 E278.78481
G1 X207.054 Y208.786 E278.79135
G1 X206.336 Y208.786 E278.81016
G1 X205.21 Y209.923 E278.85207
G1 X205.21 Y210.134 E278.8576
M204 S2500
G0 F15000 X205.41 Y210.134
G1 F2700 E278.3576
;MESH:NONMESH
G0 F600 X205.41 Y210.134 Z7.05
G0 F15000 X205.598 Y209.888
G0 X204.335 Y209.919
G0 X200.077 Y212.487
;TIME_ELAPSED:454.099098
;LAYER:46
;note -- min layer time used
;TYPE:SUPPORT
G1 F2700 E278.8576
G1 F2079.4 X201.381 Y212.119 E278.89131
G1 X202.532 Y212.442 E278.92106
G1 X203.003 Y212.314 E278.93321
G1 X204.431 Y212.717 E278.97013
G1 X204.553 Y212.663 E278.97345
G1 X204.829 Y212.385 E278.98319
G1 X206.06 Y212.065 E279.01484
G1 X206.718 Y212.215 E279.03164
G1 X206.936 Y212.181 E279.03713
G1 X208.434 Y212.592 E279.07578
G1 X209.335 Y213.5 E279.10761
G1 X209.688 Y214.624 E279.13692
G1 X209.357 Y215.787 E279.16701
G1 X208.49 Y216.618 E279.19689
G1 X208.377 Y216.657 E279.19987
G1 X208.098 Y216.918 E279.20937
G1 X206.855 Y217.244 E279.24135
G1 X206.245 Y217.113 E279.25687
G1 X205.575 Y217.289 E279.27411
G1 X204.874 Y217.09 E279.29224
G1 X204.726 Y217.101 E279.29593
G1 X204.579 Y217.231 E279.30082
G1 X203.297 Y217.567 E279.33379
G1 X203.151 Y217.538 E279.3375
G1 X202.979 Y217.561 E279.34182
G1 X202.23 Y217.338 E279.36126
G1 X201.817 Y217.453 E279.37193
G1 X200.135 Y216.965 E279.41551
G1 X199.135 Y215.965 E279.4507
G1 X198.767 Y214.723 E279.48293
G1 X199.132 Y213.484 E279.51507
G1 X200.077 Y212.487 E279.54925
G1 F2700 E279.04925
G0 F15000 X220.308 Y214.817
G1 F2700 E279.54925
G1 F2079.4 X220.654 Y213.699 E279.57837
G1 X220.855 Y213.485 E279.58568
G1 X220.917 Y213.305 E279.59041
G1 X221.814 Y212.404 E279.62205
G1 X223.28 Y212.001 E279.65988
G1 X223.568 Y212.057 E279.66718
G1 X223.931 Y211.955 E279.67656
G1 X224.373 Y212.072 E279.68794
G1 X224.511 Y212.059 E279.69139
G1 X224.984 Y211.568 E279.70835
G1 X226.315 Y211.202 E279.7427
G1 X227.652 Y211.575 E279.77724
G1 X228.581 Y212.545 E279.81066
G1 X228.949 Y213.762 E279.8423
G1 X228.898 Y214.028 E279.84904
G1 X229.085 Y214.673 E279.86575
G1 X228.689 Y216.041 E279.90118
G1 X227.678 Y217.044 E279.93662
G1 X226.215 Y217.454 E279.97443
G1 X225.446 Y217.242 E279.99427
G1 X223.933 Y217.666 E280.03337
G1 X222.673 Y217.312 E280.06594
G1 X222.395 Y217.045 E280.07553
G1 X221.591 Y216.823 E280.09628
G1 X220.645 Y215.925 E280.12874
G1 X220.308 Y214.817 E280.15756
G1 F2700 E279.65756
;MESH:axis.stl
G0 F15000 X220.305 Y219.023
G0 X220.305 Y220.128
G0 X222.948 Y220.251
G0 X223.378 Y220.641
G0 X222.906 Y220.318
M204 S1250
;TYPE:WALL-INNER
G1 F2700 E280.15756
G1 F2079.4 X223.066 Y220.417 E280.16249
G1 X223.124 Y220.603 E280.16759
G1 X223.13 Y222.078 E280.20622
G1 X224.37 Y222.078 E280.2387
G1 X224.37 Y221.568 E280.25206
G1 X224.305 Y221.3 E280.25928
G1 X224.098 Y220.892 E280.27127
G1 X223.798 Y220.587 E280.28247
G1 X223.395 Y220.383 E280.2943
G1 X223.135 Y220.318 E280.30132
G1 X222.906 Y220.318 E280.30732
M204 S2500
G1 F2700 E279.80732
G0 F15000 X223.378 Y220.641
G0 X222.948 Y220.251
G0 X207.071 Y220.251
G0 X206.558 Y220.542
G0 X206.064 Y220.336
M204 S1250
G1 F2700 E280.30732
G1 F1890.4 X206.522 Y220.797 E280.32604
G1 X206.842 Y220.799 E280.33526
G1 X206.855 Y220.6 E280.34101
G1 X207.115 Y220.335 E280.3517
G1 X206.064 Y220.336 E280.38198
M204 S2500
G0 F15000 X205.21 Y219.894
M204 S1250
;TYPE:WALL-OUTER
G1 F2079.4 X205.21 Y220.101 E280.38741
G1 X206.337 Y221.238 E280.42934
G1 X207.033 Y221.241 E280.44757
G1 X207.198 Y221.149 E280.45252
G1 X207.272 Y221.019 E280.45643
G1 X207.292 Y220.665 E280.46572
G1 F1874.1 X207.456 Y220.444 E280.47372
G1 F1719.2 X222.5 Y220.444 E280.95032
G1 F1890.4 X222.708 Y220.619 E280.95815
G1 F2079.4 X222.71 Y222.259 E281.0011
G1 X222.743 Y222.342 E281.00344
G1 X222.946 Y222.498 E281.01015
G1 X224.547 Y222.498 E281.05208
G1 X224.63 Y222.465 E281.05442
G1 X224.79 Y222.257 E281.0613
G1 X224.79 Y221.518 E281.08065
G1 X224.701 Y221.154 E281.09047
G1 X224.443 Y220.644 E281.10544
G1 X224.05 Y220.244 E281.12012
G1 X223.542 Y219.987 E281.13504
G1 X223.186 Y219.898 E281.14465
G1 F1890.4 X222.5 Y219.94 E281.16445
G1 F1719.2 X207.412 Y219.939 E281.64244
G1 F1874.1 X206.618 Y219.895 E281.66555
G1 F2079.4 X205.21 Y219.894 E281.70243
M204 S2500
G0 F15000 X205.21 Y220.094
G1 F2700 E281.20243
G0 F15000 X205.598 Y220.142
G0 X206.553 Y220.124
G0 X206.553 Y219.019
G0 X206.555 Y210.989
G0 X206.555 Y209.884
G0 X206.063 Y209.669
M204 S1250
;TYPE:WALL-INNER
G1 F2700 E281.70243
G1 F1886.3 X207.162 Y209.668 E281.73416
G1 X206.856 Y209.404 E281.74583
G1 X206.843 Y209.207 E281.75153
G1 X206.52 Y209.207 E281.76086
G1 X206.063 Y209.669 E281.77962
M204 S2500
G1 F2700 E281.27962
G0 F15000 X206.558 Y209.465
G0 X207.071 Y209.756
G0 X222.948 Y209.76
G0 X223.384 Y209.36
G0 X222.987 Y209.687
M204 S1250
G1 F2700 E281.77962
G1 F2079.4 X223.415 Y209.611 E281.79101
G1 X223.798 Y209.417 E281.80225
G1 X224.097 Y209.111 E281.81346
G1 X224.304 Y208.704 E281.82542
G1 X224.37 Y208.436 E281.83265
G1 X224.37 Y207.926 E281.84601
G1 X223.13 Y207.926 E281.87848
G1 X223.127 Y209.378 E281.91652
G1 X222.987 Y209.687 E281.9254
M204 S2500
G1 F2700 E281.4254
G0 F15000 X223.384 Y209.36
G0 X222.948 Y209.76
G0 X205.599 Y209.865
G0 X205.21 Y210.11
M204 S1250
;TYPE:WALL-OUTER
G1 F2700 E281.9254
G1 F2079.4 X206.627 Y210.11 E281.96252
G1 F1890.4 X207.5 Y210.067 E281.9877
G1 F1719.2 X222.588 Y210.069 E282.46569
G1 F1854.2 X222.977 Y210.109 E282.47718
G1 F2050.1 X223.549 Y210.014 E282.49258
G1 F2079.4 X224.05 Y209.76 E282.50729
G1 X224.443 Y209.359 E282.522
G1 X224.701 Y208.85 E282.53695
G1 X224.79 Y208.486 E282.54676
G1 X224.79 Y207.744 E282.5662
G1 X224.629 Y207.539 E282.57302
G1 X224.55 Y207.506 E282.57527
G1 X222.949 Y207.506 E282.6172
G1 X222.866 Y207.539 E282.61954
G1 X222.71 Y207.742 E282.62625
G1 X222.709 Y209.334 E282.66794
G1 F2050.1 X222.659 Y209.458 E282.6715
G1 F1854.2 X222.544 Y209.564 E282.67609
G1 F1719.2 X207.5 Y209.561 E283.15269
G1 F1890.4 X207.292 Y209.339 E283.16145
G1 F2079.4 X207.273 Y208.984 E283.17076
G1 X207.198 Y208.851 E283.17476
G1 X207.042 Y208.766 E283.17942
G1 X206.336 Y208.766 E283.19791
G1 X205.21 Y209.903 E283.23982
G1 X205.21 Y210.11 E283.24524
M204 S2500
G0 F15000 X205.41 Y210.11
G1 F2700 E282.74524
;MESH:NONMESH
G0 F600 X205.41 Y210.11 Z7.2
G0 F15000 X205.599 Y209.865
G0 X204.335 Y209.896
G0 X200.089 Y212.503
;TIME_ELAPSED:461.718277
;LAYER:47
;note -- min layer time used
;TYPE:SUPPORT
G1 F2700 E283.24524
G1 F2089.5 X201.381 Y212.139 E283.27864
G1 X202.625 Y212.488 E283.31079
G1 X203.127 Y212.371 E283.32362
G1 X204.687 Y212.809 E283.36394
G1 X204.83 Y212.736 E283.36793
G1 X205.121 Y212.441 E283.37824
G1 X206.399 Y212.106 E283.41112
G1 X207.072 Y212.278 E283.4284
G1 X207.218 Y212.25 E283.4321
G1 X208.714 Y212.656 E283.47067
G1 X209.615 Y213.564 E283.5025
G1 X209.972 Y214.688 E283.53185
G1 X209.637 Y215.851 E283.56196
G1 X208.77 Y216.682 E283.59184
G1 X208.59 Y216.741 E283.59656
G1 X208.382 Y216.934 E283.60362
G1 X207.126 Y217.264 E283.63593
G1 X206.895 Y217.251 E283.64169
G1 X206.489 Y217.144 E283.65214
G1 X205.934 Y217.288 E283.6664
G1 X205.703 Y217.275 E283.67216
G1 X205.002 Y217.081 E283.69026
G1 X204.891 Y217.122 E283.6932
G1 X204.716 Y217.287 E283.69919
G1 X203.41 Y217.638 E283.73284
G1 X202.287 Y217.324 E283.76185
G1 X201.818 Y217.433 E283.77383
G1 X200.143 Y216.953 E283.81719
G1 X199.151 Y215.957 E283.85217
G1 X198.787 Y214.723 E283.88418
G1 X199.148 Y213.492 E283.9161
G1 X200.089 Y212.503 E283.95007
G1 F2700 E283.45007
G0 F15000 X220.024 Y214.821
G1 F2700 E283.95007
G1 F2089.5 X220.366 Y213.704 E283.97914
G1 X220.586 Y213.477 E283.987
G1 X220.633 Y213.353 E283.9903
G1 X221.53 Y212.452 E284.02194
G1 X222.994 Y212.05 E284.05972
G1 X223.391 Y212.153 E284.06992
G1 X223.783 Y212.058 E284.07996
G1 X224.251 Y212.165 E284.0919
G1 X224.343 Y212.13 E284.09435
G1 X224.884 Y211.572 E284.11369
G1 X226.223 Y211.206 E284.14823
G1 X227.54 Y211.571 E284.18224
G1 X228.461 Y212.529 E284.2153
G1 X228.821 Y213.735 E284.24662
G1 X228.757 Y213.999 E284.25338
G1 X228.965 Y214.713 E284.27189
G1 X228.569 Y216.077 E284.30723
G1 X227.566 Y217.072 E284.34238
G1 X226.131 Y217.474 E284.37946
G1 X225.341 Y217.253 E284.39987
G1 X223.763 Y217.697 E284.44066
G1 X222.517 Y217.348 E284.47286
G1 X222.245 Y217.083 E284.48231
G1 X221.307 Y216.823 E284.50653
G1 X220.361 Y215.925 E284.53899
G1 X220.024 Y214.821 E284.56771
G1 F2700 E284.06771
;MESH:axis.stl
G0 F15000 X220.023 Y219.043
G0 X220.024 Y220.128
G0 X222.948 Y220.266
G0 X223.384 Y220.665
G0 X222.99 Y220.342
M204 S1250
;TYPE:WALL-INNER
G1 F2700 E284.56771
G1 F2089.5 X223.128 Y220.648 E284.5765
G1 X223.13 Y222.09 E284.61427
G1 X224.356 Y222.089 E284.64638
G1 X224.371 Y221.601 E284.65917
G1 X224.304 Y221.314 E284.66689
G1 X224.098 Y220.91 E284.67877
G1 X223.8 Y220.608 E284.68988
G1 X223.416 Y220.414 E284.70115
G1 X222.99 Y220.342 E284.71246
M204 S2500
G1 F2700 E284.21246
G0 F15000 X223.384 Y220.665
G0 X222.948 Y220.266
G0 X207.071 Y220.266
G0 X206.561 Y220.566
G0 X206.063 Y220.359
M204 S1250
G1 F2700 E284.71246
G1 F1899.6 X206.52 Y220.821 E284.73119
G1 X206.842 Y220.821 E284.74046
G1 X206.854 Y220.621 E284.74624
G1 X207.11 Y220.358 E284.75681
G1 X206.063 Y220.359 E284.78698
M204 S2500
G0 F15000 X205.21 Y219.918
M204 S1250
;TYPE:WALL-OUTER
G1 F2089.5 X205.21 Y220.125 E284.7924
G1 X206.336 Y221.262 E284.83431
G1 X206.97 Y221.262 E284.85092
G1 X207.148 Y221.209 E284.85578
G1 X207.272 Y221.034 E284.8614
G1 X207.291 Y220.682 E284.87063
G1 F1891.4 X207.456 Y220.462 E284.87859
G1 F1734.4 X222.5 Y220.46 E285.35331
G1 F1899.6 X222.656 Y220.57 E285.35881
G1 F2089.5 X222.71 Y220.69 E285.36226
G1 X222.71 Y222.27 E285.40364
G1 X222.868 Y222.474 E285.4104
G1 X222.954 Y222.51 E285.41284
G1 X224.529 Y222.509 E285.4541
G1 X224.698 Y222.416 E285.45915
G1 X224.771 Y222.289 E285.46299
G1 X224.793 Y221.558 E285.48214
G1 X224.701 Y221.169 E285.49261
G1 X224.443 Y220.661 E285.50753
G1 X224.05 Y220.264 E285.52217
G1 X223.549 Y220.01 E285.53688
G1 X222.978 Y219.914 E285.55204
G1 F1899.6 X222.5 Y219.956 E285.56587
G1 F1734.4 X207.413 Y219.96 E286.04195
G1 F1891.4 X206.616 Y219.918 E286.06504
G1 F2089.5 X205.21 Y219.918 E286.10187
M204 S2500
G0 F15000 X205.21 Y220.118
G1 F2700 E285.60187
G0 F15000 X205.599 Y220.166
G0 X206.56 Y220.128
G0 X206.559 Y219.043
G0 X206.56 Y210.964
G0 X206.559 Y209.879
G0 X206.058 Y209.649
M204 S1250
;TYPE:WALL-INNER
G1 F2700 E286.10187
G1 F1895.4 X207.161 Y209.649 E286.13372
G1 X206.855 Y209.385 E286.14539
G1 X206.842 Y209.186 E286.15114
G1 X206.518 Y209.185 E286.1605
G1 X206.058 Y209.649 E286.17936
M204 S2500
G1 F2700 E285.67936
G0 F15000 X206.56 Y209.442
G0 X207.071 Y209.742
G0 X222.948 Y209.738
G0 X223.378 Y209.328
G0 X222.932 Y209.667
M204 S1250
G1 F2700 E286.17936
G1 F2089.5 X223.136 Y209.666 E286.18471
G1 X223.636 Y209.504 E286.19847
G1 X223.784 Y209.412 E286.20304
G1 X224.098 Y209.094 E286.21474
G1 X224.303 Y208.689 E286.22663
G1 X224.37 Y208.415 E286.23402
G1 X224.367 Y207.91 E286.24725
G1 X223.13 Y207.91 E286.27965
G1 X223.13 Y209.288 E286.31574
G1 X223.065 Y209.568 E286.32327
G1 X222.932 Y209.667 E286.32761
M204 S2500
G1 F2700 E285.82761
G0 F15000 X223.378 Y209.328
G0 X222.948 Y209.738
G0 X205.599 Y209.842
G0 X205.21 Y210.09
M204 S1250
;TYPE:WALL-OUTER
G1 F2700 E286.32761
G1 F2089.5 X206.626 Y210.09 E286.3647
G1 F1899.6 X207.5 Y210.048 E286.38991
G1 F1734.4 X222.587 Y210.043 E286.86599
G1 F1805.7 X223.184 Y210.092 E286.88415
G1 F1985.5 X223.814 Y209.888 E286.9024
G1 F2089.5 X224.048 Y209.742 E286.90962
G1 X224.443 Y209.343 E286.92433
G1 X224.701 Y208.835 E286.93925
G1 X224.79 Y208.463 E286.94927
G1 X224.786 Y207.731 E286.96844
G1 X224.637 Y207.536 E286.97487
G1 X224.471 Y207.49 E286.97938
G1 X223.018 Y207.49 E287.01744
G1 X222.862 Y207.535 E287.02169
G1 X222.71 Y207.737 E287.02832
G1 X222.71 Y209.359 E287.0708
G1 F1891.4 X222.544 Y209.539 E287.07788
G1 F1734.4 X207.5 Y209.544 E287.55261
G1 F1899.6 X207.292 Y209.322 E287.56137
G1 F2089.5 X207.273 Y208.969 E287.57063
G1 X207.194 Y208.828 E287.57486
G1 X206.985 Y208.746 E287.58074
G1 X206.336 Y208.743 E287.59774
G1 X205.21 Y209.879 E287.63964
G1 X205.21 Y210.09 E287.64516
M204 S2500
G0 F15000 X205.41 Y210.09
G1 F2700 E287.14516
;MESH:NONMESH
G0 F600 X205.41 Y210.09 Z7.35
G0 F15000 X205.599 Y209.842
G0 X204.335 Y209.873
G0 X200.105 Y212.519
;TIME_ELAPSED:469.334493
;LAYER:48
;note -- min layer time used
;TYPE:SUPPORT
G1 F2700 E287.64516
G1 F2099.7 X201.385 Y212.159 E287.67825
G1 X202.803 Y212.554 E287.71488
G1 X203.294 Y212.438 E287.72743
G1 X204.903 Y212.876 E287.76892
G1 X205.032 Y212.817 E287.77245
G1 X205.368 Y212.468 E287.78451
G1 X206.574 Y212.138 E287.81562
G1 X207.357 Y212.338 E287.83573
G1 X207.495 Y212.313 E287.83922
G1 X208.981 Y212.732 E287.87764
G1 X209.882 Y213.644 E287.90954
G1 X210.237 Y214.772 E287.93896
G1 X209.913 Y215.936 E287.96903
G1 X209.05 Y216.766 E287.99882
G1 X208.858 Y216.821 E288.00379
G1 X208.678 Y216.982 E288.0098
G1 X207.435 Y217.304 E288.04175
G1 X206.777 Y217.161 E288.0585
G1 X206.223 Y217.308 E288.07277
G1 X205.988 Y217.292 E288.07863
G1 X205.237 Y217.083 E288.09802
G1 X205.133 Y217.102 E288.10065
G1 X204.859 Y217.355 E288.10993
G1 X203.616 Y217.681 E288.14191
G1 X202.324 Y217.297 E288.17545
G1 X201.798 Y217.421 E288.18889
G1 X200.163 Y216.945 E288.23127
G1 X199.175 Y215.953 E288.2661
G1 X198.811 Y214.727 E288.29793
G1 X199.172 Y213.504 E288.32966
G1 X200.105 Y212.519 E288.36342
G1 F2700 E287.86342
G0 F15000 X219.764 Y214.891
G1 F2700 E288.36342
G1 F2099.7 X220.121 Y213.768 E288.39274
G1 X220.273 Y213.608 E288.39823
G1 X220.349 Y213.405 E288.40362
G1 X221.246 Y212.504 E288.43526
G1 X222.706 Y212.098 E288.47296
G1 X223.302 Y212.255 E288.4883
G1 X223.627 Y212.162 E288.49671
G1 X224.054 Y212.257 E288.5076
G1 X224.154 Y212.217 E288.51028
G1 X224.78 Y211.564 E288.53279
G1 X226.087 Y211.206 E288.56651
G1 X227.424 Y211.576 E288.60102
G1 X228.337 Y212.529 E288.63386
G1 X228.697 Y213.723 E288.66489
G1 X228.632 Y214.027 E288.67263
G1 X228.845 Y214.749 E288.69136
G1 X228.453 Y216.109 E288.72658
G1 X227.467 Y217.08 E288.76101
G1 X226.025 Y217.485 E288.79828
G1 X225.219 Y217.255 E288.81914
G1 X225.082 Y217.27 E288.82257
G1 X225.006 Y217.328 E288.82495
G1 X223.596 Y217.725 E288.86139
G1 X222.356 Y217.376 E288.89345
G1 X222.149 Y217.195 E288.90029
G1 X221.015 Y216.887 E288.92953
G1 X220.09 Y215.999 E288.96144
G1 X219.764 Y214.891 E288.99017
G1 F2700 E288.49017
;MESH:axis.stl
G0 F15000 X219.765 Y219.06
G0 X219.766 Y220.145
G0 X222.948 Y220.281
G0 X223.384 Y220.683
G0 X222.99 Y220.358
M204 S1250
;TYPE:WALL-INNER
G1 F2700 E288.99017
G1 F2099.7 X223.128 Y220.664 E288.99897
G1 X223.131 Y222.097 E289.0365
G1 X224.37 Y222.101 E289.06895
G1 X224.37 Y221.601 E289.08205
G1 X224.305 Y221.336 E289.0892
G1 X224.098 Y220.925 E289.10125
G1 X223.8 Y220.624 E289.11234
G1 X223.416 Y220.43 E289.12361
G1 X222.99 Y220.358 E289.13493
M204 S2500
G1 F2700 E288.63493
G0 F15000 X223.384 Y220.683
G0 X222.948 Y220.281
G0 X207.071 Y220.281
G0 X206.57 Y220.587
G0 X206.064 Y220.376
M204 S1250
G1 F2700 E289.13493
G1 F1933.9 X206.52 Y220.831 E289.15325
G1 X206.846 Y220.829 E289.16252
G1 F1938.2 X206.859 Y220.635 E289.16803
G1 X207.115 Y220.373 E289.17843
G1 F1933.9 X206.064 Y220.376 E289.20832
M204 S2500
G0 F15000 X205.21 Y219.938
M204 S1250
;TYPE:WALL-OUTER
G1 F2099.7 X205.21 Y220.141 E289.21363
G1 X206.339 Y221.269 E289.25543
G1 X206.996 Y221.266 E289.27264
G1 X207.202 Y221.169 E289.27861
G1 X207.272 Y221.047 E289.28229
G1 X207.292 Y220.698 E289.29145
G1 F1904.7 X207.456 Y220.479 E289.29935
G1 F1746.3 X222.5 Y220.476 E289.77313
G1 F1908.8 X222.656 Y220.586 E289.77863
G1 F2099.7 X222.71 Y220.706 E289.78208
G1 X222.71 Y222.278 E289.82325
G1 X222.864 Y222.478 E289.82986
G1 X222.991 Y222.517 E289.83334
G1 X224.468 Y222.522 E289.87203
G1 X224.639 Y222.475 E289.87667
G1 X224.79 Y222.277 E289.8832
G1 X224.79 Y221.55 E289.90224
G1 X224.701 Y221.19 E289.91195
G1 X224.443 Y220.677 E289.92699
G1 X224.05 Y220.28 E289.94162
G1 X223.549 Y220.026 E289.95634
G1 X222.978 Y219.93 E289.9715
G1 F1908.8 X222.5 Y219.972 E289.98533
G1 F1746.3 X207.413 Y219.978 E290.46046
G1 F1904.7 X206.613 Y219.937 E290.48359
G1 F2099.7 X205.21 Y219.938 E290.52034
M204 S2500
G0 F15000 X205.21 Y220.138
G1 F2700 E290.02034
G0 F15000 X205.605 Y220.188
G0 X206.572 Y220.15
G0 X206.571 Y219.065
G0 X206.574 Y210.944
G0 X206.574 Y209.839
G0 X206.063 Y209.628
M204 S1250
;TYPE:WALL-INNER
G1 F2700 E290.52034
G1 F1933.9 X207.158 Y209.628 E290.55148
G1 X206.858 Y209.368 E290.56277
G1 X206.845 Y209.172 E290.56836
G1 X206.518 Y209.172 E290.57765
G1 X206.063 Y209.628 E290.59597
M204 S2500
G1 F2700 E290.09597
G0 F15000 X206.568 Y209.42
G0 X207.071 Y209.726
G0 X222.948 Y209.724
G0 X223.384 Y209.333
G0 X222.937 Y209.646
M204 S1250
G1 F2700 E290.59597
G1 F2099.7 X223.14 Y209.646 E290.60129
G1 X223.393 Y209.584 E290.60811
G1 X223.8 Y209.379 E290.62005
G1 X224.098 Y209.078 E290.63114
G1 X224.308 Y208.665 E290.64328
G1 X224.371 Y208.399 E290.65044
G1 X224.357 Y207.903 E290.66344
G1 X223.13 Y207.905 E290.69557
G1 X223.124 Y209.366 E290.73384
G1 X223.069 Y209.546 E290.73877
G1 X222.937 Y209.646 E290.74311
M204 S2500
G1 F2700 E290.24311
G0 F15000 X223.384 Y209.333
G0 X222.948 Y209.724
G0 X205.605 Y209.82
G0 X205.21 Y210.066
M204 S1250
;TYPE:WALL-OUTER
G1 F2700 E290.74311
G1 F2099.7 X206.633 Y210.066 E290.78038
G1 F1917.1 X207.5 Y210.026 E290.80528
G1 F1756.7 X222.587 Y210.024 E291.27759
G1 F1908.8 X223.19 Y210.066 E291.29501
G1 F2099.7 X223.539 Y209.981 E291.30442
G1 X224.05 Y209.723 E291.31941
G1 X224.443 Y209.327 E291.33402
G1 X224.705 Y208.811 E291.34918
G1 X224.793 Y208.442 E291.35912
G1 X224.771 Y207.685 E291.37895
G1 X224.628 Y207.518 E291.38471
G1 X224.545 Y207.482 E291.38708
G1 X222.982 Y207.486 E291.42802
G1 X222.865 Y207.524 E291.43124
G1 X222.71 Y207.726 E291.43791
G1 X222.708 Y209.346 E291.48034
G1 F1908.8 X222.544 Y209.525 E291.48734
G1 F1756.7 X207.5 Y209.526 E291.95831
G1 F1917.1 X207.292 Y209.306 E291.96699
G1 F2099.7 X207.273 Y208.957 E291.97615
G1 X207.199 Y208.827 E291.98006
G1 X207.03 Y208.734 E291.98512
G1 X206.336 Y208.734 E292.00329
G1 X205.21 Y209.863 E292.04506
G1 X205.21 Y210.066 E292.05038
M204 S2500
G0 F15000 X205.41 Y210.066
G1 F2700 E291.55038
;MESH:NONMESH
G0 F600 X205.41 Y210.066 Z7.5
G0 F15000 X205.605 Y209.82
G0 X204.335 Y209.851
G0 X200.117 Y212.547
;TIME_ELAPSED:476.950717
;LAYER:49
;note -- min layer time used
;TYPE:SUPPORT
G1 F2700 E292.05038
G1 F2108.8 X201.399 Y212.187 E292.08351
G1 X202.769 Y212.579 E292.11897
G1 X202.903 Y212.654 E292.12279
G1 X203.463 Y212.505 E292.13721
G1 X203.669 Y212.546 E292.14243
G1 X203.911 Y212.489 E292.14862
G1 X205.109 Y212.796 E292.17939
G1 X205.199 Y212.774 E292.1817
G1 X205.482 Y212.505 E292.19141
G1 X206.771 Y212.177 E292.22451
G1 X207.646 Y212.402 E292.24699
G1 X207.751 Y212.387 E292.24963
G1 X209.27 Y212.808 E292.28885
G1 X210.171 Y213.712 E292.32061
G1 X210.52 Y214.828 E292.3497
G1 X210.189 Y215.996 E292.37991
G1 X209.323 Y216.829 E292.40981
G1 X209.162 Y216.876 E292.41398
G1 X208.962 Y217.058 E292.42071
G1 X207.73 Y217.371 E292.45234
G1 X207.055 Y217.194 E292.46971
G1 X206.51 Y217.324 E292.48365
G1 X206.279 Y217.311 E292.4894
G1 X205.449 Y217.079 E292.51085
G1 X205.303 Y217.122 E292.51464
G1 X205.004 Y217.415 E292.52505
G1 X203.764 Y217.741 E292.55696
G1 X202.474 Y217.359 E292.59043
G1 X202.325 Y217.278 E292.59465
G1 X201.778 Y217.405 E292.60863
G1 X200.207 Y216.945 E292.64936
G1 X199.195 Y215.933 E292.68497
G1 X198.839 Y214.725 E292.71631
G1 X199.196 Y213.516 E292.74767
G1 X200.117 Y212.547 E292.78094
G1 F2700 E292.28094
G0 F15000 X219.48 Y214.963
G1 F2700 E292.78094
G1 F2108.8 X219.837 Y213.841 E292.81024
G1 X219.99 Y213.675 E292.81585
G1 X220.062 Y213.456 E292.82159
G1 X220.962 Y212.552 E292.85333
G1 X222.422 Y212.15 E292.89101
G1 X222.952 Y212.287 E292.90463
G1 X223.494 Y212.164 E292.91846
G1 X223.931 Y212.266 E292.92963
G1 X224.077 Y212.216 E292.93347
G1 X224.692 Y211.583 E292.95543
G1 X226.001 Y211.211 E292.98929
G1 X227.3 Y211.575 E293.02286
G1 X228.213 Y212.522 E293.05559
G1 X228.569 Y213.711 E293.08647
G1 X228.498 Y214.019 E293.09434
G1 X228.717 Y214.777 E293.11397
G1 X228.329 Y216.129 E293.14897
G1 X227.351 Y217.092 E293.18312
G1 X225.896 Y217.501 E293.22073
G1 X225.274 Y217.33 E293.23678
G1 X224.898 Y217.312 E293.24615
G1 X224.83 Y217.36 E293.24822
G1 X223.427 Y217.754 E293.28448
G1 X222.2 Y217.412 E293.31617
G1 X222.074 Y217.3 E293.32037
G1 X221.926 Y217.278 E293.32409
G1 X220.731 Y216.958 E293.35487
G1 X219.802 Y216.075 E293.38677
G1 X219.48 Y214.963 E293.41557
G1 F2700 E292.91557
;MESH:axis.stl
G0 F15000 X219.478 Y219.073
G0 X219.478 Y220.178
G0 X222.948 Y220.295
G0 X223.384 Y220.697
G0 X222.992 Y220.374
M204 S1250
;TYPE:WALL-INNER
G1 F2700 E293.41557
G1 F2108.8 X223.13 Y220.702 E293.42489
G1 X223.13 Y222.114 E293.46188
G1 X224.37 Y222.114 E293.49435
G1 X224.37 Y221.611 E293.50753
G1 X224.227 Y221.14 E293.52042
G1 X223.961 Y220.775 E293.53225
G1 X223.596 Y220.51 E293.54407
G1 X223.446 Y220.447 E293.54833
G1 X222.992 Y220.374 E293.56037
M204 S2500
G1 F2700 E293.06037
G0 F15000 X223.384 Y220.697
G0 X222.948 Y220.295
G0 X207.071 Y220.295
G0 X206.57 Y220.595
G0 X206.063 Y220.384
M204 S1250
G1 F2700 E293.56037
G1 F1942.3 X206.518 Y220.84 E293.57869
G1 X206.845 Y220.84 E293.58799
G1 X206.858 Y220.645 E293.59355
G1 X207.114 Y220.383 E293.60396
G1 X206.063 Y220.384 E293.63385
M204 S2500
G0 F15000 X205.21 Y219.946
M204 S1250
;TYPE:WALL-OUTER
G1 F2108.8 X205.21 Y220.149 E293.63917
G1 X206.336 Y221.278 E293.68093
G1 X207.044 Y221.278 E293.69948
G1 X207.198 Y221.189 E293.70414
G1 X207.272 Y221.062 E293.70799
G1 X207.292 Y220.709 E293.71725
G1 F1908.8 X207.456 Y220.49 E293.72516
G1 F1757.3 X222.5 Y220.489 E294.19801
G1 F1921.2 X222.657 Y220.599 E294.20352
G1 F2108.8 X222.71 Y220.727 E294.20715
G1 X222.711 Y222.287 E294.24801
G1 X222.862 Y222.485 E294.25453
G1 X223.027 Y222.534 E294.25904
G1 X224.47 Y222.534 E294.29683
G1 X224.637 Y222.485 E294.30139
G1 X224.79 Y222.285 E294.30799
G1 X224.79 Y221.561 E294.32695
G1 X224.595 Y220.932 E294.3442
G1 X224.261 Y220.475 E294.35903
G1 X223.804 Y220.141 E294.37385
G1 X223.562 Y220.04 E294.38072
G1 X222.979 Y219.946 E294.39619
G1 F1921.2 X222.5 Y219.987 E294.41001
G1 F1757.3 X207.413 Y219.989 E294.88421
G1 F1908.8 X206.633 Y219.946 E294.90681
G1 F2108.8 X205.21 Y219.946 E294.94408
M204 S2500
G0 F15000 X205.21 Y220.146
G1 F2700 E294.44408
G0 F15000 X205.605 Y220.195
G0 X206.567 Y220.177
G0 X206.567 Y219.072
G0 X206.567 Y210.935
G0 X206.567 Y209.83
G0 X206.063 Y209.62
M204 S1250
;TYPE:WALL-INNER
G1 F2700 E294.94408
G1 F1942.3 X207.16 Y209.619 E294.97528
G1 X206.858 Y209.359 E294.98661
G1 X206.846 Y209.164 E294.99217
G1 X206.518 Y209.164 E295.00149
G1 X206.063 Y209.62 E295.01981
M204 S2500
G1 F2700 E294.51981
G0 F15000 X206.57 Y209.412
G0 X207.071 Y209.712
G0 X222.948 Y209.717
G0 X223.384 Y209.31
G0 X222.996 Y209.629
M204 S1250
G1 F2700 E295.01981
G1 F2108.8 X223.417 Y209.558 E295.031
G1 X223.797 Y209.366 E295.04215
G1 X224.1 Y209.064 E295.05335
G1 X224.308 Y208.656 E295.06535
G1 X224.371 Y208.391 E295.07248
G1 X224.357 Y207.895 E295.08548
G1 X223.13 Y207.894 E295.11762
G1 X223.128 Y209.325 E295.1551
G1 X222.996 Y209.629 E295.16378
M204 S2500
G1 F2700 E294.66378
G0 F15000 X223.384 Y209.31
G0 X222.948 Y209.717
G0 X205.606 Y209.812
G0 X205.21 Y210.058
M204 S1250
;TYPE:WALL-OUTER
G1 F2700 E295.16378
G1 F2108.8 X206.633 Y210.058 E295.20105
G1 F1925.4 X207.5 Y210.017 E295.22595
G1 F1760.8 X222.587 Y210.016 E295.69921
G1 F1896.5 X222.978 Y210.054 E295.71065
G1 F2088.9 X223.549 Y209.962 E295.72594
G1 F2108.8 X224.047 Y209.711 E295.74055
G1 X224.444 Y209.314 E295.75525
G1 X224.705 Y208.802 E295.7703
G1 X224.793 Y208.434 E295.78021
G1 X224.771 Y207.695 E295.79958
G1 X224.698 Y207.567 E295.80344
G1 X224.536 Y207.474 E295.80833
G1 X222.951 Y207.474 E295.84985
G1 X222.743 Y207.635 E295.85674
G1 X222.71 Y207.714 E295.85898
G1 X222.71 Y209.287 E295.90018
G1 F2088.9 X222.66 Y209.412 E295.90374
G1 F1896.5 X222.544 Y209.517 E295.9083
G1 F1760.8 X207.5 Y209.515 E296.3802
G1 F1925.4 X207.292 Y209.295 E296.38889
G1 F2108.8 X207.273 Y208.945 E296.39807
G1 X207.198 Y208.814 E296.40202
G1 X207.044 Y208.726 E296.40667
G1 X206.336 Y208.726 E296.42521
G1 X205.21 Y209.855 E296.46698
G1 X205.21 Y210.058 E296.47229
M204 S2500
G0 F15000 X205.41 Y210.058
G1 F2700 E295.97229
;MESH:NONMESH
G0 F600 X205.41 Y210.058 Z7.65
G0 F15000 X205.606 Y209.812
G0 X204.335 Y209.843
G0 X200.125 Y212.563
;TIME_ELAPSED:484.573900
;LAYER:50
;note -- min layer time used
;TYPE:SUPPORT
G1 F2700 E296.47229
G1 F2119.6 X201.379 Y212.211 E296.5047
G1 X203.057 Y212.684 E296.54808
G1 X203.625 Y212.529 E296.56273
G1 X204.178 Y212.416 E296.57678
G1 X205.499 Y212.746 E296.61066
G1 X205.618 Y212.718 E296.6137
G1 X205.758 Y212.585 E296.6185
G1 X206.981 Y212.274 E296.64991
G1 X207.234 Y212.271 E296.6562
G1 X207.967 Y212.474 E296.67513
G1 X208.061 Y212.463 E296.67748
G1 X209.542 Y212.868 E296.71569
G1 X210.438 Y213.78 E296.7475
G1 X210.792 Y214.9 E296.77673
G1 X210.465 Y216.068 E296.80691
G1 X209.598 Y216.898 E296.83677
G1 X209.362 Y216.961 E296.84285
G1 X209.221 Y217.082 E296.84747
G1 X207.916 Y217.427 E296.88106
G1 X207.277 Y217.237 E296.89765
G1 X206.799 Y217.344 E296.90984
G1 X206.564 Y217.328 E296.9157
G1 X205.657 Y217.078 E296.93911
G1 X205.527 Y217.113 E296.94246
G1 X205.148 Y217.479 E296.95557
G1 X203.924 Y217.805 E296.98709
G1 X202.603 Y217.413 E297.02137
G1 X202.462 Y217.281 E297.02618
G1 X202.308 Y217.254 E297.03007
G1 X201.856 Y217.384 E297.04177
G1 X201.646 Y217.361 E297.04703
G1 X200.235 Y216.945 E297.08363
G1 X199.211 Y215.925 E297.1196
G1 X198.859 Y214.725 E297.15071
G1 X199.212 Y213.528 E297.18177
G1 X200.125 Y212.563 E297.21482
G1 F2700 E296.71482
G0 F15000 X219.228 Y215.068
G1 F2700 E297.21482
G1 F2119.6 X219.589 Y213.937 E297.24436
G1 X219.664 Y213.85 E297.24722
G1 X219.777 Y213.509 E297.25616
G1 X220.678 Y212.604 E297.28794
G1 X222.139 Y212.202 E297.32564
G1 X222.628 Y212.326 E297.33819
G1 X223.327 Y212.137 E297.35621
G1 X223.84 Y212.262 E297.36935
G1 X223.992 Y212.213 E297.37332
G1 X224.584 Y211.599 E297.39455
G1 X225.917 Y211.226 E297.42899
G1 X227.188 Y211.576 E297.46179
G1 X228.101 Y212.521 E297.49449
G1 X228.445 Y213.685 E297.52469
G1 X228.356 Y214.009 E297.53305
G1 X228.589 Y214.813 E297.55388
G1 X228.201 Y216.149 E297.5885
G1 X227.215 Y217.124 E297.623
G1 X225.793 Y217.521 E297.65974
G1 X225.214 Y217.358 E297.6747
G1 X225.019 Y217.38 E297.67959
G1 X224.851 Y217.335 E297.68391
G1 X223.263 Y217.785 E297.72498
G1 X222.044 Y217.443 E297.75649
G1 X221.86 Y217.323 E297.76195
G1 X221.616 Y217.377 E297.76817
G1 X220.463 Y217.071 E297.79785
G1 X219.547 Y216.184 E297.82958
G1 X219.228 Y215.068 E297.85846
G1 F2700 E297.35846
;MESH:axis.stl
G0 F15000 X219.226 Y219.081
G0 X219.226 Y220.186
G0 X222.948 Y220.299
G0 X223.384 Y220.703
G0 X222.996 Y220.382
M204 S1250
;TYPE:WALL-INNER
G1 F2700 E297.85846
G1 F2119.6 X223.128 Y220.685 E297.86712
G1 X223.13 Y222.114 E297.90455
G1 X224.37 Y222.114 E297.93703
G1 X224.37 Y221.612 E297.95018
G1 X224.305 Y221.35 E297.95725
G1 X224.099 Y220.946 E297.96912
G1 X223.796 Y220.641 E297.98039
G1 X223.419 Y220.451 E297.99144
G1 X222.996 Y220.382 E298.00267
M204 S2500
G1 F2700 E297.50267
G0 F15000 X223.384 Y220.703
G0 X222.948 Y220.299
G0 X207.071 Y220.299
G0 X206.572 Y220.603
G0 X206.063 Y220.392
M204 S1250
G1 F2700 E298.00267
G1 F1960.9 X206.518 Y220.845 E298.02085
G1 X206.846 Y220.847 E298.03013
G1 F1956.6 X206.859 Y220.651 E298.03571
G1 X207.114 Y220.39 E298.04606
G1 F1960.9 X206.063 Y220.392 E298.07582
M204 S2500
G0 F15000 X205.21 Y219.954
M204 S1250
;TYPE:WALL-OUTER
G1 F2119.6 X205.21 Y220.157 E298.08114
G1 X206.336 Y221.282 E298.12283
G1 X207.033 Y221.285 E298.14108
G1 X207.199 Y221.192 E298.14607
G1 X207.272 Y221.066 E298.14988
G1 X207.292 Y220.714 E298.15911
G1 F1926.9 X207.456 Y220.495 E298.167
G1 F1773.4 X222.5 Y220.494 E298.63797
G1 F1935.3 X222.658 Y220.605 E298.64351
G1 F2119.6 X222.71 Y220.724 E298.64691
G1 X222.71 Y222.294 E298.68803
G1 X222.746 Y222.38 E298.69047
G1 X222.943 Y222.534 E298.69702
G1 X224.556 Y222.534 E298.73927
G1 X224.751 Y222.383 E298.74573
G1 X224.79 Y222.296 E298.74823
G1 X224.79 Y221.562 E298.76745
G1 X224.701 Y221.202 E298.77716
G1 X224.443 Y220.697 E298.79202
G1 X224.046 Y220.297 E298.80678
G1 X223.55 Y220.047 E298.82133
G1 X222.982 Y219.954 E298.8364
G1 F1935.3 X222.5 Y219.994 E298.85028
G1 F1773.4 X207.413 Y219.996 E299.32259
G1 F1926.9 X206.634 Y219.954 E299.34507
G1 F2119.6 X205.21 Y219.954 E299.38237
M204 S2500
G0 F15000 X205.21 Y220.154
G1 F2700 E298.88237
G0 F15000 X205.606 Y220.203
G0 X206.568 Y220.185
G0 X206.568 Y219.08
G0 X206.568 Y210.927
G0 X206.568 Y209.822
G0 X206.063 Y209.612
M204 S1250
;TYPE:WALL-INNER
G1 F2700 E299.38237
G1 F1952.3 X207.158 Y209.612 E299.41351
G1 X206.858 Y209.352 E299.42479
G1 X206.846 Y209.156 E299.43038
G1 X206.518 Y209.156 E299.43971
G1 X206.063 Y209.612 E299.45803
M204 S2500
G1 F2700 E298.95803
G0 F15000 X206.571 Y209.404
G0 X207.071 Y209.708
G0 X222.948 Y209.71
G0 X223.385 Y209.305
G0 X222.995 Y209.623
M204 S1250
G1 F2700 E299.45803
G1 F2119.6 X223.419 Y209.553 E299.46928
G1 X223.796 Y209.363 E299.48034
G1 X224.099 Y209.057 E299.49162
G1 X224.308 Y208.651 E299.50358
G1 X224.371 Y208.387 E299.51069
G1 X224.357 Y207.891 E299.52368
G1 X223.13 Y207.89 E299.55582
G1 X223.128 Y209.318 E299.59322
G1 X222.995 Y209.623 E299.60194
M204 S2500
G1 F2700 E299.10194
G0 F15000 X223.385 Y209.305
G0 X222.948 Y209.71
G0 X205.606 Y209.804
G0 X205.21 Y210.05
M204 S1250
;TYPE:WALL-OUTER
G1 F2700 E299.60194
G1 F2119.6 X206.633 Y210.05 E299.63921
G1 F1935.3 X207.5 Y210.01 E299.66411
G1 F1773.4 X222.587 Y210.008 E300.13642
G1 F1906.3 X222.978 Y210.046 E300.14787
G1 F2099.6 X223.55 Y209.957 E300.16317
G1 F2119.6 X224.046 Y209.707 E300.17772
G1 X224.443 Y209.307 E300.19248
G1 X224.705 Y208.798 E300.20748
G1 X224.793 Y208.43 E300.21739
G1 X224.771 Y207.682 E300.23699
G1 X224.702 Y207.558 E300.2407
G1 X224.545 Y207.47 E300.24542
G1 X222.94 Y207.47 E300.28746
G1 X222.746 Y207.62 E300.29388
G1 X222.71 Y207.706 E300.29632
G1 X222.71 Y209.28 E300.33755
G1 F2099.6 X222.66 Y209.403 E300.34106
G1 F1906.3 X222.544 Y209.509 E300.34564
G1 F1773.4 X207.5 Y209.51 E300.8166
G1 F1935.3 X207.292 Y209.29 E300.82529
G1 F2119.6 X207.273 Y208.938 E300.83452
G1 X207.199 Y208.811 E300.83837
G1 X207.033 Y208.718 E300.84336
G1 X206.336 Y208.718 E300.86161
G1 X205.21 Y209.847 E300.90338
G1 X205.21 Y210.05 E300.90869
M204 S2500
G0 F15000 X205.41 Y210.05
G1 F2700 E300.40869
;MESH:NONMESH
G0 F600 X205.41 Y210.05 Z7.8
G0 F15000 X205.606 Y209.804
G0 X204.335 Y209.835
G0 X200.145 Y212.579
;TIME_ELAPSED:492.189793
;LAYER:51
;note -- min layer time used
;TYPE:SUPPORT
G1 F2700 E300.90869
G1 F2134.3 X201.387 Y212.235 E300.94076
G1 X202.954 Y212.679 E300.98129
G1 X203.069 Y212.679 E300.98415
G1 X203.827 Y212.467 E301.00373
G1 X203.932 Y212.482 E301.00637
G1 X204.454 Y212.342 E301.01982
G1 X205.684 Y212.655 E301.0514
G1 X205.848 Y212.71 E301.05571
G1 X207.257 Y212.353 E301.09187
G1 X207.542 Y212.321 E301.09901
G1 X208.442 Y212.561 E301.12219
G1 X208.646 Y212.522 E301.12736
G1 X209.871 Y212.837 E301.15883
G1 X210.741 Y213.714 E301.18957
G1 X211.081 Y214.886 E301.21993
G1 X210.732 Y216.169 E301.25302
G1 X209.874 Y216.998 E301.2827
G1 X208.249 Y217.414 E301.32444
G1 X208.017 Y217.414 E301.33021
G1 X207.503 Y217.281 E301.34343
G1 X207.106 Y217.378 E301.35359
G1 X206.855 Y217.345 E301.35989
G1 X205.862 Y217.065 E301.38557
G1 X205.732 Y217.116 E301.38904
G1 X205.296 Y217.543 E301.40423
G1 X204.072 Y217.865 E301.43572
G1 X202.766 Y217.477 E301.46962
G1 X202.541 Y217.267 E301.47728
G1 X202.392 Y217.247 E301.48102
G1 X201.769 Y217.395 E301.49695
G1 X200.416 Y216.991 E301.53209
G1 X200.219 Y216.897 E301.53752
G1 X199.243 Y215.921 E301.57186
G1 X198.891 Y214.731 E301.60274
G1 X199.236 Y213.536 E301.63369
G1 X200.145 Y212.579 E301.66653
G1 F2700 E301.16653
G0 F15000 X218.969 Y214.97
G1 F2700 E301.66653
G1 F2134.3 X219.288 Y213.857 E301.69534
G1 X219.448 Y213.687 E301.70115
G1 X219.498 Y213.556 E301.70464
G1 X220.394 Y212.656 E301.73624
G1 X221.854 Y212.25 E301.77395
G1 X222.334 Y212.378 E301.78631
G1 X223.259 Y212.119 E301.81021
G1 X223.736 Y212.256 E301.82256
G1 X223.906 Y212.211 E301.82694
G1 X224.484 Y211.612 E301.84765
G1 X225.797 Y211.25 E301.88154
G1 X227.068 Y211.6 E301.91434
G1 X227.961 Y212.529 E301.94641
G1 X228.309 Y213.698 E301.97676
G1 X228.224 Y214.016 E301.98495
G1 X228.469 Y214.857 E302.00674
G1 X228.085 Y216.18 E302.04102
G1 X227.103 Y217.148 E302.07533
G1 X225.683 Y217.549 E302.11205
G1 X225.088 Y217.383 E302.12742
G1 X224.859 Y217.42 E302.13319
G1 X224.664 Y217.368 E302.13821
G1 X223.095 Y217.817 E302.17882
G1 X221.89 Y217.48 E302.20995
G1 X221.704 Y217.411 E302.21489
G1 X221.364 Y217.509 E302.22369
G1 X220.195 Y217.202 E302.25377
G1 X219.292 Y216.324 E302.28511
G1 X218.98 Y215.206 E302.31399
G1 X219.002 Y215.1 E302.31668
G1 X218.969 Y214.97 E302.32002
G1 F2700 E301.82002
;MESH:axis.stl
G0 F15000 X218.969 Y219.084
G0 X218.97 Y220.169
G0 X222.948 Y220.299
G0 X223.384 Y220.708
G0 X222.995 Y220.383
M204 S1250
;TYPE:WALL-INNER
G1 F2700 E302.32002
G1 F2134.3 X223.128 Y220.684 E302.32864
G1 X223.13 Y222.114 E302.3661
G1 X224.356 Y222.113 E302.39821
G1 X224.371 Y221.633 E302.41079
G1 X224.305 Y221.349 E302.41842
G1 X224.1 Y220.956 E302.43003
G1 X223.795 Y220.648 E302.44139
G1 X223.415 Y220.454 E302.45256
G1 X222.995 Y220.383 E302.46372
M204 S2500
G1 F2700 E301.96372
G0 F15000 X223.384 Y220.708
G0 X222.948 Y220.299
G0 X207.071 Y220.299
G0 X206.572 Y220.61
G0 X206.062 Y220.399
M204 S1250
G1 F2700 E302.46372
G1 F1974.5 X206.516 Y220.853 E302.4819
G1 X206.846 Y220.853 E302.49124
G1 X206.858 Y220.656 E302.49683
G1 X207.108 Y220.398 E302.507
G1 X206.062 Y220.399 E302.53661
M204 S2500
G0 F15000 X205.21 Y219.962
M204 S1250
;TYPE:WALL-OUTER
G1 F2134.3 X205.21 Y220.165 E302.54193
G1 X206.335 Y221.29 E302.5836
G1 X206.971 Y221.29 E302.60026
G1 X207.15 Y221.241 E302.60512
G1 X207.272 Y221.066 E302.61071
G1 X207.291 Y220.715 E302.61992
G1 F1948.8 X207.457 Y220.497 E302.62778
G1 F1792.9 X222.5 Y220.494 E303.09684
G1 F1948.8 X222.657 Y220.604 E303.10234
G1 F2134.3 X222.71 Y220.724 E303.10577
G1 X222.71 Y222.295 E303.14692
G1 X222.743 Y222.378 E303.14926
G1 X222.944 Y222.534 E303.15593
G1 X224.552 Y222.534 E303.19804
G1 X224.626 Y222.504 E303.20013
G1 X224.77 Y222.335 E303.20595
G1 X224.793 Y221.59 E303.22547
G1 X224.701 Y221.202 E303.23592
G1 X224.444 Y220.706 E303.25055
G1 X224.046 Y220.304 E303.26537
G1 X223.549 Y220.05 E303.27998
G1 X222.978 Y219.954 E303.29515
G1 F1948.8 X222.5 Y219.994 E303.30891
G1 F1792.9 X207.414 Y220 E303.77931
G1 F1948.8 X206.634 Y219.962 E303.80171
G1 F2134.3 X205.21 Y219.962 E303.83901
M204 S2500
G0 F15000 X205.21 Y220.162
G1 F2700 E303.33901
G0 F15000 X205.606 Y220.211
G0 X206.575 Y220.173
G0 X206.574 Y219.088
G0 X206.576 Y210.918
G0 X206.575 Y209.833
G0 X206.062 Y209.605
M204 S1250
;TYPE:WALL-INNER
G1 F2700 E303.83901
G1 F1974.5 X207.154 Y209.605 E303.86993
G1 X206.858 Y209.348 E303.88103
G1 X206.846 Y209.151 E303.88662
G1 X206.516 Y209.151 E303.89596
G1 X206.062 Y209.605 E303.91414
M204 S2500
G1 F2700 E303.41414
G0 F15000 X206.572 Y209.396
G0 X207.071 Y209.708
G0 X222.948 Y209.702
G0 X223.378 Y209.306
G0 X222.933 Y209.623
M204 S1250
G1 F2700 E303.91414
G1 F2134.3 X223.143 Y209.622 E303.91964
G1 X223.392 Y209.561 E303.92635
G1 X223.797 Y209.355 E303.93825
G1 X224.1 Y209.052 E303.94948
G1 X224.309 Y208.643 E303.96151
G1 X224.37 Y208.392 E303.96827
G1 X224.37 Y207.882 E303.98163
G1 X223.13 Y207.882 E304.01411
G1 X223.124 Y209.343 E304.05238
G1 X223.07 Y209.52 E304.05723
G1 X222.933 Y209.623 E304.06171
M204 S2500
G1 F2700 E303.56171
G0 F15000 X223.378 Y209.306
G0 X222.948 Y209.702
G0 X205.606 Y209.796
G0 X205.21 Y210.042
M204 S1250
;TYPE:WALL-OUTER
G1 F2700 E304.06171
G1 F2134.3 X206.634 Y210.042 E304.09901
G1 F1957.3 X207.5 Y210.004 E304.12377
G1 F1792.9 X222.587 Y210 E304.5942
G1 F1940.3 X223.194 Y210.042 E304.61173
G1 F2134.3 X223.538 Y209.957 E304.62102
G1 X224.047 Y209.699 E304.63596
G1 X224.444 Y209.302 E304.65067
G1 X224.705 Y208.79 E304.66572
G1 X224.79 Y208.442 E304.6751
G1 X224.79 Y207.711 E304.69425
G1 X224.636 Y207.51 E304.70088
G1 X224.484 Y207.462 E304.70506
G1 X223.03 Y207.462 E304.74314
G1 X222.858 Y207.511 E304.74783
G1 X222.71 Y207.709 E304.7543
G1 X222.708 Y209.322 E304.79655
G1 F1940.3 X222.544 Y209.501 E304.80354
G1 F1792.9 X207.5 Y209.508 E305.27264
G1 F1957.3 X207.291 Y209.289 E305.28128
G1 F2134.3 X207.273 Y208.938 E305.29049
G1 X207.15 Y208.763 E305.29609
G1 X206.971 Y208.714 E305.30095
G1 X206.335 Y208.714 E305.31761
G1 X205.21 Y209.839 E305.35928
G1 X205.21 Y210.042 E305.3646
M204 S2500
G0 F15000 X205.41 Y210.042
G1 F2700 E304.8646
;MESH:NONMESH
G0 F600 X205.41 Y210.042 Z7.95
G0 F15000 X205.606 Y209.796
G0 X204.335 Y209.827
G0 X200.192 Y212.624
;TIME_ELAPSED:499.817300
;LAYER:52
;note -- min layer time used
;TYPE:SUPPORT
G1 F2700 E305.3646
G1 F2147.7 X201.438 Y212.286 E305.39672
G1 X201.957 Y212.43 E305.41012
G1 X202.07 Y212.419 E305.41295
G1 X203.113 Y212.71 E305.43989
G1 X204.731 Y212.266 E305.48164
G1 X205.954 Y212.578 E305.51305
G1 X206.111 Y212.728 E305.51845
G1 X206.265 Y212.754 E305.52234
G1 X207.763 Y212.373 E305.5608
G1 X208.037 Y212.404 E305.56766
G1 X208.547 Y212.539 E305.58079
G1 X208.915 Y212.442 E305.59026
G1 X210.139 Y212.757 E305.62171
G1 X211.009 Y213.634 E305.65244
G1 X211.332 Y214.746 E305.68126
G1 X211.274 Y214.961 E305.6868
G1 X211.309 Y215.11 E305.69061
G1 X210.992 Y216.272 E305.72058
G1 X210.13 Y217.102 E305.75035
G1 X208.913 Y217.414 E305.78161
G1 X208.741 Y217.378 E305.78599
G1 X208.553 Y217.421 E305.79079
G1 X208.307 Y217.414 E305.79691
G1 X207.84 Y217.309 E305.80882
G1 X207.344 Y217.436 E305.82156
G1 X206.09 Y217.079 E305.854
G1 X205.949 Y217.107 E305.85758
G1 X205.44 Y217.607 E305.87533
G1 X204.228 Y217.925 E305.90651
G1 X202.931 Y217.541 E305.94017
G1 X202.626 Y217.252 E305.95062
G1 X202.512 Y217.221 E305.95356
G1 X201.835 Y217.405 E305.97102
G1 X200.537 Y217.026 E306.00467
G1 X200.289 Y216.915 E306.01143
G1 X199.31 Y215.948 E306.04567
G1 X198.951 Y214.758 E306.0766
G1 X199.296 Y213.56 E306.10762
G1 X200.192 Y212.624 E306.13986
G1 F2700 E305.63986
G0 F15000 X218.708 Y214.856
G1 F2700 E306.13986
G1 F2147.7 X219.028 Y213.737 E306.16882
G1 X219.887 Y212.86 E306.19937
G1 X220.026 Y212.814 E306.20301
G1 X220.13 Y212.72 E306.2065
G1 X221.599 Y212.31 E306.24445
G1 X221.918 Y212.387 E306.25261
G1 X222.745 Y212.178 E306.27384
G1 X222.952 Y212.222 E306.2791
G1 X223.26 Y212.139 E306.28704
G1 X223.653 Y212.248 E306.29719
G1 X223.789 Y212.236 E306.30059
G1 X224.38 Y211.628 E306.32168
G1 X225.707 Y211.259 E306.35596
G1 X226.975 Y211.615 E306.38873
G1 X227.86 Y212.544 E306.42065
G1 X228.193 Y213.698 E306.45054
G1 X228.099 Y214.045 E306.45949
G1 X228.349 Y214.897 E306.48158
G1 X227.965 Y216.213 E306.51569
G1 X226.99 Y217.184 E306.54993
G1 X225.589 Y217.574 E306.58612
G1 X224.971 Y217.403 E306.60207
G1 X224.684 Y217.455 E306.60933
G1 X224.451 Y217.419 E306.6152
G1 X222.929 Y217.845 E306.65452
G1 X221.648 Y217.487 E306.68762
G1 X221.112 Y217.645 E306.70152
G1 X219.956 Y217.339 E306.73128
G1 X219.051 Y216.456 E306.76274
G1 X218.736 Y215.338 E306.79164
G1 X218.79 Y215.125 E306.79711
G1 X218.708 Y214.856 E306.80411
G1 F2700 E306.30411
;MESH:axis.stl
G0 F15000 X218.708 Y219.082
G0 X218.708 Y220.187
G0 X222.948 Y220.299
G0 X223.384 Y220.705
G0 X222.995 Y220.382
M204 S1250
;TYPE:WALL-INNER
G1 F2700 E306.80411
G1 F2147.7 X223.13 Y220.709 E306.81337
G1 X223.13 Y222.11 E306.85007
G1 X224.356 Y222.113 E306.88218
G1 X224.371 Y221.629 E306.89486
G1 X224.227 Y221.148 E306.90802
G1 X223.961 Y220.783 E306.91984
G1 X223.596 Y220.518 E306.93166
G1 X223.446 Y220.455 E306.93592
G1 X222.995 Y220.382 E306.94789
M204 S2500
G1 F2700 E306.44789
G0 F15000 X223.384 Y220.705
G0 X222.948 Y220.299
G0 X207.071 Y220.299
G0 X206.571 Y220.605
G0 X206.063 Y220.392
M204 S1250
G1 F2700 E306.94789
G1 F1978.2 X206.518 Y220.848 E306.96621
G1 X206.845 Y220.847 E306.9755
G1 X206.858 Y220.652 E306.98106
G1 X207.112 Y220.391 E306.99142
G1 X206.063 Y220.392 E307.02125
M204 S2500
G0 F15000 X205.21 Y219.954
M204 S1250
;TYPE:WALL-OUTER
G1 F2147.7 X205.21 Y220.157 E307.02657
G1 X206.336 Y221.286 E307.06833
G1 X207.029 Y221.285 E307.08648
G1 X207.199 Y221.192 E307.09156
G1 X207.272 Y221.066 E307.09537
G1 X207.292 Y220.714 E307.10461
G1 F1952.5 X207.456 Y220.495 E307.11249
G1 F1796.9 X222.5 Y220.494 E307.58346
G1 F1961 X222.657 Y220.604 E307.58896
G1 F2147.7 X222.71 Y220.732 E307.59259
G1 X222.71 Y222.294 E307.6335
G1 X222.861 Y222.491 E307.64
G1 X222.982 Y222.53 E307.64333
G1 X224.471 Y222.534 E307.68233
G1 X224.638 Y222.487 E307.68687
G1 X224.77 Y222.331 E307.69223
G1 X224.793 Y221.586 E307.71175
G1 X224.699 Y221.189 E307.72244
G1 X224.595 Y220.94 E307.7295
G1 X224.261 Y220.483 E307.74433
G1 X223.804 Y220.149 E307.75916
G1 X223.562 Y220.048 E307.76602
G1 X222.979 Y219.954 E307.78149
G1 F1961 X222.5 Y219.994 E307.79528
G1 F1796.9 X207.413 Y219.996 E308.2676
G1 F1952.5 X206.633 Y219.954 E308.2901
G1 F2147.7 X205.21 Y219.954 E308.32737
M204 S2500
G0 F15000 X205.21 Y220.154
G1 F2700 E307.82737
G0 F15000 X205.606 Y220.205
G0 X206.571 Y220.187
G0 X206.571 Y219.082
G0 X206.571 Y210.925
G0 X206.571 Y209.82
G0 X206.063 Y209.612
M204 S1250
;TYPE:WALL-INNER
G1 F2700 E308.32737
G1 F1978.2 X207.158 Y209.612 E308.35851
G1 X206.858 Y209.352 E308.3698
G1 X206.845 Y209.156 E308.37539
G1 X206.518 Y209.156 E308.38469
G1 X206.063 Y209.612 E308.403
M204 S2500
G1 F2700 E307.903
G0 F15000 X206.571 Y209.402
G0 X207.071 Y209.708
G0 X222.948 Y209.707
G0 X223.384 Y209.302
G0 X222.992 Y209.623
M204 S1250
G1 F2700 E308.403
G1 F2147.7 X223.418 Y209.554 E308.41431
G1 X223.795 Y209.36 E308.42541
G1 X224.1 Y209.052 E308.43677
G1 X224.308 Y208.65 E308.44862
G1 X224.37 Y208.397 E308.45544
G1 X224.37 Y207.89 E308.46872
G1 X223.131 Y207.888 E308.50118
G1 X223.127 Y209.319 E308.53866
G1 X222.992 Y209.623 E308.54737
M204 S2500
G1 F2700 E308.04737
G0 F15000 X223.384 Y209.302
G0 X222.948 Y209.707
G0 X205.606 Y209.802
G0 X205.21 Y210.05
M204 S1250
;TYPE:WALL-OUTER
G1 F2700 E308.54737
G1 F2147.7 X206.633 Y210.05 E308.58464
G1 F1961 X207.5 Y210.01 E308.60954
G1 F1789.8 X222.587 Y210.007 E309.08374
G1 F1927.5 X222.978 Y210.046 E309.0952
G1 F2127.5 X223.55 Y209.958 E309.11051
G1 F2147.7 X224.046 Y209.704 E309.1251
G1 X224.444 Y209.302 E309.13992
G1 X224.705 Y208.798 E309.15479
G1 X224.79 Y208.447 E309.16425
G1 X224.79 Y207.712 E309.1835
G1 X224.636 Y207.514 E309.19007
G1 X224.495 Y207.47 E309.19394
G1 X223.03 Y207.467 E309.23231
G1 X222.862 Y207.515 E309.23688
G1 X222.71 Y207.716 E309.24348
G1 X222.709 Y209.277 E309.28437
G1 F2127.5 X222.659 Y209.399 E309.28786
G1 F1927.5 X222.544 Y209.506 E309.29244
G1 F1789.8 X207.5 Y209.51 E309.76529
G1 F1961 X207.292 Y209.29 E309.77397
G1 F2147.7 X207.273 Y208.938 E309.78321
G1 X207.152 Y208.768 E309.78867
G1 X206.971 Y208.718 E309.79359
G1 X206.336 Y208.718 E309.81022
G1 X205.21 Y209.847 E309.85199
G1 X205.21 Y210.05 E309.8573
M204 S2500
G0 F15000 X205.41 Y210.05
G1 F2700 E309.3573
;MESH:NONMESH
G0 F600 X205.41 Y210.05 Z8.1
G0 F15000 X205.606 Y209.802
G0 X204.335 Y209.833
G0 X200.3 Y212.696
;TIME_ELAPSED:507.489459
;LAYER:53
;note -- min layer time used
;TYPE:SUPPORT
G1 F2700 E309.8573
G1 F2166.1 X201.537 Y212.355 E309.88923
G1 X201.719 Y212.402 E309.89391
G1 X201.842 Y212.384 E309.897
G1 X202.068 Y212.446 E309.90283
G1 X202.179 Y212.435 E309.90561
G1 X203.203 Y212.723 E309.93208
G1 X203.464 Y212.618 E309.93908
G1 X205.003 Y212.186 E309.97885
G1 X206.227 Y212.501 E310.0103
G1 X206.478 Y212.753 E310.01915
G1 X206.638 Y212.792 E310.02325
G1 X208.077 Y212.413 E310.06028
G1 X208.619 Y212.521 E310.07403
G1 X209.183 Y212.366 E310.08858
G1 X210.407 Y212.681 E310.12003
G1 X211.277 Y213.558 E310.15077
G1 X211.6 Y214.67 E310.17958
G1 X211.51 Y215.005 E310.18821
G1 X211.569 Y215.214 E310.19362
G1 X211.252 Y216.377 E310.22361
G1 X210.39 Y217.21 E310.25344
G1 X209.171 Y217.518 E310.28472
G1 X208.789 Y217.418 E310.29455
G1 X208.602 Y217.424 E310.2992
G1 X208.196 Y217.311 E310.30969
G1 X207.575 Y217.472 E310.32565
G1 X206.351 Y217.124 E310.35732
G1 X206.205 Y217.151 E310.36101
G1 X205.744 Y217.595 E310.37694
G1 X205.62 Y217.658 E310.3804
G1 X204.38 Y217.985 E310.41231
G1 X203.091 Y217.605 E310.44575
G1 X202.707 Y217.256 E310.45866
G1 X202.587 Y217.252 E310.46165
G1 X201.951 Y217.425 E310.47805
G1 X200.403 Y216.965 E310.51823
G1 X199.422 Y215.996 E310.55254
G1 X199.067 Y214.81 E310.58334
G1 X199.408 Y213.624 E310.61405
G1 X200.3 Y212.696 E310.64608
G1 F2700 E310.14608
G0 F15000 X218.444 Y214.74
G1 F2700 E310.64608
G1 F2166.1 X218.768 Y213.621 E310.67507
G1 X219.622 Y212.745 E310.70551
G1 X220.835 Y212.434 E310.73667
G1 X221.021 Y212.468 E310.74137
G1 X222.473 Y212.102 E310.77863
G1 X222.945 Y212.23 E310.7908
G1 X223.259 Y212.155 E310.79883
G1 X223.637 Y212.245 E310.8085
G1 X223.74 Y212.2 E310.8113
G1 X224.284 Y211.643 E310.83067
G1 X225.576 Y211.283 E310.86405
G1 X225.737 Y211.286 E310.86805
G1 X226.967 Y211.631 E310.89984
G1 X227.844 Y212.552 E310.93148
G1 X228.177 Y213.697 E310.96116
G1 X228.064 Y214.169 E310.97323
G1 X228.21 Y214.68 E310.98646
G1 X228.19 Y214.794 E310.98934
G1 X228.225 Y214.94 E310.99307
G1 X227.845 Y216.249 E311.02699
G1 X226.882 Y217.208 E311.06081
G1 X225.485 Y217.597 E311.09689
G1 X224.865 Y217.423 E311.11291
G1 X224.52 Y217.494 E311.12168
G1 X224.312 Y217.44 E311.12702
G1 X222.759 Y217.874 E311.16715
G1 X221.932 Y217.65 E311.18847
G1 X221.817 Y217.67 E311.19137
G1 X221.501 Y217.592 E311.19947
G1 X220.865 Y217.777 E311.21595
G1 X219.707 Y217.471 E311.24576
G1 X218.8 Y216.592 E311.27718
G1 X218.488 Y215.473 E311.30609
G1 X218.574 Y215.191 E311.31343
G1 X218.444 Y214.74 E311.3251
G1 F2700 E310.8251
;MESH:axis.stl
G0 F15000 X218.44 Y219.079
G0 X218.44 Y220.184
G0 X222.948 Y220.299
G0 X223.38 Y220.691
G0 X222.902 Y220.374
M204 S1250
;TYPE:WALL-INNER
G1 F2700 E311.3251
G1 F2166.1 X223.075 Y220.486 E311.3305
G1 X223.131 Y220.677 E311.33572
G1 X223.13 Y222.114 E311.37335
G1 X224.366 Y222.114 E311.40573
G1 X224.369 Y221.61 E311.41893
G1 X224.305 Y221.341 E311.42617
G1 X224.1 Y220.943 E311.4379
G1 X223.795 Y220.636 E311.44923
G1 X223.396 Y220.432 E311.46097
G1 X223.157 Y220.374 E311.46741
G1 X222.902 Y220.374 E311.47409
M204 S2500
G1 F2700 E310.97409
G0 F15000 X223.38 Y220.691
G0 X222.948 Y220.299
G0 X207.071 Y220.299
G0 X206.571 Y220.598
G0 X206.063 Y220.384
M204 S1250
G1 F2700 E311.47409
G1 F1995.1 X206.518 Y220.84 E311.49241
G1 X206.845 Y220.84 E311.50171
G1 X206.859 Y220.646 E311.50724
G1 X207.116 Y220.384 E311.51768
G1 X206.063 Y220.384 E311.54762
M204 S2500
G0 F15000 X205.21 Y219.946
M204 S1250
;TYPE:WALL-OUTER
G1 F2166.1 X205.21 Y220.149 E311.55294
G1 X206.336 Y221.278 E311.5947
G1 X207.045 Y221.278 E311.61327
G1 X207.198 Y221.192 E311.61787
G1 X207.272 Y221.062 E311.62179
G1 X207.292 Y220.712 E311.63097
G1 F1960.7 X207.456 Y220.493 E311.63889
G1 F1805.1 X222.5 Y220.494 E312.11173
G1 F1977.7 X222.708 Y220.672 E312.11959
G1 F2166.1 X222.71 Y222.29 E312.16196
G1 X222.86 Y222.489 E312.16849
G1 X223.014 Y222.534 E312.17269
G1 X224.482 Y222.534 E312.21114
G1 X224.636 Y222.489 E312.21535
G1 X224.786 Y222.293 E312.22181
G1 X224.789 Y221.561 E312.24098
G1 X224.701 Y221.194 E312.25087
G1 X224.444 Y220.693 E312.26562
G1 X224.046 Y220.292 E312.28042
G1 X223.542 Y220.035 E312.29523
G1 X223.207 Y219.954 E312.30426
G1 F1977.7 X222.5 Y219.994 E312.32458
G1 F1805.1 X207.413 Y219.991 E312.79877
G1 F1960.7 X206.634 Y219.947 E312.82135
G1 F2166.1 X205.21 Y219.946 E312.85865
M204 S2500
G0 F15000 X205.21 Y220.146
G1 F2700 E312.35865
G0 F15000 X205.605 Y220.197
G0 X206.564 Y220.179
G0 X206.564 Y219.074
G0 X206.564 Y210.933
G0 X206.564 Y209.828
G0 X206.063 Y209.62
M204 S1250
;TYPE:WALL-INNER
G1 F2700 E312.85865
G1 F1990.7 X207.163 Y209.619 E312.89
G1 X206.859 Y209.357 E312.90144
G1 X206.846 Y209.161 E312.90703
G1 X206.519 Y209.163 E312.91635
G1 X206.063 Y209.62 E312.93475
M204 S2500
G1 F2700 E312.43475
G0 F15000 X206.57 Y209.41
G0 X207.071 Y209.708
G0 X222.948 Y209.714
G0 X223.384 Y209.308
G0 X222.993 Y209.629
M204 S1250
G1 F2700 E312.93475
G1 F2166.1 X223.416 Y209.559 E312.94598
G1 X223.796 Y209.364 E312.95717
G1 X224.1 Y209.06 E312.96843
G1 X224.308 Y208.655 E312.98035
G1 X224.37 Y208.401 E312.9872
G1 X224.37 Y207.894 E313.00048
G1 X223.13 Y207.894 E313.03296
G1 X223.127 Y209.326 E313.07047
G1 X222.993 Y209.629 E313.07915
M204 S2500
G1 F2700 E312.57915
G0 F15000 X223.384 Y209.308
G0 X222.948 Y209.714
G0 X205.606 Y209.81
G0 X205.21 Y210.058
M204 S1250
;TYPE:WALL-OUTER
G1 F2700 E313.07915
G1 F2166.1 X206.633 Y210.058 E313.11642
G1 F1969.2 X207.5 Y210.016 E313.14143
G1 F1801.5 X222.587 Y210.015 E313.61656
G1 F1943.9 X222.978 Y210.054 E313.62803
G1 F2145.7 X223.549 Y209.962 E313.64333
G1 F2166.1 X224.046 Y209.708 E313.65795
G1 X224.444 Y209.31 E313.67269
G1 X224.705 Y208.802 E313.68765
G1 X224.79 Y208.451 E313.69711
G1 X224.79 Y207.716 E313.71636
G1 X224.629 Y207.508 E313.72325
G1 X224.544 Y207.474 E313.72564
G1 X222.953 Y207.474 E313.76732
G1 X222.744 Y207.634 E313.77421
G1 X222.71 Y207.72 E313.77663
G1 X222.709 Y209.285 E313.81762
G1 F2145.7 X222.659 Y209.408 E313.82114
G1 F1943.9 X222.544 Y209.514 E313.8257
G1 F1801.5 X207.5 Y209.512 E314.29948
G1 F1969.2 X207.292 Y209.292 E314.30821
G1 F2166.1 X207.253 Y208.878 E314.3191
G1 X207.057 Y208.723 E314.32564
G1 X206.336 Y208.726 E314.34453
G1 X205.21 Y209.855 E314.38629
G1 X205.21 Y210.058 E314.39161
M204 S2500
G0 F15000 X205.41 Y210.058
G1 F2700 E313.89161
;MESH:NONMESH
G0 F600 X205.41 Y210.058 Z8.25
G0 F15000 X205.606 Y209.81
G0 X204.335 Y209.841
G0 X200.404 Y212.76
;TIME_ELAPSED:515.204933
;LAYER:54
;note -- min layer time used
;TYPE:SUPPORT
G1 F2700 E314.39161
G1 F2180.2 X201.943 Y212.346 E314.43127
G1 X203.28 Y212.713 E314.46576
G1 X203.736 Y212.544 E314.47786
G1 X205.279 Y212.11 E314.51775
G1 X206.503 Y212.425 E314.5492
G1 X206.859 Y212.771 E314.56155
G1 X206.958 Y212.799 E314.56411
G1 X208.301 Y212.462 E314.59856
G1 X208.577 Y212.532 E314.60565
G1 X209.451 Y212.286 E314.62824
G1 X210.675 Y212.601 E314.65969
G1 X211.545 Y213.478 E314.69043
G1 X211.868 Y214.59 E314.71924
G1 X211.746 Y215.048 E314.73104
G1 X211.828 Y215.321 E314.73813
G1 X211.512 Y216.481 E314.76804
G1 X210.65 Y217.314 E314.79787
G1 X209.433 Y217.622 E314.82911
G1 X208.502 Y217.347 E314.85326
G1 X207.949 Y217.49 E314.86748
G1 X207.701 Y217.461 E314.87369
G1 X206.697 Y217.181 E314.89963
G1 X206.522 Y217.205 E314.90402
G1 X206.034 Y217.674 E314.92086
G1 X204.553 Y218.05 E314.95888
G1 X203.25 Y217.665 E314.99269
G1 X202.873 Y217.301 E315.00573
G1 X202.744 Y217.266 E315.00906
G1 X202.038 Y217.457 E315.02725
G1 X200.503 Y217.001 E315.0671
G1 X199.534 Y216.04 E315.10106
G1 X199.179 Y214.866 E315.13158
G1 X199.52 Y213.684 E315.16219
G1 X200.404 Y212.76 E315.19401
G1 F2700 E314.69401
G0 F15000 X218.184 Y214.624
G1 F2700 E315.19401
G1 F2180.2 X218.504 Y213.505 E315.22297
G1 X219.362 Y212.629 E315.25348
G1 X220.572 Y212.318 E315.28456
G1 X220.814 Y212.374 E315.29074
G1 X222.197 Y212.026 E315.32623
G1 X222.997 Y212.243 E315.34686
G1 X223.259 Y212.175 E315.35359
G1 X223.569 Y212.239 E315.36147
G1 X223.68 Y212.178 E315.36462
G1 X224.18 Y211.66 E315.38253
G1 X225.445 Y211.308 E315.41521
G1 X225.635 Y211.342 E315.42001
G1 X225.769 Y211.314 E315.42341
G1 X226.963 Y211.647 E315.45426
G1 X227.824 Y212.56 E315.48548
G1 X228.157 Y213.698 E315.51499
G1 X228.044 Y214.169 E315.52704
G1 X228.189 Y214.677 E315.54019
G1 X227.744 Y216.265 E315.58122
G1 X226.77 Y217.232 E315.61537
G1 X225.381 Y217.621 E315.65127
G1 X224.729 Y217.438 E315.66812
G1 X224.351 Y217.531 E315.6778
G1 X224.131 Y217.476 E315.68345
G1 X222.595 Y217.906 E315.72313
G1 X221.912 Y217.722 E315.74074
G1 X221.567 Y217.802 E315.74955
G1 X221.266 Y217.723 E315.75729
G1 X220.617 Y217.914 E315.77412
G1 X219.463 Y217.607 E315.80384
G1 X218.556 Y216.725 E315.83532
G1 X218.244 Y215.604 E315.86427
G1 X218.368 Y215.204 E315.87469
G1 X218.184 Y214.624 E315.88983
G1 F2700 E315.38983
;MESH:axis.stl
G0 F15000 X218.183 Y219.065
G0 X218.184 Y220.15
G0 X222.948 Y220.285
G0 X223.384 Y220.689
G0 X222.993 Y220.367
M204 S1250
;TYPE:WALL-INNER
G1 F2700 E315.88983
G1 F2180.2 X223.128 Y220.671 E315.89855
G1 X223.13 Y222.106 E315.93613
G1 X224.37 Y222.106 E315.96861
G1 X224.37 Y221.604 E315.98176
G1 X224.305 Y221.336 E315.98898
G1 X224.099 Y220.931 E316.00088
G1 X223.801 Y220.633 E316.01192
G1 X223.416 Y220.438 E316.02323
G1 X222.993 Y220.367 E316.03446
M204 S2500
G1 F2700 E315.53446
G0 F15000 X223.384 Y220.689
G0 X222.948 Y220.285
G0 X207.071 Y220.285
G0 X206.567 Y220.589
G0 X206.061 Y220.377
M204 S1250
G1 F2700 E316.03446
G1 F1999.3 X206.518 Y220.835 E316.05294
G1 X206.844 Y220.835 E316.06225
G1 X206.857 Y220.638 E316.06789
G1 X207.113 Y220.376 E316.07835
G1 X206.061 Y220.377 E316.1084
M204 S2500
G0 F15000 X205.21 Y219.938
M204 S1250
;TYPE:WALL-OUTER
G1 F2180.2 X205.21 Y220.145 E316.11382
G1 X206.336 Y221.274 E316.15559
G1 X207.036 Y221.274 E316.17392
G1 X207.198 Y221.182 E316.1788
G1 X207.272 Y221.051 E316.18274
G1 X207.292 Y220.701 E316.19192
G1 F1973.5 X207.456 Y220.482 E316.19984
G1 F1816.8 X222.5 Y220.481 E316.67269
G1 F1986.3 X222.656 Y220.591 E316.67817
G1 F2180.2 X222.71 Y220.711 E316.68162
G1 X222.71 Y222.284 E316.72282
G1 X222.866 Y222.492 E316.72963
G1 X222.952 Y222.526 E316.73205
G1 X224.548 Y222.526 E316.77386
G1 X224.751 Y222.371 E316.78055
G1 X224.79 Y222.28 E316.78314
G1 X224.79 Y221.554 E316.80215
G1 X224.701 Y221.19 E316.81197
G1 X224.443 Y220.681 E316.82692
G1 X224.051 Y220.289 E316.84144
G1 X223.549 Y220.034 E316.85618
G1 X222.978 Y219.938 E316.87135
G1 F1986.3 X222.5 Y219.979 E316.88514
G1 F1816.8 X207.413 Y219.981 E317.35934
G1 F1973.5 X206.613 Y219.938 E317.38252
G1 F2180.2 X205.21 Y219.938 E317.41927
M204 S2500
G0 F15000 X205.21 Y220.138
G1 F2700 E316.91927
G0 F15000 X205.604 Y220.189
G0 X206.569 Y220.151
G0 X206.568 Y219.066
G0 X206.571 Y210.942
G0 X206.571 Y209.837
G0 X206.063 Y209.627
M204 S1250
;TYPE:WALL-INNER
G1 F2700 E317.41927
G1 F1999.3 X207.16 Y209.627 E317.4506
G1 X206.857 Y209.366 E317.46202
G1 X206.845 Y209.169 E317.46766
G1 X206.518 Y209.169 E317.477
G1 X206.063 Y209.627 E317.49544
M204 S2500
G1 F2700 E316.99544
G0 F15000 X206.568 Y209.418
G0 X207.071 Y209.722
G0 X222.948 Y209.722
G0 X223.384 Y209.317
G0 X222.993 Y209.637
M204 S1250
G1 F2700 E317.49544
G1 F2180.2 X223.416 Y209.567 E317.50667
G1 X223.797 Y209.371 E317.51789
G1 X224.1 Y209.071 E317.52906
G1 X224.308 Y208.664 E317.54103
G1 X224.37 Y208.409 E317.54791
G1 X224.37 Y207.898 E317.56129
G1 X223.13 Y207.898 E317.59377
G1 X223.127 Y209.334 E317.63138
G1 X222.993 Y209.637 E317.64006
M204 S2500
G1 F2700 E317.14006
G0 F15000 X223.384 Y209.317
G0 X222.948 Y209.722
G0 X205.605 Y209.818
G0 X205.21 Y210.066
M204 S1250
;TYPE:WALL-OUTER
G1 F2700 E317.64006
G1 F2180.2 X206.631 Y210.066 E317.67728
G1 F1986.3 X207.5 Y210.025 E317.70229
G1 F1816.8 X222.587 Y210.023 E318.17649
G1 F1956.6 X222.978 Y210.062 E318.18796
G1 F2159.6 X223.549 Y209.97 E318.20325
G1 F2180.2 X224.047 Y209.715 E318.2179
G1 X224.444 Y209.322 E318.23253
G1 X224.705 Y208.81 E318.24759
G1 X224.79 Y208.459 E318.25705
G1 X224.79 Y207.722 E318.27635
G1 X224.754 Y207.636 E318.27879
G1 X224.549 Y207.478 E318.28557
G1 X222.945 Y207.478 E318.32758
G1 X222.747 Y207.632 E318.33415
G1 X222.71 Y207.721 E318.33668
G1 X222.709 Y209.293 E318.37785
G1 F2159.6 X222.659 Y209.416 E318.38136
G1 F1956.6 X222.544 Y209.522 E318.38593
G1 F1816.8 X207.5 Y209.523 E318.85877
G1 F1986.3 X207.292 Y209.303 E318.86748
G1 F2180.2 X207.273 Y208.953 E318.87666
G1 X207.198 Y208.823 E318.88059
G1 X207.033 Y208.73 E318.88555
G1 X206.336 Y208.73 E318.90381
G1 X205.21 Y209.863 E318.94564
G1 X205.21 Y210.066 E318.95096
M204 S2500
G0 F15000 X205.41 Y210.066
G1 F2700 E318.45096
;MESH:NONMESH
G0 F600 X205.41 Y210.066 Z8.4
G0 F15000 X205.605 Y209.818
G0 X204.335 Y209.849
G0 X200.508 Y212.831
;TIME_ELAPSED:522.916763
;LAYER:55
;note -- min layer time used
;TYPE:SUPPORT
G1 F2700 E318.95096
G1 F2200.2 X200.647 Y212.786 E318.9546
G1 X200.746 Y212.696 E318.95793
G1 X202.062 Y212.326 E318.99194
G1 X203.348 Y212.675 E319.0251
G1 X203.603 Y212.624 E319.03157
G1 X203.697 Y212.543 E319.03466
G1 X205.527 Y212.022 E319.082
G1 X206.775 Y212.345 E319.11408
G1 X207.275 Y212.849 E319.13174
G1 X207.429 Y212.856 E319.13558
G1 X208.172 Y212.663 E319.15468
G1 X208.209 Y212.635 E319.15584
G1 X209.723 Y212.21 E319.19496
G1 X210.943 Y212.525 E319.22632
G1 X211.813 Y213.402 E319.25705
G1 X212.136 Y214.51 E319.28577
G1 X211.973 Y215.048 E319.29976
G1 X212.092 Y215.422 E319.30953
G1 X211.772 Y216.588 E319.33961
G1 X210.91 Y217.418 E319.36939
G1 X209.693 Y217.726 E319.40062
G1 X208.737 Y217.444 E319.42543
G1 X208.22 Y217.558 E319.4386
G1 X207.008 Y217.212 E319.46996
G1 X206.863 Y217.239 E319.47363
G1 X206.298 Y217.774 E319.49299
G1 X204.781 Y218.162 E319.53196
G1 X203.551 Y217.792 E319.56392
G1 X203.401 Y217.715 E319.56811
G1 X203.018 Y217.34 E319.58145
G1 X202.866 Y217.29 E319.58543
G1 X202.1 Y217.493 E319.60515
G1 X200.608 Y217.042 E319.64393
G1 X199.646 Y216.084 E319.67772
G1 X199.295 Y214.918 E319.70801
G1 X199.632 Y213.748 E319.73831
G1 X200.508 Y212.831 E319.76987
G1 F2700 E319.26987
G0 F15000 X217.92 Y214.512
G1 F2700 E319.76987
G1 F2200.2 X218.244 Y213.389 E319.79895
G1 X219.098 Y212.513 E319.82939
G1 X220.311 Y212.202 E319.86055
G1 X220.604 Y212.284 E319.86812
G1 X221.921 Y211.946 E319.90195
G1 X223.026 Y212.251 E319.93048
G1 X223.256 Y212.194 E319.93637
G1 X223.452 Y212.234 E319.94135
G1 X223.55 Y212.199 E319.94394
G1 X224.079 Y211.66 E319.96273
G1 X225.305 Y211.32 E319.99439
G1 X225.575 Y211.37 E320.00122
G1 X225.765 Y211.33 E320.00605
G1 X226.951 Y211.663 E320.03671
G1 X227.812 Y212.572 E320.06786
G1 X228.137 Y213.697 E320.097
G1 X228.024 Y214.168 E320.10905
G1 X228.173 Y214.678 E320.12227
G1 X227.836 Y215.888 E320.15352
G1 X227.696 Y216.035 E320.15858
G1 X227.608 Y216.321 E320.16602
G1 X226.659 Y217.26 E320.19924
G1 X225.322 Y217.633 E320.23378
G1 X224.726 Y217.459 E320.24923
G1 X224.182 Y217.571 E320.26305
G1 X223.936 Y217.518 E320.26931
G1 X222.431 Y217.934 E320.30816
G1 X221.865 Y217.778 E320.32277
G1 X221.324 Y217.937 E320.3368
G1 X221.023 Y217.861 E320.34453
G1 X220.373 Y218.046 E320.36134
G1 X219.215 Y217.739 E320.39115
G1 X218.308 Y216.86 E320.42258
G1 X217.995 Y215.74 E320.45152
G1 X218.143 Y215.209 E320.46523
G1 X217.92 Y214.512 E320.48344
G1 F2700 E319.98344
;MESH:axis.stl
G0 F15000 X217.919 Y219.048
G0 X217.92 Y220.133
G0 X222.948 Y220.27
G0 X223.384 Y220.671
G0 X222.993 Y220.35
M204 S1250
;TYPE:WALL-INNER
G1 F2700 E320.48344
G1 F2200.2 X223.128 Y220.654 E320.49216
G1 X223.13 Y222.094 E320.52987
G1 X224.356 Y222.093 E320.56198
G1 X224.371 Y221.608 E320.57469
G1 X224.304 Y221.319 E320.58246
G1 X224.099 Y220.917 E320.59428
G1 X223.798 Y220.611 E320.60553
G1 X223.418 Y220.419 E320.61668
G1 X222.993 Y220.35 E320.62796
M204 S2500
G1 F2700 E320.12796
G0 F15000 X223.384 Y220.671
G0 X222.948 Y220.27
G0 X207.071 Y220.27
G0 X206.562 Y220.573
G0 X206.063 Y220.363
M204 S1250
G1 F2700 E320.62796
G1 F2000.2 X206.52 Y220.825 E320.64668
G1 X206.842 Y220.825 E320.65596
G1 X206.854 Y220.625 E320.66173
G1 X207.11 Y220.362 E320.6723
G1 X206.063 Y220.363 E320.70247
M204 S2500
G0 F15000 X205.21 Y219.922
M204 S1250
;TYPE:WALL-OUTER
G1 F2200.2 X205.21 Y220.129 E320.70789
G1 X206.336 Y221.266 E320.7498
G1 X206.973 Y221.266 E320.76649
G1 X207.19 Y221.181 E320.77259
G1 X207.272 Y221.038 E320.77691
G1 X207.291 Y220.686 E320.78614
G1 F1991.6 X207.456 Y220.466 E320.7941
G1 F1833.5 X222.5 Y220.465 E321.26695
G1 F2004.5 X222.657 Y220.575 E321.27246
G1 F2200.2 X222.71 Y220.695 E321.27589
G1 X222.71 Y222.27 E321.31715
G1 X222.747 Y222.358 E321.31965
G1 X222.943 Y222.514 E321.32621
G1 X224.54 Y222.514 E321.36804
G1 X224.698 Y222.424 E321.3728
G1 X224.771 Y222.297 E321.37664
G1 X224.793 Y221.566 E321.39579
G1 X224.701 Y221.173 E321.40636
G1 X224.443 Y220.669 E321.42119
G1 X224.05 Y220.268 E321.4359
G1 X223.55 Y220.015 E321.45058
G1 X222.979 Y219.922 E321.46573
G1 F2004.5 X222.5 Y219.963 E321.47955
G1 F1833.5 X207.413 Y219.965 E321.95375
G1 F1991.6 X206.616 Y219.922 E321.97684
G1 F2200.2 X205.21 Y219.922 E322.01367
M204 S2500
G0 F15000 X205.21 Y220.122
G1 F2700 E321.51367
G0 F15000 X205.601 Y220.173
G0 X206.563 Y220.135
G0 X206.562 Y219.05
G0 X206.563 Y210.957
G0 X206.562 Y209.872
G0 X206.063 Y209.641
M204 S1250
;TYPE:WALL-INNER
G1 F2700 E322.01367
G1 F2000.2 X207.156 Y209.64 E322.04516
G1 X206.854 Y209.379 E322.05666
G1 X206.842 Y209.179 E322.06243
G1 X206.52 Y209.179 E322.07171
G1 X206.063 Y209.641 E322.09043
M204 S2500
G1 F2700 E321.59043
G0 F15000 X206.562 Y209.435
G0 X207.071 Y209.738
G0 X222.948 Y209.731
G0 X223.384 Y209.345
G0 X222.93 Y209.658
M204 S1250
G1 F2700 E322.09043
G1 F2200.2 X223.14 Y209.658 E322.09594
G1 X223.393 Y209.596 E322.10276
G1 X223.799 Y209.392 E322.11466
G1 X224.098 Y209.087 E322.12585
G1 X224.303 Y208.685 E322.13767
G1 X224.371 Y208.396 E322.14544
G1 X224.357 Y207.91 E322.15818
G1 X223.131 Y207.908 E322.19029
G1 X223.13 Y209.352 E322.22811
G1 X223.068 Y209.555 E322.23367
G1 X222.93 Y209.658 E322.23818
M204 S2500
G1 F2700 E321.73818
G0 F15000 X223.384 Y209.345
G0 X222.948 Y209.731
G0 X205.601 Y209.835
G0 X205.21 Y210.082
M204 S1250
;TYPE:WALL-OUTER
G1 F2700 E322.23818
G1 F2200.2 X206.627 Y210.081 E322.27529
G1 F2004.5 X207.5 Y210.041 E322.30042
G1 F1829.9 X222.587 Y210.035 E322.77556
G1 F1991.6 X223.19 Y210.078 E322.79305
G1 F2200.2 X223.539 Y209.993 E322.80246
G1 X224.05 Y209.736 E322.81744
G1 X224.443 Y209.335 E322.83215
G1 X224.701 Y208.831 E322.84698
G1 X224.793 Y208.438 E322.85755
G1 X224.77 Y207.664 E322.87783
G1 X224.634 Y207.528 E322.88287
G1 X224.518 Y207.49 E322.88606
G1 X222.951 Y207.487 E322.92711
G1 X222.747 Y207.646 E322.93388
G1 X222.71 Y207.734 E322.93638
G1 X222.708 Y209.352 E322.97876
G1 F1991.6 X222.544 Y209.531 E322.98579
G1 F1829.9 X207.5 Y209.539 E323.45957
G1 F2004.5 X207.291 Y209.318 E323.46832
G1 F2200.2 X207.273 Y208.965 E323.47757
G1 X207.151 Y208.792 E323.48312
G1 X206.966 Y208.738 E323.48817
G1 X206.336 Y208.738 E323.50467
G1 X205.21 Y209.875 E323.54658
G1 X205.21 Y210.082 E323.552
M204 S2500
G0 F15000 X205.41 Y210.082
G1 F2700 E323.052
;MESH:NONMESH
G0 F600 X205.41 Y210.082 Z8.55
G0 F15000 X205.601 Y209.835
G0 X204.335 Y209.866
G0 X200.809 Y212.675
;TIME_ELAPSED:530.659258
;LAYER:56
;note -- min layer time used
;TYPE:SUPPORT
G1 F2700 E323.552
G1 F2219.2 X202.21 Y212.282 E323.58821
G1 X203.536 Y212.631 E323.62233
G1 X203.835 Y212.564 E323.62995
G1 X203.962 Y212.447 E323.63425
G1 X205.429 Y212.03 E323.6722
G1 X205.822 Y211.954 E323.68216
G1 X207.047 Y212.266 E323.71361
G1 X207.592 Y212.81 E323.73277
G1 X207.725 Y212.842 E323.73618
G1 X208.411 Y212.618 E323.75413
G1 X208.49 Y212.555 E323.75665
G1 X209.991 Y212.13 E323.79546
G1 X211.211 Y212.445 E323.82682
G1 X212.085 Y213.326 E323.8577
G1 X212.405 Y214.434 E323.88639
G1 X212.208 Y215.082 E323.90324
G1 X212.352 Y215.53 E323.91495
G1 X212.032 Y216.692 E323.94494
G1 X211.17 Y217.522 E323.97472
G1 X209.953 Y217.834 E324.00598
G1 X208.914 Y217.523 E324.03297
G1 X208.527 Y217.618 E324.04288
G1 X207.285 Y217.278 E324.07492
G1 X207.171 Y217.297 E324.0778
G1 X206.57 Y217.874 E324.09853
G1 X205.037 Y218.266 E324.1379
G1 X203.63 Y217.845 E324.17445
G1 X203.158 Y217.388 E324.1908
G1 X203.033 Y217.362 E324.19397
G1 X202.228 Y217.569 E324.21465
G1 X201.046 Y217.214 E324.24536
G1 X200.666 Y217.044 E324.25572
G1 X199.731 Y216.109 E324.28862
G1 X199.391 Y214.963 E324.31837
G1 X199.728 Y213.816 E324.34812
G1 X200.809 Y212.675 E324.38723
G1 F2700 E323.88723
G0 F15000 X217.66 Y214.396
G1 F2700 E324.38723
G1 F2219.2 X217.98 Y213.273 E324.41628
G1 X218.838 Y212.397 E324.44679
G1 X220.048 Y212.086 E324.47788
G1 X220.397 Y212.184 E324.4869
G1 X221.645 Y211.87 E324.51892
G1 X223.044 Y212.261 E324.55507
G1 X223.383 Y212.183 E324.56372
G1 X223.923 Y211.629 E324.58297
G1 X225.117 Y211.313 E324.6137
G1 X225.551 Y211.402 E324.62473
G1 X225.769 Y211.347 E324.63032
G1 X226.943 Y211.679 E324.66068
G1 X227.792 Y212.576 E324.69141
G1 X228.121 Y213.698 E324.72051
G1 X227.998 Y214.139 E324.7319
G1 X228.157 Y214.678 E324.74588
G1 X227.82 Y215.882 E324.77699
G1 X227.584 Y216.129 E324.78549
G1 X227.52 Y216.334 E324.79084
G1 X226.594 Y217.26 E324.82342
G1 X225.323 Y217.617 E324.85627
G1 X224.707 Y217.431 E324.87228
G1 X224.037 Y217.617 E324.88958
G1 X223.76 Y217.545 E324.89671
G1 X222.161 Y217.994 E324.93803
G1 X221.708 Y217.886 E324.94962
G1 X221.085 Y218.058 E324.9657
G1 X220.753 Y217.972 E324.97424
G1 X220.118 Y218.15 E324.99065
G1 X218.963 Y217.839 E325.02041
G1 X218.043 Y216.963 E325.05202
G1 X217.724 Y215.84 E325.08107
G1 X217.87 Y215.33 E325.09427
G1 X217.841 Y215.206 E325.09744
G1 X217.869 Y215.058 E325.10118
G1 X217.66 Y214.396 E325.11846
G1 F2700 E324.61846
;MESH:axis.stl
G0 F15000 X217.657 Y219.029
G0 X217.657 Y220.134
G0 X222.948 Y220.255
G0 X223.378 Y220.666
G0 X222.913 Y220.326
M204 S1250
;TYPE:WALL-INNER
G1 F2700 E325.11846
G1 F2219.2 X223.066 Y220.421 E325.12317
G1 X223.13 Y220.7 E325.13067
G1 X223.131 Y222.081 E325.16684
G1 X224.356 Y222.081 E325.19893
G1 X224.371 Y221.589 E325.21182
G1 X224.222 Y221.1 E325.22521
G1 X223.958 Y220.73 E325.23712
G1 X223.618 Y220.484 E325.24811
G1 X223.135 Y220.326 E325.26142
G1 X222.913 Y220.326 E325.26723
M204 S2500
G1 F2700 E324.76723
G0 F15000 X223.378 Y220.666
G0 X222.948 Y220.255
G0 X207.071 Y220.255
G0 X206.558 Y220.549
G0 X206.06 Y220.34
M204 S1250
G1 F2700 E325.26723
G1 F2008.8 X206.52 Y220.804 E325.28614
G1 X206.841 Y220.803 E325.29543
G1 X206.854 Y220.605 E325.30117
G1 X207.114 Y220.34 E325.31191
G1 X206.06 Y220.34 E325.34241
M204 S2500
G0 F15000 X205.21 Y219.898
M204 S1250
;TYPE:WALL-OUTER
G1 F2219.2 X205.21 Y220.109 E325.34794
G1 X206.336 Y221.246 E325.38985
G1 X207.033 Y221.245 E325.40811
G1 X207.198 Y221.153 E325.41306
G1 X207.272 Y221.023 E325.41697
G1 X207.292 Y220.669 E325.42626
G1 F2000.1 X207.456 Y220.448 E325.43426
G1 F1842 X222.5 Y220.449 E325.90898
G1 F2021.8 X222.71 Y220.625 E325.91686
G1 F2219.2 X222.71 Y222.259 E325.95966
G1 X222.743 Y222.342 E325.96199
G1 X222.954 Y222.502 E325.96893
G1 X224.533 Y222.501 E326.01029
G1 X224.698 Y222.408 E326.01525
G1 X224.771 Y222.281 E326.01909
G1 X224.793 Y221.546 E326.03835
G1 X224.699 Y221.154 E326.0489
G1 X224.591 Y220.895 E326.05625
G1 X224.26 Y220.43 E326.0712
G1 X223.811 Y220.106 E326.08571
G1 X223.202 Y219.906 E326.1025
G1 F2021.8 X222.5 Y219.947 E326.12271
G1 F1842 X207.412 Y219.944 E326.59882
G1 F2000.1 X206.616 Y219.899 E326.62199
G1 F2219.2 X205.21 Y219.898 E326.65882
M204 S2500
G0 F15000 X205.21 Y220.098
G1 F2700 E326.15882
G0 F15000 X205.598 Y220.149
G0 X206.553 Y220.131
G0 X206.553 Y219.026
G0 X206.553 Y210.981
G0 X206.553 Y209.876
G0 X206.061 Y209.664
M204 S1250
;TYPE:WALL-INNER
G1 F2700 E326.65882
G1 F2008.8 X207.162 Y209.664 E326.69068
G1 X206.854 Y209.399 E326.70244
G1 X206.842 Y209.2 E326.7082
G1 X206.521 Y209.2 E326.71749
G1 X206.061 Y209.664 E326.7364
M204 S2500
G1 F2700 E326.2364
G0 F15000 X206.558 Y209.458
G0 X207.071 Y209.752
G0 X222.948 Y209.753
G0 X223.384 Y209.354
G0 X222.987 Y209.679
M204 S1250
G1 F2700 E326.7364
G1 F2219.2 X223.418 Y209.603 E326.74786
G1 X223.799 Y209.408 E326.75907
G1 X224.098 Y209.106 E326.7702
G1 X224.304 Y208.7 E326.78213
G1 X224.37 Y208.429 E326.78943
G1 X224.37 Y207.922 E326.80271
G1 X223.131 Y207.92 E326.83517
G1 X223.127 Y209.369 E326.87312
G1 X222.987 Y209.679 E326.88203
M204 S2500
G1 F2700 E326.38203
G0 F15000 X223.384 Y209.354
G0 X222.948 Y209.753
G0 X205.599 Y209.858
G0 X205.21 Y210.106
M204 S1250
;TYPE:WALL-OUTER
G1 F2700 E326.88203
G1 F2219.2 X206.625 Y210.106 E326.91909
G1 F2013.1 X207.5 Y210.063 E326.94438
G1 F1834.8 X222.588 Y210.061 E327.42238
G1 F1978.9 X222.977 Y210.101 E327.43386
G1 F2187.9 X223.552 Y210.006 E327.44935
G1 F2219.2 X224.05 Y209.752 E327.46399
G1 X224.443 Y209.355 E327.47862
G1 X224.701 Y208.846 E327.49357
G1 X224.79 Y208.479 E327.50346
G1 X224.79 Y207.747 E327.52263
G1 X224.637 Y207.547 E327.52923
G1 X224.489 Y207.502 E327.53328
G1 X223.03 Y207.499 E327.57149
G1 X222.858 Y207.547 E327.57617
G1 X222.71 Y207.749 E327.58273
G1 X222.709 Y209.326 E327.62403
G1 F2187.9 X222.659 Y209.45 E327.62759
G1 F1978.9 X222.544 Y209.556 E327.63218
G1 F1834.8 X207.5 Y209.557 E328.10878
G1 F2013.1 X207.292 Y209.335 E328.11756
G1 F2219.2 X207.254 Y208.919 E328.1285
G1 X207.045 Y208.758 E328.13541
G1 X206.336 Y208.758 E328.15398
G1 X205.21 Y209.895 E328.1959
G1 X205.21 Y210.106 E328.20142
M204 S2500
G0 F15000 X205.41 Y210.106
G1 F2700 E327.70142
;MESH:NONMESH
G0 F600 X205.41 Y210.106 Z8.7
G0 F15000 X205.599 Y209.858
G0 X204.335 Y209.889
G0 X200.665 Y212.874
;TIME_ELAPSED:538.449904
;LAYER:57
;note -- min layer time used
;TYPE:SUPPORT
G1 F2700 E328.20142
G1 F2242.6 X200.792 Y212.817 E328.20489
G1 X201.008 Y212.599 E328.21252
G1 X202.396 Y212.202 E328.24845
G1 X203.604 Y212.509 E328.27946
G1 X203.762 Y212.594 E328.28392
G1 X204.062 Y212.512 E328.29166
G1 X204.228 Y212.351 E328.29742
G1 X205.689 Y211.934 E328.33522
G1 X205.805 Y211.954 E328.33815
G1 X206.099 Y211.874 E328.34573
G1 X207.319 Y212.189 E328.37709
G1 X207.789 Y212.666 E328.39375
G1 X207.952 Y212.713 E328.39797
G1 X208.685 Y212.496 E328.41699
G1 X210.259 Y212.05 E328.4577
G1 X211.479 Y212.365 E328.48905
G1 X212.349 Y213.246 E328.51986
G1 X212.672 Y214.355 E328.5486
G1 X212.444 Y215.111 E328.56825
G1 X212.612 Y215.634 E328.58192
G1 X212.292 Y216.796 E328.61191
G1 X211.43 Y217.63 E328.64175
G1 X210.213 Y217.938 E328.67299
G1 X209.115 Y217.611 E328.7015
G1 X208.799 Y217.69 E328.7096
G1 X207.578 Y217.354 E328.74111
G1 X207.462 Y217.373 E328.74404
G1 X206.834 Y217.974 E328.76567
G1 X205.615 Y218.286 E328.79698
G1 X205.276 Y218.334 E328.8055
G1 X203.841 Y217.92 E328.84266
G1 X203.462 Y217.557 E328.85572
G1 X203.338 Y217.5 E328.85911
G1 X202.442 Y217.729 E328.88213
G1 X201.256 Y217.359 E328.91304
G1 X201.039 Y217.187 E328.91993
G1 X200.755 Y217.081 E328.92747
G1 X199.763 Y216.097 E328.96224
G1 X199.431 Y214.95 E328.99195
G1 X199.779 Y213.801 E329.02182
G1 X200.665 Y212.874 E329.05373
G1 F2700 E328.55373
G0 F15000 X217.4 Y214.28
G1 F2700 E329.05373
G1 F2242.6 X217.72 Y213.157 E329.08279
G1 X218.578 Y212.281 E329.1133
G1 X219.788 Y211.97 E329.14438
G1 X220.23 Y212.08 E329.15572
G1 X221.369 Y211.794 E329.18494
G1 X222.937 Y212.229 E329.22543
G1 X223.061 Y212.168 E329.22887
G1 X223.661 Y211.561 E329.25011
G1 X224.885 Y211.246 E329.28155
G1 X225.525 Y211.422 E329.29807
G1 X225.767 Y211.367 E329.30425
G1 X226.931 Y211.695 E329.33434
G1 X227.78 Y212.588 E329.365
G1 X228.101 Y213.697 E329.39372
G1 X227.977 Y214.139 E329.40515
G1 X228.137 Y214.678 E329.41914
G1 X227.804 Y215.87 E329.44993
G1 X227.582 Y216.095 E329.4578
G1 X227.504 Y216.326 E329.46387
G1 X226.586 Y217.244 E329.49617
G1 X225.319 Y217.598 E329.5289
G1 X224.69 Y217.428 E329.54512
G1 X223.867 Y217.654 E329.56635
G1 X223.574 Y217.578 E329.57388
G1 X223.402 Y217.647 E329.5785
G1 X221.894 Y218.074 E329.61749
G1 X221.478 Y217.964 E329.6282
G1 X220.838 Y218.13 E329.64465
G1 X220.537 Y218.052 E329.65239
G1 X219.85 Y218.246 E329.67015
G1 X218.691 Y217.938 E329.69999
G1 X217.775 Y217.059 E329.73158
G1 X217.452 Y215.937 E329.76063
G1 X217.607 Y215.46 E329.77311
G1 X217.589 Y215.318 E329.77668
G1 X217.648 Y215.066 E329.78312
G1 X217.4 Y214.28 E329.80362
G1 F2700 E329.30362
;MESH:axis.stl
G0 F15000 X217.399 Y219.003
G0 X217.4 Y220.088
G0 X219.964 Y220.256
G0 X222.948 Y220.236
G0 X223.378 Y220.639
G0 X222.893 Y220.294
M204 S1250
;TYPE:WALL-INNER
G1 F2700 E329.80362
G1 F2242.6 X223.06 Y220.396 E329.80875
G1 X223.13 Y220.684 E329.81651
G1 X223.129 Y222.07 E329.85282
G1 X224.366 Y222.065 E329.88522
G1 X224.369 Y221.558 E329.8985
G1 X224.224 Y221.078 E329.91163
G1 X223.962 Y220.713 E329.9234
G1 X223.61 Y220.455 E329.93483
G1 X223.133 Y220.294 E329.94801
G1 X222.893 Y220.294 E329.9543
M204 S2500
G1 F2700 E329.4543
G0 F15000 X223.378 Y220.639
G0 X222.948 Y220.236
G0 X207.071 Y220.236
G0 X206.556 Y220.526
G0 X206.061 Y220.32
M204 S1250
G1 F2700 E329.9543
G1 F2029.9 X206.521 Y220.784 E329.97321
G1 X206.841 Y220.783 E329.98247
G1 X206.855 Y220.586 E329.98818
G1 X207.117 Y220.319 E329.99901
G1 X206.061 Y220.32 E330.02956
M204 S2500
G0 F15000 X205.21 Y219.878
M204 S1250
;TYPE:WALL-OUTER
G1 F2242.6 X205.21 Y220.089 E330.03509
G1 X206.336 Y221.226 E330.077
G1 X207.045 Y221.225 E330.09557
G1 X207.198 Y221.141 E330.10014
G1 X207.272 Y221.008 E330.10413
G1 X207.292 Y220.652 E330.11347
G1 F2021.2 X207.456 Y220.431 E330.12147
G1 F1839.6 X222.5 Y220.429 E330.60182
G1 F2025.6 X222.71 Y220.608 E330.60982
G1 F2242.6 X222.71 Y222.243 E330.65264
G1 X222.859 Y222.441 E330.65914
G1 X223.026 Y222.49 E330.66369
G1 X224.492 Y222.485 E330.70209
G1 X224.636 Y222.441 E330.70604
G1 X224.786 Y222.246 E330.71248
G1 X224.789 Y221.509 E330.73178
G1 X224.594 Y220.874 E330.74918
G1 X224.264 Y220.414 E330.76401
G1 X223.806 Y220.077 E330.7789
G1 X223.201 Y219.874 E330.79562
G1 F2025.6 X222.5 Y219.919 E330.81599
G1 F1839.6 X207.412 Y219.923 E331.29774
G1 F2021.2 X206.617 Y219.878 E331.32088
G1 F2242.6 X205.21 Y219.878 E331.35774
M204 S2500
G0 F15000 X205.21 Y220.078
G1 F2700 E330.85774
G0 F15000 X205.598 Y220.126
G0 X206.556 Y220.088
G0 X206.555 Y219.003
G0 X206.558 Y211.006
G0 X206.558 Y209.901
G0 X206.061 Y209.687
M204 S1250
;TYPE:WALL-INNER
G1 F2700 E331.35774
G1 F2021.2 X207.165 Y209.686 E331.38982
G1 X206.854 Y209.419 E331.40173
G1 X206.841 Y209.22 E331.40753
G1 X206.521 Y209.221 E331.41683
G1 X206.061 Y209.687 E331.43586
M204 S2500
G1 F2700 E330.93586
G0 F15000 X206.556 Y209.482
G0 X207.071 Y209.77
G0 X222.948 Y209.775
G0 X223.378 Y209.367
G0 X222.93 Y209.71
M204 S1250
G1 F2700 E331.43586
G1 F2242.6 X223.123 Y209.71 E331.44091
G1 X223.636 Y209.541 E331.45506
G1 X223.773 Y209.455 E331.4593
G1 X224.102 Y209.119 E331.47161
G1 X224.304 Y208.721 E331.4833
G1 X224.37 Y208.446 E331.49071
G1 X224.37 Y207.938 E331.50402
G1 X223.13 Y207.938 E331.53649
G1 X223.13 Y209.324 E331.5728
G1 X223.058 Y209.618 E331.58073
G1 X222.93 Y209.71 E331.58485
M204 S2500
G1 F2700 E331.08485
G0 F15000 X223.378 Y209.367
G0 X222.948 Y209.775
G0 X205.598 Y209.882
G0 X205.21 Y210.13
M204 S1250
;TYPE:WALL-OUTER
G1 F2700 E331.58485
G1 F2242.6 X206.624 Y210.13 E331.62189
G1 F2029.9 X207.5 Y210.085 E331.64727
G1 F1843.2 X222.588 Y210.084 E332.12809
G1 F2021.2 X223.19 Y210.13 E332.14563
G1 F2242.6 X223.817 Y209.924 E332.16292
G1 X224.039 Y209.783 E332.16981
G1 X224.447 Y209.367 E332.18507
G1 X224.701 Y208.867 E332.19976
G1 X224.79 Y208.495 E332.20978
G1 X224.79 Y207.763 E332.22895
G1 X224.629 Y207.555 E332.23584
G1 X224.539 Y207.518 E332.23839
G1 X222.951 Y207.518 E332.27998
G1 X222.747 Y207.675 E332.28672
G1 X222.71 Y207.765 E332.28927
G1 X222.71 Y209.396 E332.33199
G1 F2021.2 X222.544 Y209.577 E332.33913
G1 F1843.2 X207.5 Y209.575 E332.81854
G1 F2029.9 X207.292 Y209.352 E332.82737
G1 F2242.6 X207.251 Y208.932 E332.83842
G1 X207.062 Y208.779 E332.84479
G1 X206.336 Y208.778 E332.8638
G1 X205.21 Y209.919 E332.90579
G1 X205.21 Y210.13 E332.91132
M204 S2500
G0 F15000 X205.41 Y210.13
G1 F2700 E332.41132
;MESH:NONMESH
G0 F600 X205.41 Y210.13 Z8.85
G0 F15000 X205.598 Y209.882
G0 X204.335 Y209.913
G0 X200.757 Y212.854
;TIME_ELAPSED:546.296061
;LAYER:58
;note -- min layer time used
;TYPE:SUPPORT
G1 F2700 E332.91132
G1 F2259.6 X200.919 Y212.799 E332.91557
G1 X201.207 Y212.515 E332.92564
G1 X202.652 Y212.102 E332.96303
G1 X203.864 Y212.413 E332.99417
G1 X204.007 Y212.5 E332.99833
G1 X204.298 Y212.445 E333.0057
G1 X204.492 Y212.255 E333.01246
G1 X205.955 Y211.838 E333.05031
G1 X206.1 Y211.866 E333.05399
G1 X206.37 Y211.798 E333.06092
G1 X207.591 Y212.11 E333.09227
G1 X208.048 Y212.573 E333.10846
G1 X208.197 Y212.6 E333.11223
G1 X209.698 Y212.164 E333.15112
G1 X209.764 Y212.168 E333.15277
G1 X210.54 Y211.946 E333.17285
G1 X211.747 Y212.253 E333.20384
G1 X212.612 Y213.137 E333.23462
G1 X212.929 Y214.253 E333.26348
G1 X212.669 Y215.101 E333.28555
G1 X212.873 Y215.737 E333.30217
G1 X212.552 Y216.9 E333.33219
G1 X211.69 Y217.734 E333.36204
G1 X210.474 Y218.042 E333.39325
G1 X210.186 Y217.998 E333.4005
G1 X209.29 Y217.726 E333.4238
G1 X209.075 Y217.758 E333.42921
G1 X207.891 Y217.428 E333.45979
G1 X207.726 Y217.473 E333.46405
G1 X207.102 Y218.07 E333.48554
G1 X205.878 Y218.382 E333.51697
G1 X205.764 Y218.362 E333.51985
G1 X205.556 Y218.41 E333.52516
G1 X204.091 Y217.988 E333.5631
G1 X203.758 Y217.683 E333.57433
G1 X203.605 Y217.664 E333.57817
G1 X202.67 Y217.898 E333.60215
G1 X201.487 Y217.532 E333.63296
G1 X201.101 Y217.209 E333.64549
G1 X200.902 Y217.137 E333.65075
G1 X199.979 Y216.22 E333.68313
G1 X199.867 Y216.033 E333.68855
G1 X199.539 Y214.909 E333.71769
G1 X199.883 Y213.761 E333.74751
G1 X200.757 Y212.854 E333.77885
G1 F2700 E333.27885
G0 F15000 X217.136 Y214.164
G1 F2700 E333.77885
G1 F2259.6 X217.456 Y213.041 E333.8079
G1 X218.314 Y212.165 E333.83841
G1 X219.524 Y211.854 E333.8695
G1 X219.935 Y211.97 E333.88013
G1 X220.47 Y211.845 E333.8938
G1 X220.55 Y211.853 E333.8958
G1 X221.093 Y211.714 E333.90975
G1 X222.591 Y212.135 E333.94846
G1 X222.748 Y212.13 E333.95237
G1 X223.385 Y211.485 E333.97493
G1 X224.609 Y211.17 E334.00638
G1 X225.521 Y211.422 E334.02992
G1 X225.767 Y211.367 E334.03619
G1 X226.931 Y211.695 E334.06629
G1 X227.78 Y212.588 E334.09695
G1 X228.101 Y213.698 E334.1257
G1 X227.978 Y214.188 E334.13827
G1 X228.117 Y214.678 E334.15094
G1 X227.788 Y215.862 E334.18152
G1 X227.557 Y216.1 E334.18977
G1 X227.488 Y216.318 E334.19546
G1 X226.578 Y217.228 E334.22748
G1 X225.323 Y217.577 E334.2599
G1 X225.03 Y217.494 E334.26747
G1 X224.915 Y217.505 E334.27035
G1 X224.642 Y217.431 E334.27739
G1 X223.781 Y217.671 E334.29963
G1 X223.385 Y217.586 E334.30971
G1 X223.262 Y217.612 E334.31283
G1 X223.131 Y217.728 E334.31719
G1 X221.626 Y218.154 E334.35611
G1 X221.186 Y218.041 E334.36741
G1 X220.563 Y218.195 E334.38338
G1 X220.3 Y218.128 E334.39013
G1 X219.594 Y218.326 E334.40838
G1 X218.426 Y218.014 E334.43846
G1 X217.498 Y217.131 E334.47033
G1 X217.176 Y216.019 E334.49914
G1 X217.451 Y215.147 E334.52189
G1 X217.136 Y214.164 E334.54758
G1 F2700 E334.04758
;MESH:axis.stl
G0 F15000 X217.136 Y218.972
G0 X217.137 Y220.057
G0 X222.948 Y220.207
G0 X223.385 Y220.595
G0 X222.984 Y220.269
M204 S1250
;TYPE:WALL-INNER
G1 F2700 E334.54758
G1 F2259.6 X223.126 Y220.58 E334.55653
G1 X223.13 Y222.05 E334.59503
G1 X224.37 Y222.05 E334.62751
G1 X224.37 Y221.541 E334.64084
G1 X224.222 Y221.052 E334.65423
G1 X223.94 Y220.657 E334.66694
G1 X223.817 Y220.548 E334.67124
G1 X223.418 Y220.341 E334.68302
G1 X222.984 Y220.269 E334.69454
M204 S2500
G1 F2700 E334.19454
G0 F15000 X223.385 Y220.595
G0 X222.948 Y220.207
G0 X207.071 Y220.207
G0 X206.548 Y220.497
G0 X206.057 Y220.292
M204 S1250
G1 F2700 E334.69454
G1 F2023.5 X206.522 Y220.762 E334.71388
G1 X206.839 Y220.762 E334.72315
G1 X206.852 Y220.56 E334.72907
G1 X207.115 Y220.29 E334.74009
G1 X206.057 Y220.292 E334.77104
M204 S2500
G0 F15000 X205.21 Y219.846
M204 S1250
;TYPE:WALL-OUTER
G1 F2259.6 X205.21 Y220.065 E334.77677
G1 X206.336 Y221.206 E334.81876
G1 X207.033 Y221.206 E334.83702
G1 X207.197 Y221.113 E334.84196
G1 X207.272 Y220.98 E334.84596
G1 X207.292 Y220.622 E334.85535
G1 F2036.6 X207.456 Y220.399 E334.86339
G1 F1853.6 X222.5 Y220.397 E335.34374
G1 F2040.9 X222.655 Y220.509 E335.34929
G1 F2259.6 X222.709 Y220.628 E335.35271
G1 X222.711 Y222.227 E335.39459
G1 X222.861 Y222.424 E335.40108
G1 X223.025 Y222.47 E335.40554
G1 X224.471 Y222.47 E335.44341
G1 X224.638 Y222.424 E335.44795
G1 X224.79 Y222.225 E335.45451
G1 X224.79 Y221.49 E335.47376
G1 X224.594 Y220.85 E335.49129
G1 X224.254 Y220.374 E335.50661
G1 X224.056 Y220.199 E335.51353
G1 X223.552 Y219.938 E335.5284
G1 X222.978 Y219.842 E335.54364
G1 F2040.9 X222.5 Y219.887 E335.55757
G1 F1853.6 X207.412 Y219.891 E336.03932
G1 F2036.6 X206.62 Y219.846 E336.06238
G1 F2259.6 X205.21 Y219.846 E336.09931
M204 S2500
G0 F15000 X205.21 Y220.046
G1 F2700 E335.59931
G0 F15000 X205.59 Y220.097
G0 X206.55 Y220.059
G0 X206.549 Y218.974
G0 X206.55 Y211.033
G0 X206.549 Y209.948
G0 X206.058 Y209.713
M204 S1250
;TYPE:WALL-INNER
G1 F2700 E336.09931
G1 F2019.2 X207.164 Y209.713 E336.13172
G1 X206.852 Y209.444 E336.1438
G1 X206.839 Y209.243 E336.1497
G1 X206.522 Y209.243 E336.15899
G1 X206.058 Y209.713 E336.17835
M204 S2500
G1 F2700 E335.67835
G0 F15000 X206.548 Y209.511
G0 X207.071 Y209.799
G0 X222.948 Y209.797
G0 X223.378 Y209.416
G0 X222.92 Y209.735
M204 S1250
G1 F2700 E336.17835
G1 F2259.6 X223.14 Y209.734 E336.18411
G1 X223.388 Y209.673 E336.1908
G1 X223.793 Y209.462 E336.20276
G1 X224.097 Y209.155 E336.21408
G1 X224.303 Y208.743 E336.22615
G1 X224.37 Y208.466 E336.23361
G1 X224.37 Y207.958 E336.24692
G1 X223.13 Y207.958 E336.2794
G1 X223.13 Y209.429 E336.31792
G1 X223.065 Y209.627 E336.32338
G1 X222.92 Y209.735 E336.32812
M204 S2500
G1 F2700 E335.82812
G0 F15000 X223.378 Y209.416
G0 X222.948 Y209.797
G0 X205.591 Y209.911
G0 X205.21 Y210.158
M204 S1250
;TYPE:WALL-OUTER
G1 F2700 E336.32812
G1 F2259.6 X206.62 Y210.158 E336.36505
G1 F2040.9 X207.5 Y210.113 E336.3906
G1 F1853.6 X222.588 Y210.109 E336.87236
G1 F2036.6 X223.19 Y210.154 E336.8899
G1 F2259.6 X223.537 Y210.069 E336.89926
G1 X224.045 Y209.804 E336.91427
G1 X224.443 Y209.403 E336.92906
G1 X224.701 Y208.887 E336.94417
G1 X224.79 Y208.515 E336.95419
G1 X224.79 Y207.779 E336.97347
G1 X224.626 Y207.568 E336.98047
G1 X224.552 Y207.538 E336.98256
G1 X222.954 Y207.538 E337.02442
G1 X222.797 Y207.625 E337.02912
G1 X222.71 Y207.776 E337.03368
G1 X222.708 Y209.42 E337.07674
G1 F2036.6 X222.544 Y209.601 E337.08384
G1 F1853.6 X207.5 Y209.603 E337.56419
G1 F2040.9 X207.292 Y209.379 E337.57306
G1 F2259.6 X207.252 Y208.957 E337.58416
G1 X207.042 Y208.798 E337.59106
G1 X206.336 Y208.798 E337.60955
G1 X205.21 Y209.939 E337.65154
G1 X205.21 Y210.158 E337.65727
M204 S2500
G0 F15000 X205.41 Y210.158
G1 F2700 E337.15727
;MESH:NONMESH
G0 F600 X205.41 Y210.158 Z9
G0 F15000 X205.591 Y209.911
G0 X204.335 Y209.942
G0 X200.864 Y212.843
;TIME_ELAPSED:554.141467
;LAYER:59
;note -- min layer time used
;TYPE:SUPPORT
G1 F2700 E337.65727
G1 F2263.9 X201.349 Y212.698 E337.66987
G1 X201.52 Y212.531 E337.67582
G1 X202.919 Y212.134 E337.712
G1 X204.218 Y212.474 E337.74541
G1 X204.712 Y212.347 E337.75811
G1 X205.102 Y212.153 E337.76894
G1 X206.643 Y211.718 E337.80879
G1 X207.863 Y212.029 E337.84011
G1 X208.275 Y212.446 E337.8547
G1 X208.429 Y212.485 E337.85865
G1 X209.952 Y212.05 E337.89807
G1 X210.235 Y212.104 E337.90523
G1 X210.797 Y211.938 E337.91982
G1 X211.943 Y212.23 E337.94924
G1 X212.748 Y213.053 E337.97789
G1 X213.045 Y214.112 E338.00526
G1 X212.749 Y215.075 E338.03032
G1 X213.001 Y215.854 E338.0507
G1 X212.704 Y216.949 E338.07893
G1 X211.886 Y217.738 E338.10721
G1 X211.619 Y217.853 E338.11444
G1 X210.417 Y218.162 E338.14532
G1 X209.133 Y217.774 E338.1787
G1 X208.042 Y217.46 E338.20695
G1 X207.909 Y217.471 E338.21027
G1 X207.299 Y218.06 E338.23137
G1 X207.136 Y218.104 E338.23557
G1 X207.056 Y218.17 E338.23815
G1 X205.832 Y218.486 E338.26961
G1 X204.369 Y218.064 E338.30749
G1 X203.965 Y217.677 E338.32141
G1 X203.834 Y217.659 E338.3247
G1 X202.857 Y217.909 E338.3498
G1 X201.747 Y217.575 E338.37864
G1 X201.449 Y217.324 E338.38834
G1 X201.009 Y217.175 E338.39989
G1 X200.055 Y216.229 E338.43332
G1 X199.659 Y214.873 E338.46848
G1 X199.999 Y213.742 E338.49786
G1 X200.864 Y212.843 E338.5289
G1 F2700 E338.0289
G0 F15000 X217.004 Y214.043
G1 F2700 E338.5289
G1 F2263.9 X217.304 Y212.989 E338.55617
G1 X218.121 Y212.154 E338.58524
G1 X219.267 Y211.87 E338.61462
G1 X219.508 Y211.921 E338.62075
G1 X220.207 Y211.745 E338.63868
G1 X220.318 Y211.762 E338.64148
G1 X220.821 Y211.638 E338.65437
G1 X222.322 Y212.059 E338.69316
G1 X222.469 Y212.177 E338.69785
G1 X222.645 Y212.154 E338.70227
G1 X223.23 Y211.565 E338.72292
G1 X224.426 Y211.25 E338.7537
G1 X225.529 Y211.555 E338.78217
G1 X225.767 Y211.495 E338.78828
G1 X226.867 Y211.807 E338.81673
G1 X227.668 Y212.648 E338.84563
G1 X227.973 Y213.696 E338.87279
G1 X227.896 Y213.978 E338.88006
G1 X228.101 Y214.678 E338.89821
G1 X227.776 Y215.853 E338.92855
G1 X227.54 Y216.094 E338.93694
G1 X227.472 Y216.31 E338.94258
G1 X226.57 Y217.212 E338.97432
G1 X225.322 Y217.561 E339.00656
G1 X224.981 Y217.463 E339.01539
G1 X224.788 Y217.491 E339.02024
G1 X224.579 Y217.447 E339.02556
G1 X223.44 Y217.778 E339.05507
G1 X222.996 Y217.681 E339.06638
G1 X222.74 Y217.813 E339.07355
G1 X221.489 Y218.177 E339.10597
G1 X221.028 Y218.066 E339.11776
G1 X220.274 Y218.258 E339.13713
G1 X219.848 Y218.143 E339.1481
G1 X219.318 Y218.274 E339.16169
G1 X218.218 Y217.982 E339.19001
G1 X217.338 Y217.146 E339.22021
G1 X217.032 Y216.1 E339.24733
G1 X217.13 Y215.765 E339.25601
G1 X217.08 Y215.553 E339.26143
G1 X217.26 Y214.991 E339.27612
G1 X217.077 Y214.417 E339.29111
G1 X217.089 Y214.316 E339.29364
G1 X217.004 Y214.043 E339.30075
G1 F2700 E338.80075
;MESH:axis.stl
G0 F15000 X217.001 Y218.936
G0 X217.001 Y220.04
G0 X222.948 Y220.177
G0 X223.384 Y220.563
G0 X222.98 Y220.237
M204 S1250
;TYPE:WALL-INNER
G1 F2700 E339.30075
G1 F2263.9 X223.126 Y220.545 E339.30968
G1 X223.13 Y222.026 E339.34847
G1 X224.37 Y222.026 E339.38095
G1 X224.37 Y221.51 E339.39447
G1 X224.304 Y221.233 E339.40193
G1 X224.096 Y220.819 E339.41406
G1 X223.791 Y220.509 E339.42545
G1 X223.412 Y220.309 E339.43668
G1 X222.98 Y220.237 E339.44815
M204 S2500
G1 F2700 E338.94815
G0 F15000 X223.384 Y220.563
G0 X222.948 Y220.177
G0 X207.071 Y220.177
G0 X206.536 Y220.457
G0 X206.055 Y220.253
M204 S1250
G1 F2700 E339.44815
G1 F2010.2 X206.525 Y220.736 E339.46803
G1 X206.837 Y220.736 E339.47723
G1 X206.851 Y220.525 E339.48347
G1 X207.12 Y220.252 E339.49477
G1 X206.055 Y220.253 E339.52619
M204 S2500
G0 F15000 X205.211 Y219.807
M204 S1250
;TYPE:WALL-OUTER
G1 F2263.9 X205.211 Y220.026 E339.53192
G1 X206.337 Y221.182 E339.57419
G1 X206.97 Y221.182 E339.59077
G1 X207.189 Y221.099 E339.59691
G1 X207.272 Y220.952 E339.60133
G1 X207.292 Y220.592 E339.61077
G1 F2023.1 X207.455 Y220.368 E339.61889
G1 F1842.7 X222.5 Y220.368 E340.10303
G1 F2040.4 X222.654 Y220.48 E340.10856
G1 F2263.9 X222.709 Y220.597 E340.11195
G1 X222.711 Y222.2 E340.15393
G1 X222.745 Y222.287 E340.15638
G1 X222.946 Y222.446 E340.16309
G1 X224.552 Y222.446 E340.20516
G1 X224.752 Y222.29 E340.2118
G1 X224.79 Y222.199 E340.21438
G1 X224.79 Y221.461 E340.23371
G1 X224.701 Y221.089 E340.24373
G1 X224.442 Y220.572 E340.25888
G1 X224.045 Y220.167 E340.27373
G1 X223.548 Y219.906 E340.28844
G1 X222.978 Y219.81 E340.30358
G1 F2040.4 X222.5 Y219.856 E340.31753
G1 F1842.7 X207.411 Y219.855 E340.80308
G1 F2023.1 X206.617 Y219.807 E340.8264
G1 F2263.9 X205.211 Y219.807 E340.86322
M204 S2500
G0 F15000 X205.211 Y220.007
G1 F2700 E340.36322
G0 F15000 X205.584 Y220.057
G0 X206.533 Y220.039
G0 X206.533 Y218.934
G0 X206.535 Y211.074
G0 X206.535 Y209.969
G0 X206.055 Y209.751
M204 S1250
;TYPE:WALL-INNER
G1 F2700 E340.86322
G1 F2006 X207.167 Y209.751 E340.89609
G1 X206.85 Y209.479 E340.90844
G1 X206.836 Y209.269 E340.91466
G1 X206.526 Y209.269 E340.92383
G1 X206.055 Y209.751 E340.94375
M204 S2500
G1 F2700 E340.44375
G0 F15000 X206.536 Y209.55
G0 X207.071 Y209.829
G0 X222.948 Y209.826
G0 X223.384 Y209.445
G0 X222.974 Y209.773
M204 S1250
G1 F2700 E340.94375
G1 F2263.9 X223.413 Y209.696 E340.95542
G1 X223.792 Y209.496 E340.96665
G1 X224.096 Y209.189 E340.97796
G1 X224.303 Y208.768 E340.99025
G1 X224.37 Y208.493 E340.99766
G1 X224.37 Y207.975 E341.01123
G1 X223.13 Y207.977 E341.04371
G1 X223.125 Y209.458 E341.0825
G1 X222.974 Y209.773 E341.09165
M204 S2500
G1 F2700 E340.59165
G0 F15000 X223.384 Y209.445
G0 X222.948 Y209.826
G0 X205.585 Y209.95
G0 X205.21 Y210.198
M204 S1250
;TYPE:WALL-OUTER
G1 F2700 E341.09165
G1 F2263.9 X206.616 Y210.198 E341.12848
G1 F2036.1 X207.5 Y210.151 E341.15426
G1 F1835.6 X222.589 Y210.148 E341.64169
G1 F1997.6 X222.977 Y210.192 E341.65328
G1 F2232 X223.551 Y210.098 E341.66874
G1 F2263.9 X224.045 Y209.837 E341.68337
G1 X224.442 Y209.436 E341.69815
G1 X224.701 Y208.912 E341.71346
G1 X224.79 Y208.543 E341.7234
G1 X224.79 Y207.805 E341.74273
G1 X224.753 Y207.715 E341.74528
G1 X224.548 Y207.555 E341.75209
G1 X222.946 Y207.558 E341.79405
G1 X222.745 Y207.713 E341.8007
G1 X222.71 Y207.803 E341.80323
G1 X222.709 Y209.404 E341.84516
G1 F2232 X222.657 Y209.525 E341.84866
G1 F1997.6 X222.545 Y209.633 E341.85328
G1 F1835.6 X207.5 Y209.637 E342.33929
G1 F2036.1 X207.292 Y209.412 E342.34822
G1 F2263.9 X207.252 Y208.985 E342.35945
G1 X207.136 Y208.87 E342.36373
G1 X206.98 Y208.822 E342.368
G1 X206.337 Y208.822 E342.38485
G1 X205.21 Y209.978 E342.42713
G1 X205.21 Y210.198 E342.43289
M204 S2500
G0 F15000 X205.41 Y210.198
G1 F2700 E341.93289
;MESH:NONMESH
G0 F600 X205.41 Y210.198 Z9.15
G0 F15000 X205.585 Y209.95
G0 X204.335 Y209.981
G0 X201.036 Y212.777
;TIME_ELAPSED:561.998985
;LAYER:60
;note -- min layer time used
;TYPE:SUPPORT
G1 F2700 E342.43289
G1 F2271.3 X201.933 Y212.511 E342.45617
G1 X202.005 Y212.457 E342.45841
G1 X203.317 Y212.066 E342.49248
G1 X204.615 Y212.398 E342.52582
G1 X206.914 Y211.77 E342.58512
G1 X208.075 Y212.066 E342.61493
G1 X208.388 Y212.381 E342.62598
G1 X208.513 Y212.43 E342.62932
G1 X208.712 Y212.35 E342.63466
G1 X210.172 Y211.926 E342.67249
G1 X210.611 Y212.037 E342.68376
G1 X211.053 Y211.926 E342.69509
G1 X212.127 Y212.194 E342.72264
G1 X212.884 Y212.973 E342.74967
G1 X213.165 Y213.972 E342.77549
G1 X212.821 Y215.082 E342.8044
G1 X213.113 Y215.998 E342.82833
G1 X212.839 Y217.037 E342.85506
G1 X212.054 Y217.798 E342.88227
G1 X210.65 Y218.154 E342.91831
G1 X209.729 Y217.878 E342.94223
G1 X209.623 Y217.893 E342.9449
G1 X208.182 Y217.494 E342.9821
G1 X208.031 Y217.54 E342.98603
G1 X207.462 Y218.082 E343.00558
G1 X206.108 Y218.43 E343.04037
G1 X204.705 Y218.028 E343.07669
G1 X204.269 Y217.604 E343.09182
G1 X204.141 Y217.582 E343.09505
G1 X203.037 Y217.865 E343.12341
G1 X201.904 Y217.521 E343.15287
G1 X201.837 Y217.473 E343.15492
G1 X201.159 Y217.264 E343.17258
G1 X200.194 Y216.308 E343.20638
G1 X199.773 Y214.896 E343.24304
G1 X200.119 Y213.729 E343.27333
G1 X201.036 Y212.777 E343.30622
G1 F2700 E342.80622
G0 F15000 X216.876 Y213.932
G1 F2700 E343.30622
G1 F2271.3 X217.156 Y212.937 E343.33194
G1 X217.925 Y212.158 E343.35917
G1 X219.944 Y211.642 E343.41103
G1 X220.143 Y211.69 E343.41612
G1 X220.605 Y211.578 E343.42795
G1 X222.049 Y211.984 E343.46527
G1 X222.283 Y212.215 E343.47346
G1 X222.452 Y212.244 E343.47772
G1 X222.535 Y212.202 E343.48004
G1 X223.074 Y211.661 E343.49904
G1 X224.238 Y211.35 E343.52902
G1 X225.504 Y211.696 E343.56168
G1 X225.768 Y211.627 E343.56847
G1 X226.803 Y211.919 E343.59522
G1 X227.556 Y212.712 E343.62244
G1 X227.841 Y213.691 E343.64781
G1 X227.826 Y213.792 E343.65035
G1 X228.085 Y214.678 E343.67332
G1 X227.76 Y215.843 E343.70341
G1 X227.529 Y216.084 E343.71172
G1 X227.458 Y216.296 E343.71728
G1 X226.558 Y217.196 E343.74895
G1 X225.322 Y217.541 E343.78088
G1 X224.957 Y217.435 E343.79034
G1 X224.684 Y217.466 E343.79718
G1 X223.186 Y217.894 E343.83594
G1 X222.652 Y217.748 E343.84972
G1 X221.234 Y218.154 E343.88642
G1 X220.908 Y218.083 E343.89472
G1 X219.993 Y218.322 E343.91825
G1 X219.334 Y218.147 E343.93522
G1 X219.05 Y218.222 E343.94253
G1 X218.002 Y217.946 E343.96949
G1 X217.174 Y217.158 E343.99794
G1 X216.888 Y216.179 E344.02331
G1 X216.986 Y215.843 E344.03202
G1 X216.948 Y215.676 E344.03628
G1 X217.166 Y214.999 E344.05398
G1 X216.946 Y214.296 E344.07231
G1 X216.957 Y214.2 E344.07472
G1 X216.876 Y213.932 E344.08168
G1 F2700 E343.58168
;MESH:axis.stl
G0 F15000 X216.874 Y218.895
G0 X216.874 Y220
G0 X222.948 Y220.148
G0 X223.39 Y220.503
G0 X222.871 Y220.191
M204 S1250
;TYPE:WALL-INNER
G1 F2700 E344.08168
G1 F2271.3 X223.06 Y220.305 E344.08746
G1 X223.13 Y220.506 E344.09304
G1 X223.129 Y222.001 E344.1322
G1 X224.37 Y221.999 E344.1647
G1 X224.37 Y221.484 E344.17819
G1 X224.221 Y220.99 E344.1917
G1 X223.94 Y220.59 E344.20451
G1 X223.817 Y220.483 E344.20878
G1 X223.387 Y220.253 E344.22155
G1 X223.138 Y220.191 E344.22827
G1 X222.871 Y220.191 E344.23526
M204 S2500
G1 F2700 E343.73526
G0 F15000 X223.39 Y220.503
G0 X222.948 Y220.148
G0 X207.071 Y220.147
G0 X206.531 Y220.417
G0 X206.052 Y220.214
M204 S1250
G1 F2700 E344.23526
G1 F2004 X206.526 Y220.702 E344.25546
G1 X206.835 Y220.701 E344.26463
G1 X206.85 Y220.489 E344.27094
G1 X207.122 Y220.213 E344.28244
G1 X206.052 Y220.214 E344.31421
M204 S2500
G0 F15000 X205.21 Y219.766
M204 S1250
;TYPE:WALL-OUTER
G1 F2271.3 X205.21 Y219.99 E344.32007
G1 X206.337 Y221.15 E344.36244
G1 X207.036 Y221.149 E344.38074
G1 X207.197 Y221.058 E344.38559
G1 X207.272 Y220.924 E344.38961
G1 X207.292 Y220.559 E344.39918
G1 F2021 X207.455 Y220.334 E344.40736
G1 F1834.5 X222.5 Y220.337 E344.89525
G1 F2034 X222.707 Y220.516 E344.90326
G1 F2271.3 X222.71 Y222.175 E344.94671
G1 X222.743 Y222.259 E344.94907
G1 X222.951 Y222.422 E344.95599
G1 X224.55 Y222.418 E344.99788
G1 X224.628 Y222.386 E345.00008
G1 X224.79 Y222.173 E345.00709
G1 X224.79 Y221.434 E345.02645
G1 X224.593 Y220.789 E345.04411
G1 X224.254 Y220.306 E345.05957
G1 X224.056 Y220.135 E345.06642
G1 X223.539 Y219.858 E345.08178
G1 X223.19 Y219.771 E345.09121
G1 F2034 X222.5 Y219.819 E345.11144
G1 F1834.5 X207.41 Y219.817 E345.60078
G1 F2021 X206.615 Y219.767 E345.62423
G1 F2271.3 X205.21 Y219.766 E345.66103
M204 S2500
G0 F15000 X205.21 Y219.966
G1 F2700 E345.16103
G0 F15000 X205.583 Y220.017
G0 X206.529 Y219.999
G0 X206.529 Y218.894
G0 X206.532 Y211.114
G0 X206.532 Y210.009
G0 X206.051 Y209.79
M204 S1250
;TYPE:WALL-INNER
G1 F2700 E345.66103
G1 F1999.8 X207.174 Y209.789 E345.69444
G1 X206.85 Y209.514 E345.70708
G1 X206.836 Y209.302 E345.7134
G1 X206.526 Y209.302 E345.72262
G1 X206.051 Y209.79 E345.74288
M204 S2500
G1 F2700 E345.24288
G0 F15000 X206.532 Y209.59
G0 X207.071 Y209.859
G0 X222.948 Y209.863
G0 X223.384 Y209.487
G0 X222.971 Y209.814
M204 S1250
G1 F2700 E345.74288
G1 F2271.3 X223.414 Y209.736 E345.75466
G1 X223.792 Y209.537 E345.76585
G1 X224.094 Y209.224 E345.77724
G1 X224.303 Y208.805 E345.78951
G1 X224.37 Y208.526 E345.79702
G1 X224.37 Y207.998 E345.81085
G1 X223.13 Y207.998 E345.84333
G1 X223.125 Y209.496 E345.88257
G1 X222.971 Y209.814 E345.89182
M204 S2500
G1 F2700 E345.39182
G0 F15000 X223.384 Y209.487
G0 X222.948 Y209.863
G0 X205.584 Y209.99
G0 X205.21 Y210.238
M204 S1250
;TYPE:WALL-OUTER
G1 F2700 E345.89182
G1 F2271.3 X206.615 Y210.238 E345.92862
G1 F2029.6 X207.5 Y210.188 E345.9546
G1 F1831 X222.59 Y210.187 E346.44489
G1 F1995.7 X222.977 Y210.232 E346.4565
G1 F2239.3 X223.551 Y210.138 E346.47196
G1 F2271.3 X224.048 Y209.877 E346.48666
G1 X224.442 Y209.469 E346.50152
G1 X224.701 Y208.948 E346.51676
G1 X224.79 Y208.575 E346.5268
G1 X224.79 Y207.833 E346.54623
G1 X224.641 Y207.628 E346.55287
G1 X224.466 Y207.578 E346.55764
G1 X223.03 Y207.578 E346.59525
G1 X222.86 Y207.627 E346.59989
G1 X222.71 Y207.833 E346.60656
G1 X222.709 Y209.44 E346.64865
G1 F2239.3 X222.656 Y209.561 E346.65216
G1 F1995.7 X222.545 Y209.67 E346.6568
G1 F1831 X207.5 Y209.668 E347.14562
G1 F2029.6 X207.292 Y209.442 E347.15463
G1 F2271.3 X207.252 Y209.013 E347.16591
G1 X207.045 Y208.854 E347.17275
G1 X206.337 Y208.854 E347.19129
G1 X205.21 Y210.014 E347.23365
G1 X205.21 Y210.238 E347.23952
M204 S2500
G0 F15000 X205.41 Y210.238
G1 F2700 E346.73952
;MESH:NONMESH
G0 F600 X205.41 Y210.238 Z9.3
G0 F15000 X205.584 Y209.99
G0 X204.335 Y210.021
G0 X201.189 Y212.721
;TIME_ELAPSED:569.870286
;LAYER:61
;note -- min layer time used
;TYPE:SUPPORT
G1 F2700 E347.23952
G1 F2273.9 X201.389 Y212.612 E347.24519
G1 X202.637 Y212.25 E347.27752
G1 X202.749 Y212.266 E347.28034
G1 X203.244 Y212.122 E347.29317
G1 X203.396 Y212.154 E347.29703
G1 X203.551 Y212.118 E347.30099
G1 X204.652 Y212.401 E347.32928
G1 X206.515 Y211.89 E347.37735
G1 X206.713 Y211.926 E347.38235
G1 X207.181 Y211.82 E347.39429
G1 X208.279 Y212.098 E347.42248
G1 X208.516 Y212.332 E347.43076
G1 X208.666 Y212.364 E347.43458
G1 X208.946 Y212.233 E347.44227
G1 X210.201 Y211.87 E347.47478
G1 X210.873 Y212.038 E347.49202
G1 X211.301 Y211.914 E347.5031
G1 X212.311 Y212.166 E347.52901
G1 X213.027 Y212.893 E347.5544
G1 X213.285 Y213.835 E347.5787
G1 X212.974 Y214.819 E347.60438
G1 X212.901 Y214.903 E347.60715
G1 X212.876 Y215.043 E347.61068
G1 X213.229 Y216.135 E347.63924
G1 X212.975 Y217.113 E347.66438
G1 X212.258 Y217.805 E347.68918
G1 X210.91 Y218.142 E347.72375
G1 X210.141 Y217.915 E347.7437
G1 X209.903 Y217.962 E347.74974
G1 X208.339 Y217.526 E347.79014
G1 X208.195 Y217.566 E347.79386
G1 X207.698 Y218.038 E347.81091
G1 X206.384 Y218.374 E347.84466
G1 X205.048 Y217.992 E347.87924
G1 X204.689 Y217.654 E347.89151
G1 X204.431 Y217.567 E347.89828
G1 X203.249 Y217.866 E347.92862
G1 X202.835 Y217.746 E347.93935
G1 X202.687 Y217.771 E347.94308
G1 X201.34 Y217.369 E347.97806
G1 X200.321 Y216.378 E348.01343
G1 X199.96 Y215.239 E348.04316
G1 X199.986 Y215.098 E348.04673
G1 X199.908 Y214.804 E348.05429
G1 X200.273 Y213.667 E348.08401
G1 X201.189 Y212.721 E348.11677
G1 F2700 E347.61677
G0 F15000 X216.744 Y213.819
G1 F2700 E348.11677
G1 F2273.9 X217.008 Y212.886 E348.1409
G1 X217.729 Y212.154 E348.16647
G1 X219.679 Y211.669 E348.21647
G1 X219.801 Y211.69 E348.21955
G1 X220.392 Y211.54 E348.23472
G1 X221.79 Y211.924 E348.27079
G1 X222.057 Y212.187 E348.28012
G1 X222.35 Y212.225 E348.28747
G1 X222.454 Y212.179 E348.2903
G1 X222.905 Y211.721 E348.30629
G1 X223.97 Y211.45 E348.33364
G1 X225.175 Y211.772 E348.36467
G1 X225.261 Y211.842 E348.36743
G1 X225.373 Y211.862 E348.37026
G1 X225.764 Y211.755 E348.38035
G1 X226.731 Y212.027 E348.40535
G1 X227.444 Y212.776 E348.43108
G1 X227.638 Y213.424 E348.44791
G1 X227.76 Y213.564 E348.45253
G1 X228.085 Y214.678 E348.4814
G1 X227.76 Y215.842 E348.51148
G1 X227.505 Y216.102 E348.52054
G1 X227.441 Y216.289 E348.52546
G1 X226.55 Y217.18 E348.55681
G1 X225.322 Y217.525 E348.58855
G1 X224.944 Y217.419 E348.59832
G1 X224.302 Y217.602 E348.61493
G1 X224.04 Y217.547 E348.62159
G1 X222.971 Y217.846 E348.64921
G1 X222.631 Y217.755 E348.65797
G1 X221.458 Y218.086 E348.6883
G1 X221.273 Y218.05 E348.69298
G1 X220.978 Y218.13 E348.70059
G1 X220.569 Y218.034 E348.71104
G1 X219.715 Y218.262 E348.73304
G1 X219.119 Y218.106 E348.74837
G1 X218.77 Y218.19 E348.7573
G1 X217.786 Y217.934 E348.7826
G1 X217.027 Y217.207 E348.80875
G1 X216.76 Y216.276 E348.83285
G1 X216.852 Y215.983 E348.84049
G1 X216.82 Y215.796 E348.84521
G1 X217.075 Y215.002 E348.86596
G1 X216.82 Y214.187 E348.88721
G1 X216.829 Y214.096 E348.88949
G1 X216.744 Y213.819 E348.8967
G1 F2700 E348.3967
;MESH:axis.stl
G0 F15000 X216.745 Y218.849
G0 X216.746 Y219.934
G0 X222.948 Y220.108
G0 X223.384 Y220.476
G0 X222.964 Y220.143
M204 S1250
;TYPE:WALL-INNER
G1 F2700 E348.8967
G1 F2273.9 X223.131 Y220.479 E348.90653
G1 X223.131 Y221.973 E348.94566
G1 X224.37 Y221.974 E348.97811
G1 X224.37 Y221.45 E348.99183
G1 X224.303 Y221.167 E348.99945
G1 X224.093 Y220.738 E349.01196
G1 X223.792 Y220.426 E349.02332
G1 X223.411 Y220.223 E349.03462
G1 X222.964 Y220.143 E349.04652
M204 S2500
G1 F2700 E348.54652
G0 F15000 X223.384 Y220.476
G0 X222.948 Y220.108
G0 X207.071 Y220.108
G0 X206.523 Y220.375
G0 X206.048 Y220.174
M204 S1250
G1 F2700 E349.04652
G1 F2002.2 X206.526 Y220.666 E349.06692
G1 X206.835 Y220.665 E349.07612
G1 X206.85 Y220.451 E349.0825
G1 X207.126 Y220.172 E349.09417
G1 X206.048 Y220.174 E349.12624
M204 S2500
G0 F15000 X205.21 Y219.726
M204 S1250
;TYPE:WALL-OUTER
G1 F2273.9 X205.21 Y219.954 E349.13221
G1 X206.337 Y221.114 E349.17457
G1 X207.048 Y221.113 E349.1932
G1 X207.196 Y221.027 E349.19768
G1 X207.272 Y220.888 E349.20183
G1 X207.292 Y220.522 E349.21143
G1 F2019.1 X207.455 Y220.297 E349.21962
G1 F1819.1 X222.5 Y220.294 E349.7122
G1 F2023.4 X222.65 Y220.408 E349.71775
G1 F2273.9 X222.708 Y220.525 E349.72117
G1 X222.71 Y222.144 E349.76358
G1 X222.862 Y222.348 E349.77024
G1 X223.029 Y222.394 E349.77478
G1 X224.502 Y222.393 E349.81336
G1 X224.689 Y222.312 E349.8187
G1 X224.79 Y222.129 E349.82417
G1 X224.79 Y221.401 E349.84324
G1 X224.701 Y221.024 E349.85338
G1 X224.441 Y220.494 E349.86885
G1 X224.048 Y220.086 E349.88368
G1 X223.55 Y219.821 E349.89846
G1 X222.973 Y219.718 E349.91381
G1 F2023.4 X222.5 Y219.77 E349.92782
G1 F1819.1 X207.41 Y219.776 E350.42187
G1 F2019.1 X206.614 Y219.726 E350.4454
G1 F2273.9 X205.21 Y219.726 E350.48217
M204 S2500
G0 F15000 X205.21 Y219.926
G1 F2700 E349.98217
G0 F15000 X205.577 Y219.975
G0 X206.527 Y219.937
G0 X206.526 Y218.852
G0 X206.529 Y211.156
G0 X206.529 Y210.051
G0 X206.05 Y209.83
M204 S1250
;TYPE:WALL-INNER
G1 F2700 E350.48217
G1 F2002.2 X207.174 Y209.829 E350.51561
G1 X206.85 Y209.553 E350.52827
G1 X206.836 Y209.338 E350.53468
G1 X206.527 Y209.338 E350.54387
G1 X206.05 Y209.83 E350.56425
M204 S2500
G1 F2700 E350.06425
G0 F15000 X206.524 Y209.632
G0 X207.071 Y209.898
G0 X222.948 Y209.9
G0 X223.384 Y209.532
G0 X222.973 Y209.853
M204 S1250
G1 F2700 E350.56425
G1 F2273.9 X223.423 Y209.779 E350.5762
G1 X223.771 Y209.599 E350.58646
G1 X224.093 Y209.266 E350.59859
G1 X224.302 Y208.838 E350.61107
G1 X224.37 Y208.554 E350.61872
G1 X224.37 Y208.03 E350.63244
G1 X223.13 Y208.031 E350.66492
G1 X223.126 Y209.526 E350.70408
G1 X222.973 Y209.853 E350.71354
M204 S2500
G1 F2700 E350.21354
G0 F15000 X223.384 Y209.532
G0 X222.948 Y209.9
G0 X205.578 Y210.032
G0 X205.21 Y210.278
M204 S1250
;TYPE:WALL-OUTER
G1 F2700 E350.71354
G1 F2273.9 X206.614 Y210.278 E350.75031
G1 F2032 X207.5 Y210.228 E350.77632
G1 F1833.1 X222.59 Y210.227 E351.26661
G1 F1998 X222.978 Y210.272 E351.27825
G1 F2241.9 X223.541 Y210.185 E351.29339
G1 F2273.9 X224.038 Y209.927 E351.30805
G1 X224.441 Y209.51 E351.32324
G1 X224.7 Y208.98 E351.33869
G1 X224.79 Y208.603 E351.34885
G1 X224.79 Y207.861 E351.36828
G1 X224.638 Y207.656 E351.37497
G1 X224.471 Y207.61 E351.3795
G1 X223.025 Y207.61 E351.41738
G1 X222.859 Y207.656 E351.42189
G1 X222.71 Y207.861 E351.42853
G1 X222.709 Y209.477 E351.47085
G1 F2241.9 X222.657 Y209.601 E351.47443
G1 F1998 X222.545 Y209.71 E351.47908
G1 F1833.1 X207.5 Y209.708 E351.96791
G1 F2032 X207.292 Y209.482 E351.97691
G1 F2273.9 X207.252 Y209.048 E351.98833
G1 X207.053 Y208.89 E351.99499
G1 X206.337 Y208.89 E352.01374
G1 X205.21 Y210.054 E352.05618
G1 X205.21 Y210.278 E352.06204
M204 S2500
G0 F15000 X205.41 Y210.278
G1 F2700 E351.56204
;MESH:NONMESH
G0 F600 X205.41 Y210.278 Z9.45
G0 F15000 X205.578 Y210.032
G0 X204.335 Y210.063
G0 X201.535 Y212.662
;TIME_ELAPSED:577.800862
;LAYER:62
;note -- min layer time used
;TYPE:SUPPORT
G1 F2700 E352.06204
G1 F2276.8 X203.46 Y212.09 E352.11201
G1 X204.734 Y212.424 E352.14478
G1 X206.279 Y212.003 E352.18463
G1 X206.556 Y212.005 E352.19152
G1 X206.97 Y211.882 E352.20227
G1 X207.15 Y211.922 E352.20686
G1 X207.445 Y211.871 E352.21431
G1 X208.488 Y212.134 E352.24107
G1 X208.735 Y212.376 E352.24968
G1 X208.929 Y212.396 E352.25453
G1 X209.141 Y212.28 E352.26054
G1 X210.455 Y211.913 E352.29449
G1 X211.073 Y212.049 E352.31023
G1 X211.55 Y211.91 E352.3226
G1 X212.495 Y212.138 E352.34679
G1 X213.168 Y212.828 E352.37077
G1 X213.409 Y213.696 E352.39318
G1 X213.117 Y214.626 E352.41744
G1 X212.828 Y214.961 E352.42845
G1 X212.814 Y215.117 E352.43235
G1 X213.055 Y215.393 E352.44146
G1 X213.345 Y216.287 E352.46485
G1 X213.107 Y217.193 E352.48816
G1 X212.438 Y217.841 E352.51133
G1 X211.198 Y218.146 E352.54311
G1 X210.523 Y217.943 E352.56065
G1 X210.168 Y218.03 E352.56974
G1 X208.715 Y217.615 E352.60734
G1 X208.586 Y217.504 E352.61158
G1 X208.404 Y217.477 E352.61615
G1 X207.819 Y218.033 E352.63624
G1 X206.668 Y218.322 E352.66577
G1 X205.387 Y217.952 E352.69894
G1 X205.213 Y217.794 E352.70479
G1 X204.765 Y217.655 E352.71646
G1 X204.57 Y217.531 E352.72221
G1 X204.446 Y217.553 E352.72535
G1 X204.353 Y217.634 E352.72842
G1 X203.43 Y217.869 E352.75211
G1 X202.905 Y217.732 E352.76562
G1 X201.622 Y217.353 E352.7989
G1 X200.673 Y216.433 E352.83179
G1 X200.336 Y215.371 E352.85952
G1 X200.399 Y215.114 E352.8661
G1 X200.276 Y214.66 E352.8778
G1 X200.621 Y213.592 E352.90573
G1 X201.535 Y212.662 E352.93818
G1 F2700 E352.43818
G0 F15000 X216.616 Y213.707
G1 F2700 E352.93818
G1 F2276.8 X216.864 Y212.838 E352.96066
G1 X217.536 Y212.159 E352.98443
G1 X218.345 Y211.965 E353.00514
G1 X220.01 Y211.533 E353.04794
G1 X220.25 Y211.556 E353.05394
G1 X221.515 Y211.893 E353.08651
G1 X221.792 Y212.167 E353.09621
G1 X221.898 Y212.206 E353.09902
G1 X222.343 Y212.197 E353.11009
G1 X222.77 Y211.827 E353.12415
G1 X223.787 Y211.554 E353.15035
G1 X224.876 Y211.851 E353.17844
G1 X224.97 Y211.935 E353.18158
G1 X225.085 Y211.958 E353.18449
G1 X225.62 Y211.822 E353.19823
G1 X226.646 Y212.122 E353.22483
G1 X227.325 Y212.833 E353.24929
G1 X227.526 Y213.491 E353.26641
G1 X227.648 Y213.631 E353.27103
G1 X227.957 Y214.678 E353.29819
G1 X227.648 Y215.778 E353.32663
G1 X227.53 Y215.917 E353.33116
G1 X227.424 Y216.281 E353.3406
G1 X226.542 Y217.164 E353.37165
G1 X225.321 Y217.505 E353.40319
G1 X225.009 Y217.42 E353.41124
G1 X224.051 Y217.682 E353.43595
G1 X223.563 Y217.562 E353.44846
G1 X222.796 Y217.774 E353.46826
G1 X222.464 Y217.685 E353.47681
G1 X221.213 Y218.03 E353.5091
G1 X221.058 Y218.008 E353.513
G1 X220.713 Y218.106 E353.52192
G1 X220.44 Y218.046 E353.52888
G1 X219.963 Y218.159 E353.54107
G1 X219.786 Y218.118 E353.5456
G1 X219.433 Y218.206 E353.55465
G1 X218.89 Y218.067 E353.5686
G1 X218.506 Y218.158 E353.57841
G1 X217.586 Y217.918 E353.60207
G1 X216.871 Y217.235 E353.62668
G1 X216.62 Y216.368 E353.64914
G1 X216.714 Y216.052 E353.65734
G1 X216.691 Y215.92 E353.66067
G1 X216.986 Y215.002 E353.68467
G1 X216.693 Y214.085 E353.70862
G1 X216.705 Y213.99 E353.711
G1 X216.616 Y213.707 E353.71838
G1 F2700 E353.21838
;MESH:axis.stl
G0 F15000 X216.614 Y218.795
G0 X216.614 Y219.9
G0 X222.948 Y220.063
G0 X223.384 Y220.424
G0 X222.965 Y220.095
M204 S1250
;TYPE:WALL-INNER
G1 F2700 E353.71838
G1 F2276.8 X223.126 Y220.437 E353.72829
G1 X223.13 Y221.946 E353.76781
G1 X224.37 Y221.948 E353.80029
G1 X224.37 Y221.412 E353.81433
G1 X224.222 Y220.912 E353.82799
G1 X223.951 Y220.524 E353.84038
G1 X223.58 Y220.239 E353.85264
G1 X223.437 Y220.176 E353.85673
G1 X222.965 Y220.095 E353.86927
M204 S2500
G1 F2700 E353.36927
G0 F15000 X223.384 Y220.424
G0 X222.948 Y220.063
G0 X207.071 Y220.064
G0 X206.505 Y220.319
G0 X206.041 Y220.121
M204 S1250
G1 F2700 E353.86927
G1 F1979.9 X206.529 Y220.629 E353.89049
G1 X206.832 Y220.627 E353.89962
G1 X206.847 Y220.402 E353.90641
G1 X207.129 Y220.12 E353.91842
G1 X206.041 Y220.121 E353.95119
M204 S2500
G0 F15000 X205.21 Y219.67
M204 S1250
;TYPE:WALL-OUTER
G1 F2276.8 X205.21 Y219.907 E353.9574
G1 X206.338 Y221.081 E354.00004
G1 X207.002 Y221.078 E354.01744
G1 X207.188 Y220.997 E354.02275
G1 X207.272 Y220.848 E354.02723
G1 X207.292 Y220.477 E354.03696
G1 F2009 X207.454 Y220.25 E354.04524
G1 F1811.1 X222.5 Y220.246 E354.54067
G1 F2026 X222.651 Y220.361 E354.54625
G1 F2276.8 X222.709 Y220.484 E354.54982
G1 X222.711 Y222.116 E354.59256
G1 X222.86 Y222.321 E354.5992
G1 X223.014 Y222.366 E354.6034
G1 X224.465 Y222.369 E354.64141
G1 X224.636 Y222.317 E354.64609
G1 X224.79 Y222.114 E354.65276
G1 X224.79 Y221.364 E354.67241
G1 X224.699 Y220.968 E354.68305
G1 X224.594 Y220.71 E354.69035
G1 X224.258 Y220.231 E354.70567
G1 X223.796 Y219.875 E354.72095
G1 X223.559 Y219.771 E354.72773
G1 X222.977 Y219.671 E354.74319
G1 F2026 X222.5 Y219.722 E354.75731
G1 F1811.1 X207.409 Y219.725 E355.25422
G1 F2009 X206.609 Y219.67 E355.27803
G1 F2276.8 X205.21 Y219.67 E355.31467
M204 S2500
G0 F15000 X205.21 Y219.87
G1 F2700 E354.81467
G0 F15000 X205.567 Y219.919
G0 X206.504 Y219.9
G0 X206.504 Y218.795
G0 X206.504 Y211.212
G0 X206.503 Y210.127
G0 X206.04 Y209.886
M204 S1250
;TYPE:WALL-INNER
G1 F2700 E355.31467
G1 F1971.7 X207.182 Y209.886 E355.34921
G1 X206.847 Y209.603 E355.36248
G1 X206.831 Y209.374 E355.36942
G1 X206.531 Y209.374 E355.37849
G1 X206.04 Y209.886 E355.39995
M204 S2500
G1 F2700 E354.89995
G0 F15000 X206.506 Y209.69
G0 X207.071 Y209.943
G0 X222.948 Y209.937
G0 X223.378 Y209.568
G0 X222.953 Y209.915
M204 S1250
G1 F2700 E355.39995
G1 F2276.8 X223.176 Y209.895 E355.40581
G1 X223.629 Y209.741 E355.41834
G1 X223.769 Y209.648 E355.42275
G1 X224.093 Y209.311 E355.43499
G1 X224.302 Y208.883 E355.44747
G1 X224.37 Y208.592 E355.45529
G1 X224.37 Y208.062 E355.46918
G1 X223.131 Y208.063 E355.50163
G1 X223.13 Y209.488 E355.53895
G1 X223.07 Y209.76 E355.54625
G1 X222.953 Y209.915 E355.55133
M204 S2500
G1 F2700 E355.05133
G0 F15000 X223.378 Y209.568
G0 X222.948 Y209.937
G0 X205.567 Y210.089
G0 X205.21 Y210.338
M204 S1250
;TYPE:WALL-OUTER
G1 F2700 E355.55133
G1 F2276.8 X206.608 Y210.338 E355.58795
G1 F2017.5 X207.5 Y210.284 E355.61437
G1 F1804.3 X222.591 Y210.279 E356.11316
G1 F2009 X222.975 Y210.335 E356.12468
G1 F2276.8 X223.264 Y210.309 E356.13228
G1 X223.815 Y210.121 E356.14753
G1 X224.04 Y209.973 E356.15458
G1 X224.441 Y209.554 E356.16977
G1 X224.7 Y209.025 E356.1852
G1 X224.79 Y208.64 E356.19556
G1 X224.79 Y207.889 E356.21523
G1 X224.63 Y207.675 E356.22222
G1 X224.547 Y207.642 E356.22456
G1 X222.946 Y207.642 E356.2665
G1 X222.745 Y207.801 E356.27321
G1 X222.711 Y207.888 E356.27566
G1 X222.71 Y209.555 E356.31932
G1 F2009 X222.546 Y209.751 E356.32691
G1 F1804.3 X207.5 Y209.756 E356.82421
G1 F2017.5 X207.293 Y209.528 E356.83331
G1 F2276.8 X207.251 Y209.087 E356.84492
G1 X207.14 Y208.971 E356.84912
G1 X206.967 Y208.922 E356.85383
G1 X206.338 Y208.922 E356.87031
G1 X205.21 Y210.1 E356.91303
G1 X205.21 Y210.338 E356.91926
M204 S2500
G0 F15000 X205.41 Y210.338
G1 F2700 E356.41926
;MESH:NONMESH
G0 F600 X205.41 Y210.338 Z9.6
G0 F15000 X205.567 Y210.089
G0 X204.335 Y210.121
G0 X201.823 Y212.667
;TIME_ELAPSED:585.739855
;LAYER:63
;note -- min layer time used
;TYPE:SUPPORT
G1 F2700 E356.91926
G1 F2280.9 X202.617 Y212.435 E356.93984
G1 X202.699 Y212.365 E356.94253
G1 X203.578 Y212.098 E356.96538
G1 X204.448 Y212.319 E356.98772
G1 X204.507 Y212.358 E356.98948
G1 X205.085 Y212.508 E357.00434
G1 X205.274 Y212.44 E357.00934
G1 X206.178 Y212.191 E357.03267
G1 X206.248 Y212.15 E357.03469
G1 X207.144 Y211.88 E357.05797
G1 X207.57 Y211.958 E357.06875
G1 X207.729 Y211.93 E357.07276
G1 X208.693 Y212.17 E357.09748
G1 X208.958 Y212.428 E357.10669
G1 X209.154 Y212.453 E357.1116
G1 X209.319 Y212.359 E357.11633
G1 X210.721 Y211.973 E357.15251
G1 X210.971 Y211.974 E357.15873
G1 X211.345 Y212.047 E357.16821
G1 X211.791 Y211.937 E357.17964
G1 X212.688 Y212.158 E357.20263
G1 X213.325 Y212.795 E357.22505
G1 X213.556 Y213.6 E357.24589
G1 X213.287 Y214.448 E357.26802
G1 X212.818 Y214.921 E357.2846
G1 X212.798 Y215.049 E357.28782
G1 X212.873 Y215.269 E357.29361
G1 X213.188 Y215.601 E357.30499
G1 X213.465 Y216.435 E357.32686
G1 X213.243 Y217.277 E357.34853
G1 X212.619 Y217.881 E357.37014
G1 X211.442 Y218.166 E357.40027
G1 X210.631 Y217.93 E357.42129
G1 X210.438 Y217.969 E357.42619
G1 X209.057 Y217.572 E357.46194
G1 X208.851 Y217.378 E357.46898
G1 X208.648 Y217.342 E357.47411
G1 X207.918 Y218.039 E357.49923
G1 X206.909 Y218.294 E357.52512
G1 X205.753 Y217.945 E357.55517
G1 X205.554 Y217.76 E357.56193
G1 X205.114 Y217.62 E357.57342
G1 X204.908 Y217.427 E357.58044
G1 X204.772 Y217.399 E357.5839
G1 X204.668 Y217.444 E357.58672
G1 X204.457 Y217.65 E357.59406
G1 X203.598 Y217.869 E357.61611
G1 X202.753 Y217.606 E357.63813
G1 X202.702 Y217.569 E357.6397
G1 X201.901 Y217.333 E357.66048
G1 X201.013 Y216.47 E357.69129
G1 X200.7 Y215.481 E357.7171
G1 X200.814 Y215.083 E357.72741
G1 X200.656 Y214.539 E357.7415
G1 X200.974 Y213.536 E357.76768
G1 X201.823 Y212.667 E357.79791
G1 F2700 E357.29791
G0 F15000 X216.496 Y213.604
G1 F2700 E357.79791
G1 F2280.9 X216.728 Y212.798 E357.81878
G1 X217.349 Y212.166 E357.84083
G1 X219.147 Y211.721 E357.88692
G1 X219.257 Y211.738 E357.88969
G1 X219.713 Y211.622 E357.9014
G1 X219.969 Y211.659 E357.90783
G1 X221.155 Y211.981 E357.93841
G1 X221.537 Y212.339 E357.95144
G1 X221.651 Y212.352 E357.95429
G1 X221.901 Y212.294 E357.96068
G1 X222.021 Y212.31 E357.96369
G1 X222.161 Y212.26 E357.96739
G1 X222.465 Y211.953 E357.97814
G1 X223.517 Y211.68 E358.00518
G1 X223.714 Y211.693 E358.0101
G1 X224.622 Y211.934 E358.03347
G1 X224.804 Y212.024 E358.03853
G1 X225.416 Y211.87 E358.05423
G1 X226.472 Y212.175 E358.08158
G1 X227.167 Y212.88 E358.10621
G1 X227.363 Y213.502 E358.12244
G1 X227.54 Y213.692 E358.1289
G1 X227.825 Y214.673 E358.15432
G1 X227.749 Y215.067 E358.1643
G1 X227.412 Y216.27 E358.19539
G1 X226.53 Y217.152 E358.22643
G1 X225.323 Y217.485 E358.25758
G1 X225.013 Y217.411 E358.26551
G1 X223.827 Y217.738 E358.29613
G1 X223.258 Y217.585 E358.31079
G1 X222.561 Y217.789 E358.32886
G1 X222.041 Y217.663 E358.34217
G1 X220.531 Y218.086 E358.38119
G1 X220.156 Y217.986 E358.39085
G1 X219.674 Y218.087 E358.4031
G1 X219.537 Y218.058 E358.40659
G1 X219.153 Y218.158 E358.41646
G1 X218.593 Y218.015 E358.43084
G1 X218.254 Y218.099 E358.43953
G1 X217.377 Y217.874 E358.46206
G1 X216.706 Y217.238 E358.48506
G1 X216.472 Y216.446 E358.50561
G1 X216.562 Y216.042 E358.51591
G1 X216.894 Y215.026 E358.54251
G1 X216.893 Y214.931 E358.54487
G1 X216.57 Y213.95 E358.57057
G1 X216.496 Y213.604 E358.57938
G1 F2700 E358.07938
;MESH:axis.stl
G0 F15000 X216.493 Y218.739
G0 X216.493 Y219.844
G0 X222.948 Y220.019
G0 X223.384 Y220.368
G0 X222.958 Y220.038
M204 S1250
;TYPE:WALL-INNER
G1 F2700 E358.57938
G1 F2280.9 X223.131 Y220.377 E358.58935
G1 X223.13 Y221.91 E358.6295
G1 X224.37 Y221.91 E358.66198
G1 X224.37 Y221.364 E358.67628
G1 X224.224 Y220.867 E358.68985
G1 X223.933 Y220.445 E358.70327
G1 X223.808 Y220.331 E358.7077
G1 X223.407 Y220.116 E358.71962
G1 X222.958 Y220.038 E358.73156
M204 S2500
G1 F2700 E358.23156
G0 F15000 X223.384 Y220.368
G0 X222.948 Y220.019
G0 X207.071 Y220.019
G0 X206.494 Y220.262
G0 X206.038 Y220.064
M204 S1250
G1 F2700 E358.73156
G1 F1963.1 X206.537 Y220.588 E358.75358
G1 X206.828 Y220.588 E358.76243
G1 X206.846 Y220.349 E358.76973
G1 X207.133 Y220.063 E358.78206
G1 X206.038 Y220.064 E358.81538
M204 S2500
G0 F15000 X205.21 Y219.61
M204 S1250
;TYPE:WALL-OUTER
G1 F2280.9 X205.21 Y219.852 E358.82172
G1 X206.343 Y221.042 E358.86476
G1 X206.97 Y221.042 E358.88118
G1 X207.188 Y220.958 E358.8873
G1 X207.272 Y220.805 E358.89187
G1 X207.293 Y220.427 E358.90179
G1 F2004.1 X207.454 Y220.199 E358.91011
G1 F1794 X222.5 Y220.199 E359.41117
G1 F2016.8 X222.65 Y220.315 E359.41678
G1 F2280.9 X222.708 Y220.429 E359.42013
G1 X222.71 Y222.08 E359.46338
G1 X222.745 Y222.168 E359.46586
G1 X222.943 Y222.33 E359.47256
G1 X224.544 Y222.329 E359.51449
G1 X224.695 Y222.243 E359.51904
G1 X224.79 Y222.067 E359.52428
G1 X224.79 Y221.316 E359.54395
G1 X224.597 Y220.668 E359.56166
G1 X224.252 Y220.167 E359.57759
G1 X224.053 Y219.985 E359.58466
G1 X223.546 Y219.714 E359.59972
G1 X222.977 Y219.615 E359.61484
G1 F2016.8 X222.5 Y219.669 E359.62906
G1 F1794 X207.408 Y219.668 E360.13165
G1 F2004.1 X206.606 Y219.611 E360.15562
G1 F2280.9 X205.21 Y219.61 E360.19218
M204 S2500
G0 F15000 X205.21 Y219.81
G1 F2700 E359.69218
G0 F15000 X205.561 Y219.862
G0 X206.49 Y219.843
G0 X206.49 Y218.738
G0 X206.49 Y211.27
G0 X206.49 Y210.165
G0 X206.039 Y209.94
M204 S1250
;TYPE:WALL-INNER
G1 F2700 E360.19218
G1 F1963.1 X207.185 Y209.94 E360.22706
G1 X206.845 Y209.655 E360.24056
G1 X206.829 Y209.419 E360.24776
G1 X206.533 Y209.418 E360.25677
G1 X206.039 Y209.94 E360.27864
M204 S2500
G1 F2700 E359.77864
G0 F15000 X206.493 Y209.746
G0 X207.071 Y209.988
G0 X222.948 Y209.988
G0 X223.382 Y209.638
G0 X222.953 Y209.972
M204 S1250
G1 F2700 E360.27864
G1 F2280.9 X223.406 Y209.893 E360.29068
G1 X223.785 Y209.687 E360.30198
G1 X224.091 Y209.358 E360.31375
G1 X224.301 Y208.929 E360.32626
G1 X224.366 Y208.644 E360.33392
G1 X224.368 Y208.095 E360.3483
G1 X223.13 Y208.094 E360.38072
G1 X223.13 Y209.632 E360.42101
G1 X222.953 Y209.972 E360.43105
M204 S2500
G1 F2700 E359.93105
G0 F15000 X223.382 Y209.638
G0 X222.948 Y209.988
G0 X205.561 Y210.146
G0 X205.21 Y210.394
M204 S1250
;TYPE:WALL-OUTER
G1 F2700 E360.43105
G1 F2280.9 X206.605 Y210.394 E360.46759
G1 F2012.6 X207.5 Y210.338 E360.49421
G1 F1794 X222.592 Y210.336 E360.9968
G1 F1971.2 X222.977 Y210.386 E361.00856
G1 F2238.3 X223.546 Y210.295 E361.02394
G1 F2280.9 X224.045 Y210.023 E361.03883
G1 X224.441 Y209.599 E361.05402
G1 X224.7 Y209.069 E361.06948
G1 X224.786 Y208.692 E361.0796
G1 X224.789 Y207.925 E361.09969
G1 X224.752 Y207.834 E361.10227
G1 X224.553 Y207.674 E361.10895
G1 X222.946 Y207.674 E361.15105
G1 X222.748 Y207.832 E361.15768
G1 X222.71 Y207.925 E361.16031
G1 X222.707 Y209.577 E361.20358
G1 F2004.1 X222.546 Y209.805 E361.2119
G1 F1794 X207.5 Y209.806 E361.71296
G1 F2012.6 X207.293 Y209.577 E361.72212
G1 F2280.9 X207.251 Y209.132 E361.73383
G1 X207.134 Y209.009 E361.73828
G1 X206.995 Y208.966 E361.74209
G1 X206.338 Y208.963 E361.7593
G1 X205.21 Y210.156 E361.8023
G1 X205.21 Y210.394 E361.80853
M204 S2500
G0 F15000 X205.41 Y210.394
G1 F2700 E361.30853
;MESH:NONMESH
G0 F600 X205.41 Y210.394 Z9.75
G0 F15000 X205.561 Y210.146
G0 X204.335 Y210.178
G0 X202.091 Y212.682
;TIME_ELAPSED:593.706065
;LAYER:64
;note -- min layer time used
;TYPE:SUPPORT
G1 F2700 E361.80853
G1 F2291.3 X202.737 Y212.489 E361.82531
G1 X202.838 Y212.405 E361.82858
G1 X203.752 Y212.146 E361.85222
G1 X204.564 Y212.351 E361.87306
G1 X204.623 Y212.39 E361.87482
G1 X205.125 Y212.522 E361.88773
G1 X205.264 Y212.647 E361.89238
G1 X205.467 Y212.65 E361.89743
G1 X205.626 Y212.501 E361.90286
G1 X206.229 Y212.342 E361.91837
G1 X206.395 Y212.196 E361.92387
G1 X207.308 Y211.93 E361.94754
G1 X207.654 Y212.01 E361.95637
G1 X208.009 Y211.978 E361.96524
G1 X208.896 Y212.198 E361.98798
G1 X209.233 Y212.514 E361.99948
G1 X209.329 Y212.53 E362.0019
G1 X209.584 Y212.461 E362.00847
G1 X209.681 Y212.388 E362.01149
G1 X211.195 Y211.973 E362.05056
G1 X211.532 Y212.057 E362.0592
G1 X212.067 Y211.913 E362.07298
G1 X212.879 Y212.11 E362.09377
G1 X213.451 Y212.696 E362.11415
G1 X213.649 Y213.446 E362.13345
G1 X213.391 Y214.25 E362.15446
G1 X212.898 Y214.793 E362.17271
G1 X212.875 Y214.915 E362.1758
G1 X213.06 Y215.511 E362.19133
G1 X213.336 Y215.797 E362.20122
G1 X213.592 Y216.567 E362.22141
G1 X213.388 Y217.332 E362.24111
G1 X212.811 Y217.885 E362.261
G1 X211.991 Y218.087 E362.28201
G1 X211.666 Y218.131 E362.29017
G1 X210.8 Y217.894 E362.31251
G1 X210.709 Y217.906 E362.3148
G1 X209.395 Y217.528 E362.34882
G1 X209.035 Y217.237 E362.36034
G1 X208.88 Y217.268 E362.36427
G1 X208.168 Y217.937 E362.38858
G1 X207.98 Y218.046 E362.39399
G1 X207.11 Y218.266 E362.41632
G1 X206.232 Y218 E362.43914
G1 X206.068 Y217.915 E362.44374
G1 X205.807 Y217.682 E362.45245
G1 X205.447 Y217.576 E362.46178
G1 X205.275 Y217.418 E362.4676
G1 X205.183 Y217.383 E362.47005
G1 X205.069 Y217.4 E362.47291
G1 X204.959 Y217.491 E362.47647
G1 X204.672 Y217.573 E362.48389
G1 X204.558 Y217.674 E362.48768
G1 X203.759 Y217.877 E362.5082
G1 X202.979 Y217.631 E362.52855
G1 X202.834 Y217.519 E362.53311
G1 X202.182 Y217.321 E362.55006
G1 X201.337 Y216.501 E362.57936
G1 X201.036 Y215.559 E362.60397
G1 X201.164 Y215.083 E362.61623
G1 X200.991 Y214.449 E362.63258
G1 X201.29 Y213.503 E362.65727
G1 X202.091 Y212.682 E362.68581
G1 F2700 E362.18581
G0 F15000 X216.38 Y213.486
G1 F2700 E362.68581
G1 F2291.3 X216.589 Y212.725 E362.70545
G1 X217.168 Y212.134 E362.72603
G1 X217.971 Y211.939 E362.7466
G1 X218.068 Y211.949 E362.74902
G1 X218.884 Y211.746 E362.76995
G1 X219.083 Y211.798 E362.77506
G1 X219.579 Y211.721 E362.78755
G1 X220.803 Y212.056 E362.81913
G1 X221.144 Y212.393 E362.83106
G1 X221.301 Y212.442 E362.83515
G1 X221.531 Y212.388 E362.84103
G1 X221.758 Y212.437 E362.84681
G1 X221.887 Y212.419 E362.85005
G1 X222.317 Y211.986 E362.86523
G1 X223.254 Y211.746 E362.8893
G1 X224.531 Y212.094 E362.92224
G1 X225.22 Y211.922 E362.93991
G1 X226.217 Y212.203 E362.96568
G1 X226.854 Y212.852 E362.98831
G1 X227.007 Y213.336 E363.00094
G1 X227.411 Y213.766 E363.01562
G1 X227.67 Y214.715 E363.0401
G1 X227.658 Y214.806 E363.04238
G1 X227.729 Y215.062 E363.04899
G1 X227.392 Y216.262 E363.08001
G1 X226.522 Y217.136 E363.11069
G1 X225.33 Y217.469 E363.14149
G1 X225.05 Y217.392 E363.14871
G1 X223.587 Y217.79 E363.18644
G1 X223.009 Y217.634 E363.20134
G1 X222.404 Y217.817 E363.21707
G1 X221.712 Y217.631 E363.2349
G1 X220.29 Y218.03 E363.27164
G1 X219.823 Y217.918 E363.28359
G1 X219.391 Y218.019 E363.29463
G1 X219.286 Y218.002 E363.29728
G1 X218.882 Y218.106 E363.30766
G1 X218.398 Y217.986 E363.32007
G1 X217.946 Y218.106 E363.33171
G1 X217.161 Y217.909 E363.35184
G1 X216.552 Y217.328 E363.37279
G1 X216.352 Y216.584 E363.39196
G1 X216.451 Y216.289 E363.3997
G1 X216.436 Y216.156 E363.40303
G1 X216.708 Y215.334 E363.42457
G1 X216.965 Y215.071 E363.43372
G1 X216.998 Y214.936 E363.43718
G1 X216.95 Y214.821 E363.44028
G1 X216.756 Y214.629 E363.44708
G1 X216.38 Y213.486 E363.47702
G1 F2700 E362.97702
;MESH:axis.stl
G0 F15000 X216.381 Y218.676
G0 X216.382 Y219.761
G0 X222.948 Y219.972
G0 X223.377 Y220.322
G0 X222.902 Y219.966
M204 S1250
;TYPE:WALL-INNER
G1 F2700 E363.47702
G1 F2291.3 X222.964 Y219.992 E363.47878
G1 X223.061 Y220.13 E363.48319
G1 X223.13 Y220.42 E363.491
G1 X223.13 Y221.87 E363.52898
G1 X224.37 Y221.87 E363.56146
G1 X224.37 Y221.324 E363.57576
G1 X224.302 Y221.03 E363.58366
G1 X224.09 Y220.589 E363.59648
G1 X223.766 Y220.245 E363.60886
G1 X223.618 Y220.147 E363.61351
G1 X223.173 Y219.984 E363.62592
G1 X222.902 Y219.966 E363.63303
M204 S2500
G1 F2700 E363.13303
G0 F15000 X223.377 Y220.322
G0 X222.948 Y219.972
G0 X207.07 Y219.973
G0 X206.485 Y220.203
G0 X206.034 Y220.009
M204 S1250
G1 F2700 E363.63303
G1 F1960 X206.534 Y220.539 E363.65535
G1 X206.828 Y220.538 E363.66435
G1 X206.845 Y220.298 E363.67171
G1 X207.14 Y220.008 E363.68438
G1 X206.034 Y220.009 E363.71825
M204 S2500
G0 F15000 X205.21 Y219.554
M204 S1250
;TYPE:WALL-OUTER
G1 F2291.3 X205.21 Y219.8 E363.72469
G1 X206.339 Y220.994 E363.76773
G1 X207.05 Y220.994 E363.78635
G1 X207.249 Y220.833 E363.79306
G1 X207.293 Y220.381 E363.80495
G1 F1996.6 X207.453 Y220.152 E363.81335
G1 F1775.5 X222.5 Y220.149 E364.32195
G1 F2000.7 X222.71 Y220.344 E364.33054
G1 F2291.3 X222.71 Y222.037 E364.37489
G1 X222.745 Y222.128 E364.37744
G1 X222.951 Y222.29 E364.38431
G1 X224.536 Y222.29 E364.42582
G1 X224.695 Y222.199 E364.43062
G1 X224.79 Y222.023 E364.43586
G1 X224.79 Y221.276 E364.45542
G1 X224.7 Y220.89 E364.46581
G1 X224.44 Y220.349 E364.48153
G1 X224.039 Y219.922 E364.49687
G1 X223.808 Y219.769 E364.50413
G1 X223.265 Y219.571 E364.51927
G1 X222.975 Y219.546 E364.52689
G1 F2000.7 X222.5 Y219.607 E364.54125
G1 F1775.5 X207.407 Y219.613 E365.05141
G1 F1996.6 X206.604 Y219.553 E365.07561
G1 F2291.3 X205.21 Y219.554 E365.11212
M204 S2500
G0 F15000 X205.21 Y219.754
G1 F2700 E364.61212
G0 F15000 X205.556 Y219.803
G0 X206.489 Y219.764
G0 X206.488 Y218.679
G0 X206.492 Y211.329
G0 X206.492 Y210.224
G0 X206.034 Y209.995
M204 S1250
;TYPE:WALL-INNER
G1 F2700 E365.11212
G1 F1960 X207.193 Y209.994 E365.14761
G1 X206.845 Y209.705 E365.16146
G1 X206.828 Y209.465 E365.16883
G1 X206.534 Y209.465 E365.17783
G1 X206.034 Y209.995 E365.20014
M204 S2500
G1 F2700 E364.70014
G0 F15000 X206.486 Y209.804
G0 X207.07 Y210.034
G0 X222.948 Y210.04
G0 X223.382 Y209.709
G0 X222.866 Y210.034
M204 S1250
G1 F2700 E365.20014
G1 F2291.3 X223.126 Y210.034 E365.20695
G1 X223.573 Y209.883 E365.21931
G1 X223.967 Y209.575 E365.23241
G1 X224.079 Y209.437 E365.23707
G1 X224.301 Y208.971 E365.25059
G1 X224.37 Y208.676 E365.25852
G1 X224.37 Y208.126 E365.27293
G1 X223.131 Y208.127 E365.30538
G1 X223.129 Y209.688 E365.34627
G1 X223.045 Y209.91 E365.35248
G1 X222.866 Y210.034 E365.35819
M204 S2500
G1 F2700 E364.85819
G0 F15000 X223.382 Y209.709
G0 X222.948 Y210.04
G0 X205.557 Y210.204
G0 X205.21 Y210.45
M204 S1250
;TYPE:WALL-OUTER
G1 F2700 E365.35819
G1 F2291.3 X206.604 Y210.45 E365.3947
G1 F2013.3 X207.5 Y210.391 E365.42147
G1 F1788.7 X222.593 Y210.393 E365.92785
G1 F2004.9 X223.18 Y210.454 E365.94552
G1 F2291.3 X223.548 Y210.357 E365.95549
G1 X223.793 Y210.243 E365.96256
G1 X224.263 Y209.877 E365.97817
G1 X224.437 Y209.663 E365.98539
G1 X224.7 Y209.11 E366.00143
G1 X224.79 Y208.724 E366.01181
G1 X224.79 Y207.969 E366.03159
G1 X224.635 Y207.754 E366.03853
G1 X224.47 Y207.706 E366.04303
G1 X223.026 Y207.706 E366.08085
G1 X222.861 Y207.754 E366.08535
G1 X222.71 Y207.967 E366.09219
G1 X222.707 Y209.633 E366.13583
G1 F2004.9 X222.547 Y209.858 E366.14409
G1 F1788.7 X207.5 Y209.853 E366.64894
G1 F2013.3 X207.293 Y209.623 E366.65816
G1 F2291.3 X207.248 Y209.169 E366.67011
G1 X207.048 Y209.01 E366.6768
G1 X206.339 Y209.01 E366.69537
G1 X205.21 Y210.204 E366.73841
G1 X205.21 Y210.45 E366.74486
M204 S2500
G0 F15000 X205.41 Y210.45
G1 F2700 E366.24486
;MESH:NONMESH
G0 F600 X205.41 Y210.45 Z9.9
G0 F15000 X205.557 Y210.204
G0 X204.335 Y210.236
G0 X202.314 Y212.736
;TIME_ELAPSED:601.757057
;LAYER:65
;note -- min layer time used
;TYPE:SUPPORT
G1 F2700 E366.74486
G1 F2301.9 X202.464 Y212.65 E366.74916
G1 X203.065 Y212.469 E366.76478
G1 X203.118 Y212.433 E366.76637
G1 X203.953 Y212.194 E366.78798
G1 X204.701 Y212.378 E366.80715
G1 X204.771 Y212.425 E366.80925
G1 X205.267 Y212.557 E366.82202
G1 X205.506 Y212.79 E366.83033
G1 X205.629 Y212.822 E366.83349
G1 X205.73 Y212.792 E366.83611
G1 X205.969 Y212.564 E366.84433
G1 X206.358 Y212.455 E366.85438
G1 X206.552 Y212.278 E366.86092
G1 X206.688 Y212.226 E366.86454
G1 X206.802 Y212.121 E366.86839
G1 X207.56 Y211.886 E366.88814
G1 X207.988 Y211.986 E366.89908
G1 X208.08 Y211.974 E366.90139
G1 X209.101 Y212.223 E366.92754
G1 X209.435 Y212.556 E366.93927
G1 X209.522 Y212.598 E366.94168
G1 X209.95 Y212.501 E366.9526
G1 X210.035 Y212.427 E366.9554
G1 X211.482 Y211.998 E366.99295
G1 X211.738 Y212.05 E366.99945
G1 X212.303 Y211.926 E367.01385
G1 X213.065 Y212.107 E367.03334
G1 X213.577 Y212.623 E367.05142
G1 X213.784 Y213.321 E367.06954
G1 X213.547 Y214.051 E367.08864
G1 X212.921 Y214.681 E367.11074
G1 X212.89 Y214.865 E367.11538
G1 X213.023 Y215.035 E367.12075
G1 X213.278 Y215.797 E367.14074
G1 X213.468 Y215.997 E367.14761
G1 X213.701 Y216.696 E367.16594
G1 X213.515 Y217.41 E367.1843
G1 X212.994 Y217.92 E367.20244
G1 X212.246 Y218.097 E367.22157
G1 X212.157 Y218.078 E367.22383
G1 X211.945 Y218.122 E367.22922
G1 X209.731 Y217.484 E367.28655
G1 X209.262 Y217.051 E367.30244
G1 X209.062 Y217.049 E367.30741
G1 X208.975 Y217.136 E367.31047
G1 X208.885 Y217.438 E367.31832
G1 X208.364 Y217.925 E367.33606
G1 X207.261 Y218.198 E367.36434
G1 X206.353 Y217.932 E367.38788
G1 X205.989 Y217.601 E367.40012
G1 X205.785 Y217.54 E367.40542
G1 X205.484 Y217.273 E367.41543
G1 X205.359 Y217.262 E367.41855
G1 X205.061 Y217.513 E367.42825
G1 X204.781 Y217.59 E367.43547
G1 X204.669 Y217.694 E367.43928
G1 X203.931 Y217.874 E367.45818
G1 X203.206 Y217.647 E367.47708
G1 X202.985 Y217.468 E367.48416
G1 X202.42 Y217.279 E367.49898
G1 X201.644 Y216.525 E367.52591
G1 X201.364 Y215.655 E367.54865
G1 X201.521 Y215.094 E367.56314
G1 X201.316 Y214.349 E367.58237
G1 X201.597 Y213.468 E367.60538
G1 X202.314 Y212.736 E367.63088
G1 F2700 E367.13088
G0 F15000 X216.319 Y213.293
G1 F2700 E367.63088
G1 F2301.9 X216.491 Y212.613 E367.64833
G1 X217.03 Y212.042 E367.66787
G1 X217.736 Y211.874 E367.68592
G1 X218.039 Y211.949 E367.69369
G1 X218.631 Y211.805 E367.70885
G1 X218.941 Y211.87 E367.71673
G1 X219.148 Y211.818 E367.72204
G1 X219.388 Y211.844 E367.72805
G1 X220.458 Y212.132 E367.75562
G1 X220.839 Y212.49 E367.76863
G1 X220.951 Y212.499 E367.77143
G1 X221.327 Y212.402 E367.78109
G1 X221.633 Y212.492 E367.78903
G1 X221.778 Y212.464 E367.7927
G1 X222.184 Y212.07 E367.80678
G1 X223.058 Y211.85 E367.8292
G1 X224.027 Y212.109 E367.85416
G1 X224.188 Y212.178 E367.85852
G1 X225.012 Y211.97 E367.87967
G1 X225.953 Y212.239 E367.90402
G1 X226.54 Y212.83 E367.92475
G1 X226.664 Y213.164 E367.93361
G1 X227.376 Y213.924 E367.95952
G1 X227.713 Y215.062 E367.98906
G1 X227.38 Y216.254 E368.01985
G1 X226.514 Y217.12 E368.05033
G1 X225.323 Y217.449 E368.08107
G1 X224.787 Y217.313 E368.09483
G1 X223.336 Y217.714 E368.13229
G1 X222.994 Y217.623 E368.1411
G1 X222.248 Y217.849 E368.16049
G1 X221.361 Y217.614 E368.18332
G1 X220.15 Y217.97 E368.21473
G1 X219.632 Y217.834 E368.22806
G1 X218.597 Y218.058 E368.25441
G1 X218.156 Y217.959 E368.26565
G1 X217.699 Y218.094 E368.27751
G1 X216.969 Y217.909 E368.29625
G1 X216.426 Y217.398 E368.3148
G1 X216.217 Y216.689 E368.3332
G1 X216.585 Y215.592 E368.36199
G1 X217.09 Y215.061 E368.38022
G1 X217.129 Y214.911 E368.38408
G1 X217.094 Y214.817 E368.38657
G1 X216.665 Y214.383 E368.40176
G1 X216.319 Y213.293 E368.43021
G1 F2700 E367.93021
;MESH:axis.stl
G0 F15000 X216.317 Y218.604
G0 X216.317 Y219.709
G0 X222.948 Y219.911
G0 X223.382 Y220.228
G0 X222.923 Y219.899
M204 S1250
;TYPE:WALL-INNER
G1 F2700 E368.43021
G1 F2301.9 X223.131 Y220.271 E368.44138
G1 X223.13 Y221.833 E368.48229
G1 X224.37 Y221.83 E368.51477
G1 X224.37 Y221.272 E368.52938
G1 X224.302 Y220.977 E368.53731
G1 X224.087 Y220.529 E368.55033
G1 X223.761 Y220.173 E368.56297
G1 X223.431 Y219.987 E368.57289
G1 X222.923 Y219.899 E368.5864
M204 S2500
G1 F2700 E368.0864
G0 F15000 X223.382 Y220.228
G0 X222.948 Y219.911
G0 X207.07 Y219.911
G0 X206.464 Y220.128
G0 X206.025 Y219.937
M204 S1250
G1 F2700 E368.5864
G1 F1941.4 X206.539 Y220.487 E368.60978
G1 X206.823 Y220.485 E368.6186
G1 X206.842 Y220.232 E368.62648
G1 X207.141 Y219.937 E368.63952
G1 X206.025 Y219.937 E368.67418
M204 S2500
G0 F15000 X205.21 Y219.478
M204 S1250
;TYPE:WALL-OUTER
G1 F2301.9 X205.21 Y219.737 E368.68096
G1 X206.34 Y220.946 E368.72431
G1 X207.037 Y220.945 E368.74257
G1 X207.194 Y220.85 E368.74737
G1 X207.272 Y220.705 E368.75168
G1 X207.293 Y220.317 E368.76186
G1 F1997.5 X207.453 Y220.086 E368.77034
G1 F1770.7 X222.5 Y220.084 E369.28269
G1 F2005.8 X222.648 Y220.206 E369.28846
G1 F2301.9 X222.708 Y220.322 E369.29188
G1 X222.71 Y221.98 E369.33531
G1 X222.804 Y222.159 E369.3406
G1 X222.959 Y222.254 E369.34536
G1 X224.506 Y222.25 E369.38588
G1 X224.633 Y222.208 E369.38939
G1 X224.79 Y221.995 E369.39632
G1 X224.79 Y221.224 E369.41651
G1 X224.7 Y220.838 E369.42689
G1 X224.439 Y220.291 E369.44277
G1 X224.037 Y219.853 E369.45834
G1 X223.557 Y219.583 E369.47277
G1 X222.985 Y219.479 E369.48799
G1 F2005.8 X222.5 Y219.54 E369.50269
G1 F1770.7 X207.406 Y219.542 E370.01664
G1 F1997.5 X206.598 Y219.478 E370.0411
G1 F2301.9 X205.21 Y219.478 E370.07746
M204 S2500
G0 F15000 X205.21 Y219.678
G1 F2700 E369.57746
G0 F15000 X205.542 Y219.728
G0 X206.458 Y219.709
G0 X206.458 Y218.604
G0 X206.458 Y211.403
G0 X206.457 Y210.318
G0 X206.018 Y210.067
M204 S1250
;TYPE:WALL-INNER
G1 F2700 E370.07746
G1 F1937.5 X207.199 Y210.067 E370.11421
G1 X206.842 Y209.772 E370.12862
G1 X206.824 Y209.517 E370.13658
G1 X206.537 Y209.517 E370.14551
G1 X206.018 Y210.067 E370.16904
M204 S2500
G1 F2700 E369.66904
G0 F15000 X206.46 Y209.88
G0 X207.07 Y210.096
G0 X222.948 Y210.093
G0 X223.384 Y209.771
G0 X222.913 Y210.106
M204 S1250
G1 F2700 E370.16904
G1 F2301.9 X223.426 Y210.021 E370.18266
G1 X223.757 Y209.835 E370.1926
G1 X224.087 Y209.472 E370.20545
G1 X224.301 Y209.026 E370.21841
G1 X224.37 Y208.728 E370.22642
G1 X224.37 Y208.17 E370.24104
G1 X223.131 Y208.171 E370.27349
G1 X223.13 Y209.733 E370.3144
G1 X222.913 Y210.106 E370.32571
M204 S2500
G1 F2700 E369.82571
G0 F15000 X223.384 Y209.771
G0 X222.948 Y210.093
G0 X205.531 Y210.28
G0 X205.21 Y210.526
M204 S1250
;TYPE:WALL-OUTER
G1 F2700 E370.32571
G1 F2301.9 X206.597 Y210.526 E370.36203
G1 F2005.8 X207.5 Y210.464 E370.38924
G1 F1767.5 X222.595 Y210.461 E370.90417
G1 F1993.4 X222.985 Y210.526 E370.91613
G1 F2301.9 X223.552 Y210.425 E370.93121
G1 X224.033 Y210.155 E370.94566
G1 X224.439 Y209.709 E370.96146
G1 X224.7 Y209.166 E370.97724
G1 X224.79 Y208.776 E370.98772
G1 X224.79 Y208.009 E371.00781
G1 X224.639 Y207.799 E371.01459
G1 X224.466 Y207.75 E371.01929
G1 X223.03 Y207.75 E371.05691
G1 X222.86 Y207.799 E371.06154
G1 X222.71 Y208.007 E371.06826
G1 X222.707 Y209.68 E371.11208
G1 F1993.4 X222.548 Y209.915 E371.12066
G1 F1767.5 X207.5 Y209.92 E371.63398
G1 F2005.8 X207.293 Y209.687 E371.64335
G1 F2301.9 X207.272 Y209.286 E371.65387
G1 X207.122 Y209.093 E371.66027
G1 X207.048 Y209.058 E371.66242
G1 X206.339 Y209.058 E371.68099
G1 X205.21 Y210.256 E371.7241
G1 X205.21 Y210.526 E371.73117
M204 S2500
G0 F15000 X205.41 Y210.526
G1 F2700 E371.23117
;MESH:NONMESH
G0 F600 X205.41 Y210.526 Z10.05
G0 F15000 X205.531 Y210.28
G0 X204.335 Y210.312
G0 X202.693 Y212.622
;TIME_ELAPSED:609.869429
;LAYER:66
;note -- min layer time used
;TYPE:SUPPORT
G1 F2700 E371.73117
G1 F2315.6 X203.635 Y212.333 E371.75569
G1 X204.166 Y212.198 E371.76933
G1 X204.832 Y212.362 E371.78639
G1 X204.939 Y212.462 E371.79004
G1 X205.394 Y212.593 E371.80182
G1 X205.748 Y212.945 E371.81424
G1 X205.839 Y212.981 E371.81668
G1 X205.976 Y212.953 E371.82015
G1 X206.322 Y212.616 E371.83217
G1 X206.567 Y212.543 E371.83853
G1 X207.025 Y212.086 E371.85463
G1 X207.775 Y211.852 E371.87418
G1 X209.289 Y212.223 E371.91297
G1 X209.707 Y212.637 E371.92761
G1 X209.8 Y212.682 E371.93018
G1 X210.232 Y212.584 E371.9412
G1 X210.386 Y212.448 E371.94631
G1 X210.892 Y212.261 E371.95974
G1 X211.734 Y212.014 E371.98157
G1 X211.942 Y212.062 E371.98688
G1 X212.196 Y212.002 E371.99338
G1 X212.28 Y212.018 E371.9955
G1 X212.557 Y211.949 E372.00261
G1 X213.158 Y212.09 E372.01797
G1 X213.649 Y212.609 E372.03575
G1 X213.856 Y213.312 E372.05398
G1 X213.686 Y213.89 E372.06897
G1 X213.079 Y214.476 E372.08997
G1 X212.949 Y214.747 E372.09745
G1 X212.934 Y214.881 E372.1008
G1 X213.184 Y215.175 E372.1104
G1 X213.511 Y216.141 E372.13578
G1 X213.577 Y216.218 E372.1383
G1 X213.76 Y216.762 E372.15258
G1 X213.568 Y217.442 E372.17017
G1 X213.034 Y217.976 E372.18896
G1 X212.473 Y218.136 E372.20347
G1 X212.187 Y218.082 E372.21072
G1 X210.806 Y217.673 E372.24655
G1 X210.744 Y217.631 E372.24842
G1 X210.059 Y217.432 E372.26617
G1 X209.408 Y216.821 E372.28838
G1 X209.243 Y216.796 E372.29254
G1 X209.101 Y216.921 E372.29724
G1 X208.952 Y217.446 E372.31082
G1 X208.418 Y217.98 E372.32961
G1 X207.86 Y218.137 E372.34404
G1 X207.657 Y218.078 E372.3493
G1 X207.391 Y218.085 E372.35592
G1 X206.552 Y217.847 E372.37762
G1 X206.22 Y217.537 E372.38892
G1 X206.116 Y217.499 E372.39168
G1 X205.766 Y217.167 E372.40368
G1 X205.669 Y217.127 E372.40629
G1 X205.499 Y217.179 E372.41071
G1 X205.191 Y217.477 E372.42138
G1 X204.895 Y217.558 E372.42901
G1 X204.799 Y217.641 E372.43217
G1 X204.109 Y217.814 E372.44987
G1 X203.344 Y217.59 E372.46971
G1 X203.2 Y217.483 E372.47417
G1 X202.854 Y217.375 E372.48319
G1 X202.649 Y217.228 E372.48947
G1 X201.956 Y216.557 E372.51347
G1 X201.696 Y215.748 E372.53461
G1 X201.877 Y215.102 E372.55131
G1 X201.643 Y214.249 E372.57332
G1 X201.905 Y213.428 E372.59476
G1 X202.693 Y212.622 E372.62281
G1 F2700 E372.12281
G0 F15000 X216.241 Y213.243
G1 F2700 E372.62281
G1 F2315.6 X216.44 Y212.56 E372.64051
G1 X216.971 Y212.001 E372.65969
G1 X217.526 Y211.859 E372.67395
G1 X217.89 Y211.953 E372.6833
G1 X218.335 Y211.846 E372.69469
G1 X218.702 Y211.946 E372.70416
G1 X218.859 Y211.917 E372.70813
G1 X219.097 Y211.943 E372.71409
G1 X220.104 Y212.213 E372.74003
G1 X220.387 Y212.492 E372.74992
G1 X220.543 Y212.542 E372.75399
G1 X221.143 Y212.394 E372.76937
G1 X221.529 Y212.507 E372.77938
G1 X221.675 Y212.482 E372.78306
G1 X222.05 Y212.127 E372.79591
G1 X222.853 Y211.93 E372.81649
G1 X223.76 Y212.179 E372.83989
G1 X223.924 Y212.238 E372.84423
G1 X224.807 Y212.026 E372.86682
G1 X225.682 Y212.276 E372.88947
G1 X226.225 Y212.815 E372.9085
G1 X226.329 Y212.969 E372.91313
G1 X226.507 Y213.027 E372.91779
G1 X227.364 Y213.932 E372.9488
G1 X227.693 Y215.061 E372.97806
G1 X227.36 Y216.242 E373.00859
G1 X226.506 Y217.1 E373.03872
G1 X225.326 Y217.429 E373.0692
G1 X224.799 Y217.277 E373.08284
G1 X224.074 Y217.509 E373.10179
G1 X223.781 Y217.447 E373.10924
G1 X223.095 Y217.63 E373.1269
G1 X222.98 Y217.61 E373.12981
G1 X222.099 Y217.877 E373.15271
G1 X221.345 Y217.679 E373.17211
G1 X221.261 Y217.607 E373.17487
G1 X221.117 Y217.586 E373.17849
G1 X219.888 Y217.938 E373.2103
G1 X219.26 Y217.778 E373.22642
G1 X218.315 Y218.054 E373.25092
G1 X217.934 Y217.976 E373.2606
G1 X217.442 Y218.128 E373.27341
G1 X216.907 Y217.969 E373.2873
G1 X216.351 Y217.413 E373.30686
G1 X216.161 Y216.761 E373.32376
G1 X216.472 Y215.829 E373.34821
G1 X217.207 Y215.069 E373.37452
G1 X217.24 Y214.921 E373.37829
G1 X217.197 Y214.821 E373.381
G1 X216.922 Y214.555 E373.39052
G1 X216.866 Y214.426 E373.39402
G1 X216.524 Y214.078 E373.40616
G1 X216.241 Y213.243 E373.4281
G1 F2700 E372.9281
;MESH:axis.stl
G0 F15000 X216.238 Y218.53
G0 X216.238 Y219.635
G0 X222.948 Y219.85
G0 X223.377 Y220.182
G0 X222.79 Y219.826
M204 S1250
;TYPE:WALL-INNER
G1 F2700 E373.4281
G1 F2315.6 X223.034 Y219.96 E373.43539
G1 X223.131 Y220.296 E373.44455
G1 X223.13 Y221.794 E373.48378
G1 X224.37 Y221.794 E373.51626
G1 X224.37 Y221.219 E373.53132
G1 X224.3 Y220.915 E373.53949
G1 X224.086 Y220.463 E373.55259
G1 X223.761 Y220.105 E373.56526
G1 X223.619 Y220.009 E373.56975
G1 X223.123 Y219.826 E373.58359
G1 X222.79 Y219.826 E373.59232
M204 S2500
G1 F2700 E373.09232
G0 F15000 X223.377 Y220.182
G0 X222.948 Y219.85
G0 X207.07 Y219.85
G0 X206.448 Y220.054
G0 X206.018 Y219.865
M204 S1250
G1 F2700 E373.59232
G1 F1929.7 X206.542 Y220.434 E373.61663
G1 X206.821 Y220.432 E373.6254
G1 X206.84 Y220.165 E373.63381
G1 X207.148 Y219.865 E373.64732
G1 X206.018 Y219.865 E373.68284
M204 S2500
G0 F15000 X205.21 Y219.402
M204 S1250
;TYPE:WALL-OUTER
G1 F2315.6 X205.21 Y219.67 E373.68986
G1 X206.34 Y220.897 E373.73355
G1 X206.981 Y220.894 E373.75034
G1 X207.188 Y220.806 E373.75623
G1 X207.275 Y220.649 E373.76093
G1 X207.293 Y220.255 E373.77126
G1 F1993 X207.452 Y220.022 E373.77985
G1 F1758.7 X222.5 Y220.021 E374.2988
G1 F2005.3 X222.678 Y220.184 E374.3061
G1 F2315.6 X222.711 Y220.296 E374.30916
G1 X222.71 Y221.953 E374.35256
G1 X222.861 Y222.165 E374.35938
G1 X223.026 Y222.214 E374.36389
G1 X224.469 Y222.214 E374.40168
G1 X224.631 Y222.166 E374.40611
G1 X224.79 Y221.95 E374.41313
G1 X224.79 Y221.172 E374.43351
G1 X224.7 Y220.777 E374.44412
G1 X224.439 Y220.227 E374.46007
G1 X224.037 Y219.785 E374.47572
G1 X223.811 Y219.633 E374.48285
G1 F2151.7 X223.178 Y219.399 E374.50187
G1 F1877.5 X222.5 Y219.471 E374.5239
G1 F1758.7 X207.404 Y219.471 E375.04451
G1 F1993 X206.593 Y219.403 E375.06928
G1 F2315.6 X205.21 Y219.402 E375.1055
M204 S2500
G0 F15000 X205.21 Y219.602
G1 F2700 E374.6055
G0 F15000 X205.535 Y219.654
G0 X206.439 Y219.634
G0 X206.439 Y218.529
G0 X206.442 Y211.48
G0 X206.442 Y210.375
G0 X206.011 Y210.139
M204 S1250
;TYPE:WALL-INNER
G1 F2700 E375.1055
G1 F1922.1 X207.205 Y210.139 E375.14318
G1 X206.839 Y209.838 E375.15813
G1 X206.82 Y209.569 E375.16664
G1 X206.541 Y209.569 E375.17545
G1 X206.011 Y210.139 E375.20001
M204 S2500
G1 F2700 E374.70001
G0 F15000 X206.442 Y209.955
G0 X207.07 Y210.157
G0 X222.948 Y210.153
G0 X223.383 Y209.843
G0 X222.888 Y210.186
M204 S1250
G1 F2700 E375.20001
G1 F2315.6 X223.395 Y210.097 E375.21349
G1 X223.777 Y209.881 E375.22498
G1 X224.086 Y209.541 E375.23702
G1 X224.3 Y209.089 E375.25012
G1 X224.37 Y208.785 E375.25829
G1 X224.37 Y208.214 E375.27324
G1 X223.13 Y208.214 E375.30572
G1 X223.13 Y209.819 E375.34776
G1 X222.888 Y210.186 E375.35927
M204 S2500
G1 F2700 E374.85927
G0 F15000 X223.383 Y209.843
G0 X222.948 Y210.153
G0 X205.532 Y210.354
G0 X205.21 Y210.602
M204 S1250
;TYPE:WALL-OUTER
G1 F2700 E375.35927
G1 F2315.6 X206.591 Y210.602 E375.39545
G1 F2001.2 X207.5 Y210.536 E375.42307
G1 F1749.2 X222.596 Y210.535 E375.9465
G1 F1984.8 X222.979 Y210.606 E375.95841
G1 F2315.6 X223.542 Y210.496 E375.97343
G1 X224.043 Y210.213 E375.9885
G1 X224.439 Y209.777 E376.00393
G1 X224.7 Y209.227 E376.01987
G1 X224.79 Y208.832 E376.03049
G1 X224.79 Y208.053 E376.05089
G1 X224.626 Y207.828 E376.05818
G1 X224.545 Y207.794 E376.06048
G1 X222.951 Y207.794 E376.10223
G1 X222.749 Y207.955 E376.109
G1 X222.71 Y208.056 E376.11184
G1 X222.705 Y209.752 E376.15626
G1 F1984.8 X222.548 Y209.98 E376.16472
G1 F1749.2 X207.5 Y209.984 E376.68649
G1 F2001.2 X207.293 Y209.749 E376.69598
G1 F2315.6 X207.249 Y209.282 E376.70826
G1 X207.136 Y209.16 E376.71262
G1 X206.963 Y209.106 E376.71737
G1 X206.34 Y209.106 E376.73368
G1 X205.21 Y210.321 E376.77714
G1 X205.21 Y210.602 E376.7845
M204 S2500
G0 F15000 X205.41 Y210.602
G1 F2700 E376.2845
;MESH:NONMESH
G0 F600 X205.41 Y210.602 Z10.2
G0 F15000 X205.532 Y210.354
G0 X204.335 Y210.386
G0 X202.918 Y212.61
;TIME_ELAPSED:618.038053
;LAYER:67
;note -- min layer time used
;TYPE:SUPPORT
G1 F2700 E376.7845
G1 F2322.9 X203.822 Y212.346 E376.80794
G1 X203.853 Y212.347 E376.80871
G1 X204.347 Y212.198 E376.82155
G1 X204.942 Y212.342 E376.83678
G1 X205.135 Y212.514 E376.84321
G1 X205.524 Y212.61 E376.85318
G1 X206 Y213.086 E376.86993
G1 X206.094 Y213.124 E376.87246
G1 X206.246 Y213.092 E376.87632
G1 X207.22 Y212.103 E376.91086
G1 X207.954 Y211.891 E376.92987
G1 X208.412 Y212.014 E376.94167
G1 X208.555 Y211.986 E376.9453
G1 X209.37 Y212.178 E376.96613
G1 X209.964 Y212.811 E376.98773
G1 X210.162 Y212.839 E376.99271
G1 X210.303 Y212.73 E376.99714
G1 X210.539 Y212.643 E377.0034
G1 X210.728 Y212.447 E377.01018
G1 X211.168 Y212.276 E377.02192
G1 X211.985 Y212.038 E377.0431
G1 X212.161 Y212.078 E377.04759
G1 X212.643 Y211.959 E377.05994
G1 X213.271 Y212.135 E377.07617
G1 X213.724 Y212.608 E377.09247
G1 X213.897 Y213.203 E377.10788
G1 X213.76 Y213.672 E377.12004
G1 X213.641 Y213.804 E377.12446
G1 X213.579 Y213.981 E377.12913
G1 X213.23 Y214.316 E377.14117
G1 X213.028 Y214.92 E377.15702
G1 X213.083 Y215.059 E377.16074
G1 X213.348 Y215.319 E377.16997
G1 X213.597 Y216.076 E377.1898
G1 X213.591 Y216.15 E377.19165
G1 X213.797 Y216.839 E377.20954
G1 X213.608 Y217.51 E377.22689
G1 X213.154 Y217.964 E377.24287
G1 X212.615 Y218.113 E377.25678
G1 X211 Y217.62 E377.2988
G1 X210.902 Y217.536 E377.30201
G1 X210.396 Y217.384 E377.31515
G1 X209.549 Y216.586 E377.34411
G1 X209.371 Y216.547 E377.34865
G1 X209.228 Y216.657 E377.35313
G1 X208.992 Y217.506 E377.37506
G1 X208.534 Y217.96 E377.39111
G1 X207.995 Y218.113 E377.40505
G1 X206.834 Y217.76 E377.43524
G1 X206.54 Y217.495 E377.44509
G1 X206.43 Y217.454 E377.44801
G1 X206.012 Y217.058 E377.46234
G1 X205.9 Y217.018 E377.4653
G1 X205.767 Y217.051 E377.46871
G1 X205.321 Y217.489 E377.48426
G1 X205.044 Y217.567 E377.49142
G1 X204.926 Y217.673 E377.49537
G1 X204.329 Y217.821 E377.51068
G1 X203.734 Y217.626 E377.52626
G1 X203.67 Y217.574 E377.52831
G1 X203.028 Y217.366 E377.5451
G1 X202.277 Y216.623 E377.57139
G1 X202.031 Y215.846 E377.59167
G1 X202.238 Y215.061 E377.61187
G1 X202.17 Y214.884 E377.61659
G1 X201.967 Y214.125 E377.63614
G1 X202.21 Y213.354 E377.65625
G1 X202.918 Y212.61 E377.68181
G1 F2700 E377.18181
G0 F15000 X216.216 Y213.114
G1 F2700 E377.68181
G1 F2322.9 X216.388 Y212.52 E377.69719
G1 X216.841 Y212.043 E377.71356
G1 X217.354 Y211.899 E377.72682
G1 X217.728 Y212.007 E377.73651
G1 X218.113 Y211.928 E377.74629
G1 X218.619 Y212.038 E377.75917
G1 X218.816 Y212.042 E377.76407
G1 X219.747 Y212.293 E377.78807
G1 X220.063 Y212.578 E377.79866
G1 X220.181 Y212.586 E377.8016
G1 X220.971 Y212.386 E377.82188
G1 X221.367 Y212.506 E377.83217
G1 X221.54 Y212.483 E377.83651
G1 X221.733 Y212.29 E377.84331
G1 X221.942 Y212.225 E377.84875
G1 X222.023 Y212.154 E377.85143
G1 X222.645 Y212.002 E377.86736
G1 X223.484 Y212.233 E377.88902
G1 X223.613 Y212.353 E377.8934
G1 X223.756 Y212.385 E377.89705
G1 X223.986 Y212.219 E377.90411
G1 X224.599 Y212.07 E377.9198
G1 X225.41 Y212.307 E377.94083
G1 X226.014 Y212.903 E377.96194
G1 X226.498 Y213.043 E377.97448
G1 X227.348 Y213.94 E378.00523
G1 X227.677 Y215.062 E378.03432
G1 X227.348 Y216.234 E378.06461
G1 X226.494 Y217.088 E378.09466
G1 X225.322 Y217.417 E378.12495
G1 X224.757 Y217.248 E378.13963
G1 X224.555 Y217.371 E378.14551
G1 X223.951 Y217.565 E378.1613
G1 X223.403 Y217.419 E378.17541
G1 X221.94 Y217.842 E378.2133
G1 X221.22 Y217.658 E378.23179
G1 X221.081 Y217.576 E378.23581
G1 X220.775 Y217.574 E378.24342
G1 X220.409 Y217.704 E378.25309
G1 X219.674 Y217.929 E378.27222
G1 X218.978 Y217.757 E378.29006
G1 X218.071 Y218.018 E378.31354
G1 X217.824 Y217.959 E378.31986
G1 X217.291 Y218.097 E378.33356
G1 X216.795 Y217.953 E378.34641
G1 X216.315 Y217.473 E378.3633
G1 X216.139 Y216.871 E378.37891
G1 X216.197 Y216.541 E378.38724
G1 X216.376 Y216.018 E378.401
G1 X216.971 Y215.407 E378.42222
G1 X217.012 Y215.303 E378.425
G1 X217.268 Y215.03 E378.43431
G1 X217.283 Y214.907 E378.4374
G1 X217.241 Y214.813 E378.43996
G1 X216.779 Y214.371 E378.45587
G1 X216.719 Y214.202 E378.46033
G1 X216.416 Y213.897 E378.47103
G1 X216.249 Y213.377 E378.48462
G1 X216.216 Y213.114 E378.49121
G1 F2700 E377.99121
;MESH:axis.stl
G0 F15000 X216.217 Y218.446
G0 X216.218 Y219.531
G0 X222.948 Y219.789
G0 X223.381 Y220.071
G0 X222.821 Y219.738
M204 S1250
;TYPE:WALL-INNER
G1 F2700 E378.49121
G1 F2322.9 X222.945 Y219.789 E378.49473
G1 X223.047 Y219.923 E378.49914
G1 X223.13 Y220.201 E378.50674
G1 X223.131 Y221.741 E378.54707
G1 X224.37 Y221.742 E378.57952
G1 X224.37 Y221.164 E378.59466
G1 X224.214 Y220.623 E378.60941
G1 X223.937 Y220.199 E378.62268
G1 X223.59 Y219.915 E378.63442
G1 X223.168 Y219.759 E378.64621
G1 X222.821 Y219.738 E378.65531
M204 S2500
G1 F2700 E378.15531
G0 F15000 X223.381 Y220.071
G0 X222.948 Y219.789
G0 X207.071 Y219.788
G0 X206.426 Y219.973
G0 X206.004 Y219.788
M204 S1250
G1 F2700 E378.65531
G1 F1905.5 X206.544 Y220.372 E378.68071
G1 X206.816 Y220.372 E378.68939
G1 X206.838 Y220.096 E378.69823
G1 X207.158 Y219.788 E378.71241
G1 X206.004 Y219.788 E378.74926
M204 S2500
G0 F15000 X205.21 Y219.322
M204 S1250
;TYPE:WALL-OUTER
G1 F2322.9 X205.21 Y219.599 E378.75652
G1 X205.731 Y220.182 E378.777
G1 X206.34 Y220.838 E378.80044
G1 X206.97 Y220.838 E378.81694
G1 X207.187 Y220.754 E378.82304
G1 X207.272 Y220.597 E378.82771
G1 X207.294 Y220.192 E378.83834
G1 F1978.9 X207.451 Y219.957 E378.84703
G1 F1726.8 X222.5 Y219.954 E379.37728
G1 F1983 X222.71 Y220.157 E379.38624
G1 F2322.9 X222.71 Y221.899 E379.43187
G1 X222.749 Y221.998 E379.43465
G1 X222.946 Y222.162 E379.44137
G1 X224.55 Y222.162 E379.48338
G1 X224.751 Y221.997 E379.49019
G1 X224.79 Y221.9 E379.49293
G1 X224.79 Y221.116 E379.51346
G1 X224.591 Y220.432 E379.53212
G1 X224.253 Y219.915 E379.5483
G1 X223.802 Y219.545 E379.56358
G1 X223.264 Y219.347 E379.5786
G1 X222.966 Y219.318 E379.58644
G1 F1983 X222.5 Y219.39 E379.60091
G1 F1726.8 X207.403 Y219.395 E380.13285
G1 F1978.9 X206.588 Y219.322 E380.158
G1 F2322.9 X205.21 Y219.322 E380.1941
M204 S2500
G0 F15000 X205.21 Y219.522
G1 F2700 E379.6941
G0 F15000 X205.523 Y219.574
G0 X206.429 Y219.534
G0 X206.428 Y218.449
G0 X206.431 Y211.559
G0 X206.431 Y210.454
G0 X206.005 Y210.217
M204 S1250
;TYPE:WALL-INNER
G1 F2700 E380.1941
G1 F1909.2 X207.219 Y210.216 E380.23278
G1 X206.839 Y209.908 E380.24837
G1 X206.817 Y209.631 E380.25723
G1 X206.544 Y209.631 E380.26593
G1 X206.005 Y210.217 E380.2913
M204 S2500
G1 F2700 E379.7913
G0 F15000 X206.426 Y210.034
G0 X207.07 Y210.219
G0 X222.948 Y210.223
G0 X223.38 Y209.933
G0 X222.912 Y210.247
M204 S1250
G1 F2700 E380.2913
G1 F2295.6 X223.198 Y210.241 E380.29888
G1 F2322.9 X223.394 Y210.187 E380.30421
G1 X223.752 Y209.98 E380.31504
G1 X224.083 Y209.613 E380.32798
G1 X224.299 Y209.145 E380.34148
G1 X224.366 Y208.848 E380.34946
G1 X224.368 Y208.263 E380.36478
G1 X223.13 Y208.262 E380.39721
G1 X223.129 Y209.81 E380.43775
G1 X223.062 Y210.058 E380.44448
G1 F2295.6 X222.912 Y210.247 E380.45088
M204 S2500
G1 F2700 E379.95088
G0 F15000 X223.38 Y209.933
G0 X222.948 Y210.223
G0 X205.524 Y210.433
G0 X205.21 Y210.682
M204 S1250
;TYPE:WALL-OUTER
G1 F2700 E380.45088
G1 F2322.9 X206.589 Y210.682 E380.487
G1 F1991.1 X207.5 Y210.611 E380.51492
G1 F1736 X222.597 Y210.61 E381.04404
G1 F1963 X222.974 Y210.677 E381.0559
G1 F2295.6 X223.274 Y210.656 E381.06387
G1 F2322.9 X223.542 Y210.582 E381.07116
G1 X224.032 Y210.297 E381.086
G1 X224.438 Y209.847 E381.10188
G1 X224.699 Y209.28 E381.11823
G1 X224.786 Y208.896 E381.12854
G1 X224.789 Y208.103 E381.14931
G1 X224.751 Y208.003 E381.15211
G1 X224.553 Y207.842 E381.1588
G1 X222.946 Y207.842 E381.20089
G1 X222.747 Y208.002 E381.20758
G1 X222.71 Y208.101 E381.21034
G1 X222.71 Y209.839 E381.25587
G1 F1983 X222.549 Y210.05 E381.26401
G1 F1736 X207.5 Y210.049 E381.79145
G1 F1991.1 X207.294 Y209.812 E381.80104
G1 F2322.9 X207.249 Y209.337 E381.81354
G1 X207.134 Y209.214 E381.81795
G1 X206.97 Y209.166 E381.82242
G1 X206.34 Y209.166 E381.83893
G1 X205.21 Y210.405 E381.88285
G1 X205.21 Y210.682 E381.8901
M204 S2500
G0 F15000 X205.41 Y210.682
G1 F2700 E381.3901
;MESH:NONMESH
G0 F600 X205.41 Y210.682 Z10.35
G0 F15000 X205.524 Y210.433
G0 X205.451 Y211.559
G0 X203.056 Y212.694
;TIME_ELAPSED:626.252019
;LAYER:68
;note -- min layer time used
;TYPE:SUPPORT
G1 F2700 E381.8901
G1 F2347.2 X203.217 Y212.608 E381.89465
G1 X203.849 Y212.421 E381.91104
G1 X203.951 Y212.32 E381.91462
G1 X204.477 Y212.152 E381.92836
G1 X204.986 Y212.295 E381.94151
G1 X205.098 Y212.409 E381.94549
G1 X205.571 Y212.559 E381.95784
G1 X206.22 Y213.238 E381.98121
G1 X206.327 Y213.288 E381.98415
G1 X206.493 Y213.244 E381.98842
G1 X207.045 Y212.697 E382.00776
G1 X207.114 Y212.476 E382.01352
G1 X207.441 Y212.156 E382.0249
G1 X208.085 Y211.975 E382.04155
G1 X208.497 Y212.078 E382.05211
G1 X208.792 Y211.998 E382.05972
G1 X209.441 Y212.165 E382.07639
G1 X209.961 Y212.709 E382.09512
G1 X210.066 Y213.023 E382.10336
G1 X210.147 Y213.093 E382.10602
G1 X210.267 Y213.113 E382.10905
G1 X210.371 Y213.069 E382.11186
G1 X210.651 Y212.799 E382.12154
G1 X210.737 Y212.766 E382.12383
G1 X211.047 Y212.463 E382.13462
G1 X211.361 Y212.335 E382.14305
G1 X212.102 Y212.126 E382.16221
G1 X212.3 Y212.125 E382.16714
G1 X212.835 Y211.975 E382.18096
G1 X213.351 Y212.123 E382.19432
G1 X213.732 Y212.521 E382.20803
G1 X213.873 Y213.006 E382.2206
G1 X213.652 Y213.805 E382.24123
G1 X213.462 Y214.008 E382.24814
G1 X213.147 Y215.023 E382.27459
G1 X213.181 Y215.166 E382.27825
G1 X213.496 Y215.483 E382.28937
G1 X213.724 Y216.158 E382.30709
G1 X213.664 Y216.381 E382.31284
G1 X213.822 Y216.993 E382.32857
G1 X213.676 Y217.506 E382.34184
G1 X213.298 Y217.884 E382.35514
G1 X212.785 Y218.026 E382.36839
G1 X212.253 Y217.909 E382.38194
G1 X211.442 Y217.666 E382.40301
G1 X211.174 Y217.463 E382.41137
G1 X210.743 Y217.336 E382.42255
G1 X210.075 Y216.715 E382.44525
G1 X209.898 Y216.172 E382.45946
G1 X209.77 Y216.099 E382.46313
G1 X209.381 Y216.122 E382.47282
G1 X209.313 Y216.179 E382.47503
G1 X209.158 Y216.656 E382.48751
G1 X209.203 Y216.985 E382.49577
G1 X209.056 Y217.506 E382.50924
G1 X208.678 Y217.884 E382.52254
G1 X208.149 Y218.029 E382.53619
G1 X207.252 Y217.775 E382.55939
G1 X207.121 Y217.654 E382.56383
G1 X206.75 Y217.441 E382.57447
G1 X206.182 Y216.911 E382.5938
G1 X205.998 Y216.904 E382.59838
G1 X205.444 Y217.45 E382.61774
G1 X205.19 Y217.518 E382.62428
G1 X204.982 Y217.701 E382.63118
G1 X204.484 Y217.825 E382.64395
G1 X203.949 Y217.65 E382.65795
G1 X203.783 Y217.514 E382.66329
G1 X203.206 Y217.337 E382.67831
G1 X202.548 Y216.697 E382.70115
G1 X202.316 Y215.99 E382.71966
G1 X202.501 Y215.306 E382.7373
G1 X202.654 Y215.142 E382.74288
G1 X202.696 Y214.977 E382.74711
G1 X202.661 Y214.892 E382.7494
G1 X202.432 Y214.665 E382.75742
G1 X202.247 Y213.982 E382.77503
G1 X202.477 Y213.285 E382.79329
G1 X203.056 Y212.694 E382.81388
G1 F2700 E382.31388
G0 F15000 X216.179 Y213.006
G1 F2700 E382.81388
G1 F2347.2 X216.32 Y212.516 E382.82657
G1 X216.697 Y212.119 E382.84019
G1 X217.213 Y211.975 E382.85352
G1 X217.678 Y212.09 E382.86544
G1 X217.851 Y212.051 E382.86985
G1 X218.206 Y212.058 E382.87869
G1 X219.4 Y212.377 E382.90944
G1 X219.645 Y212.619 E382.91801
G1 X219.813 Y212.669 E382.92237
G1 X220.791 Y212.426 E382.94745
G1 X221.229 Y212.551 E382.95878
G1 X221.405 Y212.504 E382.96331
G1 X221.643 Y212.259 E382.97181
G1 X222.435 Y212.07 E382.99207
G1 X223.215 Y212.292 E383.01225
G1 X223.436 Y212.487 E383.01959
G1 X223.544 Y212.501 E383.02229
G1 X223.642 Y212.461 E383.02493
G1 X223.847 Y212.259 E383.03209
G1 X224.398 Y212.126 E383.04619
G1 X225.149 Y212.347 E383.06567
G1 X225.613 Y212.805 E383.0819
G1 X226.487 Y213.055 E383.10452
G1 X227.336 Y213.952 E383.13525
G1 X227.657 Y215.062 E383.164
G1 X227.332 Y216.226 E383.19407
G1 X226.486 Y217.072 E383.22384
G1 X225.322 Y217.397 E383.25391
G1 X224.688 Y217.21 E383.27036
G1 X224.524 Y217.27 E383.27471
G1 X224.373 Y217.427 E383.28013
G1 X223.838 Y217.597 E383.29409
G1 X223.341 Y217.467 E383.30688
G1 X223.154 Y217.378 E383.31203
G1 X222.527 Y217.545 E383.32817
G1 X222.428 Y217.622 E383.3313
G1 X221.739 Y217.829 E383.3492
G1 X221.123 Y217.67 E383.36503
G1 X220.919 Y217.524 E383.37127
G1 X220.6 Y217.513 E383.37921
G1 X220.305 Y217.604 E383.38689
G1 X220.109 Y217.784 E383.39351
G1 X219.609 Y217.922 E383.40642
G1 X218.738 Y217.713 E383.42871
G1 X217.801 Y217.982 E383.45297
G1 X217.519 Y217.922 E383.46014
G1 X217.141 Y218.025 E383.46989
G1 X216.655 Y217.885 E383.48247
G1 X216.251 Y217.481 E383.49669
G1 X216.108 Y216.986 E383.50951
G1 X216.299 Y216.24 E383.52867
G1 X216.595 Y215.921 E383.5395
G1 X216.755 Y215.64 E383.54755
G1 X216.837 Y215.382 E383.55428
G1 X217.226 Y214.965 E383.56847
G1 X217.198 Y214.785 E383.57301
G1 X216.603 Y214.223 E383.59337
G1 X216.505 Y213.934 E383.60096
G1 X216.374 Y213.798 E383.60566
G1 X216.217 Y213.259 E383.61963
G1 X216.179 Y213.006 E383.626
G1 F2700 E383.126
;MESH:axis.stl
G0 F15000 X216.177 Y218.354
G0 X216.177 Y219.459
G0 X222.948 Y219.716
G0 X223.38 Y219.987
G0 X222.784 Y219.65
M204 S1250
;TYPE:WALL-INNER
G1 F2700 E383.626
G1 F2347.2 X222.94 Y219.713 E383.6304
G1 X223.053 Y219.86 E383.63526
G1 X223.128 Y220.11 E383.6421
G1 X223.13 Y221.69 E383.68348
G1 X224.37 Y221.69 E383.71596
G1 X224.37 Y221.106 E383.73126
G1 X224.213 Y220.549 E383.74641
G1 X223.925 Y220.105 E383.76028
G1 X223.767 Y219.95 E383.76607
G1 X223.396 Y219.732 E383.77734
G1 X223.189 Y219.673 E383.78298
G1 X222.784 Y219.65 E383.79361
M204 S2500
G1 F2700 E383.29361
G0 F15000 X223.38 Y219.987
G0 X222.948 Y219.716
G0 X207.07 Y219.716
G0 X206.401 Y219.879
G0 X205.996 Y219.696
M204 S1250
G1 F2700 E383.79361
G1 F1892.1 X206.546 Y220.304 E383.82024
G1 X206.812 Y220.304 E383.82889
G1 X206.836 Y220.015 E383.83831
G1 X207.172 Y219.696 E383.85336
G1 X205.996 Y219.696 E383.89157
M204 S2500
G0 F15000 X205.21 Y219.226
M204 S1250
;TYPE:WALL-OUTER
G1 F2347.2 X205.21 Y219.52 E383.89927
G1 X206.34 Y220.774 E383.94349
G1 X207.038 Y220.774 E383.96177
G1 X207.192 Y220.682 E383.96647
G1 X207.272 Y220.528 E383.97101
G1 X207.295 Y220.118 E383.98177
G1 F1971.6 X207.45 Y219.879 E383.99065
G1 F1711.5 X222.5 Y219.878 E384.53126
G1 F1987.5 X222.71 Y220.087 E384.54042
G1 F2347.2 X222.71 Y221.846 E384.5865
G1 X222.871 Y222.076 E384.59385
G1 X222.951 Y222.11 E384.59613
G1 X224.551 Y222.11 E384.63804
G1 X224.751 Y221.941 E384.64489
G1 X224.79 Y221.844 E384.64763
G1 X224.79 Y221.06 E384.66817
G1 X224.591 Y220.359 E384.68725
G1 X224.252 Y219.838 E384.70353
G1 X224.037 Y219.626 E384.71144
G1 X223.545 Y219.338 E384.72637
G1 X223.268 Y219.259 E384.73392
G1 X222.965 Y219.23 E384.74189
G1 F1987.5 X222.5 Y219.306 E384.75647
G1 F1711.5 X207.401 Y219.306 E385.29884
G1 F1971.6 X206.582 Y219.227 E385.32449
G1 F2347.2 X205.21 Y219.226 E385.36043
M204 S2500
G0 F15000 X205.21 Y219.426
G1 F2700 E384.86043
G0 F15000 X205.49 Y219.509
G0 X206.399 Y219.459
G0 X206.399 Y218.354
G0 X206.4 Y211.653
G0 X206.399 Y210.568
G0 X205.997 Y210.307
M204 S1250
;TYPE:WALL-INNER
G1 F2700 E385.36043
G1 F1892.1 X207.233 Y210.307 E385.40059
G1 X206.836 Y209.99 E385.41709
G1 X206.812 Y209.7 E385.42655
G1 X206.546 Y209.7 E385.43519
G1 X205.997 Y210.307 E385.46178
M204 S2500
G1 F2700 E384.96178
G0 F15000 X206.401 Y210.128
G0 X207.07 Y210.291
G0 X222.948 Y210.292
G0 X223.383 Y210.015
G0 X222.833 Y210.357
M204 S1250
G1 F2700 E385.46178
G1 F2347.2 X223.41 Y210.265 E385.47709
G1 X223.764 Y210.057 E385.48784
G1 X223.924 Y209.898 E385.49375
G1 X224.213 Y209.455 E385.5076
G1 X224.37 Y208.898 E385.52276
G1 X224.37 Y208.306 E385.53827
G1 X223.13 Y208.306 E385.57074
G1 X223.128 Y209.965 E385.6142
G1 X222.921 Y210.316 E385.62487
G1 X222.833 Y210.357 E385.62741
M204 S2500
G1 F2700 E385.12741
G0 F15000 X223.383 Y210.015
G0 X205.49 Y210.499
G0 X205.21 Y210.778
M204 S1250
;TYPE:WALL-OUTER
G1 F2700 E385.62741
G1 F2347.2 X206.582 Y210.778 E385.66335
G1 F1987.5 X207.5 Y210.701 E385.69185
G1 F1714.4 X222.599 Y210.7 E386.23327
G1 F1979.5 X222.956 Y210.783 E386.24466
G1 F2347.2 X223.544 Y210.667 E386.26035
G1 X224.033 Y210.381 E386.27519
G1 X224.252 Y210.166 E386.28323
G1 X224.591 Y209.645 E386.29951
G1 X224.79 Y208.944 E386.3186
G1 X224.79 Y208.16 E386.33913
G1 X224.634 Y207.937 E386.34626
G1 X224.468 Y207.886 E386.35081
G1 X223.014 Y207.886 E386.38889
G1 X222.864 Y207.936 E386.39303
G1 X222.747 Y208.058 E386.39746
G1 X222.71 Y208.157 E386.40023
G1 X222.704 Y209.894 E386.44573
G1 F1979.5 X222.55 Y210.128 E386.45443
G1 F1714.4 X207.5 Y210.127 E386.9941
G1 F1987.5 X207.295 Y209.887 E387.00386
G1 F2347.2 X207.272 Y209.477 E387.01462
G1 X207.193 Y209.326 E387.01908
G1 X207.037 Y209.23 E387.02388
G1 X206.34 Y209.23 E387.04213
G1 X205.21 Y210.484 E387.08635
G1 X205.21 Y210.778 E387.09405
M204 S2500
G0 F15000 X205.41 Y210.778
G1 F2700 E386.59405
;MESH:NONMESH
G0 F600 X205.41 Y210.778 Z10.5
G0 F15000 X205.49 Y210.499
G0 X205.435 Y211.653
G0 X203.321 Y212.689
;TIME_ELAPSED:634.582133
;LAYER:69
;note -- min layer time used
;TYPE:SUPPORT
G1 F2700 E387.09405
G1 F2396.1 X203.466 Y212.597 E387.09832
G1 X203.952 Y212.442 E387.11101
G1 X204.142 Y212.292 E387.11704
G1 X204.524 Y212.168 E387.12703
G1 X205.006 Y212.307 E387.13951
G1 X205.172 Y212.455 E387.14505
G1 X205.599 Y212.578 E387.1561
G1 X206.01 Y213.01 E387.17094
G1 X206.154 Y213.49 E387.18341
G1 X206.249 Y213.558 E387.18632
G1 X206.646 Y213.556 E387.1962
G1 X206.751 Y213.464 E387.19967
G1 X206.798 Y213.34 E387.20297
G1 X207.192 Y212.951 E387.21675
G1 X207.304 Y212.58 E387.22639
G1 X207.633 Y212.231 E387.23832
G1 X208.085 Y212.106 E387.24999
G1 X208.431 Y212.198 E387.2589
G1 X209.019 Y212.072 E387.27387
G1 X209.615 Y212.243 E387.28929
G1 X209.992 Y212.64 E387.30292
G1 X210.176 Y213.267 E387.31918
G1 X210.344 Y213.389 E387.32434
G1 X210.516 Y213.33 E387.32887
G1 X211.395 Y212.463 E387.35959
G1 X212.397 Y212.163 E387.38561
G1 X212.787 Y212.091 E387.39548
G1 X213.291 Y212.235 E387.40852
G1 X213.649 Y212.612 E387.42146
G1 X213.801 Y213.126 E387.4348
G1 X213.645 Y213.671 E387.4489
G1 X213.547 Y213.873 E387.45449
G1 X213.567 Y213.995 E387.45757
G1 X213.34 Y214.687 E387.47569
G1 X213.088 Y214.93 E387.4844
G1 X213.05 Y215.035 E387.48718
G1 X213.084 Y215.168 E387.49059
G1 X213.584 Y215.692 E387.50862
G1 X213.772 Y216.247 E387.5232
G1 X213.724 Y216.487 E387.52929
G1 X213.833 Y216.874 E387.53929
G1 X213.692 Y217.39 E387.5526
G1 X213.314 Y217.768 E387.5659
G1 X212.801 Y217.913 E387.57917
G1 X212.567 Y217.848 E387.58521
G1 X212.438 Y217.865 E387.58845
G1 X211.66 Y217.632 E387.60866
G1 X211.387 Y217.382 E387.61787
G1 X211.071 Y217.284 E387.6261
G1 X210.467 Y216.723 E387.64661
G1 X210.241 Y216.037 E387.66458
G1 X210.443 Y215.364 E387.68207
G1 X210.606 Y215.193 E387.68795
G1 X210.638 Y215.059 E387.69137
G1 X210.602 Y214.961 E387.69397
G1 X210.409 Y214.776 E387.70062
G1 X210.298 Y214.418 E387.70995
G1 X210.163 Y214.298 E387.71445
G1 X209.96 Y214.346 E387.71964
G1 X209.157 Y215.099 E387.74703
G1 X209.122 Y215.239 E387.75062
G1 X209.377 Y216.102 E387.77301
G1 X209.191 Y216.764 E387.79012
G1 X209.213 Y216.882 E387.79311
G1 X209.072 Y217.39 E387.80623
G1 X208.694 Y217.768 E387.81953
G1 X208.173 Y217.911 E387.83297
G1 X207.825 Y217.836 E387.84183
G1 X207.249 Y217.661 E387.85681
G1 X206.252 Y216.709 E387.89111
G1 X206.079 Y216.675 E387.8955
G1 X205.981 Y216.729 E387.89828
G1 X205.873 Y217.005 E387.90565
G1 X205.449 Y217.429 E387.92058
G1 X205.165 Y217.519 E387.92799
G1 X205.004 Y217.667 E387.93343
G1 X204.506 Y217.805 E387.94629
G1 X204.156 Y217.704 E387.95535
G1 X203.924 Y217.5 E387.96304
G1 X203.565 Y217.387 E387.9724
G1 X203.403 Y217.285 E387.97717
G1 X202.84 Y216.741 E387.99665
G1 X202.632 Y216.107 E388.01325
G1 X202.804 Y215.489 E388.02921
G1 X203.187 Y215.066 E388.04341
G1 X203.151 Y214.879 E388.04815
G1 X202.743 Y214.487 E388.06223
G1 X202.572 Y213.87 E388.07816
G1 X202.784 Y213.229 E388.09496
G1 X203.321 Y212.689 E388.11391
G1 F2700 E387.61391
G0 F15000 X216.188 Y213.128
G1 F2700 E388.11391
G1 F2396.1 X216.332 Y212.641 E388.12655
G1 X216.713 Y212.243 E388.14026
G1 X217.23 Y212.095 E388.15364
G1 X217.462 Y212.15 E388.15957
G1 X217.551 Y212.134 E388.16182
G1 X218.229 Y212.24 E388.1789
G1 X219.048 Y212.461 E388.2
G1 X219.473 Y212.875 E388.21477
G1 X219.61 Y212.934 E388.21848
G1 X219.722 Y212.909 E388.22133
G1 X219.981 Y212.651 E388.23043
G1 X220.598 Y212.479 E388.24637
G1 X221.078 Y212.616 E388.25879
G1 X221.254 Y212.563 E388.26336
G1 X221.467 Y212.351 E388.27084
G1 X221.739 Y212.248 E388.27808
G1 X222.234 Y212.13 E388.29074
G1 X222.942 Y212.339 E388.30911
G1 X223.197 Y212.582 E388.31787
G1 X223.374 Y212.599 E388.3223
G1 X223.702 Y212.3 E388.33334
G1 X224.194 Y212.186 E388.34591
G1 X224.878 Y212.384 E388.36363
G1 X225.216 Y212.706 E388.37524
G1 X226.484 Y213.055 E388.40797
G1 X227.336 Y213.952 E388.43875
G1 X227.657 Y215.062 E388.4675
G1 X227.332 Y216.226 E388.49757
G1 X226.486 Y217.072 E388.52734
G1 X225.322 Y217.397 E388.55741
G1 X224.759 Y217.232 E388.57201
G1 X224.329 Y217.366 E388.58322
G1 X224.188 Y217.493 E388.58794
G1 X223.716 Y217.652 E388.60033
G1 X223.279 Y217.536 E388.61159
G1 X223.126 Y217.376 E388.61709
G1 X222.966 Y217.318 E388.62133
G1 X222.416 Y217.481 E388.6356
G1 X222.171 Y217.671 E388.64332
G1 X221.69 Y217.82 E388.65585
G1 X221.1 Y217.646 E388.67115
G1 X220.914 Y217.473 E388.67747
G1 X220.808 Y217.454 E388.68015
G1 X220.631 Y217.504 E388.68473
G1 X220.462 Y217.455 E388.68911
G1 X220.229 Y217.51 E388.69506
G1 X219.966 Y217.76 E388.70409
G1 X219.45 Y217.905 E388.71743
G1 X218.717 Y217.761 E388.73602
G1 X218.528 Y217.655 E388.74141
G1 X217.605 Y217.914 E388.76526
G1 X217.415 Y217.867 E388.77013
G1 X217.193 Y217.913 E388.77578
G1 X216.719 Y217.773 E388.78807
G1 X216.347 Y217.401 E388.80116
G1 X216.191 Y216.869 E388.81496
G1 X216.335 Y216.379 E388.82767
G1 X216.402 Y216.302 E388.83021
G1 X216.665 Y215.459 E388.85218
G1 X217.156 Y214.987 E388.86913
G1 X217.189 Y214.837 E388.87295
G1 X217.153 Y214.737 E388.87559
G1 X216.474 Y214.098 E388.89879
G1 X216.188 Y213.128 E388.92396
G1 F2700 E388.42396
;MESH:axis.stl
G0 F15000 X216.186 Y218.258
G0 X216.186 Y219.363
G0 X222.948 Y219.637
G0 X222.744 Y219.554
M204 S1250
;TYPE:WALL-INNER
G1 F2700 E388.92396
G1 F2396.1 X222.941 Y219.634 E388.92953
G1 X223.052 Y219.778 E388.93429
G1 X223.124 Y219.988 E388.9401
G1 X223.131 Y221.637 E388.9833
G1 X224.37 Y221.638 E389.01575
G1 X224.37 Y221.034 E389.03157
G1 X224.299 Y220.715 E389.04013
G1 X224.073 Y220.21 E389.05462
G1 X223.954 Y220.051 E389.05982
G1 X223.555 Y219.711 E389.07355
G1 X223.197 Y219.575 E389.08358
G1 X222.744 Y219.554 E389.09546
M204 S2500
G1 F2700 E388.59546
G0 F15000 X223.372 Y219.892
G0 X207.069 Y219.637
G0 X206.384 Y219.783
G0 X205.986 Y219.604
M204 S1250
G1 F2700 E389.09546
G1 F1913.3 X206.552 Y220.235 E389.12327
G1 X206.806 Y220.233 E389.1316
G1 X206.831 Y219.927 E389.14167
G1 X207.175 Y219.603 E389.15717
G1 X205.986 Y219.604 E389.19617
M204 S2500
G0 F15000 X205.21 Y219.13
M204 S1250
;TYPE:WALL-OUTER
G1 F2396.1 X205.21 Y219.447 E389.20448
G1 X206.342 Y220.709 E389.24888
G1 X207.017 Y220.706 E389.26656
G1 X207.185 Y220.624 E389.27146
G1 X207.271 Y220.454 E389.27645
G1 X207.291 Y220.035 E389.28743
G1 F1996.8 X207.445 Y219.795 E389.2964
G1 F1723.3 X222.5 Y219.794 E389.8447
G1 F2012.8 X222.708 Y220.006 E389.85396
G1 F2396.1 X222.71 Y221.787 E389.90061
G1 X222.866 Y222.013 E389.9078
G1 X223.025 Y222.058 E389.91213
G1 X224.537 Y222.057 E389.95173
G1 X224.692 Y221.962 E389.95649
G1 X224.79 Y221.776 E389.962
G1 X224.79 Y220.988 E389.98264
G1 X224.699 Y220.583 E389.99351
G1 X224.437 Y219.996 E390.01035
G1 X224.262 Y219.761 E390.01802
G1 X223.787 Y219.357 E390.03435
G1 X223.273 Y219.16 E390.04877
G1 X222.973 Y219.134 E390.05666
G1 F2012.8 X222.5 Y219.214 E390.07162
G1 F1723.3 X207.395 Y219.214 E390.62174
G1 F1996.8 X206.575 Y219.131 E390.64764
G1 F2396.1 X205.21 Y219.13 E390.6834
M204 S2500
G0 F15000 X205.21 Y219.33
G1 F2700 E390.1834
G0 F15000 X205.49 Y219.413
G0 X206.382 Y219.363
G0 X206.382 Y218.258
G0 X206.385 Y211.751
G0 X206.385 Y210.646
G0 X205.985 Y210.4
M204 S1250
;TYPE:WALL-INNER
G1 F2700 E390.6834
G1 F1906 X207.242 Y210.4 E390.72479
G1 X206.834 Y210.076 E390.74194
G1 X206.808 Y209.767 E390.75215
G1 X206.553 Y209.768 E390.76055
G1 X205.985 Y210.4 E390.78853
M204 S2500
G1 F2700 E390.28853
G0 F15000 X206.384 Y210.225
G0 X207.069 Y210.37
G0 X222.948 Y210.363
G0 X222.89 Y210.427
M204 S1250
G1 F2700 E390.78853
G1 F2340.4 X223.171 Y210.433 E390.79607
G1 F2396.1 X223.39 Y210.374 E390.80201
G1 X223.752 Y210.151 E390.81314
G1 X224.079 Y209.776 E390.82617
G1 X224.299 Y209.288 E390.8402
G1 X224.37 Y208.97 E390.84873
G1 X224.37 Y208.362 E390.86465
G1 X223.13 Y208.362 E390.89713
G1 X223.126 Y210.056 E390.9415
G1 F2340.4 X222.949 Y210.398 E390.95183
G1 F2282 X222.89 Y210.427 E390.95364
M204 S2500
G1 F2700 E390.45364
G0 F15000 X223.372 Y210.113
G0 X205.49 Y210.595
G0 X205.21 Y210.874
M204 S1250
;TYPE:WALL-OUTER
G1 F2700 E390.95364
G1 F2396.1 X206.577 Y210.874 E390.98944
G1 F2008.7 X207.5 Y210.793 E391.01839
G1 F1711.5 X222.602 Y210.791 E391.57217
G1 F1946.6 X222.96 Y210.867 E391.58397
G1 F2340.4 X223.263 Y210.845 E391.59212
G1 F2396.1 X223.543 Y210.767 E391.59973
G1 X224.037 Y210.463 E391.61492
G1 X224.437 Y210.005 E391.63085
G1 X224.699 Y209.421 E391.64762
G1 X224.79 Y209.016 E391.65849
G1 X224.79 Y208.218 E391.67939
G1 X224.633 Y207.993 E391.68658
G1 X224.468 Y207.942 E391.6911
G1 X223.032 Y207.942 E391.72871
G1 X222.866 Y207.993 E391.73326
G1 X222.71 Y208.214 E391.74035
G1 X222.709 Y209.961 E391.7861
G1 F1988.9 X222.551 Y210.204 E391.79525
G1 F1711.5 X207.5 Y210.211 E392.34716
G1 F2008.7 X207.295 Y209.968 E392.35709
G1 F2396.1 X207.248 Y209.471 E392.37017
G1 X207.037 Y209.294 E392.37738
G1 X206.342 Y209.294 E392.39559
G1 X205.21 Y210.553 E392.43993
G1 X205.21 Y210.874 E392.44834
M204 S2500
G0 F15000 X205.41 Y210.874
G1 F2700 E391.94834
;MESH:NONMESH
G0 F600 X205.41 Y210.874 Z10.65
G0 F15000 X205.49 Y210.595
G0 X206.11 Y210.646
G0 X206.11 Y211.751
G0 X206.108 Y216.205
;TIME_ELAPSED:643.020959
;LAYER:70
;note -- min layer time used
;TYPE:SUPPORT
G1 F2700 E392.44834
G1 F2321.3 X206.38 Y216.203 E392.45699
G1 F2700 E391.95699
G0 F15000 X211.239 Y212.948
G1 F2700 E392.45699
G1 F2968 X211.7 Y212.494 E392.47309
G1 X212.037 Y212.369 E392.48204
G1 X212.586 Y212.218 E392.4962
G1 X212.786 Y212.22 E392.50118
G1 X213.223 Y212.346 E392.5125
G1 X213.54 Y212.68 E392.52396
G1 X213.669 Y213.126 E392.53551
G1 X213.643 Y213.282 E392.53944
G1 X213.689 Y213.443 E392.54361
G1 X213.602 Y213.808 E392.55295
G1 X213.644 Y213.958 E392.55682
G1 X213.472 Y214.501 E392.571
G1 X213.068 Y214.888 E392.58492
G1 X213.022 Y215.008 E392.58811
G1 X213.078 Y215.164 E392.59224
G1 X213.506 Y215.584 E392.60716
G1 X213.621 Y215.774 E392.61269
G1 X213.789 Y216.358 E392.62781
G1 X213.683 Y216.748 E392.63786
G1 X213.702 Y216.878 E392.64113
G1 X213.579 Y217.327 E392.65272
G1 X213.25 Y217.656 E392.66429
G1 X212.809 Y217.781 E392.6757
G1 X212.715 Y217.758 E392.67811
G1 X212.568 Y217.789 E392.68184
G1 X211.972 Y217.612 E392.69731
G1 X211.658 Y217.318 E392.70802
G1 X211.406 Y217.231 E392.71465
G1 X210.855 Y216.718 E392.73338
G1 X210.652 Y216.111 E392.74931
G1 X210.838 Y215.477 E392.76575
G1 X211.095 Y215.23 E392.77462
G1 X211.142 Y215.108 E392.77787
G1 X211.087 Y214.954 E392.78194
G1 X210.83 Y214.713 E392.79071
G1 F2912.5 X210.596 Y213.911 E392.81189
G1 F2698.2 X210.484 Y213.785 E392.81651
G1 F2745.7 X211.194 Y213.081 E392.8434
G1 F2968 X211.239 Y212.948 E392.84689
G1 F2700 E392.34689
G0 F15000 X210.471 Y213.77
G1 F2700 E392.84689
G1 F2230 X210.411 Y213.764 E392.84889
G1 F2700 E392.34889
G0 F15000 X207.697 Y212.347
G1 F2700 E392.84889
G1 F2968 X208.085 Y212.235 E392.85894
G1 X208.497 Y212.348 E392.86957
G1 X209.085 Y212.198 E392.88467
G1 X209.667 Y212.363 E392.89972
G1 X210.048 Y212.761 E392.91343
G1 F2933.1 X210.273 Y213.553 E392.93416
G1 F2764 X210.276 Y213.612 E392.93574
G1 F2411.1 X210.411 Y213.764 E392.94197
G1 X210.164 Y213.812 E392.94968
G1 F2795 X209.981 Y213.941 E392.95559
G1 F2968 X209.81 Y214.541 E392.97112
G1 X209.363 Y214.95 E392.98619
G1 X209.19 Y215.014 E392.99078
G1 X209.124 Y215.102 E392.99352
G1 X209.118 Y215.239 E392.99693
G1 X209.377 Y216.126 E393.01992
G1 X209.184 Y216.818 E393.0378
G1 X209.081 Y216.926 E393.04151
G1 X208.956 Y217.326 E393.05194
G1 X208.626 Y217.656 E393.06355
G1 X208.182 Y217.777 E393.075
G1 X207.946 Y217.789 E393.08088
G1 X207.463 Y217.645 E393.09343
G1 X206.756 Y216.942 E393.11823
G1 F2940 X206.553 Y216.345 E393.13407
G1 F2580.9 X206.38 Y216.203 E393.14048
G1 X206.539 Y216.047 E393.14685
G1 F2940 X206.715 Y215.456 E393.16234
G1 F2968 X207.255 Y214.919 E393.18129
G1 X207.294 Y214.787 E393.18472
G1 X207.176 Y214.587 E393.19049
G1 X206.984 Y213.936 E393.20738
G1 X207.189 Y213.324 E393.22344
G1 X207.315 Y213.157 E393.22865
G1 X207.307 Y213.017 E393.23214
G1 X207.416 Y212.64 E393.2419
G1 X207.697 Y212.347 E393.252
G1 F2700 E392.752
G0 F15000 X203.615 Y212.644
G1 F2700 E393.252
G1 F2968 X204.039 Y212.506 E393.2631
G1 X204.26 Y212.349 E393.26985
G1 X204.663 Y212.238 E393.28025
G1 X205.048 Y212.347 E393.2902
G1 X205.188 Y212.472 E393.29487
G1 X205.511 Y212.567 E393.30325
G1 X205.892 Y212.965 E393.31696
G1 X206.041 Y213.471 E393.33009
G1 X205.771 Y214.483 E393.35615
G1 X205.412 Y214.842 E393.36878
G1 X205.354 Y214.971 E393.3723
G1 X205.411 Y215.132 E393.37655
G1 X205.764 Y215.508 E393.38938
G1 F2960.9 X205.922 Y216.049 E393.40344
G1 F2602.4 X206.108 Y216.205 E393.41033
G1 F2597 X205.948 Y216.365 E393.41676
G1 F2953.9 X205.744 Y217.082 E393.4354
G1 F2968 X205.366 Y217.46 E393.4487
G1 X205.198 Y217.508 E393.45305
G1 X205.022 Y217.66 E393.45884
G1 X204.634 Y217.769 E393.46886
G1 X204.267 Y217.66 E393.47839
G1 X204.059 Y217.476 E393.4853
G1 X203.709 Y217.336 E393.49468
G1 X203.16 Y216.797 E393.51382
G1 X202.968 Y216.216 E393.52905
G1 X203.123 Y215.692 E393.54265
G1 X203.64 Y215.146 E393.56136
G1 X203.694 Y214.984 E393.56561
G1 X203.633 Y214.856 E393.56913
G1 X203.067 Y214.285 E393.58914
G1 X202.909 Y213.755 E393.6029
G1 X203.097 Y213.18 E393.61795
G1 X203.615 Y212.644 E393.6365
G1 F2700 E393.1365
G0 F15000 X216.256 Y213.433
G1 F2700 E393.6365
G1 F2968 X216.443 Y212.701 E393.6553
G1 X216.776 Y212.355 E393.66725
G1 X217.228 Y212.227 E393.67894
G1 X217.531 Y212.215 E393.68648
G1 X218.688 Y212.529 E393.71632
G1 X219.326 Y213.146 E393.7384
G1 X219.482 Y213.151 E393.74228
G1 X219.885 Y212.767 E393.75614
G1 X220.533 Y212.587 E393.77287
G1 X221.021 Y212.718 E393.78544
G1 X221.119 Y212.702 E393.78791
G1 X221.676 Y212.202 E393.80654
G1 X222.095 Y212.131 E393.81711
G1 X222.461 Y212.248 E393.82667
G1 X222.562 Y212.344 E393.83014
G1 X222.854 Y212.476 E393.83811
G1 X223.107 Y212.672 E393.84608
G1 X223.256 Y212.64 E393.84987
G1 X223.573 Y212.332 E393.86087
G1 X224.041 Y212.226 E393.87281
G1 X224.88 Y212.502 E393.89478
G1 X225.044 Y212.679 E393.90079
G1 X225.303 Y212.851 E393.90853
G1 X226.423 Y213.167 E393.93748
G1 X227.224 Y214.012 E393.96645
G1 X227.529 Y215.062 E393.99366
G1 X227.22 Y216.162 E394.02209
G1 X226.422 Y216.96 E394.05017
G1 X225.325 Y217.265 E394.0785
G1 X225.077 Y217.216 E394.08479
G1 X224.674 Y217.294 E394.09501
G1 X224.596 Y217.364 E394.09762
G1 X224.079 Y217.508 E394.11097
G1 X223.574 Y217.677 E394.12422
G1 X223.196 Y217.582 E394.13392
G1 X222.926 Y217.313 E394.1434
G1 X222.797 Y217.255 E394.14692
G1 X222.258 Y217.412 E394.16089
G1 X222.005 Y217.639 E394.16935
G1 X221.482 Y217.785 E394.18286
G1 X220.999 Y217.641 E394.1954
G1 X220.754 Y217.412 E394.20375
G1 X220.526 Y217.421 E394.20942
G1 X220.246 Y217.373 E394.21649
G1 X219.909 Y217.646 E394.22728
G1 X219.096 Y217.866 E394.24824
G1 X218.888 Y217.866 E394.25342
G1 X218.668 Y217.807 E394.25908
G1 X218.403 Y217.551 E394.26825
G1 X218.261 Y217.519 E394.27187
G1 X218.082 Y217.634 E394.27717
G1 X217.466 Y217.797 E394.29302
G1 X216.78 Y217.655 E394.31046
G1 X216.459 Y217.337 E394.3217
G1 X216.323 Y216.869 E394.33383
G1 X216.35 Y216.762 E394.33657
G1 X216.303 Y216.559 E394.34176
G1 X216.388 Y216.138 E394.35244
G1 X216.578 Y215.486 E394.36934
G1 X217.07 Y215.016 E394.38627
G1 X217.134 Y214.849 E394.39072
G1 X217.095 Y214.74 E394.3936
G1 X216.577 Y214.26 E394.41117
G1 X216.435 Y214.045 E394.41759
G1 X216.256 Y213.433 E394.43345
G1 F2700 E393.93345
;MESH:axis.stl
G0 F15000 X216.255 Y218.15
G0 X222.5 Y219.408
M204 S1250
;TYPE:WALL-INNER
G1 F2700 E394.43345
G1 F3511.4 X207.393 Y219.414 E394.7679
M204 S2500
G0 F15000 X206.622 Y219.705
G0 X205.975 Y219.504
M204 S1250
G1 F2321.3 X206.558 Y220.164 E394.79739
G1 X206.801 Y220.163 E394.80553
G1 X206.828 Y219.837 E394.81649
G1 F2782.5 X207.393 Y219.414 E394.83621
G1 X206.568 Y219.503 E394.85939
G1 F2321.3 X205.975 Y219.504 E394.87925
M204 S2500
G1 F2700 E394.37925
G0 F15000 X206.355 Y219.676
G0 X206.934 Y219.581
G0 X222.5 Y219.408
M204 S1250
G1 F2700 E394.87925
G1 F3229.4 X222.923 Y219.535 E394.88988
G1 F2968 X223.041 Y219.68 E394.89478
G1 X223.125 Y219.918 E394.90139
G1 X223.13 Y221.586 E394.94507
G1 X224.37 Y221.586 E394.97755
G1 X224.37 Y220.965 E394.99382
G1 X224.298 Y220.642 E395.00249
G1 X224.077 Y220.142 E395.01681
G1 X223.738 Y219.743 E395.03052
G1 X223.379 Y219.525 E395.04152
G1 X223.19 Y219.468 E395.04669
G1 F3229.4 X222.5 Y219.408 E395.06336
M204 S2500
G1 F2700 E394.56336
G0 F15000 X205.49 Y219.306
G0 X205.21 Y219.026
M204 S1250
;TYPE:WALL-OUTER
G1 F2700 E395.06336
G1 F2968 X205.21 Y219.343 E395.07167
G1 X205.686 Y219.901 E395.09088
G1 X206.343 Y220.642 E395.11681
G1 X206.966 Y220.641 E395.13313
G1 X207.185 Y220.548 E395.13936
G1 X207.271 Y220.381 E395.14428
G1 X207.292 Y219.953 E395.15551
G1 X207.459 Y219.797 E395.16149
G1 X222.5 Y219.794 E395.55545
G1 X222.641 Y219.847 E395.5594
G1 X222.709 Y219.975 E395.5632
G1 X222.71 Y221.732 E395.60922
G1 X222.863 Y221.955 E395.6163
G1 X223.032 Y222.006 E395.62092
G1 X224.478 Y222.006 E395.6588
G1 X224.633 Y221.956 E395.66306
G1 X224.79 Y221.732 E395.67023
G1 X224.79 Y220.919 E395.69152
G1 X224.699 Y220.51 E395.7025
G1 X224.436 Y219.917 E395.71949
G1 X224.027 Y219.435 E395.73604
G1 X223.797 Y219.264 E395.74355
G1 X223.274 Y219.055 E395.7583
G1 X222.984 Y219.023 E395.76594
G1 X205.21 Y219.026 E396.23149
M204 S2500
G0 F15000 X205.21 Y219.226
G1 F2700 E395.73149
G0 F15000 X205.49 Y219.306
G0 X206.357 Y219.236
G0 X206.356 Y218.151
G0 X206.357 Y211.855
G0 X206.356 Y210.77
G0 X205.974 Y210.499
M204 S1250
;TYPE:WALL-INNER
G1 F2700 E396.23149
G1 F2317 X206.57 Y210.499 E396.25148
G1 F2813.9 X207.5 Y210.594 E396.27731
G1 X206.831 Y210.166 E396.29925
G1 F2317 X206.803 Y209.841 E396.3102
G1 X206.557 Y209.841 E396.31845
G1 X205.974 Y210.499 E396.34795
M204 S2500
G0 F15000 X206.356 Y210.33
G0 X207.5 Y210.594
M204 S1250
G1 F3531.3 X222.603 Y210.59 E396.68042
G1 F3204.5 X223.184 Y210.535 E396.69458
G1 F2968 X223.383 Y210.476 E396.70002
G1 X223.738 Y210.264 E396.71085
G1 X224.076 Y209.862 E396.7246
G1 X224.298 Y209.362 E396.73893
G1 X224.37 Y209.038 E396.74763
G1 X224.37 Y208.422 E396.76376
G1 X223.13 Y208.422 E396.79624
G1 X223.126 Y210.078 E396.83961
G1 X223.039 Y210.327 E396.84652
G1 F2996.5 X222.927 Y210.458 E396.85099
G1 F3229.4 X222.603 Y210.59 E396.85942
M204 S2500
G1 F2700 E396.35942
G0 F15000 X223.372 Y210.214
G0 X205.49 Y210.701
G0 X205.21 Y210.978
M204 S1250
;TYPE:WALL-OUTER
G1 F2700 E396.85942
G1 F2968 X222.992 Y210.978 E397.32517
G1 X223.538 Y210.868 E397.33976
G1 X224.027 Y210.573 E397.35472
G1 X224.436 Y210.087 E397.37135
G1 X224.699 Y209.494 E397.38834
G1 X224.79 Y209.084 E397.39934
G1 X224.79 Y208.272 E397.42061
G1 X224.75 Y208.17 E397.42348
G1 X224.545 Y208.002 E397.43042
G1 X222.954 Y208.002 E397.4721
G1 X222.747 Y208.17 E397.47908
G1 X222.71 Y208.269 E397.48185
G1 X222.709 Y210.026 E397.52787
G1 X222.644 Y210.154 E397.53163
G1 X222.537 Y210.207 E397.53475
G1 X207.5 Y210.21 E397.92861
G1 X207.296 Y210.051 E397.93538
G1 X207.248 Y209.543 E397.94875
G1 X207.13 Y209.414 E397.95333
G1 X206.977 Y209.362 E397.95756
G1 X206.342 Y209.362 E397.97419
G1 X205.676 Y210.11 E398.00042
G1 X205.21 Y210.661 E398.01933
G1 X205.21 Y210.978 E398.02763
M204 S2500
G0 F15000 X205.41 Y210.978
G1 F2700 E397.52763
;MESH:NONMESH
G0 F600 X205.41 Y210.978 Z10.8
G0 F15000 X205.49 Y210.701
G0 X203.817 Y212.7
;TIME_ELAPSED:651.744422
;LAYER:71
;note -- min layer time used
;TYPE:SUPPORT
G1 F2700 E398.02763
G1 F2878.3 X204.13 Y212.593 E398.03586
G1 X204.364 Y212.363 E398.04402
G1 X204.663 Y212.279 E398.05175
G1 X205.032 Y212.383 E398.06129
G1 X205.248 Y212.604 E398.06898
G1 X205.447 Y212.675 E398.07424
G1 X205.78 Y213.024 E398.08624
G1 X205.901 Y213.449 E398.09724
G1 X205.616 Y214.462 E398.12342
G1 X205.234 Y214.844 E398.13686
G1 X205.178 Y214.972 E398.14034
G1 X205.235 Y215.133 E398.14459
G1 X205.656 Y215.576 E398.1598
G1 X205.813 Y216.126 E398.17403
G1 X205.73 Y216.471 E398.18286
G1 X205.757 Y216.576 E398.18556
G1 X205.632 Y217.018 E398.19699
G1 X205.034 Y217.616 E398.21803
G1 X204.634 Y217.725 E398.22835
G1 X204.355 Y217.646 E398.23556
G1 X204.106 Y217.388 E398.24448
G1 X203.919 Y217.302 E398.2496
G1 X203.542 Y216.946 E398.26251
G1 X203.395 Y216.445 E398.2755
G1 X203.652 Y215.572 E398.29814
G1 X204.049 Y215.149 E398.31258
G1 X204.102 Y214.987 E398.31682
G1 X204.042 Y214.86 E398.32031
G1 X203.616 Y214.43 E398.33537
G1 X203.359 Y213.529 E398.35869
G1 X203.511 Y213 E398.37238
G1 X203.817 Y212.7 E398.38305
G1 F2700 E397.88305
G0 F15000 X207.439 Y213.008
G1 F2700 E398.38305
G1 F2878.3 X207.593 Y212.581 E398.39434
G1 X207.785 Y212.362 E398.40159
G1 X208.079 Y212.279 E398.40919
G1 X208.615 Y212.467 E398.42332
G1 X209.151 Y212.345 E398.437
G1 X209.603 Y212.471 E398.44868
G1 X209.936 Y212.824 E398.46075
G1 X210.097 Y213.373 E398.47499
G1 X210.022 Y213.688 E398.48305
G1 X210.061 Y213.828 E398.48666
G1 X209.888 Y214.45 E398.50273
G1 X209.558 Y214.776 E398.51427
G1 X209.004 Y214.935 E398.52861
G1 X208.927 Y215.068 E398.53243
G1 X208.942 Y215.207 E398.53591
G1 X209.276 Y215.576 E398.5483
G1 X209.437 Y216.126 E398.56256
G1 X209.276 Y216.706 E398.57754
G1 X209.123 Y216.861 E398.58295
G1 X209.055 Y217.043 E398.58779
G1 X208.528 Y217.626 E398.60734
G1 X208.166 Y217.729 E398.61671
G1 X207.524 Y217.534 E398.6334
G1 X207.171 Y217.181 E398.64583
G1 X207.044 Y216.758 E398.65682
G1 X207.07 Y216.622 E398.66026
G1 X207.043 Y216.515 E398.66301
G1 X207.076 Y216.326 E398.66778
G1 X207.019 Y216.125 E398.67298
G1 X207.192 Y215.528 E398.68845
G1 X207.598 Y215.102 E398.70309
G1 X207.703 Y215.038 E398.70615
G1 X207.802 Y214.772 E398.71321
G1 X207.801 Y214.648 E398.7163
G1 X207.655 Y214.469 E398.72204
G1 X207.467 Y213.825 E398.73874
G1 X207.567 Y213.483 E398.7476
G1 X207.439 Y213.008 E398.75985
G1 F2700 E398.25985
G0 F15000 X211.076 Y213.836
G1 F2700 E398.75985
G1 F2878.3 X211.229 Y213.373 E398.77198
G1 X212.1 Y212.483 E398.80296
G1 X212.837 Y212.275 E398.82202
G1 X213.207 Y212.379 E398.83158
G1 X213.472 Y212.659 E398.84118
G1 X213.526 Y212.811 E398.84519
G1 X213.608 Y212.9 E398.8482
G1 X213.749 Y213.39 E398.86089
G1 X213.658 Y213.738 E398.86984
G1 X213.67 Y213.825 E398.87202
G1 X213.492 Y214.454 E398.88829
G1 X213.076 Y214.87 E398.90293
G1 X213.022 Y214.998 E398.90639
G1 X213.081 Y215.159 E398.91065
G1 X213.545 Y215.637 E398.92723
G1 X213.628 Y215.903 E398.93416
G1 X213.689 Y215.975 E398.93651
G1 X213.833 Y216.47 E398.94934
G1 X213.688 Y216.986 E398.96267
G1 X213.497 Y217.184 E398.96952
G1 X213.426 Y217.344 E398.97388
G1 X213.149 Y217.624 E398.98368
G1 X212.787 Y217.725 E398.99303
G1 X212.148 Y217.533 E399.00963
G1 X211.835 Y217.226 E399.02054
G1 X211.75 Y217.191 E399.02283
G1 X211.27 Y216.749 E399.03906
G1 X211.119 Y216.236 E399.05237
G1 X211.308 Y215.592 E399.06907
G1 X211.693 Y215.188 E399.08296
G1 X211.746 Y215.025 E399.08722
G1 X211.686 Y214.9 E399.09067
G1 X211.263 Y214.473 E399.10563
G1 X211.076 Y213.836 E399.12214
G1 F2700 E398.62214
G0 F15000 X216.203 Y213.389
G1 F2700 E399.12214
G1 F2878.3 X216.351 Y212.897 E399.13493
G1 X216.841 Y212.379 E399.15267
G1 X217.208 Y212.276 E399.16216
G1 X217.552 Y212.385 E399.17114
G1 X218.349 Y212.598 E399.19166
G1 X218.749 Y212.981 E399.20544
G1 X218.911 Y213.457 E399.21795
G1 X218.989 Y213.509 E399.22029
G1 X219.341 Y213.517 E399.22905
G1 X219.435 Y213.479 E399.23157
G1 X219.526 Y213.33 E399.23592
G1 X219.953 Y212.879 E399.25137
G1 X220.533 Y212.718 E399.26635
G1 X220.935 Y212.826 E399.2767
G1 X221.033 Y212.811 E399.27917
G1 X221.658 Y212.238 E399.30027
G1 X221.791 Y212.198 E399.30373
G1 X222.228 Y212.232 E399.31463
G1 X222.524 Y212.481 E399.32426
G1 X222.622 Y212.515 E399.32684
G1 X222.807 Y212.697 E399.3333
G1 X222.915 Y212.748 E399.33627
G1 X223.053 Y212.737 E399.33971
G1 X223.479 Y212.275 E399.35535
G1 X223.809 Y212.199 E399.36378
G1 X224.147 Y212.309 E399.37262
G1 X224.311 Y212.283 E399.37675
G1 X224.709 Y212.418 E399.38721
G1 X225.286 Y212.978 E399.40722
G1 X226.355 Y213.283 E399.43488
G1 X227.112 Y214.076 E399.46216
G1 X227.397 Y215.061 E399.48767
G1 X227.108 Y216.094 E399.51436
G1 X226.358 Y216.848 E399.54082
G1 X225.336 Y217.135 E399.56724
G1 X225.308 Y217.154 E399.56808
G1 X224.754 Y217.337 E399.5826
G1 X224.635 Y217.319 E399.58559
G1 X224.455 Y217.434 E399.59091
G1 X224.052 Y217.572 E399.60151
G1 X223.93 Y217.55 E399.60459
G1 X223.441 Y217.735 E399.6176
G1 X223.139 Y217.659 E399.62535
G1 X222.733 Y217.234 E399.63998
G1 X222.641 Y217.196 E399.64245
G1 X222.176 Y217.309 E399.65436
G1 X221.934 Y217.532 E399.66255
G1 X221.487 Y217.657 E399.6741
G1 X221.059 Y217.529 E399.68521
G1 X220.726 Y217.255 E399.69594
G1 X220.527 Y217.293 E399.70098
G1 X220.219 Y217.219 E399.70887
G1 X220.115 Y217.261 E399.71166
G1 X219.838 Y217.536 E399.72137
G1 X219.375 Y217.665 E399.73333
G1 X219.057 Y217.81 E399.74203
G1 X218.637 Y217.776 E399.75251
G1 X218.286 Y217.394 E399.76542
G1 X218.177 Y217.351 E399.76833
G1 X218.067 Y217.369 E399.77111
G1 X217.885 Y217.527 E399.77711
G1 X217.162 Y217.729 E399.79578
G1 X216.795 Y217.621 E399.8053
G1 X216.515 Y217.341 E399.81516
G1 X216.391 Y217.101 E399.82188
G1 X216.247 Y216.613 E399.83454
G1 X216.342 Y216.264 E399.84354
G1 X216.324 Y216.171 E399.8459
G1 X216.496 Y215.584 E399.86112
G1 X216.836 Y215.224 E399.87344
G1 X217.076 Y215.157 E399.87964
G1 X217.162 Y215.088 E399.88238
G1 X217.201 Y214.935 E399.88631
G1 X217.167 Y214.847 E399.88866
G1 X216.503 Y214.173 E399.9122
G1 X216.428 Y213.962 E399.91777
G1 X216.347 Y213.877 E399.92069
G1 X216.203 Y213.389 E399.93335
G1 F2700 E399.43335
;MESH:axis.stl
G0 F15000 X216.2 Y218.034
G0 X222.5 Y219.31
M204 S1250
;TYPE:WALL-INNER
G1 F2700 E399.93335
G1 F3148.2 X214.945 Y219.311 E400.11428
G1 F3099.7 X207.39 Y219.312 E400.29802
M204 S2500
G0 F15000 X206.623 Y219.586
G0 X205.966 Y219.392
M204 S1250
G1 F2198 X206.561 Y220.081 E400.32925
G1 X206.793 Y220.08 E400.33721
G1 X206.825 Y219.738 E400.34899
G1 F2561.2 X207.39 Y219.312 E400.36982
G1 X206.56 Y219.392 E400.39436
G1 F2198 X205.966 Y219.392 E400.41474
M204 S2500
G1 F2700 E399.91474
G0 F15000 X206.326 Y219.559
G0 X206.928 Y219.489
G0 X222.5 Y219.31
M204 S1250
G1 F2700 E400.41474
G1 F3022.2 X222.925 Y219.453 E400.42592
G1 F2878.3 X223.03 Y219.578 E400.4302
G1 X223.13 Y219.818 E400.43701
G1 X223.13 Y221.522 E400.48164
G1 X224.37 Y221.522 E400.51412
G1 X224.37 Y220.895 E400.53054
G1 X224.21 Y220.304 E400.54658
G1 X223.923 Y219.837 E400.56093
G1 X223.539 Y219.495 E400.5744
G1 X223.184 Y219.35 E400.58445
G1 F3022.2 X222.5 Y219.31 E400.60154
M204 S2500
G1 F2700 E400.10154
G0 F15000 X205.49 Y219.187
G0 X205.21 Y218.906
M204 S1250
;TYPE:WALL-OUTER
G1 F2700 E400.60154
G1 F2878.3 X205.21 Y219.247 E400.61047
G1 X205.913 Y220.08 E400.63902
G1 X206.343 Y220.566 E400.65602
G1 X207.028 Y220.566 E400.67396
G1 X207.187 Y220.468 E400.67885
G1 X207.271 Y220.302 E400.68372
G1 X207.293 Y219.865 E400.69518
G1 X207.459 Y219.713 E400.70108
G1 X222.5 Y219.71 E401.09504
G1 X222.642 Y219.764 E401.09902
G1 X222.705 Y219.874 E401.10234
G1 X222.71 Y221.67 E401.14938
G1 X222.747 Y221.769 E401.15215
G1 X222.95 Y221.942 E401.15913
G1 X224.551 Y221.942 E401.20107
G1 X224.75 Y221.767 E401.20801
G1 X224.79 Y221.664 E401.2109
G1 X224.79 Y220.851 E401.2322
G1 X224.59 Y220.12 E401.25205
G1 X224.249 Y219.565 E401.26911
G1 X223.779 Y219.147 E401.28558
G1 X223.203 Y218.91 E401.3019
G1 X205.21 Y218.906 E401.77318
M204 S2500
G0 F15000 X205.21 Y219.106
G1 F2700 E401.27318
G0 F15000 X205.49 Y219.187
G0 X206.323 Y219.137
G0 X206.323 Y218.032
G0 X206.324 Y211.975
G0 X206.323 Y210.89
G0 X205.966 Y210.613
M204 S1250
;TYPE:WALL-INNER
G1 F2700 E401.77318
G1 F2198 X206.56 Y210.613 E401.79355
G1 F2594.2 X207.496 Y210.696 E401.82086
G1 X206.825 Y210.266 E401.84402
G1 F2198 X206.795 Y209.924 E401.85579
G1 X206.561 Y209.925 E401.86382
G1 X205.966 Y210.613 E401.89502
M204 S2500
G0 F15000 X206.326 Y210.449
G0 X207.496 Y210.696
M204 S1250
G1 F3131.9 X222.606 Y210.694 E402.25875
G1 F2984.9 X223.178 Y210.656 E402.27323
G1 F2878.3 X223.543 Y210.506 E402.28356
G1 X223.94 Y210.156 E402.29742
G1 X224.065 Y209.978 E402.30312
G1 X224.296 Y209.457 E402.31805
G1 X224.37 Y209.107 E402.32742
G1 X224.37 Y208.482 E402.34379
G1 X223.131 Y208.483 E402.37624
G1 X223.13 Y210.088 E402.41828
G1 X223.09 Y210.312 E402.42424
G1 F2892.1 X222.917 Y210.557 E402.43206
G1 F2999.7 X222.606 Y210.694 E402.4406
M204 S2500
G1 F2700 E401.9406
G0 F15000 X223.371 Y210.326
G0 X205.49 Y210.821
G0 X205.21 Y211.098
M204 S1250
;TYPE:WALL-OUTER
G1 F2700 E402.4406
G1 F2878.3 X222.989 Y211.098 E402.90627
G1 X223.264 Y211.069 E402.91352
G1 X223.783 Y210.854 E402.92823
G1 X224.254 Y210.438 E402.94469
G1 X224.432 Y210.187 E402.95275
G1 X224.698 Y209.587 E402.96994
G1 X224.79 Y209.15 E402.98164
G1 X224.79 Y208.339 E403.00288
G1 X224.749 Y208.232 E403.00588
G1 X224.546 Y208.062 E403.01281
G1 X222.945 Y208.062 E403.05475
G1 X222.751 Y208.231 E403.06149
G1 X222.71 Y208.342 E403.06459
G1 X222.706 Y210.133 E403.1115
G1 X222.64 Y210.245 E403.1149
G1 X222.537 Y210.295 E403.1179
G1 X207.496 Y210.295 E403.51186
G1 X207.293 Y210.139 E403.51857
G1 X207.271 Y209.701 E403.53005
G1 X207.19 Y209.536 E403.53487
G1 X207.029 Y209.438 E403.5398
G1 X206.343 Y209.442 E403.55777
G1 X205.901 Y209.937 E403.57515
G1 X205.21 Y210.757 E403.60324
G1 X205.21 Y211.098 E403.61217
M204 S2500
G0 F15000 X205.41 Y211.098
G1 F2700 E403.11217
;MESH:NONMESH
G0 F600 X205.41 Y211.098 Z10.95
G0 F15000 X205.49 Y210.821
G0 X204.03 Y212.755
;TIME_ELAPSED:660.281388
;LAYER:72
;note -- min layer time used
;TYPE:SUPPORT
G1 F2700 E403.61217
G1 F3027.6 X204.121 Y212.723 E403.61457
G1 X204.545 Y212.327 E403.62901
G1 X204.798 Y212.254 E403.63556
G1 X205.056 Y212.324 E403.64221
G1 X205.24 Y212.52 E403.6489
G1 X205.306 Y212.7 E403.65367
G1 X205.668 Y213.084 E403.6668
G1 X205.773 Y213.449 E403.67625
G1 X205.504 Y214.394 E403.7007
G1 F2553.4 X204.929 Y214.964 E403.72459
G1 F2207.7 X204.929 Y215.014 E403.7263
G1 F2553.4 X205.063 Y215.129 E403.73151
G1 F3027.6 X205.54 Y215.632 E403.74876
G1 X205.681 Y216.125 E403.76151
G1 X205.598 Y216.475 E403.77047
G1 X205.625 Y216.576 E403.77307
G1 X205.516 Y216.959 E403.78298
G1 X205.31 Y217.179 E403.79047
G1 X205.213 Y217.493 E403.79865
G1 X205.022 Y217.684 E403.80537
G1 X204.771 Y217.753 E403.81185
G1 X204.536 Y217.683 E403.81795
G1 X204.151 Y217.274 E403.83193
G1 X204.104 Y217.25 E403.83324
G1 X203.747 Y216.893 E403.8458
G1 X203.623 Y216.468 E403.85682
G1 X203.661 Y216.333 E403.86031
G1 X203.619 Y216.124 E403.86561
G1 X203.76 Y215.636 E403.87825
G1 F2890 X204.362 Y215 E403.90108
G1 X203.727 Y214.365 E403.92449
G1 F3027.6 X203.584 Y213.879 E403.9371
G1 X203.621 Y213.739 E403.9407
G1 X203.576 Y213.531 E403.946
G1 X203.704 Y213.104 E403.95709
G1 X204.03 Y212.755 E403.96897
G1 F2700 E403.46897
G0 F15000 X207.38 Y215.636
G1 F2700 E403.96897
G1 F3027.6 X207.76 Y215.239 E403.98265
G1 F2800.9 X208.639 Y214.994 E404.00719
G1 F2764.4 X208.699 Y215.151 E404.01177
G1 F2985 X209.165 Y215.641 E404.02884
G1 F3027.6 X209.309 Y216.126 E404.04142
G1 X209.164 Y216.641 E404.05474
G1 X209.016 Y216.786 E404.05989
G1 X208.878 Y217.036 E404.067
G1 X208.743 Y217.494 E404.07888
G1 X208.554 Y217.68 E404.08548
G1 X208.301 Y217.753 E404.09203
G1 X208.058 Y217.681 E404.09834
G1 X207.875 Y217.512 E404.10453
G1 X207.587 Y217.421 E404.11205
G1 X207.283 Y217.117 E404.12275
G1 X207.175 Y216.755 E404.13215
G1 X207.287 Y216.372 E404.14208
G1 X207.239 Y216.127 E404.14829
G1 X207.38 Y215.636 E404.161
G1 F2700 E403.661
G0 F15000 X208.63 Y214.972
G1 F2700 E404.161
G1 F2283 X208.646 Y214.928 E404.16255
G1 F2700 E403.66255
G0 F15000 X207.638 Y212.849
G1 F2700 E404.16255
G1 F3027.6 X207.768 Y212.521 E404.17132
G1 X207.964 Y212.319 E404.17833
G1 X208.219 Y212.247 E404.18492
G1 X208.472 Y212.319 E404.19147
G1 X208.625 Y212.465 E404.19673
G1 X208.717 Y212.494 E404.19913
G1 X209.103 Y212.399 E404.20902
G1 X209.469 Y212.502 E404.21848
G1 X209.82 Y212.883 E404.23137
G1 X209.972 Y213.251 E404.24128
G1 X210.117 Y213.746 E404.25411
G1 X209.972 Y214.258 E404.26735
G1 X209.594 Y214.64 E404.28073
G1 F2800.9 X208.637 Y214.905 E404.30744
G1 F2728.8 X208.57 Y214.732 E404.31256
G1 F2943.5 X208.115 Y214.282 E404.32894
G1 F3027.6 X207.959 Y213.749 E404.34275
G1 X208.029 Y213.513 E404.34888
G1 X208.023 Y213.395 E404.35182
G1 X207.698 Y213.043 E404.36374
G1 X207.638 Y212.849 E404.36879
G1 F2700 E403.86879
G0 F15000 X211.567 Y213.747
G1 F2700 E404.36879
G1 F3027.6 X211.724 Y213.216 E404.38257
G1 X211.841 Y213.092 E404.38681
G1 X211.917 Y212.879 E404.39244
G1 X212.201 Y212.582 E404.40267
G1 X212.566 Y212.455 E404.41228
G1 X212.72 Y212.327 E404.41727
G1 X212.974 Y212.255 E404.42383
G1 X213.227 Y212.324 E404.43036
G1 X213.416 Y212.524 E404.43721
G1 X213.486 Y212.764 E404.44343
G1 X213.478 Y212.912 E404.44712
G1 X213.725 Y213.75 E404.46885
G1 X213.58 Y214.262 E404.4821
G1 X213.201 Y214.641 E404.49543
G1 X212.976 Y214.706 E404.50126
G1 F2992 X212.859 Y214.802 E404.50507
G1 F2903.2 X212.825 Y214.904 E404.50786
G1 F2916.5 X212.86 Y215.252 E404.51689
G1 F3013.3 X212.977 Y215.351 E404.52073
G1 F3027.6 X213.235 Y215.423 E404.52739
G1 X213.616 Y215.824 E404.54116
G1 X213.757 Y216.313 E404.55382
G1 X213.588 Y216.909 E404.56923
G1 X213.498 Y217.016 E404.57271
G1 X213.36 Y217.494 E404.58509
G1 X213.174 Y217.68 E404.59164
G1 X212.917 Y217.753 E404.59829
G1 X212.681 Y217.684 E404.6044
G1 X212.477 Y217.503 E404.61119
G1 X212.211 Y217.421 E404.61812
G1 X211.907 Y217.117 E404.62881
G1 X211.843 Y216.94 E404.6335
G1 X211.755 Y216.849 E404.63665
G1 X211.595 Y216.311 E404.65061
G1 X211.752 Y215.78 E404.66439
G1 F2992 X212.391 Y215.111 E404.68769
G1 F2943.5 X212.386 Y214.942 E404.69201
G1 F2985 X211.727 Y214.285 E404.7155
G1 F3027.6 X211.567 Y213.747 E404.72946
G1 F2700 E404.22946
G0 F15000 X216.412 Y215.768
G1 F2700 E404.72946
G1 F3027.6 X216.793 Y215.367 E404.74323
G1 X217.229 Y215.23 E404.7546
G1 F2498.3 X217.403 Y215.06 E404.76194
G1 X217.594 Y215.21 E404.76926
G1 F3027.6 X217.863 Y215.291 E404.77625
G1 X218.432 Y215.892 E404.79684
G1 X218.589 Y215.9 E404.80075
G1 X218.816 Y215.707 E404.80817
G1 X219.269 Y215.582 E404.81986
G1 X219.586 Y215.639 E404.82788
G1 X219.684 Y215.581 E404.83071
G1 X220.135 Y215.106 E404.84701
G1 X220.17 Y214.967 E404.85057
G1 X220.145 Y214.875 E404.85295
G1 X219.639 Y214.365 E404.87082
G1 X219.495 Y213.875 E404.88353
G1 X219.636 Y213.393 E404.89603
G1 X220.017 Y212.991 E404.90981
G1 X220.533 Y212.847 E404.92314
G1 X220.989 Y212.97 E404.93489
G1 X221.168 Y212.897 E404.9397
G1 X221.335 Y212.478 E404.95092
G1 X221.529 Y212.275 E404.95791
G1 X221.785 Y212.203 E404.96453
G1 X222.103 Y212.292 E404.97275
G1 X222.657 Y212.831 E404.99198
G1 X222.778 Y212.889 E404.99532
G1 X223.1 Y212.799 E405.00364
G1 X223.172 Y212.732 E405.00608
G1 X223.243 Y212.398 E405.01458
G1 X223.411 Y212.211 E405.02084
G1 X223.666 Y212.154 E405.02734
G1 X224.036 Y212.274 E405.03702
G1 X224.181 Y212.247 E405.04069
G1 X224.529 Y212.366 E405.04984
G1 X224.684 Y212.521 E405.05529
G1 X224.8 Y212.565 E405.05838
G1 X225.265 Y213.104 E405.07609
G1 X226.295 Y213.395 E405.10272
G1 X226.996 Y214.136 E405.12811
G1 X227.269 Y215.062 E405.15213
G1 X226.996 Y216.03 E405.17715
G1 X226.29 Y216.736 E405.202
G1 X225.349 Y217.004 E405.22634
G1 X225.112 Y217.237 E405.23461
G1 X224.634 Y217.394 E405.24713
G1 X224.495 Y217.375 E405.25062
G1 X224.291 Y217.522 E405.25688
G1 X223.956 Y217.64 E405.26572
G1 X223.801 Y217.602 E405.26969
G1 X223.695 Y217.625 E405.27239
G1 X223.613 Y217.695 E405.27507
G1 X223.346 Y217.792 E405.28214
G1 X223.101 Y217.728 E405.28844
G1 X222.91 Y217.523 E405.29541
G1 X222.825 Y217.167 E405.30452
G1 X222.668 Y217.059 E405.30926
G1 X222.092 Y217.201 E405.32402
G1 X221.874 Y217.416 E405.33164
G1 X221.486 Y217.525 E405.34167
G1 X221.122 Y217.417 E405.35112
G1 X220.846 Y217.149 E405.36069
G1 X220.765 Y217.117 E405.36286
G1 X220.523 Y217.161 E405.36898
G1 X220.221 Y217.075 E405.37679
G1 X220.113 Y217.09 E405.3795
G1 X219.753 Y217.517 E405.3934
G1 X219.447 Y217.602 E405.4013
G1 X219.21 Y217.589 E405.40721
G1 X219.012 Y217.727 E405.41321
G1 X218.735 Y217.805 E405.42037
G1 X218.499 Y217.733 E405.42651
G1 X218.184 Y217.422 E405.43753
G1 X218.043 Y217.349 E405.44148
G1 X217.423 Y217.548 E405.45768
G1 X217.266 Y217.671 E405.46264
G1 X217.01 Y217.742 E405.46925
G1 X216.776 Y217.673 E405.47533
G1 X216.571 Y217.465 E405.48259
G1 X216.499 Y217.226 E405.4888
G1 X216.51 Y217.068 E405.49274
G1 X216.271 Y216.255 E405.51383
G1 X216.412 Y215.768 E405.52645
G1 F2700 E405.02645
G0 F15000 X217.403 Y215.06
G1 F2700 E405.52645
G1 F2126.4 X217.401 Y214.776 E405.53651
G1 F2700 E405.03651
G0 F15000 X216.267 Y213.619
G1 F2700 E405.53651
G1 F3027.6 X216.46 Y212.96 E405.55359
G1 X216.521 Y212.891 E405.55589
G1 X216.633 Y212.519 E405.56555
G1 X216.817 Y212.327 E405.57217
G1 X217.071 Y212.255 E405.57874
G1 X217.326 Y212.327 E405.58533
G1 X217.462 Y212.458 E405.59003
G1 X217.809 Y212.582 E405.5992
G1 X218.268 Y213.079 E405.61603
G1 X218.425 Y213.614 E405.62991
G1 X218.268 Y214.174 E405.64438
G1 X217.951 Y214.491 E405.65553
G1 F3013.3 X217.568 Y214.609 E405.66555
G1 F2488.5 X217.401 Y214.776 E405.6727
G1 X217.215 Y214.631 E405.67984
G1 F3013.3 X216.815 Y214.509 E405.6903
G1 F3027.6 X216.411 Y214.105 E405.70451
G1 X216.267 Y213.619 E405.71713
G1 F2700 E405.21713
;MESH:axis.stl
G0 F15000 X216.267 Y217.91
G0 X222.5 Y219.196
M204 S1250
;TYPE:WALL-INNER
G1 F2700 E405.71713
G1 F3093.9 X207.392 Y219.202 E406.10436
M204 S2500
G0 F15000 X206.625 Y219.466
G0 X205.953 Y219.276
M204 S1250
G1 F2270.7 X206.56 Y219.994 E406.1372
G1 X206.791 Y219.993 E406.14526
G1 X206.825 Y219.631 E406.15796
G1 F2611.1 X207.392 Y219.202 E406.17956
G1 X206.556 Y219.276 E406.20504
G1 F2270.7 X205.953 Y219.276 E406.2261
M204 S2500
G1 F2700 E405.7261
G0 F15000 X206.303 Y219.44
G0 X222.5 Y219.196
M204 S1250
G1 F2700 E406.2261
G1 F3071.5 X222.907 Y219.337 E406.23722
G1 F3027.6 X223.083 Y219.577 E406.24502
G1 X223.129 Y219.787 E406.25065
G1 X223.13 Y221.454 E406.29431
G1 X224.37 Y221.454 E406.32679
G1 X224.37 Y220.814 E406.34355
G1 X224.296 Y220.463 E406.35295
G1 X224.071 Y219.938 E406.36791
G1 X223.728 Y219.517 E406.38213
G1 X223.372 Y219.289 E406.39321
G1 X223.18 Y219.228 E406.39848
G1 F3071.5 X222.5 Y219.196 E406.41606
M204 S2500
G1 F2700 E405.91606
G0 F15000 X205.49 Y219.068
G0 X205.21 Y218.786
M204 S1250
;TYPE:WALL-OUTER
G1 F2700 E406.41606
G1 F3027.6 X205.21 Y219.155 E406.42572
G1 X206.334 Y220.485 E406.47133
G1 X207.03 Y220.482 E406.48956
G1 X207.189 Y220.381 E406.4945
G1 X207.272 Y220.214 E406.49938
G1 X207.297 Y219.763 E406.51121
G1 X207.463 Y219.613 E406.51707
G1 X222.5 Y219.61 E406.91093
G1 X222.636 Y219.659 E406.91471
G1 X222.707 Y219.778 E406.91834
G1 X222.71 Y221.598 E406.96601
G1 X222.748 Y221.701 E406.96889
G1 X222.948 Y221.874 E406.97582
G1 X224.551 Y221.874 E407.0178
G1 X224.75 Y221.699 E407.02474
G1 X224.79 Y221.596 E407.02764
G1 X224.79 Y220.77 E407.04927
G1 X224.698 Y220.336 E407.06089
G1 X224.434 Y219.718 E407.07849
G1 X224.024 Y219.215 E407.09549
G1 X223.534 Y218.899 E407.11076
G1 X223.268 Y218.815 E407.11807
G1 X222.984 Y218.782 E407.12556
G1 X205.21 Y218.786 E407.5911
M204 S2500
G0 F15000 X205.21 Y218.986
G1 F2700 E407.0911
G0 F15000 X205.49 Y219.068
G0 X206.304 Y218.998
G0 X206.303 Y217.913
G0 X206.308 Y212.096
G0 X206.308 Y210.991
G0 X205.954 Y210.728
M204 S1250
;TYPE:WALL-INNER
G1 F2700 E407.5911
G1 F2270.7 X206.557 Y210.728 E407.61216
G1 F2638.2 X207.5 Y210.806 E407.6406
G1 X206.826 Y210.374 E407.66467
G1 F2270.7 X206.792 Y210.009 E407.67747
G1 X206.562 Y210.011 E407.6855
G1 X205.954 Y210.728 E407.71833
M204 S2500
G0 F15000 X206.302 Y210.569
G0 X207.5 Y210.806
M204 S1250
G1 F3116.7 X215.054 Y210.804 E407.91054
G1 F3042.1 X222.608 Y210.802 E408.10745
G1 F3020.5 X223.179 Y210.778 E408.12245
G1 F3027.6 X223.566 Y210.61 E408.13351
G1 X223.728 Y210.486 E408.13885
G1 X224.071 Y210.062 E408.15313
G1 X224.296 Y209.541 E408.168
G1 X224.37 Y209.187 E408.17747
G1 X224.37 Y208.542 E408.19436
G1 X223.13 Y208.542 E408.22684
G1 X223.13 Y210.215 E408.27066
G1 X223.08 Y210.426 E408.27634
G1 X222.906 Y210.663 E408.28404
G1 F3020.5 X222.608 Y210.802 E408.29268
M204 S2500
G1 F2700 E407.79268
G0 F15000 X223.372 Y210.444
G0 X205.49 Y210.94
G0 X205.21 Y211.218
M204 S1250
;TYPE:WALL-OUTER
G1 F2700 E408.29268
G1 F3027.6 X222.984 Y211.222 E408.75822
G1 X223.27 Y211.19 E408.76576
G1 X223.794 Y210.966 E408.78068
G1 X224.024 Y210.788 E408.7883
G1 X224.434 Y210.282 E408.80536
G1 X224.698 Y209.668 E408.82286
G1 X224.79 Y209.23 E408.83459
G1 X224.79 Y208.408 E408.85612
G1 X224.631 Y208.172 E408.86357
G1 X224.468 Y208.122 E408.86804
G1 X223.037 Y208.122 E408.90552
G1 X222.865 Y208.176 E408.91024
G1 X222.748 Y208.303 E408.91476
G1 X222.71 Y208.409 E408.91771
G1 X222.71 Y210.24 E408.96567
G1 X222.636 Y210.341 E408.96895
G1 X222.536 Y210.388 E408.97184
G1 X207.5 Y210.394 E409.36567
G1 X207.297 Y210.241 E409.37233
G1 X207.272 Y209.79 E409.38416
G1 X207.189 Y209.621 E409.38909
G1 X207.03 Y209.518 E409.39405
G1 X206.334 Y209.522 E409.41228
G1 X205.21 Y210.849 E409.45783
G1 X205.21 Y211.218 E409.4675
M204 S2500
G0 F15000 X205.41 Y211.218
G1 F2700 E408.9675
;MESH:NONMESH
G0 F600 X205.41 Y211.218 Z11.1
G0 F15000 X205.49 Y210.94
G0 X204.288 Y212.691
;TIME_ELAPSED:669.545190
;LAYER:73
;note -- min layer time used
;TYPE:SUPPORT
G1 F2700 E409.4675
G1 F2997.1 X204.724 Y212.182 E409.48418
G1 X204.894 Y212.109 E409.48878
G1 X205.108 Y212.146 E409.49418
G1 X205.224 Y212.297 E409.49892
G1 X205.279 Y212.73 E409.50978
G1 X205.573 Y213.042 E409.52045
G1 X205.648 Y213.438 E409.53048
G1 X205.396 Y214.329 E409.55352
G1 X205.066 Y214.656 E409.56508
G1 X204.928 Y214.722 E409.56888
G1 F2941.1 X204.858 Y214.872 E409.57308
G1 F2880.5 X204.858 Y215.144 E409.58012
G1 F2934.2 X204.929 Y215.275 E409.58391
G1 F2997.1 X205.098 Y215.35 E409.58851
G1 X205.428 Y215.696 E409.60041
G1 X205.553 Y216.126 E409.61155
G1 X205.473 Y216.493 E409.6209
G1 X205.531 Y216.73 E409.62697
G1 X205.481 Y216.938 E409.63229
G1 F2497.6 X205.12 Y217.338 E409.64838
G1 F2148.1 X205.15 Y217.457 E409.65264
G1 F2155.5 X205.115 Y217.68 E409.66045
G1 X205.034 Y217.779 E409.66488
G1 X204.865 Y217.809 E409.67082
G1 X204.752 Y217.76 E409.67508
G1 X204.577 Y217.552 E409.68448
G1 F2148.1 X204.548 Y217.455 E409.688
G1 F2411.5 X204.431 Y217.382 E409.69226
G1 F2867.4 X203.859 Y216.833 E409.71288
G1 F2997.1 X203.751 Y216.468 E409.72235
G1 X203.79 Y216.326 E409.72602
G1 X203.747 Y216.125 E409.73113
G1 X203.872 Y215.696 E409.74225
G1 X204.205 Y215.347 E409.75425
G1 X204.352 Y215.278 E409.75829
G1 F2934.2 X204.422 Y215.146 E409.76209
G1 F2880.5 X204.422 Y214.876 E409.76908
G1 F2941.1 X204.349 Y214.727 E409.77329
G1 F2997.1 X204.191 Y214.657 E409.77759
G1 X203.839 Y214.305 E409.78998
G1 X203.715 Y213.88 E409.80099
G1 X203.754 Y213.696 E409.80567
G1 X203.708 Y213.53 E409.80996
G1 X203.812 Y213.168 E409.81933
G1 X204.095 Y212.869 E409.82957
G1 X204.234 Y212.8 E409.83344
G1 X204.288 Y212.691 E409.83646
G1 F2700 E409.33646
G0 F15000 X207.492 Y215.697
G1 F2700 E409.83646
G1 F2997.1 X207.824 Y215.352 E409.84838
G1 X208.271 Y215.227 E409.85993
G1 X208.72 Y215.352 E409.87152
G1 X209.052 Y215.7 E409.88349
G1 X209.177 Y216.126 E409.89454
G1 X209.052 Y216.577 E409.90618
G1 X208.877 Y216.759 E409.91247
G1 X208.813 Y216.968 E409.9179
G1 X208.819 Y217.107 E409.92137
G1 X208.724 Y217.714 E409.93665
G1 X208.609 Y217.858 E409.94124
G1 X208.399 Y217.894 E409.94654
G1 X208.241 Y217.824 E409.95084
G1 X207.988 Y217.506 E409.96095
G1 X207.768 Y217.401 E409.96702
G1 X207.394 Y217.053 E409.97973
G1 X207.307 Y216.76 E409.98734
G1 X207.419 Y216.3 E409.99912
G1 X207.367 Y216.123 E410.00371
G1 X207.492 Y215.697 E410.01475
G1 F2700 E409.51475
G0 F15000 X208.658 Y214.525
G1 F2700 E410.01475
G1 F2997.1 X208.303 Y214.173 E410.02719
G1 X208.179 Y213.747 E410.03823
G1 X208.294 Y213.34 E410.04876
G1 X208.268 Y213.218 E410.05186
G1 X208.175 Y213.13 E410.05505
G1 X208.04 Y213.086 E410.05858
G1 X207.886 Y212.932 E410.064
G1 X207.832 Y212.754 E410.06863
G1 X207.887 Y212.57 E410.07341
G1 X208.165 Y212.209 E410.08474
G1 X208.382 Y212.119 E410.09059
G1 X208.56 Y212.154 E410.0951
G1 X208.732 Y212.398 E410.10253
G1 X208.842 Y212.465 E410.10574
G1 X209.247 Y212.379 E410.11604
G1 X209.503 Y212.451 E410.12265
G1 X209.694 Y212.651 E410.12954
G1 X209.889 Y213.253 E410.14528
G1 X209.874 Y213.353 E410.1478
G1 X209.985 Y213.746 E410.15796
G1 X209.86 Y214.194 E410.16953
G1 X209.53 Y214.524 E410.18115
G1 X209.082 Y214.649 E410.19272
G1 X208.658 Y214.525 E410.20371
G1 F2700 E409.70371
G0 F15000 X211.787 Y213.753
G1 F2700 E410.20371
G1 F2997.1 X212.026 Y212.953 E410.22449
G1 X212.384 Y212.605 E410.23691
G1 X212.59 Y212.519 E410.24246
G1 X212.893 Y212.192 E410.25356
G1 X213.088 Y212.106 E410.25886
G1 X213.282 Y212.144 E410.26378
G1 X213.405 Y212.303 E410.26878
G1 X213.444 Y212.546 E410.2749
G1 X213.394 Y212.768 E410.28057
G1 X213.425 Y212.893 E410.28377
G1 X213.397 Y213.076 E410.28838
G1 X213.593 Y213.751 E410.30587
G1 X213.472 Y214.198 E410.31739
G1 X213.139 Y214.528 E410.32906
G1 X212.69 Y214.653 E410.34065
G1 X212.267 Y214.529 E410.35162
G1 X211.911 Y214.173 E410.36415
G1 X211.787 Y213.753 E410.37505
G1 F2700 E409.87505
G0 F15000 X212.297 Y215.532
G1 F2700 E410.37505
G1 F2997.1 X212.721 Y215.411 E410.38602
G1 X213.17 Y215.539 E410.39763
G1 X213.5 Y215.888 E410.40959
G1 X213.625 Y216.314 E410.42063
G1 X213.475 Y216.843 E410.43431
G1 X213.422 Y216.943 E410.43713
G1 X213.442 Y217.106 E410.44122
G1 X213.377 Y217.336 E410.44716
G1 X213.344 Y217.713 E410.45658
G1 X213.226 Y217.858 E410.46123
G1 X213.03 Y217.893 E410.46619
G1 X212.854 Y217.817 E410.47096
G1 X212.611 Y217.501 E410.48088
G1 X212.394 Y217.402 E410.48681
G1 X212.019 Y217.051 E410.49959
G1 X211.815 Y216.311 E410.51869
G1 X211.94 Y215.892 E410.52957
G1 X212.274 Y215.539 E410.54166
G1 X212.297 Y215.532 E410.54226
G1 F2700 E410.04226
G0 F15000 X216.403 Y216.254
G1 F2700 E410.54226
G1 F2997.1 X216.524 Y215.825 E410.55335
G1 X216.856 Y215.483 E410.56521
G1 X217.303 Y215.355 E410.57678
G1 X217.752 Y215.483 E410.5884
G1 X218.084 Y215.829 E410.60033
G1 X218.145 Y215.996 E410.60476
G1 X218.211 Y216.054 E410.60694
G1 X218.543 Y216.122 E410.61538
G1 X218.627 Y216.085 E410.61766
G1 X218.881 Y215.819 E410.62681
G1 X219.266 Y215.711 E410.63676
G1 X219.618 Y215.784 E410.64571
G1 X219.721 Y215.725 E410.64866
G1 X220.077 Y215.351 E410.66151
G1 X220.194 Y215.315 E410.66455
G1 X220.3 Y215.202 E410.66841
G1 X220.313 Y214.849 E410.6772
G1 X220.266 Y214.741 E410.68013
G1 X220.107 Y214.657 E410.6846
G1 X219.751 Y214.301 E410.69713
G1 X219.627 Y213.878 E410.7081
G1 X219.748 Y213.452 E410.71912
G1 X220.081 Y213.103 E410.73112
G1 X220.529 Y212.975 E410.74272
G1 X220.763 Y213.026 E410.74867
G1 X221.234 Y212.872 E410.761
G1 X221.296 Y212.755 E410.7643
G1 X221.226 Y212.497 E410.77095
G1 X221.261 Y212.287 E410.77625
G1 X221.384 Y212.147 E410.78089
G1 X221.583 Y212.114 E410.78591
G1 X221.824 Y212.213 E410.79239
G1 X222.1 Y212.518 E410.80262
G1 X222.241 Y212.595 E410.80662
G1 X222.565 Y212.908 E410.81783
G1 X222.77 Y212.923 E410.82295
G1 X223.055 Y212.728 E410.83154
G1 X223.113 Y212.601 E410.83501
G1 X223.07 Y212.434 E410.8393
G1 X223.104 Y212.239 E410.84423
G1 X223.236 Y212.101 E410.84898
G1 X223.434 Y212.07 E410.85397
G1 X223.877 Y212.238 E410.86576
G1 X224.046 Y212.202 E410.87006
G1 X224.324 Y212.301 E410.8774
G1 X224.424 Y212.409 E410.88106
G1 X224.627 Y212.496 E410.88656
G1 X224.905 Y212.801 E410.89682
G1 X225.097 Y213.184 E410.90749
G1 X226.227 Y213.503 E410.9367
G1 X226.888 Y214.2 E410.9606
G1 X227.137 Y215.061 E410.98291
G1 X226.884 Y215.966 E411.00629
G1 X226.226 Y216.624 E411.02944
G1 X225.356 Y216.867 E411.05192
G1 X224.927 Y217.313 E411.06732
G1 X224.524 Y217.449 E411.0779
G1 X224.367 Y217.429 E411.08184
G1 X224.272 Y217.475 E411.08447
G1 X224.138 Y217.623 E411.08943
G1 X223.875 Y217.716 E411.09637
G1 X223.573 Y217.658 E411.10403
G1 X223.388 Y217.797 E411.10978
G1 X223.137 Y217.899 E411.11653
G1 X222.954 Y217.865 E411.12116
G1 X222.821 Y217.722 E411.12602
G1 X222.785 Y217.515 E411.13124
G1 X222.852 Y217.347 E411.13575
G1 X222.855 Y217.222 E411.13886
G1 X222.62 Y216.944 E411.14791
G1 X222.477 Y216.921 E411.15152
G1 X222.074 Y217.04 E411.16197
G1 X221.687 Y217.394 E411.17502
G1 X221.444 Y217.472 E411.18138
G1 X221.132 Y217.381 E411.18946
G1 X220.791 Y217.036 E411.20153
G1 X220.649 Y216.998 E411.20519
G1 X220.52 Y217.032 E411.20851
G1 X220.122 Y216.916 E411.21882
G1 X220.004 Y216.931 E411.22178
G1 X219.918 Y216.999 E411.22451
G1 X219.764 Y217.362 E411.23432
G1 X219.566 Y217.564 E411.24136
G1 X219.315 Y217.633 E411.24784
G1 X219.037 Y217.572 E411.25492
G1 X218.772 Y217.785 E411.26338
G1 X218.525 Y217.886 E411.27002
G1 X218.335 Y217.852 E411.27482
G1 X218.198 Y217.712 E411.2797
G1 X218.153 Y217.449 E411.28634
G1 X218.081 Y217.346 E411.28946
G1 X217.933 Y217.302 E411.29331
G1 X217.418 Y217.489 E411.30694
G1 X217.109 Y217.815 E411.31812
G1 X216.926 Y217.893 E411.32307
G1 X216.729 Y217.853 E411.32807
G1 X216.598 Y217.691 E411.33325
G1 X216.556 Y217.44 E411.33958
G1 X216.606 Y217.228 E411.345
G1 X216.576 Y217.117 E411.34787
G1 X216.602 Y216.939 E411.35234
G1 X216.403 Y216.254 E411.37009
G1 F2700 E410.87009
G0 F15000 X216.946 Y214.417
G1 F2700 E411.37009
G1 F2997.1 X216.879 Y214.397 E411.37183
G1 X216.523 Y214.041 E411.38436
G1 X216.399 Y213.619 E411.3953
G1 X216.574 Y213.015 E411.41095
G1 X216.648 Y212.306 E411.42869
G1 X216.77 Y212.148 E411.43366
G1 X216.966 Y212.11 E411.43862
G1 X217.152 Y212.185 E411.44361
G1 X217.405 Y212.504 E411.45374
G1 X217.621 Y212.591 E411.45954
G1 X218.021 Y212.987 E411.47354
G1 X218.205 Y213.614 E411.4898
G1 X218.08 Y214.062 E411.50138
G1 X217.75 Y214.392 E411.51299
G1 X217.298 Y214.521 E411.52469
G1 X216.946 Y214.417 E411.53382
G1 F2700 E411.03382
;MESH:axis.stl
G0 F15000 X216.946 Y217.769
G0 X222.5 Y219.076
M204 S1250
;TYPE:WALL-INNER
G1 F2700 E411.53382
G1 F2772.7 X207.388 Y219.08 E411.96168
M204 S2500
G0 F15000 X206.625 Y219.323
G0 X205.936 Y219.139
M204 S1250
G1 F2189.2 X206.577 Y219.906 E411.99752
G1 X206.784 Y219.905 E412.00495
G1 X206.824 Y219.511 E412.01915
G1 F2430.1 X207.388 Y219.08 E412.04208
G1 X206.549 Y219.139 E412.06925
G1 F2189.2 X205.936 Y219.139 E412.09123
M204 S2500
G1 F2700 E411.59123
G0 F15000 X206.262 Y219.296
G0 X222.5 Y219.076
M204 S1250
G1 F2700 E412.09123
G1 F2900.4 X222.896 Y219.229 E412.10272
G1 F2997.1 X223.007 Y219.344 E412.10691
G1 X223.129 Y219.605 E412.11445
G1 X223.13 Y221.389 E412.16118
G1 X224.37 Y221.386 E412.19366
G1 X224.37 Y220.729 E412.21087
G1 X224.205 Y220.098 E412.22795
G1 X223.901 Y219.584 E412.24359
G1 X223.744 Y219.41 E412.24973
G1 X223.357 Y219.151 E412.26193
G1 X223.172 Y219.087 E412.26705
G1 F2900.4 X222.5 Y219.076 E412.28524
M204 S2500
G1 F2700 E411.78524
G0 F15000 X205.49 Y218.924
G0 X205.21 Y218.642
M204 S1250
;TYPE:WALL-OUTER
G1 F2700 E412.28524
G1 F2997.1 X205.21 Y219.026 E412.2953
G1 X205.675 Y219.607 E412.31479
G1 X206.346 Y220.405 E412.3421
G1 X206.976 Y220.402 E412.3586
G1 X207.181 Y220.31 E412.36449
G1 X207.272 Y220.123 E412.36993
G1 X207.299 Y219.658 E412.38213
G1 X207.463 Y219.513 E412.38787
G1 X222.5 Y219.51 E412.78172
G1 X222.632 Y219.556 E412.78538
G1 X222.705 Y219.67 E412.78893
G1 X222.71 Y221.526 E412.83754
G1 X222.865 Y221.76 E412.84489
G1 X223.028 Y221.81 E412.84936
G1 X224.507 Y221.806 E412.8881
G1 X224.627 Y221.763 E412.89144
G1 X224.79 Y221.524 E412.89902
G1 X224.79 Y220.686 E412.92096
G1 X224.588 Y219.921 E412.94169
G1 X224.241 Y219.334 E412.95955
G1 X224.032 Y219.102 E412.96773
G1 X223.529 Y218.765 E412.98359
G1 X223.265 Y218.675 E412.99089
G1 X222.984 Y218.642 E412.9983
G1 X205.21 Y218.642 E413.46384
M204 S2500
G0 F15000 X205.21 Y218.842
G1 F2700 E412.96384
G0 F15000 X205.49 Y218.924
G0 X206.262 Y218.874
G0 X206.262 Y217.769
G0 X206.261 Y212.238
G0 X206.26 Y211.153
G0 X205.938 Y210.865
M204 S1250
;TYPE:WALL-INNER
G1 F2700 E413.46384
G1 F2189.2 X206.549 Y210.865 E413.48575
G1 F2458.6 X207.5 Y210.928 E413.51619
G1 X206.824 Y210.493 E413.54185
G1 F2189.2 X206.785 Y210.096 E413.55616
G1 X206.578 Y210.097 E413.56358
G1 X205.938 Y210.865 E413.59943
M204 S2500
G0 F15000 X206.262 Y210.712
G0 X207.5 Y210.928
M204 S1250
G1 F2784.9 X222.611 Y210.922 E414.02538
G1 F2874 X223.172 Y210.913 E414.0407
G1 F2997.1 X223.361 Y210.852 E414.0459
G1 X223.744 Y210.594 E414.058
G1 X223.901 Y210.42 E414.06414
G1 X224.204 Y209.906 E414.07977
G1 X224.37 Y209.275 E414.09686
G1 X224.37 Y208.614 E414.11417
G1 X223.13 Y208.614 E414.14665
G1 X223.129 Y210.311 E414.1911
G1 X223.071 Y210.553 E414.19761
G1 F2982.9 X222.9 Y210.773 E414.20495
G1 F2860.9 X222.611 Y210.922 E414.21387
M204 S2500
G1 F2700 E413.71387
G0 F15000 X223.37 Y210.576
G0 X205.49 Y211.084
G0 X205.21 Y211.362
M204 S1250
;TYPE:WALL-OUTER
G1 F2700 E414.21387
G1 F2997.1 X222.987 Y211.358 E414.67949
G1 X223.262 Y211.325 E414.68675
G1 X223.531 Y211.238 E414.69415
G1 X224.032 Y210.902 E414.70995
G1 X224.241 Y210.67 E414.71813
G1 X224.588 Y210.083 E414.73599
G1 X224.79 Y209.318 E414.75671
G1 X224.79 Y208.482 E414.77861
G1 X224.749 Y208.372 E414.78169
G1 X224.632 Y208.245 E414.78621
G1 X224.465 Y208.194 E414.79078
G1 X222.965 Y208.194 E414.83007
G1 X222.807 Y208.294 E414.83497
G1 X222.71 Y208.493 E414.84077
G1 X222.71 Y210.35 E414.88941
G1 X222.633 Y210.447 E414.89265
G1 X222.536 Y210.491 E414.89544
G1 X207.5 Y210.494 E415.28927
G1 X207.299 Y210.346 E415.29581
G1 X207.272 Y209.878 E415.30808
G1 X207.143 Y209.658 E415.31476
G1 X206.962 Y209.598 E415.31976
G1 X206.346 Y209.602 E415.33589
G1 X205.666 Y210.408 E415.36351
G1 X205.21 Y210.982 E415.38272
G1 X205.21 Y211.362 E415.39267
M204 S2500
G0 F15000 X205.41 Y211.362
G1 F2700 E414.89267
;MESH:NONMESH
G0 F600 X205.41 Y211.362 Z11.25
G0 F15000 X205.49 Y211.084
G0 X204.459 Y212.612
;TIME_ELAPSED:678.837088
;LAYER:74
;note -- min layer time used
;TYPE:SUPPORT
G1 F2700 E415.39267
G1 F2973.3 X204.776 Y212.27 E415.40427
G1 X205.07 Y212.27 E415.41159
G1 X205.133 Y212.337 E415.41388
G1 X205.222 Y212.697 E415.4231
G1 X205.444 Y212.932 E415.43115
G1 X205.517 Y213.185 E415.4377
G1 X205.459 Y213.532 E415.44645
G1 X205.384 Y213.614 E415.44922
G1 X205.354 Y213.742 E415.45249
G1 X205.39 Y213.881 E415.45606
G1 X205.284 Y214.262 E415.4659
G1 X204.998 Y214.548 E415.47597
G1 X204.619 Y214.653 E415.48575
G1 X204.255 Y214.545 E415.4952
G1 X203.951 Y214.241 E415.5059
G1 X203.843 Y213.881 E415.51525
G1 X203.88 Y213.754 E415.51854
G1 X203.835 Y213.531 E415.5242
G1 X203.924 Y213.232 E415.53196
G1 X204.37 Y212.819 E415.54709
G1 X204.459 Y212.612 E415.5527
G1 F2700 E415.0527
G0 F15000 X204.652 Y215.355
G1 F2700 E415.5527
G1 F2973.3 X205.035 Y215.463 E415.5626
G1 X205.316 Y215.756 E415.5727
G1 X205.421 Y216.129 E415.58234
G1 X205.334 Y216.459 E415.59083
G1 X205.422 Y216.823 E415.60015
G1 X205.348 Y217.086 E415.60695
G1 X205.201 Y217.283 E415.61307
G1 X205.115 Y217.655 E415.62257
G1 X205.032 Y217.737 E415.62547
G1 X204.758 Y217.738 E415.63229
G1 X204.478 Y217.405 E415.64311
G1 X204.372 Y217.13 E415.65045
G1 X203.971 Y216.769 E415.66387
G1 X203.883 Y216.468 E415.67168
G1 X203.922 Y216.285 E415.67633
G1 X203.879 Y216.124 E415.68048
G1 X203.984 Y215.76 E415.68991
G1 X204.269 Y215.463 E415.70015
G1 X204.652 Y215.355 E415.71005
G1 F2700 E415.21005
G0 F15000 X207.499 Y216.125
G1 F2700 E415.71005
G1 F2973.3 X207.604 Y215.764 E415.7194
G1 X207.889 Y215.463 E415.72972
G1 X208.273 Y215.355 E415.73964
G1 X208.655 Y215.463 E415.74952
G1 X208.936 Y215.757 E415.75964
G1 X209.045 Y216.13 E415.76931
G1 F2487.6 X208.696 Y217.117 E415.80045
G1 F2153.1 X208.792 Y217.342 E415.80885
G1 F2175.6 X208.766 Y217.51 E415.81463
G1 X208.548 Y217.657 E415.82357
G1 X208.311 Y217.657 E415.83163
G1 F2153.1 X208.195 Y217.404 E415.8412
G1 F2487.6 X207.919 Y217.354 E415.84954
G1 F2973.3 X207.618 Y217.087 E415.85955
G1 X207.57 Y216.915 E415.86399
G1 X207.594 Y216.797 E415.86699
G1 X207.523 Y216.518 E415.87415
G1 X207.555 Y216.321 E415.87912
G1 X207.499 Y216.125 E415.88419
G1 F2700 E415.38419
G0 F15000 X208.719 Y214.413
G1 F2700 E415.88419
G1 F2973.3 X208.415 Y214.109 E415.89489
G1 X208.311 Y213.749 E415.90421
G1 F2987.5 X208.544 Y212.947 E415.9249
G1 F3045.8 X208.489 Y212.815 E415.92837
G1 F2945.3 X208.169 Y212.586 E415.93826
G1 F2812.6 X208.139 Y212.481 E415.94113
G1 X208.174 Y212.363 E415.94437
G1 X208.248 Y212.285 E415.94719
G1 X208.49 Y212.267 E415.95358
G1 F2910.9 X208.892 Y212.605 E415.96693
G1 F2994.7 X209.044 Y212.573 E415.97076
G1 F2973.3 X209.214 Y212.401 E415.97678
G1 X209.466 Y212.297 E415.98356
G1 X209.665 Y212.328 E415.98858
G1 X209.79 Y212.467 E415.99323
G1 X209.823 Y212.671 E415.99837
G1 X209.798 Y212.796 E416.00154
G1 X209.884 Y213.093 E416.00923
G1 X209.783 Y213.445 E416.01835
G1 X209.857 Y213.747 E416.02608
G1 X209.748 Y214.13 E416.03599
G1 X209.466 Y214.416 E416.04599
G1 X209.083 Y214.521 E416.05587
G1 X208.719 Y214.413 E416.06532
G1 F2700 E415.56532
G0 F15000 X211.919 Y213.751
G1 F2700 E416.06532
G1 F2973.3 X212.023 Y213.385 E416.07478
G1 X212.084 Y213.322 E416.07697
G1 X212.237 Y212.928 E416.08748
G1 X212.532 Y212.652 E416.09753
G1 X212.717 Y212.564 E416.10263
G1 X212.96 Y212.27 E416.11212
G1 X213.25 Y212.27 E416.11934
G1 X213.456 Y212.473 E416.12654
G1 X213.487 Y212.668 E416.13145
G1 X213.355 Y213.071 E416.142
G1 X213.449 Y213.387 E416.1502
G1 X213.416 Y213.51 E416.15337
G1 X213.465 Y213.75 E416.15947
G1 X213.36 Y214.134 E416.16937
G1 X213.074 Y214.416 E416.17937
G1 X212.69 Y214.525 E416.1893
G1 X212.331 Y214.417 E416.19863
G1 X212.023 Y214.113 E416.2094
G1 X211.919 Y213.751 E416.21877
G1 F2700 E415.71877
G0 F15000 X212.445 Y215.62
G1 F2700 E416.21877
G1 F2973.3 X212.721 Y215.543 E416.2259
G1 X213.103 Y215.651 E416.23578
G1 X213.387 Y215.948 E416.246
G1 X213.532 Y216.465 E416.25936
G1 X213.368 Y216.951 E416.27212
G1 X213.488 Y217.337 E416.28218
G1 X213.457 Y217.548 E416.28749
G1 X213.334 Y217.677 E416.29192
G1 X213.192 Y217.734 E416.29573
G1 X212.901 Y217.734 E416.30297
G1 X212.823 Y217.654 E416.30575
G1 X212.742 Y217.448 E416.31126
G1 X212.549 Y217.359 E416.31655
G1 X212.239 Y217.081 E416.32691
G1 X212.14 Y216.768 E416.33508
G1 X212.055 Y216.681 E416.33811
G1 X211.947 Y216.312 E416.34767
G1 X212.052 Y215.952 E416.357
G1 X212.337 Y215.651 E416.36732
G1 X212.445 Y215.62 E416.37011
G1 F2700 E415.87011
G0 F15000 X216.531 Y216.255
G1 F2700 E416.37011
G1 F2973.3 X216.636 Y215.889 E416.37959
G1 X216.92 Y215.595 E416.38976
G1 X217.303 Y215.487 E416.39966
G1 X217.688 Y215.595 E416.40961
G1 X217.968 Y215.888 E416.4197
G1 X218.121 Y216.358 E416.43199
G1 X218.223 Y216.425 E416.43503
G1 X218.416 Y216.388 E416.43992
G1 X218.825 Y215.996 E416.45402
G1 X219.275 Y215.84 E416.46587
G1 X219.551 Y215.918 E416.473
G1 X219.714 Y215.912 E416.47706
G1 X220.137 Y215.467 E416.49234
G1 X220.663 Y215.317 E416.50595
G1 X220.763 Y215.168 E416.51042
G1 X220.76 Y214.827 E416.5189
G1 X220.719 Y214.746 E416.52116
G1 X220.616 Y214.678 E416.52423
G1 X220.167 Y214.545 E416.53588
G1 X219.863 Y214.241 E416.54658
G1 X219.755 Y213.875 E416.55608
G1 X219.86 Y213.516 E416.56538
G1 X220.145 Y213.215 E416.5757
G1 X220.529 Y213.107 E416.58562
G1 X220.764 Y213.158 E416.59161
G1 X221.078 Y213.065 E416.59976
G1 F2768.9 X221.225 Y212.894 E416.60578
G1 F2338.6 X221.261 Y212.78 E416.60956
G1 F2131 X221.214 Y212.661 E416.614
G1 F2134.7 X221.241 Y212.505 E416.61949
G1 X221.453 Y212.352 E416.62855
G1 X221.681 Y212.352 E416.63646
G1 F2131 X221.795 Y212.542 E416.64415
G1 F2477.8 X222.096 Y212.634 E416.65355
G1 F2973.3 X222.521 Y213.059 E416.6685
G1 X222.914 Y213.176 E416.6787
G1 X223.037 Y213.157 E416.6818
G1 X223.114 Y213.093 E416.68429
G1 X223.238 Y212.659 E416.69552
G1 X223.165 Y212.411 E416.70196
G1 X223.279 Y212.215 E416.7076
G1 X223.81 Y212.121 E416.72102
G1 X224.072 Y212.223 E416.72801
G1 X224.171 Y212.313 E416.73134
G1 X224.45 Y212.416 E416.73874
G1 X224.775 Y212.828 E416.7518
G1 X224.892 Y213.166 E416.7607
G1 X225.094 Y213.382 E416.76806
G1 X225.199 Y213.41 E416.77076
G1 X225.325 Y213.383 E416.77397
G1 X226.163 Y213.619 E416.79563
G1 X226.776 Y214.264 E416.81777
G1 X227.009 Y215.062 E416.83846
G1 X226.772 Y215.902 E416.86018
G1 X226.162 Y216.512 E416.88164
G1 X225.279 Y216.761 E416.90447
G1 X225.183 Y216.819 E416.90726
G1 X225.032 Y217.087 E416.91491
G1 X224.747 Y217.386 E416.92519
G1 X224.266 Y217.516 E416.93759
G1 X223.981 Y217.835 E416.94824
G1 X223.796 Y217.912 E416.95322
G1 X223.633 Y217.862 E416.95746
G1 X223.502 Y217.725 E416.96218
G1 X223.413 Y217.702 E416.96447
G1 X223.198 Y217.772 E416.97009
G1 X223.005 Y217.751 E416.97492
G1 X222.911 Y217.657 E416.97823
G1 X222.879 Y217.547 E416.98108
G1 X222.913 Y217.428 E416.98416
G1 X223.235 Y217.064 E416.99626
G1 X223.202 Y216.866 E417.00125
G1 X222.849 Y216.518 E417.01358
G1 X222.729 Y216.486 E417.01667
G1 X222.632 Y216.512 E417.01917
G1 X222.414 Y216.72 E417.02667
G1 X221.907 Y216.884 E417.03993
G1 X221.81 Y217.099 E417.0458
G1 X221.525 Y217.35 E417.05525
G1 X221.258 Y217.425 E417.06215
G1 X221.023 Y217.357 E417.06824
G1 X220.817 Y217.151 E417.07549
G1 X220.73 Y216.96 E417.08071
G1 X219.951 Y216.733 E417.1009
G1 X219.808 Y216.814 E417.10499
G1 X219.641 Y217.31 E417.11801
G1 X219.344 Y217.613 E417.12857
G1 X219.101 Y217.71 E417.13508
G1 X218.824 Y217.662 E417.14207
G1 X218.657 Y217.73 E417.14656
G1 X218.376 Y217.73 E417.15355
G1 X218.292 Y217.646 E417.15651
G1 X218.267 Y217.351 E417.16387
G1 X218.225 Y217.279 E417.16595
G1 X217.955 Y217.1 E417.17401
G1 X217.753 Y217.107 E417.17904
G1 X217.471 Y217.359 E417.18845
G1 X217.284 Y217.448 E417.1936
G1 X217.039 Y217.73 E417.2029
G1 X216.758 Y217.73 E417.20989
G1 X216.544 Y217.534 E417.21711
G1 X216.513 Y217.341 E417.22197
G1 X216.644 Y216.941 E417.23245
G1 X216.547 Y216.61 E417.24103
G1 X216.58 Y216.491 E417.2441
G1 X216.531 Y216.255 E417.2501
G1 F2700 E416.7501
G0 F15000 X217.083 Y214.326
G1 F2700 E417.2501
G1 F2973.3 X216.939 Y214.285 E417.25383
G1 X216.635 Y213.977 E417.26459
G1 X216.528 Y213.618 E417.27392
G1 X216.507 Y213.385 E417.27974
G1 F2569.5 X216.661 Y212.88 E417.29494
G1 F2214.2 X216.59 Y212.662 E417.3026
G1 F2164.3 X216.618 Y212.501 E417.30819
G1 X216.823 Y212.348 E417.31693
G1 X217.063 Y212.348 E417.32513
G1 F2156.8 X217.167 Y212.551 E417.33296
G1 F2497.6 X217.479 Y212.636 E417.34254
G1 F2973.3 X217.778 Y212.928 E417.35294
G1 X217.828 Y213.087 E417.35708
G1 X217.969 Y213.248 E417.36241
G1 X218.077 Y213.614 E417.3719
G1 X217.968 Y213.998 E417.38184
G1 X217.682 Y214.284 E417.3919
G1 X217.302 Y214.389 E417.40171
G1 X217.083 Y214.326 E417.40738
G1 F2700 E416.90738
;MESH:axis.stl
G0 F15000 X217.081 Y217.624
G0 X222.5 Y218.952
M204 S1250
;TYPE:WALL-INNER
G1 F2700 E417.40738
G1 F2527.9 X207.385 Y218.956 E417.87303
M204 S2500
G0 F15000 X206.627 Y219.177
G0 X205.928 Y219.003
M204 S1250
G1 F2120.2 X206.581 Y219.806 E417.91105
G1 X206.777 Y219.806 E417.91825
G1 X206.822 Y219.39 E417.93362
G1 F2295.6 X207.385 Y218.956 E417.95773
G1 X206.542 Y219.003 E417.98638
G1 F2120.2 X205.928 Y219.003 E418.00893
M204 S2500
G1 F2700 E417.50893
G0 F15000 X206.234 Y219.151
G0 X222.5 Y218.952
M204 S1250
G1 F2700 E418.00893
G1 F2750.6 X222.889 Y219.119 E418.02092
G1 F2973.3 X223.061 Y219.325 E418.02795
G1 X223.126 Y219.54 E418.03383
G1 X223.13 Y221.322 E418.0805
G1 X224.37 Y221.322 E418.11298
G1 X224.37 Y220.64 E418.13084
G1 X224.294 Y220.265 E418.14087
G1 X224.065 Y219.71 E418.15659
G1 X223.718 Y219.259 E418.1715
G1 X223.543 Y219.113 E418.17747
G1 X223.167 Y218.942 E418.18829
G1 X222.957 Y218.919 E418.19382
G1 F2750.6 X222.5 Y218.952 E418.20679
M204 S2500
G1 F2700 E417.70679
G0 F15000 X205.49 Y218.778
G0 X205.211 Y218.499
M204 S1250
;TYPE:WALL-OUTER
G1 F2700 E418.20679
G1 F2973.3 X205.211 Y218.91 E418.21756
G1 X205.901 Y219.778 E418.2466
G1 X206.346 Y220.31 E418.26477
G1 X207.035 Y220.31 E418.28281
G1 X207.244 Y220.122 E418.29018
G1 X207.3 Y219.549 E418.30526
G1 X207.463 Y219.409 E418.31088
G1 X222.5 Y219.406 E418.70474
G1 X222.63 Y219.45 E418.70833
G1 X222.709 Y219.568 E418.71205
G1 X222.71 Y221.453 E418.76142
G1 X222.871 Y221.692 E418.76897
G1 X223.025 Y221.742 E418.77321
G1 X224.472 Y221.742 E418.81111
G1 X224.629 Y221.692 E418.81543
G1 X224.79 Y221.456 E418.82291
G1 X224.79 Y220.598 E418.84538
G1 X224.698 Y220.142 E418.85757
G1 X224.432 Y219.498 E418.87582
G1 X224.023 Y218.967 E418.89337
G1 X223.783 Y218.766 E418.90157
G1 X223.261 Y218.53 E418.91658
G1 X222.987 Y218.499 E418.9238
G1 X205.211 Y218.499 E419.3894
M204 S2500
G0 F15000 X205.211 Y218.699
G1 F2700 E418.8894
G0 F15000 X205.49 Y218.778
G0 X206.231 Y218.728
G0 X206.231 Y217.623
G0 X206.234 Y212.386
G0 X206.234 Y211.281
G0 X205.926 Y211.005
M204 S1250
;TYPE:WALL-INNER
G1 F2700 E419.3894
G1 F2113 X206.541 Y211.005 E419.41206
G1 F2312.6 X207.5 Y211.054 E419.4444
G1 X206.821 Y210.616 E419.47161
G1 F2113 X206.776 Y210.198 E419.48711
G1 X206.581 Y210.198 E419.49429
G1 X205.926 Y211.005 E419.5326
M204 S2500
G0 F15000 X206.233 Y210.857
G0 X207.5 Y211.054
M204 S1250
G1 F2527.9 X215.058 Y211.054 E419.76544
G1 F2497.6 X222.616 Y211.054 E420.00111
M204 S2500
G0 F15000 X222.615 Y211.054
M204 S1250
G1 F2657 X222.955 Y211.086 E420.01112
G1 F2917.7 X223.178 Y211.059 E420.01712
G1 F2973.3 X223.545 Y210.89 E420.0277
G1 X223.718 Y210.745 E420.03361
G1 X224.065 Y210.294 E420.04852
G1 X224.293 Y209.741 E420.06418
G1 X224.366 Y209.373 E420.07401
G1 X224.368 Y208.687 E420.09198
G1 X223.13 Y208.686 E420.1244
G1 X223.126 Y210.466 E420.17103
G1 X223.059 Y210.682 E420.17695
G1 F2917.7 X222.882 Y210.904 E420.18453
G1 F2657 X222.615 Y211.054 E420.1935
M204 S2500
G1 F2700 E419.6935
G0 F15000 X223.37 Y210.715
G0 X205.49 Y211.23
G0 X205.21 Y211.51
M204 S1250
;TYPE:WALL-OUTER
G1 F2700 E420.1935
G1 F2973.3 X222.977 Y211.514 E420.65886
G1 X223.261 Y211.474 E420.66638
G1 X223.784 Y211.238 E420.6814
G1 X224.023 Y211.037 E420.68958
G1 X224.432 Y210.506 E420.70714
G1 X224.697 Y209.863 E420.72536
G1 X224.786 Y209.415 E420.73732
G1 X224.789 Y208.55 E420.75998
G1 X224.625 Y208.306 E420.76768
G1 X224.538 Y208.266 E420.77018
G1 X222.954 Y208.266 E420.81167
G1 X222.749 Y208.442 E420.81875
G1 X222.71 Y208.552 E420.82181
G1 X222.709 Y210.417 E420.87065
G1 X222.626 Y210.561 E420.87501
G1 X222.536 Y210.599 E420.87757
G1 X207.5 Y210.599 E421.2714
G1 X207.3 Y210.455 E421.27785
G1 X207.245 Y209.882 E421.29293
G1 X207.128 Y209.746 E421.29763
G1 X206.963 Y209.694 E421.30216
G1 X206.346 Y209.694 E421.31832
G1 X205.89 Y210.24 E421.33695
G1 X205.21 Y211.094 E421.36554
G1 X205.21 Y211.51 E421.37644
M204 S2500
G0 F15000 X205.41 Y211.51
G1 F2700 E420.87644
;MESH:NONMESH
G0 F600 X205.41 Y211.51 Z11.4
G0 F15000 X205.49 Y211.23
G0 X204.618 Y212.799
;TIME_ELAPSED:688.377106
;LAYER:75
;note -- min layer time used
;TYPE:SUPPORT
G1 F2700 E421.37644
G1 F3129.2 X204.64 Y212.528 E421.38321
G1 X204.71 Y212.454 E421.38574
G1 X205.031 Y212.454 E421.39373
G1 X205.137 Y212.521 E421.39685
G1 X205.303 Y212.751 E421.40391
G1 X205.388 Y213.168 E421.4145
G1 X205.258 Y213.515 E421.42372
G1 X205.326 Y213.789 E421.43074
G1 X205.178 Y214.192 E421.44142
G1 X204.935 Y214.435 E421.44997
G1 X204.619 Y214.521 E421.45812
G1 X204.319 Y214.433 E421.4659
G1 X204.063 Y214.177 E421.47491
G1 X203.975 Y213.88 E421.48262
G1 X204.182 Y213.176 E421.50088
G1 X204.36 Y213.002 E421.50707
G1 X204.573 Y212.881 E421.51317
G1 X204.618 Y212.799 E421.51549
G1 F2700 E421.01549
G0 F15000 X204.653 Y215.483
G1 F2700 E421.51549
G1 F3129.2 X204.971 Y215.575 E421.52373
G1 X205.214 Y215.826 E421.53242
G1 X205.361 Y216.228 E421.54307
G1 X205.266 Y216.722 E421.55559
G1 X205.341 Y217.03 E421.56348
G1 X205.293 Y217.312 E421.5706
G1 X205.163 Y217.478 E421.57584
G1 X205.008 Y217.55 E421.5801
G1 X204.717 Y217.55 E421.58734
G1 X204.639 Y217.47 E421.59012
G1 X204.603 Y217.355 E421.59312
G1 X204.625 Y217.217 E421.59659
G1 X204.579 Y217.113 E421.59942
G1 X204.223 Y216.814 E421.61099
G1 X204.008 Y216.122 E421.62902
G1 X204.096 Y215.824 E421.63675
G1 X204.333 Y215.575 E421.64531
G1 X204.653 Y215.483 E421.65359
G1 F2700 E421.15359
G0 F15000 X207.627 Y216.124
G1 F2700 E421.65359
G1 F3129.2 X207.715 Y215.824 E421.66137
G1 X207.953 Y215.575 E421.66994
G1 X208.271 Y215.487 E421.67815
G1 X208.591 Y215.575 E421.68641
G1 X208.834 Y215.834 E421.69525
G1 X208.978 Y216.214 E421.70536
G1 X208.913 Y216.442 E421.71126
G1 X208.933 Y216.623 E421.71579
G1 X208.864 Y216.874 E421.72227
G1 X208.746 Y217.079 E421.72815
G1 X208.781 Y217.341 E421.73473
G1 X208.74 Y217.482 E421.73838
G1 X208.671 Y217.553 E421.74085
G1 X208.386 Y217.554 E421.74794
G1 X208.147 Y217.405 E421.75495
G1 X207.839 Y217.094 E421.76584
G1 X207.787 Y216.917 E421.77043
G1 X207.836 Y216.682 E421.7764
G1 X207.627 Y216.124 E421.79123
G1 F2700 E421.29123
G0 F15000 X208.783 Y214.301
G1 F2700 E421.79123
G1 F3129.2 X208.527 Y214.045 E421.80024
G1 X208.439 Y213.747 E421.80797
G1 X208.528 Y213.444 E421.81583
G1 X208.801 Y213.149 E421.82583
G1 X208.874 Y212.951 E421.83108
G1 F2894.8 X209.109 Y212.888 E421.83762
G1 F2442.9 X209.26 Y212.793 E421.84331
G1 F2250.4 X209.365 Y212.535 E421.85295
G1 F2254.3 X209.597 Y212.535 E421.86096
G1 X209.742 Y212.604 E421.86651
G1 X209.834 Y212.705 E421.87122
G1 X209.86 Y212.863 E421.87676
G1 F2313.8 X209.77 Y213.131 E421.88627
G1 F2698.7 X209.853 Y213.382 E421.8939
G1 F3129.2 X209.79 Y213.65 E421.90075
G1 X209.816 Y213.749 E421.90329
G1 X209.732 Y214.039 E421.91081
G1 X209.417 Y214.297 E421.92094
G1 X209.082 Y214.389 E421.92958
G1 X208.783 Y214.301 E421.93734
G1 F2700 E421.43734
G0 F15000 X212.047 Y213.749
G1 F2700 E421.93734
G1 F3129.2 X212.136 Y213.447 E421.94517
G1 X212.384 Y213.164 E421.95453
G1 X212.463 Y212.909 E421.96118
G1 X212.754 Y212.601 E421.97172
G1 X213.003 Y212.443 E421.97906
G1 X213.26 Y212.426 E421.98547
G1 X213.361 Y212.529 E421.98906
G1 X213.396 Y212.654 E421.99229
G1 X213.359 Y213.018 E422.00139
G1 X213.44 Y213.138 E422.00499
G1 X213.513 Y213.381 E422.01131
G1 X213.341 Y214.037 E422.02818
G1 X213.024 Y214.298 E422.0384
G1 X212.69 Y214.393 E422.04704
G1 X212.391 Y214.305 E422.0548
G1 X212.135 Y214.049 E422.0638
G1 X212.047 Y213.749 E422.07158
G1 F2700 E421.57158
G0 F15000 X212.597 Y215.709
G1 F2700 E422.07158
G1 F3129.2 X212.719 Y215.675 E422.07473
G1 X213.205 Y215.811 E422.08729
G1 X213.354 Y215.963 E422.09259
G1 X213.553 Y216.622 E422.10972
G1 X213.481 Y216.873 E422.11621
G1 X213.378 Y217.005 E422.12038
G1 X213.401 Y217.341 E422.12876
G1 X213.36 Y217.482 E422.13241
G1 X213.291 Y217.553 E422.13488
G1 X213.003 Y217.554 E422.14204
G1 X212.768 Y217.406 E422.14896
G1 X212.464 Y217.098 E422.15972
G1 X212.39 Y216.854 E422.16607
G1 X212.166 Y216.616 E422.1742
G1 X212.076 Y216.312 E422.18209
G1 X212.163 Y216.017 E422.18974
G1 X212.405 Y215.763 E422.19847
G1 X212.597 Y215.709 E422.20343
G1 F2700 E421.70343
G0 F15000 X219.744 Y216.4
G1 F2700 E422.20343
G1 F2532.3 X219.965 Y215.831 E422.2222
G1 F3129.2 X220.205 Y215.575 E422.23094
G1 X220.523 Y215.486 E422.23915
G1 X220.694 Y215.522 E422.2435
G1 X221.165 Y215.286 E422.25661
G1 X221.294 Y214.85 E422.26792
G1 X221.188 Y214.677 E422.27297
G1 X220.907 Y214.588 E422.28031
G1 X220.743 Y214.48 E422.28519
G1 X220.526 Y214.521 E422.29069
G1 X220.231 Y214.433 E422.29835
G1 X219.968 Y214.173 E422.30755
G1 X219.819 Y213.794 E422.31768
G1 X219.899 Y213.529 E422.32457
G1 X220.161 Y213.251 E422.33408
G1 X220.531 Y213.147 E422.34364
G1 X221.04 Y213.289 E422.35679
G1 X221.175 Y213.261 E422.36022
G1 X221.277 Y213.101 E422.36494
G1 X221.215 Y212.664 E422.37592
G1 X221.255 Y212.535 E422.37928
G1 X221.329 Y212.458 E422.38194
G1 X221.625 Y212.458 E422.38931
G1 X221.866 Y212.596 E422.39622
G1 X222.169 Y212.899 E422.40688
G1 X222.199 Y213.004 E422.4096
G1 X222.298 Y213.124 E422.41347
G1 X222.792 Y213.254 E422.42618
G1 X222.884 Y213.225 E422.42858
G1 X222.979 Y213.102 E422.43244
G1 X223.064 Y212.619 E422.44465
G1 X223.194 Y212.482 E422.44935
G1 X223.519 Y212.403 E422.45767
G1 X223.614 Y212.302 E422.46112
G1 X223.828 Y212.216 E422.46686
G1 X224.222 Y212.344 E422.47717
G1 X224.51 Y212.636 E422.48737
G1 X224.682 Y213.078 E422.49917
G1 X225.057 Y213.439 E422.51213
G1 X226.096 Y213.727 E422.53895
G1 X226.664 Y214.324 E422.55946
G1 X226.877 Y215.062 E422.57857
G1 X226.664 Y215.834 E422.5985
G1 X226.094 Y216.4 E422.61849
G1 X225.317 Y216.615 E422.63855
G1 X225.222 Y216.602 E422.64093
G1 X225.064 Y216.675 E422.64526
G1 X224.805 Y217.215 E422.66016
G1 X224.569 Y217.463 E422.66868
G1 X224.299 Y217.561 E422.67583
G1 X224.15 Y217.555 E422.67954
G1 X223.923 Y217.76 E422.68715
G1 X223.821 Y217.786 E422.68977
G1 X223.578 Y217.648 E422.69672
G1 X223.545 Y217.539 E422.69956
G1 X223.594 Y217.256 E422.7067
G1 X223.436 Y217.062 E422.71293
G1 X223.361 Y216.76 E422.72067
G1 X223.28 Y216.677 E422.72356
G1 X223.146 Y216.633 E422.72707
G1 X222.875 Y216.361 E422.73662
G1 X222.716 Y216.31 E422.74078
G1 X222.63 Y216.338 E422.74303
G1 X222.346 Y216.616 E422.75292
G1 X221.706 Y216.791 E422.76943
G1 X221.588 Y217.107 E422.77782
G1 X221.297 Y217.405 E422.78818
G1 X221.049 Y217.503 E422.79482
G1 X220.847 Y217.468 E422.79992
G1 X220.718 Y217.337 E422.80449
G1 X220.673 Y216.983 E422.81337
G1 X220.608 Y216.901 E422.81598
G1 X220.175 Y216.757 E422.82733
G1 F3000.6 X219.937 Y216.506 E422.83631
G1 F2442.9 X219.744 Y216.4 E422.84333
G1 F2130.1 X219.696 Y216.416 E422.84518
G1 F2700 E422.34518
G0 F15000 X218.464 Y216.479
G1 F2700 E422.84518
G1 F3129.2 X218.772 Y216.171 E422.85601
G1 X219.104 Y216.045 E422.86485
G1 X219.323 Y216.104 E422.87049
G1 X219.495 Y216.283 E422.87667
G1 F2537.2 X219.696 Y216.416 E422.88407
G1 X219.554 Y216.852 E422.89814
G1 F3129.2 X219.338 Y217.05 E422.90543
G1 F3042.3 X219.291 Y217.243 E422.91051
G1 F2960 X219.324 Y217.357 E422.91364
G1 X219.289 Y217.475 E422.91687
G1 X219.223 Y217.541 E422.91933
G1 X218.948 Y217.542 E422.92656
G1 X218.874 Y217.467 E422.92933
G1 F3042.3 X218.843 Y217.154 E422.93738
G1 F3129.2 X218.575 Y216.861 E422.94726
G1 X218.464 Y216.479 E422.95716
G1 F2700 E422.45716
G0 F15000 X216.483 Y216.617
G1 F2700 E422.95716
G1 F3129.2 X216.656 Y215.971 E422.9738
G1 X216.861 Y215.771 E422.98093
G1 X217.311 Y215.616 E422.99277
G1 X217.622 Y215.703 E423.00081
G1 X217.86 Y215.955 E423.00943
G1 X217.962 Y216.31 E423.01862
G1 X218.043 Y216.394 E423.02153
G1 X217.628 Y216.81 E423.03615
G1 X217.54 Y217.11 E423.04393
G1 X217.246 Y217.404 E423.05427
G1 X216.994 Y217.563 E423.06169
G1 X216.744 Y217.578 E423.06792
G1 X216.637 Y217.472 E423.07167
G1 X216.6 Y217.347 E423.07491
G1 X216.642 Y216.99 E423.08386
G1 X216.556 Y216.864 E423.08765
G1 X216.483 Y216.617 E423.09406
G1 F2700 E422.59406
G0 F15000 X216.895 Y214.189
G1 F2700 E423.09406
G1 F3129.2 X216.671 Y213.965 E423.10194
G1 X216.603 Y213.735 E423.10791
G1 X216.511 Y213.621 E423.11156
G1 X216.439 Y213.379 E423.11784
G1 X216.508 Y213.143 E423.12396
G1 X216.63 Y212.934 E423.12998
G1 X216.598 Y212.664 E423.13674
G1 X216.636 Y212.528 E423.14026
G1 X216.726 Y212.435 E423.14348
G1 X216.99 Y212.44 E423.15005
G1 X217.111 Y212.547 E423.15407
G1 X217.251 Y212.601 E423.1578
G1 X217.547 Y212.894 E423.16816
G1 X217.598 Y213.039 E423.17199
G1 X217.856 Y213.308 E423.18126
G1 X217.941 Y213.621 E423.18933
G1 X217.855 Y213.934 E423.19741
G1 X217.621 Y214.169 E423.20566
G1 X217.29 Y214.264 E423.21423
G1 X216.895 Y214.189 E423.22424
G1 F2700 E422.72424
;MESH:axis.stl
G0 F15000 X216.894 Y217.455
G0 X216.895 Y218.541
G0 X222.948 Y219.049
G0 X223.57 Y219.65
G0 X223.925 Y220.59
;TYPE:FILL
G1 F2700 E423.22424
G1 F3129.2 X223.925 Y220.797 E423.2303
G1 X223.574 Y220.797 E423.24059
G1 X223.57 Y219.65 E423.27421
G1 X223.571 Y219.721 E423.27629
G1 X223.596 Y219.697 E423.27731
G1 X223.785 Y220.036 E423.28868
G1 X223.925 Y220.59 E423.30543
G0 F15000 X222.948 Y219.049
G0 X222.5 Y218.806
M204 S1250
;TYPE:WALL-INNER
G1 F2420.4 X207.381 Y218.813 E423.81741
M204 S2500
G0 F15000 X206.628 Y219.011
G0 X205.905 Y218.845
M204 S1250
G1 F2158.1 X206.581 Y219.698 E423.85874
G1 X206.766 Y219.697 E423.86577
G1 X206.818 Y219.251 E423.88282
G1 F2273.8 X207.381 Y218.813 E423.90853
G1 X206.532 Y218.843 E423.93916
G1 F2158.1 X205.905 Y218.845 E423.96297
M204 S2500
G1 F2700 E423.46297
G0 F15000 X206.193 Y218.985
G0 X222.5 Y218.806
M204 S1250
G1 F2700 E423.96297
G1 F2738 X222.874 Y218.987 E423.97541
G1 F3129.2 X223.093 Y219.282 E423.98503
G1 X223.125 Y219.415 E423.98861
G1 X223.13 Y221.242 E424.03647
G1 X224.37 Y221.242 E424.06894
G1 X224.37 Y220.539 E424.08736
G1 X224.199 Y219.866 E424.10555
G1 X223.896 Y219.323 E424.12183
G1 X223.531 Y218.955 E424.13541
G1 X223.344 Y218.841 E424.14114
G1 X222.952 Y218.747 E424.1517
G1 F2738 X222.5 Y218.806 E424.16535
M204 S2500
G1 F2700 E423.66535
G0 F15000 X205.515 Y218.669
G0 X205.21 Y218.796
M204 S1250
;TYPE:WALL-OUTER
G1 F2700 E424.16535
G1 F3129.2 X206.334 Y220.213 E424.21272
G1 X207.034 Y220.21 E424.23106
G1 X207.185 Y220.106 E424.23586
G1 X207.271 Y219.921 E424.2412
G1 X207.302 Y219.424 E424.25424
G1 X207.463 Y219.289 E424.25975
G1 X222.5 Y219.286 E424.6536
G1 X222.625 Y219.326 E424.65704
G1 X222.709 Y219.469 E424.66138
G1 X222.71 Y221.368 E424.71112
G1 X222.75 Y221.48 E424.71424
G1 X222.951 Y221.662 E424.72134
G1 X224.548 Y221.662 E424.76317
G1 X224.748 Y221.479 E424.77027
G1 X224.79 Y221.366 E424.77343
G1 X224.79 Y220.497 E424.79619
G1 X224.586 Y219.697 E424.81781
G1 X224.242 Y219.081 E424.83629
G1 X223.779 Y218.615 E424.8535
G1 X223.525 Y218.459 E424.86131
G1 X223.257 Y218.365 E424.86875
G1 X222.992 Y218.327 E424.87576
G1 X205.21 Y218.33 E425.34151
G1 X205.21 Y218.796 E425.35372
M204 S2500
G0 F15000 X205.334 Y218.952
G0 X206.481 Y219.362
G1 F2700 E424.85372
G0 F15000 X206.532 Y219.322
G0 X207.014 Y219.076
G0 X222.971 Y218.558
G0 X222.97 Y217.455
G0 X223.797 Y212.377
G0 X223.429 Y211.336
G0 X223.575 Y210.282
;TYPE:FILL
G1 F2700 E425.35372
G1 F3129.2 X223.575 Y209.207 E425.38522
G1 X223.925 Y209.207 E425.39548
G1 X224.03 Y209.207
G0 F15000 X223.369 Y210.871
G0 X222.619 Y211.183
M204 S1250
;TYPE:WALL-INNER
G1 F2433.8 X207.5 Y211.195 E425.90463
M204 S2500
G0 F15000 X206.628 Y210.995
G0 X205.904 Y211.16
M204 S1250
G1 F2165.2 X206.533 Y211.159 E425.92844
G1 F2305.7 X207.5 Y211.195 E425.96284
G1 X206.819 Y210.753 E425.9917
G1 F2165.2 X206.768 Y210.305 E426.00876
G1 X206.58 Y210.306 E426.01588
G1 X205.904 Y211.16 E426.05711
M204 S2500
G1 F2700 E425.55711
G0 F15000 X206.193 Y211.022
G0 X222.948 Y210.95
G0 X222.619 Y211.183
M204 S1250
G1 F2700 E426.05711
G1 F2671.3 X222.97 Y211.237 E426.06801
G1 F3063.5 X223.165 Y211.226 E426.07323
G1 F3129.2 X223.347 Y211.16 E426.0783
G1 X223.722 Y210.883 E426.09051
G1 X223.892 Y210.682 E426.09741
G1 X224.2 Y210.135 E426.11385
G1 X224.37 Y209.464 E426.13198
G1 X224.37 Y208.762 E426.15037
G1 X223.13 Y208.762 E426.18285
G1 X223.125 Y210.588 E426.23067
G1 X223.041 Y210.823 E426.23721
G1 F3063.5 X222.892 Y211.006 E426.24352
G1 F2671.3 X222.619 Y211.183 E426.25351
M204 S2500
G1 F2700 E425.75351
G0 F15000 X223.369 Y210.871
G0 X205.515 Y211.338
G0 X205.21 Y211.21
M204 S1250
;TYPE:WALL-OUTER
G1 F2700 E426.25351
G1 F3129.2 X205.21 Y211.674 E426.26566
G1 X223 Y211.666 E426.73162
G1 X223.26 Y211.638 E426.73847
G1 X223.529 Y211.541 E426.74596
G1 X223.78 Y211.389 E426.75365
G1 X224.238 Y210.923 E426.77076
G1 X224.586 Y210.306 E426.78932
G1 X224.79 Y209.506 E426.81094
G1 X224.79 Y208.638 E426.83368
G1 X224.748 Y208.525 E426.83683
G1 X224.551 Y208.342 E426.84388
G1 X222.949 Y208.342 E426.88584
G1 X222.749 Y208.525 E426.89294
G1 X222.71 Y208.636 E426.89602
G1 X222.709 Y210.558 E426.94636
G1 X222.629 Y210.667 E426.9499
G1 X222.537 Y210.707 E426.95253
G1 X207.5 Y210.718 E427.34638
G1 X207.302 Y210.579 E427.35272
G1 X207.272 Y210.083 E427.36573
G1 X207.185 Y209.896 E427.37114
G1 X207.034 Y209.791 E427.37595
G1 X206.331 Y209.794 E427.39437
G1 X205.21 Y211.21 E427.44167
M204 S2500
G0 F15000 X205.21 Y211.41
G0 X206.666 Y211.03
G1 F2700 E426.94167
;MESH:NONMESH
G0 F600 X206.666 Y211.03 Z11.55
G0 F15000 X206.598 Y211.031
G0 X205.434 Y211.451
G0 X204.46 Y213.014
;TIME_ELAPSED:698.786969
;LAYER:76
;note -- min layer time used
;TYPE:SUPPORT
G1 F2700 E427.44167
G1 F2960.6 X204.635 Y212.794 E427.44867
G1 X204.831 Y212.654 E427.45466
G1 X205.122 Y212.654 E427.4619
G1 X205.198 Y212.733 E427.46463
G1 X205.236 Y212.859 E427.4679
G1 X205.16 Y213.243 E427.47764
G1 X205.258 Y213.631 E427.4876
G1 X205.123 Y214.019 E427.49782
G1 X204.985 Y214.173 E427.50297
G1 X204.751 Y214.237 E427.509
G1 X204.463 Y214.153 E427.51647
G1 X204.231 Y213.921 E427.52463
G1 X204.172 Y213.72 E427.52985
G1 X204.244 Y213.504 E427.53551
G1 X204.362 Y213.313 E427.5411
G1 X204.46 Y213.014 E427.54893
G1 F2700 E427.04893
G0 F15000 X204.783 Y215.767
G1 F2700 E427.54893
G1 F2960.6 X205.01 Y215.833 E427.55481
G1 X205.16 Y216.002 E427.56043
G1 X205.295 Y216.372 E427.57023
G1 X205.203 Y216.688 E427.57842
G1 X205.198 Y217 E427.58619
G1 X205.238 Y217.155 E427.59017
G1 X205.203 Y217.278 E427.59335
G1 X205.132 Y217.349 E427.59585
G1 X204.839 Y217.35 E427.60314
G1 X204.497 Y216.989 E427.61551
G1 X204.414 Y216.714 E427.62266
G1 X204.283 Y216.506 E427.62878
G1 X204.208 Y216.278 E427.63475
G1 X204.264 Y216.077 E427.63994
G1 X204.48 Y215.855 E427.64765
G1 X204.783 Y215.767 E427.6555
G1 F2700 E427.1555
G0 F15000 X207.83 Y216.274
G1 F2700 E427.6555
G1 F2960.6 X207.888 Y216.081 E427.66052
G1 X208.104 Y215.855 E427.66829
G1 X208.408 Y215.771 E427.67614
G1 X208.634 Y215.834 E427.68198
G1 X208.783 Y216.004 E427.6876
G1 X208.915 Y216.376 E427.69743
G1 F2496.9 X208.773 Y216.767 E427.7097
G1 F2155 X208.797 Y216.841 E427.71236
G1 X208.759 Y217.062 E427.72002
G1 X208.66 Y217.186 E427.72545
G1 X208.523 Y217.272 E427.73098
G1 X208.296 Y217.272 E427.73874
G1 X208.233 Y217.158 E427.74319
G1 X208.224 Y216.942 E427.75058
G1 F2328.5 X208.113 Y216.743 E427.75779
G1 F2726.8 X207.956 Y216.6 E427.76353
G1 F2960.6 X207.83 Y216.274 E427.77222
G1 F2700 E427.27222
G0 F15000 X209.122 Y213.994
G1 F2700 E427.77222
G1 F1719.8 X208.944 Y213.817 E427.78298
G1 X208.881 Y213.606 E427.79241
G1 X208.92 Y213.472 E427.79839
G1 F1722.2 X209.062 Y213.338 E427.80674
G1 F1907.1 X209.149 Y213.055 E427.81817
G1 F2140.2 X209.305 Y212.86 E427.82677
G1 X209.486 Y212.734 E427.83436
G1 X209.71 Y212.734 E427.84207
G1 X209.769 Y212.86 E427.84686
G1 F1989.5 X209.655 Y213.41 E427.86766
G1 F1786.5 X209.684 Y213.606 E427.87583
G1 F1722.2 X209.633 Y213.784 E427.88375
G1 X209.49 Y213.93 E427.89249
G1 F1719.8 X209.235 Y214.027 E427.90418
G1 X209.122 Y213.994 E427.90922
G1 F2700 E427.40922
G0 F15000 X212.483 Y213.606
G1 F2700 E427.90922
G1 F1748.9 X212.519 Y213.485 E427.91454
G1 X212.704 Y213.331 E427.92468
G1 F1834 X212.886 Y212.727 E427.95001
G1 F2025.1 X213.126 Y212.71 E427.95877
G1 F2140.2 X213.338 Y212.951 E427.96981
G1 X213.375 Y213.165 E427.97729
G1 F1924.8 X213.27 Y213.507 E427.99098
G1 F1748.9 X213.298 Y213.606 E427.99532
G1 X213.247 Y213.787 E428.00324
G1 X213.099 Y213.937 E428.01211
G1 X212.85 Y214.037 E428.02342
G1 X212.727 Y214 E428.02883
G1 X212.547 Y213.82 E428.03955
G1 X212.483 Y213.606 E428.04896
G1 F2700 E427.54896
G0 F15000 X212.834 Y215.835
G1 F2700 E428.04896
G1 F2960.6 X213.235 Y215.954 E428.05937
G1 X213.428 Y216.153 E428.06626
G1 X213.497 Y216.397 E428.07257
G1 F2467.1 X213.37 Y216.709 E428.08263
G1 F2121.9 X213.412 Y216.843 E428.08751
G1 F2129.2 X213.376 Y217.061 E428.09515
G1 X213.278 Y217.183 E428.10057
G1 X213.139 Y217.271 E428.10626
G1 X212.919 Y217.268 E428.11387
G1 X212.879 Y217.229 E428.1158
G1 F2121.9 X212.824 Y216.922 E428.12663
G1 F2467.1 X212.594 Y216.796 E428.13446
G1 F2960.6 X212.466 Y216.676 E428.13883
G1 X212.38 Y216.391 E428.14624
G1 X212.464 Y216.108 E428.15358
G1 X212.681 Y215.879 E428.16143
G1 X212.834 Y215.835 E428.16539
G1 F2700 E427.66539
G0 F15000 X216.694 Y216.394
G1 F2700 E428.16539
G1 F1748.9 X216.741 Y216.231 E428.17254
G1 F1746.4 X216.898 Y216.069 E428.18205
G1 F1744 X217.154 Y215.971 E428.19363
G1 X217.286 Y216.009 E428.19944
G1 X217.445 Y216.175 E428.20915
G1 X217.509 Y216.393 E428.21874
G1 X217.468 Y216.533 E428.2249
G1 F1746.4 X217.288 Y216.68 E428.23471
G1 F1834 X217.113 Y217.274 E428.25958
G1 F2025.1 X216.878 Y217.274 E428.26813
G1 F2140.2 X216.656 Y217.033 E428.27941
G1 X216.622 Y216.839 E428.28619
G1 F1933.8 X216.726 Y216.512 E428.29926
G1 F1756.3 X216.694 Y216.394 E428.30439
G1 F2700 E427.80439
G0 F15000 X219.837 Y216.498
G1 F2700 E428.30439
G1 F2960.6 X220.013 Y216.004 E428.31744
G1 X220.162 Y215.833 E428.32308
G1 X220.393 Y215.767 E428.32906
G1 X220.649 Y215.798 E428.33547
G1 X220.94 Y215.527 E428.34537
G1 X221.186 Y215.454 E428.35175
G1 X221.292 Y215.341 E428.35561
G1 X221.445 Y214.798 E428.36965
G1 X221.387 Y214.625 E428.37419
G1 X220.97 Y214.477 E428.3852
G1 X220.701 Y214.217 E428.39451
G1 X220.616 Y214.19 E428.39673
G1 X220.385 Y214.241 E428.40261
G1 X220.185 Y214.183 E428.40779
G1 X220.015 Y213.993 E428.41414
G1 X219.878 Y213.625 E428.42391
G1 X219.948 Y213.396 E428.42987
G1 X220.134 Y213.195 E428.43668
G1 X220.387 Y213.126 E428.44321
G1 X220.891 Y213.264 E428.45621
G1 X220.988 Y213.257 E428.45863
G1 F2522.2 X221.203 Y213.106 E428.4663
G1 F2212.5 X221.228 Y212.948 E428.47163
G1 F2224.4 X221.329 Y212.814 E428.47719
G1 X221.475 Y212.719 E428.48295
G1 X221.708 Y212.719 E428.49067
G1 X221.782 Y212.876 E428.49642
G1 F2212.5 X221.765 Y213.15 E428.50556
G1 F2522.2 X221.938 Y213.324 E428.51273
G1 F2960.6 X222.021 Y213.353 E428.51491
G1 X222.363 Y213.275 E428.52364
G1 X222.819 Y213.401 E428.53541
G1 X222.967 Y213.366 E428.5392
G1 X223.175 Y213.142 E428.5468
G1 X223.194 Y213.063 E428.54883
G1 X223.127 Y212.795 E428.5557
G1 X223.159 Y212.682 E428.55862
G1 X223.243 Y212.596 E428.56161
G1 X223.625 Y212.553 E428.57118
G1 X223.744 Y212.441 E428.57524
G1 X223.955 Y212.34 E428.58107
G1 X224.063 Y212.371 E428.58386
G1 X224.156 Y212.468 E428.5872
G1 X224.178 Y212.764 E428.59459
G1 X224.252 Y212.863 E428.59767
G1 X224.708 Y213.055 E428.60998
G1 X225.038 Y213.425 E428.62231
G1 X225.319 Y213.523 E428.62972
G1 X225.481 Y213.683 E428.63538
G1 X226.031 Y213.839 E428.64961
G1 X226.552 Y214.388 E428.66844
G1 X226.749 Y215.062 E428.68592
G1 X226.552 Y215.77 E428.7042
G1 X226.034 Y216.288 E428.72243
G1 X225.461 Y216.448 E428.73723
G1 X225.371 Y216.529 E428.74025
G1 X224.877 Y216.708 E428.75332
G1 X224.634 Y217.251 E428.76812
G1 X224.34 Y217.575 E428.77901
G1 X224.102 Y217.674 E428.78542
G1 X223.92 Y217.638 E428.79004
G1 X223.729 Y217.442 E428.79685
G1 X223.458 Y217.38 E428.80377
G1 X223.321 Y217.243 E428.80859
G1 X223.289 Y217.045 E428.81358
G1 X223.378 Y216.795 E428.82018
G1 X223.343 Y216.662 E428.8236
G1 X222.867 Y216.179 E428.84048
G1 X222.762 Y216.135 E428.84331
G1 X222.603 Y216.181 E428.84743
G1 X222.279 Y216.5 E428.85874
G1 X221.898 Y216.605 E428.86858
G1 X221.716 Y216.566 E428.87321
G1 X221.279 Y216.729 E428.88481
G1 F2858.5 X221.184 Y216.915 E428.8902
G1 F2769.3 X221.264 Y217.16 E428.89705
G1 F2775.5 X221.166 Y217.335 E428.90237
G1 X220.897 Y217.336 E428.90951
G1 X220.82 Y217.258 E428.91242
G1 F2769.3 X220.744 Y216.997 E428.91965
G1 F2832.4 X220.67 Y216.9 E428.92283
G1 F2932.6 X220.553 Y216.851 E428.92601
G1 F2960.6 X220.386 Y216.884 E428.93025
G1 X220.152 Y216.813 E428.93633
G1 X219.837 Y216.498 E428.94742
G1 F2700 E428.44742
G0 F15000 X218.65 Y216.834
G1 F2700 E428.94742
G1 F2143.9 X218.757 Y216.478 E428.96019
G1 F2147.6 X218.866 Y216.362 E428.96565
G1 X219.018 Y216.321 E428.97105
G1 X219.165 Y216.362 E428.97629
G1 X219.339 Y216.545 E428.98495
G1 F2143.9 X219.217 Y216.966 E429.00001
G1 F2140.2 X219.062 Y217.155 E429.00843
G1 X218.909 Y217.218 E429.01412
G1 X218.797 Y217.186 E429.01813
G1 X218.689 Y217.049 E429.02414
G1 X218.65 Y216.834 E429.03166
G1 F2700 E428.53166
G0 F15000 X217.292 Y213.924
G1 F2700 E429.03166
G1 F1684.9 X217.041 Y213.963 E429.04276
G1 X216.863 Y213.912 E429.05086
G1 X216.716 Y213.762 E429.06004
G1 X216.67 Y213.607 E429.06711
G1 X216.705 Y213.489 E429.07249
G1 F1855.9 X216.593 Y213.164 E429.08614
G1 F2062.1 X216.629 Y212.956 E429.09368
G1 X216.723 Y212.831 E429.09927
G1 X216.865 Y212.745 E429.1052
G1 F1958.2 X217.1 Y212.745 E429.11404
G1 F1776.3 X217.268 Y213.257 E429.13638
G1 F1698.7 X217.386 Y213.368 E429.14341
G1 F1691.8 X217.452 Y213.614 E429.1545
G1 F1684.9 X217.393 Y213.823 E429.164
G1 X217.292 Y213.924 E429.17024
G1 F2700 E428.67024
;MESH:axis.stl
G0 F15000 X217.434 Y217.28
G0 X222.5 Y218.66
M204 S1250
;TYPE:WALL-INNER
G1 F2700 E429.17024
G1 F2100.4 X217.278 Y218.66 E429.36303
G1 F2185.3 X217.119 Y218.683 E429.36873
G1 F2298.4 X213 Y218.688 E429.5077
G1 F2204.7 X212.722 Y218.66 E429.51753
G1 F2072.4 X207.376 Y218.663 E429.71756
M204 S2500
G0 F15000 X206.629 Y218.832
G0 X205.686 Y218.571
M204 S1250
G1 F2960.6 X206.037 Y219.049 E429.73309
G1 X206.55 Y219.692 E429.75464
G1 X206.856 Y219.691 E429.76265
G1 X206.914 Y219.144 E429.77706
G1 F2419.1 X207.376 Y218.663 E429.79844
G1 X206.525 Y218.571 E429.82588
G1 F2960.6 X205.686 Y218.571 E429.84785
M204 S2500
G1 F2700 E429.34785
G0 F15000 X206.153 Y218.807
G0 X222.5 Y218.66
M204 S1250
G1 F2700 E429.84785
G1 F2457.4 X222.959 Y218.943 E429.86487
G1 F2960.6 X223.13 Y219.286 E429.87491
G1 X223.13 Y221.158 E429.92394
G1 X224.37 Y221.158 E429.95642
G1 X224.37 Y220.438 E429.97528
G1 X224.293 Y220.049 E429.98566
G1 X224.057 Y219.442 E430.00272
G1 X223.703 Y218.947 E430.01866
G1 X223.336 Y218.667 E430.03075
G1 X222.946 Y218.575 E430.04125
G1 F2457.4 X222.5 Y218.66 E430.05557
M204 S2500
G1 F2700 E429.55557
G0 F15000 X205.515 Y218.532
G0 X205.21 Y218.631
M204 S1250
;TYPE:WALL-OUTER
G1 F2700 E430.05557
G1 F2960.6 X205.708 Y219.311 E430.07765
G1 X206.349 Y220.113 E430.10454
G1 X206.993 Y220.11 E430.12141
G1 X207.133 Y220.058 E430.12532
G1 X207.271 Y219.813 E430.13269
G1 X207.304 Y219.298 E430.1462
G1 X207.464 Y219.169 E430.15159
G1 X222.5 Y219.166 E430.54541
G1 X222.62 Y219.203 E430.5487
G1 X222.706 Y219.332 E430.55276
G1 X222.71 Y221.283 E430.60387
G1 X222.749 Y221.392 E430.6069
G1 X222.955 Y221.578 E430.61417
G1 X224.545 Y221.578 E430.65581
G1 X224.748 Y221.391 E430.66304
G1 X224.79 Y221.281 E430.66613
G1 X224.79 Y220.397 E430.68928
G1 X224.697 Y219.931 E430.70173
G1 X224.429 Y219.241 E430.72111
G1 X224.018 Y218.665 E430.73965
G1 X223.525 Y218.289 E430.75589
G1 X223.261 Y218.19 E430.76327
G1 X222.982 Y218.155 E430.77064
G1 X217.108 Y218.154 E430.92449
G1 X217.074 Y218.207 E430.92614
G1 X212.928 Y218.21 E431.03473
G1 X212.892 Y218.154 E431.03648
G1 X205.21 Y218.15 E431.23769
G1 X205.21 Y218.631 E431.25029
M204 S2500
G0 F15000 X205.328 Y218.792
G0 X206.153 Y218.807
G0 X206.582 Y218.987
;TYPE:SKIN
G1 F2714.9 X206.554 Y219.036 E431.2519
G1 X206.497 Y219.036 E431.25353
G1 X206.468 Y218.987 E431.25515
G1 X206.496 Y218.938 E431.25676
G1 X206.553 Y218.938 E431.25839
G1 X206.582 Y218.987 E431.26002
G1 F2700 E430.76002
G0 F15000 X222.948 Y218.928
G0 X223.619 Y219.489
G1 F2700 E431.26002
G1 F2558.5 X223.589 Y219.541 E431.26184
G1 X223.529 Y219.541 E431.26366
G1 X223.499 Y219.489 E431.26548
G1 X223.529 Y219.437 E431.2673
G1 X223.589 Y219.437 E431.26911
G1 X223.619 Y219.489 E431.27093
G0 F15000 X223.74 Y219.62
G1 F2700 E430.77093
G0 F15000 X223.423 Y218.497
G0 X223.821 Y217.467
G0 X223.126 Y212.722
G0 X222.966 Y211.631
G0 X223.368 Y211.038
G0 X222.624 Y211.345
M204 S1250
;TYPE:WALL-INNER
G1 F2700 E431.27093
G1 F2075.9 X217.288 Y211.345 E431.47026
G1 F2220.4 X217 Y211.315 E431.48037
G1 F2319.8 X212.881 Y211.319 E431.61806
G1 F2196.9 X212.713 Y211.345 E431.62406
G1 F2104 X207.5 Y211.345 E431.81619
M204 S2500
G0 F15000 X206.63 Y211.176
G0 X205.689 Y211.434
M204 S1250
G1 F2960.6 X206.526 Y211.433 E431.83811
G1 F2457.4 X207.5 Y211.345 E431.86897
G1 X206.914 Y210.861 E431.89296
G1 F2960.6 X206.857 Y210.309 E431.90749
G1 X206.552 Y210.31 E431.91548
G1 X206.034 Y210.963 E431.93731
G1 X205.689 Y211.434 E431.9526
M204 S2500
G1 F2700 E431.4526
G0 F15000 X206.153 Y211.201
G0 X222.948 Y211.08
G0 X222.624 Y211.345
M204 S1250
G1 F2700 E431.9526
G1 F2328.5 X222.957 Y211.418 E431.96396
G1 F2826 X223.145 Y211.41 E431.96912
G1 F2960.6 X223.521 Y211.22 E431.98016
G1 X223.702 Y211.054 E431.98659
G1 X224.057 Y210.561 E432.0025
G1 X224.292 Y209.955 E432.01952
G1 X224.37 Y209.566 E432.02992
G1 X224.37 Y208.838 E432.04898
G1 X223.13 Y208.838 E432.08146
G1 X223.13 Y210.722 E432.13081
G1 X223.025 Y210.981 E432.13813
G1 F2826 X222.87 Y211.167 E432.14477
G1 F2328.5 X222.624 Y211.345 E432.15488
M204 S2500
G1 F2700 E431.65488
G0 F15000 X223.368 Y211.038
G0 X205.515 Y211.476
G0 X205.21 Y211.377
M204 S1250
;TYPE:WALL-OUTER
G1 F2700 E432.15488
G1 F2960.6 X205.21 Y211.854 E432.16738
G1 X212.888 Y211.85 E432.36848
G1 X212.924 Y211.793 E432.37025
G1 X217.074 Y211.79 E432.47895
G1 X217.113 Y211.85 E432.48082
G1 X222.989 Y211.858 E432.63473
G1 X223.253 Y211.819 E432.64172
G1 X223.528 Y211.711 E432.64946
G1 X223.776 Y211.556 E432.65712
G1 X224.018 Y211.335 E432.6657
G1 X224.429 Y210.763 E432.68415
G1 X224.697 Y210.073 E432.70354
G1 X224.79 Y209.607 E432.71598
G1 X224.79 Y208.722 E432.73916
G1 X224.63 Y208.473 E432.74692
G1 X224.465 Y208.418 E432.75147
G1 X223.026 Y208.418 E432.78916
G1 X222.872 Y208.47 E432.79342
G1 X222.75 Y208.608 E432.79824
G1 X222.71 Y208.723 E432.80143
G1 X222.706 Y210.675 E432.85256
G1 X222.651 Y210.78 E432.85567
G1 X222.536 Y210.839 E432.85905
G1 X207.5 Y210.839 E433.25288
G1 X207.304 Y210.706 E433.25908
G1 X207.272 Y210.187 E433.2727
G1 X207.14 Y209.952 E433.27976
G1 X206.961 Y209.89 E433.28472
G1 X206.35 Y209.89 E433.30073
G1 X205.703 Y210.704 E433.32796
G1 X205.21 Y211.377 E433.34981
M204 S2500
G0 F15000 X205.21 Y211.577
G0 X205.52 Y211.577
G0 X206.584 Y211.014
;TYPE:SKIN
G1 F2726.8 X206.556 Y211.063 E433.35142
G1 X206.499 Y211.063 E433.35304
G1 X206.47 Y211.014 E433.35466
G1 X206.498 Y210.965 E433.35626
G1 X206.555 Y210.965 E433.35788
G1 X206.584 Y211.014 E433.3595
G1 F2700 E432.8595
G0 F15000 X222.948 Y211.08
G0 X223.618 Y210.511
G1 F2700 E433.3595
G1 F2569.1 X223.588 Y210.563 E433.36132
G1 X223.528 Y210.563 E433.36313
G1 X223.498 Y210.511 E433.36494
G1 X223.528 Y210.459 E433.36675
G1 X223.588 Y210.459 E433.36856
G1 X223.618 Y210.511 E433.37037
G0 F15000 X223.74 Y210.382
G1 F2700 E432.87037
;MESH:NONMESH
G0 F600 X223.74 Y210.382 Z11.7
G0 F15000 X222.948 Y211.08
G0 X207.081 Y211.065
G0 X207.082 Y212.729
G0 X204.643 Y213.197
;TIME_ELAPSED:709.439949
;LAYER:77
;note -- min layer time used
;TYPE:SUPPORT
G1 F2700 E433.37037
G1 F2076.5 X204.69 Y212.989 E433.37769
G1 X204.747 Y212.93 E433.3805
G1 X204.929 Y212.946 E433.38677
G1 X205.104 Y213.186 E433.39696
G1 X205.143 Y213.413 E433.40486
G1 F2072.9 X205.019 Y213.777 E433.41807
G1 F2069.4 X204.902 Y213.892 E433.42372
G1 X204.751 Y213.935 E433.42912
G1 X204.613 Y213.894 E433.43408
G1 X204.49 Y213.771 E433.44007
G1 X204.452 Y213.643 E433.44466
G1 F2072.9 X204.556 Y213.334 E433.45587
G1 F2076.5 X204.643 Y213.197 E433.46143
G1 F2700 E432.96143
G0 F15000 X204.782 Y216.07
G1 F2700 E433.46143
G1 F2076.5 X204.929 Y216.113 E433.46669
G1 X205.051 Y216.239 E433.4727
G1 X205.174 Y216.597 E433.48569
G1 X205.139 Y216.804 E433.49289
G1 X204.96 Y217.071 E433.50392
G1 X204.852 Y217.094 E433.5077
G1 X204.727 Y217.005 E433.51297
G1 X204.655 Y216.758 E433.52179
G1 X204.588 Y216.674 E433.52548
G1 X204.483 Y216.365 E433.53667
G1 X204.522 Y216.229 E433.54153
G1 X204.635 Y216.113 E433.54708
G1 X204.782 Y216.07 E433.55234
G1 F2700 E433.05234
G0 F15000 X208.106 Y216.362
G1 F2700 E433.55234
G1 F2087.3 X208.146 Y216.228 E433.55711
G1 X208.255 Y216.112 E433.56254
G1 X208.406 Y216.068 E433.56791
G1 X208.549 Y216.111 E433.573
G1 X208.672 Y216.238 E433.57904
G1 F2083.7 X208.791 Y216.591 E433.59177
G1 F2080.1 X208.751 Y216.85 E433.60074
G1 X208.638 Y217.047 E433.60852
G1 X208.42 Y217.047 E433.61599
G1 X208.212 Y216.682 E433.63037
G1 F2083.7 X208.106 Y216.362 E433.6419
G1 F2700 E433.1419
G0 F15000 X209.193 Y213.871
G1 F2700 E433.6419
G1 F2080.1 X209.065 Y213.743 E433.64809
G1 X209.026 Y213.61 E433.65284
G1 X209.071 Y213.45 E433.65853
G1 F2072.9 X209.249 Y213.202 E433.66902
G1 F2065.8 X209.341 Y212.963 E433.67785
G1 X209.545 Y212.963 E433.68489
G1 X209.727 Y213.196 E433.69508
G1 X209.756 Y213.383 E433.7016
G1 X209.674 Y213.622 E433.71032
G1 F2072.9 X209.464 Y213.873 E433.72156
G1 F2080.1 X209.327 Y213.911 E433.72643
G1 X209.193 Y213.871 E433.73122
G1 F2700 E433.23122
G0 F15000 X212.637 Y213.608
G1 F2700 E433.73122
G1 F2058.7 X212.681 Y213.454 E433.73676
G1 X213.02 Y212.938 E433.75812
G1 F2055.2 X213.14 Y212.916 E433.76235
G1 X213.267 Y213.011 E433.76785
G1 X213.358 Y213.367 E433.78058
G1 X213.204 Y213.742 E433.79463
G1 F2058.7 X213.079 Y213.867 E433.80075
G1 X212.935 Y213.908 E433.80593
G1 X212.805 Y213.869 E433.81062
G1 X212.676 Y213.741 E433.81691
G1 X212.637 Y213.608 E433.82171
G1 F2700 E433.32171
G0 F15000 X212.986 Y216.1
G1 F2700 E433.82171
G1 F2058.7 X213.133 Y216.141 E433.82699
G1 X213.251 Y216.262 E433.83284
G1 X213.403 Y216.638 E433.84687
G1 X213.372 Y216.857 E433.85452
G1 X213.239 Y217.067 E433.86312
G1 X213.056 Y217.053 E433.86947
G1 X212.733 Y216.55 E433.89015
G1 X212.685 Y216.391 E433.8959
G1 X212.724 Y216.26 E433.90063
G1 X212.839 Y216.141 E433.90635
G1 X212.986 Y216.1 E433.91163
G1 F2700 E433.41163
G0 F15000 X216.633 Y216.627
G1 F2700 E433.91163
G1 F2080.1 X216.717 Y216.388 E433.92031
G1 X216.922 Y216.134 E433.93149
G1 F2083.7 X217.06 Y216.095 E433.93639
G1 X217.209 Y216.137 E433.94168
G1 X217.318 Y216.254 E433.94715
G1 X217.36 Y216.396 E433.95221
G1 X217.316 Y216.562 E433.95808
G1 F2080.1 X216.982 Y217.067 E433.97881
G1 X216.856 Y217.092 E433.98321
G1 X216.724 Y216.987 E433.98899
G1 X216.633 Y216.627 E434.0017
G1 F2700 E433.5017
G0 F15000 X219.136 Y216.817
G1 F2700 E434.0017
G1 F2802.6 X219.169 Y216.929 E434.00467
G1 X219.133 Y217.052 E434.00793
G1 X219.062 Y217.124 E434.0105
G1 X218.785 Y217.122 E434.01754
G1 X218.703 Y217.042 E434.02045
G1 X218.671 Y216.931 E434.02339
G1 X218.705 Y216.814 E434.02648
G1 X218.794 Y216.72 E434.02977
G1 X218.92 Y216.686 E434.03309
G1 X219.045 Y216.719 E434.03637
G1 X219.136 Y216.817 E434.03977
G0 F15000 X220.015 Y216.678
G1 F2069.4 X220.003 Y216.598 E434.04256
G1 F2058.7 X220.129 Y216.24 E434.05569
G1 F2062.3 X220.243 Y216.114 E434.06156
G1 F2076.5 X220.395 Y216.072 E434.06697
G1 X220.47 Y216.092 E434.06963
G1 F2281.4 X220.65 Y216.025 E434.07563
G1 F2683.7 X221.007 Y215.633 E434.0897
G1 F2862.6 X221.296 Y215.54 E434.09725
G1 X221.422 Y215.451 E434.10109
G1 X221.598 Y214.709 E434.12007
G1 X221.576 Y214.594 E434.12298
G1 X221.477 Y214.497 E434.12643
G1 X221.031 Y214.362 E434.13802
G1 F2473.9 X220.643 Y213.924 E434.15487
G1 F2058.7 X220.486 Y213.889 E434.16044
G1 F1951.8 X220.386 Y213.916 E434.16422
G1 X220.262 Y213.881 E434.16892
G1 X220.143 Y213.76 E434.17511
G1 X220.033 Y213.417 E434.18826
G1 X220.068 Y213.215 E434.19574
G1 X220.161 Y213.092 E434.20137
G1 X220.264 Y213.064 E434.20526
G1 X220.414 Y213.127 E434.2112
G1 X220.606 Y213.351 E434.22197
G1 F2058.7 X220.763 Y213.386 E434.22753
G1 F2438.7 X221.133 Y213.24 E434.23915
G1 F2683.7 X221.213 Y213.154 E434.24227
G1 F2613.7 X221.265 Y212.967 E434.24756
G1 F2619.4 X221.329 Y212.901 E434.25006
G1 X221.606 Y212.901 E434.25759
G1 X221.703 Y213.089 E434.26334
G1 F2613.7 X221.657 Y213.28 E434.2687
G1 F2726.3 X221.733 Y213.471 E434.27407
G1 F2862.6 X221.877 Y213.534 E434.27798
G1 X222.365 Y213.407 E434.29053
G1 X222.621 Y213.478 E434.29714
G1 X222.773 Y213.642 E434.3027
G1 X222.88 Y213.689 E434.30561
G1 X223.036 Y213.647 E434.30963
G1 X223.274 Y213.389 E434.31836
G1 X223.405 Y213.353 E434.32174
G1 X223.488 Y213.27 E434.32466
G1 X223.51 Y213.123 E434.32836
G1 X223.458 Y212.909 E434.33384
G1 X223.491 Y212.79 E434.33692
G1 X223.709 Y212.672 E434.34308
G1 X224.563 Y213.005 E434.36589
G1 X224.726 Y213.187 E434.37197
G1 X224.834 Y213.236 E434.37492
G1 X224.966 Y213.373 E434.37966
G1 X225.145 Y213.435 E434.38437
G1 X225.463 Y213.788 E434.39619
G1 X225.97 Y213.954 E434.40947
G1 X226.436 Y214.448 E434.42636
G1 X226.617 Y215.062 E434.44229
G1 X226.436 Y215.706 E434.45894
G1 X225.966 Y216.176 E434.47548
G1 X225.481 Y216.32 E434.48807
G1 X225.195 Y216.605 E434.49811
G1 X224.704 Y216.781 E434.51109
G1 X224.628 Y216.886 E434.51432
G1 X224.516 Y217.226 E434.52322
G1 X224.236 Y217.536 E434.53362
G1 X224.1 Y217.574 E434.53713
G1 X223.8 Y217.349 E434.54646
G1 X223.46 Y217.222 E434.55549
G1 X223.383 Y217.068 E434.55978
G1 X223.421 Y216.941 E434.56308
G1 X223.598 Y216.678 E434.57096
G1 X223.568 Y216.551 E434.57421
G1 X223.477 Y216.469 E434.57726
G1 X223.27 Y216.408 E434.58263
G1 X222.843 Y215.981 E434.59766
G1 X222.703 Y215.96 E434.60118
G1 X222.583 Y216.019 E434.6045
G1 X222.214 Y216.388 E434.61749
G1 X221.895 Y216.477 E434.62573
G1 X221.618 Y216.44 E434.63268
G1 X221.513 Y216.52 E434.63597
G1 X221.264 Y216.592 E434.64242
G1 F2683.7 X220.824 Y216.464 E434.65458
G1 F2264.2 X220.639 Y216.543 E434.66091
G1 F2058.7 X220.586 Y216.681 E434.66602
G1 F2072.9 X220.416 Y216.876 E434.67491
G1 X220.248 Y216.949 E434.68121
G1 X220.137 Y216.919 E434.68516
G1 X220.034 Y216.795 E434.6907
G1 F2069.4 X220.015 Y216.678 E434.69478
G1 F2700 E434.19478
G0 F15000 X217.196 Y213.835
G1 F2700 E434.69478
G1 F2072.9 X217.162 Y213.869 E434.69643
G1 F2069.4 X217.015 Y213.91 E434.70168
G1 X216.884 Y213.871 E434.70639
G1 F2065.8 X216.747 Y213.734 E434.71307
G1 F2062.3 X216.6 Y213.372 E434.72656
G1 X216.634 Y213.143 E434.73456
G1 X216.764 Y212.936 E434.743
G1 X216.95 Y212.95 E434.74944
G1 F2065.8 X217.272 Y213.453 E434.77004
G1 F2069.4 X217.318 Y213.61 E434.77567
G1 X217.277 Y213.755 E434.78086
G1 F2072.9 X217.196 Y213.835 E434.78477
G1 F2700 E434.28477
;MESH:axis.stl
G0 F15000 X217.432 Y217.079
G0 X222.5 Y218.49
M204 S1250
;TYPE:WALL-INNER
G1 F2700 E434.78477
G1 F1808 X217.565 Y218.494 E434.98943
G1 F2234.8 X217.108 Y218.618 E435.00532
G1 F2939.6 X213 Y218.622 E435.1101
G1 F2251.5 X212.431 Y218.492 E435.12953
G1 F1794.5 X207.37 Y218.497 E435.341
M204 S2500
G0 F15000 X206.631 Y218.63
G0 X206.105 Y218.606
G0 X205.643 Y218.371
M204 S1250
G1 F2862.6 X206.537 Y219.586 E435.38051
G1 X206.855 Y219.586 E435.38884
G1 X206.87 Y219.218 E435.39848
G1 X206.922 Y218.99 E435.40461
G1 F2194 X207.37 Y218.497 E435.42737
G1 X206.518 Y218.371 E435.45681
G1 F2862.6 X205.643 Y218.371 E435.47973
M204 S2500
G1 F2700 E434.97973
G0 F15000 X206.105 Y218.606
G0 X222.5 Y218.49
M204 S1250
G1 F2700 E435.47973
G1 F2210.1 X222.93 Y218.783 E435.49738
G1 F2862.6 X223.054 Y218.942 E435.50266
G1 X223.13 Y219.244 E435.51082
G1 X223.13 Y221.077 E435.55883
G1 X224.37 Y221.074 E435.59131
G1 X224.37 Y220.328 E435.61084
G1 X224.195 Y219.606 E435.6303
G1 X223.894 Y219.027 E435.6474
G1 X223.494 Y218.586 E435.66299
G1 X223.145 Y218.399 E435.67336
G1 X222.931 Y218.366 E435.67903
G1 F2210.1 X222.5 Y218.49 E435.69425
M204 S2500
G1 F2700 E435.19425
G0 F15000 X206.105 Y218.606
G0 X205.21 Y218.49
M204 S1250
;TYPE:WALL-OUTER
G1 F2700 E435.69425
G1 F2862.6 X205.918 Y219.453 E435.72555
G1 X206.351 Y220.006 E435.74395
G1 X207.028 Y220.005 E435.76168
G1 X207.183 Y219.894 E435.76668
G1 X207.271 Y219.698 E435.7723
G1 X207.307 Y219.159 E435.78645
G1 X207.463 Y219.037 E435.79164
G1 X222.5 Y219.034 E436.18549
G1 X222.611 Y219.065 E436.18851
G1 X222.71 Y219.169 E436.19227
G1 X222.71 Y221.196 E436.24537
G1 X222.75 Y221.308 E436.24848
G1 X222.869 Y221.446 E436.25325
G1 X223.029 Y221.498 E436.25766
G1 X224.505 Y221.494 E436.29632
G1 X224.623 Y221.45 E436.29962
G1 X224.79 Y221.193 E436.30765
G1 X224.79 Y220.288 E436.33135
G1 X224.585 Y219.445 E436.35407
G1 X224.242 Y218.785 E436.37356
G1 X223.77 Y218.265 E436.39195
G1 X223.513 Y218.095 E436.40002
G1 X223.259 Y217.992 E436.4072
G1 X222.979 Y217.946 E436.41463
G1 X217.21 Y217.954 E436.56574
G1 X217.158 Y218.139 E436.57077
G1 X217.037 Y218.207 E436.5744
G1 X213 Y218.21 E436.68014
G1 X212.841 Y218.138 E436.68471
G1 X212.79 Y217.95 E436.68982
G1 X205.21 Y217.95 E436.88835
G1 X205.21 Y218.49 E436.9025
M204 S2500
G0 F15000 X205.328 Y218.651
G0 X206.105 Y218.606
G0 X206.579 Y218.812
;TYPE:SKIN
G1 F2366.7 X206.548 Y218.867 E436.9045
G1 X206.485 Y218.867 E436.90649
G1 X206.453 Y218.812 E436.90851
G1 X206.484 Y218.757 E436.91051
G1 X206.547 Y218.757 E436.91251
G1 X206.579 Y218.812 E436.91452
G1 F2700 E436.41452
G0 F15000 X222.948 Y218.797
G0 X223.657 Y219.437
G1 F2700 E436.91452
G1 F2202 X223.623 Y219.496 E436.91684
G1 X223.555 Y219.496 E436.91916
G1 X223.521 Y219.437 E436.92148
G1 X223.555 Y219.378 E436.92379
G1 X223.623 Y219.378 E436.92611
G1 X223.657 Y219.437 E436.92843
G0 F15000 X223.74 Y219.534
G1 F2700 E436.42843
G0 F15000 X223.41 Y218.3
G0 X223.817 Y217.274
G0 X223.121 Y212.915
G0 X222.971 Y211.822
G0 X223.366 Y211.22
G0 X222.63 Y211.507
M204 S1250
;TYPE:WALL-INNER
G1 F2700 E436.92843
G1 F1813.4 X217.567 Y211.511 E437.13777
G1 F2277.1 X217 Y211.381 E437.15692
G1 F2976 X212.893 Y211.384 E437.26039
G1 F2251.5 X212.432 Y211.511 E437.27632
G1 F1824.4 X207.5 Y211.511 E437.47901
M204 S2500
G0 F15000 X206.631 Y211.376
G0 X206.105 Y211.401
G0 X205.641 Y211.633
M204 S1250
G1 F2862.6 X206.518 Y211.633 E437.50198
G1 F2226.5 X207.5 Y211.511 E437.5353
G1 X206.922 Y211.014 E437.56097
G1 F2862.6 X206.87 Y210.786 E437.5671
G1 X206.856 Y210.421 E437.57667
G1 X206.554 Y210.419 E437.58458
G1 X206.244 Y210.818 E437.59781
G1 X205.641 Y211.633 E437.62437
M204 S2500
G1 F2700 E437.12437
G0 F15000 X206.105 Y211.401
G0 X223.366 Y211.22
G0 X222.63 Y211.507
M204 S1250
G1 F2700 E437.62437
G1 F2101.9 X222.946 Y211.602 E437.63614
G1 F2683.7 X223.149 Y211.602 E437.64181
G1 F2862.6 X223.491 Y211.42 E437.65195
G1 X223.902 Y210.963 E437.66805
G1 X224.047 Y210.723 E437.6754
G1 X224.291 Y210.082 E437.69336
G1 X224.37 Y209.676 E437.7042
G1 X224.37 Y208.926 E437.72384
G1 X223.13 Y208.926 E437.75632
G1 X223.13 Y210.764 E437.80446
G1 X223.053 Y211.066 E437.81262
G1 F2683.7 X222.861 Y211.314 E437.82139
G1 F2101.9 X222.63 Y211.507 E437.83212
M204 S2500
G1 F2700 E437.33212
G0 F15000 X223.366 Y211.22
G0 X206.105 Y211.401
G0 X205.21 Y211.513
M204 S1250
;TYPE:WALL-OUTER
G1 F2700 E437.83212
G1 F2862.6 X205.21 Y212.054 E437.84629
G1 X212.79 Y212.05 E438.04483
G1 X212.84 Y211.862 E438.04993
G1 X212.964 Y211.793 E438.05364
G1 X217 Y211.79 E438.15936
G1 X217.159 Y211.862 E438.16393
G1 X217.21 Y212.05 E438.16903
G1 X222.989 Y212.05 E438.3204
G1 X223.257 Y212.011 E438.32749
G1 X223.517 Y211.909 E438.3348
G1 X223.769 Y211.74 E438.34275
G1 X224.242 Y211.214 E438.36128
G1 X224.426 Y210.907 E438.37065
G1 X224.697 Y210.198 E438.39054
G1 X224.79 Y209.716 E438.40339
G1 X224.79 Y208.811 E438.4271
G1 X224.626 Y208.558 E438.43499
G1 X224.466 Y208.506 E438.4394
G1 X223.03 Y208.506 E438.47701
G1 X222.87 Y208.558 E438.48142
G1 X222.749 Y208.699 E438.48629
G1 X222.71 Y208.809 E438.48934
G1 X222.71 Y210.847 E438.54272
G1 X222.537 Y210.971 E438.5483
G1 X207.5 Y210.971 E438.94215
G1 X207.307 Y210.845 E438.94819
G1 X207.267 Y210.231 E438.96431
G1 X207.119 Y210.047 E438.97049
G1 X207.007 Y210.002 E438.97365
G1 X206.35 Y209.999 E438.99086
G1 X205.906 Y210.569 E439.00979
G1 X205.21 Y211.513 E439.0405
M204 S2500
G0 F15000 X205.21 Y211.713
G0 X205.52 Y211.713
G0 X206.582 Y211.189
;TYPE:SKIN
G1 F2395 X206.551 Y211.243 E439.04245
G1 X206.489 Y211.243 E439.04439
G1 X206.458 Y211.189 E439.04634
G1 X206.489 Y211.135 E439.04829
G1 X206.551 Y211.135 E439.05023
G1 X206.582 Y211.189 E439.05218
G1 F2700 E438.55218
G0 F15000 X222.948 Y211.213
G0 X223.653 Y210.571
G1 F2700 E439.05218
G1 F2234.8 X223.62 Y210.629 E439.05442
G1 X223.553 Y210.629 E439.05667
G1 X223.519 Y210.571 E439.05893
G1 X223.552 Y210.513 E439.06117
G1 X223.619 Y210.513 E439.06341
G1 X223.653 Y210.571 E439.06567
G0 F15000 X223.74 Y210.473
G1 F2700 E438.56567
;MESH:NONMESH
G0 F600 X223.74 Y210.473 Z11.85
G0 F15000 X222.948 Y211.213
G0 X205.434 Y211.832
G0 X204.631 Y213.338
;TIME_ELAPSED:719.721333
;LAYER:78
;note -- min layer time used
;TYPE:SUPPORT
G1 F2700 E439.06567
G1 F2697.3 X204.665 Y213.218 E439.06884
G1 X204.735 Y213.144 E439.07143
G1 X205.02 Y213.145 E439.07867
G1 X205.129 Y213.334 E439.08422
G1 X205.092 Y213.459 E439.08753
G1 X205 Y213.552 E439.09085
G1 X204.879 Y213.585 E439.09404
G1 X204.769 Y213.553 E439.09695
G1 X204.663 Y213.447 E439.10076
G1 X204.631 Y213.338 E439.10365
G1 F2700 E438.60365
G0 F15000 X204.909 Y216.427
G1 F2700 E439.10365
G1 F2600.3 X205.029 Y216.462 E439.10695
G1 X205.117 Y216.554 E439.1103
G1 X205.149 Y216.666 E439.11337
G1 X205.117 Y216.783 E439.11657
G1 X205.035 Y216.863 E439.11959
G1 X204.856 Y216.892 E439.12437
G1 X204.697 Y216.771 E439.12964
G1 X204.668 Y216.669 E439.13244
G1 X204.703 Y216.554 E439.13561
G1 X204.789 Y216.462 E439.13893
G1 X204.909 Y216.427 E439.14222
G1 F2700 E438.64222
G0 F15000 X208.277 Y216.67
G1 F2700 E439.14222
G1 F2691 X208.312 Y216.553 E439.14533
G1 X208.403 Y216.459 E439.14866
G1 X208.525 Y216.424 E439.1519
G1 X208.648 Y216.459 E439.15516
G1 X208.74 Y216.555 E439.15854
G1 X208.772 Y216.667 E439.16151
G1 X208.739 Y216.788 E439.16471
G1 X208.667 Y216.86 E439.1673
G1 X208.391 Y216.861 E439.17433
G1 X208.31 Y216.778 E439.17729
G1 X208.277 Y216.67 E439.18016
G1 F2700 E438.68016
G0 F15000 X209.391 Y213.55
G1 F2700 E439.18016
G1 F2691 X209.283 Y213.443 E439.18404
G1 X209.252 Y213.334 E439.18692
G1 X209.285 Y213.214 E439.19009
G1 X209.352 Y213.143 E439.19258
G1 X209.642 Y213.143 E439.19997
G1 X209.744 Y213.334 E439.20548
G1 X209.711 Y213.456 E439.2087
G1 X209.617 Y213.549 E439.21207
G1 X209.499 Y213.583 E439.2152
G1 X209.391 Y213.55 E439.21808
G1 F2700 E438.71808
G0 F15000 X212.893 Y213.438
G1 F2700 E439.21808
G1 F2600.3 X212.86 Y213.331 E439.22103
G1 X212.894 Y213.22 E439.22409
G1 X212.977 Y213.135 E439.22722
G1 X213.22 Y213.123 E439.23364
G1 X213.309 Y213.221 E439.23713
G1 X213.341 Y213.331 E439.24015
G1 X213.307 Y213.45 E439.24341
G1 X213.219 Y213.541 E439.24675
G1 X213.103 Y213.573 E439.24992
G1 X212.997 Y213.542 E439.25283
G1 X212.893 Y213.438 E439.25671
G1 F2700 E438.75671
G0 F15000 X213.141 Y216.432
G1 F2700 E439.25671
G1 F2641.9 X213.267 Y216.464 E439.26008
G1 X213.356 Y216.56 E439.26348
G1 X213.388 Y216.671 E439.26648
G1 X213.355 Y216.79 E439.26968
G1 X213.262 Y216.884 E439.27311
G1 X213.023 Y216.867 E439.27933
G1 X212.934 Y216.779 E439.28258
G1 X212.902 Y216.673 E439.28545
G1 X212.936 Y216.558 E439.28856
G1 X213.025 Y216.464 E439.29192
G1 X213.141 Y216.432 E439.29504
G1 F2700 E438.79504
G0 F15000 X216.652 Y216.67
G1 F2700 E439.29504
G1 F2600.3 X216.686 Y216.559 E439.2981
G1 X216.775 Y216.466 E439.3015
G1 X216.893 Y216.431 E439.30474
G1 X217.013 Y216.466 E439.30804
G1 X217.102 Y216.561 E439.31147
G1 X217.133 Y216.67 E439.31446
G1 X217.101 Y216.788 E439.31768
G1 X217.021 Y216.867 E439.32065
G1 X216.786 Y216.878 E439.32685
G1 X216.685 Y216.775 E439.33065
G1 X216.652 Y216.67 E439.33355
G1 F2700 E438.83355
G0 F15000 X216.859 Y213.576
G1 F2700 E439.33355
G1 F2641.9 X216.752 Y213.545 E439.33644
G1 X216.648 Y213.441 E439.34026
G1 X216.617 Y213.334 E439.34315
G1 X216.649 Y213.216 E439.34632
G1 X216.736 Y213.126 E439.34957
G1 X216.991 Y213.14 E439.3562
G1 X217.07 Y213.222 E439.35915
G1 X217.103 Y213.331 E439.36211
G1 X217.068 Y213.453 E439.3654
G1 X216.977 Y213.544 E439.36874
G1 X216.859 Y213.576 E439.37191
G1 F2700 E438.87191
G0 F15000 X220.067 Y213.441
G1 F2700 E439.37191
G1 F2684.8 X220.033 Y213.331 E439.37485
G1 X220.138 Y213.139 E439.38044
G1 X220.426 Y213.139 E439.3878
G1 X220.578 Y213.302 E439.39349
G1 F2242.5 X220.792 Y213.436 E439.40121
G1 F1925.4 X221.111 Y213.363 E439.41286
G1 X221.28 Y213.437 E439.41943
G1 F1928.6 X221.479 Y213.662 E439.4301
G1 F2033.6 X221.633 Y213.698 E439.43544
G1 F2376.1 X221.761 Y213.632 E439.43959
G1 F2703.6 X222.038 Y213.31 E439.45036
G1 F2755.1 X222.215 Y213.272 E439.45487
G1 X222.432 Y213.363 E439.46072
G1 X222.618 Y213.558 E439.46743
G1 X222.753 Y213.579 E439.47083
G1 X222.854 Y213.531 E439.47361
G1 X223.093 Y213.279 E439.48225
G1 X223.423 Y213.23 E439.49055
G1 X223.677 Y212.924 E439.50045
G1 X224.196 Y212.707 E439.51444
G1 X224.388 Y212.786 E439.51961
G1 X224.657 Y213.162 E439.53111
G1 X225.008 Y213.318 E439.54067
G1 X225.266 Y213.615 E439.55046
G1 X225.396 Y213.901 E439.55828
G1 X225.903 Y214.063 E439.57152
G1 X226.328 Y214.512 E439.58691
G1 X226.485 Y215.061 E439.60111
G1 X226.324 Y215.642 E439.61612
G1 X225.902 Y216.064 E439.63097
G1 X225.46 Y216.214 E439.64258
G1 X225.026 Y216.7 E439.65879
G1 X224.527 Y216.889 E439.67207
G1 X224.377 Y217.27 E439.68226
G1 X224.278 Y217.368 E439.68572
G1 X224.158 Y217.402 E439.68883
G1 X223.93 Y217.234 E439.69588
G1 X223.88 Y217.097 E439.6995
G1 X223.645 Y216.848 E439.70802
G1 X223.582 Y216.442 E439.71825
G1 X223.527 Y216.37 E439.7205
G1 X223.334 Y216.297 E439.72564
G1 X223.138 Y216.1 E439.73255
G1 X223.083 Y215.894 E439.73786
G1 X222.962 Y215.785 E439.74191
G1 X222.645 Y215.779 E439.7498
G1 X222.46 Y215.872 E439.75495
G1 X222.37 Y215.974 E439.75833
G1 X222.336 Y216.094 E439.76144
G1 F2742 X222.15 Y216.274 E439.76791
G1 F2703.6 X221.898 Y216.341 E439.77452
G1 F2342.4 X221.626 Y216.247 E439.78294
G1 F1995.1 X221.498 Y216.304 E439.78776
G1 F1922.2 X221.276 Y216.58 E439.80039
G1 X221.121 Y216.646 E439.8064
G1 X220.798 Y216.56 E439.81832
G1 F1964.6 X220.623 Y216.58 E439.82447
G1 F2300.5 X220.569 Y216.698 E439.82833
G1 F2691 X220.407 Y216.857 E439.83412
G1 X220.126 Y216.857 E439.84128
G1 X220.048 Y216.779 E439.84409
G1 X220.016 Y216.667 E439.84705
G1 X220.049 Y216.551 E439.85013
G1 X220.14 Y216.455 E439.85349
G1 X220.265 Y216.419 E439.85681
G1 X220.51 Y216.488 E439.86329
G1 F2300.5 X220.619 Y216.564 E439.86725
G1 F1964.6 X220.78 Y216.496 E439.87335
G1 F1922.2 X221.003 Y215.953 E439.89429
G1 X221.12 Y215.829 E439.90037
G1 F1995.1 X221.465 Y215.714 E439.91286
G1 F2366.3 X221.596 Y215.496 E439.92023
G1 F2755.1 X221.565 Y215.293 E439.92534
G1 X221.655 Y214.993 E439.93314
G1 X221.822 Y214.798 E439.93952
G1 X221.838 Y214.708 E439.9418
G1 X221.79 Y214.581 E439.94518
G1 F2415.7 X221.511 Y214.22 E439.95812
G1 F2033.6 X221.357 Y214.184 E439.96346
G1 F1928.6 X221.27 Y214.208 E439.96666
G1 X221.141 Y214.172 E439.97142
G1 X221.01 Y214.041 E439.97801
G1 F1925.4 X220.868 Y213.623 E439.99373
G1 X220.779 Y213.491 E439.9994
G1 F2242.5 X220.282 Y213.58 E440.01483
G1 F2684.8 X220.17 Y213.545 E440.01783
G1 X220.067 Y213.441 E440.02157
G1 F2700 E439.52157
;MESH:axis.stl
G0 F15000 X220.07 Y212.054
G0 X217.172 Y211.509
M204 S1250
;TYPE:WALL-INNER
G1 F2700 E440.02157
G1 F3110.6 X217.561 Y211.767 E440.03239
G1 X217.584 Y211.882 E440.03512
G1 F3037.1 X222.879 Y211.885 E440.16093
G1 F2857.1 X223.294 Y211.76 E440.17187
G1 F2755.1 X223.685 Y211.425 E440.18536
G1 X224.048 Y210.871 E440.20271
G1 X224.29 Y210.208 E440.22119
G1 X224.37 Y209.792 E440.23229
G1 X224.37 Y209.018 E440.25256
G1 X223.13 Y209.018 E440.28504
G1 X223.13 Y210.9 E440.33433
G1 X223.043 Y211.221 E440.34304
G1 X222.897 Y211.391 E440.34891
G1 F2878.5 X222.605 Y211.503 E440.35675
G1 F3061.2 X217.172 Y211.509 E440.48483
M204 S2500
G0 F15000 X217.172 Y211.483
G0 X206.052 Y211.625
G0 X205.609 Y211.862
M204 S1250
G1 F2755.1 X206.509 Y211.861 E440.5084
G1 F2922.1 X207.5 Y211.885 E440.53288
G1 F3119 X212.418 Y211.883 E440.64667
G1 X212.44 Y211.768 E440.64938
G1 X212.761 Y211.511 E440.65889
G1 X207.5 Y211.513 E440.78061
G1 F2922.1 X206.933 Y211.183 E440.79681
G1 F2755.1 X206.87 Y210.933 E440.80357
G1 X206.855 Y210.538 E440.81392
G1 X206.548 Y210.538 E440.82196
G1 X205.918 Y211.398 E440.84988
G1 X205.609 Y211.862 E440.86448
M204 S2500
G0 F15000 X205.21 Y211.704
M204 S1250
;TYPE:WALL-OUTER
G1 F2755.1 X205.21 Y212.282 E440.87962
G1 X212.79 Y212.278 E441.07816
G1 X212.805 Y211.919 E441.08757
G1 F2381 X212.952 Y211.728 E441.09488
G1 F2103.9 X217 Y211.726 E441.23372
G1 F2390.8 X217.195 Y211.919 E441.242
G1 F2755.1 X217.211 Y212.278 E441.25142
G1 X222.977 Y212.286 E441.40244
G1 X223.254 Y212.237 E441.40981
G1 X223.506 Y212.125 E441.41703
G1 X224.012 Y211.693 E441.43446
G1 X224.426 Y211.061 E441.45425
G1 X224.696 Y210.32 E441.4749
G1 X224.79 Y209.832 E441.48792
G1 X224.79 Y208.908 E441.51212
G1 X224.746 Y208.783 E441.51559
G1 X224.542 Y208.598 E441.52281
G1 X222.953 Y208.598 E441.56443
G1 X222.751 Y208.782 E441.57158
G1 X222.71 Y208.906 E441.575
G1 X222.71 Y210.95 E441.62854
G1 X222.653 Y211.045 E441.63144
G1 X222.536 Y211.107 E441.63491
G1 X217.733 Y211.113 E441.76071
G1 F2390.8 X217 Y211.176 E441.78292
G1 F2103.9 X212.905 Y211.181 E441.92338
G1 F2381 X212.269 Y211.116 E441.94275
G1 F2755.1 X207.5 Y211.118 E442.06766
G1 X207.311 Y211 E442.0735
G1 X207.271 Y210.436 E442.08831
G1 X207.181 Y210.228 E442.09425
G1 X207.031 Y210.118 E442.09912
G1 X206.335 Y210.118 E442.11735
G1 X205.568 Y211.166 E442.15136
G1 X205.21 Y211.704 E442.16829
M204 S2500
G0 F15000 X205.21 Y211.904
G0 X206.052 Y211.625
G0 X206.58 Y211.39
;TYPE:SKIN
G1 F2051.7 X206.545 Y211.451 E442.17076
G1 X206.475 Y211.451 E442.17322
G1 X206.44 Y211.39 E442.1757
G1 X206.475 Y211.329 E442.17817
G1 X206.545 Y211.329 E442.18063
G1 X206.58 Y211.39 E442.18311
G1 F2700 E441.68311
G0 F15000 X222.948 Y211.348
G0 X223.669 Y210.694
G1 F2700 E442.18311
G1 F2044.4 X223.634 Y210.755 E442.18559
G1 X223.564 Y210.755 E442.18806
G1 X223.529 Y210.694 E442.19054
G1 X223.564 Y210.633 E442.19303
G1 X223.634 Y210.633 E442.1955
G1 X223.669 Y210.694 E442.19798
G0 F15000 X223.74 Y210.588
G1 F2700 E441.69798
G0 F15000 X222.948 Y211.348
G0 X217.434 Y212.057
G0 X217.433 Y213.157
G0 X217.435 Y216.851
G0 X217.234 Y218.491
M204 S1250
;TYPE:WALL-INNER
G1 F2700 E442.19798
G1 F3144.4 X222.5 Y218.492 E442.31883
G1 F2936.9 X222.823 Y218.555 E442.32692
G1 F2755.1 X223.04 Y218.772 E442.33496
G1 X223.13 Y219.096 E442.34376
G1 X223.13 Y220.99 E442.39337
G1 X224.37 Y220.993 E442.42585
G1 X224.37 Y220.212 E442.44631
G1 X224.29 Y219.796 E442.4574
G1 X224.049 Y219.132 E442.4759
G1 X223.685 Y218.578 E442.49327
G1 X223.298 Y218.245 E442.50664
G1 X223.143 Y218.177 E442.51107
G1 F2936.9 X222.5 Y218.124 E442.52692
G1 F3144.4 X217.581 Y218.121 E442.63981
G1 F3135.9 X217.558 Y218.235 E442.64249
G1 X217.234 Y218.491 E442.65199
M204 S2500
G0 F15000 X217.234 Y218.523
G0 X206.053 Y218.383
G0 X205.612 Y218.147
M204 S1250
G1 F2755.1 X205.924 Y218.615 E442.66672
G1 X206.548 Y219.465 E442.69434
G1 X206.854 Y219.465 E442.70236
G1 X206.87 Y219.071 E442.71269
G1 X206.932 Y218.821 E442.71943
G1 F2907.4 X207.395 Y218.497 E442.73346
G1 F3094 X212.828 Y218.491 E442.86018
G1 F3127.4 X212.442 Y218.235 E442.87086
G1 X212.419 Y218.121 E442.87355
G1 F3094 X207.363 Y218.123 E442.99147
G1 F2907.4 X206.509 Y218.146 E443.01268
G1 F2755.1 X205.612 Y218.147 E443.03617
M204 S2500
G0 F15000 X205.211 Y218.304
M204 S1250
;TYPE:WALL-OUTER
G1 F2755.1 X205.585 Y218.863 E443.05379
G1 X206.335 Y219.885 E443.08699
G1 X207.037 Y219.886 E443.10538
G1 X207.181 Y219.777 E443.11011
G1 X207.271 Y219.568 E443.11607
G1 X207.31 Y219.004 E443.13087
G1 X207.463 Y218.889 E443.13589
G1 X212.272 Y218.886 E443.26185
G1 F2390.8 X213 Y218.822 E443.28391
G1 F2103.9 X217.095 Y218.82 E443.42436
G1 F2381 X217.728 Y218.885 E443.44365
G1 F2755.1 X222.5 Y218.886 E443.56864
G1 X222.608 Y218.915 E443.57157
G1 X222.68 Y218.988 E443.57425
G1 X222.71 Y219.096 E443.57719
G1 X222.71 Y221.098 E443.62963
G1 X222.751 Y221.222 E443.63305
G1 X222.87 Y221.359 E443.6378
G1 X223.019 Y221.41 E443.64192
G1 X224.462 Y221.414 E443.67972
G1 X224.627 Y221.358 E443.68428
G1 X224.746 Y221.22 E443.68906
G1 X224.79 Y221.096 E443.6925
G1 X224.79 Y220.172 E443.7167
G1 X224.696 Y219.684 E443.72972
G1 X224.427 Y218.943 E443.75037
G1 X224.012 Y218.31 E443.77019
G1 X223.51 Y217.879 E443.78752
G1 X223.258 Y217.769 E443.79473
G1 X222.977 Y217.73 E443.80216
G1 X217.211 Y217.727 E443.95318
G1 X217.194 Y218.082 E443.96249
G1 F2381 X217.048 Y218.272 E443.96975
G1 F2103.9 X213 Y218.274 E444.1086
G1 F2390.8 X212.806 Y218.082 E444.11684
G1 F2755.1 X212.79 Y217.726 E444.12617
G1 X205.211 Y217.727 E444.32468
G1 X205.211 Y218.304 E444.3398
M204 S2500
G0 F15000 X205.322 Y218.47
G0 X206.053 Y218.383
G0 X206.582 Y218.608
;TYPE:SKIN
G1 F2037.2 X206.547 Y218.669 E444.34229
G1 X206.476 Y218.669 E444.3448
G1 X206.44 Y218.608 E444.34731
G1 X206.475 Y218.547 E444.3498
G1 X206.546 Y218.547 E444.35232
G1 X206.582 Y218.608 E444.35483
G1 F2700 E443.85483
G0 F15000 X222.948 Y218.651
G0 X223.671 Y219.308
G1 F2700 E444.35483
G1 F2030.1 X223.636 Y219.369 E444.35733
G1 X223.565 Y219.369 E444.35985
G1 X223.529 Y219.308 E444.36237
G1 X223.564 Y219.247 E444.36487
G1 X223.635 Y219.247 E444.36739
G1 X223.671 Y219.308 E444.36991
G0 F15000 X223.74 Y219.416
G1 F2700 E443.86991
;MESH:NONMESH
G0 F600 X223.74 Y219.416 Z12
G0 F15000 X222.948 Y218.651
G0 X220.873 Y217.959
G0 X220.874 Y216.854
G0 X220.879 Y213.634
;TIME_ELAPSED:729.016494
;LAYER:79
;note -- min layer time used
;TYPE:SUPPORT
G1 F2700 E444.36991
G1 F2450.9 X220.912 Y213.518 E444.37297
G1 X220.984 Y213.442 E444.37562
G1 F2468.2 X221.273 Y213.439 E444.3829
G1 F2577.4 X221.633 Y213.679 E444.39333
G1 F2583.7 X221.918 Y213.635 E444.40027
G1 F2497.6 X222.086 Y213.438 E444.40671
G1 X222.369 Y213.438 E444.41375
G1 X222.614 Y213.691 E444.42251
G1 X222.717 Y213.726 E444.42522
G1 X222.874 Y213.672 E444.42935
G1 X223.128 Y213.408 E444.43847
G1 X223.459 Y213.349 E444.44683
G1 X223.92 Y213.094 E444.45994
G1 X223.981 Y212.99 E444.46294
G1 X224.206 Y212.827 E444.46986
G1 X224.512 Y212.951 E444.47807
G1 X224.729 Y213.21 E444.48648
G1 X224.854 Y213.257 E444.4898
G1 X225.084 Y213.518 E444.49846
G1 X225.223 Y213.866 E444.50778
G1 X225.361 Y214.019 E444.51291
G1 X225.835 Y214.175 E444.52533
G1 X226.216 Y214.576 E444.53909
G1 X226.357 Y215.062 E444.55168
G1 X226.216 Y215.575 E444.56492
G1 X225.838 Y215.956 E444.57828
G1 X225.487 Y216.066 E444.58743
G1 X225.124 Y216.47 E444.60094
G1 X225.091 Y216.563 E444.6034
G1 X224.879 Y216.799 E444.61129
G1 X224.532 Y216.926 E444.62049
G1 X224.282 Y217.068 E444.62764
G1 X223.894 Y216.939 E444.63781
G1 X223.727 Y216.808 E444.6431
G1 X223.682 Y216.661 E444.64692
G1 X223.409 Y216.419 E444.656
G1 X223.143 Y216.363 E444.66276
G1 X223.001 Y216.228 E444.66764
G1 X222.924 Y215.87 E444.67675
G1 X222.781 Y215.744 E444.68149
G1 F2114.9 X222.258 Y215.745 E444.69686
G1 F1802.4 X222.147 Y215.984 E444.70595
G1 F1778 X222.028 Y216.104 E444.71185
G1 F1840.4 X221.619 Y216.266 E444.72671
G1 F2132.1 X221.277 Y216.562 E444.73989
G1 F2400.5 X220.999 Y216.562 E444.74709
G1 X220.923 Y216.485 E444.74989
G1 X220.891 Y216.376 E444.75283
G1 X220.924 Y216.262 E444.75591
G1 X221.014 Y216.163 E444.75937
G1 X221.126 Y216.134 E444.76237
G1 F2352 X221.274 Y216.013 E444.76742
G1 F2089.6 X221.403 Y215.827 E444.77415
G1 F1843.6 X221.692 Y215.609 E444.78635
G1 F1802.4 X221.774 Y215.467 E444.79201
G1 F2001.9 X221.721 Y215.298 E444.7975
G1 F2222.5 X221.784 Y215.068 E444.80417
G1 F2362.6 X221.99 Y214.778 E444.81353
G1 F2497.6 X221.982 Y214.627 E444.81729
G1 X221.528 Y214.219 E444.83248
G1 F2609.5 X221.413 Y213.994 E444.8385
G1 X221.209 Y213.859 E444.84432
G1 F2468.2 X221.018 Y213.85 E444.84914
G1 F2450.9 X220.911 Y213.743 E444.85298
G1 X220.879 Y213.634 E444.85586
G1 F2700 E444.35586
;MESH:axis.stl
G0 F15000 X220.882 Y216.59
G0 X220.884 Y217.675
G0 X222.948 Y218.504
G0 X223.57 Y219.022
;TYPE:FILL
G1 F2700 E444.85586
G1 F2497.6 X223.574 Y220.449 E444.89768
G1 X223.925 Y220.449 E444.90797
G1 X223.925 Y220.132 E444.91726
G1 X223.771 Y219.521 E444.93573
G1 X223.572 Y219.72 E444.94398
G1 X223.498 Y219.794
G0 F15000 X222.948 Y218.504
G0 X217.89 Y218.128
G0 X217.4 Y218.318
M204 S1250
;TYPE:WALL-INNER
G1 F2445.2 X222.5 Y218.317 E445.08042
G1 F2300.4 X222.808 Y218.367 E445.0893
G1 F2114.9 X222.945 Y218.442 E445.09413
G1 F2009.6 X223.101 Y218.62 E445.10183
G1 F2203.8 X223.13 Y218.916 E445.11066
G1 F2497.6 X223.13 Y220.894 E445.16247
G1 X224.37 Y220.894 E445.19495
G1 X224.37 Y220.093 E445.21593
G1 X224.289 Y219.647 E445.2278
G1 X224.044 Y218.956 E445.247
G1 X223.882 Y218.664 E445.25575
G1 F2222.5 X223.425 Y218.176 E445.27543
G1 F2040.9 X223.1 Y217.952 E445.28808
G1 F2251.1 X222.5 Y217.887 E445.30562
G1 F2445.2 X217.634 Y217.89 E445.4358
G1 F2450.9 X217.629 Y218.078 E445.44082
G1 X217.4 Y218.318 E445.44968
M204 S2500
G1 F2700 E444.94968
G0 F15000 X217.89 Y218.128
G0 X217.448 Y218.451
G0 X213.042 Y218.451
G0 X205.99 Y218.121
G0 X205.63 Y217.882
M204 S1250
G1 F2700 E445.44968
G1 F2497.6 X205.63 Y218.008 E445.45298
G1 X206.127 Y218.75 E445.47637
G1 X206.566 Y219.348 E445.4958
G1 X206.852 Y219.344 E445.50329
G1 X206.87 Y218.924 E445.5143
G1 X206.948 Y218.642 E445.52197
G1 F2450.9 X207.39 Y218.32 E445.53656
G1 F2433.9 X212.642 Y218.316 E445.67773
G1 F2456.7 X212.371 Y218.077 E445.68735
G1 X212.367 Y217.889 E445.69236
G1 F2474.1 X205.63 Y217.882 E445.8705
M204 S2500
G0 F15000 X205.21 Y218.136
M204 S1250
;TYPE:WALL-OUTER
G1 F2497.6 X205.788 Y218.998 E445.89768
G1 X206.354 Y219.769 E445.92273
G1 X206.993 Y219.766 E445.93947
G1 X207.174 Y219.661 E445.94495
G1 X207.271 Y219.44 E445.95127
G1 X207.293 Y218.862 E445.96642
G1 X207.463 Y218.741 E445.97189
G1 X212.159 Y218.739 E446.09489
G1 F2341.5 X213 Y218.712 E446.11839
G1 F2194.6 X217.082 Y218.711 E446.24008
G1 F2331.1 X217.841 Y218.74 E446.26139
G1 F2497.6 X222.573 Y218.742 E446.38533
G1 X222.71 Y218.874 E446.39032
G1 X222.71 Y220.994 E446.44584
G1 X222.751 Y221.116 E446.44922
G1 X222.949 Y221.314 E446.45655
G1 X224.549 Y221.314 E446.49846
G1 X224.746 Y221.116 E446.50577
G1 X224.79 Y220.991 E446.50924
G1 X224.79 Y220.055 E446.53376
G1 X224.696 Y219.539 E446.5475
G1 X224.428 Y218.783 E446.56851
G1 X224.232 Y218.43 E446.57908
G1 X223.759 Y217.839 E446.59891
G1 X223.499 Y217.635 E446.60757
G1 X223.245 Y217.51 E446.61498
G1 X222.981 Y217.463 E446.622
G1 X217.21 Y217.466 E446.77316
G1 X217.209 Y218.026 E446.78783
G1 F2331.1 X217.041 Y218.237 E446.7954
G1 F2194.6 X213 Y218.237 E446.91586
G1 F2341.5 X212.791 Y218.026 E446.92415
G1 F2497.6 X212.79 Y217.466 E446.93882
G1 X205.21 Y217.462 E447.13736
G1 X205.21 Y218.136 E447.15501
M204 S2500
G0 F15000 X205.321 Y218.302
G0 X205.99 Y218.121
G0 X206.584 Y218.393
;TYPE:SKIN
G1 F1649.4 X206.545 Y218.461 E447.15812
G1 X206.466 Y218.461 E447.16126
G1 X206.426 Y218.393 E447.16438
G1 X206.465 Y218.325 E447.16749
G1 X206.544 Y218.325 E447.17063
G1 X206.584 Y218.393 E447.17376
G0 F15000 X206.51 Y218.229
G1 F2700 E446.67376
G0 F15000 X212.566 Y217.693
G0 X212.566 Y216.593
G0 X213.653 Y213.401
G0 X213.653 Y212.656
G0 X212.566 Y211.497
G0 X222.948 Y211.509
G0 X223.575 Y210.282
;TYPE:FILL
G1 F2700 E447.17376
G1 F2497.6 X223.601 Y210.308 E447.17483
G1 X223.575 Y210.317 E447.17564
G1 X223.575 Y209.555 E447.19798
G1 X223.925 Y209.555 E447.20823
G1 X224.03 Y209.555
G0 F15000 X222.948 Y211.509
G0 X217.89 Y211.877
G0 X217.362 Y211.69
M204 S1250
;TYPE:WALL-INNER
G1 F2468.2 X217.628 Y211.927 E447.21768
G1 X217.632 Y212.116 E447.22269
G1 F2456.7 X222.647 Y212.111 E447.35623
G1 F2260.8 X223.11 Y212.049 E447.36975
G1 F2073.1 X223.254 Y211.973 E447.37489
G1 F2145.2 X223.653 Y211.627 E447.39099
G1 F2362.6 X224.048 Y211.037 E447.41065
G1 F2497.6 X224.289 Y210.357 E447.42955
G1 X224.37 Y209.911 E447.44142
G1 X224.37 Y209.11 E447.4624
G1 X223.13 Y209.11 E447.49488
G1 X223.13 Y211.06 E447.54595
G1 F2217.8 X223.05 Y211.466 E447.55816
G1 F2089.6 X222.817 Y211.638 E447.56723
G1 F2315.7 X222.61 Y211.685 E447.57322
G1 F2456.7 X217.362 Y211.69 E447.71297
M204 S2500
G1 F2700 E447.21297
G0 F15000 X217.89 Y211.877
G0 X217.448 Y211.555
G0 X213.042 Y211.555
G0 X205.99 Y211.886
G0 X205.63 Y212.122
M204 S1250
G1 F2700 E447.71297
G1 F2479.9 X212.367 Y212.115 E447.89069
G1 F2462.4 X212.371 Y211.927 E447.89569
G1 X212.596 Y211.689 E447.90439
G1 X207.5 Y211.69 E448.03977
G1 F2479.9 X206.948 Y211.362 E448.05671
G1 F2497.6 X206.87 Y211.08 E448.06437
G1 X206.854 Y210.656 E448.07549
G1 X206.567 Y210.655 E448.083
G1 X206.114 Y211.272 E448.10305
G1 X205.63 Y211.996 E448.12586
G1 X205.63 Y212.122 E448.12916
M204 S2500
G0 F15000 X205.21 Y211.868
M204 S1250
;TYPE:WALL-OUTER
G1 F2497.6 X205.21 Y212.542 E448.14682
G1 X212.79 Y212.538 E448.34535
G1 X212.791 Y211.975 E448.3601
G1 F2341.5 X212.959 Y211.765 E448.36761
G1 F2213.1 X217 Y211.765 E448.48707
G1 F2352 X217.209 Y211.975 E448.49531
G1 F2497.6 X217.21 Y212.538 E448.51005
G1 X222.983 Y212.534 E448.66126
G1 X223.248 Y212.493 E448.66828
G1 X223.503 Y212.369 E448.67571
G1 X223.764 Y212.161 E448.68445
G1 X224.008 Y211.896 E448.69389
G1 X224.429 Y211.22 E448.71475
G1 X224.696 Y210.465 E448.73572
G1 X224.79 Y209.949 E448.74946
G1 X224.79 Y209.012 E448.774
G1 X224.745 Y208.885 E448.77753
G1 X224.543 Y208.69 E448.78488
G1 X222.95 Y208.69 E448.82661
G1 X222.752 Y208.884 E448.83387
G1 X222.71 Y209.01 E448.83735
G1 X222.71 Y211.06 E448.89104
G1 X222.669 Y211.185 E448.89449
G1 X222.537 Y211.267 E448.89856
G1 X217.839 Y211.269 E449.02161
G1 F2352 X217 Y211.294 E449.04496
G1 F2213.1 X212.918 Y211.295 E449.16562
G1 F2341.5 X212.16 Y211.268 E449.18681
G1 F2497.6 X207.5 Y211.267 E449.30887
G1 X207.293 Y211.144 E449.31517
G1 X207.271 Y210.563 E449.3304
G1 X207.179 Y210.346 E449.33658
G1 X206.962 Y210.234 E449.34297
G1 X206.355 Y210.237 E449.35887
G1 X205.776 Y211.021 E449.3844
G1 X205.21 Y211.868 E449.41108
M204 S2500
G0 F15000 X205.21 Y212.068
G0 X205.99 Y211.886
G0 X206.585 Y211.611
;TYPE:SKIN
G1 F1644.2 X206.546 Y211.679 E449.4142
G1 X206.467 Y211.679 E449.41734
G1 X206.427 Y211.611 E449.42048
G1 X206.466 Y211.543 E449.4236
G1 X206.545 Y211.543 E449.42674
G1 X206.585 Y211.611 E449.42988
G1 F2700 E448.92988
G0 F15000 X222.948 Y211.509
G0 X223.676 Y210.837
G1 F2700 E449.42988
G1 F1814.9 X223.64 Y210.899 E449.43247
G1 X223.568 Y210.899 E449.43506
G1 X223.532 Y210.837 E449.43765
G1 X223.568 Y210.775 E449.44023
G1 X223.64 Y210.775 E449.44283
G1 X223.676 Y210.837 E449.44541
G0 F15000 X223.74 Y210.772
G1 F2700 E448.94541
;MESH:NONMESH
G0 F600 X223.74 Y210.772 Z12.15
G0 F15000 X222.948 Y211.509
G0 X221.58 Y212.327
G0 X221.58 Y213.89
;TIME_ELAPSED:737.410609
;LAYER:80
;note -- min layer time used
;TYPE:SUPPORT
G1 F2700 E449.44541
G1 F2498.4 X221.648 Y213.818 E449.44793
G1 X221.939 Y213.818 E449.45532
G1 X222.041 Y214.007 E449.46078
G1 X222.007 Y214.133 E449.4641
G1 X221.91 Y214.23 E449.46759
G1 X221.8 Y214.258 E449.47047
G1 X221.685 Y214.225 E449.47351
G1 X221.579 Y214.119 E449.47732
G1 X221.547 Y214.007 E449.48028
G1 X221.58 Y213.89 E449.48337
G1 F2700 E448.98337
G0 F15000 X222.062 Y215.037
G1 F2700 E449.48337
G1 F1860.8 X222.206 Y214.996 E449.48848
G1 X222.356 Y215.039 E449.49381
G1 X222.47 Y215.159 E449.49945
G1 X222.509 Y215.297 E449.50435
G1 X222.465 Y215.451 E449.50981
G1 X222.357 Y215.559 E449.51503
G1 X222.033 Y215.65 E449.52651
G1 X221.88 Y215.754 E449.53282
G1 F2143.6 X221.908 Y215.869 E449.53633
G1 F2527.8 X221.834 Y216.12 E449.5429
G1 X221.763 Y216.191 E449.54543
G1 F2539.8 X221.483 Y216.195 E449.55243
G1 F2558 X221.398 Y216.11 E449.55541
G1 X221.366 Y215.998 E449.5583
G1 X221.399 Y215.876 E449.56144
G1 X221.482 Y215.791 E449.56439
G1 F2152.2 X221.88 Y215.754 E449.57618
G1 F1860.8 X221.965 Y215.59 E449.58248
G1 X221.905 Y215.296 E449.59272
G1 X221.946 Y215.157 E449.59767
G1 X222.062 Y215.037 E449.60337
G1 F2700 E449.10337
G0 F15000 X223.4 Y214.999
G1 F2700 E449.60337
G1 F2551.9 X223.489 Y214.686 E449.61146
G1 X223.467 Y214.563 E449.61457
G1 X223.273 Y214.239 E449.62397
G1 X223.076 Y214.065 E449.63051
G1 X223.044 Y213.96 E449.63324
G1 X223.14 Y213.78 E449.63832
G1 X223.434 Y213.704 E449.64587
G1 X223.732 Y213.542 E449.65431
G1 X223.894 Y213.553 E449.65835
G1 X223.981 Y213.502 E449.66086
G1 X224.104 Y213.177 E449.66951
G1 X224.237 Y213.026 E449.67451
G1 X224.485 Y212.958 E449.68091
G1 X224.691 Y213.045 E449.68648
G1 X224.86 Y213.261 E449.6933
G1 X225.036 Y213.785 E449.70706
G1 X225.388 Y214.169 E449.72002
G1 X225.77 Y214.286 E449.72996
G1 X226.108 Y214.64 E449.74214
G1 X226.229 Y215.061 E449.75304
G1 X226.101 Y215.509 E449.76463
G1 X225.769 Y215.84 E449.7763
G1 X225.381 Y215.97 E449.78648
G1 X225.219 Y216.24 E449.79431
G1 X224.98 Y216.503 E449.80316
G1 X224.892 Y216.798 E449.81082
G1 X224.721 Y217.01 E449.81759
G1 X224.533 Y217.089 E449.82267
G1 X224.195 Y216.927 E449.83199
G1 X224.057 Y216.782 E449.83698
G1 X224.023 Y216.588 E449.84188
G1 X223.968 Y216.502 E449.84442
G1 X223.837 Y216.446 E449.84796
G1 X223.74 Y216.46 E449.8504
G1 X223.483 Y216.316 E449.85773
G1 X223.18 Y216.246 E449.86547
G1 X223.1 Y216.165 E449.8683
G1 X223.066 Y216.053 E449.87121
G1 X223.098 Y215.933 E449.8743
G1 X223.241 Y215.78 E449.87951
G1 X223.482 Y215.363 E449.8915
G1 X223.4 Y214.999 E449.90078
G1 F2700 E449.40078
;MESH:axis.stl
G0 F15000 X223.365 Y217.55
G0 X223.575 Y218.88
;TYPE:FILL
G1 F2700 E449.90078
G1 F2551.9 X223.575 Y220.349 E449.94384
G1 X223.922 Y220.349 E449.95401
G1 X223.924 Y220.005 E449.96409
G1 X223.813 Y219.48 E449.97982
G1 X223.575 Y219.717 E449.98967
G1 X223.501 Y219.791
G0 F15000 X222.948 Y218.334
G0 X217.89 Y217.892
G0 X217.55 Y218.125
M204 S1250
;TYPE:WALL-INNER
G1 F2270.8 X220.249 Y218.123 E450.06911
G1 F2223.7 X220.446 Y218.116 E450.07504
G1 F2178.5 X222.5 Y218.113 E450.13806
G1 F2073.1 X222.792 Y218.153 E450.14756
G1 F1970.2 X223.038 Y218.338 E450.158
G1 F1920.8 X223.16 Y218.532 E450.16598
G1 F2169.6 X223.13 Y218.973 E450.1796
G1 F2551.9 X223.13 Y220.794 E450.22729
G1 X224.364 Y220.794 E450.25961
G1 X224.369 Y219.965 E450.28133
G1 X224.288 Y219.493 E450.29387
G1 F2371.2 X224.019 Y218.708 E450.31726
G1 F2069.1 X223.406 Y217.922 E450.34946
G1 F1948.7 X223.063 Y217.67 E450.36406
G1 F2053.3 X222.499 Y217.619 E450.3825
G1 F2178.5 X220.429 Y217.628 E450.44601
G1 F2223.7 X220.216 Y217.651 E450.45245
G1 F2270.8 X217.655 Y217.655 E450.52783
G1 F2280.4 X217.655 Y218 E450.53794
G1 X217.55 Y218.125 E450.54273
M204 S2500
G1 F2700 E450.04273
G0 F15000 X217.89 Y217.892
G0 X216.347 Y217.35
G0 X213.653 Y217.35
G0 X212.56 Y217.872
G0 X205.952 Y217.872
G0 X205.63 Y217.63
M204 S1250
G1 F2700 E450.54273
G1 F2551.9 X205.63 Y217.843 E450.54831
G1 X206.551 Y219.218 E450.59166
G1 X206.847 Y219.217 E450.59941
G1 X206.871 Y218.733 E450.6121
G1 X206.961 Y218.452 E450.61983
G1 F2392.4 X207.387 Y218.131 E450.63473
G1 F2261.2 X212.47 Y218.125 E450.78499
G1 F2280.4 X212.345 Y218 E450.79017
G1 X212.345 Y217.655 E450.80028
G1 F2261.2 X207.346 Y217.658 E450.94805
G1 F2392.4 X206.5 Y217.63 E450.9717
G1 F2551.9 X205.63 Y217.63 E450.99449
M204 S2500
G0 F15000 X205.21 Y217.914
M204 S1250
;TYPE:WALL-OUTER
G1 F2551.9 X205.516 Y218.427 E451.01013
G1 X206.009 Y219.163 E451.03333
G1 X206.355 Y219.638 E451.04873
G1 X206.958 Y219.637 E451.06452
G1 X207.132 Y219.574 E451.06937
G1 X207.271 Y219.291 E451.07762
G1 X207.293 Y218.689 E451.0934
G1 X207.463 Y218.573 E451.09879
G1 X212.22 Y218.57 E451.22339
G1 F2646.4 X213 Y218.585 E451.24309
G1 F2734.2 X217.067 Y218.584 E451.34252
G1 F2633.4 X217.78 Y218.57 E451.36062
G1 F2551.9 X222.568 Y218.57 E451.48603
G1 X222.71 Y218.7 E451.49107
G1 X222.71 Y220.89 E451.54843
G1 X222.752 Y221.016 E451.55191
G1 X222.96 Y221.214 E451.55943
G1 X224.526 Y221.214 E451.60045
G1 X224.684 Y221.104 E451.60549
G1 X224.786 Y220.882 E451.61189
G1 X224.789 Y219.93 E451.63683
G1 X224.696 Y219.389 E451.6512
G1 X224.424 Y218.597 E451.67314
G1 X224.007 Y217.889 E451.69466
G1 X223.753 Y217.58 E451.70514
G1 X223.49 Y217.357 E451.71417
G1 X223.236 Y217.211 E451.72184
G1 X222.979 Y217.159 E451.72871
G1 X220.396 Y217.174 E451.79636
G1 X220.124 Y217.21 E451.80355
G1 X217.21 Y217.21 E451.87988
G1 X217.21 Y218 E451.90057
G1 F2633.4 X217.034 Y218.194 E451.90722
G1 F2734.2 X213 Y218.195 E452.00583
G1 F2646.4 X212.79 Y218 E452.01307
G1 F2551.9 X212.79 Y217.21 E452.03376
G1 X205.21 Y217.21 E452.2323
G1 X205.21 Y217.914 E452.25074
M204 S2500
G0 F15000 X205.312 Y218.085
G0 X206.168 Y217.993
;TYPE:SKIN
G1 F3044.9 X206.933 Y218.023 E452.26755
G1 X206.647 Y218.262 E452.27573
G1 X206.547 Y218.555 E452.28252
G1 X206.168 Y217.993 E452.2974
G0 F15000 X206.488 Y218.03
G1 F2700 E451.7974
G0 F15000 X212.566 Y217.437
G0 X213.653 Y217.35
G0 X217.434 Y213.668
G0 X217.434 Y212.569
G0 X222.948 Y211.671
G0 X223.575 Y210.282
;TYPE:FILL
G1 F2700 E452.2974
G1 F2551.9 X223.709 Y210.416 E452.30296
G1 X223.576 Y210.46 E452.30706
G1 X223.575 Y209.647 E452.33089
G1 X223.925 Y209.647 E452.34115
G1 X224.03 Y209.647
G0 F15000 X222.948 Y211.671
G0 X217.89 Y212.113
G0 X217.53 Y211.876
M204 S1250
;TYPE:WALL-INNER
G1 F2285.3 X217.654 Y212 E452.34628
G1 X217.654 Y212.346 E452.3564
G1 F2280.4 X220.128 Y212.345 E452.42891
G1 F2232.9 X220.438 Y212.375 E452.43824
G1 F2160.9 X222.654 Y212.381 E452.50678
G1 F2033.8 X223.067 Y212.331 E452.52046
G1 F1941.7 X223.401 Y212.086 E452.53472
G1 F2061.2 X224.009 Y211.324 E452.56633
G1 F2366 X224.287 Y210.514 E452.59052
G1 F2551.9 X224.37 Y210.041 E452.6031
G1 X224.37 Y209.202 E452.62507
G1 X223.13 Y209.202 E452.65755
G1 F2350.4 X223.131 Y211.532 E452.72381
G1 F2061.2 X222.846 Y211.825 E452.73707
G1 F2037.6 X222.613 Y211.882 E452.74494
G1 F2160.9 X220.457 Y211.885 E452.81162
G1 F2232.9 X220.128 Y211.875 E452.82148
G1 F2280.4 X217.53 Y211.876 E452.89763
M204 S2500
G1 F2700 E452.39763
G0 F15000 X217.89 Y212.113
G0 X216.347 Y212.656
G0 X213.653 Y212.656
G0 X212.56 Y212.134
G0 X205.953 Y212.134
G0 X205.63 Y212.37
M204 S1250
G1 F2700 E452.89763
G1 F2551.9 X206.5 Y212.369 E452.92041
G1 F2414 X207.5 Y212.346 E452.94811
G1 F2290.2 X212.346 Y212.346 E453.08954
G1 F2285.3 X212.346 Y212 E453.09966
G1 X212.45 Y211.877 E453.10438
G1 F2290.2 X207.5 Y211.878 E453.24884
G1 F2414 X206.961 Y211.551 E453.2663
G1 F2551.9 X206.871 Y211.271 E453.274
G1 X206.848 Y210.786 E453.28672
G1 X206.55 Y210.786 E453.29453
G1 X205.63 Y212.161 E453.33786
G1 X205.63 Y212.37 E453.34333
M204 S2500
G0 F15000 X205.21 Y212.09
M204 S1250
;TYPE:WALL-OUTER
G1 F2551.9 X205.21 Y212.79 E453.36167
G1 X212.79 Y212.79 E453.56021
G1 X212.79 Y212 E453.5809
G1 F2639.9 X212.966 Y211.806 E453.58753
G1 F2741.2 X217 Y211.806 E453.6859
G1 F2653 X217.21 Y212 E453.6931
G1 F2551.9 X217.21 Y212.79 E453.71379
G1 X220.161 Y212.792 E453.79108
G1 X220.401 Y212.83 E453.79745
G1 X222.976 Y212.842 E453.86489
G1 X223.238 Y212.792 E453.87188
G1 X223.498 Y212.643 E453.87973
G1 X223.749 Y212.428 E453.88839
G1 X224.007 Y212.115 E453.89901
G1 X224.424 Y211.407 E453.92053
G1 X224.695 Y210.619 E453.94236
G1 X224.79 Y210.077 E453.95677
G1 X224.79 Y209.116 E453.98194
G1 X224.745 Y208.989 E453.98547
G1 X224.622 Y208.839 E453.99055
G1 X224.463 Y208.782 E453.99498
G1 X223.036 Y208.782 E454.03235
G1 X222.874 Y208.839 E454.03685
G1 X222.752 Y208.987 E454.04187
G1 X222.71 Y209.114 E454.04538
G1 X222.711 Y211.289 E454.10235
G1 X222.536 Y211.428 E454.1082
G1 X217.889 Y211.432 E454.22992
G1 F2653 X217 Y211.416 E454.25232
G1 F2755.3 X213 Y211.416 E454.34935
G1 F2653 X212.223 Y211.433 E454.36893
G1 F2551.9 X207.5 Y211.434 E454.49264
G1 X207.293 Y211.318 E454.49886
G1 X207.271 Y210.713 E454.51471
G1 X207.128 Y210.426 E454.52311
G1 X206.963 Y210.366 E454.52771
G1 X206.355 Y210.366 E454.54364
G1 X205.974 Y210.891 E454.56063
G1 X205.506 Y211.592 E454.5827
G1 X205.21 Y212.09 E454.59788
M204 S2500
G0 F15000 X205.21 Y212.29
G0 X206.168 Y212.02
;TYPE:SKIN
G1 F3062.3 X206.547 Y211.442 E454.61296
G1 X206.647 Y211.737 E454.61976
G1 X207.001 Y211.98 E454.62913
G1 X206.168 Y212.02 E454.64734
G1 F2700 E454.14734
G0 F15000 X212.566 Y211.658
G0 X212.565 Y210.559
G0 X217.433 Y210.559
G0 X217.434 Y211.657
G0 X222.948 Y211.671
G0 X223.681 Y210.971
G1 F2700 E454.64734
G1 F1887 X223.646 Y211.032 E454.64983
G1 X223.575 Y211.032 E454.65234
G1 X223.539 Y210.971 E454.65485
G1 X223.574 Y210.91 E454.65734
G1 X223.645 Y210.91 E454.65986
G1 X223.681 Y210.971 E454.66237
G0 F15000 X223.74 Y210.911
G1 F2700 E454.16237
;MESH:NONMESH
G0 F600 X223.74 Y210.911 Z12.3
G0 F15000 X222.1 Y212.611
G0 X222.088 Y215.095
;TIME_ELAPSED:746.315263
;LAYER:81
;note -- min layer time used
;TYPE:SUPPORT
G1 F2700 E454.66237
G1 F2250.6 X222.207 Y215.061 E454.66565
G1 X222.325 Y215.095 E454.66891
G1 X222.415 Y215.188 E454.67235
G1 X222.446 Y215.295 E454.6753
G1 X222.412 Y215.414 E454.67859
G1 X222.322 Y215.504 E454.68197
G1 X222.207 Y215.538 E454.68515
G1 X222.103 Y215.506 E454.68804
G1 X222 Y215.402 E454.69192
G1 X221.97 Y215.298 E454.69479
G1 X222.001 Y215.187 E454.69785
G1 X222.088 Y215.095 E454.70121
G1 F2700 E454.20121
G0 F15000 X223.441 Y215.574
G1 F2700 E454.70121
G1 F2400.6 X223.616 Y215.334 E454.7086
G1 X223.534 Y215.007 E454.71699
G1 X223.635 Y214.717 E454.72463
G1 X223.623 Y214.595 E454.72768
G1 X223.455 Y214.405 E454.734
G1 X223.423 Y214.291 E454.73694
G1 X223.453 Y214.185 E454.73968
G1 X223.611 Y214.055 E454.74477
G1 X223.777 Y213.992 E454.74919
G1 X223.99 Y213.672 E454.75876
G1 X224.122 Y213.618 E454.76231
G1 F2323.2 X224.205 Y213.519 E454.76563
G1 F2235.6 X224.274 Y213.311 E454.77148
G1 F2216 X224.409 Y213.124 E454.7777
G1 X224.502 Y213.099 E454.7803
G1 X224.619 Y213.131 E454.78357
G1 X224.709 Y213.225 E454.78707
G1 X224.739 Y213.33 E454.79002
G1 F2206.3 X224.692 Y213.499 E454.79477
G1 F2291.5 X224.765 Y213.67 E454.79961
G1 F2400.6 X225.31 Y214.264 E454.81967
G1 X225.707 Y214.399 E454.83011
G1 X225.988 Y214.696 E454.84028
G1 X226.097 Y215.066 E454.84988
G1 X225.992 Y215.446 E454.85969
G1 X225.706 Y215.729 E454.8697
G1 X225.311 Y215.847 E454.87996
G1 X225.169 Y215.977 E454.88475
G1 X224.969 Y216.449 E454.8975
G1 X224.817 Y216.639 E454.90356
G1 X224.756 Y216.838 E454.90874
G1 X224.658 Y216.936 E454.91219
G1 X224.539 Y216.969 E454.91526
G1 X224.436 Y216.939 E454.91793
G1 X224.301 Y216.754 E454.92363
G1 X224.261 Y216.501 E454.93
G1 X224.159 Y216.388 E454.93379
G1 X224 Y216.339 E454.93793
G1 X223.777 Y215.997 E454.94809
G1 X223.59 Y215.925 E454.95307
G1 X223.437 Y215.796 E454.95805
G1 X223.407 Y215.692 E454.96075
G1 X223.441 Y215.574 E454.9638
G1 F2700 E454.4638
;MESH:axis.stl
G0 F15000 X223.335 Y217.201
G0 X223.576 Y218.715
;TYPE:FILL
G1 F2700 E454.9638
G1 F2400.6 X223.575 Y220.247 E455.0087
G1 X223.925 Y220.246 E455.01896
G1 X223.925 Y219.868 E455.03004
G1 X223.852 Y219.44 E455.04277
G1 X223.576 Y219.716 E455.05421
G1 X223.502 Y219.79
G0 F15000 X222.948 Y218.156
G0 X217.61 Y217.61
M204 S1250
;TYPE:WALL-INNER
G1 F2646.4 X217.61 Y217.992 E455.06329
G1 F2598.6 X220.321 Y217.987 E455.12888
G1 F2333.9 X220.975 Y217.948 E455.14653
G1 F1906 X221.485 Y217.889 E455.16347
G1 F1714.7 X222.5 Y217.89 E455.20069
G1 F1658.3 X222.778 Y217.925 E455.21131
G1 F1669.3 X223.064 Y218.17 E455.2255
G1 F1729.4 X223.179 Y218.377 E455.23411
G1 F2004.5 X223.131 Y218.752 E455.24597
G1 F2400.6 X223.134 Y220.694 E455.29683
G1 X224.37 Y220.69 E455.32921
G1 X224.37 Y219.829 E455.35176
G1 X224.286 Y219.336 E455.36486
G1 X224.034 Y218.566 E455.38608
G1 F2004.5 X223.715 Y218.147 E455.4026
G1 F1726.5 X223.578 Y217.888 E455.41327
G1 F1717.6 X223.355 Y217.613 E455.42623
G1 F1652.9 X223.02 Y217.341 E455.44265
G1 F1658.3 X222.5 Y217.302 E455.46242
G1 F1714.7 X221.406 Y217.302 E455.50253
G1 F1931.5 X221.055 Y217.463 E455.5151
G1 F2389.2 X220.238 Y217.605 E455.53693
G1 F2625.7 X217.61 Y217.61 E455.59986
M204 S2500
G1 F2700 E455.09986
G0 F15000 X216.347 Y217.35
G0 X213.653 Y217.35
G0 X212.56 Y217.872
G0 X206.074 Y217.872
G0 X205.653 Y217.63
M204 S1250
G1 F2700 E455.59986
G1 F2400.6 X206.06 Y218.318 E455.6208
G1 X206.565 Y219.075 E455.64463
G1 X206.844 Y219.074 E455.65194
G1 X206.87 Y218.578 E455.66495
G1 X206.934 Y218.323 E455.67184
G1 F2501.9 X207.394 Y217.996 E455.68602
G1 F2625.7 X212.39 Y217.991 E455.80566
G1 F2646.4 X212.39 Y217.61 E455.81471
G1 F2653.3 X207.5 Y217.61 E455.9306
G1 F2520.7 X206.501 Y217.63 E455.95552
G1 F2400.6 X205.653 Y217.63 E455.97773
M204 S2500
G0 F15000 X205.21 Y217.21
M204 S1250
;TYPE:WALL-OUTER
G1 F2400.6 X205.21 Y217.706 E455.99072
G1 X205.698 Y218.532 E456.01585
G1 X206.341 Y219.497 E456.04623
G1 X207.029 Y219.494 E456.06425
G1 X207.177 Y219.375 E456.06922
G1 X207.27 Y219.139 E456.07586
G1 X207.293 Y218.521 E456.09206
G1 X207.463 Y218.393 E456.09764
G1 X212.399 Y218.391 E456.22692
G1 F1973.1 X213 Y218.301 E456.24629
G1 X212.79 Y218 E456.25798
G1 F2400.6 X212.79 Y217.21 E456.27868
G1 X205.21 Y217.21 E456.47721
M204 S2500
G0 F15000 X205.21 Y217.41
G0 X205.49 Y217.493
G0 X212.51 Y218.113
G0 X213 Y218.301
M204 S1250
G1 F1666.5 X217.052 Y218.3 E456.63009
G1 F1961.6 X217.603 Y218.392 E456.648
G1 F2400.6 X222.56 Y218.394 E456.77784
G1 X222.71 Y218.556 E456.78362
G1 X222.71 Y220.771 E456.84163
G1 X222.813 Y221.005 E456.84833
G1 X222.97 Y221.114 E456.85334
G1 X224.487 Y221.11 E456.89307
G1 X224.621 Y221.062 E456.8968
G1 X224.746 Y220.908 E456.90199
G1 X224.79 Y220.783 E456.90546
G1 X224.79 Y219.794 E456.93137
G1 X224.695 Y219.235 E456.94622
G1 X224.422 Y218.4 E456.96923
G1 X223.999 Y217.615 E456.99259
G1 X223.481 Y217.023 E457.01319
G1 X223.228 Y216.85 E457.02122
G1 X222.974 Y216.798 E457.02801
G1 X221.269 Y216.798 E457.07267
G1 X220.817 Y217.053 E457.08626
G1 X220.169 Y217.207 E457.10371
G1 X217.21 Y217.21 E457.18121
G1 X217.21 Y218 E457.2019
G1 F1961.6 X217.052 Y218.3 E457.21277
M204 S2500
G0 F15000 X217.249 Y218.332
G1 F2700 E456.71277
G0 F15000 X217.49 Y218.114
G0 X216.347 Y217.35
G0 X213.653 Y217.35
G0 X212.56 Y218.112
G0 X206.572 Y218.112
;TYPE:SKIN
G1 F2700 E457.21277
G1 F1726.5 X206.536 Y218.175 E457.21541
G1 X206.463 Y218.175 E457.21807
G1 X206.426 Y218.112 E457.22073
G1 X206.462 Y218.049 E457.22337
G1 X206.535 Y218.049 E457.22603
G1 X206.572 Y218.112 E457.22869
G0 F15000 X206.546 Y217.943
G1 F2700 E456.72869
G0 F15000 X212.566 Y217.437
G0 X213.653 Y217.35
G0 X217.434 Y213.668
G0 X217.434 Y212.569
G0 X222.948 Y211.851
G0 X223.574 Y210.281
;TYPE:FILL
G1 F2700 E457.22869
G1 F2400.6 X223.82 Y210.526 E457.23887
G1 X223.575 Y210.612 E457.24648
G1 X223.575 Y209.759 E457.27148
G1 X223.925 Y209.759 E457.28174
G1 X224.03 Y209.759
G0 F15000 X222.948 Y211.851
G0 X217.609 Y212.391
M204 S1250
;TYPE:WALL-INNER
G1 F2653.3 X220.064 Y212.392 E457.33992
G1 F2520.7 X220.566 Y212.438 E457.35249
G1 F2145.2 X221.113 Y212.568 E457.36897
G1 F1813.4 X221.409 Y212.703 E457.38025
G1 F1683.2 X222.856 Y212.71 E457.43431
G1 F1628.9 X223.002 Y212.673 E457.44012
G1 F1647.5 X223.359 Y212.386 E457.4576
G1 F1846.6 X224.006 Y211.519 E457.49444
G1 F2191.9 X224.286 Y210.668 E457.52014
G1 F2400.6 X224.37 Y210.175 E457.53324
G1 X224.37 Y209.314 E457.55579
G1 X223.133 Y209.314 E457.58819
G1 F2191.9 X223.128 Y210.525 E457.62293
G1 F1870.6 X223.124 Y211.736 E457.66364
G1 F1714.7 X222.914 Y211.99 E457.67572
G1 F1669.3 X222.721 Y212.112 E457.68432
G1 F1683.2 X221.49 Y212.114 E457.73031
G1 F1891.7 X221.027 Y212.058 E457.74581
G1 F2323.2 X220.301 Y212.01 E457.7655
G1 F2625.7 X217.609 Y212.011 E457.82997
G1 F2660.3 X217.609 Y212.391 E457.83895
M204 S2500
G1 F2700 E457.33895
G0 F15000 X216.347 Y212.656
G0 X213.653 Y212.656
G0 X212.56 Y212.134
G0 X206.073 Y212.134
G0 X205.653 Y212.369
M204 S1250
G1 F2700 E457.83895
G1 F2400.6 X206.501 Y212.37 E457.86116
G1 F2527 X207.5 Y212.391 E457.88602
G1 F2667.4 X212.391 Y212.391 E458.00132
G1 F2660.3 X212.391 Y212.012 E458.01028
G1 F2667.4 X207.5 Y212.013 E458.12557
G1 F2527 X206.933 Y211.68 E458.14193
G1 F2400.6 X206.87 Y211.426 E458.14879
G1 X206.844 Y210.927 E458.16188
G1 X206.566 Y210.929 E458.16916
G1 X206.058 Y211.689 E458.1931
G1 X205.653 Y212.369 E458.21383
M204 S2500
G0 F15000 X205.21 Y212.79
M204 S1250
;TYPE:WALL-OUTER
G1 F2400.6 X212.79 Y212.79 E458.41237
G1 X212.79 Y212 E458.43306
G1 F1973.1 X212.949 Y211.703 E458.4438
G1 X212.403 Y211.613 E458.46143
G1 F2400.6 X207.5 Y211.614 E458.58985
G1 X207.293 Y211.484 E458.59626
G1 X207.271 Y210.864 E458.61251
G1 X207.177 Y210.629 E458.61913
G1 X207.026 Y210.506 E458.62424
G1 X206.341 Y210.51 E458.64218
G1 X205.702 Y211.465 E458.67227
G1 X205.21 Y212.294 E458.69752
G1 X205.21 Y212.79 E458.71052
M204 S2500
G0 F15000 X205.41 Y212.79
G0 X206.073 Y212.134
G0 X212.51 Y211.894
G0 X212.949 Y211.703
M204 S1250
G1 F1680.4 X217 Y211.701 E458.86209
G1 F1980.9 X217.21 Y212 E458.87369
G1 F2400.6 X217.21 Y212.79 E458.89438
G1 X220.022 Y212.791 E458.96804
G1 X220.445 Y212.839 E458.97919
G1 X220.875 Y212.974 E458.99099
G1 X221.27 Y213.206 E459.00299
G1 X222.97 Y213.221 E459.04752
G1 X223.223 Y213.157 E459.05436
G1 X223.481 Y212.981 E459.06254
G1 X223.741 Y212.721 E459.07217
G1 X223.998 Y212.385 E459.08325
G1 X224.422 Y211.6 E459.10661
G1 X224.695 Y210.769 E459.12952
G1 X224.79 Y210.21 E459.14438
G1 X224.79 Y209.22 E459.17031
G1 X224.745 Y209.093 E459.17384
G1 X224.614 Y208.933 E459.17925
G1 X224.535 Y208.894 E459.18156
G1 X222.962 Y208.894 E459.22276
G1 X222.813 Y208.999 E459.22753
G1 X222.71 Y209.233 E459.23423
G1 X222.71 Y211.482 E459.29314
G1 X222.535 Y211.608 E459.29879
G1 X217.599 Y211.611 E459.42807
G1 F1980.9 X217 Y211.701 E459.4473
M204 S2500
G0 F15000 X217.115 Y211.864
G0 X217.52 Y211.864
G0 X222.948 Y211.851
G0 X223.693 Y211.136
;TYPE:SKIN
G1 F1703.1 X223.656 Y211.2 E459.45003
G1 X223.582 Y211.2 E459.45276
G1 X223.545 Y211.136 E459.45549
G1 X223.582 Y211.072 E459.45822
G1 X223.656 Y211.072 E459.46095
G1 X223.693 Y211.136 E459.46368
G1 F2700 E458.96368
G0 F15000 X222.934 Y211.837
G0 X221.847 Y210.75
G0 X212.559 Y210.739
G0 X212.56 Y211.837
G0 X206.572 Y211.886
G1 F2700 E459.46368
G1 F1732.4 X206.536 Y211.948 E459.46628
G1 X206.464 Y211.948 E459.46889
G1 X206.428 Y211.886 E459.4715
G1 X206.464 Y211.824 E459.4741
G1 X206.536 Y211.824 E459.47671
G1 X206.572 Y211.886 E459.47931
G0 F15000 X206.549 Y212.059
G1 F2700 E458.97931
;MESH:NONMESH
G0 F600 X206.549 Y212.059 Z12.45
G0 F15000 X212.566 Y212.569
G0 X213.653 Y212.656
G0 X216.347 Y213.656
G0 X223.887 Y214.479
;TIME_ELAPSED:755.412090
;LAYER:82
;note -- min layer time used
;TYPE:SUPPORT
G1 F2700 E459.47931
G1 F2296.1 X224.031 Y214.229 E459.48649
G1 X224.114 Y214.2 E459.48868
G1 X224.216 Y214.069 E459.49281
G1 X224.202 Y213.911 E459.49676
G1 X224.351 Y213.653 E459.50417
G1 X224.448 Y213.626 E459.50668
G1 X224.571 Y213.66 E459.50985
G1 X224.742 Y213.903 E459.51725
G1 X225.132 Y214.223 E459.5298
G1 X225.552 Y214.376 E459.54092
G1 X225.879 Y214.76 E459.55347
G1 X225.969 Y215.063 E459.56134
G1 X225.88 Y215.382 E459.56958
G1 X225.646 Y215.616 E459.57781
G1 X225.235 Y215.733 E459.58845
G1 X224.846 Y216.089 E459.60157
G1 F2237.5 X224.789 Y216.28 E459.60666
G1 F2181.8 X224.822 Y216.394 E459.60976
G1 X224.791 Y216.504 E459.61276
G1 X224.697 Y216.598 E459.61624
G1 X224.582 Y216.63 E459.61936
G1 X224.47 Y216.597 E459.62242
G1 X224.344 Y216.37 E459.62922
G1 F2237.5 X224.364 Y216.154 E459.63476
G1 F2296.1 X224.197 Y215.925 E459.64181
G1 X224.065 Y215.867 E459.6454
G1 X223.926 Y215.625 E459.65234
G1 X223.956 Y215.422 E459.65745
G1 X223.721 Y215.144 E459.66651
G1 X223.72 Y214.863 E459.6735
G1 X223.887 Y214.685 E459.67957
G1 X223.887 Y214.479 E459.6847
G1 F2700 E459.1847
;MESH:axis.stl
G0 F15000 X223.29 Y216.739
G0 X223.726 Y218.879
;TYPE:FILL
G1 F2700 E459.6847
G1 F2296.1 X223.654 Y218.96 E459.68787
G1 X223.578 Y218.94 E459.69018
G1 X223.576 Y220.141 E459.72538
G1 X223.925 Y220.141 E459.73561
G1 X223.925 Y219.718 E459.74801
G1 X223.875 Y219.417 E459.75695
G1 X223.577 Y219.715 E459.7693
G1 X223.503 Y219.789
G0 F15000 X222.948 Y217.963
G0 X220.25 Y217.699
M204 S1250
;TYPE:WALL-INNER
G1 F1677.1 X217.705 Y217.705 E459.86056
M204 S2500
G0 F15000 X220.25 Y217.699
M204 S1250
G1 F1928.7 X220.951 Y217.779 E459.88256
G1 F2296.1 X222.596 Y217.783 E459.92565
G1 F1876.2 X223.058 Y217.946 E459.94135
G1 F1591.3 X223.193 Y218.201 E459.95226
G1 F1879.8 X223.132 Y218.507 E459.96224
G1 F2285.2 X223.13 Y220.586 E460.01695
G1 F2296.1 X224.37 Y220.586 E460.04943
G1 X224.37 Y219.68 E460.07316
G1 X224.286 Y219.173 E460.08662
G1 F2285.2 X224.01 Y218.301 E460.11069
G1 F1879.8 X223.751 Y217.981 E460.12386
G1 F1612.6 X223.676 Y217.823 E460.13039
G1 F1750.2 X223.166 Y216.888 E460.16698
G1 F2078.3 X222.958 Y216.701 E460.17508
G1 F2296.1 X221.989 Y216.704 E460.20046
G1 X221.514 Y217.15 E460.21752
G1 X221.066 Y217.404 E460.23101
G1 F1928.7 X220.25 Y217.699 E460.25807
M204 S2500
G1 F2700 E459.75807
G0 F15000 X217.44 Y217.705
G0 X216.347 Y217.35
G0 X213.653 Y217.35
G0 X212.295 Y217.705
M204 S1250
G1 F2700 E460.25807
G1 F1671.3 X207.378 Y217.711 E460.435
M204 S2500
G0 F15000 X206.625 Y217.892
G0 X205.773 Y217.63
M204 S1250
G1 F2296.1 X206.247 Y218.431 E460.45938
G1 X206.585 Y218.933 E460.47523
G1 X206.85 Y218.933 E460.48217
G1 X206.884 Y218.22 E460.50087
G1 F1921 X207.378 Y217.711 E460.52307
G1 X206.511 Y217.63 E460.55033
G1 F2296.1 X205.773 Y217.63 E460.56966
M204 S2500
G0 F15000 X205.21 Y217.21
M204 S1250
;TYPE:WALL-OUTER
G1 F2296.1 X205.21 Y217.429 E460.5754
G1 X205.512 Y218.015 E460.59266
G1 X205.886 Y218.647 E460.6119
G1 X206.361 Y219.353 E460.63419
G1 X206.979 Y219.354 E460.65037
G1 X207.169 Y219.236 E460.65623
G1 X207.27 Y218.977 E460.66351
G1 X207.294 Y218.347 E460.68003
G1 X207.464 Y218.205 E460.68583
G1 F2323.7 X213 Y218.205 E460.8291
G1 X212.79 Y218 E460.8367
G1 F2296.1 X212.79 Y217.21 E460.85739
G1 X205.21 Y217.21 E461.05593
M204 S2500
G0 F15000 X205.21 Y217.41
G0 X205.526 Y217.475
G0 X212.51 Y217.922
G0 X213 Y218.205
M204 S1250
G1 F2340.6 X217.035 Y218.204 E461.1596
G1 F2312.6 X222.544 Y218.202 E461.30286
G1 F2296.1 X222.662 Y218.274 E461.30648
G1 X222.71 Y218.362 E461.30911
G1 X222.71 Y220.66 E461.3693
G1 X222.754 Y220.801 E461.37317
G1 X222.884 Y220.968 E461.37871
G1 X222.961 Y221.006 E461.38096
G1 X224.521 Y221.006 E461.42182
G1 X224.682 Y220.893 E461.42697
G1 X224.79 Y220.644 E461.43408
G1 X224.79 Y219.646 E461.46022
G1 X224.695 Y219.077 E461.47533
G1 X224.42 Y218.178 E461.49996
G1 X223.995 Y217.326 E461.52489
G1 X223.455 Y216.582 E461.54897
G1 X223.204 Y216.358 E461.55778
G1 X222.968 Y216.279 E461.5643
G1 X221.786 Y216.283 E461.59526
G1 X221.561 Y216.565 E461.60471
G1 X221.211 Y216.85 E461.61653
G1 X220.817 Y217.053 E461.62814
G1 X220.165 Y217.207 E461.64569
G1 X217.21 Y217.21 E461.72309
G1 X217.21 Y218 E461.74378
G1 F2312.6 X217.035 Y218.204 E461.75077
M204 S2500
G0 F15000 X217.235 Y218.204
G0 X217.49 Y217.922
G0 X221.764 Y217.416
;TYPE:SKIN
G1 F2739.6 X222.148 Y217.068 E461.76215
G1 F2701.3 X222.806 Y217.069 E461.7768
G1 F2663.9 X222.881 Y217.143 E461.77917
G1 X223.027 Y217.515 E461.7882
G1 X222.684 Y217.424 E461.79621
G1 F2701.3 X221.764 Y217.416 E461.81669
G0 F15000 X223.348 Y217.563
G0 X223.618 Y218.424
G1 F2352.1 X223.542 Y218.468 E461.81894
G1 X223.541 Y218.38 E461.82119
G1 X223.618 Y218.424 E461.82345
G1 F2700 E461.32345
G0 F15000 X222.948 Y217.963
G0 X217.434 Y217.978
G0 X216.347 Y217.35
G0 X213.653 Y217.35
G0 X212.56 Y217.978
G0 X207.065 Y217.965
G0 X206.569 Y218.048
G1 F2700 E461.82345
G1 F2069.4 X206.54 Y218.098 E461.82513
G1 X206.482 Y218.098 E461.82682
G1 X206.453 Y218.048 E461.8285
G1 X206.482 Y217.998 E461.83018
G1 X206.54 Y217.998 E461.83186
G1 X206.569 Y218.048 E461.83354
G0 F15000 X206.606 Y217.842
G1 F2700 E461.33354
G0 F15000 X206.606 Y217.923
G0 X212.566 Y217.437
G0 X213.653 Y217.35
G0 X217.434 Y213.668
G0 X217.434 Y212.569
G0 X222.948 Y212.047
G0 X223.575 Y210.282
;TYPE:FILL
G1 F2700 E461.83354
G1 F2296.1 X223.874 Y210.581 E461.84594
G1 X223.86 Y210.658 E461.84823
G1 X223.575 Y210.77 E461.85721
G1 X223.575 Y209.867 E461.88367
G1 X223.925 Y209.867 E461.89393
G1 X224.03 Y209.867
G0 F15000 X223.348 Y212.447
G0 X221.227 Y212.444
G0 X220.459 Y212.32
M204 S1250
;TYPE:WALL-INNER
G1 F1640 X220.073 Y212.3 E461.90811
G1 F1700.8 X217.703 Y212.297 E461.99191
M204 S2500
G0 F15000 X221.227 Y212.444
G0 X220.459 Y212.32
M204 S1250
G1 F1876.2 X221.094 Y212.616 E462.01437
G1 F2296.1 X221.598 Y212.92 E462.02978
G1 X221.975 Y213.305 E462.0439
G1 X222.881 Y213.32 E462.06763
G1 F2060.6 X223.161 Y213.12 E462.07767
G1 F1802.5 X223.585 Y212.297 E462.10856
G1 F1980.2 X224.006 Y211.735 E462.12989
G1 F2296.1 X224.278 Y210.86 E462.15389
G1 X224.37 Y210.326 E462.16808
G1 X224.37 Y209.422 E462.19176
G1 X223.13 Y209.422 E462.22424
G1 F2181.8 X223.13 Y210.678 E462.25886
G1 F1992.5 X223.13 Y211.934 E462.29677
G1 F1722 X223.009 Y212.117 E462.30443
G1 F1868.9 X222.583 Y212.226 E462.31858
G1 F2296.1 X220.999 Y212.226 E462.36007
G1 F1876.2 X220.459 Y212.32 E462.37764
M204 S2500
G1 F2700 E461.87764
G0 F15000 X221.227 Y212.444
G0 X217.44 Y212.297
G0 X216.347 Y212.656
G0 X213.653 Y212.656
G0 X212.297 Y212.297
M204 S1250
G1 F2700 E462.37764
G1 F1703.8 X207.5 Y212.296 E462.54696
M204 S2500
G0 F15000 X206.625 Y212.114
G0 X205.772 Y212.37
M204 S1250
G1 F2296.1 X206.511 Y212.37 E462.56632
G1 F1956.1 X207.5 Y212.296 E462.59681
G1 X206.884 Y211.787 E462.62137
G1 F2296.1 X206.851 Y211.07 E462.64017
G1 X206.584 Y211.07 E462.64717
G1 X206.236 Y211.589 E462.66353
G1 X205.772 Y212.37 E462.68733
M204 S2500
G0 F15000 X205.21 Y212.79
M204 S1250
;TYPE:WALL-OUTER
G1 F2296.1 X212.79 Y212.79 E462.88587
G1 X212.79 Y212 E462.90656
G1 F2307 X212.959 Y211.804 E462.91331
G1 X207.5 Y211.803 E463.05561
G1 F2296.1 X207.294 Y211.658 E463.06221
G1 X207.271 Y211.027 E463.07875
G1 X207.125 Y210.721 E463.08763
G1 X206.954 Y210.65 E463.09248
G1 X206.36 Y210.65 E463.10803
G1 X205.886 Y211.357 E463.13033
G1 X205.493 Y212.018 E463.15047
G1 X205.21 Y212.575 E463.16683
G1 X205.21 Y212.79 E463.17247
M204 S2500
G0 F15000 X205.41 Y212.79
G0 X205.527 Y212.531
G0 X212.51 Y212.086
G0 X212.965 Y211.797
M204 S1250
G1 F2357.8 X217 Y211.797 E463.27538
M204 S2500
G0 F15000 X217.008 Y211.805
M204 S1250
G1 F2318.1 X217.21 Y212 E463.28267
G1 F2296.1 X217.21 Y212.79 E463.30336
G1 X220.022 Y212.791 E463.37701
G1 X220.445 Y212.838 E463.38816
G1 X220.829 Y212.954 E463.39867
G1 X221.41 Y213.297 E463.41634
G1 X221.781 Y213.723 E463.43113
G1 X222.957 Y213.741 E463.46194
G1 X223.2 Y213.646 E463.46877
G1 X223.455 Y213.421 E463.47768
G1 X223.991 Y212.679 E463.50166
G1 X224.42 Y211.817 E463.52688
G1 X224.687 Y210.958 E463.55044
G1 X224.79 Y210.362 E463.56628
G1 X224.79 Y209.346 E463.59289
G1 X224.744 Y209.205 E463.59678
G1 X224.541 Y209.002 E463.60429
G1 X222.966 Y209.002 E463.64555
G1 X222.814 Y209.107 E463.65039
G1 X222.71 Y209.355 E463.65743
G1 X222.71 Y211.596 E463.71613
G1 X222.648 Y211.747 E463.7204
G1 X222.541 Y211.803 E463.72357
G1 F2318.1 X217.008 Y211.805 E463.86711
M204 S2500
G0 F15000 X217.151 Y211.943
G0 X217.49 Y212.087
G0 X221.755 Y212.588
;TYPE:SKIN
G1 F2724.1 X222.564 Y212.59 E463.88497
G1 F2671.3 X222.981 Y212.536 E463.89443
G1 F2634.8 X222.867 Y212.87 E463.90249
G1 X222.781 Y212.944 E463.90508
G1 F2678.7 X222.133 Y212.94 E463.91963
G1 F2731.9 X221.755 Y212.588 E463.931
G0 F15000 X223.348 Y212.447
G0 X223.696 Y211.306
G1 F1586.1 X223.658 Y211.372 E463.93389
G1 X223.582 Y211.372 E463.93677
G1 X223.544 Y211.306 E463.93966
G1 X223.582 Y211.24 E463.94254
G1 X223.658 Y211.24 E463.94542
G1 X223.696 Y211.306 E463.94831
G1 F2700 E463.44831
G0 F15000 X222.94 Y211.957
G0 X221.847 Y210.946
G0 X221.837 Y209.176
G0 X222.111 Y208.536
G0 X222.695 Y208.131
G0 X224.751 Y208.131
G0 X225.529 Y208.79
G0 X225.664 Y210.438
G0 X225.542 Y211.166
G0 X225.237 Y212.15
G0 X224.747 Y213.134
G0 X224.113 Y214.01
G0 X223.664 Y214.407
G0 X223.12 Y214.621
G0 X221.384 Y214.589
G0 X216.347 Y213.656
G0 X213.653 Y212.656
G0 X212.566 Y212.03
G0 X207.065 Y212.042
G0 X206.57 Y211.949
G1 F2700 E463.94831
G1 F2087.3 X206.542 Y211.998 E463.94994
G1 X206.485 Y211.998 E463.95158
G1 X206.456 Y211.949 E463.95322
G1 X206.484 Y211.9 E463.95485
G1 X206.541 Y211.9 E463.95649
G1 X206.57 Y211.949 E463.95813
G0 F15000 X206.609 Y212.159
G1 F2700 E463.45813
;MESH:NONMESH
G0 F600 X206.609 Y212.159 Z12.6
G0 F15000 X206.609 Y212.083
G0 X212.566 Y212.569
G0 X213.653 Y212.656
G0 X216.347 Y213.656
G0 X220.88 Y214.496
G0 X224.302 Y214.957
;TIME_ELAPSED:765.169933
;LAYER:83
;note -- min layer time used
;TYPE:SUPPORT
G1 F2700 E463.95813
G1 F2163.7 X224.201 Y214.858 E463.96165
G1 X224.245 Y214.577 E463.96873
G1 X224.343 Y214.452 E463.97268
G1 X224.332 Y214.253 E463.97764
G1 X224.392 Y214.048 E463.98295
G1 X224.446 Y213.99 E463.98492
G1 X224.569 Y213.955 E463.98811
G1 X224.689 Y213.989 E463.99121
G1 X224.908 Y214.208 E463.99892
G1 X225.106 Y214.199 E464.00385
G1 X225.382 Y214.3 E464.01116
G1 X225.621 Y214.569 E464.02011
G1 X225.761 Y214.805 E464.02694
G1 X225.837 Y215.062 E464.03361
G1 X225.768 Y215.315 E464.04014
G1 X225.571 Y215.514 E464.0471
G1 X225.178 Y215.658 E464.05752
G1 F2189.7 X225.025 Y215.64 E464.06131
G1 F2184.5 X224.85 Y215.785 E464.06691
G1 F2103.6 X224.786 Y215.96 E464.07168
G1 F2046.7 X224.698 Y216.05 E464.07499
G1 X224.579 Y216.084 E464.07824
G1 X224.415 Y215.993 E464.08318
G1 F2084.3 X224.349 Y215.761 E464.08941
G1 F2168.8 X224.732 Y215.293 E464.10442
G1 F2184.5 X224.74 Y215.18 E464.10721
G1 F2163.7 X224.625 Y215.041 E464.1117
G1 X224.302 Y214.957 E464.12
G1 F2700 E463.62
;MESH:axis.stl
G0 F15000 X223.394 Y213.637
G0 X223.575 Y210.833
G0 X223.881 Y210.722
;TYPE:FILL
G1 F2700 E464.12
G1 F2163.7 X223.816 Y210.672 E464.12241
G1 X223.575 Y210.833 E464.1309
G1 X223.575 Y209.978 E464.15596
G1 X223.925 Y209.977 E464.16622
G1 X223.575 Y210.282 E464.17983
G1 X223.9 Y210.607 E464.1933
G1 X223.881 Y210.722 E464.19672
G0 F15000 X222.856 Y215.003
G0 X223.575 Y219.051
G1 F2163.7 X223.575 Y220.021 E464.22515
G1 X223.922 Y220.02 E464.23532
G1 X223.899 Y219.393 E464.25371
G1 X223.575 Y219.717 E464.26714
G1 X223.501 Y219.791
G0 F15000 X222.948 Y217.746
G0 X220.231 Y217.592
M204 S1250
;TYPE:WALL-INNER
G1 F2324.2 X220.925 Y217.562 E464.28408
G1 F2163.7 X222.63 Y217.562 E464.32874
G1 F1747.6 X223.16 Y217.881 E464.3488
G1 F1605.6 X223.169 Y218.085 E464.356
G1 F1950.1 X223.13 Y218.2 E464.35953
G1 F2163.7 X223.13 Y220.466 E464.41888
G1 X224.366 Y220.465 E464.45126
G1 X224.369 Y219.524 E464.47591
G1 X224.25 Y218.76 E464.49616
G1 X224.008 Y218.054 E464.51571
G1 F1747.6 X223.72 Y217.619 E464.53262
G1 X223.61 Y217.151 E464.54821
G1 F2163.7 X223.366 Y216.677 E464.56218
G1 X223.211 Y216.431 E464.56979
G1 X222.79 Y215.603 E464.59412
G1 F2010.5 X222.66 Y215.055 E464.61
G1 X222.448 Y215.954 E464.63603
G1 F2163.7 X222.162 Y216.497 E464.65211
G1 X221.813 Y216.903 E464.66613
G1 X221.416 Y217.215 E464.67936
G1 X220.914 Y217.462 E464.69401
G1 F2324.2 X220.231 Y217.592 E464.71096
G1 F2545.5 X217.596 Y217.596 E464.76963
M204 S2500
G1 F2700 E464.26963
G0 F15000 X220.185 Y217.462
G0 X220.935 Y217.283
G0 X221.587 Y217.359
G0 X222.008 Y217.013
G0 X222.355 Y216.592
G0 X222.623 Y216.097
G0 X222.414 Y215.481
G0 X222.415 Y214.526
G0 X222.616 Y213.892
G0 X222.205 Y213.211
G0 X221.792 Y212.798
G0 X220.957 Y212.734
G0 X217.596 Y212.404
M204 S1250
G1 F2700 E464.76963
G1 F2574.3 X220.062 Y212.406 E464.82392
G1 F2429.8 X220.448 Y212.426 E464.83293
G1 F2232.8 X221.014 Y212.568 E464.84774
G1 F2163.7 X221.598 Y212.92 E464.8656
G1 X222.035 Y213.328 E464.88126
G1 X222.384 Y213.906 E464.89895
G1 X222.584 Y214.517 E464.91579
G1 F2001.6 X222.66 Y214.927 E464.92759
G1 X222.791 Y214.4 E464.94297
G1 F2163.7 X223.209 Y213.571 E464.96728
G1 X223.413 Y213.253 E464.97718
G1 X223.935 Y212.161 E465.00888
G1 X224.25 Y211.24 E465.03438
G1 X224.37 Y210.482 E465.05448
G1 X224.37 Y209.531 E465.07939
G1 X223.13 Y209.533 E465.11187
G1 X223.13 Y211.892 E465.17365
G1 X223.015 Y212.174 E465.18163
G1 X222.706 Y212.404 E465.19172
G1 X222.564 Y212.436 E465.19553
G1 X220.967 Y212.439 E465.23736
G1 F2232.8 X220.448 Y212.426 E465.25054
M204 S2500
G0 F15000 X221.544 Y212.645
G0 X222.697 Y214.088
G0 X222.66 Y214.927
M204 S1250
G1 F1869.8 X222.66 Y215.055 E465.25442
M204 S2500
G1 F2700 E464.75442
G0 F15000 X222.697 Y215.918
G0 X221.375 Y217.044
G0 X220.935 Y217.283
G0 X220.327 Y217.428
G0 X217.434 Y217.437
G0 X216.347 Y217.35
G0 X213.653 Y217.35
G0 X212.404 Y217.596
M204 S1250
G1 F2700 E465.25442
G1 F2545.5 X207.397 Y217.6 E465.36589
M204 S2500
G0 F15000 X206.618 Y217.892
G0 X206.028 Y217.706
M204 S1250
G1 F1591.5 X206.616 Y218.698 E465.40695
G1 X206.781 Y218.698 E465.41283
G1 X206.798 Y218.057 E465.43566
G1 F1950.1 X207.397 Y217.6 E465.45756
G1 X206.529 Y217.706 E465.48297
G1 F1591.5 X206.028 Y217.706 E465.50081
M204 S2500
G1 F2700 E465.00081
G0 F15000 X206.315 Y217.872
G0 X206.314 Y216.338
G0 X206.314 Y213.668
G0 X206.314 Y212.563
G0 X206.028 Y212.294
M204 S1250
G1 F2700 E465.50081
G1 F1588.7 X206.528 Y212.294 E465.51865
G1 F1975.5 X207.5 Y212.406 E465.54672
G1 X206.797 Y211.945 E465.57083
G1 F1588.7 X206.781 Y211.308 E465.59356
G1 X206.611 Y211.309 E465.59963
G1 X206.028 Y212.294 E465.64046
M204 S2500
G0 F15000 X206.314 Y212.134
G0 X207.5 Y212.406
M204 S1250
G1 F2611.3 X212.406 Y212.406 E465.74693
M204 S2500
G1 F2700 E465.24693
G0 F15000 X213.653 Y212.656
G0 X216.347 Y212.656
G0 X217.21 Y212.79
M204 S1250
;TYPE:WALL-OUTER
G1 F2700 E465.74693
G1 F2163.7 X220.022 Y212.791 E465.82058
G1 X220.445 Y212.839 E465.83173
G1 X220.829 Y212.954 E465.84223
G1 X221.421 Y213.311 E465.86034
G1 X221.72 Y213.619 E465.87158
G1 X222.024 Y214.123 E465.887
G1 X222.17 Y214.593 E465.89989
G1 X222.21 Y215.015 E465.91099
G1 X222.168 Y215.421 E465.92168
G1 X222.046 Y215.833 E465.93293
G1 X221.83 Y216.239 E465.94498
G1 X221.546 Y216.579 E465.95658
G1 X221.216 Y216.845 E465.96769
G1 X220.817 Y217.053 E465.97947
G1 X220.177 Y217.205 E465.9967
G1 X217.21 Y217.21 E466.07441
G1 X217.21 Y217.982 E466.09463
G1 X222.556 Y217.989 E466.23466
G1 X222.634 Y218.029 E466.23695
G1 X222.708 Y218.159 E466.24087
G1 X222.71 Y220.535 E466.30311
G1 X222.754 Y220.673 E466.3069
G1 X222.958 Y220.886 E466.31462
G1 X224.527 Y220.885 E466.35572
G1 X224.681 Y220.772 E466.36072
G1 X224.786 Y220.528 E466.36768
G1 X224.789 Y219.492 E466.39482
G1 X224.659 Y218.659 E466.4169
G1 X224.325 Y217.683 E466.44392
G1 X223.976 Y216.944 E466.46532
G1 X223.73 Y216.466 E466.4794
G1 X223.595 Y216.259 E466.48588
G1 X223.196 Y215.476 E466.50889
G1 X223.11 Y215.018 E466.5211
G1 X223.183 Y214.561 E466.53322
G1 X223.584 Y213.761 E466.55666
G1 X223.78 Y213.46 E466.56607
G1 X224.325 Y212.32 E466.59917
G1 X224.659 Y211.341 E466.62626
G1 X224.79 Y210.515 E466.64816
G1 X224.79 Y209.483 E466.67519
G1 X224.68 Y209.227 E466.68249
G1 X224.526 Y209.111 E466.68754
G1 X223.003 Y209.114 E466.72743
G1 X222.88 Y209.165 E466.73092
G1 X222.754 Y209.327 E466.7363
G1 X222.71 Y209.468 E466.74017
G1 X222.707 Y211.847 E466.80248
G1 X222.672 Y211.93 E466.80484
G1 X222.554 Y212.018 E466.80869
G1 X217.21 Y212.018 E466.94866
G1 X217.21 Y212.79 E466.96888
M204 S2500
G0 F15000 X217.41 Y212.79
G1 F2700 E466.46888
G0 F15000 X217.49 Y212.513
G0 X216.347 Y212.656
G0 X213.653 Y212.656
G0 X205.229 Y212.79
M204 S1250
G1 F2700 E466.96888
G1 F2163.7 X212.79 Y212.79 E467.16692
G1 X212.79 Y212.022 E467.18704
G1 X207.5 Y212.022 E467.3256
G1 X207.294 Y211.854 E467.33256
G1 X207.274 Y211.209 E467.34946
G1 X207.168 Y210.926 E467.35738
G1 X207.027 Y210.811 E467.36214
G1 X206.361 Y210.814 E467.37959
G1 X206.073 Y211.244 E467.39314
G1 X205.668 Y211.93 E467.41401
G1 X205.229 Y212.79 E467.4393
M204 S2500
G0 F15000 X205.429 Y212.79
G1 F2700 E466.9393
G0 F15000 X205.657 Y212.531
G0 X205.656 Y213.668
G0 X205.656 Y216.338
G0 X205.226 Y217.21
M204 S1250
G1 F2700 E467.4393
G1 F2163.7 X205.693 Y218.113 E467.46593
G1 X206.334 Y219.193 E467.49882
G1 X207.013 Y219.194 E467.51661
G1 X207.175 Y219.064 E467.52205
G1 X207.274 Y218.795 E467.52955
G1 X207.294 Y218.149 E467.54648
G1 X207.464 Y217.985 E467.55267
G1 X212.79 Y217.982 E467.69217
G1 X212.79 Y217.21 E467.71239
G1 X205.226 Y217.21 E467.91051
M204 S2500
G0 F15000 X205.317 Y217.387
G1 F2700 E467.41051
G0 F15000 X205.656 Y217.475
G0 X212.566 Y217.437
G0 X212.566 Y216.338
G0 X216.347 Y212.656
G0 X217.434 Y212.245
G0 X222.948 Y212.257
G0 X223.64 Y211.433
;TYPE:SKIN
G1 F2700 E467.91051
G1 F1619.9 X223.54 Y211.994 E467.93045
G1 F1967 X223.353 Y212.411 E467.94361
G0 F15000 X223.42 Y212.411
G0 X222.185 Y212.872
G1 F1839.6 X222.642 Y212.866 E467.95769
G1 F1862.2 X222.874 Y212.81 E467.96496
G1 F1901.1 X223.34 Y212.437 E467.98275
G1 F1881.5 X223.032 Y213.034 E468.00298
G1 F1839.6 X222.705 Y213.601 E468.02315
G1 X222.371 Y213.064 E468.04263
G1 X222.185 Y212.872 E468.05087
G0 F15000 X223.707 Y218.504
G1 F1447 X223.668 Y218.572 E468.05394
G1 X223.59 Y218.572 E468.05699
G1 X223.551 Y218.504 E468.06006
G1 X223.59 Y218.436 E468.06313
G1 X223.668 Y218.436 E468.06619
G1 X223.707 Y218.504 E468.06926
G0 F15000 X223.348 Y217.346
G0 X222.177 Y217.131
G1 F1873.7 X222.523 Y216.731 E468.08525
G1 X222.709 Y216.392 E468.09695
G1 X223.198 Y217.261 E468.12711
G1 X223.204 Y217.379 E468.13068
G1 X222.725 Y217.135 E468.14694
G1 X222.177 Y217.131 E468.16352
G0 F15000 X222.33 Y216.954
G1 F2700 E467.66352
;MESH:NONMESH
G0 F600 X222.33 Y216.954 Z12.75
G0 F15000 X223.085 Y215.718
G0 X224.803 Y214.851
;TIME_ELAPSED:773.745481
;LAYER:84
;note -- min layer time used
;TYPE:SUPPORT
G1 F2700 E468.16352
G1 F1173.1 X224.586 Y214.616 E468.17508
G1 F1190.7 X224.667 Y214.324 E468.18586
G1 X224.768 Y214.209 E468.19131
G1 X224.902 Y214.184 E468.19617
G1 X225.094 Y214.264 E468.20357
G1 F1173.1 X225.361 Y214.575 E468.21839
G1 F1111.2 X225.457 Y214.86 E468.22986
G1 F1072.9 X225.54 Y214.953 E468.23479
G1 X225.564 Y215.051 E468.23877
G1 X225.511 Y215.191 E468.24469
G1 X225.135 Y215.499 E468.2639
G1 X224.911 Y215.584 E468.27336
G1 X224.774 Y215.56 E468.27886
G1 X224.682 Y215.476 E468.28378
G1 X224.665 Y215.39 E468.28725
G1 X224.843 Y214.998 E468.30426
G1 F1111.2 X224.803 Y214.851 E468.31007
G1 F2700 E467.81007
;MESH:axis.stl
G0 F15000 X223.412 Y215.472
G0 X221.918 Y217.11
G0 X221.2 Y217.331
M204 S1250
;TYPE:WALL-INNER
G1 F2700 E468.31007
G1 F1703.8 X222.595 Y217.33 E468.34661
G1 X222.783 Y217.396 E468.35183
G1 X223.091 Y217.739 E468.3639
G1 X223.13 Y217.875 E468.36761
G1 X223.13 Y220.346 E468.43233
G1 X224.367 Y220.343 E468.46473
G1 X224.37 Y219.355 E468.49061
G1 X224.284 Y218.779 E468.50586
G1 X224.166 Y218.285 E468.51917
G1 X224.012 Y217.789 E468.53277
G1 X223.588 Y216.653 E468.56453
G1 X223.488 Y216.427 E468.571
G1 X223.237 Y215.561 E468.59462
G1 F1576.2 X223.146 Y214.937 E468.61247
G1 X223.237 Y214.443 E468.62669
G1 F1703.8 X223.488 Y213.578 E468.65028
G1 X223.593 Y213.336 E468.65719
G1 X224.023 Y212.188 E468.6893
G1 X224.25 Y211.446 E468.70963
G1 X224.37 Y210.649 E468.73074
G1 X224.367 Y209.654 E468.7568
G1 X223.133 Y209.657 E468.78912
G1 X223.132 Y212.13 E468.85389
G1 X223.033 Y212.387 E468.86111
G1 X222.784 Y212.611 E468.86988
G1 X222.597 Y212.678 E468.87508
G1 X221.208 Y212.677 E468.91146
G1 X221.525 Y212.86 E468.92105
G1 X221.896 Y213.184 E468.93395
G1 X222.14 Y213.475 E468.9439
G1 X222.401 Y213.934 E468.95773
G1 X222.569 Y214.444 E468.97179
G1 F1637.5 X222.674 Y215.001 E468.98724
G1 X222.564 Y215.571 E469.00306
G1 F1703.8 X222.448 Y215.955 E469.01357
G1 X222.211 Y216.42 E469.02724
G1 X221.861 Y216.865 E469.04207
G1 X221.416 Y217.215 E469.0569
G1 X221.2 Y217.331 E469.06332
M204 S2500
G0 F15000 X221.918 Y217.11
G0 X222.786 Y215.555
G0 X222.842 Y215.003
G0 X222.787 Y214.453
G0 X222.623 Y213.911
G0 X222.356 Y213.416
G0 X222.008 Y212.995
G0 X221.375 Y212.962
G0 X220.477 Y212.589
G0 X217.49 Y212.513
G0 X217.24 Y212.76
M204 S1250
;TYPE:WALL-OUTER
G1 F1490.8 X220.025 Y212.762 E469.14668
G1 F1463.4 X220.41 Y212.792 E469.15846
G1 F1555.6 X221.22 Y213.158 E469.18396
G1 F1703.8 X221.574 Y213.453 E469.19603
G1 X221.818 Y213.745 E469.206
G1 X222.03 Y214.132 E469.21755
G1 X222.174 Y214.6 E469.23038
G1 X222.21 Y214.98 E469.24038
G1 X222.162 Y215.449 E469.25272
G1 X222.046 Y215.833 E469.26323
G1 X221.819 Y216.254 E469.27576
G1 X221.546 Y216.579 E469.28688
G1 X221.216 Y216.845 E469.29798
G1 X220.868 Y217.033 E469.30834
G1 F1583.2 X220.17 Y217.239 E469.32885
G1 F1478.5 X217.241 Y217.241 E469.41726
G1 F1484.6 X217.241 Y217.723 E469.43175
G1 F1478.5 X220.211 Y217.72 E469.52139
G1 F1583.2 X220.898 Y217.751 E469.54078
G1 F1703.8 X222.579 Y217.754 E469.58481
G1 X222.707 Y217.897 E469.58983
G1 X222.71 Y220.401 E469.65542
G1 X222.816 Y220.649 E469.66248
G1 X222.97 Y220.766 E469.66755
G1 X224.534 Y220.766 E469.70851
G1 X224.743 Y220.551 E469.71637
G1 X224.79 Y220.41 E469.72026
G1 X224.79 Y219.324 E469.74871
G1 X224.697 Y218.7 E469.76523
G1 X224.577 Y218.192 E469.7789
G1 X224.413 Y217.664 E469.79338
G1 X223.977 Y216.495 E469.82606
G1 X223.877 Y216.268 E469.83256
G1 X223.634 Y215.408 E469.85597
G1 X223.598 Y214.98 E469.86722
G1 X223.641 Y214.558 E469.87833
G1 X223.879 Y213.731 E469.90087
G1 X223.977 Y213.508 E469.90725
G1 X224.421 Y212.324 E469.94037
G1 X224.581 Y211.801 E469.95469
G1 X224.697 Y211.3 E469.96816
G1 X224.79 Y210.68 E469.98458
G1 X224.79 Y209.594 E470.01303
G1 X224.743 Y209.452 E470.01695
G1 X224.619 Y209.289 E470.02231
G1 X224.463 Y209.234 E470.02664
G1 X223.033 Y209.234 E470.0641
G1 X222.881 Y209.289 E470.06833
G1 X222.754 Y209.455 E470.07381
G1 X222.71 Y209.593 E470.0776
G1 X222.708 Y212.087 E470.14292
G1 X222.678 Y212.161 E470.14502
G1 X222.546 Y212.254 E470.14925
G1 X220.932 Y212.256 E470.19152
G1 F1590.2 X220.05 Y212.284 E470.21628
G1 F1490.8 X217.24 Y212.28 E470.3004
G1 X217.24 Y212.76 E470.31477
M204 S2500
G0 F15000 X217.44 Y212.76
G0 X217.44 Y212.483
G0 X222.948 Y212.5
G0 X223.644 Y211.62
;TYPE:SKIN
G1 F1255.4 X223.567 Y212.152 E470.33388
G1 F1472.4 X223.403 Y212.606 E470.34851
G0 F15000 X223.42 Y212.606
G0 X222.404 Y213.114
G1 F1431.2 X222.732 Y213.099 E470.35874
G1 F1445.7 X223.007 Y212.995 E470.36782
G1 F1475.5 X223.403 Y212.606 E470.38461
G1 F1460.4 X223.067 Y213.438 E470.41203
G1 F1431.2 X222.893 Y214.038 E470.43151
G1 X222.802 Y213.761 E470.4406
G1 X222.502 Y213.227 E470.4597
G1 X222.404 Y213.114 E470.46436
G0 F15000 X222.809 Y214.448
G0 X223.648 Y218.38
G1 F1246.7 X223.555 Y217.802 E470.48532
G1 F1509.7 X223.487 Y217.594 E470.49179
G0 F15000 X222.397 Y216.889
G1 F1425.5 X222.596 Y216.627 E470.50209
G1 X222.903 Y215.992 E470.52417
G1 X223.07 Y216.567 E470.54291
G1 X223.17 Y216.795 E470.55071
G1 F1454.5 X223.47 Y217.551 E470.57566
G1 F1466.4 X223.012 Y217.01 E470.59723
G1 F1439.8 X222.666 Y216.893 E470.60855
G1 F1425.5 X222.397 Y216.889 E470.61698
G0 F15000 X223.348 Y217.114
G0 X223.532 Y219.459
G1 F1656.5 X223.964 Y219.457 E470.62862
G1 X223.964 Y219.94 E470.64163
G1 X223.532 Y219.94 E470.65327
G1 X223.532 Y219.459 E470.66622
G0 F15000 X223.261 Y216.479
G0 X222.997 Y215.55
G0 X222.946 Y215.003
G0 X222.997 Y214.457
G0 X223.307 Y213.483
G0 X223.532 Y210.055
G1 F1660.3 X223.965 Y210.055 E470.67786
G1 X223.965 Y210.545 E470.69103
G1 X223.535 Y210.545 E470.70259
G1 X223.532 Y210.055 E470.71576
G0 F15000 X223.74 Y210.267
G1 F2700 E470.21576
G0 F15000 X222.948 Y212.5
G0 X217.434 Y212.569
G0 X216.335 Y212.569
G0 X212.566 Y216.338
G0 X212.566 Y217.437
G0 X207.063 Y217.517
G0 X206.441 Y217.875
G0 X206.123 Y217.679
M204 S1250
;TYPE:WALL-INNER
G1 F2700 E470.71576
G1 F1373.5 X206.275 Y217.976 E470.7266
G1 X206.619 Y218.551 E470.74837
G1 X206.804 Y218.551 E470.75438
G1 X206.82 Y217.948 E470.77398
G1 X207.051 Y217.68 E470.78548
G1 X206.123 Y217.679 E470.81563
M204 S2500
G0 F15000 X205.358 Y217.21
M204 S1250
;TYPE:WALL-OUTER
G1 F1703.8 X205.86 Y218.198 E470.84466
G1 X206.352 Y219.021 E470.86977
G1 X207.012 Y219.022 E470.88706
G1 X207.173 Y218.881 E470.89266
G1 X207.274 Y218.607 E470.90031
G1 X207.29 Y217.959 E470.91729
G1 F1579.7 X207.458 Y217.724 E470.92545
G1 F1478.5 X212.759 Y217.723 E471.08545
G1 F1484.6 X212.759 Y217.241 E471.09994
G1 F1478.5 X207.417 Y217.243 E471.26118
G1 F1579.7 X206.559 Y217.211 E471.28544
G1 F1703.8 X205.358 Y217.21 E471.3169
M204 S2500
G0 F15000 X205.448 Y217.388
G1 F2700 E470.8169
G0 F15000 X205.786 Y217.475
G0 X206.44 Y217.443
G0 X206.44 Y216.338
G0 X206.44 Y213.668
G0 X206.44 Y212.563
G0 X206.101 Y212.321
M204 S1250
;TYPE:WALL-INNER
G1 F2700 E471.3169
G1 F1381.5 X207.092 Y212.321 E471.34891
G1 X206.821 Y212.056 E471.36115
G1 X206.806 Y211.449 E471.38077
G1 X206.619 Y211.45 E471.38681
G1 X206.101 Y212.321 E471.41955
M204 S2500
G0 F15000 X205.361 Y212.79
M204 S1250
;TYPE:WALL-OUTER
G1 F1703.8 X206.562 Y212.79 E471.451
G1 F1590.2 X207.5 Y212.76 E471.47734
G1 F1490.8 X212.76 Y212.76 E471.63479
G1 X212.76 Y212.28 E471.64916
G1 X207.5 Y212.28 E471.80661
G1 F1590.2 X207.29 Y212.043 E471.8155
G1 F1703.8 X207.274 Y211.396 E471.83245
G1 X207.176 Y211.122 E471.84007
G1 X207.013 Y210.978 E471.84577
G1 X206.352 Y210.982 E471.86308
G1 X205.861 Y211.806 E471.88821
G1 X205.361 Y212.79 E471.91712
M204 S2500
G0 F15000 X205.561 Y212.79
G1 F2700 E471.41712
;MESH:NONMESH
G0 F600 X205.561 Y212.79 Z12.9
G0 F15000 X205.787 Y212.531
G0 X212.566 Y212.569
G0 X213.665 Y212.569
G0 X216.347 Y218.618
G0 X222.682 Y221.641
G0 X224.758 Y221.641
G0 X225.53 Y220.966
G0 X225.664 Y219.265
G0 X225.011 Y215.58
;TIME_ELAPSED:781.824357
;LAYER:85
;note -- min layer time used
;TYPE:SUPPORT
G1 F2700 E471.91712
G1 F1672.2 X224.891 Y215.616 E471.92031
G1 X224.782 Y215.581 E471.92323
G1 X224.7 Y215.501 E471.92614
G1 X224.699 Y215.226 E471.93315
G1 X224.894 Y215.002 E471.94072
G1 X225.104 Y215.252 E471.94903
G1 X225.136 Y215.364 E471.952
G1 X225.1 Y215.491 E471.95536
G1 X225.011 Y215.58 E471.95857
G1 F2700 E471.45857
G0 F15000 X225.113 Y214.569
G1 F2700 E471.95857
G1 F1649.2 X224.906 Y214.808 E471.96674
G1 X224.691 Y214.553 E471.97535
G1 X224.728 Y214.294 E471.98211
G1 X224.904 Y214.203 E471.98723
G1 X225.027 Y214.238 E471.99053
G1 X225.117 Y214.332 E471.99389
G1 X225.149 Y214.444 E471.9969
G1 X225.113 Y214.569 E472.00026
G1 F2700 E471.50026
;MESH:axis.stl
G0 F15000 X223.646 Y215.003
G0 X222.192 Y216.831
G0 X221.619 Y217.062
M204 S1250
;TYPE:WALL-INNER
G1 F2700 E472.00026
G1 F1712 X222.553 Y217.064 E472.02473
G1 X222.792 Y217.133 E472.03124
G1 X223.13 Y217.54 E472.0451
G1 X223.136 Y220.226 E472.11545
G1 X224.37 Y220.226 E472.14777
G1 X224.37 Y219.169 E472.17546
G1 X224.279 Y218.536 E472.19221
G1 X224.168 Y218.037 E472.2056
G1 X224.006 Y217.457 E472.22137
G1 X223.949 Y217.296 E472.22584
G1 X223.662 Y216.344 E472.25189
G1 X223.483 Y215.449 E472.27579
G1 X223.455 Y214.955 E472.28875
G1 X223.483 Y214.555 E472.29926
G1 X223.662 Y213.66 E472.32316
G1 X223.948 Y212.705 E472.34927
G1 X224.016 Y212.521 E472.35441
G1 X224.172 Y211.96 E472.36966
G1 X224.283 Y211.448 E472.38339
G1 X224.37 Y210.835 E472.3996
G1 X224.365 Y209.786 E472.42708
G1 X223.134 Y209.786 E472.45932
G1 X223.129 Y212.353 E472.52656
G1 X223.064 Y212.596 E472.53315
G1 X222.791 Y212.871 E472.5433
G1 X222.582 Y212.942 E472.54908
G1 X221.648 Y212.941 E472.57354
G1 X222.064 Y213.376 E472.58931
G1 X222.342 Y213.813 E472.60287
G1 X222.536 Y214.325 E472.61721
G1 X222.629 Y214.955 E472.63389
G1 X222.575 Y215.525 E472.64889
G1 X222.448 Y215.957 E472.66068
G1 X222.181 Y216.467 E472.67576
G1 X221.902 Y216.814 E472.68742
G1 X221.619 Y217.062 E472.69728
M204 S2500
G1 F2700 E472.19728
G0 F15000 X222.192 Y216.831
G0 X221.185 Y217.183
G0 X220.528 Y216.224
G0 X217.174 Y213.668
G0 X217.174 Y212.826
M204 S1250
;TYPE:WALL-OUTER
G1 F2700 E472.69728
G1 F2066.2 X220.018 Y212.827 E472.759
G1 F1997.3 X220.438 Y212.861 E472.76846
G1 F1815.7 X220.852 Y212.96 E472.77897
G1 F1712 X221.421 Y213.311 E472.79648
G1 X221.715 Y213.61 E472.80747
G1 X221.954 Y213.975 E472.81889
G1 X222.12 Y214.388 E472.83055
G1 X222.21 Y214.985 E472.84637
G1 X222.161 Y215.449 E472.85859
G1 X222.046 Y215.837 E472.86919
G1 X221.831 Y216.233 E472.88099
G1 X221.576 Y216.549 E472.89162
G1 X221.25 Y216.823 E472.90278
G1 X220.817 Y217.053 E472.91562
G1 F1862.8 X220.159 Y217.173 E472.93172
G1 F2054.4 X217.175 Y217.175 E472.99685
G1 X217.175 Y217.525 E473.00449
G1 X220.189 Y217.521 E473.07028
G1 F1862.8 X220.867 Y217.484 E473.08662
G1 F1712 X222.579 Y217.482 E473.13147
G1 X222.708 Y217.638 E473.13677
G1 X222.71 Y220.263 E473.20552
G1 X222.756 Y220.425 E473.20993
G1 X222.88 Y220.589 E473.21532
G1 X223.024 Y220.646 E473.21937
G1 X224.458 Y220.645 E473.25693
G1 X224.617 Y220.587 E473.26137
G1 X224.741 Y220.423 E473.26675
G1 X224.79 Y220.261 E473.27119
G1 X224.79 Y219.139 E473.30057
G1 X224.697 Y218.482 E473.31795
G1 X224.576 Y217.935 E473.33263
G1 X224.411 Y217.344 E473.3487
G1 X224.351 Y217.174 E473.35342
G1 X224.074 Y216.259 E473.37846
G1 X223.902 Y215.419 E473.40092
G1 X223.874 Y214.985 E473.41231
G1 X223.906 Y214.557 E473.42355
G1 X224.074 Y213.745 E473.44527
G1 X224.35 Y212.827 E473.47038
G1 X224.416 Y212.651 E473.4753
G1 X224.58 Y212.061 E473.49134
G1 X224.697 Y211.522 E473.50579
G1 X224.79 Y210.865 E473.52317
G1 X224.79 Y209.74 E473.55263
G1 X224.742 Y209.581 E473.55698
G1 X224.536 Y209.366 E473.56478
G1 X222.956 Y209.366 E473.60617
G1 X222.756 Y209.58 E473.61384
G1 X222.71 Y209.741 E473.61822
G1 X222.71 Y212.391 E473.68763
G1 X222.538 Y212.519 E473.69325
G1 F1716.1 X220.893 Y212.519 E473.73623
G1 F1882.3 X220 Y212.482 E473.75753
G1 F2072.1 X217.174 Y212.478 E473.81868
G1 F2066.2 X217.174 Y212.826 E473.82623
M204 S2500
G0 F15000 X217.374 Y212.826
G1 F2700 E473.32623
G0 F15000 X217.374 Y213.668
G0 X220.528 Y216.224
G0 X220.821 Y217.273
G0 X222.948 Y217.243
G0 X223.653 Y218.152
;TYPE:SKIN
G1 F2700 E473.82623
G1 F1218.7 X223.567 Y217.542 E473.8489
G1 F1438.1 X223.521 Y217.384 E473.85403
G0 F15000 X223.348 Y216.843
G0 X222.596 Y216.624
G1 F1407.1 X222.874 Y216.079 E473.87353
G1 X223.011 Y215.595 E473.88956
G1 F1498 X223.041 Y215.071 E473.90527
G1 X223.053 Y215.596 E473.92099
G1 F1407.1 X223.228 Y216.444 E473.94858
G1 F1421 X223.506 Y217.337 E473.97809
G1 X223.073 Y216.801 E473.99984
G1 F1407.1 X222.956 Y216.721 E474.00435
G1 X222.596 Y216.624 E474.01623
G0 F15000 X223.04 Y215.064
G1 F1608.6 X223.045 Y214.964 E474.01903
G0 F15000 X223.653 Y211.852
G1 F1198.4 X223.58 Y212.391 E474.03938
G1 F1388.1 X223.461 Y212.79 E474.05283
G0 F15000 X222.611 Y213.372
G1 F1409.9 X223.007 Y213.265 E474.06587
G1 F1412.6 X223.454 Y212.814 E474.08603
G1 F1409.9 X223.232 Y213.541 E474.11021
G1 X223.041 Y214.477 E474.14059
G1 F1504.3 X223.045 Y214.964 E474.15511
G1 X222.942 Y214.086 E474.18146
G1 F1409.9 X222.611 Y213.372 E474.20649
G0 F15000 X223.348 Y216.843
G0 X223.532 Y219.292
G1 F1664.4 X223.964 Y219.292 E474.21813
G1 X223.964 Y219.82 E474.23235
G1 X223.532 Y219.82 E474.24399
G1 X223.532 Y219.292 E474.25822
G0 F15000 X223.225 Y215.003
G0 X223.532 Y210.724
G1 F1664.4 X223.532 Y210.188 E474.27266
G1 X223.964 Y210.188 E474.28429
G1 X223.964 Y210.724 E474.29874
G1 X223.532 Y210.724 E474.31037
G0 F15000 X223.74 Y210.724
G1 F2700 E473.81037
G0 F15000 X222.934 Y212.746
G0 X221.847 Y211.658
G0 X216.347 Y211.652
G0 X216.341 Y212.645
G0 X207.066 Y216.338
G0 X207.066 Y217.437
G0 X206.561 Y217.875
G0 X206.213 Y217.659
M204 S1250
;TYPE:WALL-INNER
G1 F2700 E474.31037
G1 F1504.3 X206.624 Y218.401 E474.33566
G1 X206.808 Y218.401 E474.34114
G1 X206.841 Y218.273 E474.34508
G1 X206.841 Y217.659 E474.36339
G1 X206.213 Y217.659 E474.38211
M204 S2500
G0 F15000 X205.518 Y217.21
M204 S1250
;TYPE:WALL-OUTER
G1 F1712 X205.659 Y217.553 E474.39182
G1 X205.973 Y218.183 E474.41026
G1 X206.368 Y218.85 E474.43056
G1 X206.953 Y218.85 E474.44588
G1 X207.102 Y218.78 E474.4502
G1 X207.231 Y218.57 E474.45665
G1 X207.29 Y218.327 E474.4632
G1 X207.29 Y217.688 E474.47994
G1 F1872.5 X207.47 Y217.517 E474.48588
G1 F2066.2 X212.825 Y217.525 E474.6021
G1 F2054.4 X212.825 Y217.175 E474.60974
G1 F2066.2 X207.441 Y217.173 E474.72658
G1 F1872.5 X206.812 Y217.21 E474.74167
G1 F1712 X205.518 Y217.21 E474.77557
M204 S2500
G0 F15000 X205.594 Y217.394
G1 F2700 E474.27557
G0 F15000 X205.919 Y217.478
G0 X206.561 Y217.443
G0 X206.561 Y216.338
G0 X206.561 Y213.668
G0 X206.561 Y212.563
G0 X206.216 Y212.342
M204 S1250
;TYPE:WALL-INNER
G1 F2700 E474.77557
G1 F1510.6 X206.842 Y212.342 E474.79415
G1 X206.842 Y211.728 E474.81237
G1 X206.81 Y211.605 E474.81615
G1 X206.623 Y211.604 E474.8217
G1 X206.368 Y212.038 E474.83664
G1 X206.216 Y212.342 E474.84673
M204 S2500
G0 F15000 X205.519 Y212.79
M204 S1250
;TYPE:WALL-OUTER
G1 F1712 X206.816 Y212.79 E474.8807
G1 F1882.3 X207.501 Y212.829 E474.89705
G1 F2078.1 X212.826 Y212.826 E475.01195
G1 F2066.2 X212.826 Y212.478 E475.0195
G1 F2078.1 X207.501 Y212.487 E475.1344
G1 F1882.3 X207.29 Y212.316 E475.14087
G1 F1712 X207.29 Y211.677 E475.15761
G1 X207.235 Y211.441 E475.16395
G1 X207.101 Y211.222 E475.17068
G1 X206.97 Y211.158 E475.1745
G1 X206.368 Y211.155 E475.19026
G1 X205.977 Y211.817 E475.2104
G1 X205.657 Y212.459 E475.22919
G1 X205.519 Y212.79 E475.23858
M204 S2500
G0 F15000 X205.719 Y212.79
;MESH:NONMESH
G0 F600 X205.719 Y212.79 Z13.05
G0 F15000 X206.299 Y212.365
;TIME_ELAPSED:789.150285
;LAYER:86
;note -- min layer time used
M204 S1250
;TYPE:WALL-INNER
;MESH:axis.stl
G1 F1341.7 X206.866 Y212.366 E475.25372
G1 X206.866 Y211.949 E475.26485
G1 X206.817 Y211.782 E475.26949
G1 X206.607 Y211.782 E475.2751
G1 X206.299 Y212.365 E475.2927
M204 S2500
G0 F15000 X205.661 Y212.789
M204 S1250
;TYPE:WALL-OUTER
G1 F1397.2 X207.481 Y212.79 E475.33935
G1 X207.29 Y212.616 E475.34597
G1 F1367.3 X207.29 Y211.901 E475.3647
G1 X207.234 Y211.66 E475.37118
G1 X207.035 Y211.358 E475.38065
G1 X206.351 Y211.358 E475.39857
G1 X205.887 Y212.237 E475.4246
G1 X205.661 Y212.789 E475.44022
M204 S2500
G0 F15000 X205.861 Y212.789
G0 X206.055 Y212.528
G0 X207.01 Y212.513
G0 X207.5 Y212.808
M204 S1250
G1 F1480 X212.804 Y212.804 E475.56856
M204 S2500
G1 F2700 E475.06856
G0 F15000 X212.804 Y213.668
G0 X207.066 Y216.338
G0 X206.299 Y217.633
M204 S1250
;TYPE:WALL-INNER
G1 F2700 E475.56856
G1 F1344.9 X206.61 Y218.223 E475.58632
G1 X206.806 Y218.223 E475.59154
G1 X206.867 Y218.027 E475.59701
G1 X206.867 Y217.633 E475.6075
G1 X206.299 Y217.633 E475.62262
M204 S2500
G0 F15000 X205.651 Y217.21
M204 S1250
;TYPE:WALL-OUTER
G1 F1367.3 X205.89 Y217.765 E475.63845
G1 X206.355 Y218.646 E475.66454
G1 X207.035 Y218.646 E475.68236
G1 X207.158 Y218.514 E475.68708
G1 X207.29 Y218.092 E475.69866
G1 F1370.5 X207.291 Y217.384 E475.71716
G1 F1397.2 X207.452 Y217.209 E475.72326
G1 F1393.8 X205.651 Y217.21 E475.76953
M204 S2500
G0 F15000 X205.73 Y217.393
G0 X206.053 Y217.478
G0 X207.01 Y217.493
G0 X207.467 Y217.193
M204 S1250
G1 F1464.9 X212.802 Y217.198 E475.89995
M204 S2500
G1 F2700 E475.39995
G0 F15000 X213.665 Y217.198
G0 X220.733 Y213.892
G0 X221.42 Y213.042
G0 X222.421 Y213.484
G0 X221.946 Y213.245
M204 S1250
;TYPE:WALL-INNER
G1 F2700 E475.89995
G1 F1367.3 X222.064 Y213.376 E475.90457
G1 X222.342 Y213.813 E475.91814
G1 X222.531 Y214.299 E475.93179
G1 X222.633 Y214.97 E475.94957
G1 X222.583 Y215.488 E475.9632
G1 X222.439 Y215.98 E475.97663
G1 X222.209 Y216.419 E475.98961
G1 X221.947 Y216.758 E476.00083
G1 X222.499 Y216.758 E476.01529
G1 X222.783 Y216.825 E476.02293
G1 X223.073 Y217.125 E476.03386
G1 X223.13 Y217.347 E476.03986
G1 X223.13 Y220.086 E476.11161
G1 X224.37 Y220.087 E476.14408
G1 X224.37 Y218.994 E476.17271
G1 X224.278 Y218.3 E476.19105
G1 X224.163 Y217.732 E476.20623
G1 X224.004 Y217.081 E476.22378
G1 X223.936 Y216.838 E476.23039
G1 X223.68 Y215.653 E476.26214
G1 X223.674 Y214.373 E476.29567
G1 X223.938 Y213.147 E476.32852
G1 X224.014 Y212.889 E476.33556
G1 X224.248 Y211.923 E476.3616
G1 X224.37 Y211.001 E476.38596
G1 X224.37 Y209.914 E476.41443
G1 X223.13 Y209.914 E476.44691
G1 X223.131 Y212.616 E476.51768
G1 X223.075 Y212.876 E476.52464
G1 X222.78 Y213.181 E476.53576
G1 X222.52 Y213.246 E476.54278
G1 X221.946 Y213.245 E476.55781
M204 S2500
G1 F2700 E476.05781
G0 F15000 X222.421 Y213.484
G0 X221.42 Y213.042
G0 X220.402 Y212.827
M204 S1250
;TYPE:WALL-OUTER
G1 F2700 E476.55781
G1 F1407.5 X220.02 Y212.807 E476.56754
G1 F1472.4 X217.196 Y212.804 E476.63623
M204 S2500
G1 F2700 E476.13623
G0 F15000 X217.196 Y213.668
G0 X217.198 Y216.338
G0 X217.198 Y217.198
M204 S1250
G1 F2700 E476.63623
G1 F1446.5 X220.174 Y217.193 E476.70991
G1 F1404 X220.828 Y217.18 E476.72659
G1 F1367.3 X222.574 Y217.178 E476.77232
G1 X222.71 Y217.32 E476.77747
G1 X222.71 Y220.118 E476.85076
G1 X222.756 Y220.278 E476.85512
G1 X222.959 Y220.506 E476.86312
G1 X224.539 Y220.506 E476.9045
G1 X224.741 Y220.276 E476.91252
G1 X224.79 Y220.116 E476.9169
G1 X224.79 Y218.966 E476.94702
G1 X224.692 Y218.231 E476.96645
G1 X224.571 Y217.634 E476.9824
G1 X224.408 Y216.966 E477.00041
G1 X224.346 Y216.749 E477.00632
G1 X224.096 Y215.591 E477.03735
G1 X224.098 Y214.399 E477.06857
G1 X224.347 Y213.243 E477.09954
G1 X224.417 Y213.012 E477.10587
G1 X224.661 Y212.001 E477.13311
G1 X224.79 Y211.033 E477.15869
G1 X224.79 Y209.888 E477.18868
G1 X224.741 Y209.728 E477.19306
G1 X224.529 Y209.494 E477.20133
G1 X222.965 Y209.494 E477.24229
G1 X222.756 Y209.725 E477.25045
G1 X222.71 Y209.886 E477.25484
G1 X222.711 Y212.683 E477.3281
G1 F1360.8 X222.579 Y212.821 E477.33312
G1 F1348 X220.402 Y212.827 E477.39096
G1 F1354.4 X220.868 Y212.971 E477.40386
G1 F1367.3 X221.257 Y213.188 E477.41552
G1 X221.715 Y213.61 E477.43184
G1 X221.954 Y213.975 E477.44326
G1 X222.119 Y214.379 E477.45469
G1 X222.208 Y214.968 E477.4703
G1 X222.168 Y215.422 E477.48223
G1 X222.043 Y215.842 E477.49371
G1 X221.841 Y216.217 E477.50487
G1 X221.576 Y216.549 E477.51599
G1 X221.216 Y216.846 E477.52822
G1 X220.813 Y217.052 E477.54007
G1 F1404 X220.174 Y217.193 E477.55676
M204 S2500
G0 F15000 X220.374 Y217.19
G1 F2700 E477.05676
G0 F15000 X221.423 Y216.963
G0 X222.04 Y216.379
G0 X223.476 Y212.026
;TYPE:SKIN
G1 F2700 E477.55676
G1 F1453.8 X223.797 Y211.752 E477.56716
G1 F1684 X223.901 Y211.817 E477.56977
G1 X223.825 Y212.132 E477.57666
G1 F1276.1 X223.599 Y212.612 E477.59155
G1 F1139.4 X223.476 Y212.026 E477.61037
G0 F15000 X223.599 Y212.612
G1 F1049.8 X223.494 Y213.043 E477.6255
G0 F15000 X223.487 Y214.141
G0 X223.463 Y217.966
G1 F1179.2 X223.584 Y217.311 E477.64573
G1 F1311.1 X223.809 Y217.803 E477.66051
G1 F1684 X223.886 Y218.189 E477.66888
G1 X223.796 Y218.246 E477.67114
G1 F1472.4 X223.463 Y217.966 E477.68172
G0 F15000 X223.584 Y217.311
G1 F1069.4 X223.485 Y216.928 E477.69497
G0 F15000 X222.737 Y216.351
G1 F1141.7 X222.854 Y216.122 E477.70304
G1 F1323.2 X222.944 Y215.567 E477.71826
G1 F1645.4 X222.986 Y214.976 E477.73115
G1 F1527.3 X222.912 Y214.193 E477.74959
G1 F1237.6 X222.755 Y213.656 E477.76578
G1 F1130.4 X223.006 Y213.565 E477.77424
G1 X223.505 Y213.051 E477.79694
G1 X223.332 Y213.859 E477.82311
G1 F1284.7 X223.295 Y214.319 E477.83598
G1 F1599.6 X223.318 Y214.96 E477.85034
G1 F1604.1 X223.296 Y215.676 E477.86633
G1 F1293.4 X223.337 Y216.152 E477.87956
G1 F1115.1 X223.481 Y216.909 E477.90431
G1 F1100.1 X223.005 Y216.439 E477.92608
G1 F1126 X222.737 Y216.351 E477.93506
G0 F15000 X223.348 Y216.538
G0 X223.532 Y219.092
G1 F1329.3 X223.964 Y219.092 E477.94669
G1 X223.964 Y219.68 E477.96253
G1 X223.532 Y219.68 E477.97417
G1 X223.532 Y219.092 E477.99001
G0 F15000 X223.464 Y215.254
G0 X223.532 Y210.907
G1 F1329.3 X223.532 Y210.316 E478.00594
G1 X223.964 Y210.316 E478.01757
G1 X223.964 Y210.905 E478.03344
G1 X223.532 Y210.907 E478.04508
G0 F15000 X223.74 Y210.907
G1 F2700 E477.54508
;MESH:NONMESH
G0 F600 X223.74 Y210.907 Z13.2
G0 F15000 X222.94 Y212.132
G0 X221.847 Y211.963
G0 X208.153 Y211.966
G0 X206.387 Y212.393
;TIME_ELAPSED:796.248644
;LAYER:87
;note -- min layer time used
M204 S1250
;TYPE:WALL-INNER
;MESH:axis.stl
G1 F2700 E478.04508
G1 F1171.2 X206.893 Y212.393 E478.05691
G1 X206.893 Y212.228 E478.06077
G1 X206.817 Y211.962 E478.06724
G1 X206.61 Y211.961 E478.07208
G1 X206.387 Y212.393 E478.08345
M204 S2500
G0 F15000 X205.797 Y212.79
M204 S1250
;TYPE:WALL-OUTER
G1 F1045.7 X207.29 Y212.79 E478.12256
G1 X207.29 Y212.174 E478.13869
G1 X207.16 Y211.715 E478.15119
G1 X207.023 Y211.571 E478.15639
G1 X206.374 Y211.563 E478.17339
G1 X206.063 Y212.138 E478.19052
G1 X205.797 Y212.79 E478.20896
M204 S2500
G0 F15000 X205.997 Y212.79
G1 F2700 E477.70896
G0 F15000 X205.997 Y213.668
G0 X206.404 Y216.338
G0 X206.404 Y217.609
M204 S1250
;TYPE:WALL-INNER
G1 F2700 E478.20896
G1 F1161.9 X206.613 Y218.042 E478.22029
G1 X206.827 Y218.043 E478.22534
G1 X206.891 Y217.802 E478.23122
G1 X206.891 Y217.609 E478.23577
G1 X206.404 Y217.609 E478.24725
M204 S2500
G0 F15000 X205.79 Y217.21
M204 S1250
;TYPE:WALL-OUTER
G1 F1045.7 X206.189 Y218.098 E478.27275
G1 X206.374 Y218.441 E478.28295
G1 X206.99 Y218.442 E478.29909
G1 X207.101 Y218.371 E478.30254
G1 X207.217 Y218.16 E478.30885
G1 X207.29 Y217.848 E478.31724
G1 X207.29 Y217.21 E478.33395
G1 X205.79 Y217.21 E478.37324
M204 S2500
G0 F15000 X205.871 Y217.392
G1 F2700 E477.87324
G0 F15000 X205.871 Y216.338
G0 X220.941 Y215.941
G0 X221.83 Y216.576
G0 X222.615 Y216.166
G0 X222.204 Y216.41
M204 S1250
;TYPE:WALL-INNER
G1 F2700 E478.37324
G1 F1045.7 X222.523 Y216.41 E478.38159
G1 X222.894 Y216.548 E478.39196
G1 X223.128 Y216.943 E478.40399
G1 X223.131 Y219.945 E478.48262
G1 X224.37 Y219.942 E478.51507
G1 X224.37 Y219.096 E478.53723
G1 X224.342 Y218.554 E478.55144
G1 X224.274 Y218.011 E478.56578
G1 X224.161 Y217.392 E478.58226
G1 X224.043 Y216.866 E478.59638
G1 X223.875 Y215.894 E478.62221
G1 X223.819 Y214.958 E478.64677
G1 X223.883 Y214.04 E478.67088
G1 X224.048 Y213.124 E478.69525
G1 X224.167 Y212.583 E478.70976
G1 X224.276 Y211.977 E478.72589
G1 X224.347 Y211.407 E478.74093
G1 X224.37 Y210.892 E478.75444
G1 X224.37 Y210.054 E478.77639
G1 X223.13 Y210.054 E478.80887
G1 X223.129 Y213.031 E478.88684
G1 X223.094 Y213.197 E478.89128
G1 X222.902 Y213.467 E478.89996
G1 X222.746 Y213.561 E478.90473
G1 X222.495 Y213.61 E478.91143
G1 X222.219 Y213.609 E478.91866
G1 X222.524 Y214.267 E478.93766
G1 X222.629 Y214.958 E478.95596
G1 X222.581 Y215.522 E478.97079
G1 X222.346 Y216.184 E478.98919
G1 X222.204 Y216.41 E478.99618
M204 S2500
G0 F15000 X222.615 Y216.166
G0 X221.902 Y216.54
G0 X221.206 Y216.83
M204 S1250
;TYPE:WALL-OUTER
G1 F1045.7 X222.508 Y216.83 E479.03028
G1 X222.632 Y216.876 E479.03374
G1 X222.707 Y217.003 E479.03761
G1 X222.71 Y219.97 E479.11532
G1 X222.756 Y220.131 E479.11971
G1 X222.893 Y220.321 E479.12584
G1 X222.969 Y220.366 E479.12815
G1 X224.533 Y220.362 E479.16912
G1 X224.607 Y220.32 E479.17135
G1 X224.74 Y220.13 E479.17742
G1 X224.79 Y219.968 E479.18186
G1 X224.789 Y218.773 E479.21316
G1 X224.692 Y217.964 E479.23451
G1 X224.571 Y217.301 E479.25216
G1 X224.457 Y216.793 E479.26579
G1 X224.297 Y215.889 E479.28984
G1 X224.238 Y214.986 E479.31354
G1 X224.297 Y214.114 E479.33643
G1 X224.458 Y213.214 E479.36038
G1 X224.578 Y212.674 E479.37487
G1 X224.692 Y212.04 E479.39174
G1 X224.766 Y211.442 E479.40753
G1 X224.79 Y210.915 E479.42134
G1 X224.79 Y210.036 E479.44437
G1 X224.741 Y209.875 E479.44877
G1 X224.613 Y209.697 E479.45452
G1 X224.459 Y209.634 E479.45887
G1 X222.982 Y209.634 E479.49756
G1 X222.819 Y209.762 E479.50299
G1 X222.71 Y210.044 E479.51091
G1 X222.711 Y213.035 E479.58925
G1 X222.634 Y213.143 E479.59272
G1 X222.498 Y213.19 E479.59649
G1 X221.233 Y213.181 E479.62963
G1 X221.421 Y213.311 E479.63561
G1 X221.715 Y213.611 E479.64661
G1 X221.935 Y213.939 E479.65696
G1 X222.12 Y214.388 E479.66968
G1 X222.21 Y214.986 E479.68552
G1 X222.158 Y215.459 E479.69798
G1 X221.956 Y216.03 E479.71385
G1 X221.561 Y216.568 E479.73133
G1 X221.206 Y216.83 E479.74288
M204 S2500
G0 F15000 X221.406 Y216.83
G0 X221.902 Y216.54
G0 X223.488 Y212.474
;TYPE:SKIN
G1 F1276.8 X223.489 Y212.3 E479.74662
G1 X223.763 Y212.024 E479.75496
G1 X223.888 Y212.092 E479.75801
G1 X223.811 Y212.504 E479.767
G1 F984.8 X223.591 Y213.04 E479.78312
G1 X223.488 Y212.474 E479.79912
G0 F15000 X223.591 Y213.04
G1 F795.7 X223.531 Y213.355 E479.81016
G0 F15000 X223.488 Y217.491
G1 F980.4 X223.592 Y216.991 E479.82443
G1 X223.803 Y217.457 E479.83872
G1 F1273.1 X223.888 Y217.914 E479.84872
G1 X223.765 Y217.982 E479.85174
G1 X223.488 Y217.708 E479.86013
G1 X223.488 Y217.491 E479.8648
G0 F15000 X223.592 Y216.991
G1 F794.2 X223.555 Y216.78 E479.87218
G0 F15000 X223.348 Y216.196
G0 X222.859 Y216.056
G1 F903.7 X222.984 Y215.642 E479.88529
G1 F1002.8 X223.019 Y214.913 E479.90523
G1 F967.4 X222.949 Y214.158 E479.92669
G1 F880.2 X222.878 Y213.974 E479.93283
G1 F856.2 X223.184 Y213.808 E479.94397
G1 F810.3 X223.531 Y213.355 E479.96326
G1 F831.8 X223.447 Y213.989 E479.98431
G1 F967.4 X223.421 Y215.014 E480.01334
G1 F1021.4 X223.438 Y215.588 E480.02874
G1 F918.8 X223.43 Y215.888 E480.03769
G1 F830.3 X223.555 Y216.78 E480.0674
G1 F810.3 X223.187 Y216.209 E480.09037
G1 F851.2 X222.859 Y216.056 E480.10201
G0 F15000 X223.348 Y216.196
G0 X223.532 Y218.892
G1 F1016.7 X223.964 Y218.892 E480.11365
G1 X223.964 Y219.537 E480.13103
G1 X223.532 Y219.539 E480.14267
G1 X223.532 Y218.892 E480.1601
G0 F15000 X223.532 Y211.112
G1 F1016.7 X223.532 Y210.456 E480.17777
G1 X223.964 Y210.456 E480.18941
G1 X223.964 Y211.112 E480.20708
G1 X223.532 Y211.112 E480.21872
G0 F15000 X223.74 Y211.112
;MESH:NONMESH
G0 F600 X223.74 Y211.112 Z13.35
G0 F15000 X223.348 Y213.839
G0 X222.717 Y213.959
G0 X222.449 Y214.07
;TIME_ELAPSED:802.598631
;LAYER:88
;note -- min layer time used
M204 S1250
;TYPE:WALL-INNER
;MESH:axis.stl
G1 F752.5 X222.535 Y214.325 E480.22577
G1 X222.637 Y214.992 E480.24344
G1 X222.565 Y215.563 E480.25852
G1 X222.451 Y215.95 E480.26908
G1 X222.766 Y216.008 E480.27747
G1 X222.895 Y216.089 E480.28146
G1 X223.125 Y216.496 E480.29371
G1 X223.13 Y219.713 E480.37797
G1 X223.163 Y219.802 E480.38045
G1 X224.37 Y219.802 E480.41207
G1 X224.37 Y218.89 E480.43596
G1 X224.343 Y218.335 E480.45051
G1 X224.273 Y217.712 E480.46693
G1 X224.057 Y216.386 E480.50212
G1 X223.962 Y215.474 E480.52614
G1 X223.962 Y214.543 E480.55052
G1 X224.057 Y213.618 E480.57488
G1 X224.277 Y212.249 E480.61119
G1 X224.343 Y211.661 E480.62669
G1 X224.37 Y211.098 E480.64145
G1 X224.37 Y210.293 E480.66254
G1 X224.339 Y210.21 E480.66486
G1 X223.13 Y210.21 E480.69653
G1 X223.132 Y213.576 E480.78469
G1 X222.901 Y213.927 E480.7957
G1 X222.71 Y214.035 E480.80144
G1 X222.449 Y214.07 E480.80834
M204 S2500
G0 F15000 X221.703 Y213.635
M204 S1250
;TYPE:WALL-OUTER
G1 F752.5 X221.927 Y213.928 E480.818
G1 X222.106 Y214.339 E480.82974
G1 X222.213 Y214.998 E480.84723
G1 X222.162 Y215.444 E480.85899
G1 X222.046 Y215.836 E480.86969
G1 X221.845 Y216.217 E480.88098
G1 X221.716 Y216.376 E480.88634
G1 X222.498 Y216.37 E480.90682
G1 X222.632 Y216.416 E480.91053
G1 X222.709 Y216.552 E480.91463
G1 X222.71 Y219.787 E480.99936
G1 X222.828 Y220.108 E481.00832
G1 X223.036 Y220.222 E481.01453
G1 X224.457 Y220.222 E481.05175
G1 X224.611 Y220.163 E481.05607
G1 X224.738 Y219.978 E481.06195
G1 X224.79 Y219.791 E481.06703
G1 X224.789 Y218.841 E481.09191
G1 X224.762 Y218.301 E481.10607
G1 X224.695 Y217.695 E481.12204
G1 X224.475 Y216.342 E481.15795
G1 X224.382 Y215.452 E481.18139
G1 X224.383 Y214.542 E481.20522
G1 X224.476 Y213.65 E481.22871
G1 X224.694 Y212.297 E481.26461
G1 X224.762 Y211.695 E481.28047
G1 X224.79 Y211.122 E481.2955
G1 X224.79 Y210.218 E481.31918
G1 X224.676 Y209.911 E481.32776
G1 X224.517 Y209.79 E481.33299
G1 X222.963 Y209.79 E481.37369
G1 X222.894 Y209.828 E481.37576
G1 X222.758 Y210.025 E481.38203
G1 X222.71 Y210.208 E481.38698
G1 X222.703 Y213.498 E481.47315
G1 X222.634 Y213.603 E481.47644
G1 X222.52 Y213.65 E481.47967
G1 X221.703 Y213.635 E481.50108
M204 S2500
G0 F15000 X221.824 Y213.793
G0 X222.322 Y214.173
G0 X223.668 Y217.385
;TYPE:SKIN
G1 F501.7 X223.587 Y216.424 E481.53897
G0 F15000 X223.67 Y212.617
G1 F500.1 X223.6 Y213.471 E481.57274
G1 F557.4 X223.565 Y213.736 E481.58219
G0 F15000 X222.984 Y214.374
G1 F603.2 X223.187 Y214.269 E481.58966
G1 F570.5 X223.565 Y213.736 E481.61223
G1 F586.4 X223.537 Y214.322 E481.63195
G1 F628.4 X223.523 Y215.484 E481.66841
G1 F634.7 X223.546 Y215.72 E481.67577
G1 F616.1 X223.586 Y216.403 E481.69766
G1 X223.229 Y215.818 E481.71958
G1 F633.4 X222.991 Y215.634 E481.72895
G1 X223.025 Y215.492 E481.73349
G1 F642.4 X223.048 Y214.841 E481.75348
G1 F637.2 X222.984 Y214.374 E481.76806
G0 F15000 X223.532 Y210.611
G1 F733.3 X223.965 Y210.611 E481.7797
G1 X223.965 Y211.329 E481.79899
G1 X223.535 Y211.329 E481.81055
G1 X223.532 Y210.611 E481.82985
G0 F15000 X223.532 Y218.68
G1 F731.6 X223.964 Y218.68 E481.84149
G1 X223.964 Y219.396 E481.86078
G1 X223.532 Y219.396 E481.87242
G1 X223.532 Y218.68 E481.89171
G0 F15000 X223.74 Y218.68
;MESH:NONMESH
G0 F600 X223.74 Y218.68 Z13.5
G0 F15000 X223.348 Y215.724
G0 X222.891 Y215.334
G0 X222.602 Y215.306
;TIME_ELAPSED:808.334673
;LAYER:89
;note -- min layer time used
M204 S1250
;TYPE:WALL-INNER
;MESH:axis.stl
G1 F698.1 X222.783 Y215.348 E481.89657
G1 X222.964 Y215.485 E481.90252
G1 X223.129 Y215.881 E481.91376
G1 X223.13 Y219.638 E482.01216
G1 X224.37 Y219.638 E482.04464
G1 X224.37 Y218.668 E482.07005
G1 X224.342 Y218.05 E482.08625
G1 X224.273 Y217.373 E482.10407
G1 X224.206 Y216.913 E482.11625
G1 X224.097 Y215.977 E482.14093
G1 X224.05 Y214.969 E482.16736
G1 X224.097 Y214.028 E482.19204
G1 X224.208 Y213.066 E482.2174
G1 X224.278 Y212.602 E482.22969
G1 X224.343 Y211.939 E482.24714
G1 X224.37 Y211.32 E482.26337
G1 X224.37 Y210.443 E482.28634
G1 X224.342 Y210.362 E482.28859
G1 X223.13 Y210.362 E482.32033
G1 X223.132 Y214.237 E482.42183
G1 X222.978 Y214.54 E482.43073
G1 X222.761 Y214.702 E482.43782
G1 X222.606 Y214.731 E482.44195
G1 X222.602 Y215.306 E482.45701
M204 S2500
G0 F15000 X222.075 Y215.701
M204 S1250
;TYPE:WALL-OUTER
G1 F698.1 X222.595 Y215.724 E482.47065
G1 X222.71 Y215.901 E482.47618
G1 X222.71 Y219.62 E482.57358
G1 X222.759 Y219.805 E482.5786
G1 X222.964 Y220.058 E482.58713
G1 X224.538 Y220.058 E482.62835
G1 X224.738 Y219.804 E482.63682
G1 X224.79 Y219.619 E482.64185
G1 X224.79 Y218.668 E482.66676
G1 X224.76 Y218.008 E482.68407
G1 X224.689 Y217.313 E482.70237
G1 X224.623 Y216.865 E482.71423
G1 X224.514 Y215.915 E482.73927
G1 X224.47 Y214.989 E482.76355
G1 X224.515 Y214.076 E482.7875
G1 X224.624 Y213.128 E482.81249
G1 X224.695 Y212.654 E482.82504
G1 X224.762 Y211.969 E482.84307
G1 X224.79 Y211.343 E482.85948
G1 X224.79 Y210.385 E482.88458
G1 X224.738 Y210.2 E482.88961
G1 X224.598 Y209.986 E482.89631
G1 X224.527 Y209.942 E482.8985
G1 X222.965 Y209.942 E482.93941
G1 X222.896 Y209.986 E482.94155
G1 X222.759 Y210.198 E482.94816
G1 X222.71 Y210.383 E482.95318
G1 X222.706 Y214.175 E483.0525
G1 X222.587 Y214.32 E483.05741
G1 X222.078 Y214.318 E483.07074
G1 X222.17 Y214.594 E483.07836
G1 X222.21 Y215.022 E483.08962
G1 X222.159 Y215.457 E483.10109
G1 X222.075 Y215.701 E483.10785
M204 S2500
G0 F15000 X222.274 Y215.709
G0 X222.889 Y215.027
G0 X223.669 Y216.995
;TYPE:SKIN
G1 F453.9 X223.608 Y215.872 E483.15316
G1 F492.8 X223.594 Y215.756 E483.1575
G0 F15000 X223.669 Y213.003
G1 F456.7 X223.6 Y214.335 E483.2109
G0 F15000 X223.039 Y215.003
G1 F643 X223.28 Y214.828 E483.21937
G1 F567.1 X223.6 Y214.335 E483.23832
G1 F535 X223.653 Y215.084 E483.26398
G1 F523.6 X223.594 Y215.756 E483.28754
G1 F517.1 X223.269 Y215.195 E483.31046
G1 F594.7 X223.038 Y215.039 E483.31903
G1 F643 X223.039 Y215.003 E483.32006
G0 F15000 X223.036 Y215.073
G0 X223.532 Y218.444
G1 F678.7 X223.964 Y218.444 E483.33169
G1 X223.964 Y219.232 E483.35292
G1 X223.532 Y219.232 E483.36456
G1 X223.532 Y218.444 E483.38579
G0 F15000 X223.532 Y211.553
G1 F678.7 X223.532 Y210.764 E483.40705
G1 X223.964 Y210.764 E483.41869
G1 X223.964 Y211.555 E483.44
G1 X223.532 Y211.553 E483.45163
G0 F15000 X223.74 Y211.553
;MESH:NONMESH
G0 F600 X223.74 Y211.553 Z13.65
G0 F15000 X223.575 Y216.971
;TIME_ELAPSED:814.055219
;LAYER:90
;note -- min layer time used
;MESH:axis.stl
G0 X223.898 Y217.775
;TYPE:FILL
G1 F703.8 X223.575 Y217.775 E483.4611
G1 X223.575 Y216.971 E483.48467
G1 X223.818 Y216.929 E483.4919
G1 X223.612 Y216.965 E483.49802
G1 X223.844 Y217.197 E483.50764
G1 X223.898 Y217.775 E483.52466
G0 F15000 X223.575 Y213.07
G1 F703.8 X223.847 Y212.799 E483.53591
G1 X223.817 Y213.14 E483.54594
G1 X223.575 Y213.097 E483.55315
G1 X223.575 Y212.243 E483.57818
G1 X223.896 Y212.243 E483.58759
G1 X224.001 Y212.243
G0 F15000 X223.42 Y215
G0 X223.13 Y215
M204 S1250
;TYPE:WALL-INNER
G1 F703.8 X223.13 Y219.474 E483.70477
G1 X224.339 Y219.471 E483.73644
G1 X224.37 Y219.371 E483.73918
G1 X224.37 Y218.418 E483.76414
G1 X224.342 Y217.744 E483.78181
G1 X224.273 Y216.966 E483.80227
G1 X224.215 Y216.438 E483.81618
G1 X224.139 Y215.299 E483.84608
G1 X224.156 Y214.297 E483.87233
G1 X224.217 Y213.538 E483.89227
G1 X224.273 Y213.035 E483.90553
G1 X224.343 Y212.247 E483.92625
G1 X224.37 Y211.575 E483.94387
G1 X224.37 Y210.629 E483.96864
G1 X224.337 Y210.526 E483.97148
G1 X223.173 Y210.526 E484.00197
G1 X223.13 Y210.65 E484.0054
G1 X223.13 Y215 E484.11934
M204 S2500
G0 F15000 X222.71 Y215
M204 S1250
;TYPE:WALL-OUTER
G1 F703.8 X222.71 Y219.43 E484.23537
G1 X222.76 Y219.635 E484.2409
G1 X222.97 Y219.894 E484.24963
G1 X224.527 Y219.89 E484.29041
G1 X224.596 Y219.847 E484.29254
G1 X224.733 Y219.633 E484.2992
G1 X224.79 Y219.427 E484.3048
G1 X224.79 Y218.418 E484.33123
G1 X224.762 Y217.73 E484.34926
G1 X224.69 Y216.921 E484.37053
G1 X224.634 Y216.41 E484.384
G1 X224.558 Y215.252 E484.41439
G1 X224.574 Y214.331 E484.43852
G1 X224.635 Y213.584 E484.45815
G1 X224.691 Y213.083 E484.47136
G1 X224.763 Y212.251 E484.49323
G1 X224.79 Y211.575 E484.51095
G1 X224.79 Y210.575 E484.53714
G1 X224.737 Y210.371 E484.54266
G1 X224.607 Y210.173 E484.54887
G1 X224.452 Y210.106 E484.55329
G1 X222.988 Y210.106 E484.59164
G1 X222.825 Y210.246 E484.59726
G1 X222.71 Y210.58 E484.60652
G1 X222.71 Y215 E484.72229
M204 S2500
G0 F15000 X222.71 Y215.2
G0 X223.42 Y215.2
G0 X223.49 Y216.235
;TYPE:SKIN
G1 F579.6 X223.649 Y215.815 E484.73657
G1 X223.837 Y216.224 E484.75089
G1 F842.2 X223.854 Y216.525 E484.75748
G1 F837.4 X223.492 Y216.587 E484.76557
G1 F842.2 X223.49 Y216.235 E484.77328
G0 F15000 X223.665 Y213.682
G1 F439.9 X223.641 Y214.252 E484.79718
G1 F461.9 X223.632 Y215.239 E484.83658
G1 F453.4 X223.649 Y215.815 E484.86001
G0 F15000 X223.532 Y218.204
G1 F684.3 X223.964 Y218.204 E484.87165
G1 X223.964 Y219.065 E484.89484
G1 X223.532 Y219.067 E484.90648
G1 X223.532 Y218.204 E484.92973
G0 F15000 X223.532 Y211.812
G1 F684.3 X223.532 Y210.928 E484.95355
G1 X223.964 Y210.928 E484.96519
G1 X223.964 Y211.812 E484.989
G1 X223.532 Y211.812 E485.00064
G0 F15000 X223.74 Y211.812
;MESH:NONMESH
G0 F600 X223.74 Y211.812 Z13.8
G0 F15000 X223.575 Y212.507
;TIME_ELAPSED:819.733671
;LAYER:91
;note -- min layer time used
;TYPE:FILL
;MESH:axis.stl
G1 F695.1 X223.575 Y216.928 E485.13022
G1 X223.885 Y217.238 E485.14307
G1 X223.793 Y215.997 E485.17955
G1 X223.761 Y214.971 E485.20963
G1 X223.795 Y213.975 E485.23884
G1 X223.881 Y212.764 E485.27443
G1 X223.575 Y213.07 E485.28711
G1 X223.501 Y213.144
G0 F15000 X223.42 Y215
G0 X223.13 Y215
M204 S1250
;TYPE:WALL-INNER
G1 F695.1 X223.13 Y219.149 E485.39578
G1 X223.18 Y219.306 E485.4001
G1 X224.317 Y219.306 E485.42988
G1 X224.37 Y219.146 E485.43429
G1 X224.37 Y218.148 E485.46043
G1 X224.342 Y217.409 E485.4798
G1 X224.238 Y215.978 E485.51739
G1 X224.206 Y214.978 E485.54359
G1 X224.239 Y214.002 E485.56917
G1 X224.342 Y212.567 E485.60685
G1 X224.37 Y211.844 E485.6258
G1 X224.37 Y210.857 E485.65166
G1 X224.322 Y210.71 E485.65571
G1 X223.176 Y210.71 E485.68572
G1 X223.13 Y210.854 E485.68968
G1 X223.13 Y215 E485.79827
M204 S2500
G0 F15000 X222.71 Y215
M204 S1250
;TYPE:WALL-OUTER
G1 F695.1 X222.71 Y219.215 E485.90868
G1 X222.832 Y219.596 E485.91915
G1 X223.042 Y219.726 E485.92562
G1 X224.451 Y219.726 E485.96253
G1 X224.616 Y219.652 E485.96726
G1 X224.79 Y219.214 E485.97961
G1 X224.79 Y218.11 E486.00853
G1 X224.761 Y217.379 E486.02769
G1 X224.658 Y215.964 E486.06485
G1 X224.626 Y214.992 E486.09032
G1 X224.658 Y214.032 E486.11548
G1 X224.762 Y212.6 E486.15308
G1 X224.79 Y211.844 E486.1729
G1 X224.79 Y210.79 E486.20051
G1 X224.664 Y210.406 E486.21109
G1 X224.528 Y210.29 E486.21577
G1 X222.986 Y210.29 E486.25616
G1 X222.826 Y210.426 E486.26166
G1 X222.71 Y210.789 E486.27164
G1 X222.71 Y215 E486.38194
M204 S2500
G0 F15000 X222.71 Y215.2
G0 X223.42 Y215.2
G0 X223.532 Y212.076
;TYPE:SKIN
G1 F675.7 X223.532 Y211.112 E486.40791
G1 X223.964 Y211.112 E486.41955
G1 X223.964 Y212.076 E486.44552
G1 X223.532 Y212.076 E486.45716
G0 F15000 X223.532 Y217.916
G1 F675.7 X223.964 Y217.916 E486.4688
G1 X223.964 Y218.9 E486.49531
G1 X223.532 Y218.9 E486.50695
G1 X223.532 Y217.916 E486.53345
G0 F15000 X223.74 Y217.916
;MESH:NONMESH
G0 F600 X223.74 Y217.916 Z13.95
G0 F15000 X223.9 Y212.825
;TIME_ELAPSED:825.177278
;LAYER:92
;note -- min layer time used
;TYPE:FILL
;MESH:axis.stl
G1 F628.4 X223.821 Y212.825 E486.53577
G1 X223.574 Y213.071 E486.54599
G1 X223.575 Y217.195 E486.66686
G1 X223.842 Y217.195 E486.67469
G1 X223.574 Y216.928 E486.68578
G1 X223.5 Y216.854
G0 F15000 X223.42 Y215
G0 X223.13 Y215
M204 S1250
;TYPE:WALL-INNER
G1 F628.4 X223.13 Y218.973 E486.78984
G1 X223.172 Y219.106 E486.79349
G1 X224.316 Y219.106 E486.82346
G1 X224.37 Y218.943 E486.82796
G1 X224.37 Y217.837 E486.85692
G1 X224.343 Y216.991 E486.87909
G1 X224.274 Y215.708 E486.91275
G1 X224.274 Y214.526 E486.94371
G1 X224.303 Y213.704 E486.96525
G1 X224.342 Y212.989 E486.98401
G1 X224.37 Y212.155 E487.00586
G1 X224.37 Y211.035 E487.0352
G1 X224.319 Y210.89 E487.03922
G1 X223.177 Y210.89 E487.06914
G1 X223.13 Y211.046 E487.0734
G1 X223.13 Y215 E487.17697
M204 S2500
G0 F15000 X222.71 Y215
M204 S1250
;TYPE:WALL-OUTER
G1 F628.4 X222.71 Y219.023 E487.28234
G1 X222.761 Y219.236 E487.28808
G1 X222.97 Y219.526 E487.29744
G1 X224.53 Y219.526 E487.3383
G1 X224.663 Y219.397 E487.34315
G1 X224.79 Y219.01 E487.35382
G1 X224.79 Y217.803 E487.38543
G1 X224.762 Y216.969 E487.40729
G1 X224.694 Y215.708 E487.44037
G1 X224.694 Y214.54 E487.47096
G1 X224.722 Y213.728 E487.49224
G1 X224.762 Y213.003 E487.51126
G1 X224.79 Y212.155 E487.53348
G1 X224.79 Y210.983 E487.56418
G1 X224.735 Y210.769 E487.56997
G1 X224.59 Y210.523 E487.57745
G1 X224.47 Y210.47 E487.58088
G1 X222.977 Y210.47 E487.61999
G1 X222.907 Y210.521 E487.62226
G1 X222.766 Y210.763 E487.62959
G1 X222.71 Y210.997 E487.63589
G1 X222.71 Y215 E487.74074
M204 S2500
G0 F15000 X222.71 Y215.2
G0 X223.42 Y215.2
G0 X223.532 Y212.392
;TYPE:SKIN
G1 F610.9 X223.532 Y211.292 E487.77038
G1 X223.964 Y211.292 E487.78202
G1 X223.964 Y212.392 E487.81165
G1 X223.532 Y212.392 E487.82329
G0 F15000 X223.532 Y217.624
G1 F610.9 X223.964 Y217.624 E487.83493
G1 X223.964 Y218.7 E487.86392
G1 X223.532 Y218.7 E487.87555
G1 X223.532 Y217.624 E487.90454
G0 F15000 X223.74 Y217.624
;MESH:NONMESH
G0 F600 X223.74 Y217.624 Z14.1
G0 F15000 X223.42 Y215
G0 X223.13 Y215
;TIME_ELAPSED:830.585405
;LAYER:93
;note -- min layer time used
M204 S1250
;TYPE:WALL-INNER
;MESH:axis.stl
G1 F600 X223.13 Y218.731 E488.00227
G1 X223.179 Y218.91 E488.00713
G1 X224.318 Y218.906 E488.03696
G1 X224.37 Y218.727 E488.04184
G1 X224.37 Y217.483 E488.07443
G1 X224.31 Y215.5 E488.12639
G1 X224.31 Y214.492 E488.15279
G1 X224.37 Y212.509 E488.20475
G1 X224.37 Y211.277 E488.23702
G1 X224.316 Y211.094 E488.24202
G1 X223.18 Y211.094 E488.27178
G1 X223.13 Y211.273 E488.27664
G1 X223.13 Y215 E488.37426
M204 S2500
G0 F15000 X222.71 Y215
M204 S1250
;TYPE:WALL-OUTER
G1 F600 X222.71 Y218.774 E488.47311
G1 X222.763 Y219.028 E488.47991
G1 X222.897 Y219.261 E488.48695
G1 X223.046 Y219.33 E488.49125
G1 X224.483 Y219.326 E488.52889
G1 X224.595 Y219.266 E488.53222
G1 X224.733 Y219.027 E488.53944
G1 X224.79 Y218.773 E488.54626
G1 X224.79 Y217.483 E488.58005
G1 X224.73 Y215.5 E488.63201
G1 X224.73 Y214.505 E488.65808
G1 X224.79 Y212.509 E488.71038
G1 X224.79 Y211.231 E488.74385
G1 X224.734 Y210.978 E488.75064
G1 X224.599 Y210.746 E488.75767
G1 X224.448 Y210.674 E488.76205
G1 X223.043 Y210.674 E488.79885
G1 X222.897 Y210.743 E488.80308
G1 X222.763 Y210.976 E488.81012
G1 X222.71 Y211.23 E488.81692
G1 X222.71 Y215 E488.91566
M204 S2500
G0 F15000 X222.71 Y215.2
G0 X223.42 Y215.2
G0 X223.532 Y212.728
;TYPE:SKIN
G1 F583.3 X223.532 Y211.496 E488.94885
G1 X223.964 Y211.496 E488.96049
G1 X223.964 Y212.728 E488.99368
G1 X223.532 Y212.728 E489.00532
G0 F15000 X223.532 Y217.267
G1 F583.3 X223.964 Y217.265 E489.01696
G1 X223.964 Y218.501 E489.05026
G1 X223.532 Y218.503 E489.0619
G1 X223.532 Y217.267 E489.0952
G0 F15000 X223.74 Y217.267
;MESH:NONMESH
G0 F600 X223.74 Y217.267 Z14.25
G0 F15000 X223.42 Y216.2
G0 X223.345 Y216.2
;TIME_ELAPSED:835.469973
;LAYER:94
;note -- min layer time used
;TYPE:FILL
;MESH:axis.stl
G1 F600 X224.148 Y216.2 E489.11873
G0 F15000 X224.068 Y216.2
G0 X223.42 Y215
G0 X223.13 Y215
M204 S1250
;TYPE:WALL-INNER
G1 F600 X223.13 Y218.483 E489.20996
G1 X223.191 Y218.694 E489.21571
G1 X224.306 Y218.694 E489.24492
G1 X224.37 Y218.479 E489.25079
G1 X224.37 Y217.096 E489.28702
G1 X224.342 Y214.995 E489.34205
G1 X224.37 Y212.932 E489.39609
G1 X224.37 Y211.525 E489.43294
G1 X224.306 Y211.309 E489.43885
G1 X223.191 Y211.31 E489.46805
G1 X223.13 Y211.521 E489.4738
G1 X223.13 Y215 E489.56493
M204 S2500
G0 F15000 X222.71 Y215
M204 S1250
;TYPE:WALL-OUTER
G1 F600 X222.71 Y218.526 E489.65728
G1 X222.764 Y218.784 E489.66418
G1 X222.913 Y219.068 E489.67258
G1 X222.974 Y219.114 E489.67459
G1 X224.526 Y219.114 E489.71524
G1 X224.587 Y219.068 E489.71724
G1 X224.732 Y218.784 E489.72559
G1 X224.79 Y218.525 E489.73254
G1 X224.79 Y217.096 E489.76997
G1 X224.762 Y215.001 E489.82485
G1 X224.79 Y212.932 E489.87905
G1 X224.79 Y211.479 E489.9171
G1 X224.733 Y211.221 E489.92402
G1 X224.527 Y210.89 E489.93423
G1 X222.971 Y210.89 E489.97499
G1 X222.764 Y211.22 E489.98519
G1 X222.71 Y211.478 E489.9921
G1 X222.71 Y215 E490.08435
M204 S2500
G0 F15000 X222.71 Y215.2
G0 X223.42 Y215.2
G0 X223.537 Y213.138
;TYPE:SKIN
G1 F591.5 X223.537 Y211.709 E490.12231
G1 X223.963 Y211.709 E490.13363
G1 X223.963 Y213.136 E490.17154
G1 X223.537 Y213.138 E490.18286
G0 F15000 X223.536 Y216.864
G1 F592.9 X223.96 Y216.861 E490.19409
G1 F591.5 X223.965 Y218.29 E490.23206
G1 F588.8 X223.538 Y218.29 E490.24345
G1 F591.5 X223.536 Y216.864 E490.28134
G0 F15000 X223.74 Y216.864
;MESH:NONMESH
G0 F600 X223.74 Y216.864 Z14.4
G0 F15000 X223.42 Y215.73
G0 X223.34 Y215.73
;TIME_ELAPSED:840.385862
;LAYER:95
;note -- min layer time used
;TYPE:FILL
;MESH:axis.stl
G1 F600 X224.148 Y215.73 E490.30502
G0 F15000 X224.07 Y215.73
G0 X223.42 Y215
G0 X223.13 Y215
M204 S1250
;TYPE:WALL-INNER
G1 F600 X223.13 Y218.188 E490.38852
G1 X223.197 Y218.458 E490.39581
G1 X224.298 Y218.457 E490.42465
G1 X224.37 Y218.185 E490.43202
G1 X224.37 Y216.526 E490.47547
G1 X224.358 Y215.744 E490.49595
G1 X224.358 Y214.05 E490.54032
G1 X224.37 Y213.491 E490.55497
G1 X224.37 Y211.816 E490.59884
G1 X224.296 Y211.539 E490.60635
G1 X223.203 Y211.538 E490.63498
G1 X223.13 Y211.816 E490.64251
G1 X223.13 Y215 E490.7259
M204 S2500
G0 F15000 X222.71 Y215
M204 S1250
;TYPE:WALL-OUTER
G1 F600 X222.71 Y218.225 E490.81037
G1 X222.766 Y218.539 E490.81873
G1 X222.915 Y218.823 E490.82713
G1 X223.023 Y218.878 E490.8303
G1 X224.474 Y218.878 E490.86831
G1 X224.581 Y218.823 E490.87146
G1 X224.731 Y218.534 E490.87999
G1 X224.79 Y218.224 E490.88825
G1 X224.79 Y216.526 E490.93273
G1 X224.778 Y215.744 E490.95321
G1 X224.778 Y214.059 E490.99735
G1 X224.79 Y213.491 E491.01223
G1 X224.79 Y211.776 E491.05715
G1 X224.731 Y211.466 E491.06541
G1 X224.59 Y211.192 E491.07348
G1 X224.46 Y211.118 E491.0774
G1 X223.053 Y211.118 E491.11425
G1 X222.909 Y211.195 E491.11853
G1 X222.766 Y211.469 E491.12663
G1 X222.71 Y211.779 E491.13488
G1 X222.71 Y215 E491.21924
M204 S2500
G0 F15000 X222.71 Y215.2
G0 X223.42 Y215.2
G0 X223.531 Y216.391
;TYPE:SKIN
G1 F584.7 X223.961 Y216.391 E491.2308
G1 F583.3 X223.964 Y218.049 E491.27547
G1 X223.532 Y218.051 E491.28711
G1 X223.531 Y216.391 E491.33183
G0 F15000 X223.532 Y213.632
G1 F583.3 X223.532 Y211.941 E491.37739
G1 X223.964 Y211.943 E491.38902
G1 X223.964 Y213.632 E491.43453
G1 X223.532 Y213.632 E491.44617
G0 F15000 X223.74 Y213.632
;MESH:NONMESH
G0 F600 X223.74 Y213.632 Z14.55
G0 F15000 X223.42 Y215
G0 X223.13 Y215
;TIME_ELAPSED:845.200057
;LAYER:96
;note -- min layer time used
M204 S1250
;TYPE:WALL-INNER
;MESH:axis.stl
G1 F600 X223.13 Y217.868 E491.52129
G1 X223.216 Y218.218 E491.53073
G1 X224.28 Y218.217 E491.55859
G1 X224.37 Y217.865 E491.56811
G1 X224.37 Y212.138 E491.71811
G1 X224.285 Y211.798 E491.72729
G1 X223.213 Y211.798 E491.75537
G1 X223.13 Y212.136 E491.76449
G1 X223.13 Y215 E491.8395
M204 S2500
G0 F15000 X222.71 Y215
M204 S1250
;TYPE:WALL-OUTER
G1 F600 X222.71 Y217.918 E491.91593
G1 X222.841 Y218.456 E491.93044
G1 X222.91 Y218.572 E491.93397
G1 X223.029 Y218.638 E491.93753
G1 X224.471 Y218.638 E491.9753
G1 X224.585 Y218.577 E491.97869
G1 X224.654 Y218.453 E491.98241
G1 X224.79 Y217.917 E491.99689
G1 X224.79 Y212.086 E492.14962
G1 X224.655 Y211.549 E492.16412
G1 X224.518 Y211.378 E492.16986
G1 X222.975 Y211.378 E492.21028
G1 X222.841 Y211.552 E492.21603
G1 X222.71 Y212.086 E492.23043
G1 X222.71 Y215 E492.30675
M204 S2500
G0 F15000 X222.71 Y215.2
G0 X223.532 Y215.716
;TYPE:SKIN
G1 F583.3 X223.964 Y215.716 E492.31839
G1 X223.964 Y217.809 E492.37478
G1 X223.532 Y217.811 E492.38642
G1 X223.532 Y215.716 E492.44286
G0 F15000 X223.532 Y214.304
G1 F583.3 X223.532 Y212.2 E492.49954
G1 X223.964 Y212.2 E492.51118
G1 X223.964 Y214.304 E492.56786
G1 X223.532 Y214.304 E492.5795
G0 F15000 X223.74 Y214.304
;MESH:NONMESH
G0 F600 X223.74 Y214.304 Z14.7
G0 F15000 X223.13 Y215
;TIME_ELAPSED:849.763962
;LAYER:97
;note -- min layer time used
M204 S1250
;TYPE:WALL-INNER
;MESH:axis.stl
G1 F600 X223.13 Y217.506 E492.64514
G1 X223.225 Y217.93 E492.65652
G1 X224.273 Y217.93 E492.68397
G1 X224.37 Y217.5 E492.69552
G1 X224.37 Y212.501 E492.82645
G1 X224.268 Y212.062 E492.83826
G1 X223.23 Y212.062 E492.86544
G1 X223.13 Y212.502 E492.87726
G1 X223.13 Y215 E492.94269
M204 S2500
G0 F15000 X222.71 Y215
M204 S1250
;TYPE:WALL-OUTER
G1 F600 X222.71 Y217.536 E493.00912
G1 X222.768 Y217.933 E493.01962
G1 X222.924 Y218.288 E493.02978
G1 X222.99 Y218.35 E493.03215
G1 X224.468 Y218.35 E493.07086
G1 X224.577 Y218.287 E493.07416
G1 X224.728 Y217.933 E493.08424
G1 X224.79 Y217.532 E493.09487
G1 X224.79 Y212.469 E493.22748
G1 X224.728 Y212.071 E493.23803
G1 X224.577 Y211.717 E493.24811
G1 X224.464 Y211.642 E493.25167
G1 X223.035 Y211.642 E493.28909
G1 X222.923 Y211.716 E493.29261
G1 X222.768 Y212.071 E493.30276
G1 X222.71 Y212.472 E493.31337
G1 X222.71 Y215 E493.37958
M204 S2500
G0 F15000 X222.71 Y215.2
G0 X223.42 Y215.2
G0 X223.532 Y212.464
;TYPE:SKIN
G1 F583.3 X223.964 Y212.464 E493.39122
G1 X223.964 Y217.524 E493.52754
G1 X223.539 Y217.524 E493.53899
G1 X223.532 Y212.464 E493.67531
G0 F15000 X223.748 Y212.672
;MESH:NONMESH
G0 F600 X223.748 Y212.672 Z14.85
G0 F15000 X223.42 Y215
G0 X223.13 Y215
;TIME_ELAPSED:854.237618
;LAYER:98
;note -- min layer time used
M204 S1250
;TYPE:WALL-INNER
;MESH:axis.stl
G1 F600 X223.13 Y217.062 E493.72932
G1 X223.184 Y217.46 E493.73984
G1 X223.248 Y217.638 E493.74479
G1 X224.247 Y217.637 E493.77096
G1 X224.312 Y217.459 E493.77592
G1 X224.366 Y217.06 E493.78647
G1 X224.37 Y212.945 E493.89425
G1 X224.252 Y212.378 E493.90942
G1 X223.244 Y212.378 E493.93582
G1 X223.184 Y212.543 E493.94042
G1 X223.13 Y212.946 E493.95107
G1 X223.13 Y215 E494.00487
M204 S2500
G0 F15000 X222.71 Y215
M204 S1250
;TYPE:WALL-OUTER
G1 F600 X222.71 Y217.09 E494.05961
G1 X222.774 Y217.561 E494.07206
G1 X222.929 Y217.989 E494.08398
G1 X223.033 Y218.058 E494.08725
G1 X224.465 Y218.058 E494.12476
G1 X224.567 Y217.99 E494.12797
G1 X224.722 Y217.561 E494.13992
G1 X224.788 Y217.086 E494.15248
G1 X224.79 Y212.915 E494.26173
G1 X224.723 Y212.444 E494.27419
G1 X224.567 Y212.014 E494.28617
G1 X224.51 Y211.958 E494.28826
G1 X222.986 Y211.958 E494.32818
G1 X222.929 Y212.014 E494.33027
G1 X222.774 Y212.443 E494.34222
G1 X222.71 Y212.918 E494.35477
G1 X222.71 Y215 E494.40931
M204 S2500
G0 F15000 X222.71 Y215.2
G0 X223.42 Y215.2
G0 X223.53 Y217.035
;TYPE:SKIN
G1 F586 X223.531 Y212.968 E494.51837
G1 F584.7 X223.559 Y212.779 E494.5235
G1 X223.935 Y212.78 E494.53361
G1 X223.964 Y212.969 E494.53875
G1 F586 X223.961 Y217.032 E494.6477
G1 F587.4 X223.931 Y217.23 E494.65306
G1 X223.56 Y217.233 E494.66299
G1 X223.53 Y217.035 E494.66834
G0 F15000 X223.74 Y217.008
;MESH:NONMESH
G0 F600 X223.74 Y217.008 Z15
G0 F15000 X223.42 Y216.011
G0 X223.13 Y216.011
;TIME_ELAPSED:858.281954
;LAYER:99
;note -- min layer time used
M204 S1250
;TYPE:WALL-INNER
;MESH:axis.stl
G1 F600 X223.146 Y216.643 E494.6849
G1 X223.246 Y217.281 E494.70182
G1 X224.257 Y217.281 E494.7283
G1 X224.343 Y216.891 E494.73876
G1 X224.366 Y216.083 E494.75993
G1 X224.369 Y214.029 E494.81373
G1 X224.351 Y213.363 E494.83118
G1 X224.249 Y212.714 E494.84839
G1 X223.24 Y212.714 E494.87482
G1 X223.153 Y213.116 E494.88559
G1 X223.131 Y214.039 E494.90977
G1 X223.13 Y216.011 E494.96142
M204 S2500
G0 F15000 X222.71 Y216.021
M204 S1250
;TYPE:WALL-OUTER
G1 F600 X222.726 Y216.681 E494.97871
G1 X222.847 Y217.447 E494.99903
G1 X222.929 Y217.614 E495.0039
G1 X223.037 Y217.702 E495.00755
G1 X224.461 Y217.702 E495.04485
G1 X224.571 Y217.613 E495.04855
G1 X224.651 Y217.446 E495.0534
G1 X224.762 Y216.942 E495.06692
G1 X224.786 Y216.084 E495.0894
G1 X224.789 Y214.03 E495.1432
G1 X224.77 Y213.324 E495.1617
G1 X224.649 Y212.557 E495.18204
G1 X224.567 Y212.39 E495.18691
G1 X224.456 Y212.294 E495.19075
G1 X223.043 Y212.294 E495.22776
G1 X222.925 Y212.394 E495.23182
G1 X222.844 Y212.558 E495.23661
G1 X222.734 Y213.066 E495.25022
G1 X222.711 Y214.039 E495.27571
G1 X222.71 Y216.021 E495.32763
M204 S2500
G0 F15000 X222.714 Y216.221
G0 X223.531 Y216.007
;TYPE:SKIN
G1 F586 X223.535 Y214.045 E495.38024
G1 F592.9 X223.548 Y213.107 E495.4051
G1 F602.9 X223.907 Y213.107 E495.41446
G1 F608.7 X223.953 Y213.4 E495.42212
G1 F597.2 X223.965 Y214.026 E495.4386
G1 F586 X223.961 Y216.001 E495.49156
G1 F594.3 X223.949 Y216.889 E495.51504
G1 F614.6 X223.579 Y216.89 E495.5245
G1 F617.6 X223.542 Y216.606 E495.53179
G1 F598.6 X223.531 Y216.007 E495.54752
G0 F15000 X223.741 Y216.003
;MESH:NONMESH
G0 F600 X223.741 Y216.003 Z15.15
G0 F15000 X223.42 Y215
G0 X223.146 Y215
;TIME_ELAPSED:861.846392
;LAYER:100
;note -- min layer time used
M204 S1250
;TYPE:WALL-INNER
;MESH:axis.stl
G1 F600 X223.146 Y215.798 E495.56842
G1 X223.194 Y216.504 E495.58695
G1 X223.266 Y216.882 E495.59703
G1 X224.233 Y216.878 E495.62236
G1 X224.304 Y216.504 E495.63233
G1 X224.35 Y215.782 E495.65128
G1 X224.357 Y214.942 E495.67328
G1 X224.349 Y214.187 E495.69306
G1 X224.301 Y213.49 E495.71136
G1 X224.227 Y213.118 E495.72129
G1 X223.269 Y213.118 E495.74638
G1 X223.194 Y213.49 E495.75632
G1 X223.146 Y214.207 E495.77515
G1 X223.146 Y215 E495.79592
M204 S2500
G0 F15000 X222.726 Y215
M204 S1250
;TYPE:WALL-OUTER
G1 F600 X222.726 Y215.812 E495.81718
G1 X222.777 Y216.554 E495.83667
G1 X222.848 Y216.964 E495.84756
G1 X223.01 Y217.302 E495.85738
G1 X224.488 Y217.298 E495.89609
G1 X224.648 Y216.968 E495.9057
G1 X224.722 Y216.554 E495.91671
G1 X224.77 Y215.812 E495.93619
G1 X224.777 Y214.946 E495.95887
G1 X224.77 Y214.189 E495.9787
G1 X224.719 Y213.438 E495.99842
G1 X224.648 Y213.045 E496.00888
G1 X224.485 Y212.698 E496.01892
G1 X223.014 Y212.698 E496.05745
G1 X222.848 Y213.045 E496.06752
G1 X222.777 Y213.438 E496.07798
G1 X222.726 Y214.192 E496.09778
G1 X222.726 Y215 E496.11894
M204 S2500
G0 F15000 X222.726 Y215.2
G0 X223.539 Y215
;TYPE:SKIN
G1 F608.7 X223.539 Y214.25 E496.13831
G1 F636.4 X223.571 Y213.492 E496.15704
G1 F670.2 X223.921 Y213.492 E496.16525
G1 F638 X223.953 Y214.211 E496.18298
G1 F605.8 X223.959 Y214.934 E496.20173
G1 X223.953 Y215.758 E496.22311
G1 F638 X223.923 Y216.5 E496.2414
G1 F670.2 X223.572 Y216.502 E496.24964
G1 F639.6 X223.539 Y215.779 E496.26742
G1 F610.2 X223.539 Y215 E496.28748
G0 F15000 X223.75 Y215
;MESH:NONMESH
G0 F600 X223.75 Y215 Z15.3
G0 F15000 X223.187 Y215.017
;TIME_ELAPSED:864.855358
;LAYER:101
;note -- min layer time used
M204 S1250
;TYPE:WALL-INNER
;MESH:axis.stl
G1 F600 X223.198 Y215.582 E496.30228
G1 X223.282 Y216.406 E496.32398
G1 X224.187 Y216.405 E496.34768
G1 X224.229 Y216.251 E496.35186
G1 X224.298 Y215.593 E496.36919
G1 X224.309 Y215.006 E496.38457
G1 X224.298 Y214.415 E496.40005
G1 X224.216 Y213.614 E496.42114
G1 X223.28 Y213.614 E496.44566
G1 X223.198 Y214.407 E496.46654
G1 X223.187 Y215.017 E496.48252
M204 S2500
G0 F15000 X222.767 Y215.025
M204 S1250
;TYPE:WALL-OUTER
G1 F600 X222.778 Y215.607 E496.49777
G1 X222.852 Y216.329 E496.51678
G1 X222.944 Y216.668 E496.52598
G1 X223.049 Y216.826 E496.53095
G1 X224.465 Y216.826 E496.56803
G1 X224.551 Y216.668 E496.57275
G1 X224.644 Y216.329 E496.58195
G1 X224.718 Y215.619 E496.60065
G1 X224.729 Y215.014 E496.6165
G1 X224.718 Y214.389 E496.63287
G1 X224.644 Y213.675 E496.65167
G1 X224.475 Y213.194 E496.66503
G1 X223.022 Y213.194 E496.70308
G1 X222.852 Y213.675 E496.71645
G1 X222.778 Y214.381 E496.73504
G1 X222.767 Y215.025 E496.75191
M204 S2500
G0 F15000 X222.77 Y215.225
G0 X223.482 Y215.214
G0 X223.565 Y214.424
;TYPE:SKIN
G1 F696.1 X223.61 Y213.981 E496.76196
G1 X223.882 Y213.981 E496.7681
G1 X223.927 Y214.392 E496.77744
G1 F688.5 X223.934 Y215 E496.79131
G1 F690.4 X223.928 Y215.567 E496.80422
G1 F701.9 X223.879 Y216.033 E496.81471
G1 X223.614 Y216.035 E496.82065
G1 X223.568 Y215.583 E496.83082
G1 F698.1 X223.565 Y214.424 E496.85691
G0 F15000 X223.691 Y214.46
;MESH:NONMESH
G0 F600 X223.691 Y214.46 Z15.45
G0 F15000 X223.308 Y215
;TIME_ELAPSED:867.241408
;LAYER:102
;note -- min layer time used
M204 S1250
;TYPE:WALL-INNER
;MESH:axis.stl
G1 F600 X223.348 Y215.73 E496.87606
G1 X224.147 Y215.729 E496.89699
G1 X224.188 Y215 E496.91611
G1 X224.149 Y214.29 E496.93474
G1 X223.348 Y214.29 E496.95572
G1 X223.308 Y215 E496.97434
M204 S2500
G0 F15000 X222.887 Y215
M204 S1250
;TYPE:WALL-OUTER
G1 F600 X222.929 Y215.742 E496.99381
G1 X223.061 Y216.15 E497.00504
G1 X224.445 Y216.145 E497.04129
G1 X224.567 Y215.742 E497.05232
G1 X224.609 Y215 E497.07178
G1 X224.567 Y214.261 E497.09117
G1 X224.451 Y213.873 E497.10178
G1 X223.049 Y213.87 E497.1385
G1 X222.929 Y214.262 E497.14924
G1 X222.887 Y215 E497.1686
M204 S2500
G0 F15000 X222.898 Y215.199
G0 X223.746 Y214.712
;TYPE:SKIN
G1 F539.6 X223.746 Y215.304 E497.18584
;TIME_ELAPSED:868.589279
G1 F2700 E496.68584
M140 S0
M204 S5000
M107
G91 ;Relative positioning
G1 E-2 F2700 ;Retract a bit
G1 E-2 Z0.2 F2400 ;Retract and raise Z
G1 X5 Y5 F3000 ;Wipe out
G1 Z2 ;Raise Z more
G90 ;Absolute positioning
G1 X0 Y425 ;Present print
M106 S0 ;Turn-off fan
M104 S0 ;Turn-off hotend
M140 S0 ;Turn-off bed
M84 X Y E ;Disable all steppers but Z
M82 ;absolute extrusion mode
M104 S0
;End of Gcode
;SETTING_3 {"global_quality": "[general]\\nversion = 4\\nname = Normal #2\\ndefi
;SETTING_3 nition = elegoo_neptune_4max\\n\\n[metadata]\\ntype = quality_changes
;SETTING_3 \\nquality_type = Elegoo_layer_015\\nsetting_version = 24\\n\\n[value
;SETTING_3 s]\\nadhesion_type = brim\\nsupport_enable = True\\nsupport_structure
;SETTING_3  = tree\\nsupport_type = everywhere\\n\\n", "extruder_quality": ["[ge
;SETTING_3 neral]\\nversion = 4\\nname = Normal #2\\ndefinition = elegoo_neptune
;SETTING_3 _4max\\n\\n[metadata]\\ntype = quality_changes\\nquality_type = Elego
;SETTING_3 o_layer_015\\nsetting_version = 24\\nposition = 0\\n\\n[values]\\ninf
;SETTING_3 ill_sparse_density = 20\\n\\n"]}
