;FLAVOR:Marlin
;TIME:364
;Filament used: 0.225114m
;Layer height: 0.1
;MINX:208.587
;MINY:197.163
;MINZ:0.3
;MAXX:221.493
;MAXY:232.837
;MAXZ:4.6
;TARGET_MACHINE.NAME:ELEGOO NEPTUNE 4 Max
;Generated with Cura_SteamEngine 5.9.0
M82 ;absolute extrusion mode
;ELEGOO NEPTUNE 4 MAX
M220 S100 ;Set the feed speed to 100%
M221 S100 ;Set the flow rate to 100%
M104 S140 ;Start heating extruder
M190 S60 ;Wait for the bed to reach print temp
G90
G28 ;home
G1 Z10 F300
G1 X165 Y0 F6000
G1 Z0 F300
M109 S235 ;Wait for extruder to reach print temp
G92 E0 ;Reset Extruder
G1 X165 Y0 Z0.4 F300 ;Move to start position
G1 X265 E30 F400 ;Draw the first line
G1 Z0.6 F120.0 ;Move to side a little
G1 X260 F3000
G92 E0 ;Reset Extruder
G92 E0
G92 E0
G1 F2700 E-1.3
;LAYER_COUNT:44
;LAYER:0
M107
M204 S500
G0 F7200 X217.002 Y232.837 Z0.3
;TYPE:SKIRT
G1 F2700 E0
G1 F3600 X213.356 Y232.837 E0.23874
G1 X211.941 Y232.554 E0.33323
G1 X210.771 Y231.908 E0.42075
G1 X209.826 Y231.12 E0.50132
G1 X208.963 Y229.725 E0.60873
G1 X208.896 Y229.562 E0.62027
G1 X208.587 Y228.163 E0.71409
G1 X208.588 Y201.932 E2.43172
G1 X208.871 Y200.517 E2.52621
G1 X209.517 Y199.347 E2.61372
G1 X210.305 Y198.402 E2.69429
G1 X211.7 Y197.539 E2.8017
G1 X211.863 Y197.472 E2.81324
G1 X213.262 Y197.163 E2.90706
G1 X216.724 Y197.163 E3.13375
G1 X218.139 Y197.446 E3.22824
G1 X219.309 Y198.092 E3.31576
G1 X220.256 Y198.882 E3.39651
G1 X221.118 Y200.276 E3.50384
G1 X221.184 Y200.439 E3.51535
G1 X221.493 Y201.841 E3.60936
G1 X221.467 Y228.112 E5.32961
G1 X221.338 Y229.034 E5.39057
G1 X220.848 Y230.252 E5.47654
G1 X220.418 Y230.845 E5.5245
G1 X219.533 Y231.774 E5.60852
G1 X219.19 Y232.026 E5.63639
G1 X218.26 Y232.477 E5.70407
G1 X217.002 Y232.837 E5.78975
G0 F7200 X216.927 Y232.312
G1 F3600 X213.409 Y232.312 E6.02011
G1 X212.122 Y232.055 E6.10605
G1 X211.069 Y231.473 E6.18483
G1 X210.227 Y230.771 E6.25662
G1 X209.409 Y229.449 E6.35841
G1 X209.112 Y228.104 E6.44861
G1 X209.113 Y201.985 E8.1589
G1 X209.37 Y200.698 E8.24484
G1 X209.952 Y199.645 E8.32362
G1 X210.654 Y198.803 E8.3954
G1 X211.976 Y197.985 E8.4972
G1 X213.321 Y197.688 E8.5874
G1 X216.671 Y197.688 E8.80676
G1 X217.958 Y197.945 E8.89269
G1 X219.011 Y198.527 E8.97148
G1 X219.853 Y199.229 E9.04326
G1 X220.671 Y200.552 E9.14511
G1 X220.968 Y201.899 E9.23543
G1 X220.947 Y228.039 E10.94711
G1 X220.827 Y228.898 E11.0039
G1 X220.386 Y229.994 E11.08126
G1 X220.036 Y230.485 E11.12074
G1 X219.21 Y231.36 E11.19953
G1 X218.961 Y231.554 E11.2202
G1 X218.076 Y231.983 E11.2846
G1 X216.927 Y232.312 E11.36286
G0 F7200 X216.853 Y231.787
G1 F3600 X213.462 Y231.787 E11.58491
G1 X212.306 Y231.556 E11.6621
G1 X211.363 Y231.035 E11.73265
G1 X210.63 Y230.424 E11.79513
G1 X209.903 Y229.248 E11.88567
G1 X209.637 Y228.045 E11.96634
G1 X209.638 Y202.038 E13.6693
G1 X209.869 Y200.882 E13.7465
G1 X210.39 Y199.939 E13.81704
G1 X211.001 Y199.206 E13.87953
G1 X212.177 Y198.479 E13.97006
G1 X213.38 Y198.213 E14.05074
G1 X216.618 Y198.213 E14.26276
G1 X217.774 Y198.444 E14.33996
G1 X218.717 Y198.965 E14.4105
G1 X219.45 Y199.576 E14.47299
G1 X220.177 Y200.752 E14.56352
G1 X220.443 Y201.957 E14.64432
G1 X220.427 Y227.966 E16.34742
G1 X220.316 Y228.762 E16.40004
G1 X219.923 Y229.738 E16.46894
G1 X219.608 Y230.18 E16.50448
G1 X218.83 Y230.998 E16.5784
G1 X218.68 Y231.107 E16.59054
G1 X217.891 Y231.49 E16.64797
G1 X216.853 Y231.787 E16.71867
G0 F7200 X216.778 Y231.262
G1 F3600 X213.515 Y231.262 E16.93233
G1 X212.49 Y231.057 E17.00078
G1 X211.657 Y230.597 E17.06309
G1 X211.031 Y230.075 E17.11646
G1 X210.397 Y229.05 E17.19538
G1 X210.162 Y227.986 E17.26673
G1 X210.163 Y202.091 E18.96236
G1 X210.368 Y201.066 E19.03081
G1 X210.828 Y200.233 E19.09312
G1 X211.35 Y199.607 E19.14649
G1 X212.375 Y198.973 E19.22541
G1 X213.439 Y198.738 E19.29676
G1 X216.565 Y198.738 E19.50145
G1 X217.59 Y198.943 E19.5699
G1 X218.423 Y199.403 E19.63221
G1 X219.049 Y199.925 E19.68558
G1 X219.683 Y200.95 E19.7645
G1 X219.918 Y202.015 E19.83592
G1 X219.907 Y227.894 E21.5305
G1 X219.805 Y228.626 E21.57889
G1 X219.46 Y229.482 E21.63933
G1 X219.18 Y229.875 E21.67092
G1 X218.451 Y230.635 E21.73988
G1 X217.707 Y230.996 E21.79403
G1 X216.778 Y231.262 E21.85731
G0 F7200 X216.703 Y230.737
G1 F3600 X213.568 Y230.737 E22.06259
G1 X212.674 Y230.558 E22.12229
G1 X211.951 Y230.159 E22.17637
G1 X211.432 Y229.726 E22.22062
G1 X210.891 Y228.852 E22.28793
G1 X210.687 Y227.927 E22.34996
G1 X210.688 Y202.144 E24.03825
G1 X210.867 Y201.25 E24.09795
G1 X211.266 Y200.527 E24.15203
G1 X211.699 Y200.008 E24.19629
G1 X212.573 Y199.467 E24.26359
G1 X213.498 Y199.263 E24.32562
G1 X216.512 Y199.263 E24.52298
G1 X217.406 Y199.442 E24.58268
G1 X218.129 Y199.841 E24.63675
G1 X218.648 Y200.274 E24.68101
G1 X219.189 Y201.148 E24.74832
G1 X219.393 Y202.073 E24.81034
G1 X219.387 Y227.822 E26.49641
G1 X219.294 Y228.49 E26.54057
G1 X218.996 Y229.23 E26.59281
G1 X218.801 Y229.511 E26.61521
G1 X218.135 Y230.205 E26.67819
G1 X217.523 Y230.502 E26.72274
G1 X216.703 Y230.737 E26.77859
G0 F7200 X217.335 Y230.01
G1 F3600 X216.629 Y230.212 E26.82668
G1 X213.621 Y230.212 E27.02364
G1 X212.856 Y230.059 E27.07473
G1 X212.25 Y229.725 E27.12004
G1 X211.834 Y229.377 E27.15555
G1 X211.385 Y228.651 E27.21145
G1 X211.212 Y227.868 E27.26396
G1 X211.213 Y202.197 E28.94492
G1 X211.366 Y201.432 E28.996
G1 X211.7 Y200.826 E29.04131
G1 X212.048 Y200.41 E29.07683
G1 X212.774 Y199.961 E29.13272
G1 X213.557 Y199.788 E29.18523
G1 X216.459 Y199.788 E29.37525
G1 X217.224 Y199.941 E29.42634
G1 X217.83 Y200.275 E29.47165
G1 X218.246 Y200.623 E29.50716
G1 X218.695 Y201.349 E29.56306
G1 X218.868 Y202.132 E29.61557
G1 X218.867 Y227.75 E31.29306
G1 X218.783 Y228.354 E31.33299
G1 X218.53 Y228.981 E31.37726
G1 X218.422 Y229.147 E31.39023
G1 X217.82 Y229.774 E31.44715
G1 X217.335 Y230.01 E31.48246
G0 F7200 X217.191 Y229.505
G1 F3600 X216.555 Y229.687 E31.52578
G1 X213.674 Y229.687 E31.71443
G1 X213.039 Y229.56 E31.75684
G1 X212.504 Y229.265 E31.79684
G1 X212.235 Y229.028 E31.82032
G1 X211.879 Y228.453 E31.8646
G1 X211.737 Y227.809 E31.90778
G1 X211.738 Y202.25 E33.58141
G1 X211.865 Y201.615 E33.62381
G1 X212.16 Y201.08 E33.66382
G1 X212.397 Y200.811 E33.68729
G1 X212.972 Y200.455 E33.73158
G1 X213.616 Y200.313 E33.77476
G1 X216.406 Y200.313 E33.95745
G1 X217.041 Y200.44 E33.99986
G1 X217.576 Y200.735 E34.03986
G1 X217.845 Y200.972 E34.06334
G1 X218.201 Y201.547 E34.10762
G1 X218.343 Y202.191 E34.1508
G1 X218.342 Y227.75 E35.82443
G1 X218.273 Y228.215 E35.85521
G1 X218.043 Y228.784 E35.8954
G1 X217.506 Y229.344 E35.9462
G1 X217.191 Y229.505 E35.96937
G0 F7200 X217.047 Y229
G1 F3600 X217.187 Y228.919 E35.97996
G1 X217.595 Y228.493 E36.01858
G1 X217.755 Y228.131 E36.0445
G1 X217.817 Y227.75 E36.06978
G1 X217.818 Y202.25 E37.73954
G1 X217.707 Y201.746 E37.77333
G1 X217.477 Y201.347 E37.80349
G1 X217.322 Y201.195 E37.8177
G1 X216.787 Y200.9 E37.85771
G1 X216.406 Y200.838 E37.88299
G1 X213.675 Y200.838 E38.06181
G1 X213.171 Y200.949 E38.09561
G1 X212.772 Y201.179 E38.12576
G1 X212.62 Y201.334 E38.13998
G1 X212.325 Y201.869 E38.17998
G1 X212.263 Y202.25 E38.20526
G1 X212.262 Y227.75 E39.87502
G1 X212.373 Y228.254 E39.90882
G1 X212.603 Y228.653 E39.93897
G1 X212.758 Y228.805 E39.95319
G1 X213.293 Y229.1 E39.99319
G1 X213.674 Y229.162 E40.01847
G1 X216.481 Y229.162 E40.20228
G1 X217.047 Y229 E40.24083
G1 F2700 E38.94083
G0 F7200 X216.728 Y227.914
G1 F2700 E40.24083
G1 F3600 X216.618 Y228.043 E40.25193
G1 X216.405 Y228.112 E40.26659
G1 X213.674 Y228.112 E40.44542
G1 X213.51 Y228.073 E40.45645
G1 X213.381 Y227.963 E40.46756
G1 X213.312 Y227.75 E40.48222
G1 X213.313 Y202.25 E42.15198
G1 X213.352 Y202.086 E42.16302
G1 X213.462 Y201.957 E42.17412
G1 X213.675 Y201.888 E42.18878
G1 X216.406 Y201.888 E42.36761
G1 X216.57 Y201.927 E42.37865
G1 X216.699 Y202.037 E42.38975
G1 X216.768 Y202.25 E42.40441
G1 X216.767 Y227.75 E44.07417
G1 X216.728 Y227.914 E44.08521
G0 F7200 X216.858 Y228.51
G1 F3600 X216.405 Y228.637 E44.11602
G1 X213.674 Y228.637 E44.29484
G1 X213.389 Y228.584 E44.31383
G1 X213.04 Y228.362 E44.34091
G1 X212.882 Y228.125 E44.35956
G1 X212.787 Y227.75 E44.38489
G1 X212.788 Y202.25 E46.05466
G1 X212.841 Y201.965 E46.07364
G1 X213.063 Y201.616 E46.10072
G1 X213.3 Y201.458 E46.11937
G1 X213.675 Y201.363 E46.1447
G1 X216.406 Y201.363 E46.32353
G1 X216.691 Y201.416 E46.34252
G1 X217.04 Y201.638 E46.3696
G1 X217.198 Y201.875 E46.38825
G1 X217.293 Y202.25 E46.41358
G1 X217.292 Y227.75 E48.08335
G1 X217.239 Y228.035 E48.10233
G1 X217.127 Y228.255 E48.11849
G1 X216.858 Y228.51 E48.14276
G1 F2700 E46.84276
;MESH:upperRightPad.stl
G0 F7200 X213.021 Y228.403
G0 X213.009 Y215
G0 X214.459 Y215
;TYPE:WALL-INNER
G1 F2700 E48.14276
G1 F3606.9 X214.459 Y226.961 E48.92449
G1 F3600 X215.617 Y226.961 E49.00032
G1 X215.617 Y203.035 E50.56701
G1 X214.459 Y203.035 E50.64284
G1 F3606.9 X214.459 Y215 E51.42482
G0 F7200 X213.934 Y215
;TYPE:WALL-OUTER
G1 F3606.9 X213.934 Y227.486 E52.24086
G1 F3600 X216.142 Y227.486 E52.38544
G1 X216.142 Y202.51 E54.02089
G1 X213.934 Y202.51 E54.16548
G1 F3606.9 X213.934 Y215 E54.98177
G0 F7200 X213.934 Y215.2
G1 F2700 E53.68177
G0 F7200 X213.009 Y215.2
G0 X213.009 Y203.614
G0 X215.038 Y203.614
;TYPE:SKIN
G1 F2700 E54.98177
G1 F2795.9 X215.038 Y226.382 E56.90145
M104 S235
G1 F2700 E55.60145
;MESH:NONMESH
G0 F600 X215.038 Y226.382 Z0.4
G0 F7200 X213.009 Y226.382
G0 X210.357 Y201.539
;TIME_ELAPSED:25.561207
;LAYER:1
;note -- min layer time used
M106 S255
M204 S750
;TYPE:SUPPORT
G1 F2700 E56.90145
G1 F3979.8 X211.104 Y201.327 E56.91433
G1 X211.851 Y201.539 E56.92721
G1 X212.4 Y202.116 E56.94042
G1 X212.605 Y202.826 E56.95268
G1 X212.394 Y203.579 E56.96565
G1 X212.318 Y203.738 E56.96857
G1 X212.524 Y204.282 E56.97822
G1 X212.882 Y204.664 E56.98691
G1 X212.882 Y206.669 E57.02017
G1 X212.598 Y206.952 E57.02682
G1 X211.85 Y207.161 E57.0397
G1 X211.14 Y206.953 E57.05197
G1 X210.955 Y206.765 E57.05635
G1 X210.394 Y206.605 E57.06603
G1 X209.811 Y206.021 E57.07972
G1 X209.603 Y205.313 E57.09196
G1 X209.645 Y205.114 E57.09533
G1 X209.603 Y204.957 E57.09803
G1 X209.646 Y204.767 E57.10126
G1 X209.603 Y204.603 E57.10407
G1 X209.862 Y203.709 E57.11951
G1 X209.6 Y202.823 E57.13484
G1 X209.808 Y202.117 E57.14705
G1 X210.357 Y201.539 E57.16027
G1 F2700 E55.86027
G0 F8175 X211.103 Y209.167
G1 F2700 E57.16027
G1 F3979.8 X211.851 Y209.375 E57.17315
G1 X212.396 Y209.952 E57.18632
G1 X212.485 Y210.19 E57.19053
G1 X212.607 Y210.259 E57.19286
G1 X212.882 Y210.552 E57.19952
G1 X212.882 Y212.732 E57.23568
G1 X212.588 Y213.03 E57.24263
G1 X212.55 Y213.16 E57.24488
G1 X212.605 Y213.363 E57.24836
G1 X212.506 Y213.729 E57.25465
G1 X212.605 Y214.118 E57.26131
G1 X212.506 Y214.489 E57.26768
G1 X212.605 Y214.874 E57.27428
G1 X212.502 Y215.249 E57.28073
G1 X212.605 Y215.636 E57.28737
G1 X212.506 Y216.042 E57.2943
G1 X212.638 Y216.529 E57.30267
G1 X212.882 Y216.792 E57.30862
G1 X212.882 Y218.793 E57.34182
G1 X212.598 Y219.076 E57.34847
G1 X211.85 Y219.285 E57.36135
G1 X211.14 Y219.077 E57.37363
G1 X210.958 Y218.893 E57.37792
G1 X210.391 Y218.729 E57.38771
G1 X209.811 Y218.145 E57.40136
G1 X209.6 Y217.438 E57.4136
G1 X209.646 Y217.234 E57.41707
G1 X209.603 Y217.082 E57.41969
G1 X209.646 Y216.926 E57.42238
G1 X209.604 Y216.727 E57.42575
G1 X209.642 Y216.553 E57.4287
G1 X209.603 Y216.398 E57.43136
G1 X209.706 Y215.998 E57.43821
G1 X209.603 Y215.636 E57.44445
G1 X209.706 Y215.275 E57.45068
G1 X209.603 Y214.876 E57.45751
G1 X209.706 Y214.515 E57.46374
G1 X209.604 Y214.119 E57.47053
G1 X209.706 Y213.759 E57.47673
G1 X209.603 Y213.36 E57.48357
G1 X209.705 Y213.01 E57.48962
G1 X209.603 Y212.599 E57.49664
G1 X209.71 Y212.223 E57.50313
G1 X209.611 Y211.843 E57.50964
G1 X209.666 Y211.642 E57.5131
G1 X209.603 Y211.376 E57.51763
G1 X209.646 Y211.211 E57.52046
G1 X209.604 Y211.02 E57.5237
G1 X209.646 Y210.83 E57.52693
G1 X209.603 Y210.664 E57.52978
G1 X209.808 Y209.952 E57.54207
G1 X210.357 Y209.375 E57.55528
G1 X211.103 Y209.167 E57.56813
G1 F2700 E56.26813
G0 F8175 X213.122 Y201.597
G0 X216.959 Y201.597
G0 X217.194 Y212.124
G1 F2700 E57.56813
G1 F3979.8 X217.473 Y211.827 E57.57489
G1 X218.224 Y211.618 E57.58782
G1 X218.975 Y211.827 E57.60075
G1 X219.159 Y212.023 E57.60521
G1 X219.719 Y212.179 E57.61485
G1 X220.268 Y212.76 E57.62811
G1 X220.477 Y213.471 E57.6404
G1 X220.447 Y213.644 E57.64332
G1 X220.477 Y213.76 E57.6453
G1 X220.442 Y214.212 E57.65282
G1 X220.472 Y214.337 E57.65496
G1 X220.374 Y214.742 E57.66187
G1 X220.473 Y215.098 E57.668
G1 X220.374 Y215.465 E57.6743
G1 X220.473 Y215.854 E57.68096
G1 X220.374 Y216.221 E57.68727
G1 X220.473 Y216.61 E57.69393
G1 X220.378 Y217.044 E57.7013
G1 X220.473 Y217.37 E57.70693
G1 X220.267 Y218.119 E57.71982
G1 X220.035 Y218.37 E57.72549
G1 X220.017 Y218.501 E57.72768
G1 X220.268 Y218.816 E57.73436
G1 X220.473 Y219.529 E57.74667
G1 X220.432 Y219.742 E57.75027
G1 X220.473 Y219.887 E57.75277
G1 X220.446 Y219.995 E57.75461
G1 X220.473 Y220.135 E57.75698
G1 X220.268 Y220.878 E57.76976
G1 X219.718 Y221.424 E57.78262
G1 X218.97 Y221.633 E57.7955
G1 X218.263 Y221.425 E57.80773
G1 X217.679 Y220.845 E57.82138
G1 X217.579 Y220.536 E57.82677
G1 X217.194 Y220.152 E57.83579
G1 X217.194 Y217.14 E57.88575
G1 X217.461 Y216.852 E57.89227
G1 X217.498 Y216.731 E57.89437
G1 X217.471 Y216.611 E57.89641
G1 X217.574 Y216.251 E57.90262
G1 X217.471 Y215.855 E57.90941
G1 X217.574 Y215.491 E57.91568
G1 X217.471 Y215.095 E57.92247
G1 X217.575 Y214.708 E57.92912
G1 X217.478 Y214.383 E57.93474
G1 X217.194 Y214.093 E57.94148
G1 X217.194 Y212.124 E57.97414
G1 F2700 E56.67414
G0 F8175 X218.263 Y209.301
G1 F2700 E57.97414
G1 F3979.8 X217.683 Y208.721 E57.98775
G1 X217.579 Y208.413 E57.99314
G1 X217.194 Y208.028 E58.00217
G1 X217.194 Y204.14 E58.06667
G1 X217.46 Y203.854 E58.07315
G1 X217.498 Y203.731 E58.07528
G1 X217.474 Y203.614 E58.07726
G1 X217.574 Y203.251 E58.08351
G1 X217.475 Y202.853 E58.09031
G1 X217.552 Y202.513 E58.0961
G1 X217.472 Y202.243 E58.10077
G1 X217.68 Y201.537 E58.11298
G1 X218.229 Y200.959 E58.1262
G1 X218.975 Y200.747 E58.13906
G1 X219.719 Y200.959 E58.1519
G1 X220.272 Y201.536 E58.16516
G1 X220.477 Y202.246 E58.17741
G1 X220.398 Y202.541 E58.18248
G1 X220.477 Y202.854 E58.18784
G1 X220.374 Y203.221 E58.19416
G1 X220.476 Y203.61 E58.20083
G1 X220.377 Y203.96 E58.20686
G1 X220.473 Y204.37 E58.21385
G1 X220.268 Y205.118 E58.22671
G1 X219.595 Y205.791 E58.2425
G1 X219.591 Y205.978 E58.24561
G1 X220.268 Y206.696 E58.26198
G1 X220.473 Y207.405 E58.27422
G1 X220.432 Y207.618 E58.27782
G1 X220.473 Y207.763 E58.28032
G1 X220.446 Y207.871 E58.28216
G1 X220.476 Y208.014 E58.28459
G1 X220.268 Y208.754 E58.29734
G1 X219.722 Y209.3 E58.31015
G1 X218.974 Y209.509 E58.32303
G1 X218.263 Y209.301 E58.33532
G1 F2700 E57.03532
G0 F8175 X218.224 Y223.742
G1 F2700 E58.33532
G1 F3979.8 X218.975 Y223.951 E58.34825
G1 X219.159 Y224.146 E58.3527
G1 X219.719 Y224.303 E58.36235
G1 X220.268 Y224.884 E58.37561
G1 X220.473 Y225.593 E58.38785
G1 X220.43 Y225.763 E58.39076
G1 X220.475 Y225.95 E58.39395
G1 X220.446 Y226.078 E58.39613
G1 X220.472 Y226.196 E58.39813
G1 X220.346 Y226.7 E58.40675
G1 X220.473 Y227.143 E58.41439
G1 X220.268 Y227.89 E58.42724
G1 X219.718 Y228.436 E58.4401
G1 X218.97 Y228.645 E58.45298
G1 X218.263 Y228.437 E58.46521
G1 X217.679 Y227.853 E58.47891
G1 X217.471 Y227.145 E58.49115
G1 X217.594 Y226.684 E58.49906
G1 X217.546 Y226.569 E58.50113
G1 X217.194 Y226.216 E58.5094
G1 X217.194 Y224.248 E58.54205
G1 X217.473 Y223.951 E58.54881
G1 X218.224 Y223.742 E58.56174
G1 F2700 E57.26174
G0 F8175 X216.958 Y228.403
G0 X213.121 Y228.403
G0 X212.882 Y223.742
G1 F2700 E58.56174
G1 F3979.8 X212.882 Y225.56 E58.5919
G1 X212.606 Y225.855 E58.5986
G1 X212.605 Y226.018 E58.6013
G1 X212.502 Y226.389 E58.60769
G1 X212.601 Y226.778 E58.61435
G1 X212.502 Y227.149 E58.62072
G1 X212.601 Y227.542 E58.62744
G1 X212.396 Y228.287 E58.64026
G1 X211.85 Y228.836 E58.6531
G1 X211.102 Y229.045 E58.66598
G1 X210.391 Y228.833 E58.67829
G1 X209.811 Y228.253 E58.6919
G1 X209.599 Y227.543 E58.70419
G1 X209.702 Y227.179 E58.71047
G1 X209.599 Y226.78 E58.7173
G1 X209.702 Y226.419 E58.72353
G1 X209.599 Y226.02 E58.73036
G1 X209.699 Y225.68 E58.73624
G1 X209.599 Y225.26 E58.74341
G1 X209.86 Y224.381 E58.75862
G1 X209.603 Y223.501 E58.77382
G1 X209.645 Y223.302 E58.7772
G1 X209.603 Y223.147 E58.77986
G1 X209.646 Y222.953 E58.78316
G1 X209.6 Y222.789 E58.78598
G1 X209.808 Y222.081 E58.79822
G1 X210.357 Y221.503 E58.81145
G1 X211.103 Y221.295 E58.8243
G1 X211.847 Y221.503 E58.83711
G1 X212.397 Y222.081 E58.85035
G1 X212.526 Y222.473 E58.85719
G1 X212.882 Y222.852 E58.86582
G1 X212.882 Y223.742 E58.88058
G1 F2700 E57.58058
;MESH:upperRightPad.stl
G0 F8175 X214.214 Y223.744
G0 X214.694 Y215.001
G0 X214.402 Y215
M204 S594
;TYPE:WALL-INNER
G1 F2700 E58.88058
G1 F3979.8 X214.402 Y227.118 E59.09218
G1 X215.674 Y227.118 E59.11439
G1 X215.674 Y202.878 E59.53766
G1 X214.402 Y202.878 E59.55987
G1 X214.402 Y215 E59.77154
M204 S750
G0 F8175 X213.982 Y215
M204 S594
;TYPE:WALL-OUTER
G1 F3979.8 X213.982 Y227.538 E59.99047
G1 X216.094 Y227.538 E60.02735
G1 X216.094 Y202.458 E60.46529
G1 X213.982 Y202.458 E60.50217
G1 X213.982 Y215 E60.72117
M204 S750
G0 F8175 X213.982 Y215.2
G0 X214.812 Y215
;TYPE:SKIN
G1 F3731 X214.812 Y203.288 E60.93931
G1 X215.26 Y203.288 E60.94766
G1 X215.26 Y226.704 E61.3838
G1 X214.812 Y226.704 E61.39214
G1 X214.812 Y215 E61.61014
G0 F8175 X215.014 Y215
G1 F2700 E60.31014
;MESH:NONMESH
G0 F600 X215.014 Y215 Z0.5
G0 F8175 X214.209 Y202.684
G0 X213.109 Y202.684
G0 X210.401 Y201.611
;TIME_ELAPSED:37.996319
;LAYER:2
;note -- min layer time used
M204 S1000
;TYPE:SUPPORT
G1 F2700 E61.61014
G1 F3869.1 X211.104 Y201.411 E61.62226
G1 X211.807 Y201.611 E61.63439
G1 X212.328 Y202.156 E61.64689
G1 X212.521 Y202.826 E61.65846
G1 X212.324 Y203.534 E61.67065
G1 X212.214 Y203.712 E61.67412
G1 X212.246 Y203.845 E61.67639
G1 X212.325 Y203.933 E61.67835
G1 X212.453 Y204.323 E61.68516
G1 X212.882 Y204.783 E61.69559
G1 X212.882 Y206.557 E61.72502
G1 X212.558 Y206.88 E61.73261
G1 X211.85 Y207.077 E61.7448
G1 X211.18 Y206.881 E61.75638
G1 X210.958 Y206.683 E61.76132
G1 X210.435 Y206.532 E61.77035
G1 X209.883 Y205.981 E61.78329
G1 X209.687 Y205.313 E61.79483
G1 X209.73 Y205.151 E61.79761
G1 X209.687 Y204.957 E61.80091
G1 X209.73 Y204.764 E61.80419
G1 X209.687 Y204.601 E61.80699
G1 X209.884 Y203.927 E61.81864
G1 X210.006 Y203.732 E61.82245
G1 X209.977 Y203.604 E61.82463
G1 X209.883 Y203.499 E61.82697
G1 X209.683 Y202.827 E61.8386
G1 X209.88 Y202.156 E61.8502
G1 X210.401 Y201.611 E61.8627
G1 F2700 E60.5627
G0 F9150 X211.103 Y209.251
G1 F2700 E61.8627
G1 F3869.1 X211.807 Y209.447 E61.87483
G1 X212.325 Y209.993 E61.88731
G1 X212.43 Y210.26 E61.89207
G1 X212.555 Y210.323 E61.89439
G1 X212.882 Y210.668 E61.90228
G1 X212.882 Y212.618 E61.93463
G1 X212.483 Y213.023 E61.94406
G1 X212.463 Y213.16 E61.94635
G1 X212.521 Y213.363 E61.94986
G1 X212.422 Y213.766 E61.95674
G1 X212.521 Y214.118 E61.96281
G1 X212.422 Y214.488 E61.96916
G1 X212.521 Y214.878 E61.97583
G1 X212.422 Y215.244 E61.98212
G1 X212.521 Y215.638 E61.98886
G1 X212.422 Y216.042 E61.99576
G1 X212.547 Y216.544 E62.00434
G1 X212.882 Y216.908 E62.01255
G1 X212.882 Y218.681 E62.04196
G1 X212.558 Y219.004 E62.04955
G1 X211.85 Y219.201 E62.06174
G1 X211.179 Y219.005 E62.07334
G1 X210.957 Y218.81 E62.07824
G1 X210.435 Y218.657 E62.08726
G1 X209.883 Y218.105 E62.10021
G1 X209.684 Y217.438 E62.11176
G1 X209.73 Y217.272 E62.11462
G1 X209.687 Y217.082 E62.11785
G1 X209.73 Y216.891 E62.1211
G1 X209.688 Y216.727 E62.1239
G1 X209.727 Y216.552 E62.12688
G1 X209.687 Y216.398 E62.12952
G1 X209.79 Y216.035 E62.13578
G1 X209.687 Y215.635 E62.14263
G1 X209.79 Y215.272 E62.14889
G1 X209.687 Y214.874 E62.15571
G1 X209.786 Y214.478 E62.16248
G1 X209.687 Y214.121 E62.16862
G1 X209.79 Y213.759 E62.17487
G1 X209.687 Y213.36 E62.1817
G1 X209.789 Y213.009 E62.18777
G1 X209.687 Y212.602 E62.19473
G1 X209.853 Y212.018 E62.2048
G1 X209.686 Y211.376 E62.2158
G1 X209.73 Y211.212 E62.21862
G1 X209.688 Y211.02 E62.22188
G1 X209.73 Y210.828 E62.22514
G1 X209.687 Y210.663 E62.22797
G1 X209.88 Y209.992 E62.23955
G1 X210.397 Y209.447 E62.25201
G1 X211.103 Y209.251 E62.26417
G1 F2700 E60.96417
G0 F9150 X213.172 Y201.597
G0 X216.909 Y201.597
G0 X217.195 Y207.917
G1 F2700 E62.26417
G1 F3869.1 X217.194 Y204.252 E62.32496
G1 X217.549 Y203.853 E62.33382
G1 X217.553 Y203.627 E62.33757
G1 X217.658 Y203.252 E62.34403
G1 X217.556 Y202.853 E62.35086
G1 X217.638 Y202.567 E62.3558
G1 X217.556 Y202.246 E62.3613
G1 X217.752 Y201.576 E62.37288
G1 X218.269 Y201.031 E62.38534
G1 X218.975 Y200.831 E62.39751
G1 X219.679 Y201.031 E62.40965
G1 X220.192 Y201.573 E62.42203
G1 X220.389 Y202.254 E62.43379
G1 X220.314 Y202.537 E62.43865
G1 X220.393 Y202.85 E62.444
G1 X220.29 Y203.262 E62.45105
G1 X220.389 Y203.61 E62.45705
G1 X220.29 Y204.052 E62.46456
G1 X220.385 Y204.371 E62.47008
G1 X220.188 Y205.074 E62.48219
G1 X219.477 Y205.788 E62.49891
G1 X219.476 Y205.975 E62.50201
G1 X220.196 Y206.736 E62.51939
G1 X220.394 Y207.408 E62.53101
G1 X220.355 Y207.616 E62.53452
G1 X220.39 Y208.006 E62.54102
G1 X220.192 Y208.714 E62.55321
G1 X219.678 Y209.228 E62.56527
G1 X218.974 Y209.425 E62.5774
G1 X218.303 Y209.229 E62.58899
G1 X217.755 Y208.681 E62.60185
G1 X217.668 Y208.395 E62.60681
G1 X217.195 Y207.917 E62.61796
G1 F2700 E61.31796
G0 F9150 X218.225 Y211.702
G1 F2700 E62.61796
G1 F3869.1 X218.932 Y211.899 E62.63014
G1 X219.15 Y212.102 E62.63508
G1 X219.679 Y212.255 E62.64422
G1 X220.196 Y212.8 E62.65668
G1 X220.393 Y213.471 E62.66828
G1 X220.363 Y213.64 E62.67112
G1 X220.393 Y213.757 E62.67313
G1 X220.362 Y214.214 E62.68073
G1 X220.392 Y214.339 E62.68286
G1 X220.29 Y214.705 E62.68916
G1 X220.389 Y215.094 E62.69582
G1 X220.29 Y215.465 E62.70219
G1 X220.389 Y215.854 E62.70885
G1 X220.29 Y216.258 E62.71575
G1 X220.389 Y216.61 E62.72181
G1 X220.287 Y217.037 E62.7291
G1 X220.385 Y217.367 E62.73481
G1 X220.184 Y218.077 E62.74705
G1 X219.932 Y218.33 E62.75297
G1 X219.897 Y218.415 E62.7545
G1 X219.93 Y218.572 E62.75716
G1 X220.196 Y218.856 E62.76361
G1 X220.389 Y219.53 E62.77524
G1 X220.346 Y219.7 E62.77815
G1 X220.39 Y220.13 E62.78532
G1 X220.192 Y220.838 E62.79752
G1 X219.678 Y221.352 E62.80958
G1 X218.97 Y221.549 E62.82177
G1 X218.303 Y221.353 E62.8333
G1 X217.755 Y220.805 E62.84615
G1 X217.653 Y220.502 E62.85146
G1 X217.194 Y220.041 E62.86225
G1 X217.194 Y217.255 E62.90846
G1 X217.506 Y216.912 E62.91616
G1 X217.567 Y216.732 E62.91931
G1 X217.555 Y216.611 E62.92133
G1 X217.658 Y216.251 E62.92754
G1 X217.556 Y215.855 E62.93432
G1 X217.658 Y215.458 E62.94112
G1 X217.555 Y215.096 E62.94736
G1 X217.658 Y214.735 E62.95359
G1 X217.566 Y214.373 E62.95979
G1 X217.194 Y213.98 E62.96876
G1 X217.194 Y212.244 E62.99756
G1 X217.521 Y211.899 E63.00545
G1 X218.225 Y211.702 E63.01757
G1 F2700 E61.71757
G0 F9150 X216.908 Y228.403
G0 X213.171 Y228.403
G0 X211.807 Y221.575
G1 F2700 E63.01757
G1 F3869.1 X212.324 Y222.12 E63.03004
G1 X212.433 Y222.482 E63.03631
G1 X212.882 Y222.968 E63.04728
G1 X212.882 Y225.445 E63.08837
G1 X212.59 Y225.74 E63.09526
G1 X212.422 Y226.389 E63.10638
G1 X212.518 Y226.777 E63.11301
G1 X212.418 Y227.186 E63.11999
G1 X212.517 Y227.542 E63.12612
G1 X212.324 Y228.246 E63.13823
G1 X211.806 Y228.76 E63.15034
G1 X211.102 Y228.957 E63.16246
G1 X210.431 Y228.761 E63.17406
G1 X209.883 Y228.213 E63.18692
G1 X209.683 Y227.543 E63.19852
G1 X209.786 Y227.142 E63.20538
G1 X209.683 Y226.78 E63.21163
G1 X209.786 Y226.382 E63.21845
G1 X209.683 Y226.019 E63.22471
G1 X209.789 Y225.599 E63.23189
G1 X209.692 Y225.263 E63.23769
G1 X209.899 Y224.569 E63.24971
G1 X209.994 Y224.352 E63.25364
G1 X209.884 Y224.171 E63.25715
G1 X209.687 Y223.501 E63.26873
G1 X209.729 Y223.301 E63.27212
G1 X209.687 Y223.147 E63.27477
G1 X209.73 Y222.951 E63.2781
G1 X209.684 Y222.789 E63.28089
G1 X209.88 Y222.117 E63.29251
G1 X210.396 Y221.575 E63.30492
G1 X211.103 Y221.379 E63.31709
G1 X211.807 Y221.575 E63.32921
G1 F2700 E62.02921
G0 F9150 X213.171 Y228.403
G0 X216.908 Y228.403
G0 X217.194 Y224.368
G1 F2700 E63.32921
G1 F3869.1 X217.521 Y224.023 E63.3371
G1 X218.225 Y223.826 E63.34923
G1 X218.931 Y224.023 E63.36138
G1 X219.146 Y224.226 E63.36629
G1 X219.679 Y224.375 E63.37547
G1 X220.196 Y224.92 E63.38793
G1 X220.389 Y225.59 E63.3995
G1 X220.346 Y225.76 E63.40241
G1 X220.39 Y226.193 E63.40963
G1 X220.262 Y226.698 E63.41827
G1 X220.389 Y227.142 E63.42593
G1 X220.192 Y227.846 E63.43806
G1 X219.678 Y228.364 E63.45016
G1 X218.97 Y228.561 E63.46235
G1 X218.303 Y228.365 E63.47388
G1 X217.751 Y227.813 E63.48683
G1 X217.555 Y227.146 E63.49837
G1 X217.678 Y226.695 E63.50612
G1 X217.64 Y226.554 E63.50854
G1 X217.194 Y226.104 E63.51905
G1 X217.194 Y224.368 E63.54785
G1 F2700 E62.24785
;MESH:upperRightPad.stl
G0 F9150 X215.816 Y224.366
G0 X214.744 Y215.001
G0 X214.454 Y215
M204 S688
;TYPE:WALL-INNER
G1 F2700 E63.54785
G1 F3869.1 X214.454 Y227.118 E63.75945
G1 X215.622 Y227.118 E63.77985
G1 X215.625 Y202.879 E64.2031
G1 X214.455 Y202.879 E64.22353
G1 X214.454 Y215 E64.43518
M204 S1000
G0 F9150 X214.034 Y215
M204 S688
;TYPE:WALL-OUTER
G1 F3869.1 X214.034 Y227.538 E64.65411
G1 X216.042 Y227.538 E64.68917
G1 X216.045 Y202.459 E65.12709
G1 X214.035 Y202.459 E65.16219
G1 X214.034 Y215 E65.38118
M204 S1000
G0 F9150 X214.034 Y215.2
G0 X214.84 Y215
;TYPE:SKIN
G1 F4124.4 X214.842 Y203.266 E65.57339
G1 F4113.9 X215.238 Y203.266 E65.57989
G1 F4103.5 X215.234 Y226.73 E65.9662
G1 X214.838 Y226.73 E65.97272
G1 F4113.9 X214.84 Y215 E66.16535
G0 F9150 X215.016 Y215
G1 F2700 E64.86535
;MESH:NONMESH
G0 F600 X215.016 Y215 Z0.6
G0 F9150 X214.259 Y202.684
G0 X213.159 Y202.684
G0 X210.441 Y201.683
;TIME_ELAPSED:49.640043
;LAYER:3
;note -- min layer time used
M204 S1250
;TYPE:SUPPORT
G1 F2700 E66.16535
G1 F3688.1 X211.104 Y201.495 E66.17678
G1 X211.767 Y201.683 E66.18821
G1 X212.256 Y202.196 E66.19997
G1 X212.437 Y202.826 E66.21084
G1 X212.252 Y203.49 E66.22228
G1 X212.141 Y203.605 E66.22493
G1 X212.102 Y203.708 E66.22675
G1 X212.141 Y203.851 E66.22921
G1 X212.252 Y203.969 E66.2319
G1 X212.38 Y204.4 E66.23936
G1 X212.513 Y204.517 E66.2423
G1 X212.934 Y204.956 E66.25239
G1 X212.934 Y206.392 E66.27621
G1 X212.514 Y206.808 E66.28601
G1 X211.85 Y206.993 E66.29745
G1 X211.222 Y206.809 E66.3083
G1 X211.028 Y206.631 E66.31267
G1 X210.472 Y206.461 E66.32232
G1 X209.955 Y205.941 E66.33448
G1 X209.771 Y205.313 E66.34534
G1 X209.814 Y205.153 E66.34808
G1 X209.771 Y204.957 E66.35141
G1 X209.814 Y204.761 E66.35474
G1 X209.768 Y204.598 E66.35755
G1 X209.952 Y203.972 E66.36837
G1 X210.076 Y203.839 E66.37139
G1 X210.118 Y203.732 E66.3733
G1 X210.081 Y203.592 E66.3757
G1 X209.955 Y203.458 E66.37875
G1 X209.767 Y202.823 E66.38974
G1 X209.952 Y202.196 E66.40058
G1 X210.441 Y201.683 E66.41234
G1 F2700 E65.11234
G0 F10125 X211.103 Y209.334
G1 F2700 E66.41234
G1 F3688.1 X211.767 Y209.519 E66.42377
G1 X212.252 Y210.032 E66.43548
G1 X212.338 Y210.292 E66.44003
G1 X212.515 Y210.399 E66.44346
G1 X212.934 Y210.837 E66.45351
G1 X212.934 Y212.452 E66.4803
G1 X212.566 Y212.821 E66.48895
G1 X212.333 Y213.749 E66.50482
G1 X212.437 Y214.118 E66.51118
G1 X212.338 Y214.526 E66.51814
G1 X212.437 Y214.875 E66.52416
G1 X212.338 Y215.286 E66.53117
G1 X212.437 Y215.635 E66.53719
G1 X212.338 Y216.042 E66.54414
G1 X212.468 Y216.587 E66.55343
G1 X212.934 Y217.08 E66.56469
G1 X212.934 Y218.516 E66.58851
G1 X212.514 Y218.932 E66.59832
G1 X211.85 Y219.117 E66.60975
G1 X211.22 Y218.933 E66.62064
G1 X211.026 Y218.75 E66.62506
G1 X210.471 Y218.585 E66.63467
G1 X209.955 Y218.069 E66.64677
G1 X209.767 Y217.435 E66.65774
G1 X209.81 Y217.273 E66.66052
G1 X209.771 Y217.086 E66.66369
G1 X209.814 Y216.891 E66.667
G1 X209.772 Y216.727 E66.66981
G1 X209.81 Y216.549 E66.67283
G1 X209.771 Y216.398 E66.67542
G1 X209.874 Y216.035 E66.68168
G1 X209.771 Y215.634 E66.68854
G1 X209.87 Y215.238 E66.69532
G1 X209.771 Y214.876 E66.70154
G1 X209.87 Y214.516 E66.70773
G1 X209.771 Y214.119 E66.71452
G1 X209.87 Y213.722 E66.72131
G1 X209.771 Y213.361 E66.72752
G1 X209.869 Y212.92 E66.73501
G1 X209.776 Y212.605 E66.74046
G1 X209.954 Y212.012 E66.75073
G1 X209.771 Y211.373 E66.76176
G1 X209.814 Y211.21 E66.76455
G1 X209.772 Y211.02 E66.76778
G1 X209.814 Y210.825 E66.77109
G1 X209.768 Y210.661 E66.77392
G1 X209.952 Y210.032 E66.78479
G1 X210.441 Y209.519 E66.79654
G1 X211.103 Y209.334 E66.80795
G1 F2700 E65.50795
G0 F10125 X213.222 Y201.597
G0 X216.859 Y201.597
G0 X217.146 Y207.757
G1 F2700 E66.80795
G1 F3688.1 X217.146 Y206.343 E66.8314
G1 X217.282 Y206.186 E66.83485
G1 X217.282 Y205.988 E66.83813
G1 X217.146 Y205.838 E66.84149
G1 X217.146 Y204.424 E66.86495
G1 X217.376 Y204.178 E66.87053
G1 X217.532 Y203.681 E66.87918
G1 X217.663 Y203.529 E66.8825
G1 X217.742 Y203.214 E66.88789
G1 X217.64 Y202.853 E66.89411
G1 X217.722 Y202.567 E66.89905
G1 X217.64 Y202.243 E66.90459
G1 X217.824 Y201.616 E66.91543
G1 X218.313 Y201.103 E66.92719
G1 X218.975 Y200.915 E66.93861
G1 X219.635 Y201.103 E66.94999
G1 X220.124 Y201.616 E66.96175
G1 X220.309 Y202.246 E66.97264
G1 X220.23 Y202.537 E66.97764
G1 X220.309 Y202.853 E66.98304
G1 X220.206 Y203.258 E66.98998
G1 X220.309 Y203.611 E66.99608
G1 X220.195 Y204.024 E67.00318
G1 X220.284 Y204.368 E67.00908
G1 X220.093 Y205.035 E67.02059
G1 X219.602 Y205.506 E67.03187
G1 X219.441 Y205.602 E67.03498
G1 X219.326 Y205.951 E67.04108
G1 X219.348 Y206.121 E67.04392
G1 X219.44 Y206.204 E67.04598
G1 X219.638 Y206.263 E67.0494
G1 X220.124 Y206.776 E67.06113
G1 X220.309 Y207.405 E67.072
G1 X220.266 Y207.571 E67.07485
G1 X220.306 Y208.007 E67.08211
G1 X220.124 Y208.67 E67.09352
G1 X219.638 Y209.156 E67.10492
G1 X218.974 Y209.341 E67.11635
G1 X218.343 Y209.157 E67.12725
G1 X217.826 Y208.641 E67.13937
G1 X217.689 Y208.259 E67.1461
G1 X217.591 Y208.201 E67.14799
G1 X217.146 Y207.757 E67.15842
G1 F2700 E65.85842
G0 F10125 X218.225 Y211.783
G1 F2700 E67.15842
G1 F3688.1 X218.892 Y211.971 E67.16992
G1 X219.083 Y212.159 E67.17436
G1 X219.639 Y212.323 E67.18398
G1 X220.124 Y212.836 E67.19569
G1 X220.309 Y213.47 E67.20664
G1 X220.279 Y213.637 E67.20946
G1 X220.312 Y213.758 E67.21154
G1 X220.278 Y214.215 E67.21914
G1 X220.306 Y214.337 E67.22122
G1 X220.206 Y214.742 E67.22814
G1 X220.305 Y215.094 E67.2342
G1 X220.206 Y215.465 E67.24057
G1 X220.309 Y215.851 E67.2472
G1 X220.206 Y216.224 E67.25362
G1 X220.305 Y216.611 E67.26025
G1 X220.184 Y217.056 E67.2679
G1 X220.26 Y217.368 E67.27322
G1 X220.069 Y218.031 E67.28467
G1 X219.791 Y218.303 E67.29112
G1 X219.757 Y218.387 E67.29262
G1 X219.783 Y218.532 E67.29507
G1 X220.124 Y218.9 E67.30339
G1 X220.305 Y219.529 E67.31425
G1 X220.262 Y219.694 E67.31708
G1 X220.305 Y219.887 E67.32036
G1 X220.278 Y219.993 E67.32217
G1 X220.305 Y220.134 E67.32455
G1 X220.12 Y220.794 E67.33592
G1 X219.634 Y221.28 E67.34732
G1 X218.97 Y221.465 E67.35876
G1 X218.343 Y221.281 E67.3696
G1 X217.823 Y220.765 E67.38175
G1 X217.731 Y220.447 E67.38724
G1 X217.59 Y220.325 E67.39033
G1 X217.142 Y219.88 E67.40081
G1 X217.142 Y217.425 E67.44153
G1 X217.354 Y217.197 E67.4467
G1 X217.511 Y216.691 E67.45549
G1 X217.648 Y216.549 E67.45876
G1 X217.742 Y216.214 E67.46453
G1 X217.64 Y215.855 E67.47072
G1 X217.742 Y215.458 E67.47752
G1 X217.639 Y215.096 E67.48377
G1 X217.742 Y214.698 E67.49059
G1 X217.625 Y214.308 E67.49734
G1 X217.146 Y213.817 E67.50872
G1 X217.146 Y212.412 E67.53203
G1 X217.562 Y211.971 E67.54208
G1 X218.225 Y211.783 E67.55351
G1 F2700 E66.25351
G0 F10125 X218.225 Y223.907
G1 F2700 E67.55351
G1 F3688.1 X218.89 Y224.095 E67.56498
G1 X219.116 Y224.302 E67.57006
G1 X219.635 Y224.447 E67.579
G1 X220.124 Y224.96 E67.59076
G1 X220.305 Y225.589 E67.60162
G1 X220.262 Y225.754 E67.60444
G1 X220.305 Y225.947 E67.60772
G1 X220.278 Y226.053 E67.60954
G1 X220.305 Y226.194 E67.61192
G1 X220.178 Y226.66 E67.61993
G1 X220.305 Y227.142 E67.6282
G1 X220.12 Y227.806 E67.63963
G1 X219.634 Y228.292 E67.65104
G1 X218.97 Y228.477 E67.66247
G1 X218.343 Y228.293 E67.67331
G1 X217.823 Y227.773 E67.68551
G1 X217.64 Y227.145 E67.69636
G1 X217.774 Y226.643 E67.70498
G1 X217.724 Y226.523 E67.70714
G1 X217.142 Y225.94 E67.7208
G1 X217.142 Y224.536 E67.74409
G1 X217.561 Y224.095 E67.75418
G1 X218.225 Y223.907 E67.76563
G1 F2700 E66.46563
G0 F10125 X216.858 Y228.403
G0 X213.221 Y228.403
G0 X212.934 Y223.907
G1 F2700 E67.76563
G1 F3688.1 X212.934 Y225.276 E67.78834
G1 X212.718 Y225.528 E67.79385
G1 X212.594 Y225.948 E67.80111
G1 X212.403 Y226.15 E67.80572
G1 X212.334 Y226.426 E67.81044
G1 X212.436 Y226.778 E67.81652
G1 X212.334 Y227.149 E67.8229
G1 X212.437 Y227.543 E67.82966
G1 X212.252 Y228.202 E67.84101
G1 X211.766 Y228.688 E67.85241
G1 X211.102 Y228.873 E67.86385
G1 X210.471 Y228.689 E67.87475
G1 X209.955 Y228.173 E67.88686
G1 X209.767 Y227.539 E67.89783
G1 X209.87 Y227.142 E67.90463
G1 X209.767 Y226.78 E67.91087
G1 X209.87 Y226.382 E67.91769
G1 X209.767 Y226.019 E67.92395
G1 X209.905 Y225.485 E67.9331
G1 X209.844 Y225.269 E67.93682
G1 X210.035 Y224.636 E67.94779
G1 X210.137 Y224.518 E67.95038
G1 X210.141 Y224.34 E67.95333
G1 X209.955 Y224.133 E67.95795
G1 X209.768 Y223.5 E67.9689
G1 X209.81 Y223.34 E67.97164
G1 X209.767 Y223.147 E67.97492
G1 X209.81 Y222.95 E67.97827
G1 X209.767 Y222.791 E67.981
G1 X209.952 Y222.16 E67.99191
G1 X210.441 Y221.647 E68.00367
G1 X211.104 Y221.459 E68.0151
G1 X211.767 Y221.647 E68.02653
G1 X212.252 Y222.156 E68.03819
G1 X212.377 Y222.584 E68.04559
G1 X212.516 Y222.701 E68.0486
G1 X212.934 Y223.137 E68.05862
G1 X212.934 Y223.907 E68.07139
G1 F2700 E66.77139
;MESH:upperRightPad.stl
G0 F10125 X214.314 Y223.909
G0 X214.794 Y215.001
G0 X214.502 Y215
M204 S781
;TYPE:WALL-INNER
G1 F2700 E68.07139
G1 F3688.1 X214.502 Y227.118 E68.28299
G1 X215.574 Y227.118 E68.30171
G1 X215.574 Y202.878 E68.72498
G1 X214.502 Y202.878 E68.7437
G1 X214.502 Y215 E68.95537
M204 S1250
G0 F10125 X214.082 Y215
M204 S781
;TYPE:WALL-OUTER
G1 F3688.1 X214.082 Y227.538 E69.1743
G1 X215.994 Y227.538 E69.20769
G1 X215.994 Y202.458 E69.64563
G1 X214.082 Y202.458 E69.67901
G1 X214.082 Y215 E69.89801
M204 S1250
G0 F10125 X214.082 Y215.2
G0 X214.862 Y215
;TYPE:SKIN
G1 F4451.1 X214.862 Y203.238 E70.06819
G1 X215.21 Y203.238 E70.07322
G1 X215.21 Y226.754 E70.41346
G1 X214.862 Y226.754 E70.41849
G1 X214.862 Y215 E70.58855
G0 F10125 X214.966 Y215
G1 F2700 E69.28855
;MESH:NONMESH
G0 F600 X214.966 Y215 Z0.7
G0 F10125 X214.309 Y202.684
G0 X213.209 Y202.684
G0 X210.481 Y201.755
;TIME_ELAPSED:60.391434
;LAYER:4
;note -- min layer time used
M204 S1500
;TYPE:SUPPORT
G1 F2700 E70.58855
G1 F3462.9 X211.105 Y201.579 E70.59931
G1 X211.727 Y201.755 E70.61003
G1 X212.184 Y202.232 E70.62099
G1 X212.353 Y202.825 E70.63122
G1 X212.18 Y203.45 E70.64197
G1 X212.04 Y203.592 E70.64528
G1 X211.994 Y203.704 E70.64729
G1 X212.04 Y203.856 E70.64992
G1 X212.18 Y204.004 E70.6533
G1 X212.311 Y204.452 E70.66105
G1 X212.367 Y204.528 E70.66261
G1 X212.515 Y204.591 E70.66528
G1 X212.982 Y205.073 E70.67641
G1 X212.982 Y206.296 E70.6967
G1 X212.527 Y206.747 E70.70733
G1 X211.898 Y206.918 E70.71814
G1 X211.258 Y206.736 E70.72918
G1 X211.055 Y206.55 E70.73375
G1 X210.511 Y206.389 E70.74316
G1 X210.027 Y205.901 E70.75456
G1 X209.852 Y205.311 E70.76477
G1 X209.894 Y205.155 E70.76745
G1 X209.851 Y204.957 E70.77081
G1 X209.892 Y204.816 E70.77325
G1 X209.851 Y204.601 E70.77688
G1 X210.024 Y204.009 E70.78711
G1 X210.177 Y203.848 E70.79079
G1 X210.226 Y203.732 E70.79288
G1 X210.182 Y203.582 E70.79547
G1 X210.027 Y203.422 E70.79917
G1 X209.851 Y202.824 E70.80951
G1 X210.024 Y202.236 E70.81968
G1 X210.481 Y201.755 E70.83068
G1 F2700 E69.53068
G0 F11100 X211.103 Y209.415
G1 F2700 E70.83068
G1 F3462.9 X211.723 Y209.591 E70.84137
G1 X212.18 Y210.072 E70.85238
G1 X212.293 Y210.378 E70.85779
G1 X212.515 Y210.475 E70.86181
G1 X212.982 Y210.957 E70.87294
G1 X212.982 Y212.366 E70.89632
G1 X212.661 Y212.728 E70.90434
G1 X212.517 Y213.216 E70.91278
G1 X212.35 Y213.396 E70.91686
G1 X212.254 Y213.766 E70.9232
G1 X212.353 Y214.118 E70.92926
G1 X212.254 Y214.526 E70.93623
G1 X212.353 Y214.875 E70.94224
G1 X212.254 Y215.282 E70.94919
G1 X212.353 Y215.634 E70.95526
G1 X212.254 Y216.042 E70.96222
G1 X212.37 Y216.566 E70.97113
G1 X212.982 Y217.202 E70.98577
G1 X212.982 Y218.416 E71.00591
G1 X212.523 Y218.868 E71.01659
G1 X211.893 Y219.041 E71.02743
G1 X211.254 Y218.86 E71.03845
G1 X211.068 Y218.68 E71.04274
G1 X210.511 Y218.513 E71.05239
G1 X210.023 Y218.029 E71.06379
G1 X209.851 Y217.436 E71.07403
G1 X209.894 Y217.27 E71.07688
G1 X209.851 Y217.082 E71.08007
G1 X209.893 Y216.876 E71.08356
G1 X209.851 Y216.726 E71.08615
G1 X209.89 Y216.544 E71.08923
G1 X209.852 Y216.397 E71.09175
G1 X209.954 Y215.998 E71.09858
G1 X209.851 Y215.636 E71.10483
G1 X209.954 Y215.238 E71.11165
G1 X209.851 Y214.876 E71.11789
G1 X209.954 Y214.478 E71.12471
G1 X209.852 Y214.119 E71.1309
G1 X209.954 Y213.722 E71.1377
G1 X209.851 Y213.359 E71.14396
G1 X209.988 Y212.891 E71.15205
G1 X209.92 Y212.599 E71.15702
G1 X210.067 Y212.117 E71.16538
G1 X209.851 Y211.375 E71.1782
G1 X209.894 Y211.212 E71.181
G1 X209.852 Y211.02 E71.18426
G1 X209.894 Y210.824 E71.18758
G1 X209.851 Y210.665 E71.19032
G1 X210.024 Y210.073 E71.20055
G1 X210.481 Y209.591 E71.21157
G1 X211.103 Y209.415 E71.22229
G1 F2700 E69.92229
G0 F11100 X213.272 Y201.597
G0 X216.809 Y201.597
G0 X217.094 Y212.532
G1 F2700 E71.22229
G1 F3462.9 X217.568 Y212.036 E71.23367
G1 X218.203 Y211.862 E71.24459
G1 X218.848 Y212.04 E71.25569
G1 X219.055 Y212.237 E71.26043
G1 X219.598 Y212.395 E71.26981
G1 X220.052 Y212.876 E71.28078
G1 X220.225 Y213.471 E71.29106
G1 X220.195 Y213.642 E71.29394
G1 X220.228 Y213.761 E71.29599
G1 X220.198 Y213.967 E71.29944
G1 X220.225 Y214.073 E71.30126
G1 X220.194 Y214.217 E71.3037
G1 X220.222 Y214.337 E71.30575
G1 X220.122 Y214.742 E71.31267
G1 X220.224 Y215.094 E71.31875
G1 X220.122 Y215.465 E71.32513
G1 X220.224 Y215.854 E71.3318
G1 X220.122 Y216.23 E71.33826
G1 X220.225 Y216.611 E71.34481
G1 X220.036 Y217.29 E71.3565
G1 X220.039 Y217.324 E71.35707
G1 X219.853 Y217.967 E71.36817
G1 X219.568 Y218.283 E71.37523
G1 X219.593 Y218.447 E71.37798
G1 X220.052 Y218.94 E71.38916
G1 X220.225 Y219.529 E71.39934
G1 X220.182 Y219.693 E71.40215
G1 X220.222 Y220.131 E71.40945
G1 X220.052 Y220.754 E71.42016
G1 X219.594 Y221.212 E71.43091
G1 X218.974 Y221.385 E71.44158
G1 X218.383 Y221.209 E71.45181
G1 X217.895 Y220.721 E71.46326
G1 X217.8 Y220.398 E71.46885
G1 X217.701 Y220.289 E71.47129
G1 X217.59 Y220.253 E71.47322
G1 X217.094 Y219.759 E71.48484
G1 X217.094 Y217.549 E71.5215
G1 X217.235 Y217.389 E71.52503
G1 X217.439 Y216.711 E71.53678
G1 X217.636 Y216.511 E71.54144
G1 X217.773 Y216.031 E71.54972
G1 X217.724 Y215.853 E71.55278
G1 X217.826 Y215.458 E71.55955
G1 X217.723 Y215.096 E71.56579
G1 X217.826 Y214.735 E71.57202
G1 X217.667 Y214.257 E71.58037
G1 X217.094 Y213.688 E71.59377
G1 X217.094 Y212.532 E71.61295
G1 F2700 E70.31295
G0 F11100 X218.383 Y209.085
G1 F2700 E71.61295
G1 F3462.9 X217.895 Y208.597 E71.62439
G1 X217.779 Y208.234 E71.63072
G1 X217.609 Y208.131 E71.63401
G1 X217.094 Y207.627 E71.64597
G1 X217.094 Y206.471 E71.66514
G1 X217.339 Y206.209 E71.67109
G1 X217.382 Y206.057 E71.67371
G1 X217.338 Y205.95 E71.67563
G1 X217.094 Y205.704 E71.68138
G1 X217.094 Y204.548 E71.70056
G1 X217.254 Y204.369 E71.70454
G1 X217.462 Y203.712 E71.71597
G1 X217.614 Y203.559 E71.71955
G1 X217.773 Y203.029 E71.72873
G1 X217.723 Y202.851 E71.7318
G1 X217.802 Y202.53 E71.73728
G1 X217.723 Y202.245 E71.74219
G1 X217.896 Y201.656 E71.75237
G1 X218.353 Y201.175 E71.76337
G1 X218.976 Y200.999 E71.77411
G1 X219.596 Y201.175 E71.78481
G1 X220.056 Y201.652 E71.7958
G1 X220.225 Y202.245 E71.80603
G1 X220.146 Y202.537 E71.81104
G1 X220.225 Y202.85 E71.8164
G1 X220.124 Y203.275 E71.82365
G1 X220.225 Y203.611 E71.82947
G1 X220.046 Y204.266 E71.84073
G1 X220.056 Y204.338 E71.84194
G1 X219.877 Y204.963 E71.85272
G1 X219.411 Y205.41 E71.86343
G1 X219.3 Y205.755 E71.86944
G1 X219.146 Y205.916 E71.87314
G1 X219.106 Y206.025 E71.87507
G1 X219.154 Y206.175 E71.87768
G1 X219.596 Y206.336 E71.88548
G1 X220.056 Y206.816 E71.89651
G1 X220.225 Y207.405 E71.90668
G1 X220.182 Y207.569 E71.90949
G1 X220.225 Y207.763 E71.91278
G1 X220.198 Y207.868 E71.91458
G1 X220.225 Y208.01 E71.91698
G1 X220.052 Y208.63 E71.92766
G1 X219.594 Y209.088 E71.9384
G1 X218.974 Y209.261 E71.94908
G1 X218.383 Y209.085 E71.95931
G1 F2700 E70.65931
G0 F11100 X216.808 Y228.403
G0 X213.271 Y228.403
G0 X211.723 Y221.719
G1 F2700 E71.95931
G1 F3462.9 X212.18 Y222.2 E71.97032
G1 X212.308 Y222.634 E71.97782
G1 X212.403 Y222.735 E71.98012
G1 X212.518 Y222.774 E71.98214
G1 X212.975 Y223.248 E71.99306
G1 X212.978 Y225.204 E72.02551
G1 X212.839 Y225.359 E72.02896
G1 X212.67 Y225.916 E72.03861
G1 X212.446 Y226.172 E72.04426
G1 X212.322 Y226.651 E72.05247
G1 X212.353 Y226.779 E72.05465
G1 X212.25 Y227.149 E72.06102
G1 X212.353 Y227.543 E72.06778
G1 X212.18 Y228.162 E72.07844
G1 X211.722 Y228.62 E72.08918
G1 X211.102 Y228.793 E72.09986
G1 X210.511 Y228.621 E72.11007
G1 X210.023 Y228.133 E72.12152
G1 X209.851 Y227.541 E72.13175
G1 X209.954 Y227.179 E72.13799
G1 X209.851 Y226.78 E72.14483
G1 X209.953 Y226.377 E72.15172
G1 X209.851 Y226.021 E72.15786
G1 X210.303 Y224.505 E72.18411
G1 X210.292 Y224.385 E72.18611
G1 X210.023 Y224.093 E72.19269
G1 X209.851 Y223.501 E72.20292
G1 X209.894 Y223.344 E72.20562
G1 X209.851 Y223.147 E72.20896
G1 X209.894 Y222.948 E72.21234
G1 X209.851 Y222.791 E72.21504
G1 X210.024 Y222.2 E72.22526
G1 X210.481 Y221.719 E72.23626
G1 X211.103 Y221.543 E72.24699
G1 X211.723 Y221.719 E72.25768
G1 F2700 E70.95768
G0 F11100 X213.271 Y228.403
G0 X216.808 Y228.403
G0 X217.095 Y224.655
G1 F2700 E72.25768
G1 F3462.9 X217.564 Y224.163 E72.26895
G1 X218.201 Y223.986 E72.27992
G1 X218.848 Y224.164 E72.29105
G1 X219.053 Y224.36 E72.29576
G1 X219.595 Y224.519 E72.30513
G1 X220.052 Y225 E72.31613
G1 X220.225 Y225.593 E72.32638
G1 X220.182 Y225.756 E72.32918
G1 X220.222 Y226.191 E72.33642
G1 X220.095 Y226.652 E72.34435
G1 X220.225 Y227.143 E72.35278
G1 X220.052 Y227.766 E72.36351
G1 X219.594 Y228.22 E72.3742
G1 X218.974 Y228.393 E72.38488
G1 X218.383 Y228.221 E72.39509
G1 X217.895 Y227.733 E72.40654
G1 X217.723 Y227.145 E72.4167
G1 X217.885 Y226.584 E72.42639
G1 X217.846 Y226.431 E72.42901
G1 X217.599 Y226.313 E72.43355
G1 X217.094 Y225.816 E72.4453
G1 X217.095 Y224.655 E72.46456
G1 F2700 E71.16456
;MESH:upperRightPad.stl
G0 F11100 X215.716 Y224.653
G0 X214.844 Y215.001
G0 X214.554 Y215
M204 S875
;TYPE:WALL-INNER
G1 F2700 E72.46456
G1 F3462.9 X214.554 Y227.118 E72.67616
G1 X215.522 Y227.118 E72.69306
G1 X215.525 Y202.879 E73.11631
G1 X214.555 Y202.879 E73.13325
G1 X214.554 Y215 E73.3449
M204 S1500
G0 F11100 X214.134 Y215
M204 S875
;TYPE:WALL-OUTER
G1 F3462.9 X214.134 Y227.538 E73.56384
G1 X215.942 Y227.538 E73.59541
G1 X215.945 Y202.459 E74.03333
G1 X214.135 Y202.459 E74.06493
G1 X214.134 Y215 E74.28392
M204 S1500
G0 F11100 X214.134 Y215.2
G1 F2700 E72.98392
G0 F11100 X214.844 Y215.201
G0 X215.04 Y203.364
;TYPE:SKIN
G1 F2700 E74.28392
G1 F2460.9 X215.036 Y226.632 E74.85563
G0 F11100 X214.916 Y226.632
G1 F2700 E73.55563
;MESH:NONMESH
G0 F600 X214.916 Y226.632 Z0.8
G0 F11100 X214.359 Y202.684
G0 X213.259 Y202.684
G0 X210.524 Y201.823
;TIME_ELAPSED:71.078733
;LAYER:5
;note -- min layer time used
M204 S1750
;TYPE:SUPPORT
G1 F2700 E74.85563
G1 F3443.2 X211.103 Y201.662 E74.8656
G1 X211.683 Y201.823 E74.87559
G1 X212.112 Y202.276 E74.88594
G1 X212.273 Y202.825 E74.89543
G1 X212.104 Y203.415 E74.90561
G1 X211.939 Y203.583 E74.90952
G1 X211.886 Y203.704 E74.91171
G1 X211.94 Y203.865 E74.91452
G1 X212.108 Y204.047 E74.91863
G1 X212.26 Y204.528 E74.927
G1 X212.351 Y204.605 E74.92898
G1 X212.598 Y204.673 E74.93323
G1 X213.033 Y205.114 E74.9435
G1 X213.026 Y206.289 E74.963
G1 X212.617 Y206.682 E74.9724
G1 X211.967 Y206.853 E74.98355
G1 X211.317 Y206.664 E74.99478
G1 X211.116 Y206.482 E74.99928
G1 X210.574 Y206.32 E75.00866
G1 X210.114 Y205.871 E75.01933
G1 X209.944 Y205.31 E75.02905
G1 X209.982 Y205.165 E75.03154
G1 X209.935 Y204.959 E75.03504
G1 X209.977 Y204.806 E75.03768
G1 X209.935 Y204.599 E75.04118
G1 X210.092 Y204.052 E75.05062
G1 X210.281 Y203.853 E75.05517
G1 X210.338 Y203.728 E75.05745
G1 X210.287 Y203.57 E75.06021
G1 X210.094 Y203.38 E75.0647
G1 X209.931 Y202.828 E75.07425
G1 X210.096 Y202.273 E75.08385
G1 X210.524 Y201.823 E75.09415
G1 F2700 E73.79415
G0 F12075 X211.103 Y209.499
G1 F2700 E75.09415
G1 F3443.2 X211.683 Y209.663 E75.10415
G1 X212.112 Y210.112 E75.11445
G1 X212.179 Y210.348 E75.11852
G1 X212.281 Y210.47 E75.12116
G1 X212.598 Y210.561 E75.12663
G1 X213.033 Y210.999 E75.13687
G1 X213.026 Y212.348 E75.15925
G1 X212.751 Y212.678 E75.16638
G1 X212.59 Y213.171 E75.17498
G1 X212.396 Y213.364 E75.17952
G1 X212.234 Y213.935 E75.18936
G1 X212.27 Y214.118 E75.19246
G1 X212.17 Y214.488 E75.19882
G1 X212.273 Y214.875 E75.20546
G1 X212.17 Y215.245 E75.21183
G1 X212.269 Y215.634 E75.21849
G1 X212.17 Y216.042 E75.22545
G1 X212.273 Y216.403 E75.23168
G1 X212.242 Y216.535 E75.23393
G1 X212.275 Y216.662 E75.23611
G1 X212.365 Y216.74 E75.23808
G1 X212.59 Y216.804 E75.24196
G1 X213.034 Y217.251 E75.25241
G1 X213.034 Y218.413 E75.27169
G1 X212.614 Y218.81 E75.28128
G1 X211.975 Y218.978 E75.29224
G1 X211.313 Y218.788 E75.30366
G1 X211.123 Y218.604 E75.30805
G1 X210.574 Y218.444 E75.31754
G1 X210.114 Y217.995 E75.3282
G1 X209.944 Y217.434 E75.33792
G1 X209.982 Y217.289 E75.34041
G1 X209.935 Y217.083 E75.34391
G1 X209.977 Y216.93 E75.34655
G1 X209.936 Y216.727 E75.34998
G1 X209.974 Y216.549 E75.353
G1 X209.935 Y216.398 E75.35559
G1 X210.038 Y216.035 E75.36185
G1 X209.935 Y215.636 E75.36868
G1 X210.038 Y215.275 E75.37491
G1 X209.935 Y214.877 E75.38173
G1 X210.038 Y214.516 E75.38796
G1 X209.936 Y214.119 E75.39476
G1 X210.037 Y213.715 E75.40167
G1 X209.935 Y213.359 E75.40781
G1 X210.276 Y212.186 E75.42807
G1 X210.234 Y212.057 E75.43032
G1 X210.114 Y211.932 E75.4332
G1 X209.944 Y211.374 E75.44287
G1 X209.982 Y211.226 E75.44541
G1 X209.935 Y211.021 E75.4489
G1 X209.977 Y210.821 E75.45229
G1 X209.935 Y210.665 E75.45497
G1 X210.096 Y210.112 E75.46452
G1 X210.521 Y209.663 E75.47478
G1 X211.103 Y209.499 E75.48481
G1 F2700 E74.18481
G0 F12075 X213.322 Y201.597
G0 X216.759 Y201.597
G0 X217.046 Y212.543
G1 F2700 E75.48481
G1 F3443.2 X217.485 Y212.101 E75.49514
G1 X218.131 Y211.93 E75.50623
G1 X218.792 Y212.112 E75.5176
G1 X218.97 Y212.295 E75.52184
G1 X219.529 Y212.464 E75.53152
G1 X219.966 Y212.914 E75.54193
G1 X220.136 Y213.471 E75.55159
G1 X220.108 Y213.631 E75.55428
G1 X220.144 Y213.76 E75.5565
G1 X220.114 Y213.968 E75.55999
G1 X220.141 Y214.075 E75.56182
G1 X220.114 Y214.188 E75.56375
G1 X220.142 Y214.337 E75.56626
G1 X220.042 Y214.742 E75.57318
G1 X220.141 Y215.095 E75.57927
G1 X220.042 Y215.498 E75.58615
G1 X220.141 Y215.854 E75.59228
G1 X220.038 Y216.244 E75.59897
G1 X220.133 Y216.61 E75.60524
G1 X219.965 Y217.196 E75.61536
G1 X219.8 Y217.373 E75.61937
G1 X219.64 Y217.909 E75.62865
G1 X219.382 Y218.222 E75.63538
G1 X219.407 Y218.395 E75.63828
G1 X219.969 Y218.982 E75.65176
G1 X220.137 Y219.531 E75.66128
G1 X220.098 Y219.683 E75.66388
G1 X220.141 Y219.884 E75.66729
G1 X220.114 Y220.019 E75.66958
G1 X220.141 Y220.137 E75.67159
G1 X219.98 Y220.71 E75.68146
G1 X219.554 Y221.136 E75.69145
G1 X218.97 Y221.301 E75.70152
G1 X218.423 Y221.141 E75.71097
G1 X217.967 Y220.681 E75.72172
G1 X217.871 Y220.361 E75.72726
G1 X217.768 Y220.25 E75.72977
G1 X217.511 Y220.175 E75.73421
G1 X217.042 Y219.729 E75.74495
G1 X217.042 Y217.551 E75.78108
G1 X217.172 Y217.384 E75.78459
G1 X217.371 Y216.735 E75.79585
G1 X217.571 Y216.518 E75.80075
G1 X217.906 Y215.491 E75.81867
G1 X217.807 Y215.095 E75.82544
G1 X217.906 Y214.698 E75.83223
G1 X217.783 Y214.261 E75.83976
G1 X217.725 Y214.18 E75.84141
G1 X217.528 Y214.104 E75.84491
G1 X217.046 Y213.643 E75.85598
G1 X217.046 Y212.543 E75.87422
G1 F2700 E74.57422
G0 F12075 X218.423 Y209.017
G1 F2700 E75.87422
G1 F3443.2 X217.968 Y208.558 E75.88494
G1 X217.818 Y208.152 E75.89212
G1 X217.516 Y208.044 E75.89744
G1 X217.046 Y207.594 E75.90824
G1 X217.046 Y206.479 E75.92673
G1 X217.357 Y206.132 E75.93446
G1 X217.355 Y205.999 E75.93667
G1 X217.046 Y205.67 E75.94416
G1 X217.046 Y204.555 E75.96265
G1 X217.182 Y204.407 E75.96599
G1 X217.386 Y203.756 E75.97731
G1 X217.557 Y203.57 E75.9815
G1 X217.722 Y203.036 E75.99077
G1 X217.774 Y202.973 E75.99212
G1 X217.882 Y202.571 E75.99903
G1 X217.803 Y202.249 E76.00453
G1 X217.968 Y201.692 E76.01416
G1 X218.393 Y201.243 E76.02442
G1 X218.975 Y201.082 E76.03444
G1 X219.555 Y201.243 E76.04442
G1 X219.98 Y201.692 E76.05468
G1 X220.141 Y202.249 E76.0643
G1 X220.062 Y202.537 E76.06925
G1 X220.141 Y202.855 E76.07469
G1 X220.038 Y203.244 E76.08136
G1 X220.133 Y203.61 E76.08763
G1 X219.965 Y204.196 E76.09775
G1 X219.824 Y204.337 E76.10105
G1 X219.661 Y204.891 E76.11063
G1 X219.376 Y205.186 E76.11744
G1 X219.221 Y205.711 E76.12652
G1 X219.109 Y205.827 E76.12919
G1 X219.076 Y205.975 E76.13171
G1 X219.143 Y206.226 E76.13602
G1 X219.219 Y206.31 E76.1379
G1 X219.529 Y206.401 E76.14326
G1 X219.966 Y206.854 E76.1537
G1 X220.136 Y207.41 E76.16334
G1 X220.098 Y207.557 E76.16586
G1 X220.144 Y207.758 E76.16928
G1 X220.114 Y207.895 E76.17161
G1 X220.141 Y208.013 E76.17362
G1 X219.98 Y208.586 E76.18349
G1 X219.554 Y209.012 E76.19348
G1 X218.973 Y209.177 E76.2035
G1 X218.423 Y209.017 E76.213
G1 F2700 E74.913
G0 F12075 X216.758 Y228.403
G0 X213.321 Y228.403
G0 X211.683 Y221.791
G1 F2700 E76.213
G1 F3443.2 X212.108 Y222.236 E76.22321
G1 X212.234 Y222.675 E76.23079
G1 X212.33 Y222.778 E76.23312
G1 X212.594 Y222.856 E76.23769
G1 X213.034 Y223.299 E76.24805
G1 X213.034 Y225.197 E76.27953
G1 X212.907 Y225.336 E76.28266
G1 X212.742 Y225.887 E76.2922
G1 X212.535 Y226.102 E76.29715
G1 X212.373 Y226.642 E76.3065
G1 X212.28 Y226.753 E76.3089
G1 X212.17 Y227.152 E76.31577
G1 X212.269 Y227.542 E76.32244
G1 X212.108 Y228.122 E76.33243
G1 X211.682 Y228.548 E76.34242
G1 X211.102 Y228.709 E76.35241
G1 X210.551 Y228.549 E76.36193
G1 X210.095 Y228.093 E76.37262
G1 X209.935 Y227.544 E76.38211
G1 X210.038 Y227.18 E76.38838
G1 X209.935 Y226.779 E76.39525
G1 X210.042 Y226.393 E76.4019
G1 X209.944 Y226.019 E76.40831
G1 X210.107 Y225.47 E76.41781
G1 X210.306 Y225.266 E76.42254
G1 X210.516 Y224.578 E76.43447
G1 X210.499 Y224.439 E76.43679
G1 X210.114 Y224.059 E76.44577
G1 X209.944 Y223.499 E76.45548
G1 X209.982 Y223.356 E76.45793
G1 X209.935 Y223.147 E76.46148
G1 X209.977 Y222.994 E76.46412
G1 X209.935 Y222.791 E76.46755
G1 X210.092 Y222.24 E76.47706
G1 X210.521 Y221.791 E76.48736
G1 X211.103 Y221.627 E76.49739
G1 X211.683 Y221.791 E76.50739
G1 F2700 E75.20739
G0 F12075 X213.321 Y228.403
G0 X216.758 Y228.403
G0 X217.042 Y224.671
G1 F2700 E76.50739
G1 F3443.2 X217.485 Y224.229 E76.51777
G1 X218.131 Y224.054 E76.52887
G1 X218.788 Y224.236 E76.54018
G1 X218.989 Y224.441 E76.54494
G1 X219.529 Y224.588 E76.55423
G1 X219.969 Y225.042 E76.56471
G1 X220.137 Y225.591 E76.57424
G1 X220.098 Y225.743 E76.57684
G1 X220.141 Y225.944 E76.58025
G1 X220.114 Y226.08 E76.58255
G1 X220.141 Y226.194 E76.5845
G1 X220.014 Y226.66 E76.59251
G1 X220.141 Y227.142 E76.60078
G1 X219.98 Y227.722 E76.61076
G1 X219.554 Y228.148 E76.62075
G1 X218.97 Y228.313 E76.63082
G1 X218.423 Y228.15 E76.64029
G1 X217.967 Y227.693 E76.651
G1 X217.803 Y227.143 E76.66052
G1 X217.934 Y226.684 E76.66844
G1 X217.871 Y226.421 E76.67292
G1 X217.804 Y226.332 E76.67477
G1 X217.52 Y226.236 E76.67975
G1 X217.042 Y225.785 E76.69065
G1 X217.042 Y224.671 E76.70913
G1 F2700 E75.40913
;MESH:upperRightPad.stl
G0 F12075 X215.666 Y224.669
G0 X214.894 Y215.001
G0 X214.602 Y215
M204 S969
;TYPE:WALL-INNER
G1 F2700 E76.70913
G1 F3443.2 X214.602 Y227.118 E76.92073
G1 X215.474 Y227.118 E76.93595
G1 X215.474 Y202.878 E77.35922
G1 X214.602 Y202.878 E77.37445
G1 X214.602 Y215 E77.58612
M204 S1750
G0 F12075 X214.182 Y215
M204 S969
;TYPE:WALL-OUTER
G1 F3443.2 X214.182 Y227.538 E77.80505
G1 X215.894 Y227.538 E77.83494
G1 X215.894 Y202.458 E78.27288
G1 X214.182 Y202.458 E78.30277
G1 X214.182 Y215 E78.52178
M204 S1750
G0 F12075 X214.182 Y215.2
G1 F2700 E77.22178
G0 F12075 X214.894 Y215.201
G0 X215.036 Y203.312
;TYPE:SKIN
G1 F2700 E78.52178
G1 F2915.7 X215.036 Y226.68 E79.00366
G0 F12075 X214.866 Y226.68
G1 F2700 E77.70366
;MESH:NONMESH
G0 F600 X214.866 Y226.68 Z0.9
G0 F12075 X214.894 Y226.68
G0 X214.409 Y202.684
G0 X213.309 Y202.684
G0 X210.562 Y201.895
;TIME_ELAPSED:81.256211
;LAYER:6
;note -- min layer time used
M204 S2000
;TYPE:SUPPORT
G1 F2700 E79.00366
G1 F2920.6 X211.104 Y201.743 E79.01299
G1 X211.646 Y201.895 E79.02233
G1 X212.036 Y202.311 E79.03179
G1 X212.189 Y202.827 E79.04072
G1 X212.04 Y203.368 E79.05003
G1 X211.835 Y203.567 E79.05477
G1 X211.77 Y203.7 E79.05722
G1 X211.825 Y203.862 E79.06006
G1 X212.036 Y204.084 E79.06514
G1 X212.177 Y204.553 E79.07326
G1 X212.275 Y204.647 E79.07552
G1 X212.694 Y204.764 E79.08273
G1 X213.082 Y205.155 E79.09187
G1 X213.082 Y206.282 E79.11057
G1 X212.714 Y206.634 E79.11901
G1 X212.103 Y206.794 E79.12949
G1 X211.444 Y206.608 E79.14085
G1 X211.221 Y206.409 E79.14581
G1 X210.708 Y206.26 E79.15467
G1 X210.265 Y205.837 E79.16483
G1 X210.004 Y205.006 E79.17928
G1 X210.06 Y204.812 E79.18263
G1 X210.019 Y204.603 E79.18616
G1 X210.168 Y204.088 E79.19506
G1 X210.389 Y203.852 E79.20042
G1 X210.446 Y203.728 E79.20268
G1 X210.385 Y203.559 E79.20566
G1 X210.167 Y203.341 E79.21078
G1 X210.019 Y202.829 E79.21962
G1 X210.172 Y202.312 E79.22856
G1 X210.562 Y201.895 E79.23803
G1 F2700 E77.93803
G0 F13050 X211.104 Y209.583
G1 F2700 E79.23803
G1 F2920.6 X211.647 Y209.735 E79.24739
G1 X212.036 Y210.148 E79.2568
G1 X212.129 Y210.439 E79.26187
G1 X212.192 Y210.504 E79.26337
G1 X212.698 Y210.649 E79.2721
G1 X213.082 Y211.038 E79.28117
G1 X213.082 Y212.36 E79.3031
G1 X212.786 Y212.723 E79.31087
G1 X212.666 Y213.125 E79.31783
G1 X212.477 Y213.307 E79.32218
G1 X212.294 Y213.935 E79.33303
G1 X212.226 Y214.007 E79.33467
G1 X212.086 Y214.488 E79.34298
G1 X212.188 Y214.875 E79.34962
G1 X212.086 Y215.282 E79.35658
G1 X212.188 Y215.634 E79.36266
G1 X212.086 Y216.042 E79.36964
G1 X212.188 Y216.404 E79.37588
G1 X212.173 Y216.673 E79.38035
G1 X212.303 Y216.792 E79.38327
G1 X212.69 Y216.9 E79.38993
G1 X213.082 Y217.292 E79.39913
G1 X213.082 Y218.413 E79.41773
G1 X212.71 Y218.766 E79.42623
G1 X212.107 Y218.926 E79.43658
G1 X211.441 Y218.736 E79.44807
G1 X211.238 Y218.544 E79.45271
G1 X210.716 Y218.384 E79.46176
G1 X210.268 Y217.957 E79.47203
G1 X210.004 Y217.123 E79.48654
G1 X210.06 Y216.935 E79.4898
G1 X210.02 Y216.727 E79.49331
G1 X210.058 Y216.542 E79.49644
G1 X210.019 Y216.398 E79.49892
G1 X210.122 Y216.035 E79.50518
G1 X210.019 Y215.633 E79.51206
G1 X210.122 Y215.275 E79.51824
G1 X210.019 Y214.876 E79.52508
G1 X210.122 Y214.516 E79.53129
G1 X210.019 Y214.115 E79.53815
G1 X210.126 Y213.73 E79.54478
G1 X210.024 Y213.359 E79.55117
G1 X210.178 Y212.851 E79.55997
G1 X210.358 Y212.653 E79.56441
G1 X210.489 Y212.229 E79.57177
G1 X210.447 Y212.071 E79.57448
G1 X210.269 Y211.897 E79.57861
G1 X210.004 Y211.063 E79.59313
G1 X210.061 Y210.874 E79.5964
G1 X210.019 Y210.665 E79.59994
G1 X210.172 Y210.148 E79.60888
G1 X210.561 Y209.735 E79.6183
G1 X211.104 Y209.583 E79.62765
G1 F2700 E78.32765
G0 F13050 X213.372 Y201.597
G0 X216.709 Y201.597
G0 X216.998 Y212.539
G1 F2700 E79.62765
G1 F2920.6 X217.381 Y212.154 E79.63666
G1 X218.006 Y211.994 E79.64736
G1 X218.679 Y212.173 E79.65891
G1 X218.891 Y212.383 E79.66386
G1 X219.382 Y212.532 E79.67237
G1 X219.837 Y212.99 E79.68308
G1 X220.061 Y213.758 E79.69636
G1 X220.03 Y214.218 E79.704
G1 X220.058 Y214.333 E79.70597
G1 X219.958 Y214.704 E79.71234
G1 X220.057 Y215.094 E79.71902
G1 X219.959 Y215.452 E79.72517
G1 X220.057 Y215.854 E79.73204
G1 X219.897 Y216.437 E79.74206
G1 X219.937 Y216.594 E79.74475
G1 X219.781 Y217.138 E79.75414
G1 X219.572 Y217.352 E79.7591
G1 X219.426 Y217.839 E79.76754
G1 X219.286 Y217.984 E79.77088
G1 X219.21 Y218.271 E79.7758
G1 X219.237 Y218.427 E79.77843
G1 X219.814 Y219.016 E79.79211
G1 X220.072 Y219.842 E79.80646
G1 X220.03 Y219.992 E79.80905
G1 X220.057 Y220.135 E79.81146
G1 X219.908 Y220.67 E79.82067
G1 X219.51 Y221.068 E79.83001
G1 X218.974 Y221.217 E79.83924
G1 X218.463 Y221.069 E79.84806
G1 X218.039 Y220.645 E79.85801
G1 X217.945 Y220.327 E79.86351
G1 X217.819 Y220.213 E79.86633
G1 X217.412 Y220.096 E79.87336
G1 X216.995 Y219.698 E79.88292
G1 X216.994 Y217.571 E79.9182
G1 X217.089 Y217.456 E79.92068
G1 X217.298 Y216.772 E79.93254
G1 X217.495 Y216.561 E79.93733
G1 X217.655 Y216.042 E79.94634
G1 X217.799 Y215.89 E79.94981
G1 X217.957 Y215.392 E79.95848
G1 X217.887 Y215.092 E79.96359
G1 X217.99 Y214.732 E79.9698
G1 X217.873 Y214.23 E79.97835
G1 X217.805 Y214.137 E79.98026
G1 X217.427 Y214.015 E79.98685
G1 X216.995 Y213.605 E79.99673
G1 X216.998 Y212.539 E80.01441
G1 F2700 E78.71441
G0 F13050 X218.463 Y208.945
G1 F2700 E80.01441
G1 F2920.6 X218.039 Y208.517 E80.02441
G1 X217.946 Y208.203 E80.02984
G1 X217.865 Y208.1 E80.03201
G1 X217.416 Y207.963 E80.0398
G1 X216.995 Y207.562 E80.04945
G1 X216.994 Y206.483 E80.06735
G1 X217.321 Y206.126 E80.07538
G1 X217.322 Y205.979 E80.07782
G1 X216.994 Y205.641 E80.08563
G1 X216.994 Y204.564 E80.10349
G1 X217.116 Y204.427 E80.10654
G1 X217.307 Y203.806 E80.11731
G1 X217.473 Y203.622 E80.12143
G1 X217.646 Y203.053 E80.13129
G1 X217.799 Y202.897 E80.13492
G1 X217.933 Y202.465 E80.14242
G1 X217.891 Y202.25 E80.14605
G1 X218.04 Y201.732 E80.15499
G1 X218.433 Y201.315 E80.1645
G1 X218.975 Y201.163 E80.17384
G1 X219.515 Y201.315 E80.18314
G1 X219.908 Y201.732 E80.19265
G1 X220.061 Y202.246 E80.20154
G1 X219.983 Y202.527 E80.20638
G1 X220.057 Y202.853 E80.21193
G1 X219.895 Y203.443 E80.22208
G1 X219.94 Y203.603 E80.22483
G1 X219.786 Y204.135 E80.23402
G1 X219.59 Y204.346 E80.2388
G1 X219.442 Y204.846 E80.24745
G1 X219.297 Y204.995 E80.2509
G1 X219.102 Y205.666 E80.26249
G1 X218.901 Y205.859 E80.26711
G1 X218.855 Y206.017 E80.26984
G1 X218.903 Y206.228 E80.27343
G1 X218.978 Y206.346 E80.27575
G1 X219.379 Y206.469 E80.28271
G1 X219.797 Y206.891 E80.29256
G1 X220.057 Y207.762 E80.30764
G1 X220.03 Y207.878 E80.30962
G1 X220.06 Y208.014 E80.31193
G1 X219.908 Y208.546 E80.3211
G1 X219.514 Y208.944 E80.33039
G1 X218.974 Y209.093 E80.33969
G1 X218.463 Y208.945 E80.34851
G1 F2700 E79.04851
G0 F13050 X218.015 Y224.122
G1 F2700 E80.34851
G1 F2920.6 X218.675 Y224.3 E80.35985
G1 X218.921 Y224.53 E80.36544
G1 X219.399 Y224.661 E80.37366
G1 X219.814 Y225.076 E80.3834
G1 X220.069 Y225.907 E80.39782
G1 X220.03 Y226.057 E80.40039
G1 X220.056 Y226.196 E80.40273
G1 X219.93 Y226.66 E80.41071
G1 X220.057 Y227.143 E80.41899
G1 X219.908 Y227.682 E80.42827
G1 X219.51 Y228.08 E80.43761
G1 X218.974 Y228.229 E80.44683
G1 X218.463 Y228.077 E80.45568
G1 X218.039 Y227.653 E80.46563
G1 X217.887 Y227.143 E80.47445
G1 X218.018 Y226.688 E80.48231
G1 X217.946 Y226.389 E80.48741
G1 X217.863 Y226.293 E80.48951
G1 X217.416 Y226.156 E80.49727
G1 X216.994 Y225.757 E80.5069
G1 X216.994 Y224.679 E80.52479
G1 X217.381 Y224.289 E80.5339
G1 X218.015 Y224.122 E80.54478
G1 F2700 E79.24478
G0 F13050 X216.708 Y228.403
G0 X213.371 Y228.403
G0 X213.082 Y224.122
G1 F2700 E80.54478
G1 F2920.6 X213.082 Y225.197 E80.56261
G1 X212.969 Y225.322 E80.5654
G1 X212.813 Y225.858 E80.57466
G1 X212.602 Y226.076 E80.5797
G1 X212.441 Y226.623 E80.58916
G1 X212.255 Y226.818 E80.59363
G1 X212.128 Y227.269 E80.6014
G1 X212.185 Y227.541 E80.60601
G1 X212.036 Y228.079 E80.61527
G1 X211.642 Y228.476 E80.62455
G1 X211.102 Y228.625 E80.63384
G1 X210.591 Y228.477 E80.64267
G1 X210.167 Y228.053 E80.65261
G1 X210.019 Y227.541 E80.66145
G1 X210.122 Y227.174 E80.66778
G1 X210.016 Y226.775 E80.67462
G1 X210.185 Y226.188 E80.68476
G1 X210.163 Y226.05 E80.68708
G1 X210.318 Y225.531 E80.69606
G1 X210.525 Y225.309 E80.7011
G1 X210.739 Y224.6 E80.71338
G1 X210.722 Y224.452 E80.71585
G1 X210.273 Y224.021 E80.72618
G1 X210.008 Y223.182 E80.74077
G1 X210.061 Y223.001 E80.7439
G1 X210.019 Y222.792 E80.74744
G1 X210.168 Y222.276 E80.75635
G1 X210.561 Y221.863 E80.7658
G1 X211.103 Y221.711 E80.77514
G1 X211.643 Y221.863 E80.78445
G1 X212.037 Y222.277 E80.79393
G1 X212.177 Y222.737 E80.8019
G1 X212.289 Y222.837 E80.8044
G1 X212.694 Y222.952 E80.81138
G1 X213.082 Y223.339 E80.82047
G1 X213.082 Y224.122 E80.83346
G1 F2700 E79.53346
;MESH:upperRightPad.stl
G0 F13050 X214.464 Y224.124
G0 X214.944 Y215.001
G0 X214.741 Y215
M204 S1062
;TYPE:WALL-INNER
G1 F2700 E80.83346
G1 F2065 X214.741 Y227.031 E81.13057
G1 X215.335 Y227.031 E81.14524
G1 X215.338 Y202.966 E81.73954
G1 F2061.6 X214.742 Y202.966 E81.75429
G1 F2065 X214.741 Y215 E82.05147
M204 S2000
G0 F13050 X214.234 Y215
M204 S1062
;TYPE:WALL-OUTER
G1 F2920.6 X214.234 Y227.538 E82.27041
G1 X215.842 Y227.538 E82.29848
G1 X215.845 Y202.459 E82.7364
G1 X214.235 Y202.459 E82.76452
G1 X214.234 Y215 E82.9835
M204 S2000
G0 F13050 X214.234 Y215.2
G1 F2700 E81.6835
;MESH:NONMESH
G0 F600 X214.234 Y215.2 Z1
G0 F13050 X214.944 Y215.201
G0 X214.459 Y202.684
G0 X213.359 Y202.684
G0 X210.609 Y201.967
;TIME_ELAPSED:90.573637
;LAYER:7
;note -- min layer time used
M204 S2250
;TYPE:SUPPORT
G1 F2700 E82.9835
G1 F2847.7 X211.105 Y201.827 E82.99205
G1 X211.603 Y201.967 E83.00063
G1 X211.968 Y202.348 E83.00939
G1 X212.105 Y202.829 E83.01768
G1 X211.968 Y203.327 E83.02625
G1 X211.723 Y203.571 E83.03199
G1 X211.662 Y203.7 E83.03435
G1 X211.716 Y203.862 E83.03719
G1 X211.964 Y204.127 E83.04321
G1 X212.076 Y204.506 E83.04976
G1 X212.294 Y204.722 E83.05485
G1 X212.791 Y204.857 E83.0634
G1 X213.134 Y205.199 E83.07143
G1 X213.134 Y206.277 E83.08931
G1 X212.814 Y206.582 E83.09665
G1 X212.251 Y206.73 E83.1063
G1 X211.628 Y206.552 E83.11705
G1 X211.398 Y206.35 E83.12213
G1 X210.891 Y206.207 E83.13087
G1 X210.481 Y205.817 E83.14025
G1 X210.408 Y205.606 E83.14396
G1 X210.239 Y205.429 E83.14802
G1 X210.103 Y204.957 E83.15617
G1 X210.146 Y204.774 E83.15928
G1 X210.103 Y204.601 E83.16224
G1 X210.244 Y204.128 E83.17043
G1 X210.502 Y203.852 E83.1767
G1 X210.558 Y203.728 E83.17895
G1 X210.499 Y203.561 E83.18189
G1 X210.239 Y203.301 E83.18799
G1 X210.099 Y202.829 E83.19616
G1 X210.24 Y202.357 E83.20433
G1 X210.609 Y201.967 E83.21324
G1 F2700 E81.91324
G0 F14025 X211.103 Y209.667
G1 F2700 E83.21324
G1 F2847.7 X211.599 Y209.807 E83.22179
G1 X211.965 Y210.193 E83.23061
G1 X212.056 Y210.479 E83.23559
G1 X212.14 Y210.561 E83.23754
G1 X212.791 Y210.745 E83.24876
G1 X213.134 Y211.084 E83.25676
G1 X213.134 Y212.355 E83.27784
G1 X212.865 Y212.663 E83.28462
G1 X212.738 Y213.082 E83.29189
G1 X212.561 Y213.255 E83.29599
G1 X212.369 Y213.918 E83.30744
G1 X212.18 Y214.113 E83.31195
G1 X212.038 Y214.608 E83.32049
G1 X212.102 Y214.879 E83.32511
G1 X212.002 Y215.282 E83.332
G1 X212.105 Y215.634 E83.33808
G1 X212.002 Y216.004 E83.34445
G1 X212.105 Y216.395 E83.35116
G1 X212.07 Y216.528 E83.35344
G1 X212.113 Y216.676 E83.356
G1 X212.325 Y216.864 E83.3607
G1 X212.787 Y216.993 E83.36866
G1 X213.134 Y217.336 E83.37675
G1 X213.134 Y218.418 E83.3947
G1 X212.818 Y218.718 E83.40193
G1 X212.248 Y218.866 E83.4117
G1 X211.624 Y218.684 E83.42248
G1 X211.397 Y218.477 E83.42757
G1 X210.9 Y218.328 E83.43618
G1 X210.485 Y217.933 E83.44568
G1 X210.434 Y217.769 E83.44853
G1 X210.239 Y217.553 E83.45336
G1 X210.103 Y217.084 E83.46146
G1 X210.146 Y216.89 E83.46476
G1 X210.103 Y216.726 E83.46757
G1 X210.142 Y216.578 E83.47011
G1 X210.103 Y216.396 E83.4732
G1 X210.206 Y216.032 E83.47947
G1 X210.103 Y215.635 E83.48628
G1 X210.206 Y215.238 E83.49308
G1 X210.104 Y214.876 E83.49932
G1 X210.203 Y214.459 E83.50643
G1 X210.104 Y214.121 E83.51227
G1 X210.273 Y213.548 E83.52218
G1 X210.237 Y213.376 E83.5251
G1 X210.379 Y212.906 E83.53324
G1 X210.558 Y212.72 E83.53752
G1 X210.72 Y212.225 E83.54616
G1 X210.714 Y212.132 E83.54771
G1 X210.48 Y211.872 E83.55351
G1 X210.427 Y211.704 E83.55643
G1 X210.239 Y211.493 E83.56112
G1 X210.103 Y211.021 E83.56927
G1 X210.145 Y210.821 E83.57266
G1 X210.103 Y210.664 E83.57536
G1 X210.24 Y210.193 E83.58349
G1 X210.605 Y209.807 E83.59231
G1 X211.103 Y209.667 E83.60089
G1 F2700 E82.30089
G0 F14025 X213.422 Y201.597
G0 X216.659 Y201.597
G0 X216.946 Y212.543
G1 F2700 E83.60089
G1 F2847.7 X217.281 Y212.209 E83.60873
G1 X217.863 Y212.058 E83.61871
G1 X218.499 Y212.229 E83.62963
G1 X218.742 Y212.467 E83.63528
G1 X219.187 Y212.597 E83.64297
G1 X219.821 Y213.231 E83.65784
G1 X219.977 Y213.759 E83.66697
G1 X219.942 Y214.226 E83.67474
G1 X219.973 Y214.34 E83.6767
G1 X219.874 Y214.704 E83.68296
G1 X219.973 Y215.094 E83.68963
G1 X219.874 Y215.451 E83.69578
G1 X219.969 Y215.854 E83.70265
G1 X219.816 Y216.373 E83.71162
G1 X219.733 Y216.502 E83.71417
G1 X219.569 Y217.07 E83.72397
G1 X219.361 Y217.273 E83.7288
G1 X219.21 Y217.785 E83.73765
G1 X219.019 Y218.01 E83.74255
G1 X218.945 Y218.477 E83.75039
G1 X218.998 Y218.583 E83.75236
G1 X219.216 Y218.674 E83.75627
G1 X219.598 Y219.056 E83.76524
G1 X219.641 Y219.189 E83.76755
G1 X219.836 Y219.411 E83.77246
G1 X219.973 Y219.885 E83.78064
G1 X219.946 Y219.999 E83.78258
G1 X219.973 Y220.135 E83.78488
G1 X219.836 Y220.63 E83.7934
G1 X219.47 Y220.996 E83.80199
G1 X218.974 Y221.133 E83.81053
G1 X218.503 Y220.997 E83.81866
G1 X218.111 Y220.605 E83.82786
G1 X218.055 Y220.436 E83.83081
G1 X217.757 Y220.149 E83.83767
G1 X217.308 Y220.015 E83.84544
G1 X216.943 Y219.669 E83.85379
G1 X216.942 Y217.584 E83.88837
G1 X217.032 Y217.474 E83.89073
G1 X217.237 Y216.841 E83.90177
G1 X217.401 Y216.662 E83.9058
G1 X217.582 Y216.065 E83.91615
G1 X217.749 Y215.885 E83.92022
G1 X217.906 Y215.38 E83.92899
G1 X217.994 Y215.213 E83.93212
G1 X217.971 Y215.094 E83.93413
G1 X218.074 Y214.736 E83.94031
G1 X217.955 Y214.279 E83.94815
G1 X217.745 Y214.065 E83.95312
G1 X217.32 Y213.928 E83.96053
G1 X216.947 Y213.573 E83.96907
G1 X216.946 Y212.543 E83.98616
G1 F2700 E82.68616
G0 F14025 X218.503 Y208.873
G1 F2700 E83.98616
G1 F2847.7 X218.112 Y208.482 E83.99533
G1 X218.054 Y208.301 E83.99848
G1 X217.748 Y208.009 E84.0055
G1 X217.311 Y207.879 E84.01306
G1 X216.946 Y207.533 E84.0214
G1 X216.946 Y206.487 E84.03875
G1 X217.263 Y206.167 E84.04623
G1 X217.287 Y205.965 E84.0496
G1 X216.946 Y205.614 E84.05772
G1 X216.946 Y204.552 E84.07534
G1 X217.053 Y204.412 E84.07826
G1 X217.23 Y203.844 E84.08813
G1 X217.409 Y203.651 E84.0925
G1 X217.579 Y203.079 E84.10239
G1 X217.75 Y202.88 E84.10675
G1 X217.903 Y202.384 E84.11536
G1 X217.946 Y202.333 E84.11646
G1 X218.112 Y201.772 E84.12617
G1 X218.477 Y201.387 E84.13497
G1 X218.975 Y201.247 E84.14355
G1 X219.471 Y201.387 E84.1521
G1 X219.836 Y201.768 E84.16085
G1 X219.973 Y202.25 E84.16916
G1 X219.899 Y202.619 E84.17541
G1 X219.969 Y202.851 E84.17943
G1 X219.82 Y203.374 E84.18845
G1 X219.729 Y203.515 E84.19123
G1 X219.562 Y204.082 E84.20104
G1 X219.376 Y204.286 E84.20562
G1 X219.218 Y204.813 E84.21474
G1 X219.073 Y204.961 E84.21818
G1 X218.886 Y205.61 E84.22938
G1 X218.555 Y205.949 E84.23724
G1 X218.604 Y206.299 E84.24311
G1 X218.688 Y206.393 E84.2452
G1 X219.195 Y206.537 E84.25394
G1 X219.582 Y206.925 E84.26303
G1 X219.625 Y207.049 E84.26521
G1 X219.836 Y207.284 E84.27045
G1 X219.977 Y207.762 E84.27871
G1 X219.974 Y208.007 E84.28278
G1 X219.836 Y208.506 E84.29137
G1 X219.47 Y208.872 E84.29995
G1 X218.974 Y209.009 E84.30849
G1 X218.503 Y208.873 E84.31662
G1 F2700 E83.01662
G0 F14025 X217.874 Y224.202
G1 F2700 E84.31662
G1 F2847.7 X218.488 Y224.369 E84.32718
G1 X218.722 Y224.592 E84.33254
G1 X219.211 Y224.733 E84.34098
G1 X219.598 Y225.116 E84.35001
G1 X219.641 Y225.249 E84.35233
G1 X219.836 Y225.475 E84.35728
G1 X219.973 Y225.946 E84.36542
G1 X219.946 Y226.09 E84.36785
G1 X219.972 Y226.196 E84.36966
G1 X219.846 Y226.694 E84.37818
G1 X219.973 Y227.143 E84.38592
G1 X219.836 Y227.639 E84.39446
G1 X219.47 Y228.008 E84.40308
G1 X218.975 Y228.145 E84.4116
G1 X218.503 Y228.005 E84.41977
G1 X218.111 Y227.613 E84.42896
G1 X217.971 Y227.144 E84.43708
G1 X218.113 Y226.655 E84.44553
G1 X218.084 Y226.523 E84.44777
G1 X217.744 Y226.202 E84.45553
G1 X217.307 Y226.075 E84.46308
G1 X216.943 Y225.733 E84.47136
G1 X216.942 Y224.691 E84.48865
G1 X217.277 Y224.357 E84.4965
G1 X217.874 Y224.202 E84.50673
G1 F2700 E83.20673
G0 F14025 X216.658 Y228.403
G0 X213.421 Y228.403
G0 X213.134 Y224.202
G1 F2700 E84.50673
G1 F2847.7 X213.134 Y225.19 E84.52312
G1 X213.037 Y225.3 E84.52555
G1 X212.881 Y225.834 E84.53478
G1 X212.672 Y226.053 E84.5398
G1 X212.514 Y226.585 E84.54901
G1 X212.335 Y226.759 E84.55315
G1 X212.176 Y227.305 E84.56258
G1 X212.123 Y227.368 E84.56395
G1 X212.104 Y227.543 E84.56687
G1 X211.964 Y228.038 E84.5754
G1 X211.598 Y228.404 E84.58399
G1 X211.102 Y228.541 E84.59252
G1 X210.631 Y228.405 E84.60065
G1 X210.239 Y228.013 E84.60985
G1 X210.099 Y227.539 E84.61805
G1 X210.201 Y227.192 E84.62405
G1 X210.107 Y226.779 E84.63108
G1 X210.247 Y226.305 E84.63927
G1 X210.344 Y226.201 E84.64163
G1 X210.53 Y225.592 E84.6522
G1 X210.737 Y225.381 E84.6571
G1 X210.899 Y224.839 E84.66648
G1 X211.018 Y224.704 E84.66947
G1 X211.01 Y224.494 E84.67296
G1 X210.488 Y224.004 E84.68483
G1 X210.397 Y223.78 E84.68884
G1 X210.239 Y223.618 E84.6926
G1 X210.103 Y223.148 E84.70071
G1 X210.145 Y222.997 E84.70331
G1 X210.103 Y222.791 E84.7068
G1 X210.24 Y222.317 E84.71498
G1 X210.605 Y221.935 E84.72375
G1 X211.103 Y221.795 E84.73233
G1 X211.599 Y221.935 E84.74088
G1 X211.964 Y222.317 E84.74964
G1 X212.098 Y222.722 E84.75672
G1 X212.296 Y222.906 E84.7612
G1 X212.791 Y223.041 E84.76972
G1 X213.134 Y223.384 E84.77776
G1 X213.134 Y224.202 E84.79133
G1 F2700 E83.49133
;MESH:upperRightPad.stl
G0 F14025 X214.514 Y224.204
G0 X214.994 Y215.001
G0 X214.765 Y215
M204 S1156
;TYPE:WALL-INNER
G1 F2700 E84.79133
G1 F2190.6 X214.765 Y227.055 E85.06498
G1 X215.311 Y227.055 E85.07738
G1 X215.311 Y202.941 E85.62476
G1 X214.765 Y202.941 E85.63716
G1 X214.765 Y215 E85.9109
M204 S2250
G0 F14025 X214.282 Y215
M204 S1156
;TYPE:WALL-OUTER
G1 F2847.7 X214.282 Y227.538 E86.12983
G1 X215.794 Y227.538 E86.15623
G1 X215.794 Y202.458 E86.59417
G1 X214.282 Y202.458 E86.62057
G1 X214.282 Y215 E86.83957
M204 S2250
G0 F14025 X214.282 Y215.2
G1 F2700 E85.53957
;MESH:NONMESH
G0 F600 X214.282 Y215.2 Z1.1
G0 F14025 X214.994 Y215.201
G0 X214.509 Y202.684
G0 X213.409 Y202.684
G0 X210.649 Y202.039
;TIME_ELAPSED:99.562570
;LAYER:8
;note -- min layer time used
M204 S2500
;TYPE:SUPPORT
G1 F2700 E86.83957
G1 F2859 X211.103 Y201.911 E86.8474
G1 X211.559 Y202.039 E86.85526
G1 X211.896 Y202.396 E86.8634
G1 X212.021 Y202.826 E86.87083
G1 X211.892 Y203.286 E86.87875
G1 X211.611 Y203.567 E86.88535
G1 X211.55 Y203.696 E86.88771
G1 X211.606 Y203.86 E86.89059
G1 X211.892 Y204.163 E86.8975
G1 X212.01 Y204.518 E86.9037
G1 X212.172 Y204.605 E86.90675
G1 X212.409 Y204.818 E86.91204
G1 X212.894 Y204.952 E86.92039
G1 X213.182 Y205.24 E86.92714
G1 X213.182 Y206.282 E86.94443
G1 X212.918 Y206.534 E86.95048
G1 X212.392 Y206.67 E86.9595
G1 X211.812 Y206.5 E86.96952
G1 X211.599 Y206.304 E86.97432
G1 X211.079 Y206.155 E86.9833
G1 X210.684 Y205.779 E86.99234
G1 X210.668 Y205.748 E86.99292
G1 X210.311 Y205.389 E87.00132
G1 X210.184 Y204.959 E87.00876
G1 X210.23 Y204.763 E87.0121
G1 X210.187 Y204.603 E87.01485
G1 X210.312 Y204.168 E87.02235
G1 X210.61 Y203.856 E87.02951
G1 X210.67 Y203.728 E87.03186
G1 X210.611 Y203.561 E87.03479
G1 X210.311 Y203.261 E87.04183
G1 X210.183 Y202.828 E87.04932
G1 X210.312 Y202.393 E87.05685
G1 X210.649 Y202.039 E87.06496
G1 F2700 E85.76496
G0 F15000 X211.104 Y209.751
G1 F2700 E87.06496
G1 F2859 X211.559 Y209.879 E87.0728
G1 X211.896 Y210.232 E87.08089
G1 X211.983 Y210.526 E87.08598
G1 X212.113 Y210.627 E87.08871
G1 X212.899 Y210.841 E87.10222
G1 X213.182 Y211.124 E87.10886
G1 X213.182 Y212.356 E87.1293
G1 X212.933 Y212.647 E87.13565
G1 X212.814 Y213.033 E87.14235
G1 X212.579 Y213.276 E87.14796
G1 X212.574 Y213.43 E87.15052
G1 X212.438 Y213.898 E87.1586
G1 X212.251 Y214.081 E87.16294
G1 X212.093 Y214.621 E87.17228
G1 X212.006 Y214.783 E87.17533
G1 X212.022 Y214.879 E87.17694
G1 X211.922 Y215.282 E87.18383
G1 X212.021 Y215.633 E87.18988
G1 X211.918 Y216.005 E87.19628
G1 X212.02 Y216.391 E87.2029
G1 X212.012 Y216.562 E87.20574
G1 X212.427 Y216.959 E87.21527
G1 X212.89 Y217.088 E87.22324
G1 X213.182 Y217.379 E87.23008
G1 X213.182 Y218.417 E87.2473
G1 X212.915 Y218.67 E87.2534
G1 X212.392 Y218.806 E87.26237
G1 X211.808 Y218.636 E87.27246
G1 X211.553 Y218.409 E87.27812
G1 X211.083 Y218.275 E87.28623
G1 X210.688 Y217.901 E87.29525
G1 X210.679 Y217.882 E87.2956
G1 X210.311 Y217.513 E87.30424
G1 X210.184 Y217.086 E87.31163
G1 X210.228 Y216.939 E87.31418
G1 X210.188 Y216.727 E87.31776
G1 X210.226 Y216.547 E87.32081
G1 X210.184 Y216.394 E87.32344
G1 X210.286 Y215.998 E87.33023
G1 X210.184 Y215.636 E87.33646
G1 X210.286 Y215.238 E87.34328
G1 X210.183 Y214.875 E87.34954
G1 X210.291 Y214.48 E87.35633
G1 X210.192 Y214.119 E87.36254
G1 X210.319 Y213.686 E87.37003
G1 X210.449 Y213.537 E87.37331
G1 X210.594 Y212.965 E87.3831
G1 X210.822 Y212.723 E87.38861
G1 X210.964 Y212.173 E87.39803
G1 X210.894 Y212.039 E87.40054
G1 X210.311 Y211.453 E87.41425
G1 X210.184 Y211.023 E87.42169
G1 X210.229 Y210.821 E87.42513
G1 X210.184 Y210.662 E87.42787
G1 X210.312 Y210.233 E87.43529
G1 X210.649 Y209.879 E87.4434
G1 X211.104 Y209.751 E87.45124
G1 F2700 E86.15124
G0 F15000 X213.472 Y201.597
G0 X216.609 Y201.597
G0 X216.894 Y212.54
G1 F2700 E87.45124
G1 F2859 X217.175 Y212.262 E87.4578
G1 X217.718 Y212.126 E87.46708
G1 X218.307 Y212.285 E87.4772
G1 X218.586 Y212.548 E87.48357
G1 X219.008 Y212.669 E87.49085
G1 X219.279 Y212.913 E87.4969
G1 X219.426 Y212.958 E87.49945
G1 X219.768 Y213.316 E87.50766
G1 X219.896 Y213.756 E87.51526
G1 X219.867 Y213.924 E87.51809
G1 X219.892 Y214.071 E87.52056
G1 X219.862 Y214.227 E87.5232
G1 X219.893 Y214.339 E87.52513
G1 X219.79 Y214.744 E87.53206
G1 X219.889 Y215.095 E87.53811
G1 X219.742 Y215.631 E87.54733
G1 X219.809 Y215.858 E87.55125
G1 X219.678 Y216.309 E87.55904
G1 X219.517 Y216.461 E87.56272
G1 X219.358 Y217.009 E87.57218
G1 X219.148 Y217.209 E87.57699
G1 X218.983 Y217.749 E87.58636
G1 X218.809 Y217.924 E87.59045
G1 X218.701 Y218.529 E87.60065
G1 X218.755 Y218.636 E87.60264
G1 X219.023 Y218.741 E87.60741
G1 X219.429 Y219.097 E87.61637
G1 X219.765 Y219.453 E87.62449
G1 X219.893 Y219.883 E87.63193
G1 X219.89 Y220.133 E87.63608
G1 X219.764 Y220.586 E87.64388
G1 X219.426 Y220.924 E87.65181
G1 X218.97 Y221.049 E87.65965
G1 X218.543 Y220.925 E87.66703
G1 X218.184 Y220.566 E87.67545
G1 X218.128 Y220.42 E87.67804
G1 X217.914 Y220.318 E87.68198
G1 X217.633 Y220.061 E87.68829
G1 X217.203 Y219.935 E87.69573
G1 X216.895 Y219.641 E87.70279
G1 X216.894 Y217.587 E87.73686
G1 X217.006 Y217.463 E87.73963
G1 X217.154 Y216.863 E87.74989
G1 X217.336 Y216.673 E87.75425
G1 X217.513 Y216.113 E87.76399
G1 X217.665 Y215.945 E87.76775
G1 X217.834 Y215.412 E87.77703
G1 X218.02 Y215.222 E87.78144
G1 X218.15 Y214.68 E87.79068
G1 X218.048 Y214.33 E87.79673
G1 X217.579 Y213.943 E87.80682
G1 X217.215 Y213.839 E87.8131
G1 X216.894 Y213.537 E87.82041
G1 X216.894 Y212.54 E87.83695
G1 F2700 E86.53695
G0 F15000 X218.543 Y208.801
G1 F2700 E87.83695
G1 F2859 X218.182 Y208.44 E87.84542
G1 X218.132 Y208.298 E87.84791
G1 X218.04 Y208.216 E87.84996
G1 X217.907 Y208.176 E87.85226
G1 X217.651 Y207.936 E87.85808
G1 X217.203 Y207.796 E87.86587
G1 X216.894 Y207.502 E87.87294
G1 X216.894 Y206.488 E87.88976
G1 X217.208 Y206.178 E87.89708
G1 X217.27 Y206.053 E87.8994
G1 X217.213 Y205.883 E87.90237
G1 X216.894 Y205.581 E87.90966
G1 X216.894 Y204.571 E87.92641
G1 X216.999 Y204.452 E87.92905
G1 X217.155 Y203.863 E87.93915
G1 X217.349 Y203.649 E87.94395
G1 X217.51 Y203.113 E87.95323
G1 X217.674 Y202.925 E87.95737
G1 X217.83 Y202.413 E87.96625
G1 X217.956 Y202.282 E87.96926
G1 X218.106 Y201.815 E87.9774
G1 X218.459 Y201.456 E87.98575
G1 X218.946 Y201.322 E87.99413
G1 X219.427 Y201.459 E88.00243
G1 X219.764 Y201.812 E88.01052
G1 X219.889 Y202.25 E88.01808
G1 X219.774 Y202.721 E88.02612
G1 X219.809 Y202.856 E88.02843
G1 X219.678 Y203.305 E88.03619
G1 X219.497 Y203.506 E88.04068
G1 X219.349 Y204.022 E88.04958
G1 X219.16 Y204.205 E88.05395
G1 X218.994 Y204.778 E88.06384
G1 X218.855 Y204.923 E88.06718
G1 X218.666 Y205.558 E88.07817
G1 X218.287 Y205.915 E88.0868
G1 X218.223 Y206.043 E88.08918
G1 X218.275 Y206.209 E88.09206
G1 X218.533 Y206.464 E88.09808
G1 X219.007 Y206.605 E88.10628
G1 X219.36 Y206.949 E88.11446
G1 X219.431 Y206.975 E88.11571
G1 X219.768 Y207.328 E88.12381
G1 X219.893 Y207.761 E88.13129
G1 X219.89 Y208.009 E88.1354
G1 X219.764 Y208.462 E88.1432
G1 X219.43 Y208.8 E88.15108
G1 X218.974 Y208.925 E88.15893
G1 X218.543 Y208.801 E88.16637
G1 F2700 E86.86637
G0 F15000 X216.608 Y228.403
G0 X213.471 Y228.403
G0 X211.559 Y222.003
G1 F2700 E88.16637
G1 F2859 X211.896 Y222.356 E88.17446
G1 X211.989 Y222.665 E88.17982
G1 X212.079 Y222.755 E88.18193
G1 X212.174 Y222.785 E88.18358
G1 X212.377 Y222.986 E88.18832
G1 X212.891 Y223.137 E88.19721
G1 X213.182 Y223.424 E88.20399
G1 X213.182 Y225.191 E88.2333
G1 X213.099 Y225.291 E88.23545
G1 X212.945 Y225.811 E88.24445
G1 X212.743 Y226.028 E88.24937
G1 X212.59 Y226.552 E88.25842
G1 X212.407 Y226.749 E88.26288
G1 X212.254 Y227.278 E88.27202
G1 X212.064 Y227.473 E88.27653
G1 X211.912 Y228.002 E88.28566
G1 X211.579 Y228.335 E88.29348
G1 X211.107 Y228.462 E88.30158
G1 X210.671 Y228.333 E88.30913
G1 X210.311 Y227.973 E88.31757
G1 X210.183 Y227.54 E88.32506
G1 X210.33 Y227.018 E88.33406
G1 X210.272 Y226.793 E88.33791
G1 X210.402 Y226.357 E88.34546
G1 X210.586 Y226.161 E88.34992
G1 X210.746 Y225.649 E88.35882
G1 X210.951 Y225.443 E88.36364
G1 X211.114 Y224.877 E88.37341
G1 X211.26 Y224.686 E88.3774
G1 X211.244 Y224.49 E88.38066
G1 X210.311 Y223.576 E88.40233
G1 X210.184 Y223.144 E88.4098
G1 X210.226 Y222.949 E88.4131
G1 X210.184 Y222.792 E88.4158
G1 X210.312 Y222.356 E88.42334
G1 X210.645 Y222.003 E88.43139
G1 X211.103 Y221.875 E88.43928
G1 X211.559 Y222.003 E88.44713
G1 F2700 E87.14713
G0 F15000 X213.471 Y228.403
G0 X216.608 Y228.403
G0 X216.894 Y224.696
G1 F2700 E88.44713
G1 F2859 X217.172 Y224.421 E88.45362
G1 X217.727 Y224.274 E88.46314
G1 X218.299 Y224.429 E88.47298
G1 X218.564 Y224.676 E88.47899
G1 X219.027 Y224.805 E88.48696
G1 X219.425 Y225.157 E88.49577
G1 X219.765 Y225.513 E88.50394
G1 X219.893 Y225.947 E88.51144
G1 X219.89 Y226.195 E88.51556
G1 X219.767 Y226.655 E88.52346
G1 X219.893 Y227.142 E88.5318
G1 X219.764 Y227.597 E88.53965
G1 X219.426 Y227.932 E88.54754
G1 X218.97 Y228.061 E88.5554
G1 X218.543 Y227.937 E88.56278
G1 X218.183 Y227.573 E88.57127
G1 X218.055 Y227.143 E88.57871
G1 X218.197 Y226.641 E88.58737
G1 X218.152 Y226.483 E88.59009
G1 X217.914 Y226.378 E88.59441
G1 X217.638 Y226.124 E88.60063
G1 X217.203 Y225.995 E88.60816
G1 X216.894 Y225.705 E88.61519
G1 X216.894 Y224.696 E88.63192
G1 F2700 E87.33192
;MESH:upperRightPad.stl
G0 F15000 X215.516 Y224.694
G0 X215.044 Y215.001
G0 X214.791 Y215
M204 S1250
;TYPE:WALL-INNER
G1 F2700 E88.63192
G1 F2430.7 X214.791 Y227.081 E88.88005
G1 X215.285 Y227.081 E88.89019
G1 X215.288 Y202.916 E89.3865
G1 F2425.8 X214.792 Y202.916 E89.3967
G1 F2430.7 X214.791 Y215 E89.64489
M204 S2500
G0 F15000 X214.334 Y215
M204 S1250
;TYPE:WALL-OUTER
G1 F2859 X214.334 Y227.538 E89.86382
G1 X215.742 Y227.538 E89.8884
G1 X215.745 Y202.459 E90.32632
G1 X214.335 Y202.459 E90.35094
G1 X214.334 Y215 E90.56993
M204 S2500
G0 F15000 X214.334 Y215.2
G1 F2700 E89.26993
;MESH:NONMESH
G0 F600 X214.334 Y215.2 Z1.2
G0 F15000 X215.044 Y215.201
G0 X214.559 Y202.684
G0 X213.459 Y202.684
G0 X210.685 Y202.111
;TIME_ELAPSED:108.352180
;LAYER:9
;note -- min layer time used
;TYPE:SUPPORT
G1 F2700 E90.56993
G1 F2854.3 X211.103 Y201.995 E90.57713
G1 X211.519 Y202.111 E90.58429
G1 X211.82 Y202.432 E90.59159
G1 X211.937 Y202.827 E90.59842
G1 X211.823 Y203.242 E90.60556
G1 F2523.8 X211.384 Y203.69 E90.61733
G1 F2236.6 X211.378 Y203.737 E90.61833
G1 F2492.3 X211.821 Y204.209 E90.63063
G1 F2854.3 X211.921 Y204.521 E90.63607
G1 X212.018 Y204.615 E90.63831
G1 X212.266 Y204.684 E90.64258
G1 X212.515 Y204.917 E90.64823
G1 X212.999 Y205.049 E90.65656
G1 X213.234 Y205.28 E90.66202
G1 X213.234 Y206.284 E90.67868
G1 X213.023 Y206.481 E90.68347
G1 X212.536 Y206.606 E90.69181
G1 X211.991 Y206.451 E90.70121
G1 X211.767 Y206.248 E90.70622
G1 X211.258 Y206.099 E90.71502
G1 X210.852 Y205.724 E90.72419
G1 X210.713 Y205.678 E90.72661
G1 X210.383 Y205.349 E90.73434
G1 X210.267 Y204.957 E90.74113
G1 X210.309 Y204.807 E90.74371
G1 X210.267 Y204.601 E90.7472
G1 X210.384 Y204.204 E90.75406
G1 F2492.3 X210.838 Y203.731 E90.76652
G1 F2236.6 X210.832 Y203.683 E90.76754
G1 F2523.8 X210.383 Y203.221 E90.77963
G1 F2854.3 X210.267 Y202.828 E90.78643
G1 X210.384 Y202.432 E90.79328
G1 X210.685 Y202.111 E90.80058
G1 F2700 E89.50058
G0 F15000 X211.103 Y209.831
G1 F2700 E90.80058
G1 F2854.3 X211.519 Y209.951 E90.80776
G1 X211.824 Y210.268 E90.81506
G1 X211.916 Y210.571 E90.82031
G1 X212.043 Y210.671 E90.82299
G1 X212.999 Y210.936 E90.83945
G1 X213.234 Y211.165 E90.84489
G1 X213.231 Y212.39 E90.86521
G1 X213.001 Y212.626 E90.87068
G1 X212.887 Y212.989 E90.87699
G1 X212.612 Y213.295 E90.88381
G1 X212.632 Y213.461 E90.88659
G1 X212.514 Y213.87 E90.89365
G1 X212.328 Y214.049 E90.89793
G1 X212.169 Y214.602 E90.90748
G1 X211.995 Y214.768 E90.91147
G1 X211.838 Y215.252 E90.91991
G1 X211.937 Y215.635 E90.92647
G1 X211.838 Y216.042 E90.93342
G1 X211.937 Y216.396 E90.93951
G1 X211.902 Y216.568 E90.94243
G1 X212.023 Y216.739 E90.9459
G1 X212.275 Y216.812 E90.95025
G1 X212.522 Y217.048 E90.95592
G1 X212.999 Y217.189 E90.96417
G1 X213.234 Y217.417 E90.9696
G1 X213.234 Y218.42 E90.98624
G1 X213.019 Y218.618 E90.99109
G1 X212.535 Y218.746 E90.99939
G1 X211.991 Y218.588 E91.00879
G1 X211.745 Y218.365 E91.0143
G1 X211.262 Y218.223 E91.02265
G1 X210.864 Y217.852 E91.03168
G1 X210.713 Y217.803 E91.03431
G1 X210.383 Y217.473 E91.04205
G1 X210.267 Y217.083 E91.0488
G1 X210.309 Y216.931 E91.05142
G1 X210.268 Y216.73 E91.05482
G1 X210.308 Y216.53 E91.0582
G1 X210.268 Y216.393 E91.06057
G1 X210.37 Y215.998 E91.06734
G1 X210.267 Y215.633 E91.07363
G1 X210.37 Y215.239 E91.08038
G1 X210.268 Y214.877 E91.08662
G1 X210.41 Y214.375 E91.09528
G1 X210.348 Y214.134 E91.09941
G1 X210.463 Y213.74 E91.10621
G1 X210.652 Y213.551 E91.11065
G1 X210.811 Y213.023 E91.1198
G1 X211.06 Y212.751 E91.12591
G1 X211.065 Y212.586 E91.12865
G1 X211.179 Y212.216 E91.13507
G1 X211.137 Y212.044 E91.13801
G1 X210.831 Y211.774 E91.14478
G1 X210.709 Y211.739 E91.14689
G1 X210.383 Y211.413 E91.15453
G1 X210.267 Y211.021 E91.16131
G1 X210.31 Y210.821 E91.16471
G1 X210.267 Y210.665 E91.16739
G1 X210.384 Y210.269 E91.17424
G1 X210.685 Y209.951 E91.18151
G1 X211.103 Y209.831 E91.18872
G1 F2700 E89.88872
G0 F15000 X213.522 Y201.597
G0 X216.559 Y201.597
G0 X216.846 Y212.535
G1 F2700 E91.18872
G1 F2854.3 X217.068 Y212.314 E91.19392
G1 X217.57 Y212.189 E91.2025
G1 X218.123 Y212.337 E91.21199
G1 X218.409 Y212.614 E91.2186
G1 X218.824 Y212.733 E91.22576
G1 X218.998 Y212.903 E91.2298
G1 X219.39 Y213.034 E91.23665
G1 X219.693 Y213.352 E91.24394
G1 X219.812 Y213.757 E91.25094
G1 X219.783 Y213.975 E91.25459
G1 X219.809 Y214.073 E91.25627
G1 X219.779 Y214.23 E91.25892
G1 X219.806 Y214.337 E91.26075
G1 X219.706 Y214.717 E91.26727
G1 X219.805 Y215.095 E91.27375
G1 X219.688 Y215.51 E91.28091
G1 X219.563 Y215.668 E91.28425
G1 X219.581 Y215.852 E91.28731
G1 X219.459 Y216.26 E91.29438
G1 X219.281 Y216.459 E91.29881
G1 X219.138 Y216.949 E91.30728
G1 X218.964 Y217.116 E91.31128
G1 X218.786 Y217.733 E91.32193
G1 X218.599 Y217.91 E91.3262
G1 X218.462 Y218.484 E91.33599
G1 X218.484 Y218.653 E91.33882
G1 X218.576 Y218.736 E91.34087
G1 X218.835 Y218.809 E91.34534
G1 X219.122 Y219.084 E91.35193
G1 X219.39 Y219.17 E91.3566
G1 X219.693 Y219.488 E91.36388
G1 X219.809 Y219.883 E91.37071
G1 X219.782 Y219.994 E91.37261
G1 X219.809 Y220.134 E91.37497
G1 X219.692 Y220.546 E91.38208
G1 X219.386 Y220.852 E91.38926
G1 X218.974 Y220.969 E91.39636
G1 X218.583 Y220.853 E91.40313
G1 X218.256 Y220.526 E91.4108
G1 X218.211 Y220.407 E91.41291
G1 X218.112 Y220.327 E91.41502
G1 X217.813 Y220.246 E91.42016
G1 X217.516 Y219.977 E91.42681
G1 X217.102 Y219.852 E91.43398
G1 X216.842 Y219.612 E91.43985
G1 X216.842 Y217.598 E91.47326
G1 X216.949 Y217.482 E91.47588
G1 X217.096 Y216.93 E91.48535
G1 X217.31 Y216.701 E91.49055
G1 X217.318 Y216.54 E91.49323
G1 X217.444 Y216.14 E91.50018
G1 X217.588 Y215.968 E91.5039
G1 X217.753 Y215.457 E91.51281
G1 X217.92 Y215.288 E91.51675
G1 X218.177 Y214.475 E91.5309
G1 X218.17 Y214.351 E91.53296
G1 X218.106 Y214.261 E91.53479
G1 X217.806 Y214.159 E91.54005
G1 X217.464 Y213.854 E91.54765
G1 X217.103 Y213.751 E91.55388
G1 X216.846 Y213.509 E91.55973
G1 X216.846 Y212.535 E91.57589
G1 F2700 E90.27589
G0 F15000 X218.583 Y208.729
G1 F2700 E91.57589
G1 F2854.3 X218.255 Y208.401 E91.58358
G1 X218.221 Y208.29 E91.58551
G1 X218.132 Y208.192 E91.5877
G1 X217.801 Y208.098 E91.59341
G1 X217.534 Y207.85 E91.59946
G1 X217.104 Y207.711 E91.60695
G1 X216.847 Y207.469 E91.61281
G1 X216.846 Y206.496 E91.62895
G1 F2421.8 X217.32 Y206.046 E91.64173
G1 F2129.3 X217.314 Y205.998 E91.6428
G1 F2456.6 X216.846 Y205.548 E91.65532
G1 F2854.3 X216.846 Y204.576 E91.67144
G1 X216.914 Y204.486 E91.67331
G1 X217.093 Y203.932 E91.68297
G1 X217.283 Y203.735 E91.68751
G1 X217.44 Y203.143 E91.69767
G1 X217.601 Y202.946 E91.70189
G1 X217.757 Y202.454 E91.71045
G1 X217.889 Y202.31 E91.71369
G1 X218.033 Y201.857 E91.72158
G1 X218.356 Y201.533 E91.72917
G1 X218.878 Y201.398 E91.73811
G1 X219.361 Y201.528 E91.74641
G1 X219.682 Y201.855 E91.75401
G1 X219.804 Y202.254 E91.76093
G1 X219.686 Y202.662 E91.76798
G1 X219.611 Y202.741 E91.76979
G1 X219.458 Y203.262 E91.77879
G1 X219.298 Y203.423 E91.78256
G1 X219.138 Y203.965 E91.79193
G1 X218.954 Y204.148 E91.79624
G1 X218.786 Y204.733 E91.80633
G1 X218.596 Y204.912 E91.81066
G1 X218.45 Y205.502 E91.82075
G1 F2456.6 X217.895 Y206.018 E91.83535
G1 F2129.3 X217.887 Y206.066 E91.83643
G1 F2253.4 X218.366 Y206.544 E91.85065
G1 F2617.5 X218.823 Y206.67 E91.85923
G1 F2854.3 X219.123 Y206.962 E91.86617
G1 X219.391 Y207.047 E91.87084
G1 X219.692 Y207.364 E91.87809
G1 X219.809 Y207.759 E91.88492
G1 X219.782 Y207.87 E91.88682
G1 X219.809 Y208.011 E91.8892
G1 X219.696 Y208.422 E91.89627
G1 X219.386 Y208.728 E91.9035
G1 X218.974 Y208.845 E91.9106
G1 X218.583 Y208.729 E91.91737
G1 F2700 E90.61737
G0 F15000 X216.558 Y228.403
G0 X213.521 Y228.403
G0 X211.519 Y222.075
G1 F2700 E91.91737
G1 F2854.3 X211.821 Y222.396 E91.92468
G1 X211.917 Y222.706 E91.93006
G1 X212.024 Y222.803 E91.93246
G1 X212.274 Y222.872 E91.93676
G1 X212.484 Y223.083 E91.9417
G1 X213 Y223.237 E91.95063
G1 X213.234 Y223.465 E91.95605
G1 X213.234 Y225.194 E91.98473
G1 X213.166 Y225.283 E91.98659
G1 X213.018 Y225.781 E91.99521
G1 X212.83 Y225.962 E91.99954
G1 X212.666 Y226.529 E92.00933
G1 X212.493 Y226.695 E92.0133
G1 X212.33 Y227.253 E92.02295
G1 X212.125 Y227.459 E92.02777
G1 X211.978 Y227.958 E92.0364
G1 X211.654 Y228.262 E92.04377
G1 X211.16 Y228.394 E92.05225
G1 X210.715 Y228.261 E92.05996
G1 X210.387 Y227.937 E92.0676
G1 X210.271 Y227.541 E92.07445
G1 X210.387 Y227.145 E92.08129
G1 X210.506 Y227.009 E92.08429
G1 X210.504 Y226.809 E92.08761
G1 X210.625 Y226.404 E92.09462
G1 X210.805 Y226.185 E92.09932
G1 X210.964 Y225.688 E92.10798
G1 X211.174 Y225.433 E92.11346
G1 X211.323 Y224.944 E92.12194
G1 X211.495 Y224.717 E92.12666
G1 X211.432 Y224.409 E92.13188
G1 X211.264 Y224.285 E92.13534
G1 X210.839 Y223.906 E92.14479
G1 X210.712 Y223.866 E92.147
G1 X210.383 Y223.537 E92.15472
G1 X210.267 Y223.147 E92.16147
G1 X210.31 Y222.954 E92.16475
G1 X210.267 Y222.791 E92.16754
G1 X210.384 Y222.396 E92.17438
G1 X210.685 Y222.075 E92.18168
G1 X211.103 Y221.959 E92.18887
G1 X211.519 Y222.075 E92.19604
G1 F2700 E90.89604
G0 F15000 X213.521 Y228.403
G0 X216.558 Y228.403
G0 X216.842 Y224.704
G1 F2700 E92.19604
G1 F2854.3 X217.068 Y224.482 E92.20129
G1 X217.579 Y224.35 E92.21005
G1 X218.119 Y224.493 E92.21931
G1 X218.388 Y224.75 E92.22548
G1 X218.836 Y224.873 E92.23319
G1 X219.096 Y225.129 E92.23924
G1 X219.391 Y225.231 E92.24442
G1 X219.692 Y225.552 E92.25172
G1 X219.809 Y225.945 E92.25852
G1 X219.782 Y226.051 E92.26034
G1 X219.809 Y226.19 E92.26269
G1 X219.679 Y226.652 E92.27065
G1 X219.809 Y227.143 E92.27907
G1 X219.692 Y227.558 E92.28623
G1 X219.386 Y227.864 E92.2934
G1 X218.974 Y227.977 E92.30049
G1 X218.583 Y227.865 E92.30724
G1 X218.255 Y227.533 E92.31498
G1 X218.139 Y227.143 E92.32173
G1 X218.289 Y226.628 E92.33063
G1 X218.216 Y226.439 E92.33399
G1 X217.814 Y226.307 E92.34101
G1 X217.485 Y226.024 E92.34821
G1 X217.102 Y225.915 E92.35481
G1 X216.842 Y225.672 E92.36072
G1 X216.842 Y224.704 E92.37677
G1 F2700 E91.07677
;MESH:upperRightPad.stl
G0 F15000 X215.466 Y224.702
G0 X215.036 Y215
G0 X214.815 Y215
M204 S1250
;TYPE:WALL-INNER
G1 F2700 E92.37677
G1 F2687.9 X214.815 Y227.105 E92.60123
G1 X215.261 Y227.105 E92.6095
G1 X215.261 Y202.891 E93.05849
G1 X214.815 Y202.891 E93.06676
G1 X214.815 Y215 E93.29129
M204 S2500
G0 F15000 X214.382 Y215
M204 S1250
;TYPE:WALL-OUTER
G1 F2854.3 X214.382 Y227.538 E93.51022
G1 X215.694 Y227.538 E93.53313
G1 X215.694 Y202.458 E93.97107
G1 X214.382 Y202.458 E93.99398
G1 X214.382 Y215 E94.21298
M204 S2500
G0 F15000 X214.382 Y215.2
G1 F2700 E92.91298
;MESH:NONMESH
G0 F600 X214.382 Y215.2 Z1.3
G0 F15000 X215.036 Y215.2
G0 X214.609 Y202.684
G0 X213.509 Y202.684
G0 X210.728 Y202.183
;TIME_ELAPSED:117.133296
;LAYER:10
;note -- min layer time used
;TYPE:SUPPORT
G1 F2700 E94.21298
G1 F2844.4 X211.104 Y202.079 E94.21945
G1 X211.48 Y202.183 E94.22593
G1 X211.752 Y202.468 E94.23246
G1 X211.854 Y202.829 E94.23868
G1 X211.752 Y203.202 E94.2451
G1 X211.388 Y203.562 E94.25359
G1 F2810.9 X211.322 Y203.691 E94.25602
G1 X211.38 Y203.854 E94.25893
G1 F2844.4 X211.752 Y204.244 E94.26787
G1 X211.833 Y204.502 E94.27235
G1 X211.974 Y204.648 E94.27572
G1 X212.38 Y204.769 E94.28275
G1 X212.618 Y205 E94.28825
G1 X213.099 Y205.141 E94.29656
G1 X213.282 Y205.323 E94.30085
G1 X213.282 Y206.285 E94.3168
G1 X213.12 Y206.437 E94.32049
G1 X212.68 Y206.546 E94.32801
G1 X212.175 Y206.403 E94.33672
G1 X211.958 Y206.204 E94.3416
G1 X211.443 Y206.047 E94.35053
G1 X211.045 Y205.687 E94.35943
G1 X210.758 Y205.601 E94.3644
G1 X210.466 Y205.315 E94.37118
G1 X210.356 Y204.959 E94.37736
G1 X210.397 Y204.817 E94.37982
G1 X210.352 Y204.603 E94.38344
G1 X210.456 Y204.248 E94.38958
G1 X210.833 Y203.849 E94.39869
G1 F2817.6 X210.894 Y203.725 E94.401
G1 X210.831 Y203.557 E94.40401
G1 F2844.4 X210.455 Y203.181 E94.41283
G1 X210.351 Y202.827 E94.41895
G1 X210.456 Y202.468 E94.42515
G1 X210.728 Y202.183 E94.43169
G1 F2700 E93.13169
G0 F15000 X211.103 Y209.915
G1 F2700 E94.43169
G1 F2844.4 X211.475 Y210.019 E94.43809
G1 X211.753 Y210.309 E94.44476
G1 X211.836 Y210.566 E94.44924
G1 X212.015 Y210.746 E94.45345
G1 X213.103 Y211.029 E94.4721
G1 X213.282 Y211.207 E94.47629
G1 X213.282 Y212.377 E94.49569
G1 X213.065 Y212.598 E94.50083
G1 X212.955 Y212.952 E94.50698
G1 X212.672 Y213.237 E94.51364
G1 X212.654 Y213.343 E94.51543
G1 X212.692 Y213.469 E94.51761
G1 X212.582 Y213.833 E94.52392
G1 X212.399 Y214.009 E94.52813
G1 X212.23 Y214.58 E94.53801
G1 X212.053 Y214.746 E94.54203
G1 X211.887 Y215.249 E94.55082
G1 X211.824 Y215.325 E94.55246
G1 X211.802 Y215.44 E94.5544
G1 X211.853 Y215.636 E94.55776
G1 X211.754 Y216.004 E94.56408
G1 X211.857 Y216.395 E94.57079
G1 X211.821 Y216.636 E94.57483
G1 X211.913 Y216.759 E94.57738
G1 X212.38 Y216.893 E94.58544
G1 X212.683 Y217.164 E94.59218
G1 X213.099 Y217.277 E94.59933
G1 X213.282 Y217.459 E94.60361
G1 X213.282 Y218.42 E94.61956
G1 X213.12 Y218.569 E94.62321
G1 X212.679 Y218.682 E94.63076
G1 X212.174 Y218.539 E94.63947
G1 X211.935 Y218.32 E94.64484
G1 X211.451 Y218.167 E94.65326
G1 X211.071 Y217.82 E94.6618
G1 X210.757 Y217.724 E94.66725
G1 X210.466 Y217.439 E94.674
G1 X210.356 Y217.084 E94.68017
G1 X210.397 Y216.944 E94.68259
G1 X210.351 Y216.729 E94.68624
G1 X210.39 Y216.581 E94.68877
G1 X210.351 Y216.399 E94.69186
G1 X210.454 Y216.036 E94.69812
G1 X210.352 Y215.635 E94.70499
G1 X210.455 Y215.25 E94.7116
G1 X210.355 Y214.875 E94.71803
G1 X210.456 Y214.521 E94.72414
G1 X210.59 Y214.355 E94.72768
G1 X210.573 Y214.157 E94.73098
G1 X210.678 Y213.809 E94.73701
G1 X210.901 Y213.573 E94.74239
G1 X211.026 Y213.081 E94.75081
G1 X211.304 Y212.791 E94.75748
G1 X211.292 Y212.576 E94.76105
G1 X211.41 Y212.173 E94.76802
G1 X211.349 Y212.018 E94.77078
G1 X211.081 Y211.77 E94.77684
G1 X210.757 Y211.664 E94.78249
G1 X210.466 Y211.379 E94.78925
G1 X210.356 Y211.023 E94.79543
G1 X210.397 Y210.881 E94.79788
G1 X210.351 Y210.663 E94.80158
G1 X210.456 Y210.308 E94.80772
G1 X210.729 Y210.019 E94.81431
G1 X211.103 Y209.915 E94.82075
G1 F2700 E93.52075
G0 F15000 X213.572 Y201.597
G0 X216.509 Y201.597
G0 X216.794 Y212.544
G1 F2700 E94.82075
G1 F2844.4 X216.972 Y212.37 E94.82488
G1 X217.426 Y212.254 E94.83265
G1 X217.927 Y212.389 E94.84126
G1 X218.23 Y212.68 E94.84823
G1 X218.638 Y212.798 E94.85528
G1 X218.823 Y212.952 E94.85927
G1 X219.347 Y213.103 E94.86831
G1 X219.62 Y213.388 E94.87486
G1 X219.727 Y213.757 E94.88123
G1 X219.695 Y213.915 E94.88391
G1 X219.724 Y214.071 E94.88654
G1 X219.695 Y214.232 E94.88926
G1 X219.725 Y214.339 E94.8911
G1 X219.61 Y214.782 E94.89869
G1 X219.7 Y215.101 E94.90419
G1 X219.591 Y215.465 E94.91049
G1 X219.393 Y215.649 E94.91498
G1 X219.243 Y216.22 E94.92477
G1 X219.084 Y216.372 E94.92842
G1 X218.922 Y216.918 E94.93787
G1 X218.686 Y217.165 E94.94353
G1 X218.56 Y217.672 E94.9522
G1 X218.361 Y217.865 E94.9568
G1 X218.322 Y218.004 E94.95919
G1 X218.347 Y218.099 E94.96082
G1 X218.209 Y218.637 E94.97004
G1 X218.267 Y218.749 E94.97213
G1 X218.651 Y218.881 E94.97886
G1 X218.883 Y219.109 E94.98426
G1 X219.33 Y219.241 E94.99199
G1 X219.613 Y219.53 E94.9987
G1 X219.72 Y219.882 E95.0048
G1 X219.694 Y219.981 E95.0065
G1 X219.725 Y220.135 E95.00911
G1 X219.624 Y220.502 E95.01542
G1 X219.346 Y220.78 E95.02194
G1 X218.974 Y220.885 E95.02836
G1 X218.622 Y220.781 E95.03444
G1 X218.194 Y220.301 E95.04511
G1 X217.717 Y220.167 E95.05333
G1 X217.41 Y219.892 E95.06017
G1 X216.999 Y219.768 E95.06729
G1 X216.794 Y219.576 E95.07195
G1 X216.794 Y217.605 E95.10465
G1 X216.886 Y217.504 E95.10691
G1 X217.021 Y217.001 E95.11555
G1 X217.238 Y216.786 E95.12062
G1 X217.282 Y216.642 E95.12312
G1 X217.253 Y216.53 E95.12504
G1 X217.362 Y216.172 E95.13124
G1 X217.553 Y215.966 E95.1359
G1 X217.692 Y215.492 E95.1441
G1 X217.898 Y215.286 E95.14893
G1 X218.042 Y214.741 E95.15828
G1 X218.274 Y214.495 E95.16389
G1 X218.294 Y214.385 E95.16574
G1 X218.254 Y214.28 E95.16761
G1 X218.14 Y214.201 E95.16991
G1 X217.71 Y214.083 E95.17731
G1 X217.364 Y213.771 E95.18503
G1 X217.003 Y213.663 E95.19129
G1 X216.794 Y213.468 E95.19603
G1 X216.794 Y212.544 E95.21136
G1 F2700 E93.91136
G0 F15000 X218.623 Y208.657
G1 F2700 E95.21136
G1 F2844.4 X218.315 Y208.349 E95.21858
G1 X218.205 Y208.174 E95.22201
G1 X217.71 Y208.019 E95.23061
G1 X217.384 Y207.735 E95.23779
G1 X216.999 Y207.623 E95.24444
G1 X216.794 Y207.432 E95.24909
G1 X216.794 Y206.509 E95.2644
G1 F2837.6 X217.16 Y206.151 E95.27291
G1 F2740 X217.237 Y206.028 E95.27541
G1 X217.167 Y205.858 E95.27857
G1 F2844.4 X216.795 Y205.508 E95.28705
G1 X216.794 Y204.59 E95.30228
G1 X216.89 Y204.474 E95.30477
G1 X217.024 Y203.995 E95.31302
G1 X217.242 Y203.777 E95.31814
G1 X217.282 Y203.639 E95.32052
G1 X217.253 Y203.529 E95.32241
G1 X217.362 Y203.172 E95.3286
G1 X217.553 Y202.966 E95.33326
G1 X217.688 Y202.491 E95.34145
G1 X217.828 Y202.339 E95.34488
G1 X217.973 Y201.889 E95.35272
G1 X218.26 Y201.606 E95.35941
G1 X218.744 Y201.481 E95.3677
G1 X219.228 Y201.606 E95.37599
G1 X219.523 Y201.897 E95.38287
G1 X219.632 Y202.245 E95.38892
G1 X219.519 Y202.617 E95.39537
G1 X219.39 Y202.749 E95.39843
G1 X219.243 Y203.22 E95.40661
G1 X219.074 Y203.408 E95.41081
G1 X218.922 Y203.918 E95.41963
G1 X218.686 Y204.165 E95.4253
G1 X218.559 Y204.672 E95.43397
G1 X218.369 Y204.854 E95.43834
G1 X218.322 Y204.998 E95.44085
G1 X218.343 Y205.086 E95.44235
G1 X218.238 Y205.445 E95.44855
G1 X217.769 Y205.882 E95.45919
G1 F2740 X217.687 Y206.008 E95.46178
G1 F2733.7 X217.752 Y206.175 E95.46487
G1 F2830.9 X218.194 Y206.612 E95.47523
G1 F2844.4 X218.636 Y206.737 E95.48285
G1 X218.891 Y206.982 E95.48872
G1 X219.333 Y207.116 E95.49638
G1 X219.617 Y207.406 E95.50311
G1 X219.721 Y207.762 E95.50926
G1 X219.726 Y208.007 E95.51333
G1 X219.624 Y208.378 E95.51971
G1 X219.346 Y208.656 E95.52623
G1 X218.974 Y208.761 E95.53264
G1 X218.623 Y208.657 E95.53872
G1 F2700 E94.23872
G0 F15000 X216.508 Y228.403
G0 X213.571 Y228.403
G0 X211.475 Y222.147
G1 F2700 E95.53872
G1 F2844.4 X211.752 Y222.436 E95.54536
G1 X211.833 Y222.687 E95.54973
G1 X211.98 Y222.838 E95.55323
G1 X212.384 Y222.957 E95.56022
G1 X212.641 Y223.2 E95.56608
G1 X213.1 Y223.329 E95.57399
G1 X213.282 Y223.508 E95.57823
G1 X213.282 Y225.171 E95.60581
G1 X213.25 Y225.223 E95.60683
G1 X213.095 Y225.745 E95.61586
G1 X212.853 Y226.003 E95.62173
G1 X212.742 Y226.492 E95.63004
G1 X212.544 Y226.68 E95.63457
G1 X212.387 Y227.231 E95.64408
G1 X212.187 Y227.462 E95.64915
G1 X212.047 Y227.924 E95.65715
G1 X211.755 Y228.194 E95.66375
G1 X211.274 Y228.322 E95.67201
G1 X210.81 Y228.191 E95.68001
G1 X210.488 Y227.892 E95.6873
G1 X210.381 Y227.548 E95.69327
G1 X210.494 Y227.189 E95.69952
G1 X210.712 Y226.951 E95.70487
G1 X210.841 Y226.467 E95.71318
G1 X211.066 Y226.232 E95.71858
G1 X211.071 Y226.075 E95.72118
G1 X211.174 Y225.744 E95.72693
G1 X211.365 Y225.532 E95.73167
G1 X211.533 Y225.005 E95.74084
G1 X211.897 Y224.635 E95.74945
G1 X211.926 Y224.528 E95.75129
G1 X211.888 Y224.407 E95.75339
G1 X211.801 Y224.335 E95.75527
G1 X211.447 Y224.235 E95.76137
G1 X211.054 Y223.877 E95.77019
G1 X210.758 Y223.789 E95.77531
G1 X210.466 Y223.503 E95.78209
G1 X210.356 Y223.148 E95.78826
G1 X210.397 Y223.008 E95.79068
G1 X210.351 Y222.791 E95.79436
G1 X210.456 Y222.436 E95.8005
G1 X210.729 Y222.147 E95.80709
G1 X211.103 Y222.043 E95.81353
G1 X211.475 Y222.147 E95.81994
G1 F2700 E94.51994
G0 F15000 X213.571 Y228.403
G0 X216.508 Y228.403
G0 X216.794 Y224.712
G1 F2700 E95.81994
G1 F2844.4 X216.972 Y224.538 E95.82407
G1 X217.434 Y224.418 E95.83199
G1 X217.932 Y224.553 E95.84054
G1 X218.218 Y224.82 E95.84704
G1 X218.651 Y224.941 E95.85449
G1 X218.922 Y225.19 E95.8606
G1 X219.329 Y225.3 E95.86759
G1 X219.613 Y225.594 E95.87437
G1 X219.72 Y225.945 E95.88046
G1 X219.694 Y226.045 E95.88217
G1 X219.725 Y226.199 E95.88478
G1 X219.6 Y226.714 E95.89357
G1 X219.725 Y227.143 E95.90098
G1 X219.623 Y227.514 E95.90737
G1 X219.346 Y227.792 E95.91388
G1 X218.974 Y227.897 E95.92029
G1 X218.622 Y227.793 E95.92638
G1 X218.323 Y227.497 E95.93336
G1 X218.223 Y227.15 E95.93935
G1 X218.384 Y226.604 E95.94879
G1 X218.367 Y226.482 E95.95083
G1 X218.279 Y226.382 E95.95304
G1 X217.717 Y226.227 E95.96271
G1 X217.394 Y225.943 E95.96985
G1 X216.999 Y225.831 E95.97666
G1 X216.795 Y225.637 E95.98133
G1 X216.794 Y224.712 E95.99667
G1 F2700 E94.69667
;MESH:upperRightPad.stl
G0 F15000 X215.416 Y224.71
G0 X214.841 Y215
M204 S1250
;TYPE:WALL-INNER
G1 F2700 E95.99667
G1 F3032.1 X214.841 Y227.131 E96.19539
G1 X215.235 Y227.131 E96.20184
G1 X215.238 Y202.866 E96.59932
G1 F3024.4 X214.842 Y202.866 E96.60582
G1 F3032.1 X214.841 Y215 E96.80458
M204 S2500
G0 F15000 X214.434 Y215
M204 S1250
;TYPE:WALL-OUTER
G1 F2844.4 X214.434 Y227.538 E97.02351
G1 X215.642 Y227.538 E97.04461
G1 X215.645 Y202.459 E97.48253
G1 X214.435 Y202.459 E97.50366
G1 X214.434 Y215 E97.72264
M204 S2500
G0 F15000 X214.434 Y215.2
G1 F2700 E96.42264
;MESH:NONMESH
G0 F600 X214.434 Y215.2 Z1.4
G0 F15000 X214.744 Y215.201
G0 X214.664 Y204.269
G0 X213.559 Y204.269
G0 X210.532 Y204.267
;TIME_ELAPSED:125.796224
;LAYER:11
;note -- min layer time used
;TYPE:SUPPORT
G1 F2700 E97.72264
G1 F2263 X211.096 Y203.746 E97.73862
G1 F2516.1 X211.679 Y204.287 E97.75351
G1 F2839.6 X211.738 Y204.404 E97.75569
G1 X212.068 Y204.728 E97.76336
G1 X212.485 Y204.849 E97.77056
G1 X212.769 Y205.114 E97.777
G1 X213.199 Y205.237 E97.78442
G1 X213.334 Y205.368 E97.78754
G1 X213.334 Y206.284 E97.80274
G1 X213.224 Y206.385 E97.80522
G1 X212.852 Y206.479 E97.81158
G1 X212.355 Y206.353 E97.82009
G1 X212.061 Y206.104 E97.82648
G1 X211.622 Y205.986 E97.83402
G1 X211.263 Y205.652 E97.84215
G1 X210.881 Y205.538 E97.84877
G1 X210.596 Y205.275 E97.8552
G1 X210.435 Y204.599 E97.86673
G1 F2516.1 X210.532 Y204.267 E97.8732
G0 F15000 X211.108 Y203.735
G1 F1884.1 X211.108 Y203.701 E97.87405
G1 F2700 E96.57405
G0 F15000 X210.769 Y202.255
G1 F2700 E97.87405
G1 F2839.6 X211.103 Y202.163 E97.8798
G1 X211.436 Y202.255 E97.88553
G1 X211.68 Y202.509 E97.89137
G1 X211.773 Y202.826 E97.89685
G1 F2537.5 X211.676 Y203.173 E97.90354
G1 F2343.1 X211.118 Y203.677 E97.91866
G1 F2598.3 X210.527 Y203.141 E97.93312
G1 F2839.6 X210.435 Y202.827 E97.93855
G1 X210.528 Y202.508 E97.94406
G1 X210.769 Y202.255 E97.94986
G1 F2700 E96.64986
G0 F15000 X213.622 Y201.597
G0 X216.459 Y201.597
G0 X216.746 Y206.509
G1 F2700 E97.94986
G1 F2839.6 X216.867 Y206.391 E97.95266
G1 F2760.7 X217.175 Y206.312 E97.95809
G1 F2443.9 X217.317 Y206.164 E97.96204
G1 X217.442 Y206.326 E97.96598
G1 F2760.7 X217.755 Y206.412 E97.97152
G1 F2839.6 X218.04 Y206.681 E97.97802
G1 X218.452 Y206.798 E97.98513
G1 X218.754 Y207.072 E97.99189
G1 X219.21 Y207.19 E97.99971
G1 X219.478 Y207.452 E98.00592
G1 X219.641 Y208.011 E98.01558
G1 X219.551 Y208.338 E98.02121
G1 X219.306 Y208.584 E98.02697
G1 X218.97 Y208.677 E98.03275
G1 X218.657 Y208.587 E98.03815
G1 X218.102 Y208.087 E98.05054
G1 X217.608 Y207.942 E98.05909
G1 X217.281 Y207.653 E98.06632
G1 X216.895 Y207.543 E98.07298
G1 X216.747 Y207.401 E98.07638
G1 X216.746 Y206.509 E98.09118
G0 F15000 X217.317 Y206.164
G1 F2246 X217.317 Y205.868 E98.09739
G1 F2700 E96.79739
G0 F15000 X216.746 Y204.587
G1 F2700 E98.09739
G1 F2839.6 X216.793 Y204.516 E98.0988
G1 X216.942 Y204.033 E98.10719
G1 X217.172 Y203.805 E98.11256
G1 X217.222 Y203.652 E98.11523
G1 X217.192 Y203.531 E98.1173
G1 X217.289 Y203.219 E98.12272
G1 X217.493 Y203.023 E98.12741
G1 X217.621 Y202.53 E98.13586
G1 X217.783 Y202.355 E98.13982
G1 X217.907 Y201.923 E98.14727
G1 X218.164 Y201.67 E98.15325
G1 X218.549 Y201.572 E98.15984
G1 X219.04 Y201.677 E98.16817
G1 X219.303 Y201.938 E98.17432
G1 X219.404 Y202.25 E98.17976
G1 X219.302 Y202.581 E98.1855
G1 X219.165 Y202.719 E98.18873
G1 X219.025 Y203.182 E98.19675
G1 X218.837 Y203.359 E98.20104
G1 X218.71 Y203.873 E98.20982
G1 X218.451 Y204.139 E98.21598
G1 X218.456 Y204.33 E98.21915
G1 X218.352 Y204.659 E98.22487
G1 X218.116 Y204.915 E98.23065
G1 X218.121 Y205.064 E98.23312
G1 X218.026 Y205.393 E98.2388
G1 X217.765 Y205.633 E98.24468
G1 F2812.8 X217.47 Y205.712 E98.2498
G1 F2495 X217.317 Y205.868 E98.25392
G1 X217.181 Y205.696 E98.25806
G1 F2812.8 X216.89 Y205.616 E98.26312
G1 F2839.6 X216.746 Y205.481 E98.26639
G1 X216.746 Y204.587 E98.28122
G1 F2700 E96.98122
G0 F15000 X217.239 Y212.336
G1 F2700 E98.28122
G1 F2839.6 X217.755 Y212.452 E98.29
G1 X218.057 Y212.742 E98.29694
G1 X218.457 Y212.861 E98.30386
G1 X218.682 Y213.077 E98.30904
G1 X218.813 Y213.118 E98.31131
G1 X218.973 Y213.079 E98.31405
G1 X219.307 Y213.175 E98.31981
G1 X219.548 Y213.428 E98.32561
G1 X219.641 Y213.747 E98.33112
G1 X219.605 Y213.953 E98.33459
G1 X219.641 Y214.075 E98.3367
G1 X219.615 Y214.227 E98.33926
G1 X219.642 Y214.333 E98.34107
G1 X219.548 Y214.67 E98.34687
G1 X219.419 Y214.859 E98.35067
G1 X219.476 Y215.099 E98.35476
G1 X219.375 Y215.428 E98.36047
G1 X219.129 Y215.675 E98.36625
G1 X219.125 Y215.847 E98.36911
G1 X219.027 Y216.18 E98.37487
G1 X218.843 Y216.354 E98.37907
G1 X218.71 Y216.873 E98.38796
G1 X218.451 Y217.139 E98.39411
G1 X218.456 Y217.33 E98.39728
G1 X218.352 Y217.664 E98.40309
G1 X218.145 Y217.86 E98.40782
G1 X218.102 Y218.001 E98.41026
G1 X218.121 Y218.083 E98.41166
G1 X217.974 Y218.576 E98.42019
G1 X217.999 Y218.751 E98.42312
G1 X218.07 Y218.818 E98.42474
G1 X218.461 Y218.946 E98.43157
G1 X218.731 Y219.193 E98.43764
G1 X219.214 Y219.311 E98.44589
G1 X219.477 Y219.572 E98.45203
G1 X219.641 Y220.134 E98.46174
G1 X219.548 Y220.462 E98.4674
G1 X219.302 Y220.708 E98.47317
G1 X218.969 Y220.801 E98.47891
G1 X218.653 Y220.711 E98.48436
G1 X218.112 Y220.222 E98.49645
G1 X217.621 Y220.078 E98.50494
G1 X217.321 Y219.807 E98.51165
G1 X216.889 Y219.686 E98.51909
G1 X216.742 Y219.548 E98.52243
G1 X216.742 Y217.608 E98.55462
G1 X216.828 Y217.514 E98.55673
G1 X216.941 Y217.034 E98.56491
G1 X217.205 Y216.753 E98.57131
G1 X217.192 Y216.531 E98.57499
G1 X217.289 Y216.218 E98.58043
G1 X217.515 Y215.971 E98.58598
G1 X217.621 Y215.53 E98.59351
G1 X217.875 Y215.261 E98.59964
G1 X217.877 Y215.086 E98.60255
G1 X217.977 Y214.776 E98.60795
G1 X218.144 Y214.575 E98.61229
G1 X218.134 Y214.221 E98.61816
G1 X218.07 Y214.143 E98.61983
G1 X217.608 Y214.006 E98.62783
G1 X217.215 Y213.665 E98.63646
G1 X216.901 Y213.579 E98.64186
G1 X216.746 Y213.435 E98.64537
G1 X216.746 Y212.547 E98.6601
G1 X216.867 Y212.426 E98.66294
G1 X217.239 Y212.336 E98.66929
G1 F2700 E97.36929
G0 F15000 X216.459 Y201.597
G0 X213.622 Y201.597
G0 X213.334 Y212.348
G1 F2700 E98.66929
G1 F2839.6 X213.16 Y212.513 E98.67327
G1 X213.023 Y212.92 E98.68039
G1 X212.716 Y213.25 E98.68787
G1 X212.752 Y213.477 E98.69168
G1 X212.655 Y213.805 E98.69735
G1 X212.393 Y214.092 E98.7038
G1 X212.401 Y214.227 E98.70604
G1 X212.306 Y214.549 E98.71161
G1 X212.082 Y214.773 E98.71687
G1 X211.956 Y215.227 E98.72468
G1 X211.796 Y215.379 E98.72834
G1 X211.746 Y215.5 E98.73052
G1 X211.77 Y215.634 E98.73277
G1 X211.67 Y216.041 E98.73973
G1 X211.772 Y216.398 E98.74589
G1 X211.77 Y216.525 E98.74799
G1 X212.069 Y216.85 E98.75532
G1 X212.485 Y216.973 E98.76251
G1 X212.785 Y217.252 E98.76931
G1 X213.196 Y217.369 E98.7764
G1 X213.334 Y217.504 E98.7796
G1 X213.334 Y218.416 E98.79473
G1 X213.22 Y218.521 E98.7973
G1 X212.852 Y218.615 E98.8036
G1 X212.354 Y218.489 E98.81212
G1 X212.058 Y218.236 E98.81858
G1 X211.624 Y218.112 E98.82607
G1 X211.269 Y217.777 E98.83417
G1 X210.885 Y217.662 E98.84082
G1 X210.6 Y217.399 E98.84725
G1 X210.435 Y216.73 E98.85868
G1 X210.473 Y216.535 E98.86198
G1 X210.436 Y216.397 E98.86435
G1 X210.538 Y216.036 E98.87057
G1 X210.435 Y215.635 E98.87744
G1 X210.546 Y215.218 E98.88459
G1 X210.449 Y214.88 E98.89043
G1 X210.549 Y214.562 E98.89596
G1 X210.782 Y214.32 E98.90153
G1 X210.898 Y213.872 E98.90921
G1 X211.131 Y213.623 E98.91486
G1 X211.14 Y213.464 E98.91751
G1 X211.241 Y213.143 E98.92309
G1 X211.54 Y212.832 E98.93024
G1 X211.556 Y212.71 E98.93229
G1 X211.517 Y212.577 E98.93458
G1 X211.636 Y212.124 E98.94235
G1 X211.592 Y212.023 E98.94418
G1 X211.267 Y211.716 E98.9516
G1 X210.881 Y211.602 E98.95827
G1 X210.596 Y211.335 E98.96475
G1 X210.436 Y210.664 E98.9762
G1 X210.528 Y210.348 E98.98166
G1 X210.769 Y210.091 E98.9875
G1 X211.103 Y209.999 E98.99325
G1 X211.435 Y210.091 E98.99896
G1 X211.678 Y210.346 E99.0048
G1 X211.737 Y210.467 E99.00704
G1 X212.067 Y210.787 E99.01466
G1 X212.486 Y210.91 E99.02191
G1 X212.618 Y210.994 E99.0245
G1 X213.203 Y211.125 E99.03445
G1 X213.334 Y211.253 E99.03749
G1 X213.334 Y212.336 E99.05545
G1 X213.334 Y212.348 E99.05565
G1 F2700 E97.75565
G0 F15000 X211.103 Y222.127
G1 F2700 E99.05565
G1 F2839.6 X211.435 Y222.219 E99.06136
G1 X212.072 Y222.913 E99.07699
G1 X212.489 Y223.038 E99.08421
G1 X212.757 Y223.289 E99.0903
G1 X213.199 Y223.421 E99.09796
G1 X213.334 Y223.552 E99.10108
G1 X213.334 Y225.149 E99.12757
G1 X213.275 Y225.227 E99.12919
G1 X213.166 Y225.705 E99.13732
G1 X212.901 Y225.996 E99.14385
G1 X212.912 Y226.14 E99.14625
G1 X212.815 Y226.464 E99.15186
G1 X212.549 Y226.751 E99.15835
G1 X212.558 Y226.883 E99.16054
G1 X212.467 Y227.192 E99.16589
G1 X212.22 Y227.446 E99.17177
G1 X212.11 Y227.9 E99.17951
G1 X211.856 Y228.133 E99.18523
G1 X211.476 Y228.232 E99.19175
G1 X210.986 Y228.123 E99.20007
G1 X210.704 Y227.859 E99.20648
G1 X210.605 Y227.551 E99.21185
G1 X210.705 Y227.231 E99.21741
G1 X210.903 Y227.021 E99.2222
G1 X211.054 Y226.525 E99.2308
G1 X211.286 Y226.279 E99.23641
G1 X211.293 Y226.114 E99.23915
G1 X211.393 Y225.798 E99.24465
G1 X211.647 Y225.534 E99.25072
G1 X211.652 Y225.367 E99.25349
G1 X211.75 Y225.053 E99.25895
G1 X211.95 Y224.855 E99.26362
G1 X212.042 Y224.452 E99.27048
G1 X212.015 Y224.347 E99.27227
G1 X211.909 Y224.256 E99.27459
G1 X211.628 Y224.179 E99.27943
G1 X211.269 Y223.841 E99.2876
G1 X210.885 Y223.726 E99.29425
G1 X210.6 Y223.463 E99.30069
G1 X210.435 Y222.793 E99.31213
G1 X210.528 Y222.472 E99.31768
G1 X210.769 Y222.219 E99.32347
G1 X211.103 Y222.127 E99.32922
G1 F2700 E98.02922
G0 F15000 X213.621 Y228.403
G0 X216.458 Y228.403
G0 X216.742 Y224.714
G1 F2700 E99.32922
G1 F2839.6 X216.862 Y224.598 E99.33199
G1 X217.236 Y224.504 E99.33839
G1 X217.755 Y224.617 E99.3472
G1 X218.043 Y224.891 E99.35379
G1 X218.465 Y225.01 E99.36107
G1 X218.756 Y225.264 E99.36747
G1 X219.209 Y225.375 E99.37521
G1 X219.474 Y225.636 E99.38138
G1 X219.639 Y226.192 E99.391
G1 X219.49 Y226.659 E99.39913
G1 X219.64 Y227.151 E99.40766
G1 X219.548 Y227.474 E99.41324
G1 X219.302 Y227.72 E99.41901
G1 X218.97 Y227.813 E99.42473
G1 X218.663 Y227.721 E99.43004
G1 X218.395 Y227.457 E99.43628
G1 X218.308 Y227.153 E99.44153
G1 X218.45 Y226.705 E99.44932
G1 X218.411 Y226.565 E99.45173
G1 X218.115 Y226.285 E99.45849
G1 X217.621 Y226.138 E99.46704
G1 X217.305 Y225.861 E99.47401
G1 X216.893 Y225.746 E99.48111
G1 X216.743 Y225.607 E99.4845
G1 X216.742 Y224.714 E99.49932
G1 F2700 E98.19932
;MESH:upperRightPad.stl
G0 F15000 X215.366 Y224.712
G0 X214.865 Y215
M204 S1250
;TYPE:WALL-INNER
G1 F2700 E99.49932
G1 F3446.9 X214.865 Y227.155 E99.67417
G1 X215.211 Y227.155 E99.67914
G1 X215.211 Y202.841 E100.0289
G1 X214.865 Y202.841 E100.03388
G1 X214.865 Y215 E100.20878
M204 S2500
G0 F15000 X214.482 Y215
M204 S1250
;TYPE:WALL-OUTER
G1 F2839.6 X214.482 Y227.538 E100.42772
G1 X215.594 Y227.538 E100.44714
G1 X215.594 Y202.458 E100.88507
G1 X214.482 Y202.458 E100.90449
G1 X214.482 Y215 E101.12349
M204 S2500
G0 F15000 X214.482 Y215.2
G1 F2700 E99.82349
;MESH:NONMESH
G0 F600 X214.482 Y215.2 Z1.5
G0 F15000 X214.794 Y215.201
G0 X214.714 Y204.104
G0 X213.609 Y204.104
G0 X210.813 Y204.102
;TIME_ELAPSED:134.602028
;LAYER:12
;note -- min layer time used
;TYPE:SUPPORT
G1 F2700 E101.12349
G1 F2503 X211.023 Y204.043 E101.12711
G1 F3003.6 X211.104 Y203.842 E101.13011
G1 X211.185 Y204.043 E101.1331
G1 F2503 X211.389 Y204.101 E101.13662
G1 X211.674 Y204.426 E101.14379
G1 X211.83 Y204.485 E101.14656
G1 X212.151 Y204.807 E101.1541
G1 X212.585 Y204.934 E101.1616
G1 X212.867 Y205.195 E101.16797
G1 X213.306 Y205.307 E101.17549
G1 X213.534 Y205.532 E101.1808
G1 X213.602 Y205.856 E101.1863
G1 X213.527 Y206.099 E101.19051
G1 X213.297 Y206.309 E101.19568
G1 X212.91 Y206.407 E101.2023
G1 X212.541 Y206.309 E101.20864
G1 X212.227 Y206.034 E101.21556
G1 X211.812 Y205.919 E101.2227
G1 X211.47 Y205.592 E101.23055
G1 X211.065 Y205.471 E101.23757
G1 X210.808 Y205.238 E101.24332
G1 X210.737 Y205.023 E101.24708
G1 X210.599 Y204.873 E101.25046
G1 X210.519 Y204.601 E101.25516
G1 X210.599 Y204.328 E101.25988
G1 X210.813 Y204.102 E101.26504
G0 F15000 X211.104 Y203.842
G1 F3781.5 X211.106 Y203.588 E101.26783
G1 F2700 E99.96783
G0 F15000 X210.6 Y202.548
G1 F2700 E101.26783
G1 F2503 X210.813 Y202.327 E101.27292
G1 X211.104 Y202.243 E101.27795
G1 X211.395 Y202.327 E101.28297
G1 X211.608 Y202.549 E101.28808
G1 X211.689 Y202.826 E101.29286
G1 X211.608 Y203.114 E101.29783
G1 X211.391 Y203.331 E101.30292
G1 X211.179 Y203.388 E101.30656
G1 F3020.9 X211.106 Y203.588 E101.30948
G1 X211.027 Y203.39 E101.31241
G1 F2503 X210.831 Y203.333 E101.3158
G1 X210.599 Y203.098 E101.32128
G1 X210.519 Y202.827 E101.32597
G1 X210.6 Y202.548 E101.33078
G1 F2700 E100.03078
G0 F15000 X213.637 Y201.597
G0 X216.443 Y201.597
G0 X216.789 Y207.455
G1 F2700 E101.33078
G1 F2503 X216.535 Y207.222 E101.3365
G1 X216.47 Y207.022 E101.33999
G1 X216.47 Y206.868 E101.34255
G1 X216.529 Y206.678 E101.34585
G1 X216.767 Y206.45 E101.35131
G1 X217.096 Y206.364 E101.35695
G1 X217.564 Y206.469 E101.36491
G1 X217.863 Y206.754 E101.37176
G1 X218.29 Y206.874 E101.37912
G1 X218.583 Y207.145 E101.38574
G1 X219.037 Y207.262 E101.39352
G1 X219.48 Y207.732 E101.40423
G1 X219.561 Y208.006 E101.40897
G1 X219.48 Y208.297 E101.41398
G1 X219.263 Y208.512 E101.41905
G1 X218.974 Y208.593 E101.42403
G1 X218.703 Y208.513 E101.42872
G1 X218.476 Y208.306 E101.43381
G1 X218.272 Y208.25 E101.43732
G1 X217.963 Y207.983 E101.4441
G1 X217.518 Y207.869 E101.45172
G1 X217.186 Y207.574 E101.45908
G1 X216.789 Y207.455 E101.46596
G1 F2700 E100.16596
G0 F15000 X217.241 Y205.632
G1 F2700 E101.46596
G1 F2503 X216.786 Y205.531 E101.47369
G1 X216.535 Y205.298 E101.47937
G1 X216.47 Y205.102 E101.4828
G1 X216.47 Y204.949 E101.48534
G1 X216.533 Y204.753 E101.48875
G1 X216.782 Y204.477 E101.49492
G1 X216.781 Y204.33 E101.49736
G1 X216.869 Y204.05 E101.50222
G1 X217.148 Y203.76 E101.5089
G1 X217.129 Y203.526 E101.51279
G1 X217.217 Y203.25 E101.5176
G1 X217.483 Y202.953 E101.52421
G1 X217.481 Y202.836 E101.52615
G1 X217.568 Y202.559 E101.53097
G1 X217.752 Y202.363 E101.53543
G1 X217.854 Y201.957 E101.54237
G1 X218.08 Y201.737 E101.54761
G1 X218.413 Y201.649 E101.55332
G1 X218.864 Y201.745 E101.56097
G1 X219.1 Y201.975 E101.56644
G1 X219.187 Y202.247 E101.57117
G1 X219.099 Y202.536 E101.57618
G1 X218.92 Y202.725 E101.5805
G1 X218.811 Y203.135 E101.58754
G1 X218.573 Y203.399 E101.59344
G1 X218.577 Y203.525 E101.59553
G1 X218.487 Y203.819 E101.60063
G1 X218.192 Y204.134 E101.60779
G1 X218.228 Y204.361 E101.6116
G1 X218.143 Y204.644 E101.6165
G1 X217.902 Y204.885 E101.62216
G1 X217.897 Y205.054 E101.62496
G1 X217.811 Y205.336 E101.62985
G1 X217.581 Y205.548 E101.63504
G1 X217.241 Y205.632 E101.64085
G1 F2700 E100.34085
G0 F15000 X217.096 Y212.404
G1 F2700 E101.64085
G1 F2503 X217.571 Y212.509 E101.64892
G1 X217.882 Y212.815 E101.65616
G1 X218.29 Y212.934 E101.66321
G1 X218.583 Y213.205 E101.66983
G1 X218.666 Y213.23 E101.67127
G1 X218.969 Y213.162 E101.67642
G1 X219.266 Y213.246 E101.68154
G1 X219.476 Y213.471 E101.68664
G1 X219.557 Y213.746 E101.6914
G1 X219.522 Y213.867 E101.69349
G1 X219.557 Y214.075 E101.69699
G1 X219.526 Y214.236 E101.69971
G1 X219.556 Y214.343 E101.70155
G1 X219.474 Y214.622 E101.70637
G1 X219.24 Y214.86 E101.71191
G1 X219.219 Y214.981 E101.71395
G1 X219.255 Y215.101 E101.71603
G1 X219.171 Y215.381 E101.72087
G1 X218.902 Y215.652 E101.72721
G1 X218.904 Y215.846 E101.73043
G1 X218.815 Y216.136 E101.73546
G1 X218.573 Y216.402 E101.74142
G1 X218.577 Y216.527 E101.7435
G1 X218.487 Y216.819 E101.74857
G1 X218.192 Y217.134 E101.75573
G1 X218.228 Y217.361 E101.75954
G1 X218.143 Y217.645 E101.76446
G1 X217.885 Y217.926 E101.77079
G1 X217.896 Y218.072 E101.77321
G1 X217.731 Y218.545 E101.78152
G1 X217.809 Y218.823 E101.78631
G1 X217.877 Y218.891 E101.78791
G1 X218.284 Y219.009 E101.79494
G1 X218.56 Y219.267 E101.80121
G1 X219.038 Y219.386 E101.80938
G1 X219.476 Y219.855 E101.82002
G1 X219.557 Y220.131 E101.82479
G1 X219.479 Y220.422 E101.82979
G1 X219.263 Y220.636 E101.83484
G1 X218.974 Y220.717 E101.83981
G1 X218.7 Y220.637 E101.84455
G1 X218.483 Y220.434 E101.84948
G1 X218.273 Y220.374 E101.8531
G1 X217.959 Y220.106 E101.85995
G1 X217.522 Y220 E101.86741
G1 X217.246 Y219.748 E101.87361
G1 X216.785 Y219.602 E101.88163
G1 X216.535 Y219.367 E101.88732
G1 X216.47 Y219.173 E101.89072
G1 X216.47 Y219 E101.89359
G1 X216.525 Y218.822 E101.89668
G1 X216.695 Y218.603 E101.90128
G1 X216.659 Y218.441 E101.90403
G1 X216.536 Y218.32 E101.90689
G1 X216.47 Y218.118 E101.91042
G1 X216.47 Y217.972 E101.91284
G1 X216.533 Y217.771 E101.91633
G1 X216.795 Y217.478 E101.92285
G1 X216.784 Y217.328 E101.92535
G1 X216.87 Y217.05 E101.93017
G1 X217.148 Y216.76 E101.93684
G1 X217.129 Y216.526 E101.94073
G1 X217.217 Y216.251 E101.94552
G1 X217.474 Y215.987 E101.95163
G1 X217.482 Y215.829 E101.95426
G1 X217.569 Y215.562 E101.95892
G1 X217.834 Y215.284 E101.96529
G1 X217.832 Y215.084 E101.96861
G1 X217.921 Y214.811 E101.97337
G1 X218.232 Y214.492 E101.98076
G1 X218.254 Y214.387 E101.98254
G1 X218.224 Y214.285 E101.9843
G1 X218.015 Y214.07 E101.98928
G1 X217.526 Y213.933 E101.9977
G1 X217.19 Y213.611 E102.00542
G1 X216.793 Y213.49 E102.01231
G1 X216.535 Y213.257 E102.01807
G1 X216.47 Y213.058 E102.02155
G1 X216.47 Y212.909 E102.02402
G1 X216.532 Y212.716 E102.02738
G1 X216.77 Y212.486 E102.03287
G1 X217.096 Y212.404 E102.03845
G1 F2700 E100.73845
G0 F15000 X216.443 Y201.597
G0 X213.637 Y201.597
G0 X213.305 Y211.194
G1 F2700 E102.03845
G1 F2503 X213.534 Y211.417 E102.04375
G1 X213.602 Y211.64 E102.04762
G1 X213.602 Y211.916 E102.05219
G1 X213.527 Y212.161 E102.05644
G1 X213.209 Y212.476 E102.06387
G1 X213.096 Y212.891 E102.071
G1 X212.781 Y213.198 E102.0783
G1 X212.765 Y213.327 E102.08046
G1 X212.816 Y213.491 E102.08331
G1 X212.731 Y213.775 E102.08822
G1 X212.458 Y214.04 E102.09454
G1 X212.462 Y214.238 E102.09782
G1 X212.375 Y214.52 E102.10272
G1 X212.193 Y214.691 E102.10686
G1 X212.03 Y215.196 E102.11566
G1 X211.761 Y215.468 E102.12201
G1 X211.761 Y215.633 E102.12474
G1 X211.608 Y216.066 E102.13236
G1 X211.736 Y216.535 E102.14043
G1 X212.152 Y216.932 E102.14997
G1 X212.593 Y217.058 E102.15757
G1 X212.874 Y217.322 E102.16397
G1 X213.311 Y217.436 E102.17146
G1 X213.538 Y217.653 E102.17667
G1 X213.602 Y217.987 E102.18231
G1 X213.528 Y218.219 E102.18635
G1 X213.291 Y218.439 E102.19172
G1 X212.911 Y218.542 E102.19825
G1 X212.537 Y218.442 E102.20467
G1 X212.221 Y218.159 E102.21171
G1 X211.82 Y218.047 E102.21861
G1 X211.479 Y217.72 E102.22645
G1 X211.069 Y217.595 E102.23356
G1 X210.811 Y217.362 E102.23933
G1 X210.743 Y217.159 E102.24288
G1 X210.599 Y217.001 E102.24643
G1 X210.519 Y216.727 E102.25116
G1 X210.558 Y216.538 E102.25436
G1 X210.52 Y216.397 E102.25678
G1 X210.621 Y216.046 E102.26284
G1 X210.519 Y215.633 E102.2699
G1 X210.6 Y215.36 E102.27462
G1 X210.735 Y215.167 E102.27853
G1 X210.673 Y214.888 E102.28327
G1 X210.761 Y214.61 E102.28811
G1 X210.997 Y214.362 E102.29379
G1 X211.097 Y213.938 E102.30101
G1 X211.366 Y213.66 E102.30743
G1 X211.362 Y213.461 E102.31073
G1 X211.448 Y213.195 E102.31537
G1 X211.771 Y212.866 E102.32302
G1 X211.789 Y212.749 E102.32498
G1 X211.742 Y212.588 E102.32776
G1 X211.895 Y212.146 E102.33552
G1 X211.864 Y212.033 E102.33747
G1 X211.471 Y211.655 E102.34651
G1 X211.064 Y211.538 E102.35354
G1 X210.808 Y211.303 E102.3593
G1 X210.712 Y211.054 E102.36373
G1 X210.599 Y210.941 E102.36638
G1 X210.519 Y210.665 E102.37115
G1 X210.6 Y210.388 E102.37593
G1 X210.813 Y210.163 E102.38107
G1 X211.104 Y210.082 E102.38608
G1 X211.39 Y210.162 E102.39101
G1 X211.682 Y210.493 E102.39833
G1 X211.835 Y210.547 E102.40102
G1 X212.152 Y210.868 E102.40851
G1 X212.587 Y210.993 E102.41602
G1 X212.763 Y211.109 E102.41951
G1 X212.96 Y211.107 E102.42278
G1 X213.305 Y211.194 E102.42868
G1 F2700 E101.12868
G0 F15000 X211.103 Y222.21
G1 F2700 E102.42868
G1 F2503 X211.391 Y222.29 E102.43364
G1 X211.678 Y222.614 E102.44082
G1 X211.838 Y222.673 E102.44365
G1 X212.159 Y222.995 E102.45119
G1 X212.597 Y223.122 E102.45876
G1 X212.864 Y223.375 E102.46486
G1 X213.306 Y223.491 E102.47244
G1 X213.534 Y223.717 E102.47777
G1 X213.602 Y223.936 E102.48157
G1 X213.544 Y224.313 E102.4879
G1 X213.606 Y224.497 E102.49112
G1 X213.576 Y224.959 E102.4988
G1 X213.329 Y225.204 E102.50457
G1 X213.331 Y225.389 E102.50764
G1 X213.243 Y225.675 E102.5126
G1 X212.957 Y225.978 E102.51951
G1 X212.976 Y226.147 E102.52233
G1 X212.887 Y226.436 E102.52735
G1 X212.627 Y226.696 E102.53345
G1 X212.624 Y226.879 E102.53649
G1 X212.539 Y227.16 E102.54136
G1 X212.279 Y227.419 E102.54744
G1 X212.187 Y227.863 E102.55497
G1 X211.953 Y228.073 E102.56018
G1 X211.62 Y228.16 E102.56589
G1 X211.166 Y228.059 E102.57361
G1 X210.919 Y227.827 E102.57923
G1 X210.83 Y227.555 E102.58398
G1 X210.917 Y227.283 E102.58871
G1 X211.178 Y226.991 E102.59521
G1 X211.172 Y226.856 E102.59745
G1 X211.261 Y226.574 E102.60236
G1 X211.518 Y226.308 E102.60849
G1 X211.521 Y226.127 E102.61149
G1 X211.608 Y225.855 E102.61623
G1 X211.895 Y225.538 E102.62333
G1 X211.878 Y225.373 E102.62608
G1 X211.965 Y225.103 E102.63078
G1 X212.215 Y224.84 E102.6368
G1 X212.213 Y224.65 E102.63995
G1 X212.282 Y224.381 E102.64456
G1 X212.223 Y224.252 E102.64691
G1 X211.82 Y224.115 E102.65398
G1 X211.475 Y223.781 E102.66194
G1 X211.069 Y223.659 E102.66897
G1 X210.815 Y223.425 E102.6747
G1 X210.741 Y223.218 E102.67835
G1 X210.598 Y223.066 E102.68181
G1 X210.516 Y222.792 E102.68656
G1 X210.599 Y222.516 E102.69134
G1 X210.809 Y222.291 E102.69644
G1 X211.103 Y222.21 E102.7015
G1 F2700 E101.4015
G0 F15000 X213.637 Y228.403
G0 X216.443 Y228.403
G0 X216.786 Y225.659
G1 F2700 E102.7015
G1 F2503 X216.535 Y225.426 E102.70718
G1 X216.47 Y225.23 E102.71061
G1 X216.47 Y225.077 E102.71314
G1 X216.533 Y224.878 E102.71661
G1 X216.762 Y224.654 E102.72192
G1 X217.092 Y224.572 E102.72756
G1 X217.569 Y224.677 E102.73566
G1 X217.863 Y224.951 E102.74233
G1 X218.285 Y225.069 E102.7496
G1 X218.563 Y225.327 E102.75589
G1 X219.034 Y225.446 E102.76395
G1 X219.476 Y225.916 E102.77465
G1 X219.557 Y226.194 E102.77946
G1 X219.43 Y226.696 E102.78805
G1 X219.557 Y227.143 E102.79575
G1 X219.479 Y227.434 E102.80075
G1 X219.263 Y227.647 E102.80578
G1 X218.969 Y227.726 E102.81083
G1 X218.608 Y227.636 E102.81701
G1 X218.36 Y227.407 E102.82261
G1 X218.277 Y227.143 E102.8272
G1 X218.414 Y226.681 E102.83519
G1 X218.382 Y226.547 E102.83748
G1 X218.012 Y226.2 E102.84589
G1 X217.522 Y226.06 E102.85434
G1 X217.2 Y225.778 E102.86144
G1 X216.786 Y225.659 E102.86859
G1 F2700 E101.56859
;MESH:upperRightPad.stl
G0 F15000 X215.35 Y225.659
G0 X215.038 Y226.998
M204 S1250
;TYPE:WALL-INNER
G1 F2700 E102.86859
G1 F1592.8 X215.038 Y202.998 E103.52714
M204 S2500
G1 F2700 E102.22714
G0 F15000 X214.81 Y215
G0 X214.498 Y215
M204 S1250
;TYPE:WALL-OUTER
G1 F2700 E103.52714
G1 F2503 X214.498 Y227.538 E103.74607
G1 X215.578 Y227.538 E103.76493
G1 X215.578 Y202.458 E104.20287
G1 X214.498 Y202.458 E104.22173
G1 X214.498 Y215 E104.44073
M204 S2500
G0 F15000 X214.498 Y215.2
G1 F2700 E103.14073
;MESH:NONMESH
G0 F600 X214.498 Y215.2 Z1.6
G0 F15000 X214.81 Y215.2
G0 X214.724 Y202.684
G0 X213.625 Y202.684
G0 X210.856 Y202.395
;TIME_ELAPSED:143.729334
;LAYER:13
;note -- min layer time used
;TYPE:SUPPORT
G1 F2700 E104.44073
G1 F2477.2 X211.11 Y202.325 E104.4451
G1 X211.453 Y202.401 E104.45093
G1 X211.659 Y202.598 E104.45566
G1 X211.728 Y202.825 E104.45959
G1 X211.654 Y203.072 E104.46387
G1 X211.455 Y203.255 E104.46835
G1 X211.112 Y203.334 E104.47419
G1 X210.872 Y203.262 E104.47835
G1 X210.67 Y203.06 E104.48309
G1 X210.599 Y202.823 E104.48719
G1 X210.668 Y202.592 E104.49119
G1 X210.856 Y202.395 E104.49571
G1 F2700 E103.19571
G0 F15000 X211.104 Y204.103
G1 F2700 E104.49571
G1 F2477.2 X211.351 Y204.173 E104.49997
G1 X211.598 Y204.451 E104.50614
G1 X211.941 Y204.558 E104.5121
G1 X212.141 Y204.752 E104.51672
G1 X212.207 Y204.877 E104.51906
G1 X212.702 Y205.01 E104.52757
G1 X212.974 Y205.259 E104.53368
G1 X213.411 Y205.332 E104.54103
G1 X213.601 Y205.523 E104.5455
G1 X213.668 Y205.755 E104.54951
G1 X213.581 Y206.014 E104.55404
G1 X213.371 Y206.21 E104.55881
G1 X212.974 Y206.315 E104.56562
G1 X212.703 Y206.246 E104.57026
G1 X212.396 Y205.958 E104.57724
G1 X211.985 Y205.855 E104.58427
G1 X211.685 Y205.529 E104.59162
G1 X211.238 Y205.411 E104.59929
G1 X211.023 Y205.213 E104.60413
G1 X210.967 Y205.098 E104.60626
G1 X210.668 Y204.83 E104.61292
G1 X210.6 Y204.604 E104.61683
G1 X210.671 Y204.368 E104.62092
G1 X210.854 Y204.175 E104.62533
G1 X211.104 Y204.103 E104.62965
G1 F2700 E103.32965
G0 F15000 X213.637 Y201.597
G0 X216.443 Y201.597
G0 X216.685 Y205.45
G1 F2700 E104.62965
G1 F2477.2 X216.476 Y205.255 E104.63439
G1 X216.401 Y205.023 E104.63843
G1 X216.473 Y204.794 E104.64242
G1 X216.73 Y204.529 E104.64854
G1 X216.721 Y204.31 E104.65218
G1 X216.793 Y204.075 E104.65625
G1 X217.087 Y203.777 E104.6632
G1 X217.089 Y203.596 E104.6662
G1 X217.179 Y203.339 E104.67072
G1 X217.447 Y203.054 E104.67721
G1 X217.437 Y202.836 E104.68083
G1 X217.509 Y202.602 E104.68489
G1 X217.684 Y202.433 E104.68892
G1 X217.793 Y201.997 E104.69638
G1 X217.995 Y201.798 E104.70108
G1 X218.285 Y201.724 E104.70605
G1 X218.685 Y201.809 E104.71283
G1 X218.892 Y202.007 E104.71758
G1 X218.968 Y202.243 E104.7217
G1 X218.895 Y202.487 E104.72592
G1 X218.692 Y202.693 E104.73072
G1 X218.611 Y203.084 E104.73734
G1 X218.349 Y203.347 E104.7435
G1 X218.351 Y203.533 E104.74659
G1 X218.28 Y203.772 E104.75072
G1 X218.011 Y204.003 E104.7566
G1 X217.951 Y204.176 E104.75964
G1 X218.004 Y204.351 E104.76267
G1 X217.931 Y204.591 E104.76684
G1 X217.667 Y204.852 E104.77299
G1 X217.667 Y205.044 E104.77618
G1 X217.595 Y205.283 E104.78032
G1 X217.394 Y205.464 E104.78481
G1 X217.1 Y205.536 E104.78983
G1 X216.685 Y205.45 E104.79686
G1 F2700 E103.49686
G0 F15000 X216.97 Y206.44
G1 F2700 E104.79686
G1 F2477.2 X217.381 Y206.528 E104.80383
G1 X217.677 Y206.828 E104.81082
G1 X218.107 Y206.943 E104.81821
G1 X218.396 Y207.215 E104.82479
G1 X218.862 Y207.326 E104.83274
G1 X219.087 Y207.531 E104.83779
G1 X219.222 Y207.577 E104.84015
G1 X219.404 Y207.769 E104.84454
G1 X219.473 Y208.014 E104.84876
G1 X219.407 Y208.259 E104.85297
G1 X219.226 Y208.44 E104.85722
G1 X218.973 Y208.51 E104.86157
G1 X218.697 Y208.432 E104.86633
G1 X218.555 Y208.294 E104.86961
G1 X218.19 Y208.178 E104.87597
G1 X217.914 Y207.917 E104.88227
G1 X217.805 Y207.871 E104.88423
G1 X217.689 Y207.884 E104.88617
G1 X217.416 Y207.813 E104.89085
G1 X217.208 Y207.622 E104.89553
G1 X217.144 Y207.506 E104.89773
G1 X216.689 Y207.375 E104.90558
G1 X216.472 Y207.175 E104.91048
G1 X216.401 Y206.948 E104.91442
G1 X216.473 Y206.718 E104.91842
G1 X216.679 Y206.517 E104.9232
G1 X216.949 Y206.445 E104.92783
G1 X216.97 Y206.44 E104.92819
G1 F2700 E103.62819
G0 F15000 X217.035 Y212.481
G1 F2700 E104.92819
G1 F2477.2 X217.38 Y212.563 E104.93407
G1 X217.654 Y212.868 E104.94087
G1 X218.107 Y213.004 E104.94872
G1 X218.409 Y213.282 E104.95553
G1 X218.661 Y213.312 E104.95974
G1 X218.942 Y213.241 E104.96455
G1 X219.224 Y213.316 E104.96939
G1 X219.404 Y213.507 E104.97374
G1 X219.474 Y213.754 E104.978
G1 X219.44 Y213.951 E104.98132
G1 X219.476 Y214.072 E104.98341
G1 X219.32 Y214.577 E104.99218
G1 X219.028 Y214.858 E104.9989
G1 X219.006 Y214.964 E105.0007
G1 X219.039 Y215.087 E105.00281
G1 X218.964 Y215.331 E105.00704
G1 X218.672 Y215.614 E105.01379
G1 X218.65 Y215.719 E105.01557
G1 X218.684 Y215.844 E105.01772
G1 X218.611 Y216.088 E105.02194
G1 X218.349 Y216.347 E105.02805
G1 X218.351 Y216.533 E105.03114
G1 X218.28 Y216.772 E105.03527
G1 X218.011 Y217.003 E105.04116
G1 X217.951 Y217.176 E105.04419
G1 X218.004 Y217.351 E105.04723
G1 X217.931 Y217.591 E105.05139
G1 X217.659 Y217.859 E105.05772
G1 X217.664 Y218.064 E105.06112
G1 X217.591 Y218.304 E105.06529
G1 F2119 X217.316 Y218.553 E105.07248
G1 F1851.3 X217.315 Y218.601 E105.07355
G1 F2119 X217.681 Y218.966 E105.08357
G1 F2477.2 X218.116 Y219.076 E105.09101
G1 X218.397 Y219.336 E105.09736
G1 X218.86 Y219.448 E105.10527
G1 X219.083 Y219.655 E105.11031
G1 X219.222 Y219.702 E105.11275
G1 X219.404 Y219.893 E105.11712
G1 X219.473 Y220.138 E105.12135
G1 X219.407 Y220.383 E105.12555
G1 X219.226 Y220.564 E105.1298
G1 X218.973 Y220.634 E105.13416
G1 X218.697 Y220.556 E105.13891
G1 X218.511 Y220.39 E105.14305
G1 X218.186 Y220.302 E105.14863
G1 X217.917 Y220.044 E105.15482
G1 X217.812 Y219.999 E105.15671
G1 X217.698 Y220.009 E105.15861
G1 X217.422 Y219.939 E105.16333
G1 X217.101 Y219.621 E105.17083
G1 X216.693 Y219.516 E105.17782
G1 X216.472 Y219.318 E105.18274
G1 X216.4 Y219.088 E105.18674
G1 X216.473 Y218.854 E105.1908
G1 F2119 X216.756 Y218.587 E105.19835
G1 F1851.3 X216.757 Y218.539 E105.19942
G1 F2119 X216.475 Y218.27 E105.20697
G1 F2477.2 X216.401 Y218.038 E105.21101
G1 X216.473 Y217.806 E105.21504
G1 X216.746 Y217.504 E105.2218
G1 X216.721 Y217.309 E105.22506
G1 X216.793 Y217.075 E105.22912
G1 X217.087 Y216.777 E105.23606
G1 X217.089 Y216.596 E105.23907
G1 X217.179 Y216.339 E105.24358
G1 X217.447 Y216.054 E105.25007
G1 X217.436 Y215.833 E105.25374
G1 X217.509 Y215.603 E105.25775
G1 X217.813 Y215.273 E105.26519
G1 X217.789 Y215.075 E105.2685
G1 X217.86 Y214.847 E105.27246
G1 X218.162 Y214.529 E105.27973
G1 X218.109 Y214.168 E105.28579
G1 X217.914 Y213.977 E105.29031
G1 X217.806 Y213.931 E105.29226
G1 X217.687 Y213.944 E105.29425
G1 X217.416 Y213.874 E105.29889
G1 X217.207 Y213.682 E105.3036
G1 X217.142 Y213.556 E105.30595
G1 X216.68 Y213.426 E105.31391
G1 X216.472 Y213.235 E105.3186
G1 X216.402 Y213.008 E105.32254
G1 X216.483 Y212.772 E105.32668
G1 X216.688 Y212.574 E105.3314
G1 X217.035 Y212.481 E105.33736
G1 F2700 E104.03736
G0 F15000 X216.443 Y201.597
G0 X213.637 Y201.597
G0 X213.41 Y211.219
G1 F2700 E105.33736
G1 F2477.2 X213.601 Y211.408 E105.34182
G1 X213.668 Y211.644 E105.34589
G1 X213.669 Y211.81 E105.34864
G1 X213.517 Y212.206 E105.35568
G1 X213.291 Y212.411 E105.36074
G1 X213.155 Y212.846 E105.3683
G1 X212.824 Y213.146 E105.37571
G1 X212.808 Y213.261 E105.37764
G1 X212.878 Y213.486 E105.38155
G1 X212.8 Y213.73 E105.3858
G1 X212.515 Y214.011 E105.39244
G1 X212.524 Y214.233 E105.39612
G1 X212.448 Y214.479 E105.40039
G1 X212.18 Y214.74 E105.4066
G1 X212.092 Y215.155 E105.41364
G1 X211.809 Y215.435 E105.42024
G1 X211.816 Y215.641 E105.42366
G1 X211.74 Y215.89 E105.42798
G1 X211.599 Y216.015 E105.4311
G1 X211.546 Y216.177 E105.43393
G1 X211.616 Y216.509 E105.43956
G1 X211.704 Y216.613 E105.44182
G1 X211.945 Y216.685 E105.44599
G1 X212.146 Y216.877 E105.4506
G1 X212.211 Y217.001 E105.45292
G1 X212.706 Y217.134 E105.46143
G1 X212.973 Y217.378 E105.46743
G1 X213.411 Y217.461 E105.47482
G1 X213.601 Y217.647 E105.47923
G1 X213.668 Y217.879 E105.48324
G1 X213.581 Y218.135 E105.48772
G1 X213.373 Y218.331 E105.49246
G1 X212.961 Y218.446 E105.49956
G1 X212.695 Y218.378 E105.50411
G1 X212.385 Y218.087 E105.51117
G1 X211.994 Y217.984 E105.51788
G1 X211.779 Y217.789 E105.52269
G1 X211.717 Y217.679 E105.52479
G1 X211.243 Y217.536 E105.533
G1 X211.026 Y217.337 E105.53788
G1 X210.978 Y217.234 E105.53977
G1 X210.669 Y216.958 E105.54664
G1 X210.603 Y216.728 E105.55061
G1 X210.639 Y216.599 E105.55283
G1 X210.605 Y216.402 E105.55615
G1 X210.731 Y216.003 E105.56309
G1 X210.609 Y215.633 E105.56955
G1 X210.679 Y215.399 E105.5736
G1 X210.915 Y215.145 E105.57935
G1 X210.933 Y215.029 E105.5813
G1 X210.893 Y214.894 E105.58364
G1 X210.965 Y214.667 E105.58759
G1 X211.232 Y214.396 E105.5939
G1 X211.312 Y213.996 E105.60067
G1 X211.606 Y213.701 E105.60757
G1 X211.626 Y213.588 E105.60948
G1 X211.594 Y213.476 E105.61141
G1 X211.665 Y213.243 E105.61545
G1 X212.016 Y212.865 E105.62401
G1 X211.961 Y212.586 E105.62872
G1 X212.098 Y212.117 E105.63683
G1 X212.076 Y212.016 E105.63854
G1 X211.713 Y211.615 E105.64752
G1 X211.241 Y211.476 E105.65568
G1 X211.017 Y211.272 E105.66071
G1 X210.964 Y211.163 E105.66272
G1 X210.669 Y210.895 E105.66933
G1 X210.6 Y210.665 E105.67331
G1 X210.671 Y210.429 E105.6774
G1 X210.853 Y210.236 E105.6818
G1 X211.104 Y210.166 E105.68612
G1 X211.351 Y210.234 E105.69037
G1 X211.598 Y210.515 E105.69658
G1 X211.941 Y210.622 E105.70254
G1 X212.207 Y210.937 E105.70938
G1 X212.704 Y211.07 E105.71791
G1 X212.902 Y211.202 E105.72186
G1 X213.129 Y211.153 E105.72571
G1 X213.41 Y211.219 E105.7305
G1 F2700 E104.4305
G0 F15000 X211.104 Y222.291
G1 F2700 E105.7305
G1 F2477.2 X211.351 Y222.361 E105.73476
G1 X211.643 Y222.667 E105.74178
G1 X211.946 Y222.75 E105.74699
G1 X212.149 Y222.941 E105.75161
G1 X212.215 Y223.065 E105.75394
G1 X212.709 Y223.198 E105.76243
G1 X212.938 Y223.419 E105.76771
G1 X213.41 Y223.519 E105.77571
G1 X213.601 Y223.707 E105.78016
G1 X213.668 Y223.939 E105.78416
G1 X213.566 Y224.27 E105.78991
G1 X213.724 Y224.667 E105.797
G1 X213.648 Y224.915 E105.8013
G1 X213.385 Y225.174 E105.80742
G1 X213.393 Y225.391 E105.81102
G1 X213.317 Y225.63 E105.81518
G1 X213.023 Y225.916 E105.82199
G1 X213.002 Y226.025 E105.82383
G1 X213.035 Y226.146 E105.82591
G1 X212.96 Y226.389 E105.83013
G1 X212.675 Y226.663 E105.83669
G1 X212.683 Y226.876 E105.84022
G1 X212.608 Y227.122 E105.84449
G1 X212.331 Y227.39 E105.85088
G1 X212.327 Y227.575 E105.85395
G1 X212.252 Y227.823 E105.85825
G1 X212.052 Y228.005 E105.86274
G1 X211.75 Y228.083 E105.86791
G1 X211.349 Y227.998 E105.87471
G1 X211.13 Y227.797 E105.87964
G1 X211.05 Y227.561 E105.88377
G1 X211.12 Y227.339 E105.88764
G1 X211.397 Y227.058 E105.89418
G1 X211.397 Y226.865 E105.89738
G1 X211.472 Y226.636 E105.90138
G1 X211.757 Y226.345 E105.90814
G1 X211.75 Y226.134 E105.91164
G1 X211.824 Y225.908 E105.91558
G1 X212.134 Y225.575 E105.92313
G1 X212.106 Y225.374 E105.9265
G1 X212.18 Y225.143 E105.93052
G1 X212.447 Y224.866 E105.9369
G1 X212.438 Y224.657 E105.94037
G1 X212.521 Y224.33 E105.94597
G1 X212.416 Y224.177 E105.94905
G1 X212.001 Y224.051 E105.95624
G1 X211.689 Y223.721 E105.96378
G1 X211.246 Y223.6 E105.97139
G1 X211.025 Y223.4 E105.97634
G1 X210.97 Y223.29 E105.97838
G1 X210.668 Y223.018 E105.98512
G1 X210.6 Y222.79 E105.98907
G1 X210.668 Y222.556 E105.99311
G1 X210.853 Y222.363 E105.99754
G1 X211.104 Y222.291 E106.00188
G1 F2700 E104.70188
G0 F15000 X213.637 Y228.403
G0 X216.443 Y228.403
G0 X216.69 Y225.576
G1 F2700 E106.00188
G1 F2477.2 X216.475 Y225.378 E106.00672
G1 X216.4 Y225.146 E106.01077
G1 X216.474 Y224.91 E106.01487
G1 X216.671 Y224.718 E106.01944
G1 X216.964 Y224.644 E106.02445
G1 X217.373 Y224.732 E106.03139
G1 X217.664 Y225.023 E106.03822
G1 X218.116 Y225.136 E106.04594
G1 X218.4 Y225.399 E106.05236
G1 X218.86 Y225.512 E106.06022
G1 X219.093 Y225.724 E106.06545
G1 X219.224 Y225.764 E106.06772
G1 X219.404 Y225.952 E106.07204
G1 X219.473 Y226.198 E106.07628
G1 X219.407 Y226.438 E106.0804
G1 X219.294 Y226.556 E106.08312
G1 X219.254 Y226.661 E106.08498
G1 X219.287 Y226.794 E106.08725
G1 X219.399 Y226.91 E106.08993
G1 X219.472 Y227.142 E106.09396
G1 X219.398 Y227.389 E106.09824
G1 X219.204 Y227.569 E106.10263
G1 X218.913 Y227.644 E106.10761
G1 X218.526 Y227.555 E106.1142
G1 X218.315 Y227.359 E106.11898
G1 X218.237 Y227.121 E106.12313
G1 X218.31 Y226.884 E106.12725
G1 X218.393 Y226.794 E106.12928
G1 X218.426 Y226.661 E106.13155
G1 X218.386 Y226.556 E106.13341
G1 X217.917 Y226.108 E106.14417
G1 X217.813 Y226.063 E106.14605
G1 X217.698 Y226.073 E106.14797
G1 X217.427 Y226.003 E106.15261
G1 X217.107 Y225.682 E106.16013
G1 X216.69 Y225.576 E106.16727
G1 F2700 E104.86727
;MESH:upperRightPad.stl
G0 F15000 X215.35 Y225.576
G0 X215.038 Y226.998
M204 S1250
;TYPE:WALL-INNER
G1 F2700 E106.16727
G1 F1576.4 X215.038 Y202.998 E106.82582
M204 S2500
G1 F2700 E105.52582
G0 F15000 X214.81 Y215
G0 X214.498 Y215
M204 S1250
;TYPE:WALL-OUTER
G1 F2700 E106.82582
G1 F2477.2 X214.498 Y227.538 E107.04475
G1 X215.578 Y227.538 E107.06361
G1 X215.578 Y202.458 E107.50155
G1 X214.498 Y202.458 E107.5204
G1 X214.498 Y215 E107.73941
M204 S2500
G0 F15000 X214.498 Y215.2
G1 F2700 E106.43941
;MESH:NONMESH
G0 F600 X214.498 Y215.2 Z1.7
G0 F15000 X214.81 Y215.2
G0 X214.73 Y202.689
G0 X213.625 Y202.689
G0 X210.836 Y202.689
;TIME_ELAPSED:152.919788
;LAYER:14
;note -- min layer time used
;TYPE:SUPPORT
G1 F2700 E107.73941
G1 F1645 X210.967 Y202.563 E107.74381
G1 F1647.7 X211.297 Y202.498 E107.75194
G1 X211.499 Y202.546 E107.75696
G1 X211.626 Y202.67 E107.76125
G1 X211.671 Y202.815 E107.76492
G1 X211.624 Y202.965 E107.76872
G1 X211.495 Y203.081 E107.77291
G1 X211.176 Y203.149 E107.78079
G1 F1645 X210.983 Y203.099 E107.78562
G1 X210.834 Y202.964 E107.79049
G1 X210.79 Y202.828 E107.79395
G1 X210.836 Y202.689 E107.7975
G1 F2700 E106.4975
G0 F15000 X211.102 Y204.279
G1 F2700 E107.7975
G1 F1683.4 X211.253 Y204.323 E107.80122
G1 F1675 X211.614 Y204.65 E107.8128
G1 F1637 X211.986 Y204.717 E107.82199
G1 F1616 X212.124 Y204.84 E107.82655
G1 F1623.8 X212.147 Y204.911 E107.82838
G1 F1631.7 X212.398 Y205.113 E107.83624
G1 F1603.1 X212.749 Y205.14 E107.84499
G1 F1565.8 X213.123 Y205.436 E107.85712
G1 F1563.4 X213.452 Y205.467 E107.86554
G1 X213.57 Y205.579 E107.86969
G1 X213.607 Y205.711 E107.87318
G1 X213.557 Y205.859 E107.87716
G1 X213.412 Y205.992 E107.88217
G1 X213.074 Y206.094 E107.89116
G1 X212.92 Y206.056 E107.8952
G1 F1580.5 X212.554 Y205.763 E107.90702
G1 F1618.6 X212.215 Y205.7 E107.9155
G1 F1655.8 X212.063 Y205.574 E107.92025
G1 F1672.3 X212.044 Y205.514 E107.92175
G1 F1669.5 X211.823 Y205.332 E107.92858
G1 F1653.1 X211.462 Y205.253 E107.93748
G1 F1691.9 X211.1 Y204.94 E107.94875
G1 F1720.8 X210.957 Y204.886 E107.95229
G1 F1686.2 X210.821 Y204.749 E107.95685
G1 F1683.4 X210.777 Y204.604 E107.96043
G1 X210.822 Y204.453 E107.96416
G1 X210.946 Y204.323 E107.96841
G1 X211.102 Y204.279 E107.97224
G1 F2700 E106.67224
G0 F15000 X213.637 Y201.597
G0 X216.443 Y201.597
G0 X216.634 Y205.318
G1 F2700 E107.97224
G1 F1525.5 X216.513 Y205.206 E107.97655
G1 X216.479 Y205.086 E107.9798
G1 X216.533 Y204.94 E107.98387
G1 X216.728 Y204.747 E107.99103
G1 F1518.6 X216.845 Y204.225 E108.00506
G1 F1511.8 X217.058 Y204.039 E108.01251
G1 F1610.8 X217.149 Y203.782 E108.01925
G1 F1769.1 X217.091 Y203.594 E108.02368
G1 F1813.6 X217.142 Y203.438 E108.02728
G1 X217.238 Y203.348 E108.03017
G1 F2066.3 X217.411 Y203.051 E108.0368
G1 F2400.9 X217.374 Y202.83 E108.04052
G1 X217.435 Y202.645 E108.04375
G1 X217.672 Y202.377 E108.04968
G1 X217.658 Y202.228 E108.05217
G1 X217.723 Y202.032 E108.05559
G1 X217.894 Y201.87 E108.0595
G1 X218.15 Y201.804 E108.06388
G1 X218.523 Y201.879 E108.07019
G1 X218.692 Y202.04 E108.07407
G1 X218.755 Y202.235 E108.07747
G1 X218.695 Y202.434 E108.08091
G1 X218.472 Y202.657 E108.08615
G1 X218.474 Y202.838 E108.08915
G1 X218.414 Y203.031 E108.0925
G1 X218.109 Y203.304 E108.09929
G1 F2345 X218.082 Y203.424 E108.10138
G1 F2286.6 X218.109 Y203.522 E108.10315
G1 X218.035 Y203.732 E108.10703
G1 F1969.5 X217.682 Y203.956 E108.11548
G1 F1610.8 X217.601 Y204.205 E108.12196
G1 F1509.5 X217.644 Y204.333 E108.12552
G1 X217.609 Y204.45 E108.12874
G1 F1511.8 X217.382 Y204.639 E108.13652
G1 F1518.6 X217.285 Y204.931 E108.14459
G1 F1525.5 X217.313 Y205.028 E108.14723
G1 X217.271 Y205.159 E108.15082
G1 X217.143 Y205.276 E108.15535
G1 X216.809 Y205.36 E108.16434
G1 X216.634 Y205.318 E108.16904
G1 F2700 E106.86904
G0 F15000 X216.912 Y206.644
G1 F2700 E108.16904
G1 F1551.3 X217.149 Y206.698 E108.17528
G1 F1556.1 X217.289 Y206.853 E108.18062
G1 F1565.8 X217.613 Y207.045 E108.1902
G1 F1585.5 X217.886 Y207.104 E108.19722
G1 F1653.1 X218.261 Y207.395 E108.20865
G1 F1658.5 X218.65 Y207.486 E108.21825
G1 F1621.2 X218.897 Y207.673 E108.22586
G1 F1626.4 X219.11 Y207.732 E108.23127
G1 F1631.7 X219.239 Y207.861 E108.23572
G1 X219.285 Y208.012 E108.23958
G1 X219.241 Y208.163 E108.24342
G1 X219.127 Y208.273 E108.24728
G1 X218.943 Y208.322 E108.25193
G1 F1626.4 X218.657 Y208.255 E108.25912
G1 F1621.2 X218.415 Y208.075 E108.26653
G1 X218.136 Y208.011 E108.27357
G1 F1616 X217.71 Y207.702 E108.28654
G1 F1585.5 X217.381 Y207.648 E108.29491
G1 F1583 X217.221 Y207.493 E108.30052
G1 F1575.6 X216.918 Y207.311 E108.30945
G1 F1551.3 X216.63 Y207.246 E108.31703
G1 X216.508 Y207.132 E108.32132
G1 X216.473 Y207.011 E108.32455
G1 X216.53 Y206.856 E108.32879
G1 X216.674 Y206.717 E108.33393
G1 X216.912 Y206.644 E108.34032
G1 F2700 E107.04032
G0 F15000 X216.981 Y212.574
G1 F2700 E108.34032
G1 F2400.9 X217.215 Y212.632 E108.34432
G1 X217.488 Y212.953 E108.35131
G1 F1895.4 X217.448 Y213.059 E108.35369
G1 F1585.5 X217.885 Y213.164 E108.36498
G1 F1709.1 X218.181 Y213.408 E108.37392
G1 F2074.8 X218.545 Y213.389 E108.38091
G1 F2400.9 X218.838 Y213.316 E108.38592
G1 X219.166 Y213.392 E108.39151
G1 X219.327 Y213.553 E108.39529
G1 X219.387 Y213.749 E108.39869
G1 X219.347 Y213.943 E108.40197
G1 X219.388 Y214.073 E108.40423
G1 X219.326 Y214.28 E108.40782
G1 X218.98 Y214.653 E108.41626
G1 F2000.7 X218.735 Y214.788 E108.42183
G1 F1580.5 X218.656 Y214.984 E108.42715
G1 F1461.4 X218.685 Y215.084 E108.42999
G1 X218.646 Y215.208 E108.43353
G1 X218.471 Y215.371 E108.44005
G1 F1469.9 X218.307 Y215.733 E108.45082
G1 F1478.5 X218.335 Y215.836 E108.45369
G1 X218.299 Y215.957 E108.45709
G1 F1482.9 X218.085 Y216.134 E108.46455
G1 F1509.5 X217.973 Y216.442 E108.4732
G1 F1527.8 X217.991 Y216.517 E108.47521
G1 X217.94 Y216.669 E108.47939
G1 F1532.5 X217.709 Y216.872 E108.48738
G1 F1527.8 X217.601 Y217.204 E108.49648
G1 F1514.1 X217.646 Y217.334 E108.5001
G1 X217.613 Y217.445 E108.50315
G1 F1518.6 X217.377 Y217.638 E108.51114
G1 F1509.5 X217.274 Y217.948 E108.51976
G1 F1498.3 X217.306 Y218.049 E108.52258
G1 X217.266 Y218.177 E108.52614
G1 F1500.6 X217.092 Y218.337 E108.53241
G1 F1813.6 X217.113 Y218.598 E108.53816
G1 F2240.8 X217.358 Y218.917 E108.54531
G1 F1969.5 X217.421 Y219.104 E108.5493
G1 F1694.7 X217.559 Y219.187 E108.55309
G1 F1610.8 X217.882 Y219.231 E108.56115
G1 F1658.5 X218.259 Y219.522 E108.57258
G1 F1664 X218.646 Y219.61 E108.58208
G1 F1621.2 X218.894 Y219.8 E108.58976
G1 F1631.7 X219.112 Y219.857 E108.59526
G1 F1637 X219.239 Y219.984 E108.59963
G1 X219.286 Y220.135 E108.60348
G1 X219.243 Y220.283 E108.60723
G1 X219.123 Y220.399 E108.61129
G1 X218.942 Y220.446 E108.61584
G1 F1631.7 X218.656 Y220.38 E108.623
G1 F1621.2 X218.412 Y220.199 E108.63046
G1 F1626.4 X218.136 Y220.136 E108.6374
G1 F1621.2 X217.709 Y219.827 E108.65034
G1 F1610.8 X217.378 Y219.779 E108.65861
G1 F1694.7 X217.067 Y219.544 E108.66777
G1 F2049.5 X216.585 Y219.478 E108.67723
G1 F2400.9 X216.406 Y219.313 E108.68127
G1 X216.352 Y219.13 E108.68443
G1 X216.423 Y218.924 E108.68805
G1 X216.612 Y218.742 E108.6924
G1 F2345 X216.676 Y218.612 E108.69486
G1 F1813.6 X216.68 Y218.351 E108.70059
G1 F1500.6 X216.518 Y218.203 E108.70642
G1 X216.485 Y218.084 E108.70969
G1 X216.532 Y217.949 E108.71349
G1 X216.71 Y217.775 E108.72009
G1 F1532.5 X216.815 Y217.477 E108.72831
G1 F1546.6 X216.845 Y217.222 E108.73492
G1 F1518.6 X217.06 Y217.037 E108.74236
G1 F1527.8 X217.176 Y216.698 E108.7517
G1 F1539.5 X217.144 Y216.595 E108.75449
G1 X217.186 Y216.465 E108.75802
G1 F1532.5 X217.42 Y216.247 E108.76633
G1 F1509.5 X217.537 Y215.934 E108.77515
G1 F1489.5 X217.508 Y215.834 E108.77793
G1 X217.547 Y215.712 E108.78136
G1 F1482.9 X217.738 Y215.537 E108.78831
G1 F1469.9 X217.899 Y215.176 E108.79902
G1 F1463.5 X217.87 Y215.074 E108.80191
G1 X217.908 Y214.955 E108.80531
G1 F1461.4 X218.083 Y214.792 E108.81183
G1 F1580.5 X218.196 Y214.565 E108.81822
G1 F2000.7 X218.085 Y214.318 E108.82361
G1 F2334.2 X218.043 Y214.108 E108.82726
G1 F2024.8 X217.873 Y213.862 E108.83314
G1 F1709.1 X217.71 Y213.762 E108.8376
G1 F1585.5 X217.388 Y213.711 E108.84579
G1 F1565.8 X217.147 Y213.479 E108.8543
G1 F1895.4 X217.061 Y213.552 E108.85667
G1 F2400.9 X216.575 Y213.412 E108.86506
G1 X216.407 Y213.257 E108.86885
G1 X216.353 Y213.069 E108.87209
G1 X216.431 Y212.857 E108.87584
G1 X216.61 Y212.68 E108.88002
G1 X216.981 Y212.574 E108.88642
G1 F2700 E107.58642
G0 F15000 X216.443 Y201.597
G0 X213.637 Y201.597
G0 X213.271 Y211.193
G1 F2700 E108.88642
G1 F2400.9 X213.508 Y211.248 E108.89045
G1 X213.669 Y211.404 E108.89417
G1 X213.724 Y211.77 E108.90031
G1 X213.573 Y212.129 E108.90677
G1 X213.281 Y212.407 E108.91346
G1 F2240.8 X213.233 Y212.51 E108.91548
G1 F2105.2 X213.248 Y212.582 E108.91687
G1 X213.187 Y212.774 E108.92068
G1 F1888.3 X212.854 Y213.006 E108.92924
G1 F1616 X212.759 Y213.292 E108.93667
G1 F1516.3 X212.797 Y213.441 E108.94071
G1 F1505 X212.752 Y213.576 E108.94447
G1 F1511.8 X212.526 Y213.769 E108.9523
G1 F1523.2 X212.421 Y214.09 E108.96113
G1 F1527.8 X212.451 Y214.193 E108.96393
G1 X212.404 Y214.335 E108.96783
G1 X212.169 Y214.531 E108.97581
G1 F1518.6 X212.064 Y214.809 E108.9836
G1 F1511.8 X212.088 Y214.901 E108.98611
G1 X212.049 Y215.018 E108.98935
G1 F1516.3 X211.819 Y215.205 E108.99714
G1 F1523.2 X211.707 Y215.522 E109.00593
G1 F1525.5 X211.738 Y215.629 E109.00884
G1 X211.699 Y215.753 E109.01223
G1 F1527.8 X211.473 Y215.935 E109.0198
G1 F1613.4 X211.397 Y216.277 E109.02845
G1 F1623.8 X211.46 Y216.593 E109.03635
G1 F1580.5 X211.69 Y216.786 E109.04391
G1 F1616 X211.996 Y216.843 E109.05159
G1 F1610.8 X212.144 Y217.033 E109.05754
G1 F1621.2 X212.402 Y217.238 E109.06564
G1 F1595.5 X212.75 Y217.266 E109.07435
G1 F1560.9 X213.126 Y217.56 E109.08653
G1 X213.452 Y217.592 E109.09489
G1 X213.569 Y217.704 E109.09902
G1 X213.606 Y217.835 E109.10249
G1 X213.556 Y217.982 E109.10645
G1 X213.411 Y218.115 E109.11147
G1 X213.075 Y218.217 E109.12043
G1 X212.925 Y218.18 E109.12437
G1 X212.518 Y217.876 E109.13734
G1 F1595.5 X212.221 Y217.828 E109.14485
G1 F1621.2 X211.784 Y217.44 E109.1592
G1 F1616 X211.468 Y217.375 E109.16715
G1 F1621.2 X211.115 Y217.046 E109.17901
G1 F1583 X210.973 Y216.987 E109.18288
G1 F1546.6 X210.845 Y216.859 E109.18754
G1 X210.805 Y216.73 E109.19102
G1 X210.835 Y216.631 E109.19368
G1 F1595.5 X210.784 Y216.392 E109.19978
G1 F1650.4 X210.824 Y216.256 E109.2032
G1 X210.887 Y216.19 E109.2054
G1 F1647.7 X210.96 Y215.864 E109.21348
G1 F1583 X210.898 Y215.63 E109.21957
G1 F1527.8 X210.93 Y215.529 E109.22233
G1 X211.17 Y215.332 E109.23043
G1 F1523.2 X211.282 Y215.015 E109.23922
G1 F1520.9 X211.248 Y214.908 E109.24216
G1 X211.287 Y214.79 E109.24541
G1 F1516.3 X211.509 Y214.599 E109.2531
G1 F1518.6 X211.613 Y214.321 E109.26089
G1 F1525.5 X211.593 Y214.234 E109.26322
G1 X211.632 Y214.119 E109.26639
G1 F1527.8 X211.88 Y213.914 E109.27477
G1 F1523.2 X211.984 Y213.593 E109.2836
G1 F1518.6 X211.95 Y213.483 E109.28662
G1 X211.99 Y213.364 E109.28991
G1 F1511.8 X212.207 Y213.16 E109.29776
G1 F1600.6 X212.338 Y212.832 E109.30654
G1 F1747.6 X212.26 Y212.602 E109.31208
G1 F1784.7 X212.309 Y212.45 E109.31564
G1 X212.406 Y212.362 E109.31856
G1 F2049.5 X212.399 Y212.084 E109.32397
G1 F2281.4 X212.007 Y211.677 E109.33383
G1 F2024.8 X211.952 Y211.5 E109.33748
G1 F1744.6 X211.78 Y211.376 E109.34232
G1 F1621.2 X211.463 Y211.317 E109.35024
G1 F1691.9 X211.103 Y211.004 E109.36147
G1 F1720.8 X210.957 Y210.949 E109.36508
G1 F1683.4 X210.819 Y210.81 E109.36972
G1 F1680.6 X210.778 Y210.667 E109.37324
G1 X210.823 Y210.515 E109.377
G1 X210.946 Y210.386 E109.38122
G1 X211.104 Y210.341 E109.38511
G1 X211.251 Y210.383 E109.38874
G1 F1655.8 X211.637 Y210.724 E109.40113
G1 F1616 X211.983 Y210.778 E109.40976
G1 F1608.2 X212.116 Y210.901 E109.41424
G1 F1613.4 X212.136 Y210.969 E109.41599
G1 F1744.6 X212.283 Y211.088 E109.42031
G1 F2118.4 X212.572 Y211.049 E109.42579
G1 F2400.9 X212.811 Y211.104 E109.42986
G1 X212.936 Y211.219 E109.43268
G1 X213.067 Y211.25 E109.43491
G1 X213.271 Y211.193 E109.43843
G1 F2700 E108.13843
G0 F15000 X211.103 Y222.468
G1 F2700 E109.43843
G1 F1680.6 X211.251 Y222.511 E109.44208
G1 F1658.5 X211.639 Y222.851 E109.45447
G1 F1616 X211.988 Y222.902 E109.46316
G1 F1605.7 X212.122 Y223.026 E109.46769
G1 F1608.2 X212.143 Y223.096 E109.4695
G1 F1647.7 X212.386 Y223.29 E109.47701
G1 F1621.2 X212.757 Y223.331 E109.48618
G1 F1518.6 X213.185 Y223.644 E109.50009
G1 F1482.9 X213.443 Y223.668 E109.50705
G1 X213.556 Y223.777 E109.51126
G1 X213.59 Y223.889 E109.51441
G1 X213.513 Y224.101 E109.52047
G1 F1455.1 X213.522 Y224.423 E109.52928
G1 F1428.3 X213.592 Y224.506 E109.53231
G1 X213.615 Y224.66 E109.53665
G1 X213.583 Y224.751 E109.53934
G1 F1455.1 X213.391 Y224.944 E109.54679
G1 F1502.8 X213.293 Y225.248 E109.55526
G1 F1523.2 X213.317 Y225.34 E109.55774
G1 X213.272 Y225.474 E109.56144
G1 F1525.5 X213.034 Y225.675 E109.56957
G1 F1518.6 X212.928 Y225.989 E109.57827
G1 F1507.3 X212.958 Y226.098 E109.58125
G1 X212.913 Y226.232 E109.58499
G1 F1514.1 X212.682 Y226.429 E109.59297
G1 F1520.9 X212.575 Y226.749 E109.60181
G1 X212.608 Y226.858 E109.60479
G1 X212.567 Y226.988 E109.60836
G1 X212.335 Y227.177 E109.6162
G1 F1523.2 X212.227 Y227.466 E109.62426
G1 X212.253 Y227.562 E109.62686
G1 X212.208 Y227.697 E109.63058
G1 X212.088 Y227.805 E109.63481
G1 X211.772 Y227.872 E109.64325
G1 X211.586 Y227.823 E109.64828
G1 X211.445 Y227.698 E109.65321
G1 X211.408 Y227.576 E109.65654
G1 X211.444 Y227.46 E109.65972
G1 X211.678 Y227.262 E109.66773
G1 X211.785 Y226.973 E109.67579
G1 F1520.9 X211.757 Y226.871 E109.67856
G1 X211.793 Y226.763 E109.68154
G1 X212.034 Y226.567 E109.68967
G1 X212.141 Y226.247 E109.69851
G1 X212.109 Y226.143 E109.70136
G1 X212.149 Y226.023 E109.70467
G1 F1514.1 X212.37 Y225.815 E109.71265
G1 F1518.6 X212.489 Y225.489 E109.72176
G1 F1527.8 X212.46 Y225.39 E109.72445
G1 X212.502 Y225.266 E109.72786
G1 F1525.5 X212.731 Y225.066 E109.7358
G1 F1502.8 X212.829 Y224.762 E109.74426
G1 F1482.9 X212.806 Y224.683 E109.74647
G1 F1455.1 X212.887 Y224.489 E109.75222
G1 X212.889 Y224.134 E109.76194
G1 F1518.6 X212.523 Y223.94 E109.77281
G1 F1605.7 X212.22 Y223.895 E109.7804
G1 F1631.7 X211.783 Y223.502 E109.79475
G1 F1621.2 X211.468 Y223.443 E109.80262
G1 F1697.6 X211.111 Y223.134 E109.8137
G1 F1726.7 X210.952 Y223.073 E109.81763
G1 F1683.4 X210.819 Y222.941 E109.82206
G1 F1680.6 X210.777 Y222.793 E109.82571
G1 X210.82 Y222.642 E109.82943
G1 X210.942 Y222.515 E109.8336
G1 X211.103 Y222.468 E109.83757
G1 F2700 E108.53757
G0 F15000 X213.637 Y228.403
G0 X216.443 Y228.403
G0 X217.032 Y225.671
G1 F2700 E109.83757
G1 F2400.9 X216.581 Y225.539 E109.84537
G1 X216.406 Y225.38 E109.84929
G1 X216.353 Y225.191 E109.85255
G1 X216.422 Y224.989 E109.85609
G1 X216.612 Y224.808 E109.86044
G1 X216.898 Y224.726 E109.86538
G1 X217.2 Y224.796 E109.87052
G1 X217.365 Y224.953 E109.8743
G1 X217.463 Y225.115 E109.87744
G1 F1917.1 X217.413 Y225.21 E109.87967
G1 F1603.1 X217.884 Y225.294 E109.89156
G1 F1661.2 X218.257 Y225.582 E109.90285
G1 F1800.7 X218.669 Y225.63 E109.91203
G1 F1969.5 X218.813 Y225.742 E109.91572
G1 F2211.3 X219.162 Y225.832 E109.92221
G1 F2400.9 X219.327 Y225.997 E109.92608
G1 X219.388 Y226.195 E109.92952
G1 X219.329 Y226.403 E109.9331
G1 F2049.5 X219.012 Y226.699 E109.94153
G1 F1642.3 X219.009 Y226.902 E109.94645
G1 F1518.6 X219.097 Y227.003 E109.94997
G1 X219.143 Y227.145 E109.95388
G1 X219.104 Y227.271 E109.95734
G1 X218.983 Y227.382 E109.96165
G1 X218.796 Y227.428 E109.9667
G1 X218.474 Y227.363 E109.97531
G1 X218.341 Y227.244 E109.97999
G1 X218.302 Y227.124 E109.9833
G1 X218.341 Y227.002 E109.98666
G1 X218.449 Y226.892 E109.9907
G1 F1642.3 X218.452 Y226.689 E109.99563
G1 F1706.2 X218.211 Y226.217 E110.008
G1 F1629 X218.135 Y226.197 E110.00992
G1 F1621.2 X217.709 Y225.888 E110.02285
G1 F1603.1 X217.379 Y225.838 E110.03114
G1 F1593 X217.117 Y225.606 E110.03989
G1 F1917.1 X217.032 Y225.671 E110.04211
G1 F2700 E108.74211
;MESH:upperRightPad.stl
G0 F15000 X215.35 Y225.671
G0 X215.038 Y226.998
M204 S1250
;TYPE:WALL-INNER
G1 F2700 E110.04211
G1 F1527.8 X215.038 Y202.998 E110.70066
M204 S2500
G1 F2700 E109.40066
G0 F15000 X214.81 Y215
G0 X214.498 Y215
M204 S1250
;TYPE:WALL-OUTER
G1 F2700 E110.70066
G1 F2400.9 X214.498 Y227.538 E110.9196
G1 X215.578 Y227.538 E110.93845
G1 X215.578 Y202.458 E111.37639
G1 X214.498 Y202.458 E111.39525
G1 X214.498 Y215 E111.61425
M204 S2500
G0 F15000 X214.498 Y215.2
G1 F2700 E110.31425
;MESH:NONMESH
G0 F600 X214.498 Y215.2 Z1.8
G0 F15000 X214.81 Y215.2
G0 X214.73 Y202.707
G0 X213.625 Y202.707
G0 X211.006 Y202.707
;TIME_ELAPSED:162.277809
;LAYER:15
;note -- min layer time used
;TYPE:SUPPORT
G1 F2700 E111.61425
G1 F1898.8 X211.124 Y202.596 E111.61771
G1 F1895.3 X211.371 Y202.538 E111.62314
G1 X211.639 Y202.594 E111.62901
G1 X211.771 Y202.716 E111.63285
G1 X211.813 Y202.831 E111.63547
G1 X211.776 Y202.947 E111.63808
G1 X211.659 Y203.047 E111.64138
G1 X211.305 Y203.101 E111.64904
G1 F1898.8 X211.126 Y203.057 E111.65298
G1 X211.001 Y202.944 E111.65658
G1 X210.965 Y202.829 E111.65916
G1 X211.006 Y202.707 E111.66191
G1 F2700 E110.36191
G0 F15000 X211.12 Y204.326
G1 F2700 E111.66191
G1 F1912.9 X211.381 Y204.372 E111.66753
G1 F1930.9 X211.744 Y204.695 E111.67774
G1 F1920.1 X212.142 Y204.732 E111.68618
G1 F1874.5 X212.525 Y205.117 E111.69794
G1 F1802.2 X212.757 Y205.084 E111.70321
G1 F1759 X212.914 Y205.113 E111.70689
G1 X213.035 Y205.273 E111.71152
G1 F1789.6 X213.26 Y205.438 E111.71785
G1 F1867.7 X213.457 Y205.402 E111.7222
G1 F1912.9 X213.7 Y205.478 E111.7276
G1 X213.7 Y205.834 E111.73515
G1 X213.604 Y205.913 E111.73779
G1 F1867.7 X213.224 Y206.006 E111.74628
G1 F1827.8 X213.065 Y205.97 E111.7499
G1 F1792.8 X212.695 Y205.669 E111.7607
G1 F1802.2 X212.368 Y205.649 E111.76807
G1 F1844.3 X212.254 Y205.547 E111.77144
G1 F1881.4 X212.214 Y205.443 E111.77384
G1 F1909.4 X211.985 Y205.247 E111.78025
G1 F1888.3 X211.795 Y205.258 E111.78433
G1 X211.616 Y205.217 E111.78828
G1 F1916.5 X211.239 Y204.886 E111.7989
G1 F1912.9 X210.98 Y204.84 E111.80448
G1 F1898.8 X210.865 Y204.726 E111.80794
G1 X210.829 Y204.603 E111.81068
G1 X210.866 Y204.475 E111.81353
G1 X210.968 Y204.368 E111.81668
G1 X211.12 Y204.326 E111.82005
G1 F2700 E110.52005
G0 F15000 X213.637 Y201.597
G0 X216.443 Y201.597
G0 X216.968 Y205.259
G1 F2700 E111.82005
G1 F1741.1 X216.612 Y205.361 E111.82868
G1 X216.403 Y205.295 E111.83379
G1 X216.403 Y204.974 E111.84127
G1 X216.613 Y204.788 E111.84781
G1 F1747 X216.684 Y204.495 E111.85481
G1 F1756 X216.645 Y204.373 E111.85777
G1 X216.682 Y204.269 E111.86032
G1 F1750 X216.945 Y204.039 E111.86842
G1 F1706.4 X217.054 Y203.736 E111.87608
G1 F1667.6 X217.015 Y203.616 E111.87915
G1 X217.051 Y203.518 E111.88169
G1 X217.265 Y203.326 E111.88868
G1 X217.407 Y202.978 E111.89783
G1 F1670.3 X217.369 Y202.859 E111.90086
G1 X217.406 Y202.758 E111.90347
G1 F1667.6 X217.602 Y202.582 E111.90988
G1 F1678.5 X217.674 Y202.348 E111.9158
G1 F1692.3 X217.649 Y202.248 E111.91827
G1 X217.684 Y202.151 E111.92074
G1 X217.8 Y202.046 E111.92449
G1 X218.13 Y201.983 E111.93255
G1 X218.303 Y202.027 E111.93683
G1 X218.417 Y202.131 E111.94053
G1 X218.448 Y202.226 E111.94292
G1 X218.413 Y202.333 E111.94562
G1 X218.21 Y202.514 E111.95214
G1 F1678.5 X218.138 Y202.748 E111.95806
G1 F1664.9 X218.16 Y202.834 E111.96022
G1 X218.127 Y202.938 E111.96288
G1 F1667.6 X217.909 Y203.134 E111.97002
G1 X217.769 Y203.48 E111.9791
G1 F1664.9 X217.806 Y203.598 E111.98211
G1 X217.775 Y203.698 E111.98466
G1 F1667.6 X217.554 Y203.892 E111.99182
G1 F1706.4 X217.43 Y204.208 E111.99989
G1 F1744.1 X217.458 Y204.303 E112.00219
G1 X217.419 Y204.415 E112.00495
G1 F1750 X217.173 Y204.613 E112.01227
G1 F1747 X217.105 Y204.915 E112.01946
G1 F1741.1 X217.135 Y205.019 E112.02198
G1 X217.09 Y205.148 E112.02517
G1 X216.968 Y205.259 E112.02901
G1 F2700 E110.72901
G0 F15000 X216.867 Y206.698
G1 F2700 E112.02901
G1 F1824.6 X217.018 Y206.731 E112.03245
G1 X217.12 Y206.828 E112.03558
G1 X217.143 Y206.92 E112.03769
G1 F1867.7 X217.355 Y207.11 E112.04387
G1 F1902.3 X217.738 Y207.163 E112.05212
G1 F1891.8 X217.801 Y207.22 E112.05394
G1 X217.817 Y207.305 E112.05579
G1 F1909.4 X218.076 Y207.479 E112.06242
G1 F1874.5 X218.292 Y207.473 E112.0671
G1 F1821.4 X218.489 Y207.524 E112.07163
G1 F1824.6 X218.716 Y207.705 E112.07809
G1 F1834.4 X219.014 Y207.776 E112.08487
G1 F1840.9 X219.134 Y207.887 E112.08847
G1 X219.174 Y208.001 E112.09113
G1 X219.136 Y208.118 E112.09384
G1 X219.031 Y208.213 E112.09696
G1 X218.677 Y208.268 E112.10486
G1 F1834.4 X218.484 Y208.224 E112.10924
G1 F1824.6 X218.249 Y208.044 E112.11582
G1 F1867.7 X217.958 Y207.993 E112.12224
G1 F1909.4 X217.565 Y207.669 E112.13306
G1 F1891.8 X217.195 Y207.633 E112.14103
G1 F1902.3 X217.064 Y207.527 E112.14463
G1 F1912.9 X217.042 Y207.459 E112.14614
G1 F1867.7 X216.83 Y207.269 E112.15233
G1 F1864.3 X216.624 Y207.309 E112.15689
G1 F1905.8 X216.378 Y207.228 E112.16241
G1 X216.377 Y206.884 E112.16973
G1 X216.474 Y206.798 E112.17249
G1 F1864.3 X216.867 Y206.698 E112.18131
G1 F2700 E110.88131
G0 F15000 X216.443 Y201.597
G0 X213.637 Y201.597
G0 X213.064 Y211.278
G1 F2700 E112.18131
G1 F2158.1 X213.459 Y211.228 E112.1888
G1 F2445.8 X213.679 Y211.268 E112.19251
G1 X213.758 Y211.338 E112.19426
G1 X213.758 Y211.93 E112.20408
G1 F2087.9 X213.257 Y212.351 E112.2168
G1 F1729.4 X213.228 Y212.489 E112.22011
G1 F1646.2 X213.271 Y212.613 E112.22334
G1 X213.244 Y212.7 E112.22559
G1 F1656.9 X213.038 Y212.879 E112.23227
G1 F1799 X212.93 Y213.228 E112.24051
G1 F1923.7 X212.955 Y213.353 E112.2432
G1 F1895.3 X212.902 Y213.492 E112.24638
G1 F1867.7 X212.622 Y213.704 E112.25401
G1 F1854.2 X212.557 Y213.966 E112.25992
G1 F1827.8 X212.584 Y214.11 E112.26317
G1 F1792.8 X212.536 Y214.243 E112.26637
G1 F1814.9 X212.268 Y214.459 E112.27406
G1 F1759 X212.178 Y214.746 E112.281
G1 F1692.3 X212.222 Y214.874 E112.28425
G1 X212.185 Y214.982 E112.28698
G1 F1695.1 X211.957 Y215.179 E112.29419
G1 F1681.3 X211.817 Y215.518 E112.30305
G1 F1662.2 X211.861 Y215.642 E112.30626
G1 X211.83 Y215.736 E112.30867
G1 F1667.6 X211.622 Y215.914 E112.31533
G1 F1706.4 X211.486 Y216.292 E112.32489
G1 F1667.6 X211.539 Y216.529 E112.33079
G1 F1700.7 X211.815 Y216.796 E112.33996
G1 F1861 X212.147 Y216.856 E112.34731
G1 F1878 X212.529 Y217.244 E112.35907
G1 F1808.5 X212.764 Y217.207 E112.36441
G1 F1771.1 X212.916 Y217.235 E112.36795
G1 X213.033 Y217.397 E112.37253
G1 F1802.2 X213.249 Y217.56 E112.37862
G1 F1867.7 X213.456 Y217.527 E112.38317
G1 F1909.4 X213.699 Y217.603 E112.38859
G1 X213.699 Y217.957 E112.39611
G1 X213.604 Y218.036 E112.39873
G1 F1867.7 X213.226 Y218.13 E112.40719
G1 F1827.8 X213.063 Y218.092 E112.41091
G1 F1802.2 X212.695 Y217.791 E112.42161
G1 F1808.5 X212.529 Y217.809 E112.42536
G1 F1847.6 X212.372 Y217.774 E112.42889
G1 F1850.9 X212.258 Y217.672 E112.43224
G1 X212.236 Y217.594 E112.43402
G1 F1891.8 X212.003 Y217.378 E112.44083
G1 F1874.5 X211.626 Y217.333 E112.44905
G1 F1700.7 X211.23 Y216.955 E112.46211
G1 F1597.6 X211.01 Y216.919 E112.46777
G1 X210.91 Y216.821 E112.47133
G1 X210.882 Y216.727 E112.47382
G1 X210.916 Y216.597 E112.47723
G1 F1635.7 X210.868 Y216.395 E112.48238
G1 F1673 X210.896 Y216.298 E112.48483
G1 F1774.2 X211.044 Y216.11 E112.4903
G1 F1824.6 X211.133 Y215.822 E112.49701
G1 F1717.8 X211.092 Y215.644 E112.50132
G1 F1673 X211.126 Y215.543 E112.5039
G1 F1667.6 X211.305 Y215.373 E112.50991
G1 F1681.3 X211.467 Y215.01 E112.5195
G1 F1700.7 X211.439 Y214.911 E112.52196
G1 X211.477 Y214.806 E112.52462
G1 F1695.1 X211.68 Y214.615 E112.53129
G1 F1759 X211.793 Y214.307 E112.53886
G1 F1834.4 X211.773 Y214.235 E112.54051
G1 X211.816 Y214.118 E112.54327
G1 F1814.9 X212.082 Y213.872 E112.55137
G1 F1818.1 X212.152 Y213.588 E112.5579
G1 F1844.3 X212.125 Y213.494 E112.56005
G1 X212.172 Y213.364 E112.56309
G1 F1867.7 X212.478 Y213.137 E112.57137
G1 F1902.3 X212.545 Y212.863 E112.57738
G1 F1780.3 X212.505 Y212.606 E112.58331
G1 F1664.9 X212.542 Y212.501 E112.58602
G1 F1656.9 X212.675 Y212.375 E112.59051
G1 F1729.4 X212.703 Y212.238 E112.59379
G1 F2087.9 X212.562 Y211.908 E112.60076
G1 F2046.3 X212.55 Y211.765 E112.60361
G1 F1808.5 X212.367 Y211.71 E112.60789
G1 F1857.6 X212.256 Y211.611 E112.61114
G1 F1888.3 X212.218 Y211.507 E112.61352
G1 F1909.4 X211.988 Y211.311 E112.61994
G1 F1902.3 X211.618 Y211.282 E112.62786
G1 F1909.4 X211.241 Y210.949 E112.63855
G1 X210.982 Y210.904 E112.64413
G1 F1902.3 X210.865 Y210.786 E112.64768
G1 X210.83 Y210.664 E112.65038
G1 X210.865 Y210.539 E112.65315
G1 X210.973 Y210.427 E112.65647
G1 X211.112 Y210.386 E112.65956
G1 F1909.4 X211.382 Y210.433 E112.66539
G1 F1930.9 X211.744 Y210.759 E112.67562
G1 F1923.7 X212.144 Y210.796 E112.68409
G1 F1909.4 X212.267 Y210.902 E112.68754
G1 F1938.2 X212.297 Y210.983 E112.68935
G1 F1905.8 X212.523 Y211.18 E112.69574
G1 F1808.5 X212.757 Y211.144 E112.70105
G1 F1759 X212.914 Y211.175 E112.70474
G1 F1840.9 X213.064 Y211.278 E112.70875
G1 F2700 E111.40875
G0 F15000 X213.637 Y201.597
G0 X216.443 Y201.597
G0 X216.83 Y213.333
G1 F2700 E112.70875
G1 F1864.3 X216.624 Y213.373 E112.71332
G1 F1905.8 X216.378 Y213.292 E112.71883
G1 X216.377 Y212.946 E112.72619
G1 X216.473 Y212.862 E112.72891
G1 F1864.3 X216.867 Y212.762 E112.73776
G1 F1824.6 X217.018 Y212.795 E112.74119
G1 X217.12 Y212.892 E112.74432
G1 X217.143 Y212.984 E112.74643
G1 F1874.5 X217.353 Y213.172 E112.75253
G1 F1912.9 X217.738 Y213.221 E112.76076
G1 F2038.2 X218.004 Y213.464 E112.76794
G1 F2313.6 X218.417 Y213.47 E112.77518
G1 F2445.8 X218.771 Y213.388 E112.78121
G1 X219.045 Y213.452 E112.78587
G1 X219.193 Y213.589 E112.78922
G1 X219.243 Y213.739 E112.79184
G1 X219.202 Y213.923 E112.79497
G1 X219.243 Y214.064 E112.79741
G1 X219.195 Y214.223 E112.80016
G1 F2422.8 X218.728 Y214.638 E112.81062
G1 F2181 X218.543 Y214.775 E112.81491
G1 F1821.4 X218.477 Y214.959 E112.81926
G1 F1667.6 X218.515 Y215.074 E112.82221
G1 X218.481 Y215.177 E112.82485
G1 F1670.3 X218.263 Y215.372 E112.83195
G1 X218.121 Y215.721 E112.8411
G1 F1667.6 X218.16 Y215.838 E112.8441
G1 X218.128 Y215.937 E112.84663
G1 X217.909 Y216.133 E112.85379
G1 X217.769 Y216.48 E112.86289
G1 F1664.9 X217.806 Y216.598 E112.8659
G1 X217.775 Y216.699 E112.86848
G1 F1667.6 X217.558 Y216.891 E112.87553
G1 F1700.7 X217.433 Y217.207 E112.88363
G1 F1738.2 X217.458 Y217.299 E112.88586
G1 X217.418 Y217.417 E112.88877
G1 F1747 X217.174 Y217.615 E112.89606
G1 F1759 X217.104 Y217.902 E112.90288
G1 F1747 X217.137 Y218.031 E112.90597
G1 F1732.3 X217.094 Y218.155 E112.90905
G1 F1768.1 X216.884 Y218.361 E112.9158
G1 F1986.9 X216.931 Y218.724 E112.92327
G1 F1941.9 X216.987 Y218.867 E112.92648
G1 F1783.4 X217.121 Y218.971 E112.93034
G1 F1837.7 X217.143 Y219.042 E112.93198
G1 F1861 X217.366 Y219.237 E112.93844
G1 F1891.8 X217.738 Y219.282 E112.94647
G1 F1898.8 X217.856 Y219.43 E112.95052
G1 F1909.4 X218.093 Y219.6 E112.95672
G1 F1874.5 X218.294 Y219.596 E112.96107
G1 F1827.8 X218.489 Y219.648 E112.96555
G1 X218.717 Y219.829 E112.97201
G1 F1834.4 X219.012 Y219.9 E112.97872
G1 F1840.9 X219.135 Y220.014 E112.98242
G1 X219.173 Y220.123 E112.98496
G1 X219.135 Y220.247 E112.98782
G1 X219.035 Y220.336 E112.99077
G1 X218.677 Y220.392 E112.99875
G1 F1834.4 X218.486 Y220.349 E113.00308
G1 F1827.8 X218.25 Y220.165 E113.00973
G1 F1867.7 X217.957 Y220.115 E113.01618
G1 F1909.4 X217.586 Y219.798 E113.02655
G1 F1891.8 X217.197 Y219.756 E113.03494
G1 F1898.8 X217.063 Y219.648 E113.03862
G1 F1912.9 X217.041 Y219.582 E113.0401
G1 F1818.1 X216.785 Y219.376 E113.04743
G1 F1732.3 X216.619 Y219.408 E113.05139
G1 X216.405 Y219.339 E113.05666
G1 X216.404 Y219.021 E113.0641
G1 X216.577 Y218.866 E113.06954
G1 F1768.1 X216.497 Y218.386 E113.08071
G1 F1805.4 X216.392 Y218.301 E113.08375
G1 F1768.1 X216.405 Y217.975 E113.09123
G1 F1732.3 X216.612 Y217.792 E113.0977
G1 F1741.1 X216.685 Y217.495 E113.10483
G1 F1753 X216.646 Y217.373 E113.1078
G1 X216.683 Y217.27 E113.11033
G1 F1747 X216.947 Y217.037 E113.11851
G1 F1700.7 X217.055 Y216.736 E113.12614
G1 F1667.6 X217.015 Y216.616 E113.12921
G1 X217.051 Y216.518 E113.13175
G1 X217.264 Y216.327 E113.13871
G1 X217.407 Y215.977 E113.14791
G1 X217.37 Y215.859 E113.15092
G1 X217.407 Y215.758 E113.15354
G1 X217.618 Y215.568 E113.16045
G1 F1670.3 X217.762 Y215.217 E113.16966
G1 F1673 X217.722 Y215.097 E113.17273
G1 X217.758 Y215.001 E113.17522
G1 F1670.3 X217.972 Y214.807 E113.18223
G1 F1821.4 X218.064 Y214.6 E113.18728
G1 F2181 X217.979 Y214.337 E113.19242
G1 F2422.8 X217.967 Y214.159 E113.19541
G1 F2377.9 X217.781 Y213.966 E113.19998
G1 F2252.7 X217.719 Y213.832 E113.20264
G1 F2038.2 X217.583 Y213.734 E113.20598
G1 F1898.8 X217.196 Y213.694 E113.21429
G1 F1909.4 X217.061 Y213.587 E113.21795
G1 F1923.7 X217.039 Y213.521 E113.21942
G1 F1874.5 X216.83 Y213.333 E113.2255
G1 F2700 E111.9255
G0 F15000 X216.443 Y228.403
G0 X213.637 Y228.403
G0 X212.151 Y222.92
G1 F2700 E113.2255
G1 F1874.5 X212.534 Y223.309 E113.23732
G1 F1814.9 X212.766 Y223.27 E113.24258
G1 F1777.2 X212.919 Y223.3 E113.24614
G1 X213.006 Y223.381 E113.24885
G1 X213.029 Y223.463 E113.25079
G1 F1706.4 X213.319 Y223.665 E113.2592
G1 F1638.4 X213.463 Y223.636 E113.26283
G1 X213.655 Y223.684 E113.26774
G1 F1700.7 X213.678 Y224.308 E113.28263
G1 F1729.4 X213.665 Y224.707 E113.292
G1 F1741.1 X213.489 Y224.874 E113.29765
G1 F1802.2 X213.425 Y225.138 E113.30377
G1 F1805.4 X213.453 Y225.255 E113.30647
G1 F1799 X213.405 Y225.383 E113.30955
G1 F1821.4 X213.134 Y225.604 E113.31734
G1 F1824.6 X213.07 Y225.91 E113.3243
G1 F1802.2 X213.097 Y226.01 E113.32663
G1 X213.048 Y226.145 E113.32986
G1 F1821.4 X212.781 Y226.364 E113.33755
G1 F1840.9 X212.714 Y226.627 E113.34353
G1 F1811.7 X212.742 Y226.768 E113.34675
G1 F1783.4 X212.691 Y226.901 E113.34999
G1 F1802.2 X212.427 Y227.113 E113.35762
G1 F1771.1 X212.338 Y227.399 E113.36448
G1 F1726.5 X212.385 Y227.54 E113.36797
G1 X212.346 Y227.65 E113.37071
G1 X212.232 Y227.749 E113.37426
G1 X211.894 Y227.819 E113.38237
G1 X211.738 Y227.78 E113.38615
G1 X211.624 Y227.681 E113.3897
G1 X211.593 Y227.578 E113.39223
G1 X211.629 Y227.471 E113.39488
G1 X211.851 Y227.264 E113.40201
G1 F1771.1 X211.953 Y226.965 E113.40925
G1 F1818.1 X211.93 Y226.886 E113.41109
G1 X211.972 Y226.768 E113.41388
G1 F1802.2 X212.237 Y226.526 E113.42196
G1 F1814.9 X212.31 Y226.244 E113.42847
G1 F1844.3 X212.284 Y226.153 E113.43056
G1 X212.331 Y226.024 E113.43358
G1 F1821.4 X212.597 Y225.777 E113.44166
G1 F1824.6 X212.667 Y225.492 E113.44819
G1 F1847.6 X212.638 Y225.395 E113.45041
G1 X212.687 Y225.264 E113.45348
G1 F1821.4 X212.939 Y225.026 E113.4612
G1 F1795.9 X213.004 Y224.756 E113.46748
G1 X212.979 Y224.673 E113.46944
G1 F1741.1 X213.077 Y224.456 E113.47499
G1 F1664.9 X213.075 Y224.142 E113.48264
G1 F1706.4 X212.695 Y223.855 E113.49396
G1 F1814.9 X212.376 Y223.84 E113.5011
G1 F1854.2 X212.259 Y223.735 E113.50454
G1 F1902.3 X212.212 Y223.627 E113.50705
G1 F1923.7 X211.991 Y223.435 E113.51323
G1 F1902.3 X211.625 Y223.409 E113.52105
G1 F1938.2 X211.26 Y223.076 E113.53139
G1 F1930.9 X210.983 Y223.031 E113.53729
G1 F1891.8 X210.866 Y222.914 E113.54084
G1 X210.831 Y222.79 E113.5436
G1 X210.866 Y222.668 E113.54632
G1 X210.974 Y222.556 E113.54966
G1 X211.113 Y222.516 E113.55276
G1 F1912.9 X211.389 Y222.559 E113.55869
G1 F1938.2 X211.749 Y222.887 E113.56888
G1 F1923.7 X212.151 Y222.92 E113.57739
G1 F2700 E112.27739
G0 F15000 X213.637 Y228.403
G0 X216.443 Y228.403
G0 X216.831 Y225.459
G1 F2700 E113.57739
G1 F1871.1 X216.621 Y225.497 E113.58202
G1 F1909.4 X216.377 Y225.416 E113.58748
G1 X216.377 Y225.07 E113.59483
G1 X216.472 Y224.987 E113.59751
G1 F1871.1 X216.855 Y224.893 E113.60606
G1 F1834.4 X217.014 Y224.928 E113.60967
G1 F1840.9 X217.145 Y225.108 E113.61457
G1 F1881.4 X217.351 Y225.289 E113.62049
G1 F1909.4 X217.739 Y225.345 E113.62882
G1 F1902.3 X217.855 Y225.492 E113.63281
G1 F1909.4 X218.093 Y225.663 E113.63904
G1 F1871.1 X218.296 Y225.657 E113.64344
G1 F1821.4 X218.489 Y225.709 E113.64789
G1 F1753 X218.751 Y225.925 E113.65575
G1 F1673 X218.996 Y225.986 E113.66187
G1 F1659.5 X219.109 Y226.093 E113.66568
G1 X219.142 Y226.188 E113.66814
G1 X219.11 Y226.29 E113.67075
G1 X218.906 Y226.468 E113.67737
G1 F1700.7 X218.83 Y226.905 E113.68795
G1 F1744.1 X218.939 Y227.016 E113.69157
G1 X218.974 Y227.122 E113.69417
G1 X218.939 Y227.233 E113.69688
G1 X218.834 Y227.326 E113.70014
G1 X218.495 Y227.391 E113.70817
G1 X218.309 Y227.346 E113.71262
G1 X218.187 Y227.242 E113.71635
G1 X218.156 Y227.148 E113.71865
G1 X218.195 Y227.041 E113.7213
G1 X218.363 Y226.885 E113.72664
G1 F1700.7 X218.419 Y226.362 E113.73918
G1 F1735.2 X218.243 Y226.226 E113.74438
G1 F1867.7 X217.958 Y226.177 E113.75067
G1 F1909.4 X217.586 Y225.858 E113.76108
G1 F1895.3 X217.198 Y225.817 E113.76943
G1 F1902.3 X217.062 Y225.707 E113.77316
G1 F1916.5 X217.04 Y225.643 E113.77459
G1 F1874.5 X216.831 Y225.459 E113.78062
G1 F2700 E112.48062
;MESH:upperRightPad.stl
G0 F15000 X215.35 Y225.459
G0 X215.038 Y226.998
M204 S1250
;TYPE:WALL-INNER
G1 F2700 E113.78062
G1 F1556.4 X215.038 Y202.998 E114.43917
M204 S2500
G1 F2700 E113.13917
G0 F15000 X214.81 Y215
G0 X214.498 Y215
M204 S1250
;TYPE:WALL-OUTER
G1 F2700 E114.43917
G1 F2445.8 X214.498 Y227.538 E114.6581
G1 X215.578 Y227.538 E114.67696
G1 X215.578 Y202.458 E115.1149
G1 X214.498 Y202.458 E115.13376
G1 X214.498 Y215 E115.35276
M204 S2500
G0 F15000 X214.498 Y215.2
G1 F2700 E114.05276
;MESH:NONMESH
G0 F600 X214.498 Y215.2 Z1.9
G0 F15000 X214.81 Y215.2
G0 X214.73 Y202.715
G0 X213.625 Y202.715
G0 X211.166 Y202.715
;TIME_ELAPSED:171.948032
;LAYER:16
;note -- min layer time used
;TYPE:SUPPORT
G1 F2700 E115.35276
G1 F2221.6 X211.275 Y202.617 E115.3554
G1 X211.447 Y202.58 E115.35856
G1 X211.661 Y202.627 E115.36249
G1 X211.752 Y202.72 E115.36483
G1 X211.781 Y202.825 E115.36679
G1 X211.747 Y202.947 E115.36907
G1 X211.661 Y203.033 E115.37125
G1 X211.541 Y203.066 E115.37349
G1 X211.295 Y203.013 E115.37801
G1 X211.167 Y202.907 E115.381
G1 X211.131 Y202.813 E115.38281
G1 X211.166 Y202.715 E115.38468
G1 F2700 E114.08468
G0 F15000 X211.26 Y204.367
G1 F2700 E115.38468
G1 F2173.8 X211.81 Y204.602 E115.39566
G1 F2132.6 X211.956 Y204.708 E115.39904
G1 F2169.2 X212.154 Y204.757 E115.40279
G1 F2187.9 X212.575 Y204.951 E115.41125
G1 F2084.2 X212.739 Y205.086 E115.41532
G1 X212.909 Y205.116 E115.41863
G1 F2202.2 X213.324 Y205.297 E115.42683
G1 F2123.6 X213.462 Y205.423 E115.43035
G1 F2021.7 X213.645 Y205.479 E115.43413
G1 X213.698 Y205.535 E115.43565
G1 X213.698 Y205.792 E115.44073
G1 X213.652 Y205.837 E115.442
G1 X213.389 Y205.904 E115.44736
G1 X213.239 Y205.88 E115.45036
G1 X213.133 Y205.794 E115.45305
G1 F2123.6 X213.043 Y205.64 E115.4564
G1 F2202.2 X212.828 Y205.554 E115.4606
G1 F2084.2 X212.663 Y205.582 E115.46381
G1 F2009.6 X212.529 Y205.557 E115.46652
G1 F2088.5 X212.335 Y205.352 E115.47191
G1 F2192.7 X212.099 Y205.209 E115.47694
G1 F2169.2 X211.759 Y205.148 E115.48329
G1 F2132.6 X211.356 Y204.86 E115.49257
G1 F2173.8 X211.023 Y204.792 E115.49881
G1 F2207.1 X210.908 Y204.699 E115.50148
G1 X210.876 Y204.603 E115.50332
G1 X210.911 Y204.506 E115.50518
G1 X211.019 Y204.412 E115.50777
G1 X211.26 Y204.367 E115.51221
G1 F2700 E114.21221
G0 F15000 X213.637 Y201.597
G0 X216.443 Y201.597
G0 X216.799 Y205.267
G1 F2700 E115.51221
G1 F1947.7 X216.538 Y205.335 E115.51773
G1 X216.388 Y205.25 E115.52127
G1 X216.387 Y205.008 E115.52623
G1 F2097.2 X216.515 Y204.608 E115.53422
G1 F2123.6 X216.769 Y204.191 E115.5434
G1 F2097.2 X216.873 Y203.854 E115.55012
G1 X217.125 Y203.429 E115.55952
G1 F2092.8 X217.225 Y203.096 E115.56616
G1 F2216.7 X217.35 Y202.889 E115.57051
G1 F2169.2 X217.686 Y202.144 E115.58555
G1 F2105.9 X217.765 Y202.062 E115.58771
G1 X217.986 Y202.01 E115.59202
G1 X218.149 Y202.046 E115.59518
G1 X218.253 Y202.135 E115.59778
G1 X218.285 Y202.23 E115.59968
G1 X218.255 Y202.315 E115.60139
G1 X218.046 Y202.464 E115.60625
G1 F2029.8 X217.945 Y202.714 E115.61156
G1 F1959 X217.984 Y202.835 E115.61415
G1 X217.957 Y202.909 E115.61575
G1 F2021.7 X217.757 Y203.063 E115.62074
G1 F2042.1 X217.598 Y203.475 E115.62937
G1 F1993.8 X217.635 Y203.588 E115.63175
G1 X217.605 Y203.672 E115.63354
G1 F2046.2 X217.403 Y203.826 E115.63849
G1 X217.243 Y204.235 E115.64706
G1 F1997.7 X217.283 Y204.349 E115.64948
G1 X217.251 Y204.432 E115.65126
G1 F2079.9 X217.017 Y204.615 E115.65696
G1 F2216.7 X216.928 Y204.766 E115.66011
G1 F2150.7 X216.911 Y204.88 E115.66225
G1 F1997.7 X216.957 Y205.07 E115.66616
G1 F1947.7 X216.916 Y205.169 E115.66836
G1 X216.799 Y205.267 E115.67149
G1 F2700 E114.37149
G0 F15000 X216.682 Y206.811
G1 F2700 E115.67149
G1 F2025.7 X216.847 Y206.839 E115.67478
G1 F2150.7 X217.192 Y207.126 E115.68312
G1 F2187.9 X217.572 Y207.209 E115.69021
G1 F2183.2 X217.948 Y207.476 E115.69865
G1 F2150.7 X218.316 Y207.568 E115.70569
G1 F2110.3 X218.577 Y207.757 E115.71178
G1 F2178.5 X218.863 Y207.807 E115.7171
G1 F2173.8 X218.963 Y207.891 E115.7195
G1 X218.994 Y207.987 E115.72136
G1 X218.955 Y208.092 E115.72341
G1 X218.84 Y208.188 E115.72616
G1 F2159.9 X218.544 Y208.25 E115.73175
G1 F2132.6 X217.971 Y207.974 E115.74366
G1 F2105.9 X217.373 Y207.655 E115.75651
G1 F2150.7 X217.193 Y207.612 E115.75995
G1 F2173.8 X216.774 Y207.418 E115.76843
G1 F2088.5 X216.63 Y207.298 E115.77201
G1 F2029.8 X216.437 Y207.238 E115.77598
G1 F2025.7 X216.377 Y207.179 E115.77764
G1 X216.377 Y206.926 E115.78263
G1 X216.428 Y206.872 E115.78409
G1 X216.682 Y206.811 E115.78924
G1 F2700 E114.48924
G0 F15000 X216.443 Y201.597
G0 X213.637 Y201.597
G0 X213.375 Y211.428
G1 F2700 E115.78924
G1 F1657.1 X213.537 Y211.389 E115.79326
G1 X213.663 Y211.463 E115.79678
G1 X213.663 Y211.805 E115.80502
G1 X213.519 Y211.938 E115.80974
G1 F1878.9 X213.408 Y212.385 E115.81953
G1 F2054.5 X213.173 Y212.762 E115.82816
G1 F2075.6 X213.056 Y213.144 E115.83584
G1 F2123.6 X212.806 Y213.57 E115.84513
G1 X212.703 Y213.905 E115.85172
G1 F2178.5 X212.542 Y214.231 E115.85838
G1 F2097.2 X212.454 Y214.328 E115.86088
G1 F2128.1 X212.349 Y214.663 E115.86746
G1 F2105.9 X212.104 Y215.061 E115.87632
G1 F2192.7 X212.013 Y215.429 E115.88322
G1 F2178.5 X211.758 Y215.807 E115.89158
G1 F2084.2 X211.642 Y216.182 E115.8991
G1 F2046.2 X211.476 Y216.454 E115.90532
G1 F1885.9 X211.485 Y216.542 E115.90719
G1 F1985.9 X211.963 Y216.834 E115.91845
G1 F2150.7 X212.58 Y217.079 E115.93077
G1 F2088.5 X212.74 Y217.208 E115.9347
G1 X212.91 Y217.238 E115.938
G1 F2207.1 X213.33 Y217.424 E115.94631
G1 F2123.6 X213.458 Y217.545 E115.94962
G1 F2021.7 X213.649 Y217.602 E115.95356
G1 X213.698 Y217.655 E115.95499
G1 X213.698 Y217.916 E115.96014
G1 X213.65 Y217.963 E115.96147
G1 X213.394 Y218.031 E115.9667
G1 X213.239 Y218.001 E115.96981
G1 X213.134 Y217.92 E115.97243
G1 F2123.6 X213.044 Y217.763 E115.97584
G1 F2207.1 X212.828 Y217.674 E115.98006
G1 F2088.5 X212.663 Y217.705 E115.98327
G1 F2009.6 X212.533 Y217.681 E115.9859
G1 F2088.5 X212.335 Y217.474 E115.99137
G1 F2211.9 X212.04 Y217.325 E115.99734
G1 F2187.9 X211.766 Y217.273 E116.00243
G1 F2114.7 X211.302 Y216.956 E116.01304
G1 F1974.3 X211.04 Y216.877 E116.01857
G1 F1861.6 X210.948 Y216.802 E116.02112
G1 X210.923 Y216.728 E116.02279
G1 X210.961 Y216.6 E116.02565
G1 F1885.9 X210.913 Y216.398 E116.03005
G1 F1910.8 X210.937 Y216.331 E116.03154
G1 X211.058 Y216.245 E116.03464
G1 F2058.7 X211.196 Y216.052 E116.03924
G1 F2097.2 X211.29 Y215.747 E116.04532
G1 F1982 X211.25 Y215.628 E116.04784
G1 X211.277 Y215.546 E116.04958
G1 X211.376 Y215.459 E116.05224
G1 F2046.2 X211.522 Y215.406 E116.05527
G1 F2256.3 X211.629 Y215.257 E116.05852
G1 F2271.5 X211.656 Y215.107 E116.06119
G1 F2075.6 X211.599 Y214.897 E116.06538
G1 F2009.6 X211.628 Y214.82 E116.06701
G1 F2062.9 X211.832 Y214.658 E116.07206
G1 F2079.9 X211.983 Y214.286 E116.07976
G1 F2046.2 X211.963 Y214.211 E116.08128
G1 X212.011 Y214.096 E116.08371
G1 F2097.2 X212.178 Y213.933 E116.08815
G1 F2105.9 X212.334 Y213.534 E116.09627
G1 F2054.5 X212.315 Y213.451 E116.09793
G1 F2046.2 X212.359 Y213.343 E116.1002
G1 F2101.5 X212.531 Y213.175 E116.10477
G1 F2054.5 X212.707 Y212.7 E116.11461
G1 F1955.2 X212.666 Y212.584 E116.11713
G1 X212.691 Y212.511 E116.1187
G1 F2054.5 X212.982 Y212.192 E116.12709
G1 F1878.9 X213.001 Y211.818 E116.13505
G1 F1657.1 X212.861 Y211.639 E116.14052
G1 F1824.6 X212.823 Y211.682 E116.14178
G1 F2013.6 X212.532 Y211.618 E116.14769
G1 F2001.6 X212.427 Y211.493 E116.15094
G1 F2097.2 X212.1 Y211.272 E116.15846
G1 F2159.9 X211.762 Y211.211 E116.16481
G1 F2202.2 X211.39 Y210.952 E116.17302
G1 F2246.3 X211.022 Y210.855 E116.17979
G1 F2207.1 X210.908 Y210.763 E116.18244
G1 X210.876 Y210.667 E116.18427
G1 X210.911 Y210.57 E116.18613
G1 X211.021 Y210.474 E116.18877
G1 X211.262 Y210.427 E116.19322
G1 F2173.8 X211.816 Y210.666 E116.2043
G1 F2128.1 X211.959 Y210.769 E116.2076
G1 F2141.6 X212.576 Y211.015 E116.21999
G1 F2084.2 X212.739 Y211.146 E116.22399
G1 F2013.6 X213.006 Y211.266 E116.2298
G1 F1824.6 X213.006 Y211.326 E116.23111
G1 F1657.1 X213.375 Y211.428 E116.24033
G1 F2700 E114.94033
G0 F15000 X213.637 Y228.403
G0 X216.443 Y228.403
G0 X216.631 Y218.79
G1 F2700 E116.24033
G1 F2110.3 X217.191 Y219.249 E116.25403
G1 F2178.5 X217.57 Y219.333 E116.26115
G1 X217.943 Y219.599 E116.26954
G1 F2150.7 X218.316 Y219.689 E116.27666
G1 F2114.7 X218.547 Y219.869 E116.28219
G1 F2183.2 X218.862 Y219.931 E116.28806
G1 F2173.8 X218.963 Y220.019 E116.29052
G1 X218.994 Y220.108 E116.29225
G1 X218.955 Y220.217 E116.29438
G1 X218.84 Y220.312 E116.29712
G1 F2159.9 X218.545 Y220.375 E116.3027
G1 F2132.6 X217.971 Y220.098 E116.31463
G1 F2105.9 X217.37 Y219.78 E116.32752
G1 F2114.7 X216.768 Y219.538 E116.33977
G1 F2046.2 X216.386 Y219.297 E116.34858
G1 F1962.8 X216.385 Y219.056 E116.35348
G1 X216.631 Y218.79 E116.36085
G1 F2700 E115.06085
G0 F15000 X216.772 Y213.479
G1 F2700 E116.36085
G1 F2084.2 X216.627 Y213.359 E116.36446
G1 F2021.7 X216.44 Y213.301 E116.36832
G1 X216.378 Y213.24 E116.37004
G1 X216.378 Y212.988 E116.37502
G1 X216.427 Y212.936 E116.37643
G1 X216.683 Y212.872 E116.38164
G1 X216.847 Y212.9 E116.38493
G1 F2084.2 X217.034 Y213.089 E116.39002
G1 F2169.2 X217.318 Y213.239 E116.39593
G1 F2141.6 X217.572 Y213.273 E116.40071
G1 F2173.8 X218.018 Y213.574 E116.41059
G1 F2318.4 X218.292 Y213.588 E116.41531
G1 F2395.3 X218.69 Y213.484 E116.42217
G1 F2406.7 X218.865 Y213.52 E116.42513
G1 X218.979 Y213.618 E116.42763
G1 X219.017 Y213.728 E116.42956
G1 X218.975 Y213.908 E116.43263
G1 X219.017 Y214.048 E116.43505
G1 X218.976 Y214.162 E116.43706
G1 X218.767 Y214.323 E116.44144
G1 X218.707 Y214.422 E116.44336
G1 F2345.3 X218.398 Y214.657 E116.44996
G1 F2137.1 X218.307 Y214.952 E116.45573
G1 F2001.6 X218.344 Y215.071 E116.45822
G1 F1997.7 X218.314 Y215.152 E116.45994
G1 F2046.2 X218.112 Y215.305 E116.46489
G1 X217.951 Y215.715 E116.47348
G1 F1997.7 X217.991 Y215.829 E116.4759
G1 X217.959 Y215.912 E116.47767
G1 F2050.4 X217.755 Y216.066 E116.48265
G1 X217.599 Y216.475 E116.49118
G1 F1997.7 X217.635 Y216.588 E116.49355
G1 X217.605 Y216.672 E116.49533
G1 F2054.5 X217.4 Y216.829 E116.50035
G1 X217.243 Y217.235 E116.5088
G1 F1997.7 X217.283 Y217.349 E116.51122
G1 X217.251 Y217.432 E116.513
G1 F2079.9 X217.017 Y217.615 E116.5187
G1 F2216.7 X216.928 Y217.766 E116.52186
G1 F2150.7 X216.911 Y217.88 E116.524
G1 F1993.8 X216.956 Y218.073 E116.52796
G1 F1943.9 X216.919 Y218.168 E116.53006
G1 X216.59 Y218.451 E116.53897
G1 X216.388 Y218.251 E116.54481
G1 X216.388 Y218.008 E116.5498
G1 F2097.2 X216.515 Y217.608 E116.55779
G1 F2123.6 X216.769 Y217.191 E116.56697
G1 F2097.2 X216.873 Y216.854 E116.57368
G1 X217.125 Y216.431 E116.58306
G1 X217.225 Y216.095 E116.58973
G1 X217.477 Y215.671 E116.59912
G1 X217.581 Y215.334 E116.60583
G1 X217.833 Y214.911 E116.61521
G1 F2164.5 X218.069 Y214.288 E116.6275
G1 F2292.1 X218.017 Y214.077 E116.63128
G1 F2159.9 X217.372 Y213.718 E116.64493
G1 F2123.6 X216.772 Y213.479 E116.65707
G1 F2700 E115.35707
G0 F15000 X216.443 Y228.403
G0 X213.637 Y228.403
G0 X212.582 Y223.143
G1 F2700 E116.65707
G1 F2088.5 X212.744 Y223.272 E116.66103
G1 X212.914 Y223.302 E116.66433
G1 F2207.1 X213.326 Y223.481 E116.67245
G1 F2088.5 X213.5 Y223.632 E116.67686
G1 F1959 X213.69 Y223.722 E116.68114
G1 X213.69 Y223.975 E116.6863
G1 X213.63 Y224.039 E116.68808
G1 F2029.8 X213.649 Y224.357 E116.69435
G1 F2101.5 X213.708 Y224.418 E116.69596
G1 F2062.9 X213.699 Y224.681 E116.70106
G1 F2114.7 X213.56 Y225.064 E116.70875
G1 F2132.6 X213.319 Y225.468 E116.71756
G1 X213.216 Y225.804 E116.72413
G1 F2128.1 X212.966 Y226.23 E116.7334
G1 F2123.6 X212.863 Y226.561 E116.73992
G1 X212.614 Y226.985 E116.74916
G1 X212.507 Y227.324 E116.75585
G1 F2164.5 X212.339 Y227.651 E116.76263
G1 F2123.6 X212.26 Y227.73 E116.76473
G1 X212.042 Y227.78 E116.76893
G1 X211.887 Y227.747 E116.77191
G1 X211.775 Y227.654 E116.77465
G1 X211.748 Y227.564 E116.77641
G1 X211.779 Y227.481 E116.77808
G1 X211.986 Y227.327 E116.78293
G1 F2088.5 X212.143 Y226.941 E116.7909
G1 F2050.4 X212.123 Y226.866 E116.79241
G1 X212.167 Y226.758 E116.79468
G1 F2101.5 X212.331 Y226.596 E116.79906
G1 F2178.5 X212.466 Y226.319 E116.80471
G1 F2123.6 X212.476 Y226.114 E116.80856
G1 F2046.2 X212.523 Y226 E116.81097
G1 F2110.3 X212.694 Y225.831 E116.81552
G1 F2114.7 X212.85 Y225.426 E116.82371
G1 F2054.5 X212.831 Y225.352 E116.8252
G1 X212.875 Y225.238 E116.82757
G1 F2105.9 X213.045 Y225.074 E116.83205
G1 X213.183 Y224.713 E116.83938
G1 F2038 X213.165 Y224.639 E116.84087
G1 F2067.1 X213.246 Y224.421 E116.84536
G1 F2029.8 X213.244 Y224.059 E116.85248
G1 F1989.8 X213.133 Y223.979 E116.85523
G1 F2123.6 X213.042 Y223.824 E116.85861
G1 F2207.1 X212.83 Y223.738 E116.86274
G1 F2088.5 X212.661 Y223.769 E116.86603
G1 F2009.6 X212.537 Y223.746 E116.86853
G1 F2088.5 X212.338 Y223.538 E116.87404
G1 F2216.7 X212.041 Y223.385 E116.88005
G1 F2187.9 X211.766 Y223.336 E116.88515
G1 F2216.7 X211.352 Y223.062 E116.89409
G1 F2261.4 X211.023 Y222.981 E116.90007
G1 F2211.9 X210.907 Y222.888 E116.90276
G1 X210.873 Y222.79 E116.90463
G1 X210.907 Y222.697 E116.90642
G1 X211.019 Y222.599 E116.9091
G1 X211.267 Y222.554 E116.91365
G1 F2173.8 X211.815 Y222.791 E116.92462
G1 F2132.6 X211.964 Y222.896 E116.92803
G1 F2150.7 X212.582 Y223.143 E116.94039
G1 F2700 E115.64039
G0 F15000 X213.637 Y228.403
G0 X216.443 Y228.403
G0 X216.769 Y225.602
G1 F2700 E116.94039
G1 F2079.9 X216.626 Y225.483 E116.94396
G1 F2021.7 X216.442 Y225.422 E116.94778
G1 X216.379 Y225.36 E116.94953
G1 X216.378 Y225.112 E116.95443
G1 X216.427 Y225.06 E116.95584
G1 X216.683 Y224.996 E116.96105
G1 X216.847 Y225.024 E116.96434
G1 F2146.1 X217.188 Y225.31 E116.97261
G1 F2187.9 X217.571 Y225.396 E116.97978
G1 X217.943 Y225.663 E116.98813
G1 F2155.3 X218.317 Y225.753 E116.99526
G1 F2088.5 X218.482 Y225.892 E116.99938
G1 F2105.9 X218.856 Y226.002 E117.00677
G1 F2067.1 X218.953 Y226.085 E117.00924
G1 X218.981 Y226.171 E117.01099
G1 X218.945 Y226.27 E117.01302
G1 X218.624 Y226.536 E117.02107
G1 X218.538 Y226.672 E117.02418
G1 F2075.6 X218.541 Y226.765 E117.02597
G1 F2084.2 X218.621 Y226.908 E117.02911
G1 X218.771 Y227.036 E117.03289
G1 X218.8 Y227.12 E117.03459
G1 X218.762 Y227.22 E117.03664
G1 X218.65 Y227.315 E117.03945
G1 X218.405 Y227.366 E117.04424
G1 X218.299 Y227.336 E117.04635
G1 X218.204 Y227.241 E117.04893
G1 X218.176 Y227.143 E117.05088
G1 X218.205 Y227.04 E117.05293
G1 F2075.6 X218.538 Y226.672 E117.06248
G1 F2067.1 X218.542 Y226.51 E117.06561
G1 F2088.5 X218.448 Y226.361 E117.06897
G1 F2123.6 X217.536 Y225.958 E117.08772
G1 X217.373 Y225.841 E117.09149
G1 X216.769 Y225.602 E117.1037
G1 F2700 E115.8037
;MESH:upperRightPad.stl
G0 F15000 X215.35 Y225.602
G0 X215.038 Y226.998
M204 S1250
;TYPE:WALL-INNER
G1 F2700 E117.1037
G1 F1531.6 X215.038 Y202.998 E117.76225
M204 S2500
G1 F2700 E116.46225
G0 F15000 X214.81 Y215
G0 X214.498 Y215
M204 S1250
;TYPE:WALL-OUTER
G1 F2700 E117.76225
G1 F2406.7 X214.498 Y227.538 E117.98119
G1 X215.578 Y227.538 E118.00005
G1 X215.578 Y202.458 E118.43798
G1 X214.498 Y202.458 E118.45684
G1 X214.498 Y215 E118.67584
M204 S2500
G0 F15000 X214.498 Y215.2
G1 F2700 E117.37584
;MESH:NONMESH
G0 F600 X214.498 Y215.2 Z2
G0 F15000 X214.81 Y215.2
G0 X215.038 Y202.998
;TIME_ELAPSED:180.983179
;LAYER:17
;note -- min layer time used
M204 S1250
;TYPE:WALL-INNER
;MESH:upperRightPad.stl
G1 F2700 E118.67584
G1 F598.1 X215.038 Y226.998 E119.33439
M204 S2500
G1 F2700 E118.03439
G0 F15000 X214.81 Y215
G0 X214.498 Y215
M204 S1250
;TYPE:WALL-OUTER
G1 F2700 E119.33439
G1 F939.9 X214.498 Y227.538 E119.55333
G1 X215.578 Y227.538 E119.57219
G1 X215.578 Y202.458 E120.01012
G1 X214.498 Y202.458 E120.02898
G1 X214.498 Y215 E120.24798
M204 S2500
G0 F15000 X214.498 Y215.2
G1 F2700 E118.94798
;MESH:NONMESH
G0 F600 X214.498 Y215.2 Z2.1
G0 F15000 X214.81 Y215.2
G0 X211.909 Y215
;TIME_ELAPSED:187.267886
;LAYER:18
;note -- min layer time used
M204 S1250
;TYPE:WALL-INNER
;MESH:upperRightPad.stl
G1 F2700 E120.24798
G1 F5507.6 X211.911 Y226.914 E120.45602
G1 X214.365 Y226.91 E120.49887
G1 X214.613 Y227 E120.50348
G1 X214.68 Y227.118 E120.50585
G1 X215.396 Y227.118 E120.51835
G1 X215.463 Y227 E120.52072
G1 X215.689 Y226.91 E120.52497
G1 X217.95 Y226.91 E120.56445
G1 X217.946 Y202.878 E120.98408
G1 X211.907 Y202.878 E121.08954
G1 X211.909 Y215 E121.3012
M204 S2500
G0 F15000 X211.491 Y215
M204 S1250
;TYPE:WALL-OUTER
G1 F5507.6 X211.494 Y226.591 E121.5036
G1 X211.487 Y227.298 E121.51595
G1 X211.672 Y227.334 E121.51924
G1 X214.333 Y227.33 E121.5657
G1 X214.397 Y227.36 E121.56694
G1 X214.497 Y227.538 E121.5705
G1 X215.579 Y227.538 E121.5894
G1 X215.694 Y227.334 E121.59349
G1 X218.37 Y227.325 E121.64021
G1 X218.366 Y202.458 E122.07443
G1 X211.487 Y202.458 E122.19455
G1 X211.491 Y215 E122.41355
M204 S2500
G0 F15000 X211.491 Y215.2
G0 X212.308 Y215
;TYPE:SKIN
G1 F5507.6 X212.306 Y203.274 E122.61831
G1 X217.546 Y203.274 E122.7098
G1 X217.55 Y226.51 E123.11554
G1 X215.614 Y226.515 E123.14935
G1 X215.255 Y226.658 E123.15609
G1 X215.198 Y226.718 E123.15754
G1 X214.88 Y226.718 E123.16309
G1 X214.817 Y226.637 E123.16488
G1 X214.429 Y226.513 E123.172
G1 X212.31 Y226.513 E123.209
G1 X212.308 Y215 E123.41003
G0 F15000 X212.641 Y226.302
G1 F5507.6 X212.52 Y226.181 E123.41302
G0 F15000 X212.52 Y225.587
G1 F5507.6 X213.234 Y226.302 E123.43067
G0 F15000 X213.827 Y226.3
G1 F5507.6 X212.52 Y224.993 E123.46294
G0 F15000 X212.52 Y224.399
G1 F5507.6 X214.42 Y226.3 E123.50987
G0 F15000 X215.19 Y226.476
G1 F5507.6 X212.52 Y223.805 E123.57582
G0 F15000 X212.52 Y223.211
G1 F5507.6 X215.609 Y226.3 E123.6521
G0 F15000 X216.203 Y226.3
G1 F5507.6 X212.52 Y222.617 E123.74305
G0 F15000 X212.519 Y222.022
G1 F5507.6 X216.797 Y226.3 E123.84869
G0 F15000 X217.34 Y226.249
G1 F5507.6 X212.519 Y221.428 E123.96774
G0 F15000 X212.519 Y220.834
G1 F5507.6 X217.34 Y225.655 E124.0868
G0 F15000 X217.34 Y225.061
G1 F5507.6 X212.519 Y220.24 E124.20585
G0 F15000 X212.519 Y219.646
G1 F5507.6 X217.34 Y224.468 E124.32491
G0 F15000 X217.34 Y223.874
G1 F5507.6 X212.519 Y219.052 E124.44397
G0 F15000 X212.518 Y218.458
G1 F5507.6 X217.34 Y223.28 E124.56305
G0 F15000 X217.34 Y222.686
G1 F5507.6 X212.518 Y217.864 E124.68213
G0 F15000 X212.518 Y217.27
G1 F5507.6 X217.34 Y222.092 E124.8012
G0 F15000 X217.339 Y221.497
G1 F5507.6 X212.518 Y216.676 E124.92026
G0 F15000 X212.518 Y216.082
G1 F5507.6 X217.339 Y220.903 E125.03931
G0 F15000 X217.339 Y220.309
G1 F5507.6 X212.518 Y215.488 E125.15836
G0 F15000 X212.518 Y214.894
G1 F5507.6 X217.339 Y219.715 E125.27741
G0 F15000 X217.339 Y219.121
G1 F5507.6 X212.517 Y214.299 E125.39649
G0 F15000 X212.517 Y213.705
G1 F5507.6 X217.339 Y218.527 E125.51556
G0 F15000 X217.339 Y217.933
G1 F5507.6 X212.517 Y213.111 E125.63464
G0 F15000 X212.517 Y212.517
G1 F5507.6 X217.339 Y217.339 E125.75372
G0 F15000 X217.338 Y216.744
G1 F5507.6 X212.517 Y211.923 E125.87277
G0 F15000 X212.517 Y211.329
G1 F5507.6 X217.338 Y216.151 E125.99183
G0 F15000 X217.338 Y215.557
G1 F5507.6 X212.517 Y210.735 E126.1109
G0 F15000 X212.517 Y210.141
G1 F5507.6 X217.338 Y214.963 E126.22996
G0 F15000 X217.338 Y214.369
G1 F5507.6 X212.517 Y209.547 E126.34902
G0 F15000 X212.517 Y208.953
G1 F5507.6 X217.338 Y213.775 E126.46809
G0 F15000 X217.338 Y213.181
G1 F5507.6 X212.517 Y208.359 E126.58715
G0 F15000 X212.517 Y207.765
G1 F5507.6 X217.338 Y212.586 E126.7062
G0 F15000 X217.338 Y211.992
G1 F5507.6 X212.516 Y207.17 E126.82528
G0 F15000 X212.516 Y206.576
G1 F5507.6 X217.338 Y211.398 E126.94436
G0 F15000 X217.338 Y210.804
G1 F5507.6 X212.516 Y205.982 E127.06343
G0 F15000 X212.516 Y205.388
G1 F5507.6 X217.338 Y210.21 E127.18251
G0 F15000 X217.338 Y209.616
G1 F5507.6 X212.516 Y204.794 E127.30158
G0 F15000 X212.516 Y204.2
G1 F5507.6 X217.338 Y209.022 E127.42066
G0 F15000 X217.338 Y208.428
G1 F5507.6 X212.516 Y203.606 E127.53974
G0 F15000 X212.988 Y203.484
G1 F5507.6 X217.337 Y207.834 E127.64715
G0 F15000 X217.337 Y207.24
G1 F5507.6 X213.582 Y203.484 E127.73989
G0 F15000 X214.176 Y203.484
G1 F5507.6 X217.337 Y206.646 E127.81796
G0 F15000 X217.337 Y206.052
G1 F5507.6 X214.77 Y203.484 E127.88136
G0 F15000 X215.364 Y203.484
G1 F5507.6 X217.337 Y205.458 E127.93009
G0 F15000 X217.337 Y204.864
G1 F5507.6 X215.957 Y203.484 E127.96417
G0 F15000 X216.551 Y203.484
G1 F5507.6 X217.337 Y204.27 E127.98358
G0 F15000 X217.337 Y203.676
G1 F5507.6 X217.145 Y203.484 E127.98832
G0 F15000 X217.145 Y203.49
G1 F2700 E126.68832
;MESH:NONMESH
G0 F600 X217.145 Y203.49 Z2.2
G0 F15000 X212.202 Y215
G0 X211.846 Y215
;TIME_ELAPSED:196.348937
;LAYER:19
;note -- min layer time used
M204 S1250
;TYPE:WALL-INNER
;MESH:upperRightPad.stl
G1 F2700 E127.98832
G1 F5706.9 X211.846 Y227.001 E128.19788
G1 X212.045 Y227.03 E128.20139
G1 X214.427 Y227.026 E128.24299
G1 X214.498 Y227.118 E128.24501
G1 X215.578 Y227.118 E128.26387
G1 X215.649 Y227.026 E128.2659
G1 X218.066 Y227.029 E128.30811
G1 X218.069 Y202.879 E128.7298
G1 X211.847 Y202.879 E128.83845
G1 X211.846 Y215 E129.0501
M204 S2500
G0 F15000 X211.426 Y215
M204 S1250
;TYPE:WALL-OUTER
G1 F5706.9 X211.426 Y227.366 E129.26603
G1 X212.015 Y227.45 E129.27642
G1 X214.339 Y227.452 E129.317
G1 X214.406 Y227.538 E129.3189
G1 X215.67 Y227.538 E129.34098
G1 X215.737 Y227.452 E129.34288
G1 X218.399 Y227.45 E129.38936
G1 X218.486 Y227.35 E129.39168
G1 X218.489 Y202.459 E129.82631
G1 X211.427 Y202.459 E129.94963
G1 X211.426 Y215 E130.16861
M204 S2500
G0 F15000 X211.426 Y215.2
G0 X212.246 Y215
;TYPE:SKIN
G1 F5706.9 X212.247 Y203.279 E130.37328
G1 X217.669 Y203.279 E130.46796
G1 X217.666 Y226.629 E130.87568
G1 X215.559 Y226.626 E130.91247
G1 X215.437 Y226.718 E130.91514
G1 X214.635 Y226.718 E130.92915
G1 X214.513 Y226.626 E130.93182
G1 X212.246 Y226.626 E130.9714
G1 X212.246 Y215 E131.17441
G0 F15000 X212.457 Y203.916
G1 F5706.9 X212.884 Y203.489 E131.18495
G0 F15000 X213.478 Y203.489
G1 F5706.9 X212.457 Y204.51 E131.21017
G0 F15000 X212.457 Y205.104
G1 F5706.9 X214.072 Y203.489 E131.25005
G0 F15000 X214.666 Y203.489
G1 F5706.9 X212.457 Y205.698 E131.3046
G0 F15000 X212.457 Y206.292
G1 F5706.9 X215.26 Y203.489 E131.37382
G0 F15000 X215.854 Y203.489
G1 F5706.9 X212.457 Y206.886 E131.4577
G0 F15000 X212.457 Y207.48
G1 F5706.9 X216.448 Y203.489 E131.55626
G0 F15000 X217.041 Y203.489
G1 F5706.9 X212.457 Y208.074 E131.66947
G0 F15000 X212.457 Y208.668
G1 F5706.9 X217.458 Y203.667 E131.79297
G0 F15000 X217.458 Y204.261
G1 F5706.9 X212.457 Y209.262 E131.91646
G0 F15000 X212.457 Y209.856
G1 F5706.9 X217.458 Y204.854 E132.03997
G0 F15000 X217.458 Y205.448
G1 F5706.9 X212.457 Y210.45 E132.16348
G0 F15000 X212.457 Y211.044
G1 F5706.9 X217.458 Y206.042 E132.28699
G0 F15000 X217.458 Y206.636
G1 F5706.9 X212.457 Y211.638 E132.4105
G0 F15000 X212.457 Y212.232
G1 F5706.9 X217.458 Y207.23 E132.53401
G0 F15000 X217.458 Y207.824
G1 F5706.9 X212.457 Y212.826 E132.65752
G0 F15000 X212.457 Y213.42
G1 F5706.9 X217.458 Y208.418 E132.78103
G0 F15000 X217.458 Y209.012
G1 F5706.9 X212.457 Y214.014 E132.90453
G0 F15000 X212.457 Y214.608
G1 F5706.9 X217.457 Y209.607 E133.02802
G0 F15000 X217.457 Y210.201
G1 F5706.9 X212.457 Y215.202 E133.1515
G0 F15000 X212.457 Y215.796
G1 F5706.9 X217.457 Y210.795 E133.27499
G0 F15000 X217.457 Y211.389
G1 F5706.9 X212.457 Y216.39 E133.39847
G0 F15000 X212.457 Y216.983
G1 F5706.9 X217.457 Y211.983 E133.52194
G0 F15000 X217.457 Y212.577
G1 F5706.9 X212.457 Y217.577 E133.64542
G0 F15000 X212.457 Y218.171
G1 F5706.9 X217.457 Y213.171 E133.76889
G0 F15000 X217.457 Y213.765
G1 F5706.9 X212.457 Y218.765 E133.89236
G0 F15000 X212.457 Y219.359
G1 F5706.9 X217.457 Y214.359 E134.01583
G0 F15000 X217.457 Y214.953
G1 F5706.9 X212.457 Y219.953 E134.1393
G0 F15000 X212.457 Y220.547
G1 F5706.9 X217.457 Y215.547 E134.26278
G0 F15000 X217.457 Y216.141
G1 F5706.9 X212.457 Y221.141 E134.38625
G0 F15000 X212.457 Y221.735
G1 F5706.9 X217.457 Y216.735 E134.50972
G0 F15000 X217.457 Y217.329
G1 F5706.9 X212.457 Y222.329 E134.63319
G0 F15000 X212.457 Y222.923
G1 F5706.9 X217.457 Y217.923 E134.75666
G0 F15000 X217.457 Y218.517
G1 F5706.9 X212.457 Y223.517 E134.88014
G0 F15000 X212.457 Y224.111
G1 F5706.9 X217.457 Y219.111 E135.00361
G0 F15000 X217.457 Y219.705
G1 F5706.9 X212.457 Y224.705 E135.12708
G0 F15000 X212.457 Y225.299
G1 F5706.9 X217.457 Y220.299 E135.25055
G0 F15000 X217.456 Y220.894
G1 F5706.9 X212.457 Y225.893 E135.374
G0 F15000 X212.528 Y226.416
G1 F5706.9 X217.456 Y221.488 E135.49569
G0 F15000 X217.456 Y222.082
G1 F5706.9 X213.122 Y226.416 E135.60272
G0 F15000 X213.716 Y226.416
G1 F5706.9 X217.456 Y222.676 E135.69507
G0 F15000 X217.456 Y223.27
G1 F5706.9 X214.31 Y226.416 E135.77276
G0 F15000 X214.812 Y226.508
G1 F5706.9 X217.456 Y223.864 E135.83806
G0 F15000 X217.456 Y224.458
G1 F5706.9 X215.467 Y226.446 E135.88716
G0 F15000 X216.09 Y226.418
G1 F5706.9 X217.456 Y225.052 E135.92089
G0 F15000 X217.456 Y225.646
G1 F5706.9 X216.683 Y226.418 E135.93997
G0 F15000 X217.276 Y226.419
G1 F5706.9 X217.456 Y226.24 E135.9444
G1 F2700 E134.6444
;MESH:NONMESH
G0 F600 X217.456 Y226.24 Z2.3
G0 F15000 X212.136 Y215
G0 X211.849 Y215
;TIME_ELAPSED:205.465161
;LAYER:20
;note -- min layer time used
M204 S1250
;TYPE:WALL-INNER
;MESH:upperRightPad.stl
G1 F2700 E135.9444
G1 F5758.7 X211.851 Y227.038 E136.1546
G1 X212.604 Y227.086 E136.16778
G1 X214.373 Y227.091 E136.19867
G1 X214.396 Y227.118 E136.19929
G1 X215.679 Y227.118 E136.22169
G1 X215.702 Y227.091 E136.22231
G1 X218.122 Y227.086 E136.26457
G1 X218.125 Y202.879 E136.68726
G1 X211.847 Y202.878 E136.79688
G1 X211.849 Y215 E137.00855
M204 S2500
G0 F15000 X211.431 Y215
M204 S1250
;TYPE:WALL-OUTER
G1 F5758.7 X211.434 Y227.341 E137.22405
G1 X211.533 Y227.393 E137.226
G1 X212.027 Y227.47 E137.23473
G1 X212.591 Y227.506 E137.2446
G1 X214.317 Y227.507 E137.27474
G1 X214.343 Y227.538 E137.27544
G1 X215.733 Y227.538 E137.29971
G1 X215.759 Y227.507 E137.30042
G1 X218.37 Y227.506 E137.34601
G1 X218.483 Y227.46 E137.34814
G1 X218.542 Y227.362 E137.35014
G1 X218.545 Y202.586 E137.78277
G1 X218.47 Y202.459 E137.78534
G1 X211.427 Y202.458 E137.90833
G1 X211.431 Y215 E138.12733
M204 S2500
G0 F15000 X211.431 Y215.2
G0 X212.249 Y215
;TYPE:SKIN
G1 F5758.7 X212.247 Y203.275 E138.33207
G1 X217.725 Y203.278 E138.42772
G1 X217.722 Y226.686 E138.83646
G1 X215.655 Y226.688 E138.87255
G1 X215.601 Y226.718 E138.87363
G1 X214.471 Y226.718 E138.89336
G1 X214.416 Y226.688 E138.89446
G1 X212.628 Y226.686 E138.92568
G1 X212.25 Y226.659 E138.9323
G1 X212.249 Y215 E139.13588
G0 F15000 X212.459 Y226.121
G1 F5758.7 X212.815 Y226.476 E139.14466
G0 F15000 X213.41 Y226.478
G1 F5758.7 X212.459 Y225.527 E139.16814
G0 F15000 X212.459 Y224.933
G1 F5758.7 X214.005 Y226.479 E139.20632
G0 F15000 X214.628 Y226.508
G1 F5758.7 X212.459 Y224.339 E139.25988
G0 F15000 X212.459 Y223.745
G1 F5758.7 X215.222 Y226.508 E139.32811
G0 F15000 X215.788 Y226.48
G1 F5758.7 X212.459 Y223.151 E139.41032
G0 F15000 X212.459 Y222.557
G1 F5758.7 X216.381 Y226.479 E139.50717
G0 F15000 X216.974 Y226.477
G1 F5758.7 X212.459 Y221.963 E139.61866
G0 F15000 X212.459 Y221.368
G1 F5758.7 X217.512 Y226.422 E139.74345
G0 F15000 X217.512 Y225.828
G1 F5758.7 X212.459 Y220.774 E139.86824
G0 F15000 X212.459 Y220.18
G1 F5758.7 X217.512 Y225.234 E139.99304
G0 F15000 X217.512 Y224.64
G1 F5758.7 X212.459 Y219.586 E140.11783
G0 F15000 X212.459 Y218.992
G1 F5758.7 X217.512 Y224.046 E140.24262
G0 F15000 X217.512 Y223.452
G1 F5758.7 X212.459 Y218.398 E140.36742
G0 F15000 X212.459 Y217.804
G1 F5758.7 X217.512 Y222.858 E140.49221
G0 F15000 X217.512 Y222.264
G1 F5758.7 X212.458 Y217.21 E140.61701
G0 F15000 X212.458 Y216.616
G1 F5758.7 X217.513 Y221.671 E140.74184
G0 F15000 X217.513 Y221.077
G1 F5758.7 X212.458 Y216.022 E140.86667
G0 F15000 X212.458 Y215.428
G1 F5758.7 X217.513 Y220.483 E140.9915
G0 F15000 X217.513 Y219.889
G1 F5758.7 X212.458 Y214.834 E141.11633
G0 F15000 X212.458 Y214.24
G1 F5758.7 X217.513 Y219.295 E141.24116
G0 F15000 X217.513 Y218.701
G1 F5758.7 X212.458 Y213.646 E141.36599
G0 F15000 X212.458 Y213.052
G1 F5758.7 X217.513 Y218.107 E141.49082
G0 F15000 X217.513 Y217.513
G1 F5758.7 X212.457 Y212.457 E141.61568
G0 F15000 X212.457 Y211.863
G1 F5758.7 X217.514 Y216.92 E141.74056
G0 F15000 X217.514 Y216.326
G1 F5758.7 X212.457 Y211.269 E141.86544
G0 F15000 X212.457 Y210.675
G1 F5758.7 X217.514 Y215.732 E141.99032
G0 F15000 X217.514 Y215.138
G1 F5758.7 X212.457 Y210.081 E142.1152
G0 F15000 X212.457 Y209.487
G1 F5758.7 X217.514 Y214.544 E142.24008
G0 F15000 X217.514 Y213.95
G1 F5758.7 X212.457 Y208.893 E142.36496
G0 F15000 X212.457 Y208.3
G1 F5758.7 X217.514 Y213.356 E142.48982
G0 F15000 X217.514 Y212.762
G1 F5758.7 X212.457 Y207.705 E142.6147
G0 F15000 X212.457 Y207.111
G1 F5758.7 X217.515 Y212.169 E142.73961
G0 F15000 X217.515 Y211.575
G1 F5758.7 X212.457 Y206.517 E142.86451
G0 F15000 X212.457 Y205.923
G1 F5758.7 X217.515 Y210.981 E142.98942
G0 F15000 X217.515 Y210.387
G1 F5758.7 X212.457 Y205.329 E143.11432
G0 F15000 X212.457 Y204.735
G1 F5758.7 X217.515 Y209.793 E143.23922
G0 F15000 X217.515 Y209.199
G1 F5758.7 X212.457 Y204.141 E143.36413
G0 F15000 X212.457 Y203.547
G1 F5758.7 X217.515 Y208.605 E143.48903
G0 F15000 X217.515 Y208.012
G1 F5758.7 X212.989 Y203.486 E143.6008
G0 F15000 X213.583 Y203.486
G1 F5758.7 X217.515 Y207.418 E143.6979
G0 F15000 X217.515 Y206.824
G1 F5758.7 X214.178 Y203.486 E143.78032
G0 F15000 X214.772 Y203.486
G1 F5758.7 X217.515 Y206.23 E143.84806
G0 F15000 X217.515 Y205.636
G1 F5758.7 X215.366 Y203.487 E143.90113
G0 F15000 X215.96 Y203.487
G1 F5758.7 X217.515 Y205.042 E143.93953
G0 F15000 X217.515 Y204.448
G1 F5758.7 X216.555 Y203.488 E143.96324
G0 F15000 X217.149 Y203.488
G1 F5758.7 X217.515 Y203.854 E143.97228
G1 F2700 E142.67228
;MESH:NONMESH
G0 F600 X217.515 Y203.854 Z2.4
G0 F15000 X212.14 Y215
G0 X211.912 Y215
;TIME_ELAPSED:214.579669
;LAYER:21
;note -- min layer time used
M204 S1250
;TYPE:WALL-INNER
;MESH:upperRightPad.stl
G1 F2700 E143.97228
G1 F5732.6 X211.911 Y227.002 E144.18185
G1 X212.553 Y227.079 E144.19314
G1 X213.275 Y227.114 E144.20576
G1 X218.15 Y227.113 E144.29089
G1 X218.153 Y202.879 E144.71405
G1 X212.164 Y202.878 E144.81863
G1 X211.914 Y202.907 E144.82303
G1 X211.912 Y215 E145.03419
M204 S2500
G0 F15000 X211.49 Y215
M204 S1250
;TYPE:WALL-OUTER
G1 F5732.6 X211.491 Y227.281 E145.24863
G1 X211.528 Y227.324 E145.24962
G1 X211.939 Y227.429 E145.25703
G1 X212.518 Y227.498 E145.26721
G1 X213.265 Y227.534 E145.28027
G1 X218.406 Y227.534 E145.37004
G1 X218.511 Y227.473 E145.37216
G1 X218.57 Y227.343 E145.37466
G1 X218.573 Y202.656 E145.80573
G1 X218.409 Y202.458 E145.81022
G1 X212.14 Y202.458 E145.91968
G1 X211.489 Y202.565 E145.9312
G1 X211.49 Y215 E146.14834
M204 S2500
G0 F15000 X211.49 Y215.2
G0 X212.309 Y215
;TYPE:SKIN
G1 F5732.6 X212.311 Y203.282 E146.35295
G1 X217.753 Y203.279 E146.44798
G1 X217.75 Y226.714 E146.85719
G1 X213.294 Y226.714 E146.935
G1 X212.307 Y226.663 E146.95226
G1 X212.309 Y215 E147.15591
G0 F15000 X212.881 Y203.492
G1 F5732.6 X212.521 Y203.852 E147.1648
G0 F15000 X212.521 Y204.446
G1 F5732.6 X213.475 Y203.492 E147.18836
G0 F15000 X214.07 Y203.491
G1 F5732.6 X212.521 Y205.04 E147.22661
G0 F15000 X212.521 Y205.634
G1 F5732.6 X214.664 Y203.49 E147.27955
G0 F15000 X215.258 Y203.49
G1 F5732.6 X212.521 Y206.228 E147.34715
G0 F15000 X212.521 Y206.822
G1 F5732.6 X215.853 Y203.49 E147.42943
G0 F15000 X216.447 Y203.49
G1 F5732.6 X212.52 Y207.416 E147.52639
G0 F15000 X212.52 Y208.01
G1 F5732.6 X217.041 Y203.489 E147.63803
G0 F15000 X217.543 Y203.582
G1 F5732.6 X212.52 Y208.604 E147.76206
G0 F15000 X212.52 Y209.198
G1 F5732.6 X217.543 Y204.176 E147.88609
G0 F15000 X217.543 Y204.77
G1 F5732.6 X212.52 Y209.792 E148.01012
G0 F15000 X212.52 Y210.386
G1 F5732.6 X217.543 Y205.364 E148.13414
G0 F15000 X217.543 Y205.958
G1 F5732.6 X212.52 Y210.98 E148.25817
G0 F15000 X212.52 Y211.575
G1 F5732.6 X217.543 Y206.552 E148.38221
G0 F15000 X217.543 Y207.146
G1 F5732.6 X212.52 Y212.169 E148.50625
G0 F15000 X212.52 Y212.763
G1 F5732.6 X217.543 Y207.739 E148.6303
G0 F15000 X217.542 Y208.334
G1 F5732.6 X212.52 Y213.357 E148.75433
G0 F15000 X212.52 Y213.951
G1 F5732.6 X217.542 Y208.928 E148.87836
G0 F15000 X217.542 Y209.522
G1 F5732.6 X212.52 Y214.545 E149.00239
G0 F15000 X212.519 Y215.139
G1 F5732.6 X217.542 Y210.116 E149.12643
G0 F15000 X217.542 Y210.71
G1 F5732.6 X212.519 Y215.733 E149.25047
G0 F15000 X212.519 Y216.327
G1 F5732.6 X217.542 Y211.304 E149.37451
G0 F15000 X217.542 Y211.898
G1 F5732.6 X212.519 Y216.921 E149.49855
G0 F15000 X212.519 Y217.515
G1 F5732.6 X217.542 Y212.492 E149.62259
G0 F15000 X217.541 Y213.087
G1 F5732.6 X212.519 Y218.109 E149.7466
G0 F15000 X212.519 Y218.703
G1 F5732.6 X217.541 Y213.681 E149.87062
G0 F15000 X217.541 Y214.275
G1 F5732.6 X212.518 Y219.298 E149.99466
G0 F15000 X212.518 Y219.892
G1 F5732.6 X217.541 Y214.869 E150.1187
G0 F15000 X217.541 Y215.463
G1 F5732.6 X212.518 Y220.486 E150.24274
G0 F15000 X212.518 Y221.08
G1 F5732.6 X217.541 Y216.056 E150.36679
G0 F15000 X217.541 Y216.65
G1 F5732.6 X212.518 Y221.674 E150.49084
G0 F15000 X212.518 Y222.268
G1 F5732.6 X217.541 Y217.244 E150.61489
G0 F15000 X217.541 Y217.839
G1 F5732.6 X212.517 Y222.862 E150.73895
G0 F15000 X212.517 Y223.456
G1 F5732.6 X217.541 Y218.433 E150.863
G0 F15000 X217.541 Y219.027
G1 F5732.6 X212.517 Y224.05 E150.98705
G0 F15000 X212.517 Y224.644
G1 F5732.6 X217.541 Y219.621 E151.1111
G0 F15000 X217.541 Y220.215
G1 F5732.6 X212.517 Y225.238 E151.23515
G0 F15000 X212.517 Y225.832
G1 F5732.6 X217.541 Y220.809 E151.35921
G0 F15000 X217.541 Y221.403
G1 F5732.6 X212.517 Y226.426 E151.48326
G0 F15000 X213.048 Y226.489
G1 F5732.6 X217.54 Y221.998 E151.59417
G0 F15000 X217.54 Y222.592
G1 F5732.6 X213.627 Y226.505 E151.6908
G0 F15000 X214.221 Y226.505
G1 F5732.6 X217.54 Y223.186 E151.77276
G0 F15000 X217.54 Y223.779
G1 F5732.6 X214.815 Y226.505 E151.84007
G0 F15000 X215.409 Y226.505
G1 F5732.6 X217.54 Y224.373 E151.8927
G0 F15000 X217.54 Y224.967
G1 F5732.6 X216.003 Y226.505 E151.93067
G0 F15000 X216.597 Y226.505
G1 F5732.6 X217.54 Y225.561 E151.95397
G0 F15000 X217.54 Y226.155
G1 F5732.6 X217.191 Y226.505 E151.9626
G0 F15000 X217.191 Y226.504
G1 F2700 E150.6626
;MESH:NONMESH
G0 F600 X217.191 Y226.504 Z2.5
G0 F15000 X212.321 Y215
;TIME_ELAPSED:223.455420
;LAYER:22
;note -- min layer time used
M204 S1250
;TYPE:WALL-INNER
;MESH:upperRightPad.stl
G1 F2700 E151.9626
G1 F5420.7 X212.323 Y226.96 E152.17144
G1 X212.798 Y227.051 E152.17989
G1 X213.366 Y227.106 E152.18985
G1 X213.889 Y227.118 E152.19899
G1 X218.158 Y227.118 E152.27353
G1 X218.158 Y202.878 E152.6968
G1 X213.161 Y202.878 E152.78405
G1 X212.534 Y202.935 E152.79505
G1 X212.318 Y202.983 E152.79891
G1 X212.321 Y215 E153.00875
M204 S2500
G0 F15000 X211.901 Y215
M204 S1250
;TYPE:WALL-OUTER
G1 F5420.7 X211.903 Y227.275 E153.22309
G1 X212.019 Y227.33 E153.22533
G1 X212.738 Y227.467 E153.23811
G1 X213.341 Y227.526 E153.24869
G1 X213.889 Y227.538 E153.25826
G1 X218.411 Y227.538 E153.33722
G1 X218.513 Y227.478 E153.33929
G1 X218.578 Y227.364 E153.34158
G1 X218.578 Y202.735 E153.77164
G1 X218.479 Y202.54 E153.77546
G1 X218.348 Y202.458 E153.77816
G1 X213.142 Y202.458 E153.86906
G1 X212.469 Y202.52 E153.88086
G1 X211.898 Y202.654 E153.89111
G1 X211.901 Y215 E154.10669
M204 S2500
G0 F15000 X211.901 Y215.2
G0 X212.716 Y215
;TYPE:SKIN
G1 F5420.7 X212.714 Y203.322 E154.3106
G1 X213.175 Y203.274 E154.3187
G1 X217.758 Y203.274 E154.39872
G1 X217.758 Y226.718 E154.80809
G1 X213.908 Y226.718 E154.87532
G1 X213.381 Y226.706 E154.88452
G1 X212.718 Y226.64 E154.89616
G1 X212.716 Y215 E155.09941
G0 F15000 X212.927 Y225.994
G1 F5420.7 X213.43 Y226.497 E155.11183
G0 F15000 X214.035 Y226.508
G1 F5420.7 X212.927 Y225.4 E155.13919
G0 F15000 X212.927 Y224.806
G1 F5420.7 X214.629 Y226.508 E155.18122
G0 F15000 X215.223 Y226.508
G1 F5420.7 X212.927 Y224.212 E155.23792
G0 F15000 X212.927 Y223.618
G1 F5420.7 X215.817 Y226.508 E155.30929
G0 F15000 X216.411 Y226.508
G1 F5420.7 X212.927 Y223.024 E155.39532
G0 F15000 X212.927 Y222.43
G1 F5420.7 X217.005 Y226.508 E155.49603
G0 F15000 X217.548 Y226.458
G1 F5420.7 X212.926 Y221.836 E155.61016
G0 F15000 X212.926 Y221.242
G1 F5420.7 X217.548 Y225.864 E155.7243
G0 F15000 X217.548 Y225.27
G1 F5420.7 X212.926 Y220.648 E155.83844
G0 F15000 X212.926 Y220.054
G1 F5420.7 X217.548 Y224.676 E155.95258
G0 F15000 X217.548 Y224.082
G1 F5420.7 X212.926 Y219.46 E156.06671
G0 F15000 X212.926 Y218.866
G1 F5420.7 X217.548 Y223.488 E156.18085
G0 F15000 X217.548 Y222.894
G1 F5420.7 X212.926 Y218.272 E156.29499
G0 F15000 X212.926 Y217.678
G1 F5420.7 X217.548 Y222.3 E156.40913
G0 F15000 X217.548 Y221.706
G1 F5420.7 X212.925 Y217.083 E156.52329
G0 F15000 X212.925 Y216.489
G1 F5420.7 X217.548 Y221.112 E156.63745
G0 F15000 X217.548 Y220.518
G1 F5420.7 X212.925 Y215.895 E156.75161
G0 F15000 X212.925 Y215.301
G1 F5420.7 X217.548 Y219.924 E156.86578
G0 F15000 X217.548 Y219.33
G1 F5420.7 X212.925 Y214.707 E156.97994
G0 F15000 X212.925 Y214.113
G1 F5420.7 X217.548 Y218.736 E157.0941
G0 F15000 X217.548 Y218.142
G1 F5420.7 X212.925 Y213.519 E157.20826
G0 F15000 X212.925 Y212.925
G1 F5420.7 X217.548 Y217.548 E157.32242
G0 F15000 X217.548 Y216.955
G1 F5420.7 X212.925 Y212.331 E157.4366
G0 F15000 X212.925 Y211.737
G1 F5420.7 X217.548 Y216.361 E157.55077
G0 F15000 X217.548 Y215.767
G1 F5420.7 X212.925 Y211.143 E157.66495
G0 F15000 X212.925 Y210.549
G1 F5420.7 X217.548 Y215.173 E157.77912
G0 F15000 X217.548 Y214.579
G1 F5420.7 X212.925 Y209.955 E157.8933
G0 F15000 X212.925 Y209.361
G1 F5420.7 X217.548 Y213.985 E158.00747
G0 F15000 X217.548 Y213.391
G1 F5420.7 X212.925 Y208.767 E158.12165
G0 F15000 X212.925 Y208.173
G1 F5420.7 X217.548 Y212.797 E158.23582
G0 F15000 X217.548 Y212.203
G1 F5420.7 X212.924 Y207.578 E158.35002
G0 F15000 X212.924 Y206.984
G1 F5420.7 X217.548 Y211.609 E158.46422
G0 F15000 X217.548 Y211.015
G1 F5420.7 X212.924 Y206.39 E158.57842
G0 F15000 X212.924 Y205.796
G1 F5420.7 X217.548 Y210.421 E158.69262
G0 F15000 X217.548 Y209.827
G1 F5420.7 X212.924 Y205.202 E158.80682
G0 F15000 X212.924 Y204.608
G1 F5420.7 X217.548 Y209.233 E158.92102
G0 F15000 X217.548 Y208.639
G1 F5420.7 X212.924 Y204.014 E159.03521
G0 F15000 X213.007 Y203.503
G1 F5420.7 X217.548 Y208.045 E159.14736
G0 F15000 X217.548 Y207.451
G1 F5420.7 X213.582 Y203.484 E159.24531
G0 F15000 X214.176 Y203.484
G1 F5420.7 X217.548 Y206.857 E159.3286
G0 F15000 X217.548 Y206.263
G1 F5420.7 X214.77 Y203.484 E159.39721
G0 F15000 X215.364 Y203.484
G1 F5420.7 X217.548 Y205.669 E159.45115
G0 F15000 X217.548 Y205.075
G1 F5420.7 X215.957 Y203.484 E159.49044
G0 F15000 X216.551 Y203.484
G1 F5420.7 X217.548 Y204.481 E159.51506
G0 F15000 X217.548 Y203.887
G1 F5420.7 X217.145 Y203.484 E159.52502
G0 F15000 X217.145 Y203.49
G1 F2700 E158.22502
;MESH:NONMESH
G0 F600 X217.145 Y203.49 Z2.6
G0 F15000 X212.911 Y215
;TIME_ELAPSED:232.147437
;LAYER:23
;note -- min layer time used
M204 S1250
;TYPE:WALL-INNER
;MESH:upperRightPad.stl
G1 F2700 E159.52502
G1 F4959.4 X212.911 Y226.974 E159.7341
G1 X213.241 Y227.044 E159.73999
G1 X213.999 Y227.118 E159.75329
G1 X218.158 Y227.118 E159.82591
G1 X218.158 Y202.907 E160.24867
G1 X214.042 Y202.911 E160.32055
G1 X213.325 Y202.944 E160.33308
G1 X212.91 Y203.005 E160.3404
G1 X212.911 Y215 E160.54986
M204 S2500
G0 F15000 X212.49 Y215
M204 S1250
;TYPE:WALL-OUTER
G1 F4959.4 X212.49 Y227.28 E160.76428
G1 X212.627 Y227.343 E160.76692
G1 X213.177 Y227.46 E160.77674
G1 X213.979 Y227.538 E160.79081
G1 X218.364 Y227.538 E160.86737
G1 X218.479 Y227.507 E160.86945
G1 X218.578 Y227.381 E160.87225
G1 X218.578 Y202.753 E161.3023
G1 X218.435 Y202.535 E161.30685
G1 X218.259 Y202.486 E161.31004
G1 X214.023 Y202.491 E161.38401
G1 X213.285 Y202.526 E161.39691
G1 X212.789 Y202.598 E161.40566
G1 X212.49 Y202.685 E161.4111
G1 X212.49 Y215 E161.62614
M204 S2500
G0 F15000 X212.49 Y215.2
G0 X213.308 Y215
;TYPE:SKIN
G1 F4959.4 X213.306 Y203.345 E161.82965
G1 X214.046 Y203.31 E161.84259
G1 X217.758 Y203.303 E161.9074
G1 X217.758 Y226.718 E162.31627
G1 X214.015 Y226.718 E162.38162
G1 X213.31 Y226.649 E162.39399
G1 X213.308 Y215 E162.5974
G0 F15000 X213.517 Y204.043
G1 F4959.4 X214.041 Y203.52 E162.61033
G0 F15000 X214.636 Y203.519
G1 F4959.4 X213.517 Y204.637 E162.63795
G0 F15000 X213.517 Y205.231
G1 F4959.4 X215.231 Y203.517 E162.68028
G0 F15000 X215.827 Y203.516
G1 F4959.4 X213.517 Y205.825 E162.73731
G0 F15000 X213.517 Y206.419
G1 F4959.4 X216.421 Y203.515 E162.80902
G0 F15000 X217.017 Y203.514
G1 F4959.4 X213.517 Y207.013 E162.89544
G0 F15000 X213.517 Y207.607
G1 F4959.4 X217.548 Y203.577 E162.99497
G0 F15000 X217.548 Y204.171
G1 F4959.4 X213.517 Y208.201 E163.0945
G0 F15000 X213.517 Y208.795
G1 F4959.4 X217.548 Y204.765 E163.19403
G0 F15000 X217.548 Y205.359
G1 F4959.4 X213.518 Y209.388 E163.29354
G0 F15000 X213.518 Y209.982
G1 F4959.4 X217.548 Y205.953 E163.39304
G0 F15000 X217.548 Y206.547
G1 F4959.4 X213.518 Y210.576 E163.49255
G0 F15000 X213.518 Y211.17
G1 F4959.4 X217.548 Y207.141 E163.59206
G0 F15000 X217.548 Y207.735
G1 F4959.4 X213.518 Y211.764 E163.69156
G0 F15000 X213.518 Y212.358
G1 F4959.4 X217.548 Y208.329 E163.79107
G0 F15000 X217.548 Y208.922
G1 F4959.4 X213.518 Y212.952 E163.89059
G0 F15000 X213.518 Y213.546
G1 F4959.4 X217.548 Y209.516 E163.99011
G0 F15000 X217.548 Y210.11
G1 F4959.4 X213.518 Y214.14 E164.08962
G0 F15000 X213.518 Y214.734
G1 F4959.4 X217.548 Y210.704 E164.18914
G0 F15000 X217.548 Y211.298
G1 F4959.4 X213.519 Y215.327 E164.28864
G0 F15000 X213.519 Y215.921
G1 F4959.4 X217.548 Y211.892 E164.38813
G0 F15000 X217.548 Y212.486
G1 F4959.4 X213.519 Y216.515 E164.48762
G0 F15000 X213.519 Y217.109
G1 F4959.4 X217.548 Y213.08 E164.58712
G0 F15000 X217.548 Y213.674
G1 F4959.4 X213.519 Y217.703 E164.68661
G0 F15000 X213.519 Y218.297
G1 F4959.4 X217.548 Y214.268 E164.7861
G0 F15000 X217.548 Y214.862
G1 F4959.4 X213.519 Y218.891 E164.8856
G0 F15000 X213.519 Y219.485
G1 F4959.4 X217.548 Y215.456 E164.98509
G0 F15000 X217.548 Y216.05
G1 F4959.4 X213.519 Y220.079 E165.08459
G0 F15000 X213.519 Y220.673
G1 F4959.4 X217.548 Y216.644 E165.18408
G0 F15000 X217.548 Y217.238
G1 F4959.4 X213.519 Y221.266 E165.28356
G0 F15000 X213.519 Y221.86
G1 F4959.4 X217.548 Y217.832 E165.38304
G0 F15000 X217.548 Y218.426
G1 F4959.4 X213.519 Y222.454 E165.48252
G0 F15000 X213.519 Y223.048
G1 F4959.4 X217.548 Y219.02 E165.58201
G0 F15000 X217.548 Y219.614
G1 F4959.4 X213.519 Y223.642 E165.68149
G0 F15000 X213.519 Y224.236
G1 F4959.4 X217.548 Y220.208 E165.78097
G0 F15000 X217.548 Y220.802
G1 F4959.4 X213.519 Y224.83 E165.88045
G0 F15000 X213.519 Y225.424
G1 F4959.4 X217.548 Y221.396 E165.97993
G0 F15000 X217.548 Y221.99
G1 F4959.4 X213.519 Y226.018 E166.07941
G0 F15000 X213.659 Y226.472
G1 F4959.4 X217.548 Y222.584 E166.17544
G0 F15000 X217.548 Y223.178
G1 F4959.4 X214.217 Y226.508 E166.25768
G0 F15000 X214.811 Y226.508
G1 F4959.4 X217.548 Y223.772 E166.32526
G0 F15000 X217.548 Y224.366
G1 F4959.4 X215.405 Y226.508 E166.37816
G0 F15000 X215.999 Y226.508
G1 F4959.4 X217.548 Y224.96 E166.4164
G0 F15000 X217.548 Y225.554
G1 F4959.4 X216.593 Y226.508 E166.43997
G0 F15000 X217.187 Y226.508
G1 F4959.4 X217.548 Y226.148 E166.44888
;MESH:NONMESH
G0 F600 X217.548 Y226.148 Z2.7
G0 F15000 X213.454 Y215
;TIME_ELAPSED:240.538771
;LAYER:24
;note -- min layer time used
M204 S1250
;TYPE:WALL-INNER
;MESH:upperRightPad.stl
G1 F4536.5 X213.455 Y226.985 E166.65815
G1 X214.011 Y227.08 E166.668
G1 X214.713 Y227.118 E166.68028
G1 X218.158 Y227.118 E166.74043
G1 X218.158 Y202.94 E167.16262
G1 X214.205 Y202.942 E167.23165
G1 X213.454 Y203.023 E167.24484
G1 X213.454 Y215 E167.45397
M204 S2500
G0 F15000 X213.034 Y215
M204 S1250
;TYPE:WALL-OUTER
G1 F4536.5 X213.034 Y227.253 E167.66793
G1 X213.106 Y227.316 E167.6696
G1 X213.397 Y227.406 E167.67492
G1 X213.967 Y227.498 E167.685
G1 X214.702 Y227.538 E167.69785
G1 X218.364 Y227.538 E167.7618
G1 X218.479 Y227.507 E167.76388
G1 X218.578 Y227.378 E167.76672
G1 X218.578 Y202.779 E168.19625
G1 X218.424 Y202.566 E168.20084
G1 X218.261 Y202.519 E168.20381
G1 X214.183 Y202.522 E168.27501
G1 X213.371 Y202.607 E168.28927
G1 X213.034 Y202.756 E168.2957
G1 X213.034 Y215 E168.5095
M204 S2500
G0 F15000 X213.034 Y215.2
G0 X213.852 Y215
;TYPE:SKIN
G1 F4536.5 X213.851 Y203.378 E168.71244
G1 X214.224 Y203.338 E168.71899
G1 X217.758 Y203.338 E168.7807
G1 X217.758 Y226.718 E169.18895
G1 X214.731 Y226.718 E169.24181
G1 X213.854 Y226.667 E169.25715
G1 X213.852 Y215 E169.46087
G0 F15000 X214.063 Y225.943
G1 F4536.5 X214.621 Y226.5 E169.47464
G0 F15000 X215.222 Y226.508
G1 F4536.5 X214.063 Y225.349 E169.50326
G0 F15000 X214.063 Y224.755
G1 F4536.5 X215.816 Y226.508 E169.54655
G0 F15000 X216.41 Y226.508
G1 F4536.5 X214.063 Y224.161 E169.60451
G0 F15000 X214.063 Y223.567
G1 F4536.5 X217.004 Y226.508 E169.67714
G0 F15000 X217.548 Y226.457
G1 F4536.5 X214.063 Y222.973 E169.76318
G0 F15000 X214.063 Y222.379
G1 F4536.5 X217.548 Y225.863 E169.84923
G0 F15000 X217.548 Y225.269
G1 F4536.5 X214.063 Y221.785 E169.93528
G0 F15000 X214.063 Y221.191
G1 F4536.5 X217.548 Y224.675 E170.02133
G0 F15000 X217.548 Y224.081
G1 F4536.5 X214.062 Y220.596 E170.1074
G0 F15000 X214.062 Y220.002
G1 F4536.5 X217.548 Y223.487 E170.19347
G0 F15000 X217.548 Y222.893
G1 F4536.5 X214.062 Y219.408 E170.27954
G0 F15000 X214.062 Y218.814
G1 F4536.5 X217.548 Y222.3 E170.36563
G0 F15000 X217.548 Y221.706
G1 F4536.5 X214.062 Y218.22 E170.45171
G0 F15000 X214.062 Y217.626
G1 F4536.5 X217.548 Y221.112 E170.5378
G0 F15000 X217.548 Y220.518
G1 F4536.5 X214.062 Y217.032 E170.62388
G0 F15000 X214.062 Y216.438
G1 F4536.5 X217.548 Y219.924 E170.70997
G0 F15000 X217.548 Y219.33
G1 F4536.5 X214.062 Y215.844 E170.79605
G0 F15000 X214.062 Y215.25
G1 F4536.5 X217.548 Y218.736 E170.88213
G0 F15000 X217.548 Y218.142
G1 F4536.5 X214.062 Y214.656 E170.96822
G0 F15000 X214.062 Y214.062
G1 F4536.5 X217.548 Y217.548 E171.0543
G0 F15000 X217.548 Y216.954
G1 F4536.5 X214.062 Y213.468 E171.14039
G0 F15000 X214.062 Y212.874
G1 F4536.5 X217.548 Y216.36 E171.22647
G0 F15000 X217.548 Y215.766
G1 F4536.5 X214.062 Y212.28 E171.31256
G0 F15000 X214.062 Y211.686
G1 F4536.5 X217.548 Y215.172 E171.39864
G0 F15000 X217.548 Y214.578
G1 F4536.5 X214.062 Y211.092 E171.48473
G0 F15000 X214.062 Y210.498
G1 F4536.5 X217.548 Y213.984 E171.57081
G0 F15000 X217.548 Y213.39
G1 F4536.5 X214.062 Y209.904 E171.6569
G0 F15000 X214.062 Y209.31
G1 F4536.5 X217.548 Y212.796 E171.74298
G0 F15000 X217.548 Y212.202
G1 F4536.5 X214.061 Y208.715 E171.82909
G0 F15000 X214.061 Y208.121
G1 F4536.5 X217.548 Y211.608 E171.9152
G0 F15000 X217.548 Y211.014
G1 F4536.5 X214.061 Y207.527 E172.00131
G0 F15000 X214.061 Y206.933
G1 F4536.5 X217.548 Y210.42 E172.08742
G0 F15000 X217.548 Y209.826
G1 F4536.5 X214.061 Y206.339 E172.17353
G0 F15000 X214.061 Y205.745
G1 F4536.5 X217.548 Y209.232 E172.25964
G0 F15000 X217.548 Y208.638
G1 F4536.5 X214.061 Y205.151 E172.34575
G0 F15000 X214.061 Y204.558
G1 F4536.5 X217.548 Y208.044 E172.43184
G0 F15000 X217.548 Y207.45
G1 F4536.5 X214.061 Y203.964 E172.51794
G0 F15000 X214.241 Y203.549
G1 F4536.5 X217.548 Y206.856 E172.59961
G0 F15000 X217.548 Y206.262
G1 F4536.5 X214.835 Y203.549 E172.6666
G0 F15000 X215.429 Y203.549
G1 F4536.5 X217.548 Y205.668 E172.71893
G0 F15000 X217.548 Y205.074
G1 F4536.5 X216.023 Y203.549 E172.75659
G0 F15000 X216.617 Y203.549
G1 F4536.5 X217.548 Y204.48 E172.77958
G0 F15000 X217.548 Y203.886
G1 F4536.5 X217.21 Y203.549 E172.78791
;MESH:NONMESH
G0 F600 X217.21 Y203.549 Z2.8
G0 F15000 X213.97 Y215
;TIME_ELAPSED:248.648618
;LAYER:25
;note -- min layer time used
M204 S1250
;TYPE:WALL-INNER
;MESH:upperRightPad.stl
G1 F4139.8 X213.97 Y226.982 E172.99714
G1 X214.206 Y227.047 E173.00141
G1 X214.816 Y227.118 E173.01213
G1 X218.158 Y227.118 E173.07049
G1 X218.158 Y202.967 E173.49221
G1 X214.906 Y202.975 E173.54899
G1 X214.274 Y203.008 E173.56004
G1 X213.97 Y203.06 E173.56543
G1 X213.97 Y215 E173.77392
M204 S2500
G0 F15000 X213.55 Y215
M204 S1250
;TYPE:WALL-OUTER
G1 F4139.8 X213.55 Y227.301 E173.98871
G1 X214.125 Y227.461 E173.99913
G1 X214.792 Y227.538 E174.01086
G1 X218.364 Y227.538 E174.07323
G1 X218.479 Y227.507 E174.07531
G1 X218.578 Y227.378 E174.07815
G1 X218.578 Y202.807 E174.5072
G1 X218.428 Y202.595 E174.51173
G1 X218.255 Y202.546 E174.51487
G1 X214.885 Y202.555 E174.57372
G1 X214.228 Y202.59 E174.58521
G1 X213.798 Y202.664 E174.59283
G1 X213.55 Y202.785 E174.59765
G1 X213.55 Y215 E174.81094
M204 S2500
G0 F15000 X213.55 Y215.2
G0 X214.366 Y215
;TYPE:SKIN
G1 F4139.8 X214.366 Y203.403 E175.01344
G1 X214.916 Y203.371 E175.02306
G1 X217.758 Y203.363 E175.07269
G1 X217.758 Y226.718 E175.4805
G1 X214.84 Y226.718 E175.53145
G1 X214.366 Y226.664 E175.53978
G1 X214.366 Y215 E175.74346
G0 F15000 X214.577 Y204.172
G1 F4139.8 X215.169 Y203.58 E175.75808
G0 F15000 X215.764 Y203.578
G1 F4139.8 X214.577 Y204.766 E175.7874
G0 F15000 X214.577 Y205.36
G1 F4139.8 X216.361 Y203.576 E175.83145
G0 F15000 X216.956 Y203.575
G1 F4139.8 X214.577 Y205.954 E175.8902
G0 F15000 X214.577 Y206.548
G1 F4139.8 X217.548 Y203.577 E175.96357
G0 F15000 X217.548 Y204.171
G1 F4139.8 X214.577 Y207.142 E176.03694
G0 F15000 X214.577 Y207.736
G1 F4139.8 X217.548 Y204.765 E176.1103
G0 F15000 X217.548 Y205.359
G1 F4139.8 X214.577 Y208.33 E176.18367
G0 F15000 X214.577 Y208.924
G1 F4139.8 X217.548 Y205.953 E176.25704
G0 F15000 X217.548 Y206.547
G1 F4139.8 X214.577 Y209.518 E176.3304
G0 F15000 X214.577 Y210.112
G1 F4139.8 X217.548 Y207.141 E176.40377
G0 F15000 X217.548 Y207.735
G1 F4139.8 X214.577 Y210.706 E176.47714
G0 F15000 X214.577 Y211.3
G1 F4139.8 X217.548 Y208.329 E176.55051
G0 F15000 X217.548 Y208.922
G1 F4139.8 X214.577 Y211.894 E176.62389
G0 F15000 X214.577 Y212.488
G1 F4139.8 X217.548 Y209.516 E176.69726
G0 F15000 X217.548 Y210.11
G1 F4139.8 X214.577 Y213.082 E176.77064
G0 F15000 X214.577 Y213.676
G1 F4139.8 X217.548 Y210.704 E176.84402
G0 F15000 X217.548 Y211.298
G1 F4139.8 X214.577 Y214.27 E176.9174
G0 F15000 X214.577 Y214.864
G1 F4139.8 X217.548 Y211.892 E176.99078
G0 F15000 X217.548 Y212.486
G1 F4139.8 X214.577 Y215.458 E177.06416
G0 F15000 X214.577 Y216.052
G1 F4139.8 X217.548 Y213.08 E177.13754
G0 F15000 X217.548 Y213.674
G1 F4139.8 X214.577 Y216.645 E177.21091
G0 F15000 X214.577 Y217.239
G1 F4139.8 X217.548 Y214.268 E177.28427
G0 F15000 X217.548 Y214.862
G1 F4139.8 X214.577 Y217.833 E177.35764
G0 F15000 X214.577 Y218.427
G1 F4139.8 X217.548 Y215.456 E177.43101
G0 F15000 X217.548 Y216.05
G1 F4139.8 X214.577 Y219.021 E177.50438
G0 F15000 X214.577 Y219.615
G1 F4139.8 X217.548 Y216.644 E177.57774
G0 F15000 X217.548 Y217.238
G1 F4139.8 X214.577 Y220.209 E177.65111
G0 F15000 X214.577 Y220.803
G1 F4139.8 X217.548 Y217.832 E177.72448
G0 F15000 X217.548 Y218.426
G1 F4139.8 X214.577 Y221.397 E177.79784
G0 F15000 X214.577 Y221.991
G1 F4139.8 X217.548 Y219.02 E177.87121
G0 F15000 X217.548 Y219.614
G1 F4139.8 X214.577 Y222.585 E177.94458
G0 F15000 X214.577 Y223.179
G1 F4139.8 X217.548 Y220.208 E178.01795
G0 F15000 X217.548 Y220.802
G1 F4139.8 X214.577 Y223.773 E178.09131
G0 F15000 X214.577 Y224.367
G1 F4139.8 X217.548 Y221.396 E178.16468
G0 F15000 X217.548 Y221.99
G1 F4139.8 X214.577 Y224.961 E178.23805
G0 F15000 X214.577 Y225.555
G1 F4139.8 X217.548 Y222.584 E178.31141
G0 F15000 X217.548 Y223.178
G1 F4139.8 X214.577 Y226.149 E178.38478
G0 F15000 X214.815 Y226.505
G1 F4139.8 X217.548 Y223.772 E178.45227
G0 F15000 X217.548 Y224.366
G1 F4139.8 X215.405 Y226.508 E178.50518
G0 F15000 X215.999 Y226.508
G1 F4139.8 X217.548 Y224.96 E178.54342
G0 F15000 X217.548 Y225.554
G1 F4139.8 X216.593 Y226.508 E178.56699
G0 F15000 X217.187 Y226.508
G1 F4139.8 X217.548 Y226.148 E178.57589
G1 F2700 E177.27589
;MESH:NONMESH
G0 F600 X217.548 Y226.148 Z2.9
G0 F15000 X217.713 Y203.444
;TIME_ELAPSED:256.636581
;LAYER:26
;note -- min layer time used
;TYPE:FILL
;MESH:upperRightPad.stl
G1 F2700 E178.57589
G1 F3617.7 X217.413 Y203.445 E178.58175
G1 X217.413 Y204.12 E178.59494
G1 X217.713 Y204.42 E178.60323
G1 X217.713 Y205.639 E178.62705
G1 X217.414 Y205.938 E178.63531
G1 X217.413 Y210.767 E178.72967
G1 X217.713 Y211.066 E178.73795
G1 X217.713 Y212.286 E178.76179
G1 X217.414 Y212.585 E178.77005
G1 X217.413 Y217.413 E178.86439
G1 X217.713 Y217.713 E178.87268
G1 X217.713 Y218.933 E178.89652
G1 X217.414 Y219.231 E178.90477
G1 X217.414 Y225.878 E179.03466
G1 X217.713 Y225.58 E179.04291
G1 X217.713 Y224.36 E179.06674
G1 X217.413 Y224.06 E179.07503
G1 X217.339 Y223.986
G0 F15000 X214.741 Y215
G0 X214.442 Y215
M204 S1250
;TYPE:WALL-INNER
G1 F3617.7 X214.442 Y227.028 E179.28506
G1 X215.168 Y227.118 E179.29784
G1 X218.158 Y227.118 E179.35005
G1 X218.158 Y202.999 E179.7712
G1 X215.039 Y203.002 E179.82567
G1 X214.442 Y203.075 E179.83617
G1 X214.442 Y215 E180.0444
M204 S2500
G0 F15000 X214.022 Y215
M204 S1250
;TYPE:WALL-OUTER
G1 F3617.7 X214.023 Y227.285 E180.25891
G1 X214.14 Y227.356 E180.2613
G1 X214.525 Y227.461 E180.26827
G1 X215.142 Y227.538 E180.27913
G1 X218.364 Y227.538 E180.33539
G1 X218.479 Y227.507 E180.33747
G1 X218.578 Y227.378 E180.34031
G1 X218.578 Y202.848 E180.76864
G1 X218.486 Y202.673 E180.77209
G1 X218.32 Y202.578 E180.77543
G1 X215.013 Y202.582 E180.83318
G1 X214.298 Y202.669 E180.84575
G1 X214.022 Y202.813 E180.85119
G1 X214.022 Y215 E181.06399
M204 S2500
G0 F15000 X214.022 Y215.2
G0 X214.838 Y215
;TYPE:SKIN
G1 F3617.7 X214.838 Y203.426 E181.2661
G1 X215.066 Y203.398 E181.27011
G1 X216.986 Y203.398 E181.30363
G1 X216.99 Y226.718 E181.71084
G1 X215.197 Y226.718 E181.74214
G1 X214.838 Y226.674 E181.74846
G1 X214.838 Y215 E181.95231
G0 F15000 X215.047 Y226.333
G1 F3617.7 X215.222 Y226.508 E181.95663
G0 F15000 X215.816 Y226.508
G1 F3617.7 X215.047 Y225.739 E181.97562
G0 F15000 X215.047 Y225.145
G1 F3617.7 X216.41 Y226.508 E182.00928
G0 F15000 X216.78 Y226.283
G1 F3617.7 X215.047 Y224.551 E182.05206
G0 F15000 X215.047 Y223.957
G1 F3617.7 X216.78 Y225.689 E182.09484
G0 F15000 X216.78 Y225.095
G1 F3617.7 X215.047 Y223.363 E182.13763
G0 F15000 X215.047 Y222.769
G1 F3617.7 X216.78 Y224.501 E182.18041
G0 F15000 X216.78 Y223.907
G1 F3617.7 X215.047 Y222.175 E182.22319
G0 F15000 X215.047 Y221.581
G1 F3617.7 X216.78 Y223.314 E182.26599
G0 F15000 X216.78 Y222.72
G1 F3617.7 X215.047 Y220.987 E182.30878
G0 F15000 X215.047 Y220.393
G1 F3617.7 X216.779 Y222.125 E182.35155
G0 F15000 X216.779 Y221.531
G1 F3617.7 X215.047 Y219.799 E182.39432
G0 F15000 X215.047 Y219.205
G1 F3617.7 X216.779 Y220.937 E182.43709
G0 F15000 X216.779 Y220.343
G1 F3617.7 X215.047 Y218.611 E182.47987
G0 F15000 X215.047 Y218.017
G1 F3617.7 X216.779 Y219.749 E182.52264
G0 F15000 X216.779 Y219.155
G1 F3617.7 X215.047 Y217.423 E182.56541
G0 F15000 X215.047 Y216.829
G1 F3617.7 X216.778 Y218.56 E182.60815
G0 F15000 X216.778 Y217.966
G1 F3617.7 X215.047 Y216.235 E182.6509
G0 F15000 X215.047 Y215.641
G1 F3617.7 X216.778 Y217.372 E182.69364
G0 F15000 X216.778 Y216.778
G1 F3617.7 X215.047 Y215.047 E182.73639
G0 F15000 X215.047 Y214.453
G1 F3617.7 X216.778 Y216.184 E182.77914
G0 F15000 X216.778 Y215.59
G1 F3617.7 X215.047 Y213.859 E182.82188
G0 F15000 X215.047 Y213.266
G1 F3617.7 X216.778 Y214.996 E182.86462
G0 F15000 X216.778 Y214.402
G1 F3617.7 X215.047 Y212.672 E182.90735
G0 F15000 X215.047 Y212.078
G1 F3617.7 X216.778 Y213.808 E182.95008
G0 F15000 X216.778 Y213.214
G1 F3617.7 X215.047 Y211.484 E182.99282
G0 F15000 X215.047 Y210.89
G1 F3617.7 X216.778 Y212.62 E183.03555
G0 F15000 X216.778 Y212.026
G1 F3617.7 X215.047 Y210.296 E183.07828
G0 F15000 X215.047 Y209.702
G1 F3617.7 X216.778 Y211.432 E183.12102
G0 F15000 X216.777 Y210.837
G1 F3617.7 X215.047 Y209.108 E183.16373
G0 F15000 X215.047 Y208.514
G1 F3617.7 X216.777 Y210.243 E183.20644
G0 F15000 X216.777 Y209.649
G1 F3617.7 X215.047 Y207.92 E183.24915
G0 F15000 X215.047 Y207.326
G1 F3617.7 X216.777 Y209.055 E183.29185
G0 F15000 X216.777 Y208.461
G1 F3617.7 X215.047 Y206.732 E183.33456
G0 F15000 X215.047 Y206.138
G1 F3617.7 X216.777 Y207.867 E183.37727
G0 F15000 X216.776 Y207.273
G1 F3617.7 X215.047 Y205.544 E183.41997
G0 F15000 X215.047 Y204.95
G1 F3617.7 X216.776 Y206.679 E183.46267
G0 F15000 X216.776 Y206.085
G1 F3617.7 X215.047 Y204.356 E183.50536
G0 F15000 X215.047 Y203.762
G1 F3617.7 X216.776 Y205.491 E183.54806
G0 F15000 X216.776 Y204.897
G1 F3617.7 X215.491 Y203.611 E183.5798
G0 F15000 X216.083 Y203.61
G1 F3617.7 X216.776 Y204.303 E183.59692
G0 F15000 X216.776 Y203.709
G1 F3617.7 X216.676 Y203.609 E183.59939
G0 F15000 X216.675 Y203.611
;MESH:NONMESH
G0 F600 X216.675 Y203.611 Z3
G0 F15000 X217.713 Y203.475
;TIME_ELAPSED:264.500501
;LAYER:27
;note -- min layer time used
;TYPE:FILL
;MESH:upperRightPad.stl
G1 F3359.7 X217.629 Y203.475 E183.60103
G1 X217.628 Y204.334 E183.61781
G1 X217.713 Y204.42 E183.62018
G1 X217.713 Y205.639 E183.64399
G1 X217.628 Y205.724 E183.64634
G1 X217.628 Y210.981 E183.74907
G1 X217.713 Y211.066 E183.75142
G1 X217.713 Y212.286 E183.77526
G1 X217.628 Y212.37 E183.77759
G1 X217.628 Y217.628 E183.88033
G1 X217.713 Y217.713 E183.88268
G1 X217.713 Y218.933 E183.90652
G1 X217.628 Y219.017 E183.90886
G1 X217.628 Y225.664 E184.03874
G1 X217.713 Y225.58 E184.04108
G1 X217.713 Y224.36 E184.06492
G1 X217.628 Y224.274 E184.06728
G1 X217.555 Y224.2
G0 F15000 X215.174 Y215.001
G0 X214.865 Y215
M204 S1250
;TYPE:WALL-INNER
G1 F3359.7 X214.863 Y227.034 E184.27741
G1 X215.501 Y227.118 E184.28865
G1 X218.158 Y227.118 E184.33504
G1 X218.158 Y203.03 E184.75566
G1 X215.61 Y203.03 E184.80015
G1 X215.078 Y203.065 E184.80946
G1 X214.866 Y203.11 E184.81324
G1 X214.865 Y215 E185.02086
M204 S2500
G0 F15000 X214.444 Y215
M204 S1250
;TYPE:WALL-OUTER
G1 F3359.7 X214.442 Y227.253 E185.23482
G1 X214.571 Y227.36 E185.23774
G1 X214.894 Y227.462 E185.24366
G1 X215.474 Y227.538 E185.25387
G1 X218.364 Y227.538 E185.30434
G1 X218.479 Y227.507 E185.30642
G1 X218.578 Y227.378 E185.30926
G1 X218.578 Y202.873 E185.73715
G1 X218.487 Y202.701 E185.74055
G1 X218.328 Y202.61 E185.74375
G1 X215.596 Y202.61 E185.79145
G1 X215.021 Y202.649 E185.80152
G1 X214.48 Y202.796 E185.81131
G1 X214.446 Y202.844 E185.81233
G1 X214.444 Y215 E186.0246
M204 S2500
G0 F15000 X214.444 Y215.2
G0 X215.262 Y215
;TYPE:SKIN
G1 F3359.7 X215.262 Y203.455 E186.22619
G1 X215.623 Y203.427 E186.23251
G1 X217.202 Y203.426 E186.26009
G1 X217.202 Y226.718 E186.6668
G1 X215.535 Y226.718 E186.69591
G1 X215.262 Y226.68 E186.70072
G1 X215.262 Y215 E186.90467
G0 F15000 X215.472 Y203.871
G1 F3359.7 X215.706 Y203.636 E186.91046
G0 F15000 X216.3 Y203.636
G1 F3359.7 X215.472 Y204.465 E186.93092
G0 F15000 X215.472 Y205.059
G1 F3359.7 X216.894 Y203.636 E186.96605
G0 F15000 X216.992 Y204.133
G1 F3359.7 X215.472 Y205.653 E187.00359
G0 F15000 X215.472 Y206.247
G1 F3359.7 X216.992 Y204.727 E187.04112
G0 F15000 X216.992 Y205.32
G1 F3359.7 X215.472 Y206.841 E187.07867
G0 F15000 X215.472 Y207.435
G1 F3359.7 X216.992 Y205.914 E187.11622
G0 F15000 X216.992 Y206.508
G1 F3359.7 X215.472 Y208.029 E187.15376
G0 F15000 X215.472 Y208.623
G1 F3359.7 X216.992 Y207.102 E187.19131
G0 F15000 X216.992 Y207.696
G1 F3359.7 X215.472 Y209.217 E187.22886
G0 F15000 X215.472 Y209.811
G1 F3359.7 X216.992 Y208.29 E187.26641
G0 F15000 X216.992 Y208.884
G1 F3359.7 X215.472 Y210.405 E187.30396
G0 F15000 X215.472 Y210.999
G1 F3359.7 X216.992 Y209.478 E187.3415
G0 F15000 X216.992 Y210.072
G1 F3359.7 X215.472 Y211.593 E187.37905
G0 F15000 X215.472 Y212.186
G1 F3359.7 X216.992 Y210.666 E187.41659
G0 F15000 X216.992 Y211.26
G1 F3359.7 X215.472 Y212.78 E187.45412
G0 F15000 X215.472 Y213.374
G1 F3359.7 X216.992 Y211.854 E187.49166
G0 F15000 X216.992 Y212.448
G1 F3359.7 X215.472 Y213.968 E187.52919
G0 F15000 X215.472 Y214.562
G1 F3359.7 X216.992 Y213.042 E187.56673
G0 F15000 X216.992 Y213.636
G1 F3359.7 X215.472 Y215.156 E187.60426
G0 F15000 X215.472 Y215.75
G1 F3359.7 X216.992 Y214.23 E187.6418
G0 F15000 X216.992 Y214.824
G1 F3359.7 X215.472 Y216.344 E187.67934
G0 F15000 X215.472 Y216.938
G1 F3359.7 X216.992 Y215.418 E187.71687
G0 F15000 X216.992 Y216.012
G1 F3359.7 X215.472 Y217.532 E187.75441
G0 F15000 X215.472 Y218.126
G1 F3359.7 X216.992 Y216.606 E187.79194
G0 F15000 X216.992 Y217.2
G1 F3359.7 X215.472 Y218.72 E187.82948
G0 F15000 X215.472 Y219.314
G1 F3359.7 X216.992 Y217.794 E187.86701
G0 F15000 X216.992 Y218.388
G1 F3359.7 X215.472 Y219.908 E187.90455
G0 F15000 X215.472 Y220.502
G1 F3359.7 X216.992 Y218.982 E187.94208
G0 F15000 X216.992 Y219.576
G1 F3359.7 X215.472 Y221.096 E187.97962
G0 F15000 X215.472 Y221.69
G1 F3359.7 X216.992 Y220.17 E188.01715
G0 F15000 X216.992 Y220.764
G1 F3359.7 X215.472 Y222.284 E188.05469
G0 F15000 X215.472 Y222.878
G1 F3359.7 X216.992 Y221.358 E188.09223
G0 F15000 X216.992 Y221.952
G1 F3359.7 X215.472 Y223.472 E188.12976
G0 F15000 X215.472 Y224.066
G1 F3359.7 X216.992 Y222.546 E188.1673
G0 F15000 X216.992 Y223.14
G1 F3359.7 X215.472 Y224.66 E188.20483
G0 F15000 X215.472 Y225.254
G1 F3359.7 X216.992 Y223.734 E188.24237
G0 F15000 X216.992 Y224.328
G1 F3359.7 X215.472 Y225.848 E188.2799
G0 F15000 X215.472 Y226.442
G1 F3359.7 X216.992 Y224.921 E188.31745
G0 F15000 X216.992 Y225.515
G1 F3359.7 X215.999 Y226.508 E188.34197
G0 F15000 X216.593 Y226.508
G1 F3359.7 X216.992 Y226.109 E188.35183
;MESH:NONMESH
G0 F600 X216.992 Y226.109 Z3.1
G0 F15000 X215.253 Y214.82
;TIME_ELAPSED:272.287122
;LAYER:28
;note -- min layer time used
M204 S1250
;TYPE:WALL-INNER
;MESH:upperRightPad.stl
G1 F2900.6 X215.255 Y227.023 E188.56491
G1 X215.972 Y227.118 E188.57754
G1 X218.158 Y227.118 E188.61571
G1 X218.158 Y203.058 E189.03583
G1 X215.905 Y203.058 E189.07518
G1 X215.253 Y203.129 E189.08663
G1 X215.253 Y214.82 E189.29077
M204 S2500
G0 F15000 X214.834 Y215
M204 S1250
;TYPE:WALL-OUTER
G1 F2900.6 X214.834 Y227.278 E189.50516
G1 X214.871 Y227.328 E189.50625
G1 X215.448 Y227.499 E189.51676
G1 X215.956 Y227.538 E189.52566
G1 X218.364 Y227.538 E189.5677
G1 X218.479 Y227.507 E189.56978
G1 X218.578 Y227.378 E189.57262
G1 X218.578 Y202.896 E190.00012
G1 X218.419 Y202.674 E190.00488
G1 X218.334 Y202.638 E190.0065
G1 X215.891 Y202.638 E190.04916
G1 X215.36 Y202.673 E190.05845
G1 X214.87 Y202.822 E190.06739
G1 X214.834 Y202.876 E190.06852
G1 X214.834 Y215 E190.28023
M204 S2500
G0 F15000 X214.834 Y215.2
G0 X215.651 Y214.629
;TYPE:SKIN
G1 F2900.6 X215.65 Y203.459 E190.47527
G1 X217.402 Y203.455 E190.50587
G1 X217.402 Y226.718 E190.91207
G1 X215.987 Y226.718 E190.93678
G1 X215.654 Y226.682 E190.94263
G1 X215.651 Y214.629 E191.1531
G0 F15000 X217.192 Y204.125
G1 F2900.6 X216.735 Y203.667 E191.16439
G0 F15000 X216.143 Y203.67
G1 F2900.6 X217.192 Y204.719 E191.1903
G0 F15000 X217.192 Y205.313
G1 F2900.6 X215.86 Y203.981 E191.22319
G0 F15000 X215.86 Y204.574
G1 F2900.6 X217.192 Y205.907 E191.2561
G0 F15000 X217.192 Y206.501
G1 F2900.6 X215.86 Y205.168 E191.289
G0 F15000 X215.86 Y205.762
G1 F2900.6 X217.192 Y207.095 E191.32191
G0 F15000 X217.192 Y207.689
G1 F2900.6 X215.86 Y206.356 E191.35481
G0 F15000 X215.86 Y206.95
G1 F2900.6 X217.192 Y208.283 E191.38772
G0 F15000 X217.192 Y208.877
G1 F2900.6 X215.861 Y207.545 E191.4206
G0 F15000 X215.861 Y208.139
G1 F2900.6 X217.192 Y209.47 E191.45347
G0 F15000 X217.192 Y210.064
G1 F2900.6 X215.861 Y208.733 E191.48633
G0 F15000 X215.861 Y209.327
G1 F2900.6 X217.192 Y210.658 E191.5192
G0 F15000 X217.192 Y211.252
G1 F2900.6 X215.861 Y209.921 E191.55207
G0 F15000 X215.861 Y210.515
G1 F2900.6 X217.192 Y211.846 E191.58494
G0 F15000 X217.192 Y212.44
G1 F2900.6 X215.861 Y211.109 E191.61781
G0 F15000 X215.861 Y211.704
G1 F2900.6 X217.192 Y213.034 E191.65066
G0 F15000 X217.192 Y213.628
G1 F2900.6 X215.861 Y212.297 E191.68353
G0 F15000 X215.861 Y212.891
G1 F2900.6 X217.192 Y214.222 E191.7164
G0 F15000 X217.192 Y214.816
G1 F2900.6 X215.861 Y213.485 E191.74927
G0 F15000 X215.861 Y214.079
G1 F2900.6 X217.192 Y215.41 E191.78214
G0 F15000 X217.192 Y216.004
G1 F2900.6 X215.861 Y214.673 E191.815
G0 F15000 X215.862 Y215.268
G1 F2900.6 X217.192 Y216.598 E191.84785
G0 F15000 X217.192 Y217.192
G1 F2900.6 X215.862 Y215.862 E191.88069
G0 F15000 X215.862 Y216.456
G1 F2900.6 X217.192 Y217.786 E191.91353
G0 F15000 X217.192 Y218.38
G1 F2900.6 X215.862 Y217.05 E191.94638
G0 F15000 X215.862 Y217.644
G1 F2900.6 X217.192 Y218.974 E191.97922
G0 F15000 X217.192 Y219.568
G1 F2900.6 X215.862 Y218.238 E192.01207
G0 F15000 X215.862 Y218.832
G1 F2900.6 X217.192 Y220.162 E192.04491
G0 F15000 X217.192 Y220.756
G1 F2900.6 X215.863 Y219.427 E192.07773
G0 F15000 X215.863 Y220.021
G1 F2900.6 X217.192 Y221.35 E192.11055
G0 F15000 X217.192 Y221.944
G1 F2900.6 X215.863 Y220.614 E192.14338
G0 F15000 X215.863 Y221.208
G1 F2900.6 X217.192 Y222.538 E192.17621
G0 F15000 X217.192 Y223.132
G1 F2900.6 X215.863 Y221.802 E192.20904
G0 F15000 X215.863 Y222.396
G1 F2900.6 X217.192 Y223.726 E192.24187
G0 F15000 X217.192 Y224.32
G1 F2900.6 X215.863 Y222.991 E192.27469
G0 F15000 X215.863 Y223.585
G1 F2900.6 X217.192 Y224.914 E192.30751
G0 F15000 X217.192 Y225.508
G1 F2900.6 X215.863 Y224.179 E192.34033
G0 F15000 X215.863 Y224.773
G1 F2900.6 X217.192 Y226.102 E192.37315
G0 F15000 X217.004 Y226.508
G1 F2900.6 X215.863 Y225.367 E192.40132
G0 F15000 X215.863 Y225.961
G1 F2900.6 X216.41 Y226.508 E192.41483
G1 F2700 E191.11483
;MESH:NONMESH
G0 F600 X216.41 Y226.508 Z3.2
G0 F15000 X215.615 Y214.459
;TIME_ELAPSED:279.577398
;LAYER:29
;note -- min layer time used
M204 S1250
;TYPE:WALL-INNER
;MESH:upperRightPad.stl
G1 F2700 E192.41483
G1 F2769.3 X215.619 Y227.033 E192.63439
G1 X216.057 Y227.118 E192.64218
G1 X218.158 Y227.118 E192.67887
G1 X218.158 Y203.079 E193.09863
G1 X215.985 Y203.082 E193.13657
G1 X215.613 Y203.139 E193.14314
G1 X215.615 Y214.459 E193.34081
M204 S2500
G0 F15000 X215.196 Y214.56
M204 S1250
;TYPE:WALL-OUTER
G1 F2769.3 X215.199 Y227.314 E193.56351
G1 X215.557 Y227.46 E193.57027
G1 X216.022 Y227.538 E193.5785
G1 X218.364 Y227.538 E193.61939
G1 X218.479 Y227.507 E193.62147
G1 X218.578 Y227.378 E193.62431
G1 X218.578 Y202.917 E194.05144
G1 X218.428 Y202.71 E194.0559
G1 X218.253 Y202.658 E194.05909
G1 X215.953 Y202.662 E194.09925
G1 X215.494 Y202.733 E194.10736
G1 X215.194 Y202.878 E194.11318
G1 X215.196 Y214.56 E194.31717
M204 S2500
G0 F15000 X215.196 Y214.76
G0 X216.014 Y215
;TYPE:SKIN
G1 F2769.3 X216.014 Y203.481 E194.51831
G1 X217.602 Y203.475 E194.54604
G1 X217.602 Y226.718 E194.9519
G1 X216.014 Y226.718 E194.97963
G1 X216.014 Y215 E195.18424
G0 F15000 X216.221 Y204.31
G1 F2769.3 X216.845 Y203.686 E195.19965
G0 F15000 X217.391 Y203.733
G1 F2769.3 X216.221 Y204.904 E195.22855
G0 F15000 X216.221 Y205.498
G1 F2769.3 X217.391 Y204.327 E195.25746
G0 F15000 X217.391 Y204.921
G1 F2769.3 X216.221 Y206.092 E195.28636
G0 F15000 X216.221 Y206.686
G1 F2769.3 X217.391 Y205.515 E195.31527
G0 F15000 X217.391 Y206.109
G1 F2769.3 X216.221 Y207.28 E195.34417
G0 F15000 X216.221 Y207.873
G1 F2769.3 X217.391 Y206.703 E195.37307
G0 F15000 X217.391 Y207.297
G1 F2769.3 X216.221 Y208.467 E195.40196
G0 F15000 X216.221 Y209.061
G1 F2769.3 X217.391 Y207.891 E195.43085
G0 F15000 X217.391 Y208.485
G1 F2769.3 X216.221 Y209.655 E195.45974
G0 F15000 X216.221 Y210.249
G1 F2769.3 X217.391 Y209.079 E195.48864
G0 F15000 X217.391 Y209.673
G1 F2769.3 X216.221 Y210.843 E195.51753
G0 F15000 X216.222 Y211.436
G1 F2769.3 X217.391 Y210.267 E195.5464
G0 F15000 X217.391 Y210.861
G1 F2769.3 X216.222 Y212.03 E195.57526
G0 F15000 X216.222 Y212.624
G1 F2769.3 X217.391 Y211.455 E195.60413
G0 F15000 X217.391 Y212.049
G1 F2769.3 X216.222 Y213.218 E195.633
G0 F15000 X216.222 Y213.812
G1 F2769.3 X217.391 Y212.643 E195.66187
G0 F15000 X217.391 Y213.237
G1 F2769.3 X216.222 Y214.406 E195.69073
G0 F15000 X216.222 Y215
G1 F2769.3 X217.391 Y213.831 E195.7196
G0 F15000 X217.391 Y214.424
G1 F2769.3 X216.223 Y215.593 E195.74846
G0 F15000 X216.223 Y216.187
G1 F2769.3 X217.391 Y215.018 E195.77731
G0 F15000 X217.391 Y215.612
G1 F2769.3 X216.223 Y216.781 E195.80617
G0 F15000 X216.223 Y217.375
G1 F2769.3 X217.391 Y216.206 E195.83502
G0 F15000 X217.391 Y216.8
G1 F2769.3 X216.223 Y217.969 E195.86388
G0 F15000 X216.223 Y218.563
G1 F2769.3 X217.391 Y217.394 E195.89273
G0 F15000 X217.391 Y217.988
G1 F2769.3 X216.223 Y219.156 E195.92158
G0 F15000 X216.223 Y219.75
G1 F2769.3 X217.391 Y218.582 E195.95042
G0 F15000 X217.391 Y219.176
G1 F2769.3 X216.223 Y220.344 E195.97926
G0 F15000 X216.223 Y220.938
G1 F2769.3 X217.391 Y219.77 E196.00811
G0 F15000 X217.391 Y220.364
G1 F2769.3 X216.223 Y221.532 E196.03695
G0 F15000 X216.223 Y222.126
G1 F2769.3 X217.391 Y220.958 E196.06579
G0 F15000 X217.391 Y221.552
G1 F2769.3 X216.224 Y222.72 E196.09462
G0 F15000 X216.224 Y223.314
G1 F2769.3 X217.391 Y222.146 E196.12345
G0 F15000 X217.391 Y222.74
G1 F2769.3 X216.224 Y223.907 E196.15227
G0 F15000 X216.224 Y224.501
G1 F2769.3 X217.391 Y223.334 E196.18109
G0 F15000 X217.391 Y223.928
G1 F2769.3 X216.224 Y225.095 E196.20991
G0 F15000 X216.224 Y225.689
G1 F2769.3 X217.391 Y224.522 E196.23873
G0 F15000 X217.391 Y225.116
G1 F2769.3 X216.224 Y226.283 E196.26755
G0 F15000 X216.593 Y226.508
G1 F2769.3 X217.391 Y225.71 E196.28725
G0 F15000 X217.391 Y226.304
G1 F2769.3 X217.187 Y226.508 E196.29229
;MESH:NONMESH
G0 F600 X217.187 Y226.508 Z3.3
G0 F15000 X215.938 Y214.909
;TIME_ELAPSED:286.824472
;LAYER:30
;note -- min layer time used
M204 S1250
;TYPE:WALL-INNER
;MESH:upperRightPad.stl
G1 F2635.3 X215.939 Y227.047 E196.50424
G1 X216.304 Y227.118 E196.51073
G1 X218.158 Y227.118 E196.5431
G1 X218.158 Y203.103 E196.96244
G1 X216.392 Y203.107 E196.99328
G1 X215.938 Y203.163 E197.00127
G1 X215.938 Y214.909 E197.20637
M204 S2500
G0 F15000 X215.518 Y215
M204 S1250
;TYPE:WALL-OUTER
G1 F2635.3 X215.518 Y227.316 E197.42143
G1 X215.838 Y227.461 E197.42756
G1 X216.267 Y227.538 E197.43518
G1 X218.364 Y227.538 E197.47179
G1 X218.479 Y227.507 E197.47387
G1 X218.578 Y227.378 E197.47671
G1 X218.578 Y202.949 E197.90328
G1 X218.486 Y202.775 E197.90672
G1 X218.33 Y202.682 E197.90989
G1 X216.394 Y202.686 E197.94369
G1 X215.953 Y202.724 E197.95142
G1 X215.518 Y202.88 E197.95949
G1 X215.518 Y215 E198.17113
M204 S2500
G0 F15000 X215.518 Y215.2
G0 X216.335 Y214.629
;TYPE:SKIN
G1 F2635.3 X216.334 Y203.506 E198.36535
G1 X217.758 Y203.503 E198.39022
G1 X217.758 Y226.718 E198.79559
G1 X216.338 Y226.718 E198.82038
G1 X216.335 Y214.629 E199.03148
G0 F15000 X217.375 Y203.714
G1 F2635.3 X217.548 Y203.887 E199.03575
G0 F15000 X217.548 Y204.481
G1 F2635.3 X216.783 Y203.716 E199.05464
G0 F15000 X216.544 Y204.07
G1 F2635.3 X217.548 Y205.075 E199.07944
G0 F15000 X217.548 Y205.669
G1 F2635.3 X216.544 Y204.664 E199.10425
G0 F15000 X216.544 Y205.258
G1 F2635.3 X217.548 Y206.263 E199.12906
G0 F15000 X217.548 Y206.857
G1 F2635.3 X216.544 Y205.852 E199.15386
G0 F15000 X216.544 Y206.446
G1 F2635.3 X217.548 Y207.451 E199.17867
G0 F15000 X217.548 Y208.045
G1 F2635.3 X216.544 Y207.04 E199.20347
G0 F15000 X216.544 Y207.635
G1 F2635.3 X217.548 Y208.639 E199.22827
G0 F15000 X217.548 Y209.233
G1 F2635.3 X216.544 Y208.229 E199.25306
G0 F15000 X216.544 Y208.823
G1 F2635.3 X217.548 Y209.827 E199.27785
G0 F15000 X217.548 Y210.421
G1 F2635.3 X216.544 Y209.417 E199.30264
G0 F15000 X216.544 Y210.011
G1 F2635.3 X217.548 Y211.015 E199.32744
G0 F15000 X217.548 Y211.609
G1 F2635.3 X216.544 Y210.605 E199.35223
G0 F15000 X216.544 Y211.199
G1 F2635.3 X217.548 Y212.203 E199.37702
G0 F15000 X217.548 Y212.797
G1 F2635.3 X216.545 Y211.793 E199.40181
G0 F15000 X216.545 Y212.387
G1 F2635.3 X217.548 Y213.391 E199.42659
G0 F15000 X217.548 Y213.985
G1 F2635.3 X216.545 Y212.981 E199.45137
G0 F15000 X216.545 Y213.575
G1 F2635.3 X217.548 Y214.579 E199.47615
G0 F15000 X217.548 Y215.173
G1 F2635.3 X216.545 Y214.169 E199.50093
G0 F15000 X216.545 Y214.763
G1 F2635.3 X217.548 Y215.767 E199.52571
G0 F15000 X217.548 Y216.361
G1 F2635.3 X216.546 Y215.358 E199.55047
G0 F15000 X216.546 Y215.952
G1 F2635.3 X217.548 Y216.955 E199.57522
G0 F15000 X217.548 Y217.548
G1 F2635.3 X216.546 Y216.546 E199.59997
G0 F15000 X216.546 Y217.14
G1 F2635.3 X217.548 Y218.142 E199.62471
G0 F15000 X217.548 Y218.736
G1 F2635.3 X216.546 Y217.734 E199.64945
G0 F15000 X216.546 Y218.328
G1 F2635.3 X217.548 Y219.33 E199.6742
G0 F15000 X217.548 Y219.924
G1 F2635.3 X216.547 Y218.922 E199.69893
G0 F15000 X216.547 Y219.516
G1 F2635.3 X217.548 Y220.518 E199.72366
G0 F15000 X217.548 Y221.112
G1 F2635.3 X216.547 Y220.11 E199.74839
G0 F15000 X216.547 Y220.704
G1 F2635.3 X217.548 Y221.706 E199.77312
G0 F15000 X217.548 Y222.3
G1 F2635.3 X216.547 Y221.298 E199.79785
G0 F15000 X216.547 Y221.892
G1 F2635.3 X217.548 Y222.894 E199.82259
G0 F15000 X217.548 Y223.488
G1 F2635.3 X216.547 Y222.486 E199.84732
G0 F15000 X216.547 Y223.081
G1 F2635.3 X217.548 Y224.082 E199.87204
G0 F15000 X217.548 Y224.676
G1 F2635.3 X216.547 Y223.675 E199.89675
G0 F15000 X216.547 Y224.269
G1 F2635.3 X217.548 Y225.27 E199.92147
G0 F15000 X217.548 Y225.864
G1 F2635.3 X216.547 Y224.863 E199.94619
G0 F15000 X216.547 Y225.457
G1 F2635.3 X217.548 Y226.458 E199.97091
G0 F15000 X217.005 Y226.508
G1 F2635.3 X216.547 Y226.051 E199.98221
G0 F15000 X216.551 Y226.052
;MESH:NONMESH
G0 F600 X216.551 Y226.052 Z3.4
G0 F15000 X216.23 Y215.001
G0 X216.226 Y215
;TIME_ELAPSED:293.962478
;LAYER:31
;note -- min layer time used
M204 S1250
;TYPE:WALL-INNER
;MESH:upperRightPad.stl
G1 F2432.8 X216.226 Y227.057 E200.19274
G1 X216.653 Y227.118 E200.20028
G1 X218.158 Y227.118 E200.22656
G1 X218.158 Y203.13 E200.64542
G1 X216.516 Y203.13 E200.6741
G1 X216.226 Y203.196 E200.67929
G1 X216.226 Y215 E200.88541
M204 S2500
G0 F15000 X215.806 Y215
M204 S1250
;TYPE:WALL-OUTER
G1 F2432.8 X215.806 Y227.315 E201.10044
G1 X216.095 Y227.463 E201.10611
G1 X216.623 Y227.538 E201.11543
G1 X218.364 Y227.538 E201.14583
G1 X218.479 Y227.507 E201.14791
G1 X218.578 Y227.378 E201.15075
G1 X218.578 Y202.961 E201.57711
G1 X218.419 Y202.745 E201.58179
G1 X218.337 Y202.71 E201.58335
G1 X216.468 Y202.71 E201.61598
G1 X215.943 Y202.83 E201.62538
G1 X215.806 Y202.941 E201.62846
G1 X215.806 Y215 E201.83903
M204 S2500
G0 F15000 X215.806 Y215.2
G0 X216.512 Y215.2
G0 X217.011 Y215
;TYPE:SKIN
G1 F2854.1 X217.011 Y203.915 E202.00402
G1 X217.369 Y203.915 E202.00935
G1 X217.369 Y226.329 E202.34296
G1 X217.011 Y226.329 E202.34829
G1 X217.011 Y215 E202.51691
G0 F15000 X216.622 Y215
G1 F2432.8 X216.622 Y203.526 E202.71726
G1 X217.758 Y203.526 E202.7371
G1 X217.758 Y226.718 E203.14206
G1 X216.622 Y226.718 E203.1619
G1 X216.622 Y215 E203.36652
G0 F15000 X216.832 Y215.001
;MESH:NONMESH
G0 F600 X216.832 Y215.001 Z3.5
G0 F15000 X216.489 Y214.819
;TIME_ELAPSED:299.290602
;LAYER:32
;note -- min layer time used
M204 S1250
;TYPE:WALL-INNER
;MESH:upperRightPad.stl
G1 F2147.7 X216.491 Y227.051 E203.58011
G1 X216.76 Y227.118 E203.58495
G1 X218.158 Y227.118 E203.60936
G1 X218.158 Y203.151 E204.02786
G1 X216.757 Y203.154 E204.05232
G1 X216.489 Y203.216 E204.05713
G1 X216.489 Y214.819 E204.25973
M204 S2500
G0 F15000 X216.07 Y215
M204 S1250
;TYPE:WALL-OUTER
G1 F2147.7 X216.07 Y227.293 E204.47439
G1 X216.21 Y227.415 E204.47763
G1 X216.71 Y227.538 E204.48662
G1 X218.364 Y227.538 E204.5155
G1 X218.479 Y227.507 E204.51758
G1 X218.578 Y227.378 E204.52042
G1 X218.578 Y202.993 E204.94622
G1 X218.486 Y202.824 E204.94958
G1 X218.327 Y202.73 E204.95281
G1 X216.709 Y202.734 E204.98106
G1 X216.181 Y202.857 E204.99053
G1 X216.07 Y202.931 E204.99286
G1 X216.07 Y215 E205.2036
M204 S2500
G0 F15000 X216.07 Y215.2
G0 X216.782 Y215.2
G0 X217.324 Y226.284
;TYPE:SKIN
G1 F2004.5 X217.322 Y203.986 E205.62077
G0 F15000 X216.887 Y214.628
G1 F2147.7 X216.886 Y203.55 E205.81421
G1 X217.758 Y203.55 E205.82944
G1 X217.758 Y226.718 E206.23399
G1 X216.89 Y226.718 E206.24914
G1 X216.887 Y214.628 E206.46025
G0 F15000 X217.102 Y214.629
;MESH:NONMESH
G0 F600 X217.102 Y214.629 Z3.6
G0 F15000 X216.74 Y214.549
;TIME_ELAPSED:304.898139
;LAYER:33
;note -- min layer time used
M204 S1250
;TYPE:WALL-INNER
;MESH:upperRightPad.stl
G1 F1818.5 X216.743 Y227.074 E206.67896
G1 X216.959 Y227.118 E206.68281
G1 X218.158 Y227.118 E206.70374
G1 X218.158 Y203.174 E207.12184
G1 X216.952 Y203.174 E207.1429
G1 X216.738 Y203.218 E207.14672
G1 X216.74 Y214.549 E207.34457
M204 S2500
G0 F15000 X216.319 Y214.646
M204 S1250
;TYPE:WALL-OUTER
G1 F1818.5 X216.322 Y227.335 E207.56614
G1 X216.572 Y227.468 E207.57109
G1 X216.917 Y227.538 E207.57724
G1 X218.364 Y227.538 E207.6025
G1 X218.479 Y227.507 E207.60458
G1 X218.578 Y227.378 E207.60742
G1 X218.578 Y203.009 E208.03294
G1 X218.54 Y202.913 E208.03475
G1 X218.34 Y202.754 E208.03921
G1 X216.91 Y202.754 E208.06418
G1 X216.55 Y202.828 E208.0706
G1 X216.318 Y202.958 E208.07524
G1 X216.319 Y214.646 E208.27933
M204 S2500
G0 F15000 X216.319 Y214.846
G0 X217.189 Y214.719
;TYPE:SKIN
G1 F1471.6 X217.188 Y203.624 E208.51873
G1 F1468.8 X217.708 Y203.624 E208.52997
G1 F1471.6 X217.709 Y226.667 E209.02718
G1 F1474.5 X217.191 Y226.663 E209.03834
G1 X217.189 Y214.719 E209.29557
G0 F15000 X217.352 Y214.72
;MESH:NONMESH
G0 F600 X217.352 Y214.72 Z3.7
G0 F15000 X216.966 Y215
;TIME_ELAPSED:310.586568
;LAYER:34
;note -- min layer time used
M204 S1250
;TYPE:WALL-INNER
;MESH:upperRightPad.stl
G1 F1806.2 X216.966 Y227.065 E209.50624
G1 X217.166 Y227.118 E209.50985
G1 X218.158 Y227.118 E209.52717
G1 X218.158 Y203.194 E209.94493
G1 X217.16 Y203.194 E209.96235
G1 X216.966 Y203.236 E209.96582
G1 X216.966 Y215 E210.17124
M204 S2500
G0 F15000 X216.546 Y215
M204 S1250
;TYPE:WALL-OUTER
G1 F1806.2 X216.546 Y227.301 E210.38603
G1 X216.669 Y227.421 E210.38903
G1 X217.112 Y227.538 E210.39703
G1 X218.453 Y227.538 E210.42045
G1 X218.578 Y227.378 E210.42399
G1 X218.578 Y203.026 E210.84922
G1 X218.425 Y202.823 E210.85366
G1 X218.258 Y202.774 E210.8567
G1 X217.115 Y202.774 E210.87665
G1 X216.769 Y202.848 E210.88283
G1 X216.546 Y202.987 E210.88742
G1 X216.546 Y215 E211.09719
M204 S2500
G0 F15000 X216.546 Y215.2
G0 X217.356 Y215
;TYPE:SKIN
G1 F1859.4 X217.356 Y203.587 E211.29078
G1 X217.764 Y203.585 E211.2977
G1 X217.764 Y226.723 E211.69018
G1 X217.356 Y226.721 E211.69711
G1 X217.356 Y215 E211.89592
G0 F15000 X217.55 Y215.001
;MESH:NONMESH
G0 F600 X217.55 Y215.001 Z3.8
G0 F15000 X217.182 Y215
;TIME_ELAPSED:315.876950
;LAYER:35
;note -- min layer time used
M204 S1250
;TYPE:WALL-INNER
;MESH:upperRightPad.stl
G1 F1527.6 X217.182 Y227.082 E212.1069
G1 X217.348 Y227.118 E212.10986
G1 X218.158 Y227.118 E212.12401
G1 X218.158 Y203.211 E212.54146
G1 X217.356 Y203.214 E212.55546
G1 X217.182 Y203.253 E212.55858
G1 X217.182 Y215 E212.7637
M204 S2500
G0 F15000 X216.762 Y214.822
M204 S1250
;TYPE:WALL-OUTER
G1 F1527.6 X216.764 Y227.324 E212.982
G1 X216.984 Y227.468 E212.98659
G1 X217.303 Y227.538 E212.9923
G1 X218.453 Y227.538 E213.01238
G1 X218.578 Y227.378 E213.01592
G1 X218.578 Y203.038 E213.44094
G1 X218.425 Y202.839 E213.44532
G1 X218.258 Y202.79 E213.44836
G1 X217.308 Y202.794 E213.46495
G1 X216.982 Y202.867 E213.47078
G1 X216.762 Y203.012 E213.47538
G1 X216.762 Y214.822 E213.6816
M204 S2500
G0 F15000 X216.762 Y215.022
G1 F2700 E212.3816
G0 F15000 X217.473 Y215.023
G0 X217.668 Y226.628
;TYPE:SKIN
G1 F2700 E213.6816
G1 F1069.4 X217.668 Y203.7 E214.25355
G0 F15000 X217.793 Y203.826
;MESH:NONMESH
G0 F600 X217.793 Y203.826 Z3.9
G0 F15000 X217.473 Y214.909
G0 X217.471 Y214.909
;TIME_ELAPSED:321.775719
;LAYER:36
;note -- min layer time used
M204 S1250
;TYPE:WALL-INNER
;MESH:upperRightPad.stl
G1 F856.9 X217.472 Y227.029 E214.55487
G1 X218.069 Y227.029 E214.56971
G1 X218.069 Y203.321 E215.15914
G1 X217.597 Y203.323 E215.17088
G1 X217.471 Y203.357 E215.17412
G1 X217.471 Y214.909 E215.46133
M204 S2500
G0 F15000 X216.962 Y215
M204 S1250
;TYPE:WALL-OUTER
G1 F1220.1 X216.962 Y227.34 E215.6768
G1 X217.182 Y227.47 E215.68126
G1 X217.488 Y227.538 E215.68674
G1 X218.453 Y227.538 E215.70359
G1 X218.578 Y227.378 E215.70713
G1 X218.578 Y203.061 E216.13175
G1 X218.541 Y202.971 E216.13345
G1 X218.329 Y202.81 E216.13809
G1 X217.529 Y202.814 E216.15206
G1 X217.075 Y202.936 E216.16027
G1 X216.962 Y203.071 E216.16335
G1 X216.962 Y215 E216.37165
M204 S2500
G0 F15000 X216.962 Y215.2
;MESH:NONMESH
G0 F600 X216.962 Y215.2 Z4
G0 F15000 X217.62 Y215.272
;TIME_ELAPSED:327.905863
;LAYER:37
;note -- min layer time used
M204 S1250
;TYPE:WALL-INNER
;MESH:upperRightPad.stl
G1 F1013.2 X217.618 Y227.04 E216.61578
G1 F1011.1 X217.755 Y227.078 E216.61874
G1 X218.118 Y227.078 E216.62629
G1 F1013.2 X218.119 Y203.293 E217.11973
G1 F1015.2 X217.621 Y203.322 E217.13006
G1 X217.62 Y215.272 E217.37748
M204 S2500
G0 F15000 X217.16 Y215.355
M204 S1250
;TYPE:WALL-OUTER
G1 F1203.7 X217.158 Y227.301 E217.58607
G1 X217.264 Y227.419 E217.58884
G1 X217.693 Y227.538 E217.59662
G1 X218.453 Y227.538 E217.60989
G1 X218.578 Y227.378 E217.61343
G1 X218.578 Y203.086 E218.03761
G1 X218.487 Y202.92 E218.04091
G1 X218.329 Y202.828 E218.04411
G1 X217.65 Y202.846 E218.05597
G1 X217.37 Y202.907 E218.06097
G1 X217.162 Y203.058 E218.06546
G1 X217.16 Y215.355 E218.28018
M204 S2500
G0 F15000 X217.16 Y215.555
;MESH:NONMESH
G0 F600 X217.16 Y215.555 Z4.1
G0 F15000 X217.769 Y215
;TIME_ELAPSED:333.527612
;LAYER:38
;note -- min layer time used
M204 S1250
;TYPE:WALL-INNER
;MESH:upperRightPad.stl
G1 F1257.7 X217.769 Y227.096 E218.48134
G1 X218.168 Y227.123 E218.48799
G1 X218.168 Y203.272 E218.88464
G1 X217.769 Y203.309 E218.8913
G1 X217.769 Y215 E219.08572
M204 S2500
G0 F15000 X217.358 Y215
M204 S1250
;TYPE:WALL-OUTER
G1 F1197.9 X217.358 Y227.332 E219.30106
G1 X217.557 Y227.466 E219.30525
G1 X217.796 Y227.526 E219.30955
G1 X218.364 Y227.537 E219.31947
G1 X218.479 Y227.504 E219.32156
G1 X218.578 Y227.378 E219.32436
G1 X218.578 Y203.106 E219.74818
G1 X218.483 Y202.932 E219.75165
G1 X218.363 Y202.862 E219.75407
G1 X217.834 Y202.862 E219.76331
G1 X217.461 Y202.972 E219.7701
G1 X217.358 Y203.062 E219.77249
G1 X217.358 Y215 E219.98094
M204 S2500
G0 F15000 X217.358 Y215.2
G1 F2700 E218.68094
;MESH:NONMESH
G0 F600 X217.358 Y215.2 Z4.2
G0 F15000 X217.675 Y215.2
G0 X218.06 Y203.399
;TIME_ELAPSED:338.755233
;LAYER:39
;note -- min layer time used
M204 S1250
;TYPE:WALL-INNER
;MESH:upperRightPad.stl
G1 F2700 E219.98094
G1 F633.2 X218.06 Y227.013 E220.57785
M204 S2500
G1 F2700 E219.27785
G0 F15000 X217.859 Y215
G0 X217.546 Y215
M204 S1250
;TYPE:WALL-OUTER
G1 F2700 E220.57785
G1 F916.6 X217.546 Y227.305 E220.79272
G1 X217.65 Y227.426 E220.7955
G1 X217.977 Y227.526 E220.80147
G1 X218.415 Y227.529 E220.80912
G1 X218.517 Y227.477 E220.81112
G1 X218.574 Y227.326 E220.81394
G1 X218.574 Y203.108 E221.23682
G1 X218.539 Y203.02 E221.23848
G1 X218.375 Y202.878 E221.24227
G1 X218.019 Y202.875 E221.24848
G1 X217.655 Y202.985 E221.25512
G1 X217.546 Y203.129 E221.25828
G1 X217.546 Y215 E221.46556
M204 S2500
G0 F15000 X217.546 Y215.2
G1 F2700 E220.16556
;MESH:NONMESH
G0 F600 X217.546 Y215.2 Z4.3
G0 F15000 X217.859 Y215.2
G0 X218.14 Y203.337
;TIME_ELAPSED:344.909108
;LAYER:40
;note -- min layer time used
M204 S1250
;TYPE:WALL-INNER
;MESH:upperRightPad.stl
G1 F2700 E221.46556
G1 F926.4 X218.142 Y227.083 E221.87428
M204 S2500
G1 F2700 E220.57428
G0 F15000 X218.042 Y214.733
G0 X217.724 Y214.732
M204 S1250
;TYPE:WALL-OUTER
G1 F2700 E221.87428
G1 F913.2 X217.726 Y227.336 E222.09437
G1 X217.957 Y227.483 E222.09915
G1 X218.382 Y227.525 E222.1066
G1 X218.482 Y227.482 E222.10851
G1 X218.558 Y227.357 E222.11106
G1 X218.558 Y203.184 E222.53316
G1 X218.501 Y202.996 E222.53659
G1 X218.297 Y202.892 E222.54059
G1 X217.977 Y202.939 E222.54623
G1 X217.787 Y203.037 E222.54997
G1 X217.723 Y203.157 E222.55234
G1 X217.724 Y214.732 E222.75446
M204 S2500
G0 F15000 X217.724 Y214.932
;MESH:NONMESH
G0 F600 X217.724 Y214.932 Z4.4
G0 F15000 X217.95 Y214.91
;TIME_ELAPSED:350.171625
;LAYER:41
;note -- min layer time used
M204 S1250
;TYPE:WALL-OUTER
;MESH:upperRightPad.stl
G1 F488.4 X217.95 Y203.138 E223.007
G1 F487.4 X218.049 Y203.047 E223.00989
G1 X218.25 Y202.982 E223.01443
G1 X218.384 Y203.012 E223.01739
G1 X218.466 Y203.144 E223.02073
G1 X218.469 Y227.378 E223.54162
G1 F486.5 X218.335 Y227.456 E223.54496
G1 X218.058 Y227.399 E223.55105
G1 X217.951 Y227.304 E223.55413
G1 F487.4 X217.95 Y214.91 E223.82053
M204 S2500
G0 F15000 X217.95 Y214.71
;MESH:NONMESH
G0 F600 X217.95 Y214.71 Z4.5
G0 F15000 X218.065 Y215
;TIME_ELAPSED:356.355112
;LAYER:42
;note -- min layer time used
M204 S1250
;TYPE:WALL-OUTER
;MESH:upperRightPad.stl
G1 F639.6 X218.065 Y203.137 E224.01486
G1 X218.214 Y203.005 E224.01812
G1 X218.362 Y203.008 E224.02054
G1 X218.459 Y203.124 E224.02302
G1 X218.459 Y227.365 E224.4201
G1 X218.417 Y227.424 E224.42129
G1 X218.285 Y227.467 E224.42356
G1 X218.12 Y227.402 E224.42647
G1 X218.065 Y227.299 E224.42838
G1 X218.065 Y215 E224.62984
M204 S2500
G0 F15000 X218.065 Y214.8
G1 F2700 E223.32984
;MESH:NONMESH
G0 F600 X218.065 Y214.8 Z4.6
G0 F15000 X217.205 Y214.8
G0 X217.205 Y227.282
G0 X218.288 Y227.282
;TIME_ELAPSED:361.303187
;LAYER:43
;note -- min layer time used
M204 S1250
;TYPE:WALL-OUTER
;MESH:upperRightPad.stl
G1 F2700 E224.62984
G1 F518.5 X218.287 Y215.238 E224.8732
G1 F525 X218.286 Y203.194 E225.11355
;TIME_ELAPSED:364.141294
G1 F2700 E223.81355
M140 S0
M204 S5000
M107
G91 ;Relative positioning
G1 E-2 F2700 ;Retract a bit
G1 E-2 Z0.2 F2400 ;Retract and raise Z
G1 X5 Y5 F3000 ;Wipe out
G1 Z2 ;Raise Z more
G90 ;Absolute positioning
G1 X0 Y425 ;Present print
M106 S0 ;Turn-off fan
M104 S0 ;Turn-off hotend
M140 S0 ;Turn-off bed
M84 X Y E ;Disable all steppers but Z
M82 ;absolute extrusion mode
M104 S0
;End of Gcode
;SETTING_3 {"global_quality": "[general]\\nversion = 4\\nname = Not supported #2
;SETTING_3 \\ndefinition = elegoo_neptune_4max\\n\\n[metadata]\\ntype = quality_
;SETTING_3 changes\\nquality_type = not_supported\\nsetting_version = None\\n\\n
;SETTING_3 [values]\\nadhesion_type = brim\\nsupport_enable = True\\nsupport_str
;SETTING_3 ucture = tree\\nsupport_type = everywhere\\n\\n", "extruder_quality":
;SETTING_3  ["[general]\\nversion = 4\\nname = Not supported #2\\ndefinition = e
;SETTING_3 legoo_neptune_4max\\n\\n[metadata]\\ntype = quality_changes\\nquality
;SETTING_3 _type = not_supported\\nsetting_version = None\\nposition = 0\\n\\n[v
;SETTING_3 alues]\\ninfill_sparse_density = 20\\n\\n"]}
