;FLAVOR:Marlin
;TIME:365
;Filament used: 0.225212m
;Layer height: 0.1
;MINX:208.507
;MINY:197.163
;MINZ:0.3
;MAXX:221.412
;MAXY:232.837
;MAXZ:4.6
;TARGET_MACHINE.NAME:ELEGOO NEPTUNE 4 Max
;Generated with Cura_SteamEngine 5.9.0
M82 ;absolute extrusion mode
;ELEGOO NEPTUNE 4 MAX
M220 S100 ;Set the feed speed to 100%
M221 S100 ;Set the flow rate to 100%
M104 S140 ;Start heating extruder
M190 S60 ;Wait for the bed to reach print temp
G90
G28 ;home
G1 Z10 F300
G1 X165 Y0 F6000
G1 Z0 F300
M109 S235 ;Wait for extruder to reach print temp
G92 E0 ;Reset Extruder
G1 X165 Y0 Z0.4 F300 ;Move to start position
G1 X265 E30 F400 ;Draw the first line
G1 Z0.6 F120.0 ;Move to side a little
G1 X260 F3000
G92 E0 ;Reset Extruder
G92 E0
G92 E0
G1 F2700 E-1.3
;LAYER_COUNT:44
;LAYER:0
M107
M204 S500
G0 F7200 X216.922 Y232.837 Z0.3
;TYPE:SKIRT
G1 F2700 E0
G1 F3600 X213.276 Y232.837 E0.23874
G1 X211.861 Y232.554 E0.33323
G1 X210.691 Y231.908 E0.42075
G1 X209.746 Y231.12 E0.50132
G1 X208.883 Y229.725 E0.60873
G1 X208.816 Y229.562 E0.62027
G1 X208.507 Y228.163 E0.71409
G1 X208.508 Y201.932 E2.43172
G1 X208.791 Y200.517 E2.52621
G1 X209.437 Y199.347 E2.61372
G1 X210.225 Y198.402 E2.69429
G1 X211.62 Y197.539 E2.8017
G1 X211.783 Y197.472 E2.81324
G1 X213.182 Y197.163 E2.90706
G1 X216.643 Y197.163 E3.13369
G1 X218.058 Y197.446 E3.22818
G1 X219.228 Y198.092 E3.31569
G1 X220.175 Y198.882 E3.39645
G1 X221.037 Y200.276 E3.50377
G1 X221.103 Y200.439 E3.51529
G1 X221.412 Y201.841 E3.60929
G1 X221.387 Y228.112 E5.32954
G1 X221.258 Y229.034 E5.3905
G1 X220.768 Y230.252 E5.47647
G1 X220.338 Y230.845 E5.52444
G1 X219.453 Y231.774 E5.60845
G1 X219.11 Y232.026 E5.63632
G1 X218.18 Y232.477 E5.704
G1 X216.922 Y232.837 E5.78968
G0 F7200 X216.847 Y232.312
G1 F3600 X213.329 Y232.312 E6.02005
G1 X212.042 Y232.055 E6.10598
G1 X210.989 Y231.473 E6.18477
G1 X210.147 Y230.771 E6.25655
G1 X209.329 Y229.449 E6.35835
G1 X209.032 Y228.104 E6.44854
G1 X209.033 Y201.985 E8.15884
G1 X209.29 Y200.698 E8.24477
G1 X209.872 Y199.645 E8.32356
G1 X210.574 Y198.803 E8.39534
G1 X211.896 Y197.985 E8.49714
G1 X213.241 Y197.688 E8.58733
G1 X216.59 Y197.688 E8.80663
G1 X217.877 Y197.945 E8.89256
G1 X218.93 Y198.527 E8.97135
G1 X219.772 Y199.229 E9.04313
G1 X220.59 Y200.552 E9.14498
G1 X220.887 Y201.899 E9.2353
G1 X220.867 Y228.039 E10.94697
G1 X220.747 Y228.898 E11.00377
G1 X220.306 Y229.994 E11.08113
G1 X219.956 Y230.485 E11.12061
G1 X219.13 Y231.36 E11.1994
G1 X218.881 Y231.554 E11.22007
G1 X217.996 Y231.983 E11.28447
G1 X216.847 Y232.312 E11.36273
G0 F7200 X216.773 Y231.787
G1 F3600 X213.382 Y231.787 E11.58478
G1 X212.226 Y231.556 E11.66197
G1 X211.283 Y231.035 E11.73252
G1 X210.55 Y230.424 E11.795
G1 X209.823 Y229.248 E11.88554
G1 X209.557 Y228.045 E11.96621
G1 X209.558 Y202.038 E13.66917
G1 X209.789 Y200.882 E13.74637
G1 X210.31 Y199.939 E13.81691
G1 X210.921 Y199.206 E13.8794
G1 X212.097 Y198.479 E13.96993
G1 X213.3 Y198.213 E14.05061
G1 X216.537 Y198.213 E14.26257
G1 X217.693 Y198.444 E14.33976
G1 X218.636 Y198.965 E14.41031
G1 X219.369 Y199.576 E14.47279
G1 X220.096 Y200.752 E14.56332
G1 X220.362 Y201.957 E14.64413
G1 X220.347 Y227.966 E16.34722
G1 X220.236 Y228.762 E16.39985
G1 X219.843 Y229.738 E16.46874
G1 X219.528 Y230.18 E16.50428
G1 X218.75 Y230.998 E16.57821
G1 X218.6 Y231.107 E16.59035
G1 X217.811 Y231.49 E16.64778
G1 X216.773 Y231.787 E16.71847
G0 F7200 X216.698 Y231.262
G1 F3600 X213.435 Y231.262 E16.93214
G1 X212.41 Y231.057 E17.00058
G1 X211.577 Y230.597 E17.06289
G1 X210.951 Y230.075 E17.11627
G1 X210.317 Y229.05 E17.19519
G1 X210.082 Y227.986 E17.26654
G1 X210.083 Y202.091 E18.96216
G1 X210.288 Y201.066 E19.03061
G1 X210.748 Y200.233 E19.09292
G1 X211.27 Y199.607 E19.14629
G1 X212.295 Y198.973 E19.22521
G1 X213.359 Y198.738 E19.29656
G1 X216.484 Y198.738 E19.50119
G1 X217.509 Y198.943 E19.56964
G1 X218.342 Y199.403 E19.63195
G1 X218.968 Y199.925 E19.68532
G1 X219.602 Y200.95 E19.76424
G1 X219.837 Y202.015 E19.83566
G1 X219.827 Y227.894 E21.53024
G1 X219.725 Y228.626 E21.57863
G1 X219.38 Y229.482 E21.63906
G1 X219.1 Y229.875 E21.67066
G1 X218.371 Y230.635 E21.73962
G1 X217.627 Y230.996 E21.79377
G1 X216.698 Y231.262 E21.85705
G0 F7200 X216.623 Y230.737
G1 F3600 X213.488 Y230.737 E22.06233
G1 X212.594 Y230.558 E22.12203
G1 X211.871 Y230.159 E22.1761
G1 X211.352 Y229.726 E22.22036
G1 X210.811 Y228.852 E22.28767
G1 X210.607 Y227.927 E22.34969
G1 X210.608 Y202.144 E24.03799
G1 X210.787 Y201.25 E24.09769
G1 X211.186 Y200.527 E24.15176
G1 X211.619 Y200.008 E24.19602
G1 X212.493 Y199.467 E24.26333
G1 X213.418 Y199.263 E24.32536
G1 X216.431 Y199.263 E24.52265
G1 X217.325 Y199.442 E24.58235
G1 X218.048 Y199.841 E24.63642
G1 X218.567 Y200.274 E24.68068
G1 X219.108 Y201.148 E24.74799
G1 X219.312 Y202.073 E24.81002
G1 X219.307 Y227.822 E26.49608
G1 X219.214 Y228.49 E26.54025
G1 X218.916 Y229.23 E26.59248
G1 X218.721 Y229.511 E26.61488
G1 X218.055 Y230.205 E26.67786
G1 X217.443 Y230.502 E26.72241
G1 X216.623 Y230.737 E26.77826
G0 F7200 X217.255 Y230.01
G1 F3600 X216.549 Y230.212 E26.82635
G1 X213.541 Y230.212 E27.02332
G1 X212.776 Y230.059 E27.0744
G1 X212.17 Y229.725 E27.11971
G1 X211.754 Y229.377 E27.15522
G1 X211.305 Y228.651 E27.21112
G1 X211.132 Y227.868 E27.26363
G1 X211.133 Y202.197 E28.94459
G1 X211.286 Y201.432 E28.99567
G1 X211.62 Y200.826 E29.04098
G1 X211.968 Y200.41 E29.0765
G1 X212.694 Y199.961 E29.13239
G1 X213.477 Y199.788 E29.1849
G1 X216.378 Y199.788 E29.37486
G1 X217.143 Y199.941 E29.42595
G1 X217.749 Y200.275 E29.47126
G1 X218.165 Y200.623 E29.50677
G1 X218.614 Y201.349 E29.56267
G1 X218.787 Y202.132 E29.61517
G1 X218.787 Y227.75 E31.29266
G1 X218.703 Y228.354 E31.3326
G1 X218.45 Y228.981 E31.37687
G1 X218.342 Y229.147 E31.38984
G1 X217.74 Y229.774 E31.44675
G1 X217.255 Y230.01 E31.48207
G0 F7200 X217.111 Y229.505
G1 F3600 X216.475 Y229.687 E31.52539
G1 X213.594 Y229.687 E31.71404
G1 X212.959 Y229.56 E31.75644
G1 X212.424 Y229.265 E31.79645
G1 X212.155 Y229.028 E31.81992
G1 X211.799 Y228.453 E31.86421
G1 X211.657 Y227.809 E31.90739
G1 X211.658 Y202.25 E33.58102
G1 X211.785 Y201.615 E33.62342
G1 X212.08 Y201.08 E33.66343
G1 X212.317 Y200.811 E33.6869
G1 X212.892 Y200.455 E33.73118
G1 X213.536 Y200.313 E33.77437
G1 X216.325 Y200.313 E33.95699
G1 X216.96 Y200.44 E33.9994
G1 X217.495 Y200.735 E34.0394
G1 X217.764 Y200.972 E34.06288
G1 X218.12 Y201.547 E34.10716
G1 X218.262 Y202.191 E34.15034
G1 X218.262 Y227.75 E35.82397
G1 X218.193 Y228.215 E35.85475
G1 X217.963 Y228.784 E35.89494
G1 X217.426 Y229.344 E35.94574
G1 X217.111 Y229.505 E35.96891
G0 F7200 X216.967 Y229
G1 F3600 X217.107 Y228.919 E35.9795
G1 X217.515 Y228.493 E36.01812
G1 X217.675 Y228.131 E36.04404
G1 X217.737 Y227.75 E36.06932
G1 X217.737 Y202.25 E37.73908
G1 X217.626 Y201.746 E37.77287
G1 X217.396 Y201.347 E37.80303
G1 X217.241 Y201.195 E37.81725
G1 X216.706 Y200.9 E37.85725
G1 X216.325 Y200.838 E37.88253
G1 X213.595 Y200.838 E38.06129
G1 X213.091 Y200.949 E38.09508
G1 X212.692 Y201.179 E38.12524
G1 X212.54 Y201.334 E38.13946
G1 X212.245 Y201.869 E38.17946
G1 X212.183 Y202.25 E38.20474
G1 X212.182 Y227.75 E39.8745
G1 X212.293 Y228.254 E39.90829
G1 X212.523 Y228.653 E39.93845
G1 X212.678 Y228.805 E39.95266
G1 X213.213 Y229.1 E39.99267
G1 X213.594 Y229.162 E40.01795
G1 X216.401 Y229.162 E40.20175
G1 X216.967 Y229 E40.2403
G1 F2700 E38.9403
G0 F7200 X216.648 Y227.914
G1 F2700 E40.2403
G1 F3600 X216.538 Y228.043 E40.2514
G1 X216.325 Y228.112 E40.26606
G1 X213.594 Y228.112 E40.44489
G1 X213.43 Y228.073 E40.45593
G1 X213.301 Y227.963 E40.46703
G1 X213.232 Y227.75 E40.48169
G1 X213.233 Y202.25 E42.15146
G1 X213.272 Y202.086 E42.16249
G1 X213.382 Y201.957 E42.17359
G1 X213.595 Y201.888 E42.18826
G1 X216.325 Y201.888 E42.36702
G1 X216.489 Y201.927 E42.37806
G1 X216.618 Y202.037 E42.38916
G1 X216.687 Y202.25 E42.40382
G1 X216.687 Y227.75 E44.07358
G1 X216.648 Y227.914 E44.08462
G0 F7200 X216.778 Y228.51
G1 F3600 X216.325 Y228.637 E44.11543
G1 X213.594 Y228.637 E44.29425
G1 X213.309 Y228.584 E44.31324
G1 X212.96 Y228.362 E44.34032
G1 X212.802 Y228.125 E44.35897
G1 X212.707 Y227.75 E44.3843
G1 X212.708 Y202.25 E46.05407
G1 X212.761 Y201.965 E46.07305
G1 X212.983 Y201.616 E46.10013
G1 X213.22 Y201.458 E46.11878
G1 X213.595 Y201.363 E46.14412
G1 X216.325 Y201.363 E46.32288
G1 X216.61 Y201.416 E46.34186
G1 X216.959 Y201.638 E46.36894
G1 X217.117 Y201.875 E46.3876
G1 X217.212 Y202.25 E46.41293
G1 X217.212 Y227.75 E48.08269
G1 X217.159 Y228.035 E48.10167
G1 X217.047 Y228.255 E48.11784
G1 X216.778 Y228.51 E48.14211
G1 F2700 E46.84211
;MESH:upperLeftPad.stl
G0 F7200 X212.941 Y228.403
G0 X212.929 Y215
G0 X214.379 Y215
;TYPE:WALL-INNER
G1 F2700 E48.14211
G1 F3606.9 X214.379 Y226.961 E48.92383
G1 F3600 X215.537 Y226.961 E48.99966
G1 X215.537 Y203.035 E50.56636
G1 X214.379 Y203.035 E50.64218
G1 F3606.9 X214.379 Y215 E51.42417
G0 F7200 X213.854 Y215
;TYPE:WALL-OUTER
G1 F3606.9 X213.854 Y227.486 E52.24021
G1 F3600 X216.062 Y227.486 E52.38479
G1 X216.062 Y202.51 E54.02024
G1 X213.854 Y202.51 E54.16482
G1 F3606.9 X213.854 Y215 E54.98112
G0 F7200 X213.854 Y215.2
G1 F2700 E53.68112
G0 F7200 X212.929 Y215.2
G0 X212.929 Y203.614
G0 X214.958 Y203.614
;TYPE:SKIN
G1 F2700 E54.98112
G1 F2795.9 X214.958 Y226.382 E56.90079
M104 S235
G1 F2700 E55.60079
;MESH:NONMESH
G0 F600 X214.958 Y226.382 Z0.4
G0 F7200 X212.929 Y226.382
G0 X210.277 Y201.383
;TIME_ELAPSED:25.561918
;LAYER:1
;note -- min layer time used
M106 S255
M204 S750
;TYPE:SUPPORT
G1 F2700 E56.90079
G1 F3982.8 X211.024 Y201.174 E56.91366
G1 X211.771 Y201.383 E56.92653
G1 X212.32 Y201.96 E56.93974
G1 X212.525 Y202.67 E56.952
G1 X212.316 Y203.422 E56.96494
G1 X212.182 Y203.559 E56.96812
G1 X212.142 Y203.664 E56.96999
G1 X212.182 Y203.809 E56.97248
G1 X212.315 Y203.951 E56.97571
G1 X212.427 Y204.28 E56.98147
G1 X212.536 Y204.345 E56.98358
G1 X212.802 Y204.628 E56.99002
G1 X212.802 Y206.633 E57.02328
G1 X212.518 Y206.916 E57.02993
G1 X211.77 Y207.125 E57.04282
G1 X211.061 Y206.916 E57.05508
G1 X211.011 Y206.88 E57.0561
G1 X210.311 Y206.669 E57.06823
G1 X209.731 Y206.089 E57.08183
G1 X209.523 Y205.379 E57.09411
G1 X209.566 Y205.213 E57.09695
G1 X209.523 Y205.023 E57.10018
G1 X209.566 Y204.83 E57.10346
G1 X209.523 Y204.667 E57.10626
G1 X209.728 Y203.955 E57.11855
G1 X209.879 Y203.792 E57.12224
G1 X209.922 Y203.684 E57.12417
G1 X209.884 Y203.542 E57.1266
G1 X209.731 Y203.385 E57.13024
G1 X209.519 Y202.671 E57.1426
G1 X209.728 Y201.96 E57.15489
G1 X210.277 Y201.383 E57.1681
G1 F2700 E55.8681
G0 F8175 X211.024 Y209.231
G1 F2700 E57.1681
G1 F3982.8 X211.771 Y209.443 E57.18098
G1 X212.316 Y210.016 E57.1941
G1 X212.4 Y210.286 E57.19879
G1 X212.802 Y210.696 E57.20832
G1 X212.802 Y212.697 E57.24151
G1 X212.553 Y212.967 E57.2476
G1 X212.426 Y213.433 E57.25561
G1 X212.525 Y213.822 E57.26227
G1 X212.426 Y214.189 E57.26858
G1 X212.525 Y214.577 E57.27522
G1 X212.422 Y214.949 E57.28162
G1 X212.524 Y215.338 E57.28829
G1 X212.422 Y215.709 E57.29468
G1 X212.525 Y216.102 E57.30142
G1 X212.471 Y216.292 E57.30469
G1 X212.507 Y216.441 E57.30724
G1 X212.802 Y216.756 E57.3144
G1 X212.802 Y218.757 E57.34759
G1 X212.518 Y219.04 E57.35424
G1 X211.77 Y219.249 E57.36712
G1 X211.062 Y219.041 E57.37936
G1 X211.012 Y219.004 E57.3804
G1 X210.311 Y218.793 E57.39254
G1 X209.731 Y218.213 E57.40615
G1 X209.523 Y217.503 E57.41842
G1 X209.566 Y217.337 E57.42126
G1 X209.523 Y217.147 E57.4245
G1 X209.566 Y216.954 E57.42778
G1 X209.523 Y216.791 E57.43057
G1 X209.613 Y216.417 E57.43695
G1 X209.523 Y216.101 E57.4424
G1 X209.626 Y215.739 E57.44865
G1 X209.523 Y215.34 E57.45548
G1 X209.626 Y214.979 E57.46171
G1 X209.523 Y214.58 E57.46855
G1 X209.626 Y214.219 E57.47477
G1 X209.524 Y213.823 E57.48156
G1 X209.626 Y213.463 E57.48776
G1 X209.523 Y213.064 E57.4946
G1 X209.622 Y212.639 E57.50184
G1 X209.524 Y212.307 E57.50758
G1 X209.641 Y211.901 E57.51459
G1 X209.524 Y211.44 E57.52248
G1 X209.566 Y211.242 E57.52584
G1 X209.523 Y211.085 E57.52854
G1 X209.566 Y210.93 E57.53121
G1 X209.523 Y210.728 E57.53463
G1 X209.728 Y210.02 E57.54686
G1 X210.277 Y209.443 E57.56007
G1 X211.024 Y209.231 E57.57295
G1 F2700 E56.27295
G0 F8175 X213.042 Y201.597
G0 X216.878 Y201.597
G0 X217.114 Y212.084
G1 F2700 E57.57295
G1 F3982.8 X217.393 Y211.791 E57.57966
G1 X218.144 Y211.579 E57.59261
G1 X218.896 Y211.791 E57.60557
G1 X219.082 Y211.984 E57.61002
G1 X219.639 Y212.143 E57.61962
G1 X220.188 Y212.72 E57.63284
G1 X220.398 Y213.436 E57.64521
G1 X220.364 Y213.639 E57.64863
G1 X220.395 Y213.749 E57.65052
G1 X220.351 Y213.987 E57.65454
G1 X220.393 Y214.136 E57.65711
G1 X220.35 Y214.335 E57.66048
G1 X220.393 Y214.509 E57.66346
G1 X220.294 Y214.877 E57.66978
G1 X220.393 Y215.266 E57.67644
G1 X220.294 Y215.633 E57.68274
G1 X220.393 Y216.026 E57.68947
G1 X220.294 Y216.393 E57.69577
G1 X220.393 Y216.782 E57.70243
G1 X220.299 Y217.123 E57.7083
G1 X220.393 Y217.542 E57.71542
G1 X220.188 Y218.29 E57.72829
G1 X220.051 Y218.449 E57.73177
G1 X220.037 Y218.569 E57.73377
G1 X220.188 Y218.78 E57.73808
G1 X220.397 Y219.493 E57.7504
G1 X220.355 Y219.694 E57.75381
G1 X220.396 Y219.846 E57.75642
G1 X220.354 Y220.038 E57.75968
G1 X220.394 Y220.197 E57.7624
G1 X220.188 Y220.942 E57.77522
G1 X219.638 Y221.488 E57.78808
G1 X218.89 Y221.697 E57.80096
G1 X218.183 Y221.489 E57.81319
G1 X217.6 Y220.906 E57.82686
G1 X217.466 Y220.469 E57.83445
G1 X217.114 Y220.112 E57.84276
G1 X217.114 Y217.312 E57.88921
G1 X217.382 Y217.023 E57.89575
G1 X217.418 Y216.903 E57.89783
G1 X217.391 Y216.783 E57.89987
G1 X217.494 Y216.423 E57.90608
G1 X217.391 Y216.024 E57.91291
G1 X217.494 Y215.663 E57.91914
G1 X217.392 Y215.267 E57.92593
G1 X217.494 Y214.87 E57.93273
G1 X217.38 Y214.332 E57.94185
G1 X217.114 Y214.057 E57.94819
G1 X217.114 Y212.084 E57.98092
G1 F2700 E56.68092
G0 F8175 X218.183 Y209.365
G1 F2700 E57.98092
G1 F3982.8 X217.6 Y208.782 E57.9946
G1 X217.467 Y208.346 E58.00216
G1 X217.114 Y207.988 E58.0105
G1 X217.114 Y204.312 E58.07148
G1 X217.405 Y203.98 E58.07881
G1 X217.391 Y203.783 E58.08208
G1 X217.494 Y203.423 E58.08829
G1 X217.392 Y203.027 E58.09508
G1 X217.494 Y202.667 E58.10128
G1 X217.391 Y202.267 E58.10814
G1 X217.6 Y201.556 E58.12043
G1 X218.149 Y200.979 E58.13364
G1 X218.893 Y200.767 E58.14647
G1 X219.639 Y200.979 E58.15934
G1 X220.188 Y201.556 E58.17255
G1 X220.397 Y202.265 E58.18481
G1 X220.294 Y202.637 E58.19121
G1 X220.393 Y203.026 E58.19787
G1 X220.294 Y203.393 E58.20418
G1 X220.393 Y203.782 E58.21084
G1 X220.298 Y204.215 E58.21819
G1 X220.393 Y204.542 E58.22384
G1 X220.188 Y205.29 E58.23671
G1 X219.658 Y205.821 E58.24915
G1 X219.611 Y205.911 E58.25084
G1 X219.615 Y206.055 E58.25323
G1 X220.192 Y206.66 E58.26709
G1 X220.397 Y207.368 E58.27932
G1 X220.354 Y207.535 E58.28218
G1 X220.396 Y207.722 E58.28536
G1 X220.354 Y207.914 E58.28862
G1 X220.394 Y208.073 E58.29134
G1 X220.188 Y208.818 E58.30416
G1 X219.638 Y209.364 E58.31702
G1 X218.89 Y209.573 E58.3299
G1 X218.183 Y209.365 E58.34213
G1 F2700 E57.04213
G0 F8175 X218.144 Y223.703
G1 F2700 E58.34213
G1 F3982.8 X218.896 Y223.915 E58.35509
G1 X219.125 Y224.12 E58.36019
G1 X219.639 Y224.267 E58.36906
G1 X220.192 Y224.844 E58.38231
G1 X220.397 Y225.553 E58.39456
G1 X220.354 Y225.723 E58.39746
G1 X220.396 Y225.907 E58.4006
G1 X220.354 Y226.1 E58.40387
G1 X220.393 Y226.256 E58.40654
G1 X220.294 Y226.617 E58.41275
G1 X220.393 Y226.999 E58.4193
G1 X220.188 Y227.742 E58.43208
G1 X219.638 Y228.292 E58.44498
G1 X218.89 Y228.501 E58.45787
G1 X218.183 Y228.289 E58.47011
G1 X217.599 Y227.709 E58.48376
G1 X217.391 Y226.997 E58.49607
G1 X217.486 Y226.659 E58.50189
G1 X217.453 Y226.525 E58.50418
G1 X217.114 Y226.177 E58.51224
G1 X217.114 Y224.208 E58.5449
G1 X217.393 Y223.915 E58.55162
G1 X218.144 Y223.703 E58.56456
G1 F2700 E57.26456
G0 F8175 X216.878 Y228.403
G0 X213.041 Y228.403
G0 X212.802 Y223.703
G1 F2700 E58.56456
G1 F3982.8 X212.802 Y225.728 E58.59815
G1 X212.54 Y225.996 E58.60437
G1 X212.422 Y226.389 E58.61118
G1 X212.521 Y226.778 E58.61784
G1 X212.422 Y227.149 E58.62421
G1 X212.521 Y227.542 E58.63093
G1 X212.316 Y228.286 E58.64373
G1 X211.77 Y228.832 E58.65654
G1 X211.022 Y229.041 E58.66942
G1 X210.311 Y228.833 E58.68171
G1 X209.731 Y228.253 E58.69532
G1 X209.519 Y227.539 E58.70767
G1 X209.622 Y227.179 E58.71388
G1 X209.519 Y226.78 E58.72072
G1 X209.622 Y226.419 E58.72695
G1 X209.523 Y226.021 E58.73375
G1 X209.623 Y225.677 E58.73969
G1 X209.524 Y225.259 E58.74682
G1 X209.772 Y224.416 E58.7614
G1 X209.523 Y223.563 E58.77614
G1 X209.566 Y223.395 E58.77901
G1 X209.524 Y223.208 E58.78219
G1 X209.566 Y223.017 E58.78544
G1 X209.52 Y222.85 E58.78831
G1 X209.728 Y222.145 E58.8005
G1 X210.277 Y221.567 E58.81373
G1 X211.023 Y221.355 E58.82659
G1 X211.767 Y221.567 E58.83943
G1 X212.316 Y222.14 E58.85259
G1 X212.4 Y222.41 E58.85728
G1 X212.802 Y222.816 E58.86676
G1 X212.802 Y223.703 E58.88147
G1 F2700 E57.58147
;MESH:upperLeftPad.stl
G0 F8175 X214.134 Y223.705
G0 X214.614 Y215.001
G0 X214.322 Y215
M204 S594
;TYPE:WALL-INNER
G1 F2700 E58.88147
G1 F3982.8 X214.322 Y227.118 E59.09307
G1 X215.594 Y227.118 E59.11528
G1 X215.594 Y202.878 E59.53855
G1 X214.322 Y202.878 E59.56076
G1 X214.322 Y215 E59.77243
M204 S750
G0 F8175 X213.902 Y215
M204 S594
;TYPE:WALL-OUTER
G1 F3982.8 X213.902 Y227.538 E59.99136
G1 X216.014 Y227.538 E60.02824
G1 X216.014 Y202.458 E60.46618
G1 X213.902 Y202.458 E60.50306
G1 X213.902 Y215 E60.72206
M204 S750
G0 F8175 X213.902 Y215.2
G0 X214.732 Y215
;TYPE:SKIN
G1 F3733.8 X214.732 Y203.288 E60.94021
G1 X215.18 Y203.288 E60.94855
G1 X215.18 Y226.704 E61.38469
G1 X214.732 Y226.704 E61.39303
G1 X214.732 Y215 E61.61103
G0 F8175 X214.934 Y215
G1 F2700 E60.31103
;MESH:NONMESH
G0 F600 X214.934 Y215 Z0.5
G0 F8175 X214.129 Y202.684
G0 X213.029 Y202.684
G0 X210.321 Y201.455
;TIME_ELAPSED:38.007446
;LAYER:2
;note -- min layer time used
M204 S1000
;TYPE:SUPPORT
G1 F2700 E61.61103
G1 F3909 X211.024 Y201.259 E61.62313
G1 X211.727 Y201.455 E61.63524
G1 X212.248 Y202 E61.64775
G1 X212.441 Y202.67 E61.65931
G1 X212.244 Y203.377 E61.67149
G1 X212.074 Y203.545 E61.67545
G1 X212.026 Y203.66 E61.67752
G1 X212.042 Y203.762 E61.67923
G1 X212.245 Y203.993 E61.68433
G1 X212.358 Y204.326 E61.69017
G1 X212.478 Y204.402 E61.69252
G1 X212.802 Y204.748 E61.70039
G1 X212.802 Y206.52 E61.72978
G1 X212.478 Y206.84 E61.73734
G1 X211.77 Y207.041 E61.74955
G1 X211.102 Y206.845 E61.76109
G1 X211.05 Y206.806 E61.76217
G1 X210.355 Y206.597 E61.77421
G1 X209.803 Y206.049 E61.78711
G1 X209.607 Y205.379 E61.79869
G1 X209.65 Y205.216 E61.80149
G1 X209.608 Y205.024 E61.80475
G1 X209.65 Y204.832 E61.80801
G1 X209.607 Y204.667 E61.81084
G1 X209.8 Y203.996 E61.82242
G1 X209.984 Y203.801 E61.82687
G1 X210.034 Y203.684 E61.82898
G1 X210.02 Y203.586 E61.83062
G1 X209.803 Y203.345 E61.836
G1 X209.603 Y202.671 E61.84766
G1 X209.8 Y202 E61.85926
G1 X210.321 Y201.455 E61.87177
G1 F2700 E60.57177
G0 F9150 X211.023 Y209.315
G1 F2700 E61.87177
G1 F3909 X211.727 Y209.515 E61.88391
G1 X212.248 Y210.06 E61.89642
G1 X212.361 Y210.394 E61.90227
G1 X212.478 Y210.466 E61.90455
G1 X212.802 Y210.808 E61.91236
G1 X212.802 Y212.58 E61.94176
G1 X212.544 Y212.862 E61.9481
G1 X212.434 Y213.09 E61.9523
G1 X212.342 Y213.432 E61.95817
G1 X212.441 Y213.822 E61.96485
G1 X212.342 Y214.226 E61.97175
G1 X212.441 Y214.577 E61.9778
G1 X212.338 Y214.949 E61.9842
G1 X212.44 Y215.338 E61.99087
G1 X212.338 Y215.746 E61.99785
G1 X212.441 Y216.103 E62.00401
G1 X212.384 Y216.312 E62.0076
G1 X212.394 Y216.438 E62.0097
G1 X212.802 Y216.872 E62.01958
G1 X212.802 Y218.644 E62.04898
G1 X212.478 Y218.964 E62.05653
G1 X211.77 Y219.165 E62.06874
G1 X211.097 Y218.967 E62.08038
G1 X211.047 Y218.932 E62.08139
G1 X210.351 Y218.721 E62.09345
G1 X209.803 Y218.173 E62.10631
G1 X209.604 Y217.506 E62.11786
G1 X209.65 Y217.34 E62.12071
G1 X209.607 Y217.149 E62.12396
G1 X209.65 Y216.953 E62.12729
G1 X209.607 Y216.791 E62.13007
G1 X209.698 Y216.46 E62.13576
G1 X209.607 Y216.101 E62.14191
G1 X209.71 Y215.702 E62.14874
G1 X209.607 Y215.34 E62.15499
G1 X209.71 Y214.942 E62.16181
G1 X209.607 Y214.58 E62.16805
G1 X209.71 Y214.219 E62.17428
G1 X209.607 Y213.823 E62.18107
G1 X209.71 Y213.46 E62.18733
G1 X209.607 Y213.063 E62.19413
G1 X209.714 Y212.677 E62.20077
G1 X209.616 Y212.305 E62.20715
G1 X209.725 Y211.846 E62.21498
G1 X209.607 Y211.441 E62.22198
G1 X209.649 Y211.241 E62.22537
G1 X209.607 Y211.085 E62.22805
G1 X209.65 Y210.892 E62.23133
G1 X209.607 Y210.731 E62.23409
G1 X209.8 Y210.056 E62.24574
G1 X210.317 Y209.515 E62.25815
G1 X211.023 Y209.315 E62.27032
G1 F2700 E60.97032
G0 F9150 X213.092 Y201.597
G0 X216.828 Y201.597
G0 X217.114 Y212.205
G1 F2700 E62.27032
G1 F3909 X217.441 Y211.863 E62.27817
G1 X218.145 Y211.663 E62.29031
G1 X218.851 Y211.863 E62.30249
G1 X219.067 Y212.063 E62.30737
G1 X219.599 Y212.215 E62.31655
G1 X220.116 Y212.76 E62.32901
G1 X220.314 Y213.437 E62.34071
G1 X220.278 Y213.598 E62.34345
G1 X220.314 Y213.756 E62.34614
G1 X220.271 Y213.986 E62.35002
G1 X220.31 Y214.137 E62.3526
G1 X220.266 Y214.34 E62.35605
G1 X220.312 Y214.51 E62.35897
G1 X220.21 Y214.914 E62.36588
G1 X220.309 Y215.266 E62.37195
G1 X220.21 Y215.637 E62.37832
G1 X220.309 Y216.026 E62.38498
G1 X220.21 Y216.43 E62.39188
G1 X220.309 Y216.782 E62.39794
G1 X220.209 Y217.225 E62.40548
G1 X220.301 Y217.538 E62.41089
G1 X220.103 Y218.251 E62.42316
G1 X219.929 Y218.459 E62.42766
G1 X219.945 Y218.632 E62.43054
G1 X220.116 Y218.823 E62.4348
G1 X220.309 Y219.49 E62.44631
G1 X220.267 Y219.704 E62.44993
G1 X220.312 Y219.856 E62.45256
G1 X220.275 Y219.996 E62.45496
G1 X220.31 Y220.19 E62.45823
G1 X220.112 Y220.898 E62.47043
G1 X219.598 Y221.416 E62.48253
G1 X218.89 Y221.613 E62.49473
G1 X218.223 Y221.417 E62.50626
G1 X217.671 Y220.865 E62.51921
G1 X217.533 Y220.427 E62.52683
G1 X217.114 Y220.008 E62.53666
G1 X217.114 Y217.428 E62.57945
G1 X217.433 Y217.082 E62.58726
G1 X217.494 Y216.879 E62.59078
G1 X217.476 Y216.779 E62.59246
G1 X217.578 Y216.423 E62.59861
G1 X217.476 Y216.027 E62.60539
G1 X217.578 Y215.63 E62.61219
G1 X217.475 Y215.268 E62.61843
G1 X217.578 Y214.87 E62.62525
G1 X217.477 Y214.514 E62.63139
G1 X217.498 Y214.411 E62.63313
G1 X217.449 Y214.28 E62.63545
G1 X217.114 Y213.945 E62.64331
G1 X217.114 Y212.205 E62.67218
G1 F2700 E61.37218
G0 F9150 X218.223 Y209.293
G1 F2700 E62.67218
G1 F3909 X217.671 Y208.741 E62.68513
G1 X217.542 Y208.308 E62.69262
G1 X217.114 Y207.884 E62.70262
G1 X217.114 Y204.428 E62.75995
G1 X217.413 Y204.112 E62.76716
G1 X217.494 Y203.879 E62.77125
G1 X217.476 Y203.781 E62.77291
G1 X217.578 Y203.423 E62.77908
G1 X217.476 Y203.027 E62.78587
G1 X217.578 Y202.667 E62.79207
G1 X217.475 Y202.267 E62.79892
G1 X217.672 Y201.596 E62.81052
G1 X218.189 Y201.051 E62.82299
G1 X218.893 Y200.851 E62.83513
G1 X219.599 Y201.051 E62.8473
G1 X220.116 Y201.596 E62.85976
G1 X220.313 Y202.265 E62.87133
G1 X220.21 Y202.637 E62.87773
G1 X220.309 Y203.026 E62.88439
G1 X220.21 Y203.43 E62.89129
G1 X220.309 Y203.782 E62.89736
G1 X220.208 Y204.148 E62.90365
G1 X220.301 Y204.538 E62.91031
G1 X220.104 Y205.25 E62.92256
G1 X219.533 Y205.819 E62.93593
G1 X219.49 Y205.909 E62.93759
G1 X219.497 Y206.048 E62.9399
G1 X220.116 Y206.697 E62.95477
G1 X220.313 Y207.369 E62.96639
G1 X220.27 Y207.537 E62.96927
G1 X220.312 Y207.722 E62.97241
G1 X220.27 Y207.908 E62.97558
G1 X220.313 Y208.073 E62.97841
G1 X220.112 Y208.774 E62.9905
G1 X219.598 Y209.292 E63.00261
G1 X218.89 Y209.489 E63.0148
G1 X218.223 Y209.293 E63.02633
G1 F2700 E61.72633
G0 F9150 X216.828 Y228.403
G0 X213.091 Y228.403
G0 X211.727 Y221.639
G1 F2700 E63.02633
G1 F3909 X212.244 Y222.18 E63.03874
G1 X212.357 Y222.514 E63.04459
G1 X212.475 Y222.587 E63.0469
G1 X212.802 Y222.932 E63.05478
G1 X212.802 Y225.616 E63.0993
G1 X212.562 Y225.859 E63.10497
G1 X212.424 Y226.086 E63.10938
G1 X212.338 Y226.426 E63.11519
G1 X212.437 Y226.778 E63.12126
G1 X212.338 Y227.149 E63.12763
G1 X212.437 Y227.539 E63.1343
G1 X212.244 Y228.246 E63.14646
G1 X211.726 Y228.76 E63.15857
G1 X211.022 Y228.957 E63.17069
G1 X210.351 Y228.761 E63.18229
G1 X209.803 Y228.213 E63.19515
G1 X209.603 Y227.539 E63.20681
G1 X209.706 Y227.142 E63.21361
G1 X209.603 Y226.78 E63.21985
G1 X209.706 Y226.382 E63.22667
G1 X209.603 Y226.017 E63.23297
G1 X209.714 Y225.628 E63.23968
G1 X209.62 Y225.265 E63.2459
G1 X209.887 Y224.381 E63.26122
G1 X209.803 Y224.233 E63.26404
G1 X209.607 Y223.563 E63.27562
G1 X209.649 Y223.361 E63.27904
G1 X209.608 Y223.208 E63.28167
G1 X209.65 Y223.015 E63.28494
G1 X209.604 Y222.849 E63.2878
G1 X209.8 Y222.18 E63.29937
G1 X210.317 Y221.639 E63.31178
G1 X211.023 Y221.439 E63.32395
G1 X211.727 Y221.639 E63.33609
G1 F2700 E62.03609
G0 F9150 X213.091 Y228.403
G0 X216.828 Y228.403
G0 X217.114 Y224.329
G1 F2700 E63.33609
G1 F3909 X217.441 Y223.987 E63.34394
G1 X218.145 Y223.787 E63.35608
G1 X218.851 Y223.987 E63.36825
G1 X219.066 Y224.186 E63.37311
G1 X219.599 Y224.339 E63.38231
G1 X220.116 Y224.884 E63.39477
G1 X220.309 Y225.555 E63.40636
G1 X220.266 Y225.721 E63.4092
G1 X220.309 Y225.915 E63.4125
G1 X220.27 Y226.104 E63.4157
G1 X220.31 Y226.258 E63.41834
G1 X220.214 Y226.616 E63.42449
G1 X220.309 Y226.994 E63.43095
G1 X220.112 Y227.702 E63.44314
G1 X219.598 Y228.216 E63.4552
G1 X218.89 Y228.413 E63.46739
G1 X218.223 Y228.217 E63.47892
G1 X217.671 Y227.669 E63.49183
G1 X217.475 Y226.997 E63.50344
G1 X217.578 Y226.636 E63.50967
G1 X217.542 Y226.497 E63.51205
G1 X217.114 Y226.068 E63.5221
G1 X217.114 Y224.329 E63.55095
G1 F2700 E62.25095
;MESH:upperLeftPad.stl
G0 F9150 X215.735 Y224.329
G0 X214.664 Y215.001
G0 X214.374 Y215
M204 S688
;TYPE:WALL-INNER
G1 F2700 E63.55095
G1 F3909 X214.374 Y227.118 E63.76255
G1 X215.542 Y227.118 E63.78294
G1 X215.542 Y202.878 E64.20621
G1 X214.374 Y202.878 E64.22661
G1 X214.374 Y215 E64.43828
M204 S1000
G0 F9150 X213.954 Y215
M204 S688
;TYPE:WALL-OUTER
G1 F3909 X213.954 Y227.538 E64.65721
G1 X215.962 Y227.538 E64.69227
G1 X215.962 Y202.458 E65.13021
G1 X213.954 Y202.458 E65.16527
G1 X213.954 Y215 E65.38427
M204 S1000
G0 F9150 X213.954 Y215.2
G0 X214.758 Y215
;TYPE:SKIN
G1 F4146 X214.758 Y203.262 E65.57753
G1 X215.154 Y203.262 E65.58405
G1 X215.154 Y226.73 E65.97042
G1 X214.758 Y226.73 E65.97694
G1 X214.758 Y215 E66.17006
G0 F9150 X214.935 Y215
G1 F2700 E64.87006
;MESH:NONMESH
G0 F600 X214.935 Y215 Z0.6
G0 F9150 X214.179 Y202.684
G0 X213.079 Y202.684
G0 X210.361 Y201.527
;TIME_ELAPSED:49.748996
;LAYER:3
;note -- min layer time used
M204 S1250
;TYPE:SUPPORT
G1 F2700 E66.17006
G1 F3810.9 X211.024 Y201.342 E66.18147
G1 X211.687 Y201.527 E66.19289
G1 X212.176 Y202.04 E66.20465
G1 X212.357 Y202.67 E66.21552
G1 X212.172 Y203.338 E66.22702
G1 X211.936 Y203.593 E66.23279
G1 X211.937 Y203.768 E66.23569
G1 X212.172 Y204.035 E66.24159
G1 X212.289 Y204.389 E66.24777
G1 X212.433 Y204.473 E66.25054
G1 X212.854 Y204.916 E66.26068
G1 X212.854 Y206.356 E66.28456
G1 X212.434 Y206.772 E66.29437
G1 X211.77 Y206.957 E66.3058
G1 X211.144 Y206.774 E66.31662
G1 X211.063 Y206.719 E66.31825
G1 X210.399 Y206.525 E66.32972
G1 X209.883 Y206.012 E66.34179
G1 X209.695 Y205.378 E66.35276
G1 X209.734 Y205.226 E66.35537
G1 X209.691 Y205.026 E66.35876
G1 X209.734 Y204.829 E66.3621
G1 X209.688 Y204.666 E66.36491
G1 X209.876 Y204.036 E66.37582
G1 X210.126 Y203.755 E66.38206
G1 X210.129 Y203.579 E66.38498
G1 X209.875 Y203.305 E66.39118
G1 X209.687 Y202.671 E66.40215
G1 X209.872 Y202.04 E66.41305
G1 X210.361 Y201.527 E66.42481
G1 F2700 E65.12481
G0 F10125 X211.024 Y209.399
G1 F2700 E66.42481
G1 F3810.9 X211.687 Y209.587 E66.43624
G1 X212.172 Y210.096 E66.44791
G1 X212.292 Y210.457 E66.45422
G1 X212.437 Y210.536 E66.45696
G1 X212.854 Y210.976 E66.46701
G1 X212.854 Y212.419 E66.49095
G1 X212.689 Y212.596 E66.49496
G1 X212.581 Y212.959 E66.50125
G1 X212.39 Y213.161 E66.50586
G1 X212.287 Y213.515 E66.51197
G1 X212.357 Y213.821 E66.51718
G1 X212.258 Y214.226 E66.5241
G1 X212.357 Y214.578 E66.53016
G1 X212.258 Y214.986 E66.53713
G1 X212.357 Y215.337 E66.54318
G1 X212.254 Y215.709 E66.54958
G1 X212.357 Y216.1 E66.55629
G1 X212.294 Y216.383 E66.5611
G1 X212.337 Y216.492 E66.56304
G1 X212.854 Y217.04 E66.57554
G1 X212.854 Y218.48 E66.59942
G1 X212.434 Y218.896 E66.60923
G1 X211.77 Y219.081 E66.62067
G1 X211.138 Y218.895 E66.63159
G1 X211.085 Y218.857 E66.63268
G1 X210.399 Y218.653 E66.64455
G1 X209.879 Y218.137 E66.6567
G1 X209.695 Y217.503 E66.66765
G1 X209.733 Y217.311 E66.6709
G1 X209.688 Y217.15 E66.67367
G1 X209.734 Y216.95 E66.67708
G1 X209.691 Y216.791 E66.67981
G1 X209.782 Y216.457 E66.68555
G1 X209.688 Y216.099 E66.69169
G1 X209.79 Y215.702 E66.69849
G1 X209.691 Y215.34 E66.70472
G1 X209.79 Y214.942 E66.71152
G1 X209.691 Y214.58 E66.71774
G1 X209.79 Y214.182 E66.72455
G1 X209.691 Y213.823 E66.73073
G1 X209.79 Y213.432 E66.73742
G1 X209.691 Y213.065 E66.74372
G1 X209.862 Y212.461 E66.75413
G1 X209.828 Y212.299 E66.75688
G1 X209.885 Y212.095 E66.76039
G1 X209.695 Y211.439 E66.77172
G1 X209.732 Y211.237 E66.77513
G1 X209.691 Y211.086 E66.77773
G1 X209.734 Y210.889 E66.78107
G1 X209.688 Y210.726 E66.78388
G1 X209.872 Y210.101 E66.79469
G1 X210.361 Y209.587 E66.80646
G1 X211.024 Y209.399 E66.81789
G1 F2700 E65.51789
G0 F10125 X213.142 Y201.597
G0 X216.778 Y201.597
G0 X217.062 Y212.376
G1 F2700 E66.81789
G1 F3810.9 X217.481 Y211.935 E66.82798
G1 X218.145 Y211.747 E66.83943
G1 X218.812 Y211.935 E66.85092
G1 X219.017 Y212.13 E66.85562
G1 X219.555 Y212.287 E66.86491
G1 X220.044 Y212.8 E66.87667
G1 X220.23 Y213.436 E66.88766
G1 X220.194 Y213.623 E66.89082
G1 X220.227 Y213.751 E66.89301
G1 X220.187 Y213.983 E66.89692
G1 X220.229 Y214.134 E66.89952
G1 X220.182 Y214.343 E66.90307
G1 X220.225 Y214.506 E66.90587
G1 X220.126 Y214.914 E66.91283
G1 X220.225 Y215.266 E66.9189
G1 X220.126 Y215.674 E66.92586
G1 X220.225 Y216.026 E66.93193
G1 X220.126 Y216.43 E66.93883
G1 X220.229 Y216.783 E66.94493
G1 X220.108 Y217.221 E66.95247
G1 X220.185 Y217.535 E66.95783
G1 X219.994 Y218.202 E66.96934
G1 X219.784 Y218.444 E66.97465
G1 X219.8 Y218.591 E66.97711
G1 X220.044 Y218.863 E66.98317
G1 X220.226 Y219.495 E66.99408
G1 X220.187 Y219.7 E66.99754
G1 X220.228 Y219.85 E67.00012
G1 X220.186 Y220.045 E67.00343
G1 X220.228 Y220.196 E67.00603
G1 X220.04 Y220.858 E67.01745
G1 X219.554 Y221.344 E67.02885
G1 X218.89 Y221.529 E67.04028
G1 X218.263 Y221.345 E67.05112
G1 X217.739 Y220.821 E67.06341
G1 X217.572 Y220.36 E67.07155
G1 X217.063 Y219.844 E67.08357
G1 X217.062 Y217.597 E67.12084
G1 X217.278 Y217.365 E67.1261
G1 X217.435 Y216.863 E67.13483
G1 X217.583 Y216.698 E67.1385
G1 X217.662 Y216.386 E67.14384
G1 X217.56 Y216.025 E67.15007
G1 X217.662 Y215.63 E67.15683
G1 X217.559 Y215.268 E67.16308
G1 X217.662 Y214.87 E67.1699
G1 X217.56 Y214.512 E67.17607
G1 X217.586 Y214.395 E67.17806
G1 X217.556 Y214.282 E67.18
G1 X217.062 Y213.781 E67.19167
G1 X217.062 Y212.376 E67.21498
G1 F2700 E65.91498
G0 F10125 X218.263 Y209.221
G1 F2700 E67.21498
G1 F3810.9 X217.739 Y208.697 E67.22727
G1 X217.549 Y208.207 E67.23599
G1 X217.063 Y207.72 E67.2474
G1 X217.062 Y204.597 E67.29921
G1 X217.275 Y204.369 E67.30438
G1 X217.435 Y203.863 E67.31319
G1 X217.561 Y203.734 E67.31618
G1 X217.662 Y203.386 E67.32219
G1 X217.559 Y203.024 E67.32843
G1 X217.662 Y202.626 E67.33525
G1 X217.559 Y202.263 E67.34151
G1 X217.744 Y201.637 E67.35234
G1 X218.233 Y201.123 E67.36411
G1 X218.893 Y200.935 E67.37549
G1 X219.555 Y201.123 E67.38691
G1 X220.044 Y201.636 E67.39867
G1 X220.229 Y202.265 E67.40954
G1 X220.126 Y202.636 E67.41593
G1 X220.225 Y203.026 E67.4226
G1 X220.126 Y203.43 E67.4295
G1 X220.229 Y203.783 E67.4356
G1 X220.108 Y204.221 E67.44314
G1 X220.185 Y204.535 E67.4485
G1 X219.993 Y205.203 E67.46003
G1 X219.379 Y205.796 E67.47419
G1 X219.345 Y205.953 E67.47686
G1 X219.399 Y206.061 E67.47886
G1 X220.044 Y206.74 E67.4944
G1 X220.229 Y207.369 E67.50527
G1 X220.186 Y207.535 E67.50812
G1 X220.228 Y207.726 E67.51136
G1 X220.186 Y207.921 E67.51467
G1 X220.228 Y208.072 E67.51727
G1 X220.04 Y208.734 E67.52869
G1 X219.554 Y209.22 E67.54009
G1 X218.89 Y209.405 E67.55152
G1 X218.263 Y209.221 E67.56236
G1 F2700 E66.26236
G0 F10125 X216.778 Y228.403
G0 X213.141 Y228.403
G0 X211.683 Y221.711
G1 F2700 E67.56236
G1 F3810.9 X212.172 Y222.22 E67.57407
G1 X212.29 Y222.582 E67.58039
G1 X212.437 Y222.665 E67.58319
G1 X212.854 Y223.101 E67.5932
G1 X212.854 Y225.451 E67.63218
G1 X212.69 Y225.626 E67.63616
G1 X212.594 Y225.936 E67.64154
G1 X212.435 Y226.091 E67.64522
G1 X212.295 Y226.504 E67.65246
G1 X212.354 Y226.779 E67.65712
G1 X212.254 Y227.149 E67.66348
G1 X212.357 Y227.539 E67.67017
G1 X212.172 Y228.202 E67.68159
G1 X211.686 Y228.688 E67.69299
G1 X211.022 Y228.873 E67.70443
G1 X210.391 Y228.689 E67.71533
G1 X209.875 Y228.173 E67.72744
G1 X209.687 Y227.539 E67.7384
G1 X209.79 Y227.179 E67.74462
G1 X209.687 Y226.78 E67.75145
G1 X209.791 Y226.405 E67.75791
G1 X209.687 Y226.015 E67.7646
G1 X209.869 Y225.391 E67.77539
G1 X209.847 Y225.271 E67.77741
G1 X210.075 Y224.513 E67.79054
G1 X210.058 Y224.384 E67.7927
G1 X209.879 Y224.192 E67.79705
G1 X209.695 Y223.563 E67.80792
G1 X209.733 Y223.369 E67.8112
G1 X209.688 Y223.207 E67.81399
G1 X209.73 Y223.014 E67.81727
G1 X209.687 Y222.853 E67.82003
G1 X209.872 Y222.225 E67.83089
G1 X210.361 Y221.711 E67.84266
G1 X211.023 Y221.523 E67.85408
G1 X211.683 Y221.711 E67.86546
G1 F2700 E66.56546
G0 F10125 X213.141 Y228.403
G0 X216.778 Y228.403
G0 X217.062 Y224.5
G1 F2700 E67.86546
G1 F3810.9 X217.481 Y224.059 E67.87555
G1 X218.145 Y223.871 E67.887
G1 X218.812 Y224.059 E67.8985
G1 X219.031 Y224.26 E67.90343
G1 X219.555 Y224.411 E67.91247
G1 X220.044 Y224.924 E67.92423
G1 X220.229 Y225.554 E67.93512
G1 X220.186 Y225.723 E67.93802
G1 X220.228 Y225.913 E67.94124
G1 X220.186 Y226.106 E67.94452
G1 X220.229 Y226.259 E67.94716
G1 X220.13 Y226.652 E67.95388
G1 X220.225 Y226.997 E67.95981
G1 X220.04 Y227.658 E67.9712
G1 X219.554 Y228.144 E67.9826
G1 X218.89 Y228.329 E67.99404
G1 X218.263 Y228.145 E68.00488
G1 X217.743 Y227.629 E68.01703
G1 X217.559 Y226.996 E68.02796
G1 X217.666 Y226.618 E68.03448
G1 X217.642 Y226.485 E68.03672
G1 X217.062 Y225.905 E68.05033
G1 X217.062 Y224.5 E68.07364
G1 F2700 E66.77364
;MESH:upperLeftPad.stl
G0 F10125 X215.685 Y224.5
G0 X214.714 Y215.001
G0 X214.422 Y215
M204 S781
;TYPE:WALL-INNER
G1 F2700 E68.07364
G1 F3810.9 X214.422 Y227.118 E68.28524
G1 X215.494 Y227.118 E68.30395
G1 X215.494 Y202.878 E68.72722
G1 X214.422 Y202.878 E68.74594
G1 X214.422 Y215 E68.95761
M204 S1250
G0 F10125 X214.002 Y215
M204 S781
;TYPE:WALL-OUTER
G1 F3810.9 X214.002 Y227.538 E69.17654
G1 X215.914 Y227.538 E69.20993
G1 X215.914 Y202.458 E69.64787
G1 X214.002 Y202.458 E69.68125
G1 X214.002 Y215 E69.90026
M204 S1250
G0 F10125 X214.002 Y215.2
G0 X214.782 Y215
;TYPE:SKIN
G1 F4599.3 X214.782 Y203.238 E70.07043
G1 X215.13 Y203.238 E70.07547
G1 X215.13 Y226.754 E70.4157
G1 X214.782 Y226.754 E70.42073
G1 X214.782 Y215 E70.59079
G0 F10125 X214.885 Y215
G1 F2700 E69.29079
;MESH:NONMESH
G0 F600 X214.885 Y215 Z0.7
G0 F10125 X214.229 Y202.684
G0 X213.129 Y202.684
G0 X210.401 Y201.599
;TIME_ELAPSED:60.733372
;LAYER:4
;note -- min layer time used
M204 S1500
;TYPE:SUPPORT
G1 F2700 E70.59079
G1 F3461 X211.024 Y201.423 E70.60153
G1 X211.647 Y201.599 E70.61227
G1 X212.104 Y202.08 E70.62328
G1 X212.273 Y202.673 E70.63351
G1 X212.1 Y203.298 E70.64426
G1 X211.871 Y203.527 E70.64964
G1 X211.81 Y203.656 E70.652
G1 X211.865 Y203.819 E70.65486
G1 X212.1 Y204.071 E70.66057
G1 X212.204 Y204.419 E70.6666
G1 X212.287 Y204.507 E70.6686
G1 X212.437 Y204.553 E70.67121
G1 X212.902 Y205.037 E70.68234
G1 X212.902 Y206.26 E70.70263
G1 X212.447 Y206.708 E70.71322
G1 X211.818 Y206.881 E70.72404
G1 X211.176 Y206.696 E70.73513
G1 X211.098 Y206.631 E70.73681
G1 X210.5 Y206.456 E70.74715
G1 X209.997 Y205.977 E70.75867
G1 X209.812 Y205.376 E70.7691
G1 X209.834 Y205.268 E70.77093
G1 X209.771 Y205.025 E70.77509
G1 X209.814 Y204.828 E70.77844
G1 X209.771 Y204.669 E70.78117
G1 X209.944 Y204.076 E70.79142
G1 X210.195 Y203.811 E70.79747
G1 X210.254 Y203.684 E70.79979
G1 X210.195 Y203.517 E70.80273
G1 X209.947 Y203.269 E70.80855
G1 X209.771 Y202.671 E70.81889
G1 X209.944 Y202.08 E70.82911
G1 X210.401 Y201.599 E70.84011
G1 F2700 E69.54011
G0 F11100 X211.023 Y209.483
G1 F2700 E70.84011
G1 F3461 X211.643 Y209.659 E70.8508
G1 X212.1 Y210.137 E70.86177
G1 X212.224 Y210.511 E70.86831
G1 X212.436 Y210.615 E70.87223
G1 X212.902 Y211.097 E70.88335
G1 X212.902 Y212.321 E70.90365
G1 X212.79 Y212.455 E70.90655
G1 X212.654 Y212.913 E70.91447
G1 X212.47 Y213.1 E70.91883
G1 X212.158 Y214.169 E70.9373
G1 X212.273 Y214.578 E70.94435
G1 X212.174 Y214.986 E70.95131
G1 X212.273 Y215.338 E70.95738
G1 X212.174 Y215.746 E70.96434
G1 X212.277 Y216.102 E70.97049
G1 X212.186 Y216.466 E70.97671
G1 X212.208 Y216.544 E70.97806
G1 X212.305 Y216.638 E70.9803
G1 X212.436 Y216.676 E70.98256
G1 X212.902 Y217.166 E70.99378
G1 X212.902 Y218.376 E71.01385
G1 X212.443 Y218.832 E71.02458
G1 X211.814 Y219.005 E71.03541
G1 X211.176 Y218.82 E71.04642
G1 X211.107 Y218.762 E71.04792
G1 X210.492 Y218.58 E71.05856
G1 X209.993 Y218.102 E71.07002
G1 X209.808 Y217.497 E71.08052
G1 X209.83 Y217.385 E71.08241
G1 X209.771 Y217.149 E71.08645
G1 X209.814 Y216.949 E71.08984
G1 X209.772 Y216.793 E71.09252
G1 X209.866 Y216.426 E71.0988
G1 X209.772 Y216.099 E71.10445
G1 X209.874 Y215.702 E71.11125
G1 X209.771 Y215.34 E71.11749
G1 X209.874 Y214.942 E71.12431
G1 X209.771 Y214.58 E71.13055
G1 X209.874 Y214.179 E71.13742
G1 X209.771 Y213.819 E71.14363
G1 X209.872 Y213.373 E71.15122
G1 X209.779 Y213.063 E71.15659
G1 X209.957 Y212.454 E71.16711
G1 X210.057 Y212.264 E71.17067
G1 X209.807 Y211.436 E71.18502
G1 X209.831 Y211.322 E71.18695
G1 X209.771 Y211.088 E71.19096
G1 X209.814 Y210.889 E71.19434
G1 X209.771 Y210.729 E71.19709
G1 X209.944 Y210.14 E71.20727
G1 X210.401 Y209.659 E71.21828
G1 X211.023 Y209.483 E71.229
G1 F2700 E69.929
G0 F11100 X213.192 Y201.597
G0 X216.728 Y201.597
G0 X217.015 Y212.491
G1 F2700 E71.229
G1 F3461 X217.484 Y212 E71.24026
G1 X218.119 Y211.826 E71.25119
G1 X218.768 Y212.004 E71.26235
G1 X218.983 Y212.205 E71.26723
G1 X219.515 Y212.355 E71.2764
G1 X219.976 Y212.84 E71.2875
G1 X220.146 Y213.436 E71.29778
G1 X220.11 Y213.593 E71.30045
G1 X220.147 Y213.758 E71.30326
G1 X220.107 Y213.986 E71.3071
G1 X220.145 Y214.131 E71.30959
G1 X220.098 Y214.339 E71.31312
G1 X220.145 Y214.511 E71.31608
G1 X220.046 Y214.914 E71.32296
G1 X220.145 Y215.265 E71.32901
G1 X220.042 Y215.636 E71.3354
G1 X220.144 Y216.026 E71.34209
G1 X220.044 Y216.451 E71.34933
G1 X220.145 Y216.783 E71.35509
G1 X219.959 Y217.455 E71.36665
G1 X219.962 Y217.494 E71.3673
G1 X219.777 Y218.14 E71.37845
G1 X219.625 Y218.294 E71.38204
G1 X219.593 Y218.449 E71.38467
G1 X219.627 Y218.532 E71.38615
G1 X219.968 Y218.9 E71.39448
G1 X220.145 Y219.496 E71.40479
G1 X220.106 Y219.656 E71.40752
G1 X220.145 Y219.846 E71.41074
G1 X220.106 Y220.043 E71.41407
G1 X220.146 Y220.196 E71.41669
G1 X219.972 Y220.818 E71.42741
G1 X219.514 Y221.272 E71.4381
G1 X218.894 Y221.445 E71.44878
G1 X218.303 Y221.273 E71.45899
G1 X217.815 Y220.785 E71.47044
G1 X217.686 Y220.342 E71.4781
G1 X217.518 Y220.212 E71.48162
G1 X217.015 Y219.72 E71.49329
G1 X217.014 Y217.717 E71.52652
G1 X217.163 Y217.554 E71.53018
G1 X217.363 Y216.882 E71.54181
G1 X217.565 Y216.666 E71.54672
G1 X217.694 Y216.248 E71.55397
G1 X217.643 Y216.027 E71.55774
G1 X217.746 Y215.664 E71.564
G1 X217.644 Y215.267 E71.5708
G1 X217.746 Y214.87 E71.5776
G1 X217.643 Y214.509 E71.58382
G1 X217.671 Y214.394 E71.58579
G1 X217.647 Y214.276 E71.58778
G1 X217.014 Y213.655 E71.60249
G1 X217.015 Y212.491 E71.6218
G1 F2700 E70.3218
G0 F11100 X218.303 Y209.149
G1 F2700 E71.6218
G1 F3461 X217.815 Y208.661 E71.63325
G1 X217.642 Y208.152 E71.64217
G1 X217.518 Y208.088 E71.64448
G1 X217.015 Y207.596 E71.65616
G1 X217.014 Y206.429 E71.67551
G1 X217.171 Y206.256 E71.67939
G1 X217.185 Y206.076 E71.68238
G1 X217.014 Y205.877 E71.68674
G1 X217.014 Y204.721 E71.70591
G1 X217.157 Y204.556 E71.70954
G1 X217.363 Y203.883 E71.72121
G1 X217.542 Y203.704 E71.72541
G1 X217.694 Y203.247 E71.7334
G1 X217.643 Y203.027 E71.73715
G1 X217.746 Y202.667 E71.74336
G1 X217.643 Y202.267 E71.75021
G1 X217.812 Y201.676 E71.76041
G1 X218.273 Y201.195 E71.77146
G1 X218.893 Y201.019 E71.78215
G1 X219.515 Y201.195 E71.79287
G1 X219.972 Y201.673 E71.80384
G1 X220.145 Y202.265 E71.81407
G1 X220.042 Y202.637 E71.82048
G1 X220.144 Y203.026 E71.82715
G1 X220.044 Y203.449 E71.83436
G1 X220.145 Y203.783 E71.84015
G1 X219.959 Y204.455 E71.85171
G1 X219.962 Y204.494 E71.85236
G1 X219.777 Y205.139 E71.86349
G1 X219.332 Y205.57 E71.87377
G1 X219.201 Y205.986 E71.881
G1 X219.231 Y206.164 E71.884
G1 X219.318 Y206.236 E71.88587
G1 X219.515 Y206.295 E71.88928
G1 X219.976 Y206.78 E71.90038
G1 X220.146 Y207.371 E71.91058
G1 X220.106 Y207.53 E71.9133
G1 X220.145 Y207.722 E71.91655
G1 X220.106 Y207.919 E71.91989
G1 X220.146 Y208.072 E71.92251
G1 X219.972 Y208.694 E71.93322
G1 X219.514 Y209.148 E71.94392
G1 X218.894 Y209.321 E71.9546
G1 X218.303 Y209.149 E71.96481
G1 F2700 E70.66481
G0 F11100 X216.728 Y228.403
G0 X213.191 Y228.403
G0 X211.643 Y221.779
G1 F2700 E71.96481
G1 F3461 X212.101 Y222.261 E71.97584
G1 X212.204 Y222.599 E71.9817
G1 X212.304 Y222.695 E71.984
G1 X212.44 Y222.736 E71.98636
G1 X212.896 Y223.208 E71.99724
G1 X212.902 Y225.34 E72.03261
G1 X212.798 Y225.466 E72.03532
G1 X212.67 Y225.894 E72.04273
G1 X212.473 Y226.109 E72.04757
G1 X212.158 Y227.133 E72.06534
G1 X212.273 Y227.538 E72.07232
G1 X212.1 Y228.162 E72.08307
G1 X211.642 Y228.62 E72.09381
G1 X211.022 Y228.793 E72.10449
G1 X210.431 Y228.617 E72.11472
G1 X209.943 Y228.129 E72.12617
G1 X209.771 Y227.541 E72.13633
G1 X209.874 Y227.14 E72.1432
G1 X209.771 Y226.777 E72.14946
G1 X209.873 Y226.331 E72.15705
G1 X209.776 Y226.018 E72.16248
G1 X209.955 Y225.426 E72.17274
G1 X210.068 Y225.286 E72.17572
G1 X210.283 Y224.569 E72.18814
G1 X210.266 Y224.44 E72.1903
G1 X209.993 Y224.161 E72.19678
G1 X209.808 Y223.564 E72.20714
G1 X209.835 Y223.447 E72.20914
G1 X209.772 Y223.207 E72.21325
G1 X209.814 Y223.013 E72.21654
G1 X209.771 Y222.853 E72.21929
G1 X209.944 Y222.264 E72.22948
G1 X210.401 Y221.779 E72.24053
G1 X211.023 Y221.606 E72.25124
G1 X211.643 Y221.779 E72.26192
G1 F2700 E70.96192
G0 F11100 X213.191 Y228.403
G0 X216.728 Y228.403
G0 X217.014 Y224.62
G1 F2700 E72.26192
G1 F3461 X217.488 Y224.124 E72.2733
G1 X218.12 Y223.95 E72.28417
G1 X218.768 Y224.128 E72.29532
G1 X218.976 Y224.326 E72.30008
G1 X219.515 Y224.479 E72.30938
G1 X219.972 Y224.964 E72.32043
G1 X220.145 Y225.554 E72.33063
G1 X220.102 Y225.72 E72.33348
G1 X220.145 Y225.915 E72.33679
G1 X220.106 Y226.099 E72.33991
G1 X220.145 Y226.253 E72.34254
G1 X220.046 Y226.616 E72.34879
G1 X220.145 Y226.999 E72.35535
G1 X219.972 Y227.618 E72.36601
G1 X219.514 Y228.076 E72.37675
G1 X218.894 Y228.249 E72.38743
G1 X218.303 Y228.077 E72.39764
G1 X217.815 Y227.589 E72.40909
G1 X217.64 Y226.997 E72.41933
G1 X217.742 Y226.644 E72.42543
G1 X217.665 Y226.373 E72.4301
G1 X217.519 Y226.277 E72.433
G1 X217.014 Y225.776 E72.4448
G1 X217.014 Y224.62 E72.46398
G1 F2700 E71.16398
;MESH:upperLeftPad.stl
G0 F11100 X215.635 Y224.62
G0 X214.764 Y215.001
G0 X214.474 Y215
M204 S875
;TYPE:WALL-INNER
G1 F2700 E72.46398
G1 F3461 X214.474 Y227.118 E72.67557
G1 X215.442 Y227.118 E72.69248
G1 X215.442 Y202.878 E73.11575
G1 X214.474 Y202.878 E73.13265
G1 X214.474 Y215 E73.34432
M204 S1500
G0 F11100 X214.054 Y215
M204 S875
;TYPE:WALL-OUTER
G1 F3461 X214.054 Y227.538 E73.56325
G1 X215.862 Y227.538 E73.59482
G1 X215.862 Y202.458 E74.03276
G1 X214.054 Y202.458 E74.06433
G1 X214.054 Y215 E74.28333
M204 S1500
G0 F11100 X214.054 Y215.2
G1 F2700 E72.98333
G0 F11100 X214.764 Y215.201
G0 X214.956 Y203.36
;TYPE:SKIN
G1 F2700 E74.28333
G1 F2455.5 X214.956 Y226.632 E74.85611
G0 F11100 X214.835 Y226.632
G1 F2700 E73.55611
;MESH:NONMESH
G0 F600 X214.835 Y226.632 Z0.8
G0 F11100 X214.279 Y202.684
G0 X213.179 Y202.684
G0 X210.445 Y201.671
;TIME_ELAPSED:71.429594
;LAYER:5
;note -- min layer time used
M204 S1750
;TYPE:SUPPORT
G1 F2700 E74.85611
G1 F3374.8 X211.024 Y201.507 E74.8661
G1 X211.603 Y201.671 E74.87608
G1 X212.032 Y202.121 E74.88639
G1 X212.193 Y202.669 E74.89587
G1 X212.024 Y203.258 E74.90603
G1 X211.758 Y203.528 E74.91232
G1 X211.698 Y203.656 E74.91466
G1 X211.753 Y203.818 E74.9175
G1 X212.032 Y204.116 E74.92427
G1 X212.135 Y204.461 E74.93025
G1 X212.237 Y204.56 E74.9326
G1 X212.518 Y204.637 E74.93744
G1 X212.953 Y205.078 E74.94771
G1 X212.946 Y206.25 E74.96716
G1 X212.537 Y206.646 E74.9766
G1 X211.887 Y206.818 E74.98775
G1 X211.237 Y206.632 E74.99897
G1 X211.107 Y206.522 E75.00179
G1 X210.684 Y206.396 E75.00911
G1 X210.212 Y205.945 E75.01994
G1 X210.119 Y205.684 E75.02454
G1 X210.015 Y205.577 E75.02702
G1 X209.855 Y205.025 E75.03655
G1 X209.898 Y204.831 E75.03985
G1 X209.855 Y204.669 E75.04263
G1 X210.016 Y204.116 E75.05218
G1 X210.305 Y203.808 E75.05919
G1 X210.362 Y203.684 E75.06145
G1 X210.304 Y203.518 E75.06437
G1 X210.015 Y203.229 E75.07115
G1 X209.851 Y202.673 E75.08076
G1 X210.015 Y202.121 E75.09032
G1 X210.445 Y201.671 E75.10064
G1 F2700 E73.80064
G0 F12075 X211.023 Y209.566
G1 F2700 E75.10064
G1 F3374.8 X211.604 Y209.727 E75.11064
G1 X212.032 Y210.176 E75.12093
G1 X212.135 Y210.522 E75.12692
G1 X212.219 Y210.611 E75.12895
G1 X212.518 Y210.7 E75.13413
G1 X212.953 Y211.138 E75.14437
G1 X212.946 Y212.312 E75.16384
G1 X212.859 Y212.425 E75.16621
G1 X212.73 Y212.866 E75.17383
G1 X212.554 Y213.049 E75.17804
G1 X212.369 Y213.678 E75.18892
G1 X212.184 Y213.869 E75.19333
G1 X212.09 Y214.192 E75.19891
G1 X212.193 Y214.579 E75.20555
G1 X212.09 Y214.949 E75.21192
G1 X212.189 Y215.338 E75.21858
G1 X212.09 Y215.746 E75.22555
G1 X212.195 Y216.11 E75.23183
G1 X212.119 Y216.477 E75.23805
G1 X212.138 Y216.592 E75.23998
G1 X212.241 Y216.692 E75.24236
G1 X212.51 Y216.768 E75.247
G1 X212.954 Y217.215 E75.25745
G1 X212.954 Y218.377 E75.27673
G1 X212.534 Y218.774 E75.28631
G1 X211.895 Y218.942 E75.29727
G1 X211.241 Y218.756 E75.30855
G1 X211.111 Y218.646 E75.31138
G1 X210.684 Y218.52 E75.31876
G1 X210.205 Y218.065 E75.32972
G1 X210.112 Y217.798 E75.33441
G1 X210.015 Y217.699 E75.33671
G1 X209.855 Y217.148 E75.34623
G1 X209.898 Y216.949 E75.34961
G1 X209.855 Y216.791 E75.35232
G1 X209.945 Y216.467 E75.3579
G1 X209.855 Y216.101 E75.36415
G1 X209.958 Y215.739 E75.3704
G1 X209.855 Y215.34 E75.37723
G1 X209.958 Y214.979 E75.38346
G1 X209.855 Y214.581 E75.39028
G1 X209.958 Y214.22 E75.39651
G1 X209.855 Y213.823 E75.40331
G1 X209.988 Y213.296 E75.41233
G1 X209.923 Y213.069 E75.41624
G1 X210.088 Y212.515 E75.42583
G1 X210.22 Y212.373 E75.42905
G1 X210.263 Y212.2 E75.43201
G1 X210.112 Y211.738 E75.44007
G1 X210.015 Y211.637 E75.44239
G1 X209.855 Y211.087 E75.45189
G1 X209.898 Y210.929 E75.45461
G1 X209.855 Y210.729 E75.458
G1 X210.016 Y210.176 E75.46756
G1 X210.441 Y209.727 E75.47781
G1 X211.023 Y209.566 E75.48783
G1 F2700 E74.18783
G0 F12075 X213.242 Y201.597
G0 X216.678 Y201.597
G0 X216.962 Y212.503
G1 F2700 E75.48783
G1 F3374.8 X217.397 Y212.065 E75.49807
G1 X218.05 Y211.894 E75.50927
G1 X218.712 Y212.076 E75.52066
G1 X218.919 Y212.277 E75.52544
G1 X219.449 Y212.428 E75.53459
G1 X219.889 Y212.882 E75.54507
G1 X220.061 Y213.454 E75.55498
G1 X220.027 Y213.633 E75.558
G1 X220.062 Y213.761 E75.56021
G1 X220.023 Y213.934 E75.56315
G1 X220.062 Y214.137 E75.56658
G1 X220.018 Y214.343 E75.57007
G1 X220.061 Y214.509 E75.57291
G1 X219.962 Y214.914 E75.57983
G1 X220.061 Y215.266 E75.5859
G1 X219.962 Y215.674 E75.59286
G1 X220.061 Y216.026 E75.59893
G1 X219.963 Y216.478 E75.6066
G1 X220.053 Y216.782 E75.61186
G1 X219.885 Y217.367 E75.62195
G1 X219.721 Y217.539 E75.6259
G1 X219.561 Y218.076 E75.63519
G1 X219.388 Y218.302 E75.63991
G1 X219.425 Y218.46 E75.64261
G1 X219.889 Y218.942 E75.6537
G1 X220.056 Y219.492 E75.66324
G1 X220.014 Y219.644 E75.66585
G1 X220.061 Y219.852 E75.66939
G1 X220.022 Y220.044 E75.67264
G1 X220.062 Y220.196 E75.67525
G1 X219.9 Y220.774 E75.68521
G1 X219.474 Y221.2 E75.6952
G1 X218.89 Y221.365 E75.70527
G1 X218.343 Y221.202 E75.71474
G1 X217.887 Y220.745 E75.72545
G1 X217.76 Y220.31 E75.73296
G1 X217.686 Y220.216 E75.73495
G1 X217.436 Y220.132 E75.73932
G1 X216.962 Y219.682 E75.75016
G1 X216.962 Y217.72 E75.78271
G1 X217.102 Y217.539 E75.78651
G1 X217.291 Y216.902 E75.79753
G1 X217.477 Y216.71 E75.80196
G1 X217.642 Y216.204 E75.81079
G1 X217.692 Y216.143 E75.8121
G1 X217.83 Y215.667 E75.82032
G1 X217.727 Y215.263 E75.82724
G1 X217.826 Y214.907 E75.83337
G1 X217.727 Y214.507 E75.8402
G1 X217.77 Y214.343 E75.84302
G1 X217.754 Y214.24 E75.84474
G1 X217.647 Y214.132 E75.84727
G1 X217.436 Y214.068 E75.85092
G1 X216.962 Y213.621 E75.86173
G1 X216.962 Y212.503 E75.88028
G1 F2700 E74.58028
G0 F12075 X218.343 Y209.078
G1 F2700 E75.88028
G1 F3374.8 X217.887 Y208.621 E75.89099
G1 X217.76 Y208.186 E75.8985
G1 X217.655 Y208.074 E75.90105
G1 X217.436 Y208.008 E75.90485
G1 X216.962 Y207.558 E75.91569
G1 X216.962 Y206.442 E75.9342
G1 X217.146 Y206.249 E75.93862
G1 X217.178 Y206.114 E75.94093
G1 X217.145 Y206.021 E75.94256
G1 X216.962 Y205.841 E75.94682
G1 X216.962 Y204.72 E75.96542
G1 X217.095 Y204.553 E75.96896
G1 X217.291 Y203.902 E75.98024
G1 X217.479 Y203.707 E75.98473
G1 X217.642 Y203.204 E75.9935
G1 X217.692 Y203.143 E75.99481
G1 X217.83 Y202.667 E76.00303
G1 X217.724 Y202.266 E76.00991
G1 X217.884 Y201.716 E76.01941
G1 X218.313 Y201.263 E76.02976
G1 X218.892 Y201.102 E76.03973
G1 X219.471 Y201.263 E76.0497
G1 X219.9 Y201.716 E76.06005
G1 X220.061 Y202.266 E76.06956
G1 X219.962 Y202.674 E76.07652
G1 X220.061 Y203.026 E76.08259
G1 X219.963 Y203.478 E76.09026
G1 X220.053 Y203.782 E76.09552
G1 X219.885 Y204.367 E76.10561
G1 X219.721 Y204.539 E76.10956
G1 X219.561 Y205.076 E76.11885
G1 X219.294 Y205.353 E76.12523
G1 X219.09 Y206.088 E76.13789
G1 X219.174 Y206.273 E76.14126
G1 X219.452 Y206.367 E76.14613
G1 X219.889 Y206.818 E76.15654
G1 X220.056 Y207.371 E76.16613
G1 X220.014 Y207.521 E76.16871
G1 X220.061 Y207.728 E76.17223
G1 X220.022 Y207.92 E76.17548
G1 X220.062 Y208.072 E76.17809
G1 X219.9 Y208.65 E76.18805
G1 X219.474 Y209.076 E76.19804
G1 X218.89 Y209.241 E76.20811
G1 X218.343 Y209.078 E76.21757
G1 F2700 E74.91757
G0 F12075 X218.05 Y224.018
G1 F2700 E76.21757
G1 F3374.8 X218.712 Y224.2 E76.22896
G1 X218.908 Y224.401 E76.23362
G1 X219.449 Y224.551 E76.24293
G1 X219.886 Y224.999 E76.25332
G1 X220.056 Y225.555 E76.26296
G1 X220.014 Y225.706 E76.26556
G1 X220.061 Y225.915 E76.26911
G1 X220.022 Y226.109 E76.2724
G1 X220.061 Y226.256 E76.27492
G1 X219.962 Y226.654 E76.28172
G1 X220.061 Y226.999 E76.28768
G1 X219.9 Y227.578 E76.29765
G1 X219.474 Y228.004 E76.30764
G1 X218.89 Y228.165 E76.31769
G1 X218.343 Y228.005 E76.32714
G1 X217.887 Y227.549 E76.33784
G1 X217.724 Y227.001 E76.34732
G1 X217.826 Y226.61 E76.35403
G1 X217.74 Y226.332 E76.35885
G1 X217.663 Y226.262 E76.36058
G1 X217.436 Y226.192 E76.36452
G1 X216.962 Y225.742 E76.37536
G1 X216.962 Y224.631 E76.39379
G1 X217.401 Y224.189 E76.40413
G1 X218.05 Y224.018 E76.41526
G1 F2700 E75.11526
G0 F12075 X216.678 Y228.403
G0 X213.241 Y228.403
G0 X212.95 Y224.001
G1 F2700 E76.41526
G1 F3374.8 X212.946 Y225.34 E76.43747
G1 X212.867 Y225.446 E76.43967
G1 X212.746 Y225.853 E76.44671
G1 X212.544 Y226.066 E76.45158
G1 X212.385 Y226.604 E76.46089
G1 X212.204 Y226.786 E76.46514
G1 X212.09 Y227.186 E76.47204
G1 X212.189 Y227.538 E76.47811
G1 X212.028 Y228.118 E76.48809
G1 X211.602 Y228.544 E76.49809
G1 X211.021 Y228.709 E76.50811
G1 X210.471 Y228.549 E76.51761
G1 X210.015 Y228.093 E76.52831
G1 X209.855 Y227.541 E76.53784
G1 X209.958 Y227.142 E76.54468
G1 X209.855 Y226.777 E76.55097
G1 X210.01 Y226.25 E76.56008
G1 X209.944 Y226.023 E76.564
G1 X210.114 Y225.467 E76.57365
G1 X210.304 Y225.268 E76.57821
G1 X210.524 Y224.557 E76.59056
G1 X210.507 Y224.431 E76.59266
G1 X210.206 Y224.126 E76.59977
G1 X210.115 Y223.861 E76.60442
G1 X210.015 Y223.759 E76.60679
G1 X209.855 Y223.209 E76.61629
G1 X209.898 Y223.053 E76.61898
G1 X209.855 Y222.851 E76.6224
G1 X210.012 Y222.3 E76.63191
G1 X210.441 Y221.851 E76.64221
G1 X211.023 Y221.687 E76.65224
G1 X211.603 Y221.851 E76.66224
G1 X212.032 Y222.301 E76.67255
G1 X212.136 Y222.642 E76.67846
G1 X212.231 Y222.737 E76.68069
G1 X212.514 Y222.817 E76.68557
G1 X212.953 Y223.259 E76.69591
G1 X212.95 Y224.001 E76.70821
G1 F2700 E75.40821
;MESH:upperLeftPad.stl
G0 F12075 X214.334 Y224.003
G0 X214.814 Y215.001
G0 X214.522 Y215
M204 S969
;TYPE:WALL-INNER
G1 F2700 E76.70821
G1 F3374.8 X214.522 Y227.118 E76.91981
G1 X215.394 Y227.118 E76.93504
G1 X215.394 Y202.878 E77.35831
G1 X214.522 Y202.878 E77.37354
G1 X214.522 Y215 E77.5852
M204 S1750
G0 F12075 X214.102 Y215
M204 S969
;TYPE:WALL-OUTER
G1 F3374.8 X214.102 Y227.538 E77.80414
G1 X215.814 Y227.538 E77.83403
G1 X215.814 Y202.458 E78.27197
G1 X214.102 Y202.458 E78.30186
G1 X214.102 Y215 E78.52087
M204 S1750
G0 F12075 X214.102 Y215.2
G1 F2700 E77.22087
G0 F12075 X214.814 Y215.201
G0 X214.956 Y203.312
;TYPE:SKIN
G1 F2700 E78.52087
G1 F2857.7 X214.956 Y226.68 E79.00274
G0 F12075 X214.785 Y226.68
G1 F2700 E77.70274
;MESH:NONMESH
G0 F600 X214.785 Y226.68 Z0.9
G0 F12075 X214.814 Y226.68
G0 X214.329 Y202.684
G0 X213.229 Y202.684
G0 X210.481 Y201.743
;TIME_ELAPSED:81.442413
;LAYER:6
;note -- min layer time used
M204 S2000
;TYPE:SUPPORT
G1 F2700 E79.00274
G1 F2919.8 X211.024 Y201.591 E79.0121
G1 X211.567 Y201.743 E79.02145
G1 X211.956 Y202.156 E79.03086
G1 X212.109 Y202.674 E79.03982
G1 X211.96 Y203.214 E79.04912
G1 X211.647 Y203.527 E79.05646
G1 X211.587 Y203.655 E79.0588
G1 X211.639 Y203.817 E79.06163
G1 X211.959 Y204.151 E79.0693
G1 X212.071 Y204.445 E79.07452
G1 X212.273 Y204.623 E79.07898
G1 X212.614 Y204.729 E79.08491
G1 X213.002 Y205.119 E79.09403
G1 X213.002 Y206.246 E79.11273
G1 X212.634 Y206.598 E79.12118
G1 X212.023 Y206.754 E79.13164
G1 X211.363 Y206.567 E79.14302
G1 X211.204 Y206.43 E79.1465
G1 X210.875 Y206.335 E79.15218
G1 X210.383 Y205.869 E79.16342
G1 X210.093 Y205.543 E79.17066
G1 X209.94 Y205.024 E79.17963
G1 X209.982 Y204.871 E79.18227
G1 X209.939 Y204.669 E79.18569
G1 X210.092 Y204.152 E79.19464
G1 X210.418 Y203.804 E79.20255
G1 X210.474 Y203.681 E79.20479
G1 X210.416 Y203.514 E79.20772
G1 X210.087 Y203.185 E79.21544
G1 X209.939 Y202.673 E79.22428
G1 X210.092 Y202.156 E79.23322
G1 X210.481 Y201.743 E79.24263
G1 F2700 E77.94263
G0 F13050 X211.024 Y209.647
G1 F2700 E79.24263
G1 F2919.8 X211.566 Y209.799 E79.25197
G1 X211.957 Y210.216 E79.26145
G1 X212.04 Y210.466 E79.26582
G1 X212.27 Y210.687 E79.27112
G1 X212.615 Y210.789 E79.27708
G1 X213.002 Y211.179 E79.2862
G1 X213.002 Y212.31 E79.30496
G1 X212.923 Y212.414 E79.30713
G1 X212.802 Y212.822 E79.31419
G1 X212.628 Y212.99 E79.3182
G1 X212.441 Y213.654 E79.32964
G1 X212.237 Y213.866 E79.33452
G1 X212.081 Y214.401 E79.34377
G1 X212.109 Y214.577 E79.34672
G1 X212.006 Y214.949 E79.35313
G1 X212.109 Y215.339 E79.35982
G1 X212.01 Y215.742 E79.3667
G1 X212.109 Y216.098 E79.37283
G1 X212.03 Y216.403 E79.37806
G1 X212.058 Y216.526 E79.38015
G1 X212.319 Y216.777 E79.38616
G1 X212.61 Y216.864 E79.39119
G1 X213.002 Y217.256 E79.40039
G1 X213.002 Y218.377 E79.41899
G1 X212.63 Y218.73 E79.42749
G1 X212.027 Y218.886 E79.43783
G1 X211.355 Y218.695 E79.44941
G1 X211.233 Y218.581 E79.45218
G1 X210.868 Y218.46 E79.45856
G1 X210.42 Y218.037 E79.46878
G1 X210.087 Y217.661 E79.47712
G1 X209.939 Y217.148 E79.48597
G1 X209.982 Y216.988 E79.48872
G1 X209.939 Y216.791 E79.49207
G1 X210.03 Y216.461 E79.49774
G1 X209.939 Y216.101 E79.5039
G1 X210.042 Y215.702 E79.51074
G1 X209.939 Y215.337 E79.51703
G1 X210.042 Y214.979 E79.52321
G1 X209.94 Y214.58 E79.53004
G1 X210.042 Y214.181 E79.53687
G1 X209.94 Y213.82 E79.5431
G1 X210.087 Y213.319 E79.55176
G1 X210.166 Y213.161 E79.55469
G1 X210.154 Y213.079 E79.55606
G1 X210.306 Y212.572 E79.56484
G1 X210.571 Y212.257 E79.57167
G1 X210.532 Y212.088 E79.57455
G1 X210.089 Y211.602 E79.58546
G1 X209.939 Y211.088 E79.59434
G1 X209.981 Y210.932 E79.59702
G1 X209.94 Y210.732 E79.60041
G1 X210.092 Y210.216 E79.60933
G1 X210.482 Y209.799 E79.6188
G1 X211.024 Y209.647 E79.62814
G1 F2700 E78.32814
G0 F13050 X213.292 Y201.597
G0 X216.628 Y201.597
G0 X216.914 Y212.507
G1 F2700 E79.62814
G1 F2919.8 X217.293 Y212.125 E79.63707
G1 X217.931 Y211.958 E79.64801
G1 X218.594 Y212.136 E79.65939
G1 X218.823 Y212.354 E79.66464
G1 X219.435 Y212.527 E79.67519
G1 X219.828 Y212.941 E79.68466
G1 X219.981 Y213.457 E79.69359
G1 X219.946 Y213.592 E79.6959
G1 X219.979 Y213.755 E79.69866
G1 X219.939 Y213.992 E79.70264
G1 X219.978 Y214.134 E79.70509
G1 X219.934 Y214.34 E79.70858
G1 X219.977 Y214.506 E79.71143
G1 X219.878 Y214.914 E79.71839
G1 X219.977 Y215.266 E79.72446
G1 X219.879 Y215.624 E79.73061
G1 X219.977 Y216.026 E79.73748
G1 X219.816 Y216.607 E79.74748
G1 X219.857 Y216.766 E79.7502
G1 X219.701 Y217.315 E79.75967
G1 X219.497 Y217.522 E79.76449
G1 X219.349 Y218.012 E79.77298
G1 X219.15 Y218.255 E79.77819
G1 X219.18 Y218.422 E79.78101
G1 X219.734 Y218.976 E79.794
G1 X219.988 Y219.807 E79.80842
G1 X219.934 Y220.048 E79.81252
G1 X219.977 Y220.2 E79.81514
G1 X219.828 Y220.734 E79.82433
G1 X219.43 Y221.132 E79.83367
G1 X218.894 Y221.281 E79.8429
G1 X218.383 Y221.129 E79.85174
G1 X217.958 Y220.704 E79.86171
G1 X217.826 Y220.269 E79.86925
G1 X217.753 Y220.18 E79.87116
G1 X217.336 Y220.048 E79.87842
G1 X216.914 Y219.649 E79.88805
G1 X216.914 Y217.734 E79.91982
G1 X217.023 Y217.606 E79.92261
G1 X217.043 Y217.504 E79.92433
G1 X217.218 Y216.928 E79.93432
G1 X217.399 Y216.743 E79.93861
G1 X217.567 Y216.224 E79.94766
G1 X217.719 Y216.066 E79.9513
G1 X217.877 Y215.564 E79.96003
G1 X217.808 Y215.267 E79.96509
G1 X217.91 Y214.87 E79.97189
G1 X217.805 Y214.5 E79.97827
G1 X217.829 Y214.206 E79.98316
G1 X217.703 Y214.092 E79.98598
G1 X217.336 Y213.988 E79.99231
G1 X216.914 Y213.586 E80.00197
G1 X216.914 Y212.507 E80.01987
G1 F2700 E78.71987
G0 F13050 X218.383 Y209.005
G1 F2700 E80.01987
G1 F2919.8 X217.958 Y208.58 E80.02984
G1 X217.826 Y208.145 E80.03738
G1 X217.757 Y208.058 E80.03923
G1 X217.336 Y207.924 E80.04655
G1 X216.914 Y207.525 E80.05619
G1 X216.914 Y206.446 E80.07409
G1 X217.137 Y206.188 E80.07974
G1 X217.109 Y206.004 E80.08283
G1 X216.914 Y205.813 E80.08736
G1 X216.914 Y204.734 E80.10526
G1 X217.023 Y204.606 E80.10805
G1 X217.043 Y204.504 E80.10977
G1 X217.218 Y203.928 E80.11976
G1 X217.392 Y203.753 E80.12385
G1 X217.567 Y203.224 E80.13309
G1 X217.719 Y203.066 E80.13673
G1 X217.877 Y202.564 E80.14546
G1 X217.807 Y202.267 E80.15052
G1 X217.96 Y201.748 E80.1595
G1 X218.353 Y201.335 E80.16896
G1 X218.893 Y201.183 E80.17826
G1 X219.435 Y201.335 E80.1876
G1 X219.828 Y201.752 E80.19711
G1 X219.977 Y202.266 E80.20598
G1 X219.879 Y202.624 E80.21214
G1 X219.977 Y203.026 E80.219
G1 X219.816 Y203.607 E80.22901
G1 X219.857 Y203.766 E80.23173
G1 X219.701 Y204.315 E80.2412
G1 X219.497 Y204.522 E80.24602
G1 X219.345 Y205.025 E80.25473
G1 X219.209 Y205.208 E80.25852
G1 X219.021 Y205.837 E80.26941
G1 X218.948 Y206.03 E80.27283
G1 X219.023 Y206.296 E80.27741
G1 X219.128 Y206.384 E80.27969
G1 X219.319 Y206.437 E80.28298
G1 X219.734 Y206.852 E80.29271
G1 X219.988 Y207.683 E80.30713
G1 X219.934 Y207.924 E80.31122
G1 X219.977 Y208.076 E80.31384
G1 X219.828 Y208.61 E80.32304
G1 X219.43 Y209.008 E80.33238
G1 X218.894 Y209.157 E80.34161
G1 X218.383 Y209.005 E80.35045
G1 F2700 E79.05045
G0 F13050 X217.931 Y224.082
G1 F2700 E80.35045
G1 F2919.8 X218.594 Y224.26 E80.36184
G1 X218.817 Y224.476 E80.36699
G1 X219.311 Y224.613 E80.37549
G1 X219.731 Y225.036 E80.38538
G1 X219.992 Y225.867 E80.39983
G1 X219.94 Y226.058 E80.40311
G1 X219.977 Y226.254 E80.40642
G1 X219.878 Y226.616 E80.41265
G1 X219.977 Y226.999 E80.41921
G1 X219.828 Y227.534 E80.42842
G1 X219.43 Y227.932 E80.43776
G1 X218.894 Y228.081 E80.44699
G1 X218.383 Y227.933 E80.45581
G1 X217.959 Y227.509 E80.46576
G1 X217.807 Y226.995 E80.47465
G1 X217.906 Y226.644 E80.4807
G1 X217.83 Y226.334 E80.48599
G1 X217.76 Y226.246 E80.48786
G1 X217.336 Y226.112 E80.49524
G1 X216.914 Y225.71 E80.5049
G1 X216.914 Y224.631 E80.5228
G1 X217.293 Y224.249 E80.53173
G1 X217.931 Y224.082 E80.54267
G1 F2700 E79.24267
G0 F13050 X216.628 Y228.403
G0 X213.291 Y228.403
G0 X213.002 Y224.082
G1 F2700 E80.54267
G1 F2919.8 X213.002 Y225.338 E80.5635
G1 X212.931 Y225.435 E80.5655
G1 X212.818 Y225.815 E80.57208
G1 X212.618 Y226.03 E80.57695
G1 X212.458 Y226.566 E80.58623
G1 X212.267 Y226.76 E80.59074
G1 X212.081 Y227.375 E80.6014
G1 X212.105 Y227.542 E80.6042
G1 X211.956 Y228.079 E80.61344
G1 X211.562 Y228.476 E80.62272
G1 X211.022 Y228.625 E80.63201
G1 X210.511 Y228.477 E80.64084
G1 X210.087 Y228.053 E80.65079
G1 X209.936 Y227.541 E80.65964
G1 X210.042 Y227.14 E80.66652
G1 X209.939 Y226.779 E80.67275
G1 X210.087 Y226.267 E80.68159
G1 X210.148 Y226.198 E80.68312
G1 X210.171 Y226.032 E80.6859
G1 X210.33 Y225.512 E80.69492
G1 X210.521 Y225.306 E80.69958
G1 X210.69 Y224.76 E80.70906
G1 X210.773 Y224.672 E80.71107
G1 X210.81 Y224.552 E80.71315
G1 X210.783 Y224.439 E80.71508
G1 X210.391 Y224.065 E80.72406
G1 X210.093 Y223.731 E80.73149
G1 X209.939 Y223.209 E80.74052
G1 X209.981 Y223.055 E80.74317
G1 X209.939 Y222.852 E80.7466
G1 X210.088 Y222.336 E80.75551
G1 X210.481 Y221.923 E80.76497
G1 X211.023 Y221.771 E80.77431
G1 X211.563 Y221.923 E80.78361
G1 X211.957 Y222.34 E80.79313
G1 X212.071 Y222.625 E80.79822
G1 X212.277 Y222.809 E80.8028
G1 X212.614 Y222.912 E80.80865
G1 X213.002 Y223.299 E80.81774
G1 X213.002 Y224.082 E80.83073
G1 F2700 E79.53073
;MESH:upperLeftPad.stl
G0 F13050 X214.384 Y224.084
G0 X214.864 Y215.001
G0 X214.661 Y215
M204 S1062
;TYPE:WALL-INNER
G1 F2700 E80.83073
G1 F2064.5 X214.661 Y227.031 E81.12784
G1 X215.255 Y227.031 E81.14251
G1 X215.255 Y202.965 E81.73684
G1 X214.661 Y202.965 E81.75151
G1 X214.661 Y215 E82.04872
M204 S2000
G0 F13050 X214.154 Y215
M204 S1062
;TYPE:WALL-OUTER
G1 F2919.8 X214.154 Y227.538 E82.26765
G1 X215.762 Y227.538 E82.29573
G1 X215.762 Y202.458 E82.73367
G1 X214.154 Y202.458 E82.76175
G1 X214.154 Y215 E82.98075
M204 S2000
G0 F13050 X214.154 Y215.2
G1 F2700 E81.68075
;MESH:NONMESH
G0 F600 X214.154 Y215.2 Z1
G0 F13050 X214.864 Y215.201
G0 X214.379 Y202.684
G0 X213.279 Y202.684
G0 X210.529 Y201.815
;TIME_ELAPSED:90.762350
;LAYER:7
;note -- min layer time used
M204 S2250
;TYPE:SUPPORT
G1 F2700 E82.98075
G1 F2850.9 X211.025 Y201.675 E82.9893
G1 X211.523 Y201.815 E82.99788
G1 X211.888 Y202.196 E83.00663
G1 X212.025 Y202.674 E83.01488
G1 X211.888 Y203.17 E83.02342
G1 X211.535 Y203.523 E83.0317
G1 X211.474 Y203.651 E83.03405
G1 X211.528 Y203.814 E83.0369
G1 X211.884 Y204.191 E83.0455
G1 X212.01 Y204.486 E83.05082
G1 X212.234 Y204.564 E83.05476
G1 X212.425 Y204.74 E83.05906
G1 X212.711 Y204.821 E83.06399
G1 X213.054 Y205.163 E83.07203
G1 X213.054 Y206.241 E83.08991
G1 X212.734 Y206.546 E83.09725
G1 X212.171 Y206.694 E83.1069
G1 X211.547 Y206.512 E83.11768
G1 X211.41 Y206.387 E83.12076
G1 X211.056 Y206.272 E83.12694
G1 X210.706 Y205.941 E83.13493
G1 X210.549 Y205.887 E83.13768
G1 X210.159 Y205.497 E83.14683
G1 X210.023 Y205.025 E83.15498
G1 X210.065 Y204.82 E83.15845
G1 X210.023 Y204.668 E83.16107
G1 X210.16 Y204.196 E83.16922
G1 X210.529 Y203.805 E83.17814
G1 X210.586 Y203.681 E83.1804
G1 X210.528 Y203.514 E83.18333
G1 X210.159 Y203.145 E83.19199
G1 X210.019 Y202.673 E83.20016
G1 X210.159 Y202.201 E83.20832
G1 X210.529 Y201.815 E83.21719
G1 F2700 E81.91719
G0 F14025 X211.024 Y209.731
G1 F2700 E83.21719
G1 F2850.9 X211.519 Y209.871 E83.22573
G1 X211.888 Y210.256 E83.23457
G1 X211.995 Y210.537 E83.23956
G1 X212.231 Y210.629 E83.24376
G1 X212.416 Y210.799 E83.24793
G1 X212.711 Y210.885 E83.25303
G1 X213.054 Y211.224 E83.26103
G1 X213.054 Y212.306 E83.27898
G1 X212.986 Y212.4 E83.2809
G1 X212.878 Y212.773 E83.28734
G1 X212.709 Y212.932 E83.29119
G1 X212.51 Y213.622 E83.3031
G1 X212.308 Y213.834 E83.30796
G1 X212.153 Y214.359 E83.31704
G1 X212.048 Y214.481 E83.31971
G1 X211.926 Y214.982 E83.32827
G1 X212.025 Y215.337 E83.33438
G1 X211.922 Y215.708 E83.34077
G1 X212.025 Y216.099 E83.34747
G1 X211.934 Y216.433 E83.35322
G1 X211.964 Y216.562 E83.35541
G1 X212.069 Y216.649 E83.35768
G1 X212.232 Y216.69 E83.36046
G1 X212.451 Y216.887 E83.36535
G1 X212.707 Y216.957 E83.36975
G1 X213.054 Y217.3 E83.37785
G1 X213.054 Y218.378 E83.39573
G1 X212.738 Y218.682 E83.403
G1 X212.168 Y218.826 E83.41276
G1 X211.544 Y218.648 E83.42352
G1 X211.348 Y218.481 E83.42779
G1 X211.055 Y218.396 E83.43285
G1 X210.671 Y218.05 E83.44143
G1 X210.55 Y218.013 E83.44353
G1 X210.159 Y217.621 E83.45271
G1 X210.023 Y217.148 E83.46087
G1 X210.065 Y216.94 E83.46439
G1 X210.023 Y216.791 E83.46696
G1 X210.114 Y216.426 E83.4732
G1 X210.023 Y216.101 E83.4788
G1 X210.126 Y215.736 E83.48509
G1 X210.023 Y215.337 E83.49193
G1 X210.126 Y214.938 E83.49876
G1 X210.023 Y214.578 E83.50498
G1 X210.13 Y214.157 E83.51218
G1 X210.028 Y213.825 E83.51794
G1 X210.17 Y213.348 E83.5262
G1 X210.365 Y213.141 E83.53092
G1 X210.526 Y212.628 E83.53984
G1 X210.746 Y212.406 E83.54502
G1 X210.788 Y212.305 E83.54683
G1 X210.758 Y212.163 E83.54924
G1 X210.159 Y211.557 E83.56338
G1 X210.023 Y211.088 E83.57148
G1 X210.065 Y210.88 E83.575
G1 X210.023 Y210.729 E83.5776
G1 X210.16 Y210.26 E83.5857
G1 X210.525 Y209.871 E83.59455
G1 X211.024 Y209.731 E83.60315
G1 F2700 E82.30315
G0 F14025 X213.342 Y201.597
G0 X216.578 Y201.597
G0 X216.862 Y212.512
G1 F2700 E83.60315
G1 F2850.9 X217.192 Y212.186 E83.61084
G1 X217.783 Y212.034 E83.62097
G1 X218.406 Y212.197 E83.63165
G1 X218.665 Y212.444 E83.63759
G1 X218.881 Y212.451 E83.64117
G1 X219.391 Y212.599 E83.64998
G1 X219.756 Y212.98 E83.65873
G1 X219.894 Y213.459 E83.667
G1 X219.862 Y213.59 E83.66924
G1 X219.895 Y213.758 E83.67208
G1 X219.856 Y213.929 E83.67499
G1 X219.894 Y214.134 E83.67845
G1 X219.851 Y214.347 E83.68205
G1 X219.897 Y214.507 E83.68481
G1 X219.794 Y214.88 E83.69123
G1 X219.893 Y215.267 E83.69786
G1 X219.794 Y215.626 E83.70404
G1 X219.888 Y216.026 E83.71085
G1 X219.736 Y216.546 E83.71984
G1 X219.648 Y216.685 E83.72257
G1 X219.486 Y217.253 E83.73237
G1 X219.298 Y217.431 E83.73666
G1 X219.134 Y217.951 E83.74571
G1 X218.96 Y218.124 E83.74978
G1 X218.928 Y218.208 E83.75127
G1 X218.991 Y218.521 E83.75656
G1 X219.131 Y218.633 E83.75954
G1 X219.518 Y219.016 E83.76857
G1 X219.561 Y219.149 E83.77089
G1 X219.756 Y219.372 E83.7758
G1 X219.897 Y219.849 E83.78405
G1 X219.854 Y220.047 E83.78741
G1 X219.893 Y220.197 E83.78999
G1 X219.756 Y220.691 E83.79849
G1 X219.39 Y221.06 E83.80711
G1 X218.895 Y221.197 E83.81563
G1 X218.423 Y221.057 E83.8238
G1 X218.031 Y220.665 E83.83299
G1 X217.934 Y220.354 E83.8384
G1 X217.624 Y220.077 E83.84529
G1 X217.227 Y219.967 E83.85213
G1 X216.863 Y219.621 E83.86046
G1 X216.862 Y217.74 E83.89166
G1 X216.952 Y217.63 E83.89402
G1 X217.157 Y216.992 E83.90514
G1 X217.333 Y216.797 E83.90949
G1 X217.502 Y216.248 E83.91902
G1 X217.662 Y216.072 E83.92297
G1 X217.831 Y215.545 E83.93215
G1 X217.914 Y215.382 E83.93518
G1 X217.891 Y215.264 E83.93718
G1 X217.994 Y214.87 E83.94393
G1 X217.892 Y214.511 E83.95012
G1 X217.926 Y214.387 E83.95226
G1 X217.883 Y214.24 E83.9548
G1 X217.682 Y214.047 E83.95942
G1 X217.228 Y213.904 E83.96732
G1 X216.862 Y213.557 E83.97568
G1 X216.862 Y212.512 E83.99302
G1 F2700 E82.69302
G0 F14025 X218.423 Y208.933
G1 F2700 E83.99302
G1 F2850.9 X218.031 Y208.541 E84.00221
G1 X217.938 Y208.241 E84.00742
G1 X217.66 Y207.968 E84.01389
G1 X217.227 Y207.843 E84.02136
G1 X216.863 Y207.497 E84.02969
G1 X216.862 Y206.449 E84.04708
G1 X217.071 Y206.241 E84.05197
G1 X217.114 Y206.122 E84.05407
G1 X217.07 Y205.982 E84.0565
G1 X216.862 Y205.784 E84.06127
G1 X216.862 Y204.74 E84.07859
G1 X216.952 Y204.63 E84.08094
G1 X217.157 Y203.992 E84.09206
G1 X217.333 Y203.797 E84.09642
G1 X217.502 Y203.248 E84.10595
G1 X217.662 Y203.072 E84.10989
G1 X217.826 Y202.552 E84.11894
G1 X217.914 Y202.385 E84.12207
G1 X217.894 Y202.271 E84.12399
G1 X218.032 Y201.788 E84.13232
G1 X218.397 Y201.407 E84.14107
G1 X218.893 Y201.267 E84.14962
G1 X219.391 Y201.407 E84.1582
G1 X219.756 Y201.788 E84.16696
G1 X219.893 Y202.269 E84.17525
G1 X219.794 Y202.627 E84.18141
G1 X219.888 Y203.026 E84.18821
G1 X219.736 Y203.546 E84.1972
G1 X219.656 Y203.659 E84.1995
G1 X219.486 Y204.253 E84.20975
G1 X219.298 Y204.431 E84.21404
G1 X219.134 Y204.95 E84.22307
G1 X218.974 Y205.111 E84.22684
G1 X218.949 Y205.281 E84.22969
G1 X218.802 Y205.784 E84.23838
G1 X218.664 Y205.92 E84.24159
G1 X218.631 Y206.063 E84.24403
G1 X218.753 Y206.386 E84.24976
G1 X219.131 Y206.509 E84.25635
G1 X219.518 Y206.892 E84.26538
G1 X219.561 Y207.025 E84.2677
G1 X219.756 Y207.248 E84.27261
G1 X219.897 Y207.725 E84.28087
G1 X219.854 Y207.923 E84.28423
G1 X219.893 Y208.073 E84.2868
G1 X219.756 Y208.567 E84.2953
G1 X219.39 Y208.936 E84.30392
G1 X218.895 Y209.073 E84.31244
G1 X218.423 Y208.933 E84.32061
G1 F2700 E83.02061
G0 F14025 X217.783 Y224.158
G1 F2700 E84.32061
G1 F2850.9 X218.407 Y224.321 E84.33131
G1 X218.649 Y224.544 E84.33677
G1 X219.123 Y224.673 E84.34492
G1 X219.519 Y225.069 E84.35421
G1 X219.567 Y225.217 E84.35679
G1 X219.756 Y225.436 E84.36159
G1 X219.897 Y225.912 E84.36982
G1 X219.859 Y226.063 E84.3724
G1 X219.894 Y226.251 E84.37558
G1 X219.798 Y226.617 E84.38185
G1 X219.893 Y226.998 E84.38837
G1 X219.756 Y227.494 E84.3969
G1 X219.39 Y227.86 E84.40549
G1 X218.894 Y227.997 E84.41403
G1 X218.423 Y227.861 E84.42216
G1 X218.031 Y227.469 E84.43135
G1 X217.891 Y226.999 E84.43949
G1 X217.99 Y226.647 E84.44555
G1 X217.927 Y226.383 E84.45006
G1 X217.731 Y226.178 E84.45476
G1 X217.231 Y226.027 E84.46343
G1 X216.862 Y225.681 E84.47182
G1 X216.862 Y224.639 E84.4891
G1 X217.192 Y224.309 E84.49684
G1 X217.783 Y224.158 E84.50696
G1 F2700 E83.20696
G0 F14025 X216.578 Y228.403
G0 X213.341 Y228.403
G0 X213.054 Y224.158
G1 F2700 E84.50696
G1 F2850.9 X213.054 Y225.337 E84.52652
G1 X212.89 Y225.773 E84.53425
G1 X212.688 Y225.99 E84.53917
G1 X212.53 Y226.531 E84.54852
G1 X212.333 Y226.744 E84.55333
G1 X212.162 Y227.325 E84.56337
G1 X212.049 Y227.451 E84.56618
G1 X211.884 Y228.038 E84.5763
G1 X211.518 Y228.404 E84.58488
G1 X211.022 Y228.541 E84.59342
G1 X210.551 Y228.405 E84.60155
G1 X210.159 Y228.013 E84.61075
G1 X210.019 Y227.539 E84.61895
G1 X210.13 Y227.146 E84.62572
G1 X210.032 Y226.782 E84.63197
G1 X210.174 Y226.308 E84.64018
G1 X210.381 Y226.089 E84.64518
G1 X210.546 Y225.553 E84.65448
G1 X210.737 Y225.36 E84.65899
G1 X210.912 Y224.778 E84.66907
G1 X211.038 Y224.532 E84.67366
G1 X211.013 Y224.431 E84.67538
G1 X210.674 Y224.109 E84.68314
G1 X210.55 Y224.072 E84.68528
G1 X210.159 Y223.681 E84.69446
G1 X210.023 Y223.209 E84.70261
G1 X210.065 Y223.004 E84.70608
G1 X210.02 Y222.849 E84.70875
G1 X210.156 Y222.38 E84.71685
G1 X210.525 Y221.995 E84.7257
G1 X211.023 Y221.855 E84.73428
G1 X211.519 Y221.995 E84.74283
G1 X211.887 Y222.383 E84.7517
G1 X211.964 Y222.62 E84.75584
G1 X212.06 Y222.699 E84.7579
G1 X212.233 Y222.748 E84.76088
G1 X212.427 Y222.927 E84.76526
G1 X212.712 Y223.005 E84.77016
G1 X213.054 Y223.344 E84.77815
G1 X213.054 Y224.158 E84.79165
G1 F2700 E83.49165
;MESH:upperLeftPad.stl
G0 F14025 X214.434 Y224.16
G0 X214.914 Y215.001
G0 X214.685 Y215
M204 S1156
;TYPE:WALL-INNER
G1 F2700 E84.79165
G1 F2193 X214.685 Y227.055 E85.0653
G1 X215.231 Y227.055 E85.0777
G1 X215.231 Y202.941 E85.62508
G1 X214.685 Y202.941 E85.63748
G1 X214.685 Y215 E85.91122
M204 S2250
G0 F14025 X214.202 Y215
M204 S1156
;TYPE:WALL-OUTER
G1 F2850.9 X214.202 Y227.538 E86.13015
G1 X215.714 Y227.538 E86.15655
G1 X215.714 Y202.458 E86.59449
G1 X214.202 Y202.458 E86.62089
G1 X214.202 Y215 E86.83989
M204 S2250
G0 F14025 X214.202 Y215.2
G1 F2700 E85.53989
;MESH:NONMESH
G0 F600 X214.202 Y215.2 Z1.1
G0 F14025 X214.914 Y215.201
G0 X214.429 Y202.684
G0 X213.329 Y202.684
G0 X210.569 Y201.887
;TIME_ELAPSED:99.798760
;LAYER:8
;note -- min layer time used
M204 S2500
;TYPE:SUPPORT
G1 F2700 E86.83989
G1 F2868.4 X211.024 Y201.759 E86.84774
G1 X211.479 Y201.887 E86.85558
G1 X211.816 Y202.24 E86.86367
G1 X211.941 Y202.67 E86.8711
G1 X211.812 Y203.13 E86.87903
G1 F2499.4 X211.301 Y203.645 E86.89284
G1 F2214.6 X211.301 Y203.693 E86.89387
G1 F2499.4 X211.813 Y204.232 E86.90802
G1 F2868.4 X211.89 Y204.465 E86.91209
G1 X211.998 Y204.551 E86.91438
G1 X212.338 Y204.644 E86.92023
G1 X212.544 Y204.838 E86.92492
G1 X212.815 Y204.917 E86.92961
G1 X213.102 Y205.204 E86.93634
G1 X213.102 Y206.246 E86.95362
G1 X212.839 Y206.497 E86.95965
G1 X212.312 Y206.63 E86.96867
G1 X211.731 Y206.464 E86.97869
G1 X211.528 Y206.293 E86.9831
G1 X211.239 Y206.211 E86.98808
G1 X210.919 Y205.916 E86.9953
G1 X210.591 Y205.817 E87.00098
G1 X210.231 Y205.457 E87.00943
G1 X210.104 Y205.027 E87.01687
G1 X210.149 Y204.873 E87.01953
G1 X210.104 Y204.666 E87.02304
G1 X210.231 Y204.237 E87.03046
G1 F2499.4 X210.759 Y203.687 E87.04498
G1 F2214.6 X210.759 Y203.639 E87.04601
G1 F2499.4 X210.231 Y203.105 E87.06031
G1 F2868.4 X210.103 Y202.673 E87.06778
G1 X210.232 Y202.241 E87.07526
G1 X210.569 Y201.887 E87.08337
G1 F2700 E85.78337
G0 F15000 X211.024 Y209.815
G1 F2700 E87.08337
G1 F2868.4 X211.479 Y209.943 E87.09121
G1 X211.816 Y210.297 E87.09932
G1 X211.948 Y210.591 E87.10466
G1 X212.339 Y210.712 E87.11145
G1 X212.54 Y210.897 E87.11598
G1 X212.818 Y210.98 E87.1208
G1 X213.102 Y211.263 E87.12745
G1 X213.102 Y212.31 E87.14481
G1 X212.95 Y212.726 E87.15216
G1 X212.742 Y212.927 E87.15696
G1 X212.698 Y213.055 E87.1592
G1 X212.713 Y213.138 E87.1606
G1 X212.582 Y213.59 E87.16841
G1 X212.379 Y213.784 E87.17307
G1 X212.218 Y214.334 E87.18258
G1 X212.023 Y214.552 E87.18743
G1 X211.878 Y215.079 E87.19649
G1 X211.941 Y215.338 E87.20092
G1 X211.838 Y215.749 E87.20794
G1 X211.942 Y216.111 E87.21419
G1 X211.868 Y216.534 E87.22132
G1 X211.932 Y216.637 E87.22333
G1 X212.339 Y216.772 E87.23044
G1 X212.557 Y216.976 E87.23539
G1 X212.811 Y217.049 E87.23978
G1 X213.102 Y217.343 E87.24664
G1 X213.102 Y218.378 E87.26381
G1 X212.834 Y218.634 E87.26996
G1 X212.312 Y218.766 E87.27889
G1 X211.728 Y218.6 E87.28896
G1 X211.517 Y218.415 E87.29361
G1 X211.235 Y218.335 E87.29848
G1 X210.921 Y218.045 E87.30557
G1 X210.591 Y217.941 E87.31131
G1 X210.231 Y217.581 E87.31975
G1 X210.107 Y217.151 E87.32718
G1 X210.149 Y216.992 E87.3299
G1 X210.104 Y216.789 E87.33335
G1 X210.197 Y216.466 E87.33893
G1 X210.104 Y216.098 E87.34523
G1 X210.206 Y215.736 E87.35146
G1 X210.104 Y215.337 E87.3583
G1 X210.205 Y214.988 E87.36432
G1 X210.103 Y214.579 E87.37132
G1 X210.283 Y213.971 E87.38183
G1 X210.253 Y213.842 E87.38403
G1 X210.386 Y213.408 E87.39156
G1 X210.585 Y213.193 E87.39642
G1 X210.743 Y212.683 E87.40528
G1 X210.97 Y212.432 E87.41089
G1 X210.999 Y212.158 E87.41546
G1 X210.966 Y212.043 E87.41745
G1 X210.849 Y211.954 E87.41989
G1 X210.591 Y211.878 E87.42435
G1 X210.231 Y211.517 E87.4328
G1 X210.104 Y211.09 E87.44019
G1 X210.148 Y210.943 E87.44274
G1 X210.104 Y210.729 E87.44636
G1 X210.232 Y210.297 E87.45384
G1 X210.569 Y209.943 E87.46195
G1 X211.024 Y209.815 E87.46979
G1 F2700 E86.16979
G0 F15000 X213.392 Y201.597
G0 X216.528 Y201.597
G0 X216.814 Y212.516
G1 F2700 E87.46979
G1 F2868.4 X217.088 Y212.245 E87.47618
G1 X217.634 Y212.102 E87.48554
G1 X218.219 Y212.261 E87.4956
G1 X218.493 Y212.518 E87.50183
G1 X218.689 Y212.576 E87.50522
G1 X218.893 Y212.539 E87.50866
G1 X219.347 Y212.667 E87.51649
G1 X219.688 Y213.024 E87.52468
G1 X219.813 Y213.456 E87.53214
G1 X219.779 Y213.637 E87.53519
G1 X219.815 Y213.758 E87.53728
G1 X219.776 Y213.93 E87.54021
G1 X219.81 Y214.131 E87.54359
G1 X219.766 Y214.345 E87.54722
G1 X219.813 Y214.507 E87.55001
G1 X219.71 Y214.915 E87.55699
G1 X219.809 Y215.267 E87.56306
G1 X219.672 Y215.837 E87.57278
G1 X219.728 Y216.03 E87.57612
G1 X219.598 Y216.477 E87.58384
G1 X219.427 Y216.644 E87.58781
G1 X219.269 Y217.187 E87.59719
G1 X219.069 Y217.385 E87.60186
G1 X218.911 Y217.905 E87.61087
G1 X218.716 Y218.114 E87.61561
G1 X218.677 Y218.509 E87.6222
G1 X218.757 Y218.64 E87.62474
G1 X218.947 Y218.709 E87.6281
G1 X219.345 Y219.056 E87.63686
G1 X219.685 Y219.416 E87.64507
G1 X219.813 Y219.848 E87.65254
G1 X219.775 Y220.049 E87.65594
G1 X219.814 Y220.195 E87.65844
G1 X219.684 Y220.649 E87.66628
G1 X219.346 Y220.984 E87.67417
G1 X218.89 Y221.113 E87.68203
G1 X218.463 Y220.989 E87.68941
G1 X218.102 Y220.625 E87.69791
G1 X218.02 Y220.383 E87.70215
G1 X217.833 Y220.281 E87.70569
G1 X217.536 Y220.003 E87.71243
G1 X217.123 Y219.883 E87.71957
G1 X216.814 Y219.589 E87.72664
G1 X216.814 Y217.743 E87.75727
G1 X216.916 Y217.627 E87.75983
G1 X217.078 Y217.032 E87.77006
G1 X217.265 Y216.819 E87.77476
G1 X217.434 Y216.28 E87.78413
G1 X217.581 Y216.126 E87.78766
G1 X217.749 Y215.586 E87.79704
G1 X217.939 Y215.395 E87.80151
G1 X218.071 Y214.866 E87.81056
G1 X217.958 Y214.307 E87.82002
G1 X217.533 Y213.936 E87.82938
G1 X217.123 Y213.82 E87.83644
G1 X216.814 Y213.526 E87.84352
G1 X216.814 Y212.516 E87.86027
G1 F2700 E86.56027
G0 F15000 X218.463 Y208.865
G1 F2700 E87.86027
G1 F2868.4 X218.102 Y208.501 E87.86878
G1 X218.02 Y208.259 E87.87302
G1 X217.833 Y208.157 E87.87655
G1 X217.523 Y207.872 E87.88354
G1 X217.123 Y207.759 E87.89043
G1 X216.814 Y207.465 E87.89751
G1 X216.814 Y206.455 E87.91426
G1 X217.058 Y206.199 E87.92013
G1 X217.082 Y206.089 E87.92199
G1 X217.031 Y205.961 E87.92428
G1 X216.814 Y205.754 E87.92925
G1 X216.814 Y204.743 E87.94603
G1 X216.916 Y204.627 E87.94859
G1 X217.078 Y204.032 E87.95882
G1 X217.265 Y203.819 E87.96352
G1 X217.434 Y203.28 E87.97289
G1 X217.581 Y203.126 E87.97642
G1 X217.752 Y202.583 E87.98586
G1 X217.928 Y202.364 E87.99053
G1 X218.088 Y201.833 E87.99973
G1 X218.425 Y201.479 E88.00783
G1 X218.891 Y201.347 E88.01587
G1 X219.347 Y201.479 E88.02374
G1 X219.684 Y201.832 E88.03184
G1 X219.809 Y202.269 E88.03938
G1 X219.662 Y202.799 E88.0485
G1 X219.729 Y203.029 E88.05248
G1 X219.598 Y203.477 E88.06022
G1 X219.427 Y203.644 E88.06418
G1 X219.269 Y204.187 E88.07356
G1 X219.069 Y204.385 E88.07823
G1 X218.911 Y204.905 E88.08725
G1 X218.716 Y205.114 E88.09199
G1 X218.72 Y205.283 E88.09479
G1 X218.59 Y205.726 E88.10245
G1 X218.379 Y205.929 E88.10731
G1 X218.334 Y206.06 E88.10961
G1 X218.343 Y206.319 E88.11391
G1 X218.418 Y206.425 E88.11606
G1 X218.948 Y206.581 E88.12523
G1 X219.345 Y206.932 E88.13402
G1 X219.685 Y207.292 E88.14223
G1 X219.813 Y207.724 E88.1497
G1 X219.775 Y207.925 E88.1531
G1 X219.814 Y208.071 E88.1556
G1 X219.684 Y208.525 E88.16344
G1 X219.346 Y208.86 E88.17133
G1 X218.89 Y208.989 E88.17919
G1 X218.463 Y208.865 E88.18657
G1 F2700 E86.88657
G0 F15000 X216.528 Y228.403
G0 X213.391 Y228.403
G0 X211.475 Y222.067
G1 F2700 E88.18657
G1 F2868.4 X211.813 Y222.421 E88.19469
G1 X211.926 Y222.696 E88.19962
G1 X212.338 Y222.829 E88.2068
G1 X212.547 Y223.025 E88.21156
G1 X212.812 Y223.098 E88.21612
G1 X213.102 Y223.388 E88.22292
G1 X213.102 Y225.35 E88.25547
G1 X212.966 Y225.733 E88.26221
G1 X212.768 Y225.927 E88.26681
G1 X212.602 Y226.497 E88.27665
G1 X212.41 Y226.707 E88.28137
G1 X212.238 Y227.306 E88.29171
G1 X212.057 Y227.491 E88.29601
G1 X211.905 Y227.995 E88.30474
G1 X211.556 Y228.335 E88.31282
G1 X211.055 Y228.47 E88.32143
G1 X210.591 Y228.333 E88.32945
G1 X210.231 Y227.973 E88.3379
G1 X210.103 Y227.539 E88.34541
G1 X210.294 Y226.924 E88.35609
G1 X210.261 Y226.804 E88.35815
G1 X210.393 Y226.364 E88.36577
G1 X210.594 Y226.121 E88.371
G1 X210.761 Y225.594 E88.38017
G1 X210.952 Y225.402 E88.38467
G1 X211.126 Y224.837 E88.39447
G1 X211.291 Y224.665 E88.39843
G1 X211.315 Y224.523 E88.40082
G1 X211.285 Y224.446 E88.40219
G1 X210.915 Y224.1 E88.41059
G1 X210.591 Y224.001 E88.41621
G1 X210.231 Y223.641 E88.42466
G1 X210.104 Y223.208 E88.43214
G1 X210.145 Y223.002 E88.43563
G1 X210.103 Y222.852 E88.43821
G1 X210.228 Y222.42 E88.44567
G1 X210.565 Y222.067 E88.45377
G1 X211.023 Y221.939 E88.46165
G1 X211.475 Y222.067 E88.46945
G1 F2700 E87.16945
G0 F15000 X213.391 Y228.403
G0 X216.528 Y228.403
G0 X216.814 Y224.64
G1 F2700 E88.46945
G1 F2868.4 X217.088 Y224.369 E88.47584
G1 X217.635 Y224.226 E88.48522
G1 X218.224 Y224.385 E88.49534
G1 X218.433 Y224.586 E88.50015
G1 X218.943 Y224.737 E88.50897
G1 X219.306 Y225.097 E88.51745
G1 X219.337 Y225.112 E88.51802
G1 X219.688 Y225.477 E88.52642
G1 X219.814 Y225.911 E88.53392
G1 X219.775 Y226.117 E88.5374
G1 X219.81 Y226.254 E88.53975
G1 X219.715 Y226.607 E88.54581
G1 X219.809 Y226.998 E88.55248
G1 X219.684 Y227.45 E88.56026
G1 X219.346 Y227.788 E88.56819
G1 X218.89 Y227.917 E88.57605
G1 X218.463 Y227.79 E88.58344
G1 X218.103 Y227.429 E88.5919
G1 X217.975 Y226.997 E88.59937
G1 X218.101 Y226.565 E88.60684
G1 X218.035 Y226.381 E88.61008
G1 X217.842 Y226.301 E88.61354
G1 X217.623 Y226.094 E88.61854
G1 X217.123 Y225.943 E88.62721
G1 X216.814 Y225.649 E88.63428
G1 X216.814 Y224.64 E88.65102
G1 F2700 E87.35102
;MESH:upperLeftPad.stl
G0 F15000 X215.435 Y224.64
G0 X214.964 Y215.001
G0 X214.711 Y215
M204 S1250
;TYPE:WALL-INNER
G1 F2700 E88.65102
G1 F2438.7 X214.711 Y227.081 E88.89914
G1 X215.205 Y227.081 E88.90929
G1 X215.205 Y202.915 E89.40561
G1 X214.711 Y202.915 E89.41576
G1 X214.711 Y215 E89.66396
M204 S2500
G0 F15000 X214.254 Y215
M204 S1250
;TYPE:WALL-OUTER
G1 F2868.4 X214.254 Y227.538 E89.88289
G1 X215.662 Y227.538 E89.90748
G1 X215.662 Y202.458 E90.34542
G1 X214.254 Y202.458 E90.37
G1 X214.254 Y215 E90.58901
M204 S2500
G0 F15000 X214.254 Y215.2
G1 F2700 E89.28901
;MESH:NONMESH
G0 F600 X214.254 Y215.2 Z1.2
G0 F15000 X214.964 Y215.201
G0 X214.479 Y202.684
G0 X213.379 Y202.684
G0 X210.605 Y201.959
;TIME_ELAPSED:108.673362
;LAYER:9
;note -- min layer time used
;TYPE:SUPPORT
G1 F2700 E90.58901
G1 F2856.1 X211.023 Y201.839 E90.59622
G1 X211.439 Y201.959 E90.6034
G1 X211.74 Y202.276 E90.61065
G1 X211.857 Y202.674 E90.61754
G1 X211.744 Y203.086 E90.62462
G1 X211.311 Y203.519 E90.63478
G1 F2809.3 X211.244 Y203.646 E90.6372
G1 F2802.7 X211.303 Y203.808 E90.64012
G1 F2856.1 X211.745 Y204.277 E90.65081
G1 X211.879 Y204.579 E90.65629
G1 X212.444 Y204.729 E90.66598
G1 X212.674 Y204.943 E90.6712
G1 X212.92 Y205.013 E90.67544
G1 X213.154 Y205.244 E90.68089
G1 X213.154 Y206.248 E90.69755
G1 X212.943 Y206.445 E90.70234
G1 X212.456 Y206.57 E90.71068
G1 X211.91 Y206.415 E90.72009
G1 X211.695 Y206.23 E90.7248
G1 X211.424 Y206.148 E90.72949
G1 X211.141 Y205.889 E90.73586
G1 X210.672 Y205.748 E90.74398
G1 X210.324 Y205.42 E90.75191
G1 X210.196 Y205.024 E90.75882
G1 X210.234 Y204.88 E90.76129
G1 X210.187 Y204.669 E90.76488
G1 X210.304 Y204.272 E90.77174
G1 X210.749 Y203.801 E90.78249
G1 F2809.3 X210.812 Y203.678 E90.78482
G1 F2815.9 X210.749 Y203.511 E90.78782
G1 F2856.1 X210.303 Y203.065 E90.79829
G1 X210.187 Y202.672 E90.80508
G1 X210.304 Y202.276 E90.81193
G1 X210.605 Y201.959 E90.81919
G1 F2700 E89.51919
G0 F15000 X211.023 Y209.899
G1 F2700 E90.81919
G1 F2856.1 X211.439 Y210.015 E90.82635
G1 X211.741 Y210.333 E90.83362
G1 X211.807 Y210.511 E90.83677
G1 X211.963 Y210.659 E90.84034
G1 X212.443 Y210.793 E90.84861
G1 X212.656 Y210.995 E90.85348
G1 X212.919 Y211.073 E90.85803
G1 X213.154 Y211.304 E90.86349
G1 X213.154 Y212.314 E90.88025
G1 X213.022 Y212.682 E90.88673
G1 X212.755 Y212.978 E90.89335
G1 X212.776 Y213.146 E90.89615
G1 X212.654 Y213.559 E90.9033
G1 X212.454 Y213.752 E90.90791
G1 X212.294 Y214.306 E90.91747
G1 X212.124 Y214.47 E90.92139
G1 X211.954 Y215.004 E90.93069
G1 X211.864 Y215.096 E90.93282
G1 X211.831 Y215.233 E90.93516
G1 X211.857 Y215.338 E90.93696
G1 X211.758 Y215.746 E90.94392
G1 X211.857 Y216.098 E90.94999
G1 X211.763 Y216.568 E90.95794
G1 X211.877 Y216.696 E90.96078
G1 X212.446 Y216.852 E90.97057
G1 X212.681 Y217.08 E90.976
G1 X212.92 Y217.149 E90.98013
G1 X213.154 Y217.38 E90.98558
G1 X213.154 Y218.384 E91.00224
G1 X212.94 Y218.581 E91.00706
G1 X212.455 Y218.706 E91.01537
G1 X211.91 Y218.551 E91.02477
G1 X211.682 Y218.352 E91.02979
G1 X211.423 Y218.272 E91.03429
G1 X211.139 Y218.014 E91.04065
G1 X210.663 Y217.868 E91.04891
G1 X210.321 Y217.544 E91.05672
G1 X210.196 Y217.146 E91.06364
G1 X210.234 Y217.006 E91.06605
G1 X210.187 Y216.793 E91.06967
G1 X210.281 Y216.469 E91.07527
G1 X210.188 Y216.099 E91.08159
G1 X210.29 Y215.74 E91.08778
G1 X210.187 Y215.337 E91.09469
G1 X210.295 Y214.941 E91.10149
G1 X210.196 Y214.581 E91.10769
G1 X210.315 Y214.186 E91.11453
G1 X210.452 Y214.043 E91.11782
G1 X210.597 Y213.469 E91.12764
G1 X210.79 Y213.265 E91.1323
G1 X210.954 Y212.733 E91.14153
G1 X211.221 Y212.426 E91.14828
G1 X211.232 Y212.084 E91.15396
G1 X211.155 Y211.968 E91.15627
G1 X210.664 Y211.808 E91.16483
G1 X210.316 Y211.48 E91.17276
G1 X210.193 Y211.091 E91.17953
G1 X210.234 Y210.944 E91.18206
G1 X210.187 Y210.733 E91.18565
G1 X210.304 Y210.336 E91.19252
G1 X210.605 Y210.015 E91.19982
G1 X211.023 Y209.899 E91.20701
G1 F2700 E89.90701
G0 F15000 X213.442 Y201.597
G0 X216.478 Y201.597
G0 X216.762 Y212.525
G1 F2700 E91.20701
G1 F2856.1 X216.992 Y212.301 E91.21234
G1 X217.491 Y212.17 E91.2209
G1 X218.035 Y212.317 E91.23024
G1 X218.32 Y212.591 E91.2368
G1 X218.672 Y212.678 E91.24282
G1 X218.891 Y212.623 E91.24656
G1 X219.311 Y212.743 E91.25381
G1 X219.612 Y213.06 E91.26106
G1 X219.729 Y213.453 E91.26786
G1 X219.695 Y213.578 E91.27001
G1 X219.73 Y213.755 E91.273
G1 X219.687 Y213.988 E91.27693
G1 X219.729 Y214.134 E91.27945
G1 X219.682 Y214.343 E91.28301
G1 X219.729 Y214.508 E91.28585
G1 X219.629 Y214.864 E91.29199
G1 X219.725 Y215.267 E91.29886
G1 X219.608 Y215.682 E91.30601
G1 X219.512 Y215.782 E91.30831
G1 X219.474 Y215.916 E91.31062
G1 X219.501 Y216.025 E91.31249
G1 X219.378 Y216.438 E91.31963
G1 X219.219 Y216.598 E91.32338
G1 X219.056 Y217.142 E91.3328
G1 X218.871 Y217.352 E91.33744
G1 X218.706 Y217.885 E91.34669
G1 X218.514 Y218.069 E91.35111
G1 X218.425 Y218.561 E91.3594
G1 X218.536 Y218.712 E91.36251
G1 X218.759 Y218.777 E91.36636
G1 X219.039 Y219.046 E91.3728
G1 X219.31 Y219.134 E91.37753
G1 X219.612 Y219.452 E91.3848
G1 X219.729 Y219.849 E91.39167
G1 X219.687 Y220.002 E91.3943
G1 X219.726 Y220.198 E91.39762
G1 X219.612 Y220.61 E91.40471
G1 X219.306 Y220.916 E91.41189
G1 X218.894 Y221.029 E91.41897
G1 X218.503 Y220.917 E91.42572
G1 X218.174 Y220.584 E91.43349
G1 X218.097 Y220.366 E91.43732
G1 X218.033 Y220.302 E91.43882
G1 X217.734 Y220.211 E91.44401
G1 X217.411 Y219.914 E91.45129
G1 X217.019 Y219.795 E91.45808
G1 X216.762 Y219.556 E91.4639
G1 X216.762 Y217.751 E91.49385
G1 X216.836 Y217.654 E91.49587
G1 X217.013 Y217.104 E91.50545
G1 X217.205 Y216.904 E91.51005
G1 X217.364 Y216.312 E91.52022
G1 X217.531 Y216.094 E91.52478
G1 X217.674 Y215.628 E91.53286
G1 X217.841 Y215.455 E91.53685
G1 X218.023 Y214.873 E91.54697
G1 X218.103 Y214.74 E91.54954
G1 X217.981 Y214.269 E91.55761
G1 X217.891 Y214.191 E91.55959
G1 X217.734 Y214.147 E91.56229
G1 X217.391 Y213.84 E91.56993
G1 X217.019 Y213.735 E91.57634
G1 X216.762 Y213.493 E91.5822
G1 X216.762 Y212.525 E91.59825
G1 F2700 E90.29825
G0 F15000 X218.503 Y208.793
G1 F2700 E91.59825
G1 F2856.1 X218.174 Y208.46 E91.60602
G1 X218.097 Y208.242 E91.60986
G1 X218.003 Y208.162 E91.6119
G1 X217.734 Y208.087 E91.61654
G1 X217.39 Y207.779 E91.6242
G1 X217.019 Y207.671 E91.6306
G1 X216.762 Y207.432 E91.63643
G1 X216.762 Y206.461 E91.65253
G1 X216.995 Y206.235 E91.65792
G1 X217.058 Y206.108 E91.66027
G1 X217 Y205.938 E91.66325
G1 X216.762 Y205.716 E91.66865
G1 X216.762 Y204.751 E91.68466
G1 X216.836 Y204.654 E91.68668
G1 X217.013 Y204.104 E91.69627
G1 X217.206 Y203.903 E91.70089
G1 X217.364 Y203.312 E91.71104
G1 X217.531 Y203.094 E91.71559
G1 X217.674 Y202.628 E91.72368
G1 X217.84 Y202.455 E91.72765
G1 X218.025 Y201.873 E91.73779
G1 X218.349 Y201.553 E91.74534
G1 X218.842 Y201.422 E91.7538
G1 X219.304 Y201.551 E91.76176
G1 X219.608 Y201.869 E91.76906
G1 X219.725 Y202.266 E91.77592
G1 X219.608 Y202.682 E91.78309
G1 X219.507 Y202.789 E91.78553
G1 X219.474 Y202.916 E91.78771
G1 X219.501 Y203.025 E91.78957
G1 X219.378 Y203.438 E91.79672
G1 X219.219 Y203.598 E91.80046
G1 X219.056 Y204.142 E91.80988
G1 X218.871 Y204.352 E91.81452
G1 X218.706 Y204.884 E91.82376
G1 X218.514 Y205.063 E91.82812
G1 X218.37 Y205.673 E91.83852
G1 X218.056 Y205.966 E91.84564
G1 X217.991 Y206.096 E91.84805
G1 X218.045 Y206.263 E91.85096
G1 X218.32 Y206.527 E91.85729
G1 X218.756 Y206.653 E91.86481
G1 X219.039 Y206.922 E91.87129
G1 X219.31 Y207.01 E91.87602
G1 X219.612 Y207.328 E91.88329
G1 X219.729 Y207.725 E91.89016
G1 X219.687 Y207.878 E91.89279
G1 X219.726 Y208.074 E91.89611
G1 X219.612 Y208.486 E91.9032
G1 X219.306 Y208.792 E91.91038
G1 X218.894 Y208.905 E91.91746
G1 X218.503 Y208.793 E91.92421
G1 F2700 E90.62421
G0 F15000 X216.478 Y228.403
G0 X213.441 Y228.403
G0 X211.439 Y222.139
G1 F2700 E91.92421
G1 F2856.1 X211.74 Y222.455 E91.93145
G1 X211.803 Y222.63 E91.93453
G1 X211.945 Y222.769 E91.93783
G1 X212.444 Y222.913 E91.94645
G1 X212.638 Y223.102 E91.95094
G1 X212.923 Y223.197 E91.95592
G1 X213.154 Y223.424 E91.96129
G1 X213.154 Y225.35 E91.99324
G1 X213.034 Y225.689 E91.99921
G1 X212.851 Y225.862 E92.00339
G1 X212.678 Y226.457 E92.01367
G1 X212.436 Y226.704 E92.0194
G1 X212.431 Y226.869 E92.02214
G1 X212.314 Y227.277 E92.02918
G1 X212.131 Y227.453 E92.03339
G1 X211.97 Y227.969 E92.04236
G1 X211.655 Y228.266 E92.04954
G1 X211.147 Y228.398 E92.05825
G1 X210.652 Y228.259 E92.06678
G1 X210.318 Y227.938 E92.07446
G1 X210.196 Y227.539 E92.08138
G1 X210.315 Y227.146 E92.08819
G1 X210.454 Y226.998 E92.09156
G1 X210.603 Y226.432 E92.10127
G1 X210.816 Y226.221 E92.10625
G1 X210.978 Y225.636 E92.11631
G1 X211.155 Y225.454 E92.12053
G1 X211.341 Y224.877 E92.13058
G1 X211.434 Y224.771 E92.13292
G1 X211.51 Y224.508 E92.13746
G1 X211.479 Y224.397 E92.13937
G1 X211.12 Y224.06 E92.14754
G1 X210.663 Y223.931 E92.15542
G1 X210.316 Y223.601 E92.16336
G1 X210.193 Y223.212 E92.17013
G1 X210.234 Y223.068 E92.17262
G1 X210.187 Y222.853 E92.17627
G1 X210.304 Y222.456 E92.18313
G1 X210.605 Y222.139 E92.19038
G1 X211.023 Y222.023 E92.19758
G1 X211.439 Y222.139 E92.20474
G1 F2700 E90.90474
G0 F15000 X213.441 Y228.403
G0 X216.478 Y228.403
G0 X216.762 Y224.649
G1 F2700 E92.20474
G1 F2856.1 X216.992 Y224.425 E92.21007
G1 X217.491 Y224.294 E92.21863
G1 X218.035 Y224.44 E92.22797
G1 X218.247 Y224.649 E92.23291
G1 X218.756 Y224.797 E92.2417
G1 X219.131 Y225.142 E92.25016
G1 X219.31 Y225.194 E92.25325
G1 X219.612 Y225.516 E92.26057
G1 X219.729 Y225.909 E92.26737
G1 X219.687 Y226.114 E92.27084
G1 X219.729 Y226.259 E92.27335
G1 X219.63 Y226.616 E92.27949
G1 X219.729 Y226.998 E92.28604
G1 X219.612 Y227.41 E92.29314
G1 X219.306 Y227.716 E92.30032
G1 X218.894 Y227.833 E92.30743
G1 X218.503 Y227.717 E92.31419
G1 X218.175 Y227.389 E92.32189
G1 X218.059 Y226.996 E92.32869
G1 X218.158 Y226.648 E92.33469
G1 X218.111 Y226.427 E92.33844
G1 X217.995 Y226.292 E92.34139
G1 X217.737 Y226.219 E92.34584
G1 X217.487 Y225.996 E92.35139
G1 X217.023 Y225.859 E92.35942
G1 X216.763 Y225.616 E92.36532
G1 X216.762 Y224.649 E92.38136
G1 F2700 E91.08136
;MESH:upperLeftPad.stl
G0 F15000 X215.385 Y224.649
G0 X214.955 Y215.001
G0 X214.735 Y215
M204 S1250
;TYPE:WALL-INNER
G1 F2700 E92.38136
G1 F2689.6 X214.735 Y227.105 E92.60582
G1 X215.181 Y227.105 E92.61409
G1 X215.181 Y202.891 E93.06308
G1 X214.735 Y202.891 E93.07135
G1 X214.735 Y215 E93.29588
M204 S2500
G0 F15000 X214.302 Y215
M204 S1250
;TYPE:WALL-OUTER
G1 F2856.1 X214.302 Y227.538 E93.51481
G1 X215.614 Y227.538 E93.53772
G1 X215.614 Y202.458 E93.97566
G1 X214.302 Y202.458 E93.99857
G1 X214.302 Y215 E94.21757
M204 S2500
G0 F15000 X214.302 Y215.2
G1 F2700 E92.91757
;MESH:NONMESH
G0 F600 X214.302 Y215.2 Z1.3
G0 F15000 X214.955 Y215.201
G0 X214.529 Y202.684
G0 X213.429 Y202.684
G0 X210.649 Y202.027
;TIME_ELAPSED:117.485921
;LAYER:10
;note -- min layer time used
;TYPE:SUPPORT
G1 F2700 E94.21757
G1 F2809.8 X211.025 Y201.923 E94.22404
G1 X211.4 Y202.027 E94.2305
G1 X211.672 Y202.313 E94.23705
G1 X211.774 Y202.677 E94.24332
G1 X211.672 Y203.046 E94.24967
G1 X211.394 Y203.324 E94.25619
G1 F2816.5 X211.239 Y203.386 E94.25895
G1 F3105.5 X211.201 Y203.548 E94.26145
G1 F3122 X211.238 Y203.958 E94.2676
G1 F2836.8 X211.396 Y204.024 E94.27041
G1 F2809.8 X211.727 Y204.408 E94.27882
G1 X212.051 Y204.671 E94.28574
G1 X212.547 Y204.809 E94.29428
G1 X212.788 Y205.037 E94.29979
G1 X213.019 Y205.105 E94.30378
G1 X213.202 Y205.287 E94.30806
G1 X213.202 Y206.248 E94.324
G1 X213.04 Y206.397 E94.32765
G1 X212.599 Y206.51 E94.33521
G1 X212.095 Y206.368 E94.34389
G1 X211.872 Y206.165 E94.34889
G1 X211.609 Y206.086 E94.35345
G1 X211.368 Y205.867 E94.35885
G1 X210.851 Y205.708 E94.36782
G1 X210.522 Y205.402 E94.37528
G1 X210.273 Y204.666 E94.38817
G1 X210.376 Y204.308 E94.39435
G1 X210.649 Y204.023 E94.40089
G1 F2836.8 X210.818 Y203.953 E94.4039
G1 F3122 X210.859 Y203.809 E94.40613
G1 F3105.5 X210.824 Y203.384 E94.41253
G1 F2816.5 X210.67 Y203.32 E94.41529
G1 F2809.8 X210.375 Y203.025 E94.42221
G1 X210.271 Y202.672 E94.42832
G1 X210.376 Y202.316 E94.43448
G1 X210.649 Y202.027 E94.44107
G1 F2700 E93.14107
G0 F15000 X213.492 Y201.597
G0 X216.428 Y201.597
G0 X216.944 Y204.167
G1 F2700 E94.44107
G1 F2809.8 X217.162 Y203.949 E94.44618
G1 X217.202 Y203.811 E94.44857
G1 X217.173 Y203.701 E94.45046
G1 X217.282 Y203.344 E94.45665
G1 X217.45 Y203.174 E94.46061
G1 X217.612 Y202.663 E94.4695
G1 X217.818 Y202.453 E94.47438
G1 X217.962 Y201.908 E94.48374
G1 X218.248 Y201.625 E94.49041
G1 X218.732 Y201.497 E94.49871
G1 X219.216 Y201.625 E94.50702
G1 X219.511 Y201.917 E94.51391
G1 X219.62 Y202.265 E94.51995
G1 X219.507 Y202.637 E94.5264
G1 X219.308 Y202.829 E94.53099
G1 X219.162 Y203.397 E94.54072
G1 X219.006 Y203.547 E94.54431
G1 X218.842 Y204.089 E94.5537
G1 X218.606 Y204.337 E94.55938
G1 X218.479 Y204.844 E94.56805
G1 X218.289 Y205.026 E94.57242
G1 X218.242 Y205.17 E94.57493
G1 X218.263 Y205.258 E94.57643
G1 X218.158 Y205.617 E94.58264
G1 F2443.3 X217.668 Y206.075 E94.59543
G1 F2134 X217.66 Y206.122 E94.59647
G1 F2408.4 X218.148 Y206.601 E94.60971
G1 F2809.8 X218.572 Y206.721 E94.61702
G1 X218.832 Y206.961 E94.62288
G1 X219.249 Y207.076 E94.63006
G1 X219.533 Y207.37 E94.63684
G1 X219.64 Y207.725 E94.64299
G1 X219.603 Y207.859 E94.6453
G1 X219.645 Y208.07 E94.64887
G1 X219.544 Y208.442 E94.65526
G1 X219.266 Y208.72 E94.66178
G1 X218.894 Y208.825 E94.66819
G1 X218.543 Y208.721 E94.67427
G1 X218.246 Y208.424 E94.68124
G1 X218.119 Y208.153 E94.6862
G1 X217.634 Y208.003 E94.69462
G1 X217.293 Y207.697 E94.70222
G1 X216.923 Y207.587 E94.70862
G1 X216.715 Y207.392 E94.71335
G1 X216.714 Y206.469 E94.72867
G1 F2408.4 X217.103 Y206.102 E94.73902
G1 F2134 X217.097 Y206.054 E94.74007
G1 F2443.3 X216.714 Y205.677 E94.75032
G1 F2809.8 X216.714 Y204.759 E94.76555
G1 X216.81 Y204.643 E94.76805
G1 X216.944 Y204.167 E94.77625
G1 F2700 E93.47625
G0 F15000 X217.346 Y212.242
G1 F2700 E94.77625
G1 F2809.8 X217.848 Y212.377 E94.78488
G1 X218.148 Y212.661 E94.79173
G1 X218.622 Y212.781 E94.79984
G1 X218.893 Y212.707 E94.8045
G1 X219.268 Y212.811 E94.81096
G1 X219.54 Y213.096 E94.81749
G1 X219.645 Y213.459 E94.82376
G1 X219.61 Y213.614 E94.8264
G1 X219.645 Y213.755 E94.82881
G1 X219.605 Y213.991 E94.83278
G1 X219.645 Y214.131 E94.83519
G1 X219.601 Y214.367 E94.83917
G1 X219.645 Y214.511 E94.84167
G1 X219.53 Y214.927 E94.84883
G1 X219.62 Y215.266 E94.85465
G1 X219.507 Y215.637 E94.86108
G1 X219.276 Y215.888 E94.86674
G1 X219.275 Y216.015 E94.86885
G1 X219.162 Y216.397 E94.87546
G1 X218.994 Y216.585 E94.87964
G1 X218.842 Y217.089 E94.88837
G1 X218.606 Y217.337 E94.89405
G1 X218.479 Y217.844 E94.90272
G1 X218.289 Y218.026 E94.90709
G1 X218.242 Y218.172 E94.90963
G1 X218.263 Y218.257 E94.91108
G1 X218.186 Y218.516 E94.91556
G1 X218.203 Y218.677 E94.91825
G1 X218.273 Y218.753 E94.91996
G1 X218.571 Y218.845 E94.92514
G1 X218.832 Y219.085 E94.93102
G1 X219.249 Y219.2 E94.9382
G1 X219.533 Y219.494 E94.94498
G1 X219.64 Y219.849 E94.95113
G1 X219.603 Y219.983 E94.95343
G1 X219.645 Y220.194 E94.957
G1 X219.544 Y220.566 E94.9634
G1 X219.266 Y220.844 E94.96992
G1 X218.894 Y220.949 E94.97633
G1 X218.543 Y220.845 E94.9824
G1 X218.246 Y220.548 E94.98937
G1 X218.119 Y220.277 E94.99433
G1 X217.634 Y220.127 E95.00276
G1 X217.302 Y219.826 E95.01019
G1 X216.923 Y219.711 E95.01676
G1 X216.715 Y219.516 E95.02149
G1 X216.714 Y217.759 E95.05064
G1 X216.81 Y217.643 E95.05313
G1 X216.944 Y217.167 E95.06134
G1 X217.162 Y216.949 E95.06645
G1 X217.202 Y216.811 E95.06883
G1 X217.173 Y216.701 E95.07072
G1 X217.282 Y216.344 E95.07691
G1 X217.45 Y216.174 E95.08088
G1 X217.611 Y215.663 E95.08977
G1 X217.814 Y215.462 E95.0945
G1 X217.962 Y214.909 E95.104
G1 X218.152 Y214.699 E95.1087
G1 X218.163 Y214.321 E95.11497
G1 X218.047 Y214.184 E95.11795
G1 X217.638 Y214.067 E95.12501
G1 X217.294 Y213.757 E95.13269
G1 X216.922 Y213.647 E95.13912
G1 X216.714 Y213.456 E95.14381
G1 X216.714 Y212.532 E95.15914
G1 X216.892 Y212.358 E95.16326
G1 X217.346 Y212.242 E95.17104
G1 F2700 E93.87104
G0 F15000 X216.428 Y201.597
G0 X213.492 Y201.597
G0 X213.202 Y212.242
G1 F2700 E95.17104
G1 F2809.8 X213.202 Y212.328 E95.17246
G1 X213.09 Y212.641 E95.17798
G1 X212.819 Y212.919 E95.18442
G1 X212.837 Y213.153 E95.18831
G1 X212.727 Y213.524 E95.19473
G1 X212.473 Y213.8 E95.20095
G1 X212.476 Y213.915 E95.20286
G1 X212.37 Y214.28 E95.20917
G1 X212.168 Y214.467 E95.21373
G1 X212.017 Y214.979 E95.22259
G1 X211.805 Y215.199 E95.22766
G1 X211.677 Y215.739 E95.23686
G1 X211.776 Y216.098 E95.24304
G1 X211.707 Y216.403 E95.24823
G1 X211.754 Y216.511 E95.25018
G1 X212.057 Y216.796 E95.25708
G1 X212.544 Y216.933 E95.26547
G1 X212.812 Y217.182 E95.27154
G1 X213.019 Y217.241 E95.27511
G1 X213.202 Y217.423 E95.27939
G1 X213.202 Y218.381 E95.29529
G1 X213.04 Y218.533 E95.29897
G1 X212.599 Y218.642 E95.30651
G1 X212.093 Y218.503 E95.31521
G1 X211.861 Y218.294 E95.32039
G1 X211.611 Y218.212 E95.32476
G1 X211.334 Y217.959 E95.33098
G1 X210.843 Y217.804 E95.33952
G1 X210.523 Y217.506 E95.34677
G1 X210.271 Y216.791 E95.35935
G1 X210.361 Y216.417 E95.36573
G1 X210.272 Y216.101 E95.37118
G1 X210.374 Y215.741 E95.37738
G1 X210.273 Y215.347 E95.38413
G1 X210.422 Y214.797 E95.39358
G1 X210.36 Y214.589 E95.39718
G1 X210.47 Y214.229 E95.40343
G1 X210.673 Y214.013 E95.40834
G1 X210.805 Y213.526 E95.41672
G1 X211.043 Y213.274 E95.42246
G1 X211.17 Y212.777 E95.43097
G1 X211.445 Y212.489 E95.43758
G1 X211.429 Y212.267 E95.44127
G1 X211.478 Y212.099 E95.44418
G1 X211.452 Y211.977 E95.44624
G1 X211.354 Y211.888 E95.44844
G1 X210.843 Y211.743 E95.45725
G1 X210.524 Y211.444 E95.4645
G1 X210.271 Y210.728 E95.4771
G1 X210.376 Y210.373 E95.48324
G1 X210.649 Y210.087 E95.4898
G1 X211.024 Y209.982 E95.49626
G1 X211.399 Y210.087 E95.50272
G1 X211.996 Y210.72 E95.51716
G1 X212.548 Y210.877 E95.52668
G1 X212.779 Y211.092 E95.53191
G1 X213.018 Y211.168 E95.53607
G1 X213.202 Y211.348 E95.54034
G1 X213.202 Y212.242 E95.55517
G1 F2700 E94.25517
G0 F15000 X211.025 Y222.103
G1 F2700 E95.55517
G1 F2809.8 X211.398 Y222.207 E95.56159
G1 X211.986 Y222.839 E95.57591
G1 X212.548 Y222.993 E95.58558
G1 X212.789 Y223.22 E95.59107
G1 X213.019 Y223.289 E95.59506
G1 X213.202 Y223.468 E95.5993
G1 X213.202 Y225.397 E95.6313
G1 X213.109 Y225.642 E95.63565
G1 X212.852 Y225.923 E95.64197
G1 X212.861 Y226.054 E95.64414
G1 X212.75 Y226.422 E95.65052
G1 X212.525 Y226.638 E95.65569
G1 X212.474 Y226.784 E95.65826
G1 X212.497 Y226.882 E95.65993
G1 X212.386 Y227.249 E95.66629
G1 X212.173 Y227.471 E95.67139
G1 X212.034 Y227.942 E95.67954
G1 X211.751 Y228.209 E95.68599
G1 X211.287 Y228.326 E95.69393
G1 X210.81 Y228.195 E95.70214
G1 X210.488 Y227.896 E95.70943
G1 X210.38 Y227.547 E95.71549
G1 X210.49 Y227.192 E95.72165
G1 X210.671 Y227.008 E95.72593
G1 X210.82 Y226.498 E95.73475
G1 X211.083 Y226.22 E95.7411
G1 X211.081 Y226.035 E95.74416
G1 X211.189 Y225.685 E95.75024
G1 X211.404 Y225.473 E95.75525
G1 X211.557 Y224.918 E95.7648
G1 X211.638 Y224.839 E95.76668
G1 X211.754 Y224.472 E95.77306
G1 X211.721 Y224.358 E95.77503
G1 X211.326 Y224.016 E95.7837
G1 X210.839 Y223.867 E95.79215
G1 X210.524 Y223.572 E95.7993
G1 X210.271 Y222.852 E95.81196
G1 X210.376 Y222.497 E95.8181
G1 X210.649 Y222.211 E95.82466
G1 X211.025 Y222.103 E95.83115
G1 F2700 E94.53115
G0 F15000 X213.491 Y228.403
G0 X216.428 Y228.403
G0 X216.714 Y224.656
G1 F2700 E95.83115
G1 F2809.8 X216.891 Y224.482 E95.83527
G1 X217.35 Y224.365 E95.84313
G1 X217.852 Y224.501 E95.85176
G1 X218.069 Y224.711 E95.85676
G1 X218.568 Y224.857 E95.86539
G1 X218.853 Y225.138 E95.87203
G1 X219.249 Y225.264 E95.87892
G1 X219.533 Y225.558 E95.8857
G1 X219.641 Y225.914 E95.89187
G1 X219.604 Y226.045 E95.89413
G1 X219.645 Y226.257 E95.89771
G1 X219.546 Y226.653 E95.90449
G1 X219.645 Y226.999 E95.91046
G1 X219.544 Y227.37 E95.91683
G1 X219.266 Y227.648 E95.92336
G1 X218.895 Y227.749 E95.92973
G1 X218.543 Y227.645 E95.93582
G1 X218.243 Y227.348 E95.94283
G1 X218.14 Y226.997 E95.94889
G1 X218.242 Y226.644 E95.95499
G1 X218.14 Y226.345 E95.96023
G1 X218.013 Y226.245 E95.96291
G1 X217.634 Y226.139 E95.96944
G1 X217.373 Y225.905 E95.97525
G1 X216.919 Y225.771 E95.98311
G1 X216.715 Y225.58 E95.98774
G1 X216.714 Y224.656 E96.00307
G1 F2700 E94.70307
;MESH:upperLeftPad.stl
G0 F15000 X215.335 Y224.656
G0 X214.761 Y215
M204 S1250
;TYPE:WALL-INNER
G1 F2700 E96.00307
G1 F2995.2 X214.761 Y227.131 E96.20178
G1 X215.155 Y227.131 E96.20824
G1 X215.155 Y202.865 E96.60573
G1 X214.761 Y202.865 E96.61218
G1 X214.761 Y215 E96.81096
M204 S2500
G0 F15000 X214.354 Y215
M204 S1250
;TYPE:WALL-OUTER
G1 F2809.8 X214.354 Y227.538 E97.0299
G1 X215.562 Y227.538 E97.05099
G1 X215.562 Y202.458 E97.48893
G1 X214.354 Y202.458 E97.51002
G1 X214.354 Y215 E97.72902
M204 S2500
G0 F15000 X214.354 Y215.2
G1 F2700 E96.42902
;MESH:NONMESH
G0 F600 X214.354 Y215.2 Z1.4
G0 F15000 X214.664 Y215.201
G0 X214.584 Y204.097
G0 X213.479 Y204.097
G0 X210.693 Y204.095
;TIME_ELAPSED:126.069248
;LAYER:11
;note -- min layer time used
;TYPE:SUPPORT
G1 F2700 E97.72902
G1 F2796.8 X211.023 Y204.002 E97.73471
G1 X211.353 Y204.097 E97.74041
G1 X211.696 Y204.481 E97.74895
G1 X211.873 Y204.534 E97.75201
G1 X212.127 Y204.765 E97.75771
G1 X212.659 Y204.888 E97.76677
G1 X212.923 Y205.139 E97.77281
G1 X213.119 Y205.197 E97.7762
G1 X213.254 Y205.331 E97.77935
G1 X213.254 Y206.248 E97.79457
G1 X213.144 Y206.349 E97.79704
G1 X212.772 Y206.443 E97.80341
G1 X212.275 Y206.317 E97.81191
G1 X212.005 Y206.085 E97.81782
G1 X211.794 Y206.026 E97.82145
G1 X211.544 Y205.796 E97.82709
G1 X211.024 Y205.658 E97.83601
G1 X210.739 Y205.394 E97.84246
G1 X210.66 Y205.203 E97.84589
G1 X210.447 Y204.986 E97.85093
G1 X210.355 Y204.669 E97.85641
G1 X210.448 Y204.353 E97.86187
G1 X210.693 Y204.095 E97.86777
G1 F2700 E96.56777
G0 F15000 X210.689 Y202.099
G1 F2700 E97.86777
G1 F2796.8 X211.023 Y202.007 E97.87352
G1 X211.355 Y202.099 E97.87923
G1 X211.6 Y202.357 E97.88514
G1 X211.693 Y202.67 E97.89055
G1 X211.6 Y203.002 E97.89627
G1 X211.353 Y203.248 E97.90205
G1 X211.025 Y203.343 E97.90772
G1 X210.711 Y203.25 E97.91315
G1 X210.447 Y202.985 E97.91936
G1 X210.355 Y202.672 E97.92477
G1 X210.448 Y202.356 E97.93023
G1 X210.689 Y202.099 E97.93608
G1 F2700 E96.63608
G0 F15000 X213.542 Y201.597
G0 X216.378 Y201.597
G0 X216.862 Y204.205
G1 F2700 E97.93608
G1 F2796.8 X217.092 Y203.977 E97.94145
G1 X217.142 Y203.823 E97.94414
G1 X217.112 Y203.704 E97.94617
G1 X217.209 Y203.393 E97.95158
G1 X217.4 Y203.2 E97.95608
G1 X217.541 Y202.705 E97.96462
G1 X217.795 Y202.433 E97.97079
G1 X217.797 Y202.255 E97.97374
G1 X217.893 Y201.949 E97.97906
G1 X218.156 Y201.689 E97.9852
G1 X218.537 Y201.588 E97.99174
G1 X219.028 Y201.697 E98.00008
G1 X219.296 Y201.959 E98.0063
G1 X219.395 Y202.267 E98.01166
G1 X219.295 Y202.6 E98.01743
G1 X219.045 Y202.851 E98.02331
G1 X219.044 Y203.028 E98.02624
G1 X218.947 Y203.352 E98.03186
G1 X218.76 Y203.529 E98.03613
G1 X218.63 Y204.045 E98.04495
G1 X218.371 Y204.311 E98.05111
G1 X218.376 Y204.502 E98.05428
G1 X218.272 Y204.831 E98.06001
G1 X218.068 Y205.024 E98.06466
G1 X217.946 Y205.565 E98.07386
G1 X217.541 Y205.937 E98.08299
G1 F2706.6 X217.461 Y206.102 E98.08613
G1 X217.526 Y206.231 E98.08861
G1 F2790.1 X217.98 Y206.671 E98.09912
G1 F2796.8 X218.384 Y206.789 E98.1061
G1 X218.673 Y207.043 E98.11248
G1 X219.13 Y207.151 E98.12027
G1 X219.399 Y207.418 E98.12656
G1 X219.561 Y208.071 E98.13772
G1 X219.468 Y208.402 E98.14342
G1 X219.222 Y208.648 E98.14919
G1 X218.89 Y208.741 E98.15491
G1 X218.583 Y208.649 E98.16023
G1 X218.318 Y208.384 E98.16645
G1 X218.263 Y208.274 E98.16849
G1 X218.032 Y208.062 E98.17369
G1 X217.541 Y207.918 E98.18218
G1 X217.212 Y207.616 E98.18958
G1 X216.813 Y207.502 E98.19647
G1 X216.662 Y207.363 E98.19987
G1 X216.662 Y206.474 E98.21462
G1 F2790.1 X216.939 Y206.208 E98.22101
G1 F2706.6 X217.015 Y206.084 E98.2235
G1 X216.947 Y205.913 E98.22665
G1 F2796.8 X216.662 Y205.651 E98.23308
G1 X216.662 Y204.763 E98.24781
G1 X216.712 Y204.69 E98.24927
G1 X216.862 Y204.205 E98.2577
G1 F2700 E96.9577
G0 F15000 X217.159 Y212.32
G1 F2700 E98.2577
G1 F2796.8 X217.671 Y212.436 E98.2664
G1 X217.98 Y212.735 E98.27354
G1 X218.465 Y212.881 E98.28194
G1 X218.891 Y212.791 E98.28916
G1 X219.223 Y212.883 E98.29488
G1 X219.469 Y213.14 E98.30078
G1 X219.561 Y213.453 E98.30619
G1 X219.526 Y213.606 E98.30879
G1 X219.561 Y213.751 E98.31127
G1 X219.518 Y213.9 E98.31384
G1 X219.561 Y214.135 E98.3178
G1 X219.518 Y214.342 E98.32131
G1 X219.561 Y214.508 E98.32415
G1 X219.468 Y214.84 E98.32987
G1 X219.376 Y214.938 E98.3321
G1 X219.341 Y215.099 E98.33484
G1 X219.395 Y215.268 E98.33778
G1 X219.295 Y215.601 E98.34355
G1 X219.049 Y215.851 E98.34937
G1 X219.044 Y216.022 E98.3522
G1 X218.947 Y216.352 E98.35791
G1 X218.735 Y216.57 E98.36295
G1 X218.63 Y217.045 E98.37102
G1 X218.371 Y217.311 E98.37718
G1 X218.376 Y217.502 E98.38035
G1 X218.272 Y217.831 E98.38608
G1 X218.036 Y218.087 E98.39185
G1 X218.041 Y218.235 E98.39431
G1 X217.937 Y218.665 E98.40165
G1 X217.986 Y218.768 E98.40354
G1 X218.077 Y218.828 E98.40535
G1 X218.387 Y218.909 E98.41066
G1 X218.673 Y219.167 E98.41705
G1 X219.13 Y219.275 E98.42484
G1 X219.399 Y219.542 E98.43113
G1 X219.561 Y220.195 E98.44229
G1 X219.468 Y220.526 E98.44799
G1 X219.222 Y220.772 E98.45376
G1 X218.89 Y220.865 E98.45948
G1 X218.583 Y220.773 E98.4648
G1 X218.318 Y220.508 E98.47102
G1 X218.263 Y220.398 E98.47306
G1 X218.032 Y220.186 E98.47826
G1 X217.541 Y220.042 E98.48675
G1 X217.21 Y219.739 E98.49419
G1 X216.813 Y219.626 E98.50104
G1 X216.662 Y219.487 E98.50444
G1 X216.662 Y217.763 E98.53304
G1 X216.712 Y217.69 E98.53451
G1 X216.862 Y217.205 E98.54293
G1 X217.092 Y216.977 E98.5483
G1 X217.142 Y216.823 E98.55099
G1 X217.112 Y216.704 E98.55302
G1 X217.209 Y216.393 E98.55843
G1 X217.4 Y216.2 E98.56293
G1 X217.541 Y215.701 E98.57153
G1 X217.795 Y215.433 E98.57766
G1 X217.798 Y215.26 E98.58053
G1 X217.897 Y214.945 E98.58601
G1 X218.152 Y214.669 E98.59224
G1 X218.198 Y214.336 E98.59782
G1 X218.158 Y214.191 E98.60031
G1 X218.07 Y214.121 E98.60218
G1 X217.541 Y213.982 E98.61125
G1 X217.211 Y213.68 E98.61867
G1 X216.813 Y213.566 E98.62554
G1 X216.662 Y213.427 E98.62894
G1 X216.662 Y212.534 E98.64376
G1 X216.786 Y212.414 E98.64662
G1 X217.159 Y212.32 E98.653
G1 F2700 E97.353
G0 F15000 X216.378 Y201.597
G0 X213.542 Y201.597
G0 X213.254 Y212.364
G1 F2700 E98.653
G1 F2796.8 X213.17 Y212.601 E98.65717
G1 X212.868 Y212.905 E98.66428
G1 X212.851 Y213.019 E98.66619
G1 X212.893 Y213.163 E98.66868
G1 X212.798 Y213.492 E98.67436
G1 X212.529 Y213.779 E98.68088
G1 X212.54 Y213.924 E98.6833
G1 X212.443 Y214.248 E98.68891
G1 X212.235 Y214.44 E98.6936
G1 X212.09 Y214.948 E98.70237
G1 X211.842 Y215.202 E98.70826
G1 X211.839 Y215.358 E98.71084
G1 X211.743 Y215.679 E98.7164
G1 X211.676 Y215.744 E98.71795
G1 X211.634 Y215.889 E98.72045
G1 X211.693 Y216.103 E98.72414
G1 X211.623 Y216.414 E98.72942
G1 X211.707 Y216.558 E98.73219
G1 X211.874 Y216.615 E98.73512
G1 X212.161 Y216.886 E98.74167
G1 X212.655 Y217.011 E98.75012
G1 X212.91 Y217.259 E98.75602
G1 X213.116 Y217.333 E98.75965
G1 X213.254 Y217.468 E98.76285
G1 X213.254 Y218.38 E98.77798
G1 X213.14 Y218.485 E98.78055
G1 X212.773 Y218.579 E98.78684
G1 X212.272 Y218.449 E98.79542
G1 X211.992 Y218.206 E98.80157
G1 X211.793 Y218.151 E98.805
G1 X211.457 Y217.86 E98.81237
G1 X211.021 Y217.746 E98.81985
G1 X210.736 Y217.479 E98.82633
G1 X210.703 Y217.382 E98.82802
G1 X210.447 Y217.106 E98.83427
G1 X210.355 Y216.791 E98.83971
G1 X210.445 Y216.418 E98.84608
G1 X210.355 Y216.099 E98.85158
G1 X210.455 Y215.751 E98.85758
G1 X210.355 Y215.339 E98.86462
G1 X210.447 Y215.026 E98.87003
G1 X210.58 Y214.888 E98.87321
G1 X210.625 Y214.73 E98.87593
G1 X210.582 Y214.592 E98.87833
G1 X210.681 Y214.278 E98.88379
G1 X210.918 Y214.028 E98.88951
G1 X211.018 Y213.578 E98.89715
G1 X211.287 Y213.277 E98.90385
G1 X211.284 Y213.152 E98.90592
G1 X211.381 Y212.834 E98.91144
G1 X211.676 Y212.527 E98.9185
G1 X211.692 Y212.409 E98.92048
G1 X211.646 Y212.251 E98.92321
G1 X211.659 Y211.949 E98.92822
G1 X211.517 Y211.817 E98.93144
G1 X211.021 Y211.682 E98.93996
G1 X210.735 Y211.419 E98.94641
G1 X210.682 Y211.288 E98.94875
G1 X210.447 Y211.049 E98.95431
G1 X210.355 Y210.732 E98.95979
G1 X210.448 Y210.412 E98.96532
G1 X210.689 Y210.159 E98.97111
G1 X211.023 Y210.067 E98.97686
G1 X211.355 Y210.159 E98.98258
G1 X211.685 Y210.492 E98.99035
G1 X211.871 Y210.549 E98.99358
G1 X212.142 Y210.816 E98.99989
G1 X212.655 Y210.952 E99.00869
G1 X212.905 Y211.19 E99.01442
G1 X213.119 Y211.261 E99.01816
G1 X213.254 Y211.392 E99.02128
G1 X213.254 Y212.32 E99.03667
G1 X213.254 Y212.364 E99.0374
G1 F2700 E97.7374
G0 F15000 X211.023 Y222.187
G1 F2700 E99.0374
G1 F2796.8 X211.355 Y222.283 E99.04314
G1 X211.671 Y222.607 E99.05065
G1 X211.868 Y222.672 E99.05409
G1 X212.161 Y222.946 E99.06074
G1 X212.658 Y223.071 E99.06924
G1 X212.898 Y223.306 E99.07481
G1 X213.12 Y223.382 E99.07871
G1 X213.254 Y223.513 E99.08182
G1 X213.254 Y225.394 E99.11302
G1 X213.176 Y225.607 E99.11678
G1 X212.904 Y225.902 E99.12344
G1 X212.923 Y226.065 E99.12616
G1 X212.827 Y226.388 E99.13175
G1 X212.545 Y226.667 E99.13833
G1 X212.526 Y226.775 E99.14015
G1 X212.56 Y226.895 E99.14222
G1 X212.462 Y227.221 E99.14787
G1 X212.234 Y227.448 E99.1532
G1 X212.108 Y227.911 E99.16116
G1 X211.851 Y228.15 E99.16698
G1 X211.481 Y228.247 E99.17333
G1 X210.983 Y228.128 E99.18182
G1 X210.703 Y227.867 E99.18817
G1 X210.601 Y227.558 E99.19357
G1 X210.701 Y227.237 E99.19915
G1 X210.924 Y227.004 E99.2045
G1 X211.039 Y226.549 E99.21228
G1 X211.315 Y226.261 E99.2189
G1 X211.304 Y226.044 E99.2225
G1 X211.401 Y225.734 E99.22789
G1 X211.676 Y225.426 E99.23474
G1 X211.661 Y225.274 E99.23728
G1 X211.76 Y224.963 E99.24269
G1 X211.881 Y224.836 E99.2456
G1 X211.986 Y224.48 E99.25176
G1 X211.946 Y224.356 E99.25392
G1 X211.49 Y223.928 E99.26429
G1 X211.021 Y223.802 E99.27235
G1 X210.735 Y223.539 E99.27879
G1 X210.703 Y223.442 E99.28049
G1 X210.446 Y223.169 E99.28671
G1 X210.352 Y222.853 E99.29218
G1 X210.447 Y222.537 E99.29765
G1 X210.689 Y222.283 E99.30347
G1 X211.023 Y222.187 E99.30923
G1 F2700 E98.00923
G0 F15000 X213.541 Y228.403
G0 X216.378 Y228.403
G0 X216.662 Y224.658
G1 F2700 E99.30923
G1 F2796.8 X216.786 Y224.538 E99.3121
G1 X217.159 Y224.444 E99.31848
G1 X217.676 Y224.561 E99.32727
G1 X217.949 Y224.801 E99.3333
G1 X218.388 Y224.921 E99.34085
G1 X218.695 Y225.211 E99.34786
G1 X219.132 Y225.333 E99.35538
G1 X219.403 Y225.601 E99.36171
G1 X219.561 Y226.257 E99.3729
G1 X219.462 Y226.65 E99.37962
G1 X219.561 Y227.006 E99.38575
G1 X219.472 Y227.325 E99.39124
G1 X219.222 Y227.572 E99.39707
G1 X218.894 Y227.665 E99.40273
G1 X218.583 Y227.573 E99.40811
G1 X218.315 Y227.309 E99.41435
G1 X218.226 Y226.996 E99.41975
G1 X218.313 Y226.551 E99.42727
G1 X218.264 Y226.458 E99.42901
G1 X217.954 Y226.186 E99.43586
G1 X217.53 Y226.07 E99.44315
G1 X217.275 Y225.832 E99.44893
G1 X216.814 Y225.69 E99.45694
G1 X216.663 Y225.548 E99.46037
G1 X216.662 Y224.658 E99.47514
G1 F2700 E98.17514
;MESH:upperLeftPad.stl
G0 F15000 X215.285 Y224.658
G0 X214.785 Y215
M204 S1250
;TYPE:WALL-INNER
G1 F2700 E99.47514
G1 F3394.9 X214.785 Y227.155 E99.64999
G1 X215.131 Y227.155 E99.65496
G1 X215.131 Y202.841 E100.00472
G1 X214.785 Y202.841 E100.0097
G1 X214.785 Y215 E100.18461
M204 S2500
G0 F15000 X214.402 Y215
M204 S1250
;TYPE:WALL-OUTER
G1 F2796.8 X214.402 Y227.538 E100.40354
G1 X215.514 Y227.538 E100.42296
G1 X215.514 Y202.458 E100.86089
G1 X214.402 Y202.458 E100.88031
G1 X214.402 Y215 E101.09931
M204 S2500
G0 F15000 X214.402 Y215.2
G1 F2700 E99.79931
;MESH:NONMESH
G0 F600 X214.402 Y215.2 Z1.5
G0 F15000 X214.714 Y215.201
G0 X214.629 Y202.684
G0 X213.529 Y202.684
G0 X210.73 Y202.174
;TIME_ELAPSED:134.705562
;LAYER:12
;note -- min layer time used
;TYPE:SUPPORT
G1 F2700 E101.09931
G1 F2539 X211.033 Y202.086 E101.10455
G1 X211.415 Y202.179 E101.11107
G1 X211.659 Y202.414 E101.11669
G1 X211.744 Y202.686 E101.12142
G1 X211.658 Y202.972 E101.12637
G1 X211.433 Y203.181 E101.13146
G1 X211.102 Y203.263 E101.13712
G1 X210.745 Y203.171 E101.14324
G1 X210.519 Y202.945 E101.14854
G1 X210.439 Y202.672 E101.15326
G1 X210.52 Y202.396 E101.15803
G1 X210.73 Y202.174 E101.1631
G1 F2700 E99.8631
G0 F15000 X211.024 Y204.086
G1 F2700 E101.1631
G1 F2539 X211.31 Y204.166 E101.16802
G1 X211.6 Y204.5 E101.17536
G1 X211.973 Y204.617 E101.18185
G1 X212.234 Y204.854 E101.1877
G1 X212.758 Y204.958 E101.19656
G1 X213.058 Y205.226 E101.20323
G1 X213.225 Y205.27 E101.2061
G1 X213.455 Y205.493 E101.21141
G1 X213.522 Y205.82 E101.21695
G1 X213.448 Y206.06 E101.22111
G1 X213.216 Y206.273 E101.22634
G1 X212.83 Y206.371 E101.23294
G1 X212.461 Y206.274 E101.23927
G1 X212.155 Y206.007 E101.24601
G1 X211.975 Y205.958 E101.2491
G1 X211.725 Y205.736 E101.25465
G1 X211.193 Y205.602 E101.26375
G1 X210.946 Y205.376 E101.2693
G1 X210.886 Y205.245 E101.27169
G1 X210.749 Y205.172 E101.27427
G1 X210.519 Y204.941 E101.27968
G1 X210.439 Y204.668 E101.2844
G1 X210.52 Y204.392 E101.28917
G1 X210.733 Y204.167 E101.29431
G1 X211.024 Y204.086 E101.29932
G1 F2700 E99.99932
G0 F15000 X213.557 Y201.597
G0 X216.363 Y201.597
G0 X216.707 Y205.701
G1 F2700 E101.29932
G1 F2539 X216.455 Y205.47 E101.30499
G1 X216.39 Y205.27 E101.30848
G1 X216.39 Y205.121 E101.31095
G1 X216.453 Y204.925 E101.31436
G1 X216.694 Y204.668 E101.32021
G1 X216.701 Y204.502 E101.32297
G1 X216.789 Y204.222 E101.32783
G1 X217.068 Y203.932 E101.33451
G1 X217.049 Y203.698 E101.3384
G1 X217.137 Y203.423 E101.34319
G1 X217.407 Y203.125 E101.34986
G1 X217.402 Y203.001 E101.35192
G1 X217.489 Y202.734 E101.35658
G1 X217.757 Y202.453 E101.36302
G1 X217.756 Y202.256 E101.36629
G1 X217.841 Y201.982 E101.37105
G1 X218.072 Y201.757 E101.3764
G1 X218.406 Y201.669 E101.38213
G1 X218.853 Y201.765 E101.38971
G1 X219.091 Y201.994 E101.39519
G1 X219.176 Y202.266 E101.39992
G1 X219.09 Y202.552 E101.40487
G1 X218.819 Y202.823 E101.41123
G1 X218.821 Y203.023 E101.41455
G1 X218.738 Y203.308 E101.41947
G1 X218.497 Y203.571 E101.42539
G1 X218.501 Y203.694 E101.42743
G1 X218.408 Y203.991 E101.43259
G1 X218.112 Y204.306 E101.43976
G1 X218.148 Y204.533 E101.44358
G1 X218.063 Y204.816 E101.44848
G1 X217.822 Y205.057 E101.45413
G1 X217.817 Y205.226 E101.45694
G1 X217.731 Y205.508 E101.46183
G1 X217.502 Y205.72 E101.467
G1 F2557.3 X217.319 Y205.79 E101.47023
G1 F2748.4 X217.271 Y205.931 E101.47251
G1 F2762.6 X217.306 Y206.351 E101.47894
G1 F2575.8 X217.489 Y206.434 E101.48223
G1 F2539 X217.797 Y206.729 E101.4893
G1 X218.204 Y206.849 E101.49634
G1 X218.48 Y207.103 E101.50256
G1 X218.955 Y207.223 E101.51069
G1 X219.195 Y207.454 E101.51621
G1 X219.256 Y207.635 E101.51938
G1 X219.396 Y207.792 E101.52287
G1 X219.477 Y208.074 E101.52774
G1 X219.4 Y208.358 E101.53262
G1 X219.182 Y208.576 E101.53773
G1 X218.894 Y208.657 E101.5427
G1 X218.623 Y208.578 E101.54738
G1 X218.284 Y208.238 E101.55534
G1 X218.192 Y208.213 E101.55693
G1 X217.88 Y207.946 E101.56374
G1 X217.443 Y207.84 E101.5712
G1 X217.112 Y207.537 E101.57864
G1 X216.709 Y207.418 E101.58561
G1 X216.455 Y207.182 E101.59136
G1 X216.39 Y206.986 E101.59479
G1 X216.449 Y206.641 E101.6006
G1 X216.685 Y206.412 E101.60605
G1 F2575.8 X216.871 Y206.335 E101.60934
G1 F2762.6 X216.913 Y206.206 E101.61141
G1 F2748.4 X216.874 Y205.773 E101.61807
G1 F2557.3 X216.707 Y205.701 E101.62107
G1 F2700 E100.32107
G0 F15000 X216.363 Y201.597
G0 X213.557 Y201.597
G0 X213.224 Y211.334
G1 F2700 E101.62107
G1 F2539 X213.455 Y211.557 E101.62639
G1 X213.522 Y211.884 E101.63193
G1 X213.447 Y212.124 E101.6361
G1 X213.327 Y212.254 E101.63904
G1 X213.234 Y212.577 E101.64461
G1 X212.921 Y212.884 E101.65189
G1 X212.903 Y212.995 E101.65375
G1 X212.956 Y213.175 E101.65686
G1 X212.871 Y213.461 E101.66181
G1 X212.599 Y213.731 E101.66817
G1 X212.601 Y213.931 E101.67149
G1 X212.515 Y214.217 E101.67644
G1 X212.25 Y214.505 E101.68293
G1 X212.253 Y214.63 E101.68501
G1 X212.167 Y214.916 E101.68996
G1 X211.898 Y215.18 E101.69622
G1 X211.899 Y215.369 E101.69935
G1 X211.815 Y215.647 E101.70417
G1 X211.628 Y215.818 E101.70837
G1 X211.574 Y215.939 E101.71057
G1 X211.605 Y216.101 E101.71331
G1 X211.526 Y216.402 E101.71847
G1 X211.604 Y216.581 E101.72171
G1 X211.977 Y216.698 E101.72819
G1 X212.28 Y216.972 E101.73497
G1 X212.756 Y217.084 E101.74308
G1 X213.055 Y217.35 E101.74972
G1 X213.23 Y217.395 E101.75272
G1 X213.458 Y217.62 E101.75803
G1 X213.522 Y217.951 E101.76362
G1 X213.448 Y218.183 E101.76766
G1 X213.211 Y218.402 E101.77301
G1 X212.831 Y218.502 E101.77953
G1 X212.457 Y218.406 E101.78594
G1 X212.146 Y218.133 E101.7928
G1 X211.97 Y218.083 E101.79584
G1 X211.645 Y217.795 E101.80304
G1 X211.201 Y217.686 E101.81063
G1 X210.891 Y217.365 E101.81803
G1 X210.75 Y217.296 E101.82063
G1 X210.519 Y217.065 E101.82605
G1 X210.439 Y216.791 E101.83079
G1 X210.529 Y216.421 E101.8371
G1 X210.44 Y216.104 E101.84257
G1 X210.562 Y215.691 E101.84971
G1 X210.457 Y215.342 E101.85575
G1 X210.544 Y215.067 E101.86054
G1 X210.806 Y214.8 E101.86674
G1 X210.805 Y214.606 E101.86996
G1 X210.889 Y214.333 E101.8747
G1 X211.137 Y214.073 E101.88066
G1 X211.234 Y213.637 E101.88807
G1 X211.513 Y213.349 E101.89472
G1 X211.512 Y213.152 E101.89799
G1 X211.597 Y212.878 E101.90275
G1 X211.916 Y212.536 E101.91051
G1 X211.876 Y212.272 E101.91494
G1 X211.925 Y212.104 E101.91784
G1 X211.909 Y211.991 E101.91973
G1 X211.641 Y211.733 E101.9259
G1 X211.201 Y211.622 E101.93343
G1 X210.867 Y211.281 E101.94135
G1 X210.75 Y211.236 E101.94343
G1 X210.519 Y211.002 E101.94888
G1 X210.439 Y210.731 E101.95357
G1 X210.52 Y210.452 E101.95839
G1 X210.733 Y210.231 E101.96348
G1 X211.024 Y210.147 E101.96851
G1 X211.318 Y210.231 E101.97358
G1 X211.59 Y210.517 E101.98013
G1 X211.973 Y210.634 E101.98677
G1 X212.268 Y210.907 E101.99344
G1 X212.76 Y211.025 E102.00183
G1 X213.028 Y211.275 E102.00791
G1 X213.224 Y211.334 E102.0113
G1 F2700 E100.7113
G0 F15000 X213.557 Y201.597
G0 X216.363 Y201.597
G0 X216.709 Y213.478
G1 F2700 E102.0113
G1 F2539 X216.455 Y213.246 E102.01701
G1 X216.39 Y213.05 E102.02044
G1 X216.39 Y212.892 E102.02306
G1 X216.449 Y212.702 E102.02636
G1 X216.686 Y212.474 E102.03181
G1 X217.015 Y212.392 E102.03744
G1 X217.488 Y212.497 E102.04548
G1 X217.797 Y212.792 E102.05256
G1 X218.205 Y212.909 E102.0596
G1 X218.324 Y212.997 E102.06206
G1 X218.424 Y213.003 E102.06372
G1 X218.893 Y212.874 E102.07179
G1 X219.187 Y212.955 E102.07685
G1 X219.396 Y213.18 E102.08194
G1 X219.477 Y213.454 E102.08668
G1 X219.443 Y213.632 E102.08969
G1 X219.477 Y213.751 E102.09174
G1 X219.434 Y213.899 E102.0943
G1 X219.477 Y214.134 E102.09826
G1 X219.43 Y214.35 E102.10193
G1 X219.473 Y214.509 E102.10466
G1 X219.389 Y214.798 E102.10965
G1 X219.161 Y215.035 E102.11511
G1 X219.142 Y215.145 E102.11696
G1 X219.176 Y215.266 E102.11904
G1 X219.091 Y215.552 E102.12399
G1 X218.819 Y215.823 E102.13036
G1 X218.821 Y216.023 E102.13368
G1 X218.738 Y216.308 E102.1386
G1 X218.497 Y216.571 E102.14452
G1 X218.501 Y216.694 E102.14656
G1 X218.408 Y216.991 E102.15173
G1 X218.112 Y217.306 E102.1589
G1 X218.148 Y217.533 E102.16271
G1 X218.063 Y217.817 E102.16763
G1 X217.826 Y218.057 E102.17322
G1 X217.816 Y218.213 E102.17582
G1 X217.678 Y218.665 E102.18366
G1 X217.777 Y218.831 E102.18686
G1 X218.206 Y218.974 E102.19436
G1 X218.483 Y219.227 E102.20059
G1 X218.955 Y219.347 E102.20866
G1 X219.195 Y219.578 E102.21419
G1 X219.256 Y219.759 E102.21736
G1 X219.396 Y219.916 E102.22085
G1 X219.477 Y220.198 E102.22572
G1 X219.4 Y220.482 E102.2306
G1 X219.182 Y220.7 E102.23571
G1 X218.894 Y220.781 E102.24067
G1 X218.623 Y220.702 E102.24536
G1 X218.285 Y220.362 E102.25331
G1 X218.192 Y220.337 E102.25491
G1 X217.883 Y220.071 E102.26167
G1 X217.443 Y219.964 E102.26918
G1 X217.144 Y219.686 E102.27595
G1 X216.709 Y219.542 E102.28356
G1 X216.455 Y219.306 E102.28931
G1 X216.39 Y219.11 E102.29273
G1 X216.39 Y218.963 E102.29517
G1 X216.51 Y218.636 E102.30095
G1 X216.39 Y218.264 E102.30743
G1 X216.39 Y218.121 E102.30981
G1 X216.453 Y217.925 E102.31322
G1 X216.702 Y217.648 E102.3194
G1 X216.701 Y217.502 E102.32182
G1 X216.789 Y217.222 E102.32669
G1 X217.068 Y216.932 E102.33337
G1 X217.049 Y216.698 E102.33726
G1 X217.137 Y216.423 E102.34205
G1 X217.407 Y216.125 E102.34872
G1 X217.402 Y216.001 E102.35078
G1 X217.489 Y215.734 E102.35544
G1 X217.757 Y215.453 E102.36188
G1 X217.756 Y215.256 E102.36515
G1 X217.842 Y214.977 E102.36999
G1 X218.111 Y214.693 E102.37648
G1 X218.15 Y214.347 E102.38225
G1 X218.107 Y214.199 E102.38481
G1 X217.901 Y214.017 E102.38937
G1 X217.44 Y213.9 E102.39726
G1 X217.112 Y213.597 E102.40467
G1 X216.709 Y213.478 E102.41164
G1 F2700 E101.11164
G0 F15000 X216.363 Y228.403
G0 X213.557 Y228.403
G0 X211.315 Y222.355
G1 F2700 E102.41164
G1 F2539 X211.593 Y222.639 E102.41823
G1 X211.969 Y222.757 E102.42477
G1 X212.263 Y223.025 E102.43137
G1 X212.756 Y223.145 E102.43978
G1 X213.005 Y223.381 E102.44548
G1 X213.229 Y223.458 E102.4494
G1 X213.455 Y223.677 E102.45463
G1 X213.522 Y224.015 E102.46034
G1 X213.411 Y224.386 E102.46677
G1 X213.522 Y224.804 E102.47394
G1 X213.448 Y225.154 E102.47987
G1 X213.322 Y225.289 E102.48294
G1 X213.241 Y225.57 E102.48779
G1 X212.965 Y225.857 E102.49439
G1 X212.988 Y226.066 E102.49788
G1 X212.9 Y226.351 E102.50283
G1 X212.598 Y226.65 E102.50988
G1 X212.578 Y226.761 E102.51175
G1 X212.62 Y226.906 E102.51425
G1 X212.535 Y227.187 E102.51912
G1 X212.311 Y227.392 E102.52416
G1 X212.257 Y227.526 E102.52656
G1 X212.27 Y227.602 E102.52784
G1 X212.187 Y227.879 E102.53263
G1 X211.953 Y228.089 E102.53785
G1 X211.62 Y228.176 E102.54356
G1 X211.162 Y228.075 E102.55134
G1 X210.915 Y227.843 E102.55696
G1 X210.825 Y227.569 E102.56174
G1 X210.909 Y227.293 E102.56653
G1 X211.157 Y227.034 E102.57248
G1 X211.254 Y226.61 E102.57969
G1 X211.555 Y226.302 E102.58684
G1 X211.573 Y226.187 E102.58877
G1 X211.533 Y226.051 E102.59112
G1 X211.617 Y225.786 E102.59573
G1 X211.9 Y225.492 E102.6025
G1 X211.888 Y225.275 E102.60611
G1 X211.973 Y225.002 E102.61085
G1 X212.121 Y224.822 E102.61472
G1 X212.246 Y224.365 E102.62257
G1 X212.228 Y224.294 E102.62379
G1 X212.118 Y224.185 E102.62636
G1 X211.972 Y224.146 E102.62887
G1 X211.645 Y223.86 E102.63607
G1 X211.203 Y223.743 E102.64366
G1 X210.869 Y223.406 E102.65153
G1 X210.749 Y223.359 E102.65366
G1 X210.516 Y223.126 E102.65913
G1 X210.439 Y222.857 E102.66377
G1 X210.52 Y222.576 E102.66862
G1 X210.729 Y222.355 E102.67367
G1 X211.023 Y222.271 E102.67874
G1 X211.315 Y222.355 E102.68378
G1 F2700 E101.38378
G0 F15000 X213.557 Y228.403
G0 X216.363 Y228.403
G0 X216.708 Y225.601
G1 F2700 E102.68378
G1 F2539 X216.455 Y225.37 E102.68947
G1 X216.39 Y225.17 E102.69295
G1 X216.39 Y225.021 E102.69543
G1 X216.453 Y224.823 E102.69887
G1 X216.686 Y224.598 E102.70425
G1 X217.015 Y224.516 E102.70987
G1 X217.489 Y224.621 E102.71792
G1 X217.764 Y224.875 E102.72413
G1 X218.211 Y224.991 E102.73179
G1 X218.522 Y225.284 E102.73888
G1 X218.953 Y225.409 E102.74633
G1 X219.195 Y225.642 E102.7519
G1 X219.253 Y225.817 E102.75496
G1 X219.396 Y225.98 E102.75855
G1 X219.477 Y226.254 E102.76329
G1 X219.379 Y226.66 E102.77022
G1 X219.477 Y227 E102.77609
G1 X219.399 Y227.287 E102.78103
G1 X219.183 Y227.503 E102.78609
G1 X218.895 Y227.581 E102.79104
G1 X218.623 Y227.501 E102.79575
G1 X218.387 Y227.269 E102.80124
G1 X218.311 Y226.998 E102.8059
G1 X218.39 Y226.652 E102.81179
G1 X218.355 Y226.551 E102.81356
G1 X217.879 Y226.107 E102.82436
G1 X217.439 Y225.985 E102.83194
G1 X217.126 Y225.714 E102.8388
G1 X216.708 Y225.601 E102.84599
G1 F2700 E101.54599
;MESH:upperLeftPad.stl
G0 F15000 X215.27 Y225.601
G0 X214.958 Y226.998
M204 S1250
;TYPE:WALL-INNER
G1 F2700 E102.84599
G1 F1615.7 X214.958 Y202.998 E103.50454
M204 S2500
G1 F2700 E102.20454
G0 F15000 X214.73 Y215
G0 X214.418 Y215
M204 S1250
;TYPE:WALL-OUTER
G1 F2700 E103.50454
G1 F2539 X214.418 Y227.538 E103.72347
G1 X215.498 Y227.538 E103.74233
G1 X215.498 Y202.458 E104.18027
G1 X214.418 Y202.458 E104.19912
G1 X214.418 Y215 E104.41813
M204 S2500
G0 F15000 X214.418 Y215.2
G1 F2700 E103.11813
;MESH:NONMESH
G0 F600 X214.418 Y215.2 Z1.6
G0 F15000 X214.73 Y215.2
G0 X214.644 Y202.684
G0 X213.545 Y202.684
G0 X210.597 Y202.443
;TIME_ELAPSED:144.011784
;LAYER:13
;note -- min layer time used
;TYPE:SUPPORT
G1 F2700 E104.41813
G1 F2538.4 X210.801 Y202.247 E104.42282
G1 X211.097 Y202.176 E104.42787
G1 X211.527 Y202.263 E104.43515
G1 X211.728 Y202.452 E104.43972
G1 X211.8 Y202.681 E104.44371
G1 X211.723 Y202.931 E104.44805
G1 X211.524 Y203.113 E104.45252
G1 X211.224 Y203.191 E104.45766
G1 X210.824 Y203.103 E104.46446
G1 X210.606 Y202.904 E104.46935
G1 X210.525 Y202.669 E104.47348
G1 X210.597 Y202.443 E104.47741
G1 F2700 E103.17741
G0 F15000 X211.067 Y204.311
G1 F2700 E104.47741
G1 F1518.7 X211.255 Y204.36 E104.4828
G1 F1605.6 X211.52 Y204.631 E104.49274
G1 F2038.5 X211.745 Y204.625 E104.49739
G1 F2538.4 X212.082 Y204.694 E104.50309
G1 X212.364 Y204.936 E104.50926
G1 X212.851 Y205.031 E104.51749
G1 X213.084 Y205.235 E104.52263
G1 X213.333 Y205.296 E104.52688
G1 X213.521 Y205.483 E104.53128
G1 X213.588 Y205.715 E104.53528
G1 X213.501 Y205.975 E104.53983
G1 X213.29 Y206.174 E104.54464
G1 X212.896 Y206.278 E104.5514
G1 X212.62 Y206.206 E104.55613
G1 X212.332 Y205.945 E104.56258
G1 X212.152 Y205.886 E104.56572
G1 X211.909 Y205.672 E104.57109
G1 F2456.5 X211.382 Y205.528 E104.58046
G1 F2297.7 X211.183 Y205.329 E104.58562
G1 F1931.4 X211.123 Y205.111 E104.59055
G1 F1605.6 X210.866 Y204.98 E104.59811
G1 F1518.7 X210.716 Y204.827 E104.60405
G1 X210.668 Y204.668 E104.60866
G1 X210.717 Y204.505 E104.61338
G1 X210.846 Y204.367 E104.61861
G1 X211.067 Y204.311 E104.62494
G1 F2700 E103.32494
G0 F15000 X213.557 Y201.597
G0 X216.363 Y201.597
G0 X216.609 Y207.335
G1 F2700 E104.62494
G1 F2538.4 X216.392 Y207.138 E104.6298
G1 X216.32 Y206.912 E104.63373
G1 X216.393 Y206.682 E104.63773
G1 X216.6 Y206.481 E104.64252
G1 X216.909 Y206.397 E104.64783
G1 X217.295 Y206.488 E104.65441
G1 X217.592 Y206.8 E104.66156
G1 X218.037 Y206.913 E104.66917
G1 X218.32 Y207.175 E104.67557
G1 X218.78 Y207.288 E104.68343
G1 X219.324 Y207.829 E104.69616
G1 X219.393 Y208.074 E104.70038
G1 X219.327 Y208.318 E104.70457
G1 X219.139 Y208.504 E104.70896
G1 X218.89 Y208.573 E104.71324
G1 X218.661 Y208.506 E104.7172
G1 X218.364 Y208.214 E104.72411
G1 X218.11 Y208.139 E104.7285
G1 X217.833 Y207.885 E104.73474
G1 X217.73 Y207.84 E104.7366
G1 X217.618 Y207.849 E104.73847
G1 X217.336 Y207.773 E104.74331
G1 X217.124 Y207.582 E104.74805
G1 X217.061 Y207.471 E104.75016
G1 X216.609 Y207.335 E104.75799
G1 F2700 E103.45799
G0 F15000 X216.604 Y205.622
G1 F2700 E104.75799
G1 F2538.4 X216.396 Y205.427 E104.76272
G1 X216.321 Y205.195 E104.76677
G1 X216.393 Y204.966 E104.77075
G1 X216.65 Y204.701 E104.77687
G1 X216.641 Y204.482 E104.78051
G1 X216.713 Y204.247 E104.78459
G1 X217.007 Y203.949 E104.79153
G1 X217.009 Y203.768 E104.79453
G1 X217.099 Y203.511 E104.79905
G1 X217.367 Y203.226 E104.80554
G1 X217.357 Y203.008 E104.80916
G1 X217.429 Y202.774 E104.81322
G1 X217.733 Y202.445 E104.82065
G1 X217.709 Y202.249 E104.82393
G1 X217.781 Y202.018 E104.82794
G1 X217.987 Y201.818 E104.8327
G1 X218.276 Y201.744 E104.83765
G1 X218.672 Y201.829 E104.84437
G1 X218.88 Y202.032 E104.84919
G1 X218.955 Y202.26 E104.85317
G1 X218.883 Y202.503 E104.85738
G1 X218.592 Y202.786 E104.86411
G1 X218.57 Y202.891 E104.86589
G1 X218.604 Y203.016 E104.86804
G1 X218.531 Y203.26 E104.87227
G1 X218.269 Y203.519 E104.87838
G1 X218.271 Y203.705 E104.88146
G1 X218.2 Y203.944 E104.8856
G1 X217.931 Y204.175 E104.89148
G1 X217.871 Y204.348 E104.89452
G1 X217.924 Y204.523 E104.89755
G1 X217.851 Y204.763 E104.90171
G1 X217.587 Y205.024 E104.90787
G1 X217.587 Y205.216 E104.91106
G1 X217.515 Y205.455 E104.9152
G1 X217.313 Y205.637 E104.91971
G1 X217.006 Y205.716 E104.92496
G1 X216.604 Y205.622 E104.93181
G1 F2700 E103.63181
G0 F15000 X216.363 Y201.597
G0 X213.557 Y201.597
G0 X213.333 Y211.359
G1 F2700 E104.93181
G1 F2538.4 X213.521 Y211.547 E104.93622
G1 X213.588 Y211.779 E104.94023
G1 X213.501 Y212.038 E104.94476
G1 X213.346 Y212.195 E104.94842
G1 X213.297 Y212.526 E104.95397
G1 X212.964 Y212.83 E104.96145
G1 X212.948 Y212.945 E104.96338
G1 X213.015 Y213.173 E104.96732
G1 X212.94 Y213.418 E104.97157
G1 X212.65 Y213.7 E104.97828
G1 X212.63 Y213.812 E104.98017
G1 X212.664 Y213.931 E104.98222
G1 X212.584 Y214.178 E104.98653
G1 X212.312 Y214.445 E104.99285
G1 X212.307 Y214.631 E104.99594
G1 X212.232 Y214.878 E105.00022
G1 X211.951 Y215.151 E105.00672
G1 X211.956 Y215.361 E105.0102
G1 X211.877 Y215.61 E105.01454
G1 X211.588 Y215.902 E105.02135
G1 X211.602 Y216.108 E105.02478
G1 X211.52 Y216.432 E105.03032
G1 X211.546 Y216.598 E105.03311
G1 X211.621 Y216.668 E105.03481
G1 X212.084 Y216.777 E105.0427
G1 X212.37 Y217.05 E105.04926
G1 X212.85 Y217.158 E105.05742
G1 X213.081 Y217.359 E105.0625
G1 X213.333 Y217.423 E105.06681
G1 X213.521 Y217.607 E105.07118
G1 X213.588 Y217.839 E105.07518
G1 X213.501 Y218.099 E105.07973
G1 X213.293 Y218.295 E105.08447
G1 X212.881 Y218.41 E105.09157
G1 X212.614 Y218.342 E105.09614
G1 X212.289 Y218.051 E105.10337
G1 X212.154 Y218.015 E105.10569
G1 X211.834 Y217.726 E105.11284
G1 X211.385 Y217.623 E105.12049
G1 X211.101 Y217.34 E105.12714
G1 X210.792 Y217.226 E105.1326
G1 X210.59 Y217.024 E105.13734
G1 X210.52 Y216.791 E105.14138
G1 X210.614 Y216.469 E105.14694
G1 X210.519 Y216.098 E105.15329
G1 X210.587 Y215.865 E105.15732
G1 X210.74 Y215.686 E105.16123
G1 X210.748 Y215.556 E105.16339
G1 X210.678 Y215.348 E105.16703
G1 X210.749 Y215.124 E105.17092
G1 X211.037 Y214.833 E105.17772
G1 X211.032 Y214.622 E105.18122
G1 X211.105 Y214.387 E105.1853
G1 X211.389 Y214.078 E105.19226
G1 X211.377 Y213.918 E105.19492
G1 X211.448 Y213.696 E105.19879
G1 X211.763 Y213.362 E105.20641
G1 X211.733 Y213.158 E105.20983
G1 X211.805 Y212.931 E105.21378
G1 X212.16 Y212.549 E105.22243
G1 X212.105 Y212.277 E105.22703
G1 X212.158 Y212.102 E105.23006
G1 X212.132 Y211.946 E105.23269
G1 X211.83 Y211.666 E105.23952
G1 X211.386 Y211.56 E105.24709
G1 X211.056 Y211.247 E105.25464
G1 X210.791 Y211.165 E105.25924
G1 X210.59 Y210.964 E105.26395
G1 X210.52 Y210.732 E105.26797
G1 X210.591 Y210.496 E105.27206
G1 X210.772 Y210.3 E105.27649
G1 X211.066 Y210.225 E105.28152
G1 X211.326 Y210.295 E105.28599
G1 X211.613 Y210.599 E105.29292
G1 X212.083 Y210.713 E105.30094
G1 X212.37 Y210.99 E105.30756
G1 X212.853 Y211.098 E105.31577
G1 X213.065 Y211.29 E105.32052
G1 X213.333 Y211.359 E105.32511
G1 F2700 E104.02511
G0 F15000 X213.557 Y201.597
G0 X216.363 Y201.597
G0 X216.609 Y213.399
G1 F2700 E105.32511
G1 F2538.4 X216.392 Y213.202 E105.32997
G1 X216.321 Y212.973 E105.33395
G1 X216.393 Y212.743 E105.33794
G1 X216.598 Y212.546 E105.34266
G1 X216.891 Y212.468 E105.34769
G1 X217.296 Y212.552 E105.35455
G1 X217.592 Y212.86 E105.36164
G1 X218.036 Y212.976 E105.36925
G1 X218.3 Y213.202 E105.37501
G1 X218.468 Y213.192 E105.37781
G1 X218.643 Y213.028 E105.38178
G1 X218.893 Y212.958 E105.38609
G1 X219.144 Y213.028 E105.39041
G1 X219.328 Y213.22 E105.39482
G1 X219.397 Y213.453 E105.39886
G1 X219.364 Y213.571 E105.40089
G1 X219.397 Y213.751 E105.40392
G1 X219.351 Y213.924 E105.40689
G1 X219.394 Y214.135 E105.41047
G1 X219.232 Y214.754 E105.42108
G1 X218.948 Y215.03 E105.42765
G1 X218.956 Y215.257 E105.43142
G1 X218.883 Y215.503 E105.43567
G1 X218.592 Y215.786 E105.44241
G1 X218.57 Y215.891 E105.44419
G1 X218.604 Y216.016 E105.44634
G1 X218.531 Y216.26 E105.45056
G1 X218.269 Y216.519 E105.45667
G1 X218.271 Y216.705 E105.45976
G1 X218.2 Y216.944 E105.46389
G1 X217.931 Y217.175 E105.46978
G1 X217.871 Y217.348 E105.47281
G1 X217.924 Y217.523 E105.47585
G1 X217.851 Y217.763 E105.48001
G1 X217.587 Y218.024 E105.48617
G1 X217.587 Y218.213 E105.4893
G1 X217.442 Y218.731 E105.49822
G1 X217.472 Y218.842 E105.50013
G1 X217.543 Y218.912 E105.50179
G1 X218.036 Y219.04 E105.51023
G1 X218.316 Y219.299 E105.51656
G1 X218.78 Y219.413 E105.52449
G1 X219.324 Y219.953 E105.5372
G1 X219.393 Y220.198 E105.54143
G1 X219.327 Y220.442 E105.54562
G1 X219.139 Y220.628 E105.55001
G1 X218.89 Y220.697 E105.55429
G1 X218.661 Y220.63 E105.55825
G1 X218.364 Y220.338 E105.56516
G1 X218.11 Y220.263 E105.56955
G1 X217.833 Y220.008 E105.5758
G1 X217.729 Y219.964 E105.57767
G1 X217.618 Y219.973 E105.57952
G1 X217.336 Y219.898 E105.58436
G1 X217.124 Y219.706 E105.5891
G1 X217.054 Y219.588 E105.59138
G1 X216.609 Y219.459 E105.59907
G1 X216.392 Y219.262 E105.60393
G1 X216.32 Y219.035 E105.60788
G1 X216.441 Y218.583 E105.61564
G1 X216.321 Y218.195 E105.62238
G1 X216.393 Y217.966 E105.62636
G1 X216.65 Y217.701 E105.63248
G1 X216.641 Y217.482 E105.63612
G1 X216.713 Y217.247 E105.6402
G1 X217.007 Y216.949 E105.64714
G1 X217.009 Y216.768 E105.65014
G1 X217.099 Y216.511 E105.65466
G1 X217.367 Y216.226 E105.66115
G1 X217.357 Y216.008 E105.66477
G1 X217.429 Y215.774 E105.66883
G1 X217.733 Y215.445 E105.67626
G1 X217.709 Y215.246 E105.67959
G1 X217.78 Y215.016 E105.68358
G1 X218.085 Y214.704 E105.69082
G1 X218.064 Y214.488 E105.69442
G1 X218.108 Y214.331 E105.69712
G1 X218.082 Y214.19 E105.6995
G1 X217.824 Y213.942 E105.70544
G1 X217.336 Y213.837 E105.71372
G1 X217.06 Y213.534 E105.72052
G1 X216.609 Y213.399 E105.72833
G1 F2700 E104.42833
G0 F15000 X216.363 Y228.403
G0 X213.557 Y228.403
G0 X211.326 Y222.419
G1 F2700 E105.72833
G1 F2538.4 X211.612 Y222.723 E105.73525
G1 X212.083 Y222.837 E105.74329
G1 X212.367 Y223.111 E105.74983
G1 X212.849 Y223.218 E105.75803
G1 X213.044 Y223.404 E105.7625
G1 X213.334 Y223.484 E105.76749
G1 X213.521 Y223.671 E105.77187
G1 X213.588 Y223.904 E105.77589
G1 X213.441 Y224.444 E105.78518
G1 X213.524 Y224.577 E105.78778
G1 X213.588 Y224.81 E105.79179
G1 X213.501 Y225.07 E105.79634
G1 X213.336 Y225.245 E105.80033
G1 X213.298 Y225.537 E105.80521
G1 X213.013 Y225.812 E105.81178
G1 X212.995 Y225.926 E105.81369
G1 X213.036 Y226.066 E105.81611
G1 X212.96 Y226.312 E105.82039
G1 X212.699 Y226.536 E105.82609
G1 X212.632 Y226.643 E105.82818
G1 X212.683 Y226.903 E105.83258
G1 X212.608 Y227.146 E105.8368
G1 X212.319 Y227.446 E105.84371
G1 X212.328 Y227.594 E105.84617
G1 X212.248 Y227.842 E105.85049
G1 X212.052 Y228.021 E105.85489
G1 X211.751 Y228.1 E105.86006
G1 X211.348 Y228.01 E105.86691
G1 X211.13 Y227.816 E105.87175
G1 X211.05 Y227.579 E105.8759
G1 X211.124 Y227.347 E105.87994
G1 X211.405 Y227.042 E105.88682
G1 X211.397 Y226.891 E105.88932
G1 X211.467 Y226.668 E105.8932
G1 X211.746 Y226.428 E105.89931
G1 X211.812 Y226.321 E105.90139
G1 X211.761 Y226.06 E105.9058
G1 X211.836 Y225.832 E105.90978
G1 X212.143 Y225.499 E105.9173
G1 X212.109 Y225.281 E105.92096
G1 X212.184 Y225.048 E105.92502
G1 X212.322 Y224.913 E105.92822
G1 X212.501 Y224.355 E105.93794
G1 X212.48 Y224.228 E105.94008
G1 X212.369 Y224.127 E105.94257
G1 X212.149 Y224.069 E105.94634
G1 X211.831 Y223.789 E105.95337
G1 X211.382 Y223.684 E105.96102
G1 X211.053 Y223.371 E105.96855
G1 X210.792 Y223.29 E105.97308
G1 X210.587 Y223.085 E105.97789
G1 X210.519 Y222.853 E105.9819
G1 X210.588 Y222.62 E105.98594
G1 X210.771 Y222.425 E105.99037
G1 X211.066 Y222.349 E105.99542
G1 X211.326 Y222.419 E105.99989
G1 F2700 E104.69989
G0 F15000 X213.557 Y228.403
G0 X216.363 Y228.403
G0 X216.607 Y225.524
G1 F2700 E105.99989
G1 F2538.4 X216.396 Y225.327 E106.00468
G1 X216.321 Y225.095 E106.00872
G1 X216.393 Y224.867 E106.01269
G1 X216.598 Y224.67 E106.01741
G1 X216.894 Y224.592 E106.02249
G1 X217.302 Y224.678 E106.0294
G1 X217.588 Y224.947 E106.03592
G1 X218.026 Y225.062 E106.04343
G1 X218.335 Y225.369 E106.05065
G1 X218.78 Y225.473 E106.05823
G1 X219.05 Y225.783 E106.06505
G1 X219.147 Y225.83 E106.06684
G1 X219.329 Y226.021 E106.07122
G1 X219.396 Y226.249 E106.07516
G1 X219.286 Y226.641 E106.08191
G1 X219.395 Y227 E106.08814
G1 X219.325 Y227.241 E106.0923
G1 X219.137 Y227.429 E106.09671
G1 X218.886 Y227.501 E106.10104
G1 X218.591 Y227.419 E106.10612
G1 X218.377 Y227.217 E106.111
G1 X218.304 Y226.983 E106.11507
G1 X218.417 Y226.6 E106.12169
G1 X218.372 Y226.439 E106.12447
G1 X218.116 Y226.33 E106.12908
G1 X217.832 Y226.051 E106.13569
G1 X217.718 Y226.003 E106.13774
G1 X217.589 Y226.023 E106.1399
G1 X217.327 Y225.96 E106.14437
G1 X217.022 Y225.629 E106.15184
G1 X216.607 Y225.524 E106.15894
G1 F2700 E104.85894
;MESH:upperLeftPad.stl
G0 F15000 X215.27 Y225.524
G0 X214.958 Y226.998
M204 S1250
;TYPE:WALL-INNER
G1 F2700 E106.15894
G1 F1615.3 X214.958 Y202.998 E106.81749
M204 S2500
G1 F2700 E105.51749
G0 F15000 X214.73 Y215
G0 X214.418 Y215
M204 S1250
;TYPE:WALL-OUTER
G1 F2700 E106.81749
G1 F2538.4 X214.418 Y227.538 E107.03643
G1 X215.498 Y227.538 E107.05528
G1 X215.498 Y202.458 E107.49322
G1 X214.418 Y202.458 E107.51208
G1 X214.418 Y215 E107.73108
M204 S2500
G0 F15000 X214.418 Y215.2
G1 F2700 E106.43108
;MESH:NONMESH
G0 F600 X214.418 Y215.2 Z1.7
G0 F15000 X214.73 Y215.2
G0 X214.644 Y202.684
G0 X213.545 Y202.684
G0 X210.901 Y202.541
;TIME_ELAPSED:153.517541
;LAYER:14
;note -- min layer time used
;TYPE:SUPPORT
G1 F2700 E107.73108
G1 F1648.3 X211.027 Y202.42 E107.73532
G1 F1651 X211.367 Y202.354 E107.74372
G1 F1653.7 X211.571 Y202.405 E107.74881
G1 X211.703 Y202.531 E107.75323
G1 X211.747 Y202.669 E107.75674
G1 X211.697 Y202.819 E107.76057
G1 X211.568 Y202.937 E107.7648
G1 F1651 X211.239 Y203.005 E107.77295
G1 F1648.3 X211.054 Y202.957 E107.77759
G1 X210.899 Y202.818 E107.78265
G1 X210.855 Y202.683 E107.7861
G1 X210.901 Y202.541 E107.78972
G1 F2700 E106.48972
G0 F15000 X211.168 Y204.344
G1 F2700 E107.78972
G1 F1624.5 X211.364 Y204.391 E107.79469
G1 F1635 X211.5 Y204.519 E107.79926
G1 F1642.9 X211.522 Y204.591 E107.8011
G1 F1661.8 X211.761 Y204.792 E107.80862
G1 F1656.4 X212.129 Y204.839 E107.81759
G1 F1661.8 X212.52 Y205.121 E107.8292
G1 F1772.2 X212.688 Y205.089 E107.83307
G1 F1912.6 X212.921 Y205.129 E107.83802
G1 F2068.8 X213.068 Y205.236 E107.84154
G1 F2283.1 X213.427 Y205.327 E107.84803
G1 F2413.6 X213.589 Y205.484 E107.85177
G1 X213.644 Y205.675 E107.85507
G1 X213.574 Y205.885 E107.85874
G1 X213.389 Y206.052 E107.86288
G1 X212.996 Y206.171 E107.86969
G1 X212.777 Y206.12 E107.87342
G1 X212.56 Y205.906 E107.87847
G1 F2023.3 X212.486 Y205.774 E107.88147
G1 F1729.9 X212.38 Y205.742 E107.88403
G1 F1706.6 X212.277 Y205.632 E107.88757
G1 F1661.8 X211.965 Y205.433 E107.89648
G1 F1635 X211.601 Y205.388 E107.90546
G1 F1661.8 X211.446 Y205.26 E107.91031
G1 F1683.9 X211.423 Y205.192 E107.91201
G1 F1689.5 X211.199 Y205.003 E107.91896
G1 F1656.4 X210.889 Y204.927 E107.92667
G1 F1624.5 X210.763 Y204.808 E107.93094
G1 X210.719 Y204.669 E107.93454
G1 X210.764 Y204.527 E107.93821
G1 X210.883 Y204.407 E107.94237
G1 X211.168 Y204.344 E107.94957
G1 F2700 E106.64957
G0 F15000 X213.557 Y201.597
G0 X216.363 Y201.597
G0 X216.554 Y205.49
G1 F2700 E107.94957
G1 F1533.6 X216.433 Y205.378 E107.95387
G1 X216.399 Y205.258 E107.95713
G1 X216.453 Y205.112 E107.96119
G1 X216.648 Y204.919 E107.96836
G1 F1526.6 X216.765 Y204.397 E107.98238
G1 F1519.8 X216.978 Y204.211 E107.98983
G1 F1531.3 X217.096 Y203.87 E107.99927
G1 F1547.6 X217.064 Y203.767 E108.00206
G1 X217.106 Y203.637 E108.00559
G1 F1540.6 X217.34 Y203.419 E108.01391
G1 F1526.6 X217.454 Y203.115 E108.02242
G1 F1517.5 X217.424 Y203.01 E108.0253
G1 X217.463 Y202.895 E108.0285
G1 X217.698 Y202.704 E108.03649
G1 F1504 X217.821 Y202.374 E108.04587
G1 F1490.7 X217.785 Y202.251 E108.04931
G1 X217.825 Y202.124 E108.05289
G1 X217.95 Y202.008 E108.05747
G1 X218.143 Y201.956 E108.06284
G1 X218.452 Y202.019 E108.07131
G1 X218.57 Y202.132 E108.07569
G1 X218.61 Y202.255 E108.07917
G1 X218.57 Y202.382 E108.08274
G1 X218.381 Y202.556 E108.08964
G1 F1504 X218.235 Y202.906 E108.09974
G1 F1519.8 X218.264 Y203.006 E108.10248
G1 X218.225 Y203.134 E108.10601
G1 F1517.5 X218.001 Y203.315 E108.11361
G1 F1526.6 X217.893 Y203.614 E108.12194
G1 F1535.9 X217.911 Y203.689 E108.12395
G1 X217.86 Y203.841 E108.12813
G1 F1540.6 X217.629 Y204.044 E108.13612
G1 F1531.3 X217.521 Y204.377 E108.14528
G1 F1517.5 X217.564 Y204.505 E108.14884
G1 X217.529 Y204.622 E108.15206
G1 F1519.8 X217.302 Y204.811 E108.15984
G1 F1526.6 X217.205 Y205.103 E108.16791
G1 F1533.6 X217.233 Y205.2 E108.17055
G1 X217.191 Y205.331 E108.17414
G1 X217.063 Y205.448 E108.17867
G1 X216.729 Y205.532 E108.18766
G1 X216.554 Y205.49 E108.19236
G1 F2700 E106.89236
G0 F15000 X216.829 Y206.489
G1 F2700 E108.19236
G1 F2413.6 X217.126 Y206.553 E108.1974
G1 X217.398 Y206.854 E108.20413
G1 F1912.6 X217.361 Y206.959 E108.20646
G1 F1598.9 X217.803 Y207.07 E108.21787
G1 F1667.3 X218.177 Y207.358 E108.22921
G1 F1686.7 X218.558 Y207.442 E108.23847
G1 F1700.8 X218.908 Y207.739 E108.24927
G1 F1718.1 X219.051 Y207.79 E108.25281
G1 F1689.5 X219.176 Y207.923 E108.25713
G1 X219.219 Y208.07 E108.26076
G1 X219.173 Y208.23 E108.26471
G1 X219.052 Y208.351 E108.26876
G1 X218.891 Y208.395 E108.27272
G1 X218.756 Y208.356 E108.27605
G1 F1695.1 X218.393 Y208.043 E108.28737
G1 F1678.3 X218.048 Y207.968 E108.29579
G1 F1635 X217.627 Y207.663 E108.30852
G1 F1598.9 X217.307 Y207.612 E108.31664
G1 F1583.9 X217.066 Y207.381 E108.32508
G1 F1912.6 X216.979 Y207.45 E108.3274
G1 F2413.6 X216.495 Y207.315 E108.33574
G1 X216.326 Y207.158 E108.33956
G1 X216.273 Y206.972 E108.34277
G1 X216.35 Y206.757 E108.34656
G1 X216.531 Y206.578 E108.35078
G1 X216.829 Y206.489 E108.35594
G1 F2700 E107.05594
G0 F15000 X216.829 Y212.55
G1 F2700 E108.35594
G1 F2413.6 X217.125 Y212.616 E108.36097
G1 X217.394 Y212.918 E108.36768
G1 F2325 X217.849 Y213.055 E108.37586
G1 F2047.9 X218.145 Y213.428 E108.38517
G1 F2073 X218.295 Y213.423 E108.38807
G1 F2357.4 X218.433 Y213.364 E108.39062
G1 F2413.6 X218.689 Y213.098 E108.39675
G1 X218.893 Y213.039 E108.40027
G1 X219.099 Y213.098 E108.40382
G1 X219.253 Y213.261 E108.40754
G1 X219.312 Y213.458 E108.41095
G1 X219.279 Y213.632 E108.41389
G1 X219.31 Y213.75 E108.41592
G1 X219.268 Y213.976 E108.41973
G1 X219.313 Y214.135 E108.42247
G1 X219.256 Y214.341 E108.42602
G1 X219.127 Y214.467 E108.42901
G1 X219.039 Y214.699 E108.43312
G1 F2015.3 X218.655 Y214.961 E108.44236
G1 F1593.9 X218.578 Y215.156 E108.44762
G1 F1477.7 X218.607 Y215.256 E108.45045
G1 X218.568 Y215.38 E108.45397
G1 X218.387 Y215.545 E108.4606
G1 F1499.5 X218.235 Y215.905 E108.47104
G1 F1522.1 X218.264 Y216.006 E108.4738
G1 X218.226 Y216.132 E108.47726
G1 X218.001 Y216.313 E108.48486
G1 F1528.9 X217.893 Y216.612 E108.49318
G1 F1533.6 X217.913 Y216.691 E108.49531
G1 X217.861 Y216.84 E108.49943
G1 F1540.6 X217.629 Y217.044 E108.50746
G1 F1531.3 X217.521 Y217.377 E108.51661
G1 F1517.5 X217.564 Y217.505 E108.52018
G1 X217.529 Y217.622 E108.5234
G1 F1519.8 X217.302 Y217.811 E108.53118
G1 F1517.5 X217.203 Y218.113 E108.53956
G1 F1515.2 X217.228 Y218.196 E108.54186
G1 X217.183 Y218.338 E108.54579
G1 F1504 X217.079 Y218.445 E108.54976
G1 F1482 X217.087 Y218.823 E108.55998
G1 F1473.4 X217.33 Y219.094 E108.56987
G1 F1540.6 X217.803 Y219.194 E108.58243
G1 F1667.3 X218.177 Y219.482 E108.59377
G1 F1686.7 X218.558 Y219.566 E108.60303
G1 F1700.8 X218.908 Y219.863 E108.61383
G1 F1718.1 X219.051 Y219.914 E108.61737
G1 F1689.5 X219.176 Y220.047 E108.6217
G1 X219.219 Y220.194 E108.62533
G1 X219.173 Y220.354 E108.62927
G1 X219.052 Y220.475 E108.63333
G1 X218.891 Y220.519 E108.63728
G1 X218.756 Y220.48 E108.64061
G1 F1695.1 X218.393 Y220.167 E108.65193
G1 F1678.3 X218.048 Y220.092 E108.66036
G1 F1635 X217.627 Y219.787 E108.67309
G1 F1598.9 X217.307 Y219.736 E108.6812
G1 F1526.6 X217.065 Y219.472 E108.69059
G1 F1473.4 X216.954 Y219.409 E108.69406
G1 X216.56 Y219.317 E108.70506
G1 X216.446 Y219.21 E108.7093
G1 X216.414 Y219.097 E108.7125
G1 X216.483 Y218.904 E108.71807
G1 F1482 X216.504 Y218.447 E108.73042
G1 F1492.9 X216.409 Y218.261 E108.73603
G1 X216.461 Y218.116 E108.74016
G1 F1504 X216.64 Y217.934 E108.74695
G1 F1517.5 X216.743 Y217.611 E108.7559
G1 F1522.1 X216.765 Y217.397 E108.76156
G1 F1519.8 X216.978 Y217.211 E108.76901
G1 F1531.3 X217.096 Y216.87 E108.77844
G1 F1547.6 X217.064 Y216.767 E108.78123
G1 X217.106 Y216.637 E108.78476
G1 F1540.6 X217.34 Y216.419 E108.79308
G1 F1528.9 X217.453 Y216.115 E108.80157
G1 F1524.3 X217.422 Y216.01 E108.80444
G1 X217.461 Y215.894 E108.80766
G1 F1522.1 X217.697 Y215.703 E108.81565
G1 F1499.5 X217.823 Y215.367 E108.82523
G1 F1479.8 X217.787 Y215.252 E108.82849
G1 X217.826 Y215.13 E108.83195
G1 F1477.7 X218.006 Y214.964 E108.83859
G1 F1593.9 X218.116 Y214.74 E108.84485
G1 F1972.2 X218.014 Y214.487 E108.85039
G1 F2346.5 X218.056 Y214.22 E108.855
G1 F2103.1 X217.76 Y213.807 E108.86468
G1 X217.49 Y213.836 E108.86985
G1 F2413.6 X217.251 Y213.774 E108.87394
G1 X216.979 Y213.511 E108.88022
G1 X216.494 Y213.375 E108.88858
G1 X216.326 Y213.221 E108.89236
G1 X216.273 Y213.032 E108.89561
G1 X216.35 Y212.818 E108.89938
G1 X216.53 Y212.642 E108.90356
G1 X216.829 Y212.55 E108.90875
G1 F2700 E107.60875
G0 F15000 X216.363 Y201.597
G0 X213.557 Y201.597
G0 X213.138 Y211.319
G1 F2700 E108.90875
G1 F2413.6 X213.428 Y211.389 E108.9137
G1 X213.589 Y211.544 E108.91741
G1 X213.644 Y211.738 E108.92075
G1 X213.574 Y211.945 E108.92438
G1 X213.422 Y212.1 E108.92798
G1 X213.351 Y212.479 E108.93437
G1 F2103.1 X212.963 Y212.779 E108.94371
G1 F1681.1 X212.895 Y212.986 E108.9489
G1 F1517.5 X212.939 Y213.143 E108.9532
G1 F1506.2 X212.896 Y213.271 E108.95679
G1 F1513 X212.664 Y213.462 E108.96474
G1 X212.551 Y213.788 E108.97387
G1 F1506.2 X212.583 Y213.898 E108.97692
G1 X212.539 Y214.033 E108.98069
G1 F1513 X212.314 Y214.222 E108.98847
G1 F1522.1 X212.207 Y214.519 E108.99677
G1 F1524.3 X212.232 Y214.615 E108.99938
G1 X212.19 Y214.74 E109.00284
G1 F1526.6 X211.958 Y214.931 E109.01072
G1 F1531.3 X211.847 Y215.244 E109.01941
G1 F1533.6 X211.878 Y215.349 E109.02226
G1 X211.837 Y215.475 E109.02572
G1 F1535.9 X211.6 Y215.662 E109.03359
G1 F1531.3 X211.488 Y215.989 E109.04263
G1 F1528.9 X211.514 Y216.076 E109.04501
G1 F1513 X211.444 Y216.241 E109.04975
G1 F1550 X211.378 Y216.67 E109.06096
G1 F1672.8 X211.686 Y216.865 E109.06969
G1 F1683.9 X212.128 Y216.927 E109.0803
G1 F1653.7 X212.531 Y217.233 E109.09255
G1 F1863.4 X212.935 Y217.247 E109.10124
G1 F2085.8 X213.025 Y217.334 E109.10364
G1 F2237.7 X213.427 Y217.452 E109.11114
G1 F2413.6 X213.589 Y217.608 E109.11487
G1 X213.644 Y217.799 E109.11816
G1 X213.574 Y218.009 E109.12184
G1 X213.389 Y218.176 E109.12597
G1 X212.996 Y218.294 E109.13278
G1 X212.781 Y218.244 E109.13644
G1 X212.551 Y218.023 E109.14173
G1 F2111.9 X212.505 Y217.925 E109.14378
G1 F1803.7 X212.372 Y217.867 E109.147
G1 F1678.3 X211.937 Y217.521 E109.16026
G1 F1651 X211.607 Y217.479 E109.16833
G1 F1712.3 X211.421 Y217.298 E109.1744
G1 F1672.8 X211.015 Y217.072 E109.18552
G1 F1606.5 X210.889 Y217.048 E109.18872
G1 X210.761 Y216.93 E109.19306
G1 X210.722 Y216.802 E109.19639
G1 X210.784 Y216.647 E109.20055
G1 F1588.9 X210.826 Y216.328 E109.20866
G1 F1531.3 X210.75 Y216.087 E109.21527
G1 F1495.1 X210.783 Y215.98 E109.21826
G1 F1542.9 X210.964 Y215.778 E109.2253
G1 F1564.3 X211.067 Y215.478 E109.23342
G1 F1535.9 X211.031 Y215.363 E109.23656
G1 X211.068 Y215.246 E109.23976
G1 X211.307 Y215.052 E109.24778
G1 F1531.3 X211.418 Y214.739 E109.25647
G1 F1528.9 X211.384 Y214.629 E109.25948
G1 X211.422 Y214.516 E109.26261
G1 F1526.6 X211.655 Y214.319 E109.27061
G1 F1522.1 X211.762 Y214.022 E109.27891
G1 F1517.5 X211.739 Y213.934 E109.28131
G1 X211.779 Y213.81 E109.28475
G1 F1513 X211.993 Y213.613 E109.29245
G1 X212.123 Y213.272 E109.3021
G1 F1522.1 X212.092 Y213.171 E109.30488
G1 X212.133 Y213.05 E109.30824
G1 F1513 X212.344 Y212.855 E109.31585
G1 F1667.3 X212.452 Y212.605 E109.32239
G1 F2094.4 X212.328 Y212.285 E109.32895
G1 F2402.1 X212.392 Y211.978 E109.33417
G1 F2052 X212.087 Y211.557 E109.34432
G1 F1712.3 X211.951 Y211.465 E109.34815
G1 F1651 X211.596 Y211.401 E109.3569
G1 F1667.3 X211.431 Y211.231 E109.36259
G1 F1656.4 X211.161 Y211.047 E109.37049
G1 F1629.7 X210.889 Y210.988 E109.37733
G1 F1624.5 X210.758 Y210.867 E109.38172
G1 X210.716 Y210.73 E109.38525
G1 X210.759 Y210.593 E109.38879
G1 X210.883 Y210.47 E109.3931
G1 X211.168 Y210.405 E109.4003
G1 X211.367 Y210.455 E109.40536
G1 F1629.7 X211.51 Y210.625 E109.41082
G1 F1642.9 X211.766 Y210.81 E109.41851
G1 F1635 X212.13 Y210.864 E109.42752
G1 F1700.8 X212.442 Y211.115 E109.43695
G1 F2052 X212.948 Y211.16 E109.44686
G1 F2413.6 X213.138 Y211.319 E109.45097
G1 F2700 E108.15097
G0 F15000 X211.166 Y222.529
G1 F2700 E109.45097
G1 F1621.9 X211.364 Y222.579 E109.45601
G1 F1632.4 X211.514 Y222.749 E109.46157
G1 F1635 X211.777 Y222.935 E109.46946
G1 F1624.5 X212.124 Y222.985 E109.4781
G1 F1640.3 X212.546 Y223.305 E109.49103
G1 F1829.8 X212.93 Y223.317 E109.49944
G1 F2085.8 X213.061 Y223.423 E109.50267
G1 F2272.9 X213.428 Y223.513 E109.50933
G1 F2413.6 X213.589 Y223.668 E109.51303
G1 X213.644 Y223.863 E109.51639
G1 X213.578 Y224.066 E109.51994
G1 F2147.7 X213.354 Y224.315 E109.52618
G1 F1853.2 X213.366 Y224.45 E109.52911
G1 F1797.3 X213.533 Y224.621 E109.53443
G1 F1819.9 X213.576 Y224.766 E109.53776
G1 X213.518 Y224.939 E109.54177
G1 X213.431 Y225.021 E109.5444
G1 F2077.2 X213.442 Y225.256 E109.54894
G1 F2413.6 X213.375 Y225.462 E109.55253
G1 F2060.4 X212.979 Y225.729 E109.56181
G1 F1645.6 X212.915 Y225.92 E109.56671
G1 F1513 X212.956 Y226.053 E109.5704
G1 X212.917 Y226.174 E109.57376
G1 F1522.1 X212.682 Y226.36 E109.58164
G1 F1542.9 X212.573 Y226.703 E109.59098
G1 F1535.9 X212.603 Y226.852 E109.59495
G1 F1515.2 X212.556 Y226.993 E109.59887
G1 F1522.1 X212.329 Y227.19 E109.60678
G1 F1526.6 X212.223 Y227.48 E109.61488
G1 X212.251 Y227.584 E109.6177
G1 X212.21 Y227.711 E109.6212
G1 X212.086 Y227.82 E109.62553
G1 X211.772 Y227.887 E109.63395
G1 X211.586 Y227.838 E109.63899
G1 X211.444 Y227.712 E109.64397
G1 X211.406 Y227.594 E109.64722
G1 X211.446 Y227.476 E109.65049
G1 X211.671 Y227.278 E109.65835
G1 X211.777 Y226.988 E109.66645
G1 F1528.9 X211.755 Y226.904 E109.66872
G1 X211.796 Y226.78 E109.67214
G1 F1522.1 X212.021 Y226.573 E109.68019
G1 X212.159 Y226.192 E109.69085
G1 F1528.9 X212.12 Y226.07 E109.6942
G1 X212.161 Y225.943 E109.69769
G1 F1522.1 X212.361 Y225.759 E109.70484
G1 F1645.6 X212.448 Y225.548 E109.7104
G1 F1999.4 X212.349 Y225.279 E109.71614
G1 F2247.7 X212.408 Y225.102 E109.71946
G1 X212.498 Y225.016 E109.72168
G1 F2242.7 X212.633 Y224.669 E109.72832
G1 F2007.3 X212.81 Y224.563 E109.73244
G1 F1797.3 X212.847 Y224.5 E109.73407
G1 F1853.2 X212.834 Y224.365 E109.737
G1 F2147.7 X212.559 Y224.089 E109.74426
G1 F2085.8 X212.507 Y223.979 E109.74659
G1 F1766 X212.376 Y223.92 E109.74985
G1 F1656.4 X211.932 Y223.58 E109.76337
G1 F1624.5 X211.607 Y223.526 E109.77149
G1 F1670 X211.217 Y223.198 E109.78371
G1 F1667.3 X210.886 Y223.112 E109.79192
G1 F1621.9 X210.759 Y222.992 E109.79623
G1 X210.715 Y222.853 E109.79983
G1 X210.76 Y222.711 E109.80351
G1 X210.88 Y222.59 E109.80771
G1 X211.166 Y222.529 E109.81493
G1 F2700 E108.51493
G0 F15000 X213.557 Y228.403
G0 X216.363 Y228.403
G0 X216.915 Y225.49
G1 F2700 E109.81493
G1 F1586.4 X216.549 Y225.394 E109.82448
G1 F1559.5 X216.428 Y225.283 E109.8287
G1 X216.393 Y225.16 E109.83198
G1 X216.449 Y225.006 E109.83619
G1 X216.594 Y224.868 E109.84133
G1 X216.834 Y224.793 E109.84778
G1 X217.068 Y224.846 E109.85394
G1 F1569.2 X217.523 Y225.196 E109.86859
G1 F1588.9 X217.825 Y225.234 E109.87626
G1 F1609 X217.971 Y225.395 E109.88167
G1 F1667.3 X218.194 Y225.547 E109.88815
G1 F1672.8 X218.556 Y225.634 E109.89706
G1 F1664.5 X218.813 Y225.887 E109.90573
G1 F1816.7 X219.072 Y225.94 E109.91156
G1 F1945.7 X219.212 Y226.089 E109.91577
G1 X219.262 Y226.259 E109.91941
G1 F2156.8 X219.21 Y226.651 E109.92675
G1 F2413.6 X219.308 Y226.999 E109.93275
G1 X219.25 Y227.197 E109.93617
G1 X219.084 Y227.353 E109.93995
G1 X218.848 Y227.412 E109.94399
G1 X218.491 Y227.334 E109.95005
G1 X218.306 Y227.168 E109.95417
G1 X218.241 Y226.974 E109.95757
G1 X218.382 Y226.489 E109.96595
G1 F2156.8 X218.421 Y226.423 E109.96737
G1 F1816.7 X218.404 Y226.312 E109.96984
G1 F1664.5 X218.284 Y226.209 E109.97365
G1 F1635 X218.056 Y226.158 E109.97937
G1 F1619.3 X217.644 Y225.839 E109.99225
G1 F1583.9 X217.499 Y225.848 E109.99592
G1 F1579 X217.307 Y225.799 E110.00095
G1 F1598.9 X216.915 Y225.49 E110.01345
G1 F2700 E108.71345
;MESH:upperLeftPad.stl
G0 F15000 X215.27 Y225.49
G0 X214.958 Y226.998
M204 S1250
;TYPE:WALL-INNER
G1 F2700 E110.01345
G1 F1535.9 X214.958 Y202.998 E110.672
M204 S2500
G1 F2700 E109.372
G0 F15000 X214.73 Y215
G0 X214.418 Y215
M204 S1250
;TYPE:WALL-OUTER
G1 F2700 E110.672
G1 F2413.6 X214.418 Y227.538 E110.89093
G1 X215.498 Y227.538 E110.90979
G1 X215.498 Y202.458 E111.34773
G1 X214.418 Y202.458 E111.36658
G1 X214.418 Y215 E111.58559
M204 S2500
G0 F15000 X214.418 Y215.2
G1 F2700 E110.28559
;MESH:NONMESH
G0 F600 X214.418 Y215.2 Z1.8
G0 F15000 X214.73 Y215.2
G0 X214.644 Y202.684
G0 X213.545 Y202.684
G0 X211.078 Y202.563
;TIME_ELAPSED:162.877068
;LAYER:15
;note -- min layer time used
;TYPE:SUPPORT
G1 F2700 E111.58559
G1 F1903.2 X211.197 Y202.452 E111.58906
G1 X211.443 Y202.392 E111.59446
G1 F1899.7 X211.72 Y202.444 E111.60048
G1 X211.844 Y202.555 E111.60404
G1 X211.886 Y202.678 E111.60681
G1 X211.847 Y202.795 E111.60945
G1 X211.729 Y202.898 E111.6128
G1 F1903.2 X211.371 Y202.957 E111.62053
G1 X211.199 Y202.913 E111.62432
G1 X211.073 Y202.8 E111.62793
G1 X211.037 Y202.685 E111.6305
G1 X211.078 Y202.563 E111.63325
G1 F2700 E110.33325
G0 F15000 X211.242 Y204.383
G1 F2700 E111.63325
G1 F1889.2 X211.514 Y204.435 E111.6392
G1 F1939.1 X211.651 Y204.548 E111.64291
G1 F1961.3 X211.674 Y204.613 E111.64434
G1 F1924.6 X211.932 Y204.834 E111.65151
G1 F1848.4 X212.145 Y204.787 E111.6563
G1 F1812.6 X212.302 Y204.816 E111.65987
G1 X212.398 Y204.906 E111.66282
G1 X212.42 Y204.989 E111.66474
G1 F1851.8 X212.67 Y205.167 E111.67147
G1 F1803 X212.884 Y205.151 E111.6763
G1 F1718.6 X213.049 Y205.185 E111.68028
G1 F1715.7 X213.264 Y205.368 E111.68696
G1 F1712.9 X213.588 Y205.455 E111.69491
G1 X213.588 Y205.785 E111.70273
G1 X213.512 Y205.848 E111.70507
G1 X213.146 Y205.95 E111.71407
G1 X212.994 Y205.913 E111.71778
G1 F1715.7 X212.768 Y205.727 E111.7247
G1 F1803 X212.522 Y205.685 E111.73032
G1 F1851.8 X212.106 Y205.36 E111.74189
G1 F1848.4 X211.93 Y205.391 E111.74582
G1 F1889.2 X211.763 Y205.348 E111.74952
G1 F1903.2 X211.633 Y205.24 E111.75313
G1 F1961.3 X211.589 Y205.138 E111.75543
G1 F1984 X211.386 Y204.957 E111.76099
G1 F1910.3 X211.003 Y204.894 E111.76924
G1 F1865.2 X210.877 Y204.781 E111.77292
G1 X210.842 Y204.673 E111.77539
G1 X210.883 Y204.553 E111.77815
G1 X211.001 Y204.439 E111.78172
G1 X211.242 Y204.383 E111.78711
G1 F2700 E110.48711
G0 F15000 X213.557 Y201.597
G0 X216.363 Y201.597
G0 X216.888 Y205.431
G1 F2700 E111.78711
G1 F1741.9 X216.532 Y205.533 E111.79574
G1 X216.323 Y205.467 E111.80085
G1 X216.323 Y205.146 E111.80833
G1 X216.533 Y204.96 E111.81486
G1 F1747.8 X216.604 Y204.667 E111.82186
G1 F1756.8 X216.565 Y204.545 E111.82482
G1 X216.602 Y204.441 E111.82737
G1 F1750.8 X216.865 Y204.211 E111.83547
G1 F1707.2 X216.974 Y203.908 E111.84313
G1 F1668.4 X216.935 Y203.786 E111.84625
G1 X216.971 Y203.691 E111.84872
G1 X217.185 Y203.498 E111.85573
G1 X217.327 Y203.15 E111.86487
G1 F1671.1 X217.289 Y203.029 E111.86795
G1 X217.325 Y202.931 E111.87049
G1 X217.545 Y202.737 E111.87762
G1 F1684.8 X217.679 Y202.402 E111.88631
G1 F1701.5 X217.637 Y202.27 E111.88961
G1 X217.674 Y202.172 E111.89211
G1 X217.792 Y202.065 E111.89591
G1 X218.122 Y202.002 E111.90393
G1 X218.296 Y202.046 E111.90821
G1 X218.41 Y202.151 E111.91191
G1 X218.442 Y202.246 E111.9143
G1 X218.405 Y202.356 E111.91707
G1 X218.174 Y202.563 E111.92447
G1 F1684.8 X218.046 Y202.892 E111.93297
G1 F1671.1 X218.084 Y203.006 E111.93589
G1 X218.05 Y203.11 E111.93855
G1 X217.829 Y203.306 E111.94572
G1 F1668.4 X217.689 Y203.652 E111.9548
G1 F1665.7 X217.728 Y203.768 E111.95779
G1 X217.696 Y203.869 E111.96037
G1 F1668.4 X217.474 Y204.064 E111.96756
G1 F1707.2 X217.35 Y204.38 E111.97563
G1 F1744.9 X217.378 Y204.475 E111.97793
G1 X217.339 Y204.587 E111.98069
G1 F1750.8 X217.093 Y204.785 E111.98801
G1 F1747.8 X217.025 Y205.087 E111.9952
G1 F1741.9 X217.055 Y205.191 E111.99772
G1 X217.01 Y205.32 E112.00091
G1 X216.888 Y205.431 E112.00475
G1 F2700 E110.70475
G0 F15000 X216.785 Y206.663
G1 F2700 E112.00475
G1 F1822.2 X216.935 Y206.695 E112.00817
G1 X217.042 Y206.796 E112.01145
G1 F1835.2 X217.072 Y206.889 E112.01361
G1 F1882.3 X217.275 Y207.072 E112.0195
G1 F1910.3 X217.656 Y207.123 E112.02767
G1 F1896.2 X217.773 Y207.267 E112.03164
G1 F1903.2 X218.014 Y207.441 E112.03798
G1 F1889.2 X218.216 Y207.43 E112.04233
G1 X218.416 Y207.474 E112.04673
G1 F1946.5 X218.745 Y207.769 E112.05594
G1 F1957.6 X219.034 Y207.841 E112.06212
G1 F1924.6 X219.133 Y207.945 E112.06515
G1 X219.17 Y208.071 E112.06792
G1 X219.132 Y208.206 E112.07087
G1 X219.027 Y208.314 E112.07405
G1 X218.885 Y208.353 E112.07716
G1 X218.612 Y208.298 E112.08303
G1 F1935.5 X218.277 Y207.996 E112.09249
G1 F1931.8 X217.876 Y207.954 E112.10096
G1 F1903.2 X217.503 Y207.637 E112.1114
G1 F1896.2 X217.116 Y207.594 E112.11974
G1 F1910.3 X216.981 Y207.487 E112.1234
G1 F1921 X216.96 Y207.421 E112.12486
G1 F1868.6 X216.751 Y207.233 E112.13097
G1 F1865.2 X216.541 Y207.273 E112.13562
G1 F1910.3 X216.297 Y207.192 E112.14108
G1 X216.297 Y206.846 E112.14843
G1 X216.393 Y206.762 E112.15115
G1 F1865.2 X216.785 Y206.663 E112.15994
G1 F2700 E110.85994
G0 F15000 X216.363 Y201.597
G0 X213.557 Y201.597
G0 X213.303 Y211.345
G1 F2700 E112.15994
G1 F2447 X213.602 Y211.411 E112.16502
G1 X213.678 Y211.478 E112.1667
G1 X213.678 Y211.889 E112.17352
G1 X213.505 Y212.045 E112.17739
G1 X213.475 Y212.181 E112.1797
G1 X213.518 Y212.312 E112.18198
G1 X213.472 Y212.464 E112.18462
G1 F2335.7 X213.106 Y212.794 E112.19318
G1 F2093.1 X213.071 Y212.936 E112.19602
G1 F1935.5 X213.097 Y213.061 E112.1987
G1 F1906.7 X213.047 Y213.193 E112.2017
G1 F1865.2 X212.765 Y213.4 E112.20931
G1 F1841.8 X212.697 Y213.669 E112.21543
G1 F1828.7 X212.724 Y213.816 E112.21875
G1 F1793.6 X212.677 Y213.942 E112.22179
G1 F1815.8 X212.406 Y214.158 E112.22954
G1 F1787.4 X212.321 Y214.444 E112.23631
G1 F1730.2 X212.361 Y214.582 E112.23968
G1 F1718.6 X212.324 Y214.69 E112.24238
G1 F1724.4 X212.087 Y214.896 E112.24977
G1 F1704.4 X211.965 Y215.219 E112.258
G1 F1682 X212.005 Y215.339 E112.26105
G1 X211.97 Y215.442 E112.26367
G1 F1687.6 X211.749 Y215.634 E112.27071
G1 F1641.7 X211.594 Y216.01 E112.28077
G1 F1590.9 X211.63 Y216.11 E112.28348
G1 F1655 X211.496 Y216.699 E112.2983
G1 F1819 X211.837 Y216.927 E112.30745
G1 F1903.2 X212.091 Y216.89 E112.31293
G1 F1896.2 X212.298 Y216.929 E112.31744
G1 F1931.8 X212.446 Y217.106 E112.32228
G1 F1828.7 X212.734 Y217.317 E112.33021
G1 F1718.6 X212.889 Y217.277 E112.33399
G1 X213.049 Y217.308 E112.33784
G1 X213.265 Y217.492 E112.34454
G1 F1715.7 X213.589 Y217.578 E112.35247
G1 X213.589 Y217.907 E112.36025
G1 X213.51 Y217.972 E112.36267
G1 X213.145 Y218.072 E112.37163
G1 X212.996 Y218.037 E112.37525
G1 F1718.6 X212.769 Y217.85 E112.3822
G1 F1775 X212.528 Y217.802 E112.38782
G1 F1855.1 X212.399 Y217.696 E112.39147
G1 F1875.4 X212.378 Y217.628 E112.39301
G1 F1892.7 X212.145 Y217.444 E112.39938
G1 F1896.2 X211.929 Y217.473 E112.40404
G1 F1903.2 X211.76 Y217.435 E112.40774
G1 F1950.1 X211.622 Y217.325 E112.41141
G1 F1984 X211.6 Y217.256 E112.41289
G1 F2047.3 X211.347 Y217.089 E112.4189
G1 F1899.7 X211.013 Y216.994 E112.42632
G1 F1724.4 X210.893 Y216.892 E112.43003
G1 X210.865 Y216.795 E112.43241
G1 F1684.8 X210.963 Y216.368 E112.44296
G1 F1600.8 X210.9 Y216.102 E112.44989
G1 F1557.2 X210.931 Y216.012 E112.45237
G1 F1663 X211.159 Y215.737 E112.46109
G1 F1736 X211.257 Y215.465 E112.46785
G1 F1693.1 X211.226 Y215.364 E112.47039
G1 X211.262 Y215.263 E112.47296
G1 F1687.6 X211.461 Y215.076 E112.47952
G1 F1704.4 X211.603 Y214.733 E112.48837
G1 F1727.3 X211.573 Y214.633 E112.49082
G1 X211.609 Y214.528 E112.49343
G1 F1724.4 X211.834 Y214.323 E112.50059
G1 F1778.1 X211.934 Y214.018 E112.50792
G1 F1838.5 X211.91 Y213.937 E112.50979
G1 X211.953 Y213.817 E112.5126
G1 F1815.8 X212.223 Y213.57 E112.52078
G1 F1809.4 X212.298 Y213.28 E112.5275
G1 F1825.5 X212.268 Y213.18 E112.52982
G1 X212.311 Y213.058 E112.5327
G1 F1828.7 X212.435 Y212.94 E112.5365
G1 F1868.6 X212.624 Y212.842 E112.54112
G1 F2059.6 X212.663 Y212.684 E112.54433
G1 F2335.7 X212.542 Y212.289 E112.55151
G1 F2447 X212.627 Y212.051 E112.5557
G1 X212.588 Y211.879 E112.55863
G1 F2412.5 X212.348 Y211.667 E112.56402
G1 F2335.7 X212.275 Y211.489 E112.56736
G1 F2080.4 X212.143 Y211.38 E112.5707
G1 F1892.7 X211.933 Y211.405 E112.57523
G1 F1889.2 X211.76 Y211.368 E112.57904
G1 F1913.8 X211.63 Y211.259 E112.58263
G1 F1928.2 X211.61 Y211.191 E112.58413
G1 X211.372 Y211.006 E112.59047
G1 F1903.2 X211.003 Y210.957 E112.59841
G1 F1875.4 X210.873 Y210.842 E112.60217
G1 X210.841 Y210.734 E112.60461
G1 X210.882 Y210.613 E112.60737
G1 X210.999 Y210.502 E112.61086
G1 X211.243 Y210.445 E112.61629
G1 F1903.2 X211.512 Y210.494 E112.62212
G1 F1928.2 X211.892 Y210.845 E112.63301
G1 F1903.2 X212.095 Y210.826 E112.63736
G1 F1896.2 X212.297 Y210.865 E112.64176
G1 F1917.4 X212.415 Y210.97 E112.6451
G1 F1931.8 X212.437 Y211.041 E112.64667
G1 F2097.4 X212.562 Y211.148 E112.64985
G1 F2335.7 X212.662 Y211.177 E112.65166
G1 F2412.5 X212.888 Y211.124 E112.65556
G1 F2447 X213.093 Y211.164 E112.65903
G1 X213.303 Y211.345 E112.66363
G1 F2700 E111.36363
G0 F15000 X213.557 Y201.597
G0 X216.363 Y201.597
G0 X216.751 Y213.294
G1 F2700 E112.66363
G1 F1868.6 X216.538 Y213.337 E112.66835
G1 F1913.8 X216.296 Y213.256 E112.67376
G1 X216.296 Y212.91 E112.6811
G1 X216.392 Y212.825 E112.68382
G1 F1868.6 X216.785 Y212.726 E112.69262
G1 F1828.7 X216.937 Y212.759 E112.69608
G1 X217.041 Y212.855 E112.69922
G1 X217.064 Y212.944 E112.70126
G1 F1872 X217.274 Y213.133 E112.70738
G1 F1906.7 X217.659 Y213.183 E112.71565
G1 F1896.2 X217.771 Y213.33 E112.71961
G1 F2093.1 X217.989 Y213.449 E112.72442
G1 F2390.1 X218.321 Y213.412 E112.7301
G1 F2447 X218.587 Y213.175 E112.736
G1 X218.885 Y213.117 E112.74104
G1 X219.054 Y213.166 E112.74396
G1 X219.184 Y213.304 E112.7471
G1 X219.229 Y213.454 E112.7497
G1 X219.191 Y213.599 E112.75219
G1 X219.223 Y213.758 E112.75488
G1 X219.182 Y213.944 E112.75804
G1 X219.23 Y214.136 E112.76132
G1 X219.184 Y214.302 E112.76418
G1 X219.063 Y214.423 E112.76702
G1 X218.932 Y214.475 E112.76936
G1 X218.839 Y214.647 E112.7726
G1 F2205.4 X218.46 Y214.951 E112.78154
G1 F1825.5 X218.394 Y215.136 E112.78591
G1 F1671.1 X218.433 Y215.252 E112.78888
G1 X218.401 Y215.351 E112.79141
G1 X218.185 Y215.545 E112.79846
G1 X218.046 Y215.892 E112.80754
G1 X218.084 Y216.006 E112.81046
G1 X218.05 Y216.11 E112.81312
G1 X217.829 Y216.306 E112.82029
G1 F1668.4 X217.689 Y216.652 E112.82938
G1 F1665.7 X217.728 Y216.768 E112.83236
G1 X217.696 Y216.869 E112.83494
G1 F1668.4 X217.474 Y217.064 E112.84213
G1 F1707.2 X217.35 Y217.38 E112.8502
G1 F1744.9 X217.378 Y217.475 E112.8525
G1 X217.339 Y217.587 E112.85526
G1 F1750.8 X217.093 Y217.785 E112.86258
G1 F1765.9 X217.026 Y218.067 E112.86925
G1 F1759.8 X217.055 Y218.191 E112.87218
G1 F1741.9 X217.01 Y218.32 E112.87537
G1 F1730.2 X216.877 Y218.447 E112.87968
G1 F1707.2 X216.91 Y218.822 E112.88863
G1 F1747.8 X217.037 Y218.92 E112.89236
G1 F1803 X217.058 Y218.998 E112.89418
G1 F1848.4 X217.288 Y219.2 E112.9009
G1 F1896.2 X217.656 Y219.247 E112.90884
G1 X217.773 Y219.391 E112.91281
G1 F1903.2 X218.014 Y219.565 E112.91915
G1 F1889.2 X218.216 Y219.555 E112.9235
G1 F1882.3 X218.415 Y219.599 E112.92789
G1 F1892.7 X218.65 Y219.866 E112.93552
G1 F1896.2 X219.033 Y219.969 E112.94401
G1 X219.129 Y220.071 E112.94701
G1 X219.166 Y220.195 E112.94978
G1 X219.129 Y220.326 E112.95269
G1 X219.03 Y220.426 E112.95571
G1 X218.813 Y220.474 E112.96046
G1 F1903.2 X218.638 Y220.431 E112.96431
G1 F1899.7 X218.395 Y220.186 E112.97168
G1 F1892.7 X218.265 Y220.119 E112.97482
G1 F1903.2 X217.876 Y220.078 E112.98316
G1 X217.503 Y219.761 E112.9936
G1 F1896.2 X217.117 Y219.717 E113.00192
G1 F1903.2 X216.982 Y219.611 E113.00558
G1 F1913.8 X216.96 Y219.545 E113.00705
G1 F1799.9 X216.7 Y219.334 E113.0146
G1 F1698.7 X216.541 Y219.363 E113.01847
G1 X216.33 Y219.3 E113.02373
G1 X216.33 Y218.987 E113.03121
G1 X216.433 Y218.878 E113.03479
G1 F1730.2 X216.392 Y218.532 E113.04297
G1 F1762.8 X216.319 Y218.468 E113.0452
G1 F1739 X216.327 Y218.148 E113.05267
G1 F1730.2 X216.533 Y217.96 E113.05922
G1 F1747.8 X216.604 Y217.667 E113.06622
G1 F1756.8 X216.565 Y217.545 E113.06918
G1 X216.602 Y217.441 E113.07173
G1 F1750.8 X216.865 Y217.211 E113.07983
G1 F1707.2 X216.974 Y216.908 E113.08748
G1 F1668.4 X216.935 Y216.788 E113.09055
G1 X216.971 Y216.69 E113.09309
G1 X217.185 Y216.498 E113.10009
G1 X217.327 Y216.15 E113.10923
G1 F1671.1 X217.289 Y216.029 E113.11231
G1 X217.325 Y215.931 E113.11485
G1 X217.545 Y215.737 E113.12197
G1 X217.682 Y215.392 E113.13099
G1 X217.642 Y215.27 E113.13411
G1 X217.678 Y215.174 E113.1366
G1 X217.891 Y214.983 E113.14355
G1 F1825.5 X217.983 Y214.776 E113.14859
G1 F2168.2 X217.902 Y214.513 E113.15374
G1 F2401.2 X217.967 Y214.298 E113.15754
G1 F2447 X217.93 Y214.139 E113.16024
G1 F2390.1 X217.694 Y213.925 E113.16565
G1 F2283.8 X217.629 Y213.795 E113.16824
G1 F2051.4 X217.498 Y213.698 E113.17146
G1 F1892.7 X217.118 Y213.658 E113.17966
G1 F1903.2 X216.983 Y213.548 E113.18337
G1 F1917.4 X216.963 Y213.487 E113.18473
G1 F1872 X216.751 Y213.294 E113.19095
G1 F2700 E111.89095
G0 F15000 X216.363 Y228.403
G0 X213.557 Y228.403
G0 X212.296 Y222.99
G1 F2700 E113.19095
G1 F1903.2 X212.404 Y223.088 E113.19406
G1 X212.423 Y223.157 E113.19558
G1 F1899.7 X212.667 Y223.355 E113.2023
G1 F1809.4 X212.883 Y223.338 E113.20716
G1 F1724.4 X213.048 Y223.373 E113.21113
G1 F1690.3 X213.309 Y223.578 E113.2191
G1 F1660.3 X213.579 Y223.645 E113.2259
G1 X213.579 Y223.968 E113.2338
G1 X213.469 Y224.068 E113.23743
G1 F1724.4 X213.513 Y224.467 E113.24688
G1 F1790.5 X213.601 Y224.544 E113.24953
G1 F1753.8 X213.589 Y224.878 E113.25727
G1 F1698.7 X213.452 Y225.014 E113.26188
G1 F1663 X213.401 Y225.361 E113.27044
G1 F1668.4 X213.187 Y225.551 E113.2774
G1 F1701.5 X213.05 Y225.901 E113.28637
G1 F1710 X213.089 Y226.016 E113.28925
G1 X213.048 Y226.13 E113.29213
G1 F1715.7 X212.832 Y226.317 E113.29889
G1 F1841.8 X212.737 Y226.643 E113.30637
G1 F1939.1 X212.761 Y226.773 E113.30914
G1 F1899.7 X212.71 Y226.91 E113.31226
G1 F1872 X212.426 Y227.124 E113.31997
G1 F1784.3 X212.344 Y227.403 E113.32659
G1 F1727.3 X212.384 Y227.536 E113.32985
G1 X212.343 Y227.653 E113.33277
G1 X212.222 Y227.755 E113.33649
G1 X211.89 Y227.834 E113.34451
G1 X211.743 Y227.797 E113.34807
G1 X211.624 Y227.692 E113.3518
G1 X211.593 Y227.594 E113.35421
G1 X211.63 Y227.487 E113.35687
G1 X211.858 Y227.272 E113.36424
G1 F1784.3 X211.95 Y226.984 E113.37112
G1 F1845.1 X211.929 Y226.91 E113.37281
G1 X211.976 Y226.784 E113.37577
G1 F1841.8 X212.118 Y226.647 E113.38012
G1 F1868.6 X212.29 Y226.553 E113.38437
G1 F1806.2 X212.363 Y226.199 E113.3925
G1 F1721.5 X212.306 Y226.054 E113.39617
G1 X212.336 Y225.966 E113.39836
G1 F1715.7 X212.556 Y225.762 E113.40546
G1 F1701.5 X212.7 Y225.403 E113.41469
G1 F1693.1 X212.661 Y225.284 E113.41769
G1 X212.698 Y225.179 E113.42036
G1 F1668.4 X212.835 Y225.045 E113.42502
G1 F1663 X212.907 Y224.71 E113.43339
G1 F1733.1 X213.075 Y224.515 E113.43941
G1 F1724.4 X213.024 Y224.109 E113.44905
G1 F1690.3 X212.769 Y223.912 E113.45678
G1 F1803 X212.522 Y223.872 E113.46242
G1 F1913.8 X212.39 Y223.759 E113.4661
G1 F1931.8 X212.369 Y223.694 E113.46754
G1 F1917.4 X212.141 Y223.507 E113.47378
G1 F1889.2 X211.932 Y223.532 E113.4783
G1 F1885.7 X211.762 Y223.492 E113.48206
G1 F1924.6 X211.625 Y223.383 E113.48575
G1 F1953.9 X211.603 Y223.313 E113.48728
G1 F1942.8 X211.369 Y223.126 E113.49354
G1 F1906.7 X211.002 Y223.082 E113.50141
G1 F1882.3 X210.87 Y222.965 E113.50521
G1 X210.836 Y222.858 E113.50763
G1 X210.88 Y222.737 E113.51041
G1 X211 Y222.621 E113.51401
G1 F1878.8 X211.238 Y222.566 E113.51928
G1 F1903.2 X211.51 Y222.617 E113.52519
G1 F1942.8 X211.887 Y222.969 E113.53596
G1 F1913.8 X212.092 Y222.951 E113.54033
G1 F1889.2 X212.296 Y222.99 E113.54479
G1 F2700 E112.24479
G0 F15000 X213.557 Y228.403
G0 X216.363 Y228.403
G0 X216.752 Y225.418
G1 F2700 E113.54479
G1 F1868.6 X216.538 Y225.461 E113.54953
G1 F1913.8 X216.296 Y225.38 E113.55494
G1 X216.296 Y225.034 E113.56228
G1 X216.392 Y224.949 E113.565
G1 F1868.6 X216.786 Y224.85 E113.57383
G1 F1825.5 X216.94 Y224.882 E113.57733
G1 X217.042 Y224.979 E113.58046
G1 F1835.2 X217.072 Y225.073 E113.58264
G1 F1882.3 X217.276 Y225.257 E113.58856
G1 F1931.8 X217.659 Y225.301 E113.59666
G1 F1942.8 X217.781 Y225.451 E113.6007
G1 F1928.2 X218.014 Y225.624 E113.60681
G1 F1868.6 X218.214 Y225.621 E113.61116
G1 F1815.8 X218.412 Y225.674 E113.61574
G1 F1695.9 X218.749 Y226.022 E113.62733
G1 F1598.3 X219.008 Y226.078 E113.63406
G1 X219.114 Y226.254 E113.63928
G1 X219.081 Y226.368 E113.6423
G1 X218.916 Y226.589 E113.6493
G1 F1636.5 X218.939 Y226.792 E113.65437
G1 F1679.3 X219.025 Y226.997 E113.65974
G1 X218.997 Y227.087 E113.66202
G1 X218.902 Y227.173 E113.66512
G1 X218.557 Y227.228 E113.67356
G1 X218.379 Y227.188 E113.67797
G1 X218.263 Y227.093 E113.68159
G1 X218.232 Y226.999 E113.68399
G1 X218.375 Y226.778 E113.69035
G1 F1636.5 X218.409 Y226.577 E113.69541
G1 F1598.3 X218.368 Y226.41 E113.69977
G1 F1701.5 X218.168 Y226.196 E113.70676
G1 F1865.2 X217.876 Y226.138 E113.71324
G1 F1928.2 X217.503 Y225.828 E113.72345
G1 F1913.8 X217.118 Y225.782 E113.73167
G1 F1903.2 X216.983 Y225.672 E113.73539
G1 F1917.4 X216.961 Y225.606 E113.73686
G1 F1868.6 X216.752 Y225.418 E113.74297
G1 F2700 E112.44297
;MESH:upperLeftPad.stl
G0 F15000 X215.27 Y225.418
G0 X214.958 Y226.998
M204 S1250
;TYPE:WALL-INNER
G1 F2700 E113.74297
G1 F1557.2 X214.958 Y202.998 E114.40152
M204 S2500
G1 F2700 E113.10152
G0 F15000 X214.73 Y215
G0 X214.418 Y215
M204 S1250
;TYPE:WALL-OUTER
G1 F2700 E114.40152
G1 F2447 X214.418 Y227.538 E114.62045
G1 X215.498 Y227.538 E114.63931
G1 X215.498 Y202.458 E115.07725
G1 X214.418 Y202.458 E115.0961
G1 X214.418 Y215 E115.31511
M204 S2500
G0 F15000 X214.418 Y215.2
G1 F2700 E114.01511
;MESH:NONMESH
G0 F600 X214.418 Y215.2 Z1.9
G0 F15000 X214.73 Y215.2
G0 X214.644 Y202.684
G0 X213.545 Y202.684
G0 X211.239 Y202.572
;TIME_ELAPSED:172.603243
;LAYER:16
;note -- min layer time used
;TYPE:SUPPORT
G1 F2700 E115.31511
G1 F2207.3 X211.351 Y202.477 E115.31775
G1 X211.527 Y202.433 E115.32101
G1 F2212.2 X211.74 Y202.479 E115.32491
G1 F2217.1 X211.823 Y202.566 E115.32707
G1 X211.856 Y202.671 E115.32904
G1 X211.822 Y202.786 E115.33118
G1 X211.733 Y202.877 E115.33346
G1 X211.606 Y202.912 E115.33582
G1 F2212.2 X211.359 Y202.866 E115.34032
G1 F2207.3 X211.237 Y202.768 E115.34313
G1 X211.204 Y202.674 E115.34492
G1 X211.239 Y202.572 E115.34686
G1 F2700 E114.04686
G0 F15000 X211.318 Y204.423
G1 F2700 E115.34686
G1 F2217.1 X211.543 Y204.471 E115.35098
G1 F2183.3 X211.961 Y204.668 E115.35937
G1 F2070.8 X212.122 Y204.798 E115.36334
G1 F2058 X212.291 Y204.83 E115.36665
G1 F2146 X212.718 Y205.018 E115.37528
G1 F2092.3 X212.876 Y205.143 E115.3791
G1 F2041.3 X213.072 Y205.216 E115.38316
G1 F2012.7 X213.551 Y205.436 E115.39355
G1 F1969.3 X213.613 Y205.501 E115.39536
G1 X213.613 Y205.752 E115.40041
G1 X213.567 Y205.798 E115.40172
G1 X213.31 Y205.863 E115.40706
G1 X213.167 Y205.837 E115.40999
G1 F2012.7 X212.879 Y205.647 E115.41679
G1 F2041.3 X212.673 Y205.607 E115.42087
G1 F2092.3 X212.476 Y205.414 E115.4261
G1 F2146 X212.181 Y205.276 E115.43212
G1 F2058 X211.916 Y205.269 E115.43723
G1 F2070.8 X211.716 Y205.066 E115.44269
G1 F2222 X211.511 Y204.947 E115.44692
G1 F2262 X211.162 Y204.854 E115.45325
G1 F2217.1 X211.039 Y204.752 E115.45611
G1 X211.002 Y204.654 E115.45798
G1 X211.037 Y204.557 E115.45983
G1 X211.148 Y204.458 E115.46249
G1 X211.318 Y204.423 E115.4656
G1 F2700 E114.1656
G0 F15000 X213.557 Y201.597
G0 X216.363 Y201.597
G0 X216.719 Y205.439
G1 F2700 E115.4656
G1 F1935.1 X216.458 Y205.507 E115.47112
G1 X216.308 Y205.422 E115.47466
G1 X216.307 Y205.18 E115.47962
G1 F2083.7 X216.435 Y204.78 E115.48761
G1 F2109.9 X216.69 Y204.363 E115.4968
G1 F2088 X216.793 Y204.029 E115.50344
G1 F2146 X216.966 Y203.685 E115.51056
G1 F2041.3 X217.046 Y203.603 E115.51279
G1 F2083.7 X217.149 Y203.261 E115.51959
G1 X217.397 Y202.844 E115.52882
G1 X217.5 Y202.508 E115.53551
G1 F2127.8 X217.684 Y202.153 E115.54297
G1 F2075.1 X217.77 Y202.063 E115.54535
G1 X217.894 Y202.028 E115.54781
G1 X218.14 Y202.072 E115.55259
G1 X218.243 Y202.16 E115.55518
G1 X218.272 Y202.248 E115.55695
G1 X218.242 Y202.333 E115.55867
G1 F2083.7 X218.03 Y202.482 E115.56361
G1 F2033.1 X217.871 Y202.888 E115.57211
G1 F1984.8 X217.909 Y203.007 E115.57461
G1 X217.881 Y203.085 E115.57627
G1 F2037.2 X217.676 Y203.24 E115.58127
G1 X217.519 Y203.645 E115.58973
G1 F1984.8 X217.556 Y203.759 E115.59212
G1 X217.526 Y203.842 E115.59389
G1 F2041.3 X217.32 Y204.001 E115.59894
G1 X217.163 Y204.405 E115.60737
G1 F1984.8 X217.203 Y204.52 E115.6098
G1 X217.171 Y204.603 E115.61158
G1 F2066.5 X216.937 Y204.787 E115.61729
G1 F2202.5 X216.848 Y204.938 E115.62045
G1 F2136.9 X216.831 Y205.052 E115.62259
G1 F1984.8 X216.877 Y205.242 E115.62649
G1 F1935.1 X216.836 Y205.341 E115.62869
G1 X216.719 Y205.439 E115.63182
G1 F2700 E114.33182
G0 F15000 X216.601 Y206.773
G1 F2700 E115.63182
G1 F2008.7 X216.766 Y206.802 E115.63513
G1 F2127.8 X217.107 Y207.086 E115.6434
G1 F2169.2 X217.491 Y207.172 E115.6506
G1 F2173.9 X217.863 Y207.439 E115.65895
G1 F2169.2 X218.248 Y207.526 E115.66617
G1 F2164.5 X218.616 Y207.785 E115.67442
G1 F2217.1 X218.981 Y207.882 E115.68117
G1 F2183.3 X219.082 Y207.973 E115.68364
G1 X219.117 Y208.074 E115.68559
G1 X219.082 Y208.177 E115.68756
G1 X218.979 Y208.263 E115.69
G1 X218.725 Y208.308 E115.69469
G1 F2150.6 X218.203 Y208.08 E115.70519
G1 F2101.1 X218.047 Y207.971 E115.70879
G1 F2127.8 X217.87 Y207.928 E115.71218
G1 F2132.3 X217.291 Y207.618 E115.7244
G1 F2109.9 X216.69 Y207.379 E115.73656
G1 F2066.5 X216.547 Y207.26 E115.74013
G1 F2008.7 X216.36 Y207.201 E115.744
G1 X216.298 Y207.14 E115.74572
G1 X216.298 Y206.891 E115.75064
G1 X216.349 Y206.837 E115.75211
G1 X216.601 Y206.773 E115.75724
G1 F2700 E114.45724
G0 F15000 X216.363 Y201.597
G0 X213.557 Y201.597
G0 X213.034 Y211.271
G1 F2700 E115.75724
G1 F1725.6 X213.557 Y211.592 E115.77135
G1 F1581.6 X213.568 Y211.803 E115.77664
G1 F1708 X213.319 Y212.435 E115.79242
G1 F2016.7 X213.192 Y212.85 E115.80096
G1 F2173.9 X213.034 Y213.174 E115.80753
G1 F2083.7 X212.946 Y213.273 E115.81006
G1 F2114.4 X212.84 Y213.606 E115.81661
G1 F2118.8 X212.591 Y214.029 E115.8258
G1 X212.488 Y214.365 E115.83238
G1 F2101.1 X212.242 Y214.773 E115.84138
G1 X212.135 Y215.125 E115.84832
G1 F2083.7 X211.894 Y215.514 E115.85703
G1 F2183.3 X211.799 Y215.89 E115.86408
G1 F2197.7 X211.604 Y216.195 E115.87061
G1 F2016.7 X211.574 Y216.61 E115.8788
G1 F2041.3 X212.117 Y216.91 E115.89085
G1 F2114.4 X212.294 Y216.95 E115.89426
G1 F2164.5 X212.717 Y217.144 E115.90278
G1 F2083.7 X212.875 Y217.268 E115.90661
G1 F2033.1 X213.075 Y217.339 E115.91075
G1 F2012.7 X213.552 Y217.558 E115.92109
G1 F1973.1 X213.614 Y217.622 E115.92289
G1 X213.614 Y217.876 E115.92799
G1 X213.568 Y217.923 E115.92931
G1 X213.311 Y217.988 E115.93464
G1 F1969.3 X213.166 Y217.96 E115.93762
G1 F2008.7 X212.88 Y217.772 E115.94438
G1 F2033.1 X212.671 Y217.733 E115.94852
G1 F2083.7 X212.474 Y217.541 E115.95376
G1 F2164.5 X212.172 Y217.389 E115.95996
G1 F2114.4 X211.92 Y217.362 E115.96471
G1 F2155.2 X211.544 Y217.086 E115.9733
G1 F2127.8 X211.172 Y216.956 E115.98064
G1 F2016.7 X211.061 Y216.865 E115.98347
G1 X211.026 Y216.77 E115.98546
G1 X211.168 Y216.59 E115.98997
G1 X211.168 Y216.281 E115.99605
G1 F2012.7 X211.065 Y216.183 E115.99885
G1 X211.025 Y216.077 E116.00108
G1 X211.153 Y215.916 E116.00513
G1 X211.294 Y215.888 E116.00797
G1 F2197.7 X211.419 Y215.72 E116.01175
G1 F2272.2 X211.446 Y215.572 E116.01437
G1 F2062.3 X211.389 Y215.348 E116.01882
G1 F1984.8 X211.42 Y215.264 E116.02061
G1 X211.576 Y215.159 E116.02437
G1 F2101.1 X211.694 Y214.994 E116.0282
G1 F2109.9 X211.772 Y214.721 E116.03353
G1 F2008.7 X211.742 Y214.624 E116.03554
G1 X211.776 Y214.537 E116.03738
G1 F2062.3 X211.969 Y214.373 E116.04226
G1 F2088 X212.121 Y213.994 E116.05001
G1 F2049.6 X212.103 Y213.914 E116.0516
G1 F2037.2 X212.151 Y213.798 E116.05404
G1 F2092.3 X212.319 Y213.63 E116.05855
G1 X212.475 Y213.229 E116.06671
G1 F2033.1 X212.456 Y213.154 E116.06822
G1 X212.5 Y213.046 E116.07049
G1 F2083.7 X212.667 Y212.88 E116.07497
G1 F2173.9 X212.82 Y212.55 E116.08161
G1 F2024.9 X212.858 Y212.371 E116.0852
G1 F1853 X212.821 Y212.262 E116.08766
G1 F1702.2 X212.932 Y211.87 E116.09715
G1 F1826 X212.471 Y211.476 E116.11033
G1 F2164.5 X212.169 Y211.325 E116.11652
G1 F2118.8 X211.919 Y211.299 E116.12122
G1 F2164.5 X211.539 Y211.022 E116.12984
G1 F2241.8 X211.161 Y210.916 E116.13679
G1 F2212.2 X211.04 Y210.815 E116.13961
G1 X211.003 Y210.717 E116.14149
G1 X211.038 Y210.616 E116.14341
G1 X211.146 Y210.522 E116.14597
G1 X211.32 Y210.485 E116.14916
G1 X211.539 Y210.53 E116.15317
G1 F2141.4 X212.117 Y210.849 E116.1654
G1 F2118.8 X212.292 Y210.887 E116.16875
G1 F2164.5 X212.714 Y211.078 E116.17724
G1 F2083.7 X212.874 Y211.209 E116.18118
G1 F1953.9 X213.034 Y211.271 E116.18466
G1 F2700 E114.88466
G0 F15000 X213.557 Y201.597
G0 X216.363 Y201.597
G0 X216.689 Y213.442
G1 F2700 E116.18466
G1 F2066.5 X216.546 Y213.323 E116.18823
G1 F2008.7 X216.362 Y213.262 E116.19206
G1 X216.299 Y213.2 E116.19381
G1 X216.298 Y212.951 E116.19873
G1 X216.349 Y212.897 E116.20019
G1 X216.602 Y212.836 E116.20533
G1 X216.768 Y212.863 E116.20865
G1 F2066.5 X216.951 Y213.051 E116.21369
G1 F2155.2 X217.234 Y213.202 E116.21959
G1 F2127.8 X217.489 Y213.234 E116.22438
G1 F2155.2 X217.949 Y213.538 E116.23453
G1 F2178.6 X218.41 Y213.535 E116.24293
G1 F2000.7 X218.49 Y213.486 E116.24479
G1 F1902.1 X218.619 Y213.286 E116.24975
G1 F1905.7 X218.73 Y213.254 E116.25215
G1 X218.961 Y213.295 E116.25704
G1 X219.081 Y213.45 E116.26112
G1 F1902.1 X218.957 Y213.73 E116.2675
G1 F2000.7 X218.963 Y213.822 E116.26933
G1 F2246.8 X219.141 Y214.139 E116.27575
G1 F2391.3 X219.104 Y214.251 E116.27771
G1 X218.988 Y214.346 E116.28019
G1 X218.695 Y214.447 E116.28534
G1 X218.62 Y214.597 E116.28812
G1 F2335.6 X218.319 Y214.828 E116.29456
G1 F2127.8 X218.224 Y215.125 E116.30037
G1 F1992.7 X218.264 Y215.246 E116.30291
G1 F1988.8 X218.235 Y215.326 E116.30461
G1 F2037.2 X218.031 Y215.481 E116.3096
G1 F2033.1 X217.871 Y215.888 E116.31813
G1 F1984.8 X217.909 Y216.007 E116.32063
G1 X217.881 Y216.085 E116.32228
G1 F2037.2 X217.676 Y216.24 E116.32729
G1 X217.519 Y216.645 E116.33574
G1 F1984.8 X217.556 Y216.759 E116.33814
G1 X217.526 Y216.842 E116.3399
G1 F2041.3 X217.32 Y217.001 E116.34496
G1 X217.163 Y217.405 E116.35338
G1 F1984.8 X217.203 Y217.52 E116.35582
G1 X217.171 Y217.603 E116.35759
G1 F2066.5 X216.937 Y217.787 E116.36331
G1 F2202.5 X216.848 Y217.938 E116.36647
G1 F2136.9 X216.831 Y218.052 E116.3686
G1 F1984.8 X216.878 Y218.244 E116.37256
G1 F1935.1 X216.841 Y218.337 E116.37461
G1 F1909.4 X216.621 Y218.506 E116.38037
G1 F1849.6 X216.543 Y218.677 E116.3844
G1 F1887.8 X216.673 Y218.889 E116.38963
G1 F2066.5 X217.235 Y219.262 E116.40257
G1 F2132.3 X217.491 Y219.296 E116.40738
G1 F2173.9 X217.863 Y219.563 E116.41573
G1 F2169.2 X218.248 Y219.65 E116.42295
G1 F2164.5 X218.62 Y219.912 E116.43129
G1 F2222 X218.982 Y220.004 E116.43796
G1 F2192.9 X219.087 Y220.097 E116.4405
G1 X219.121 Y220.197 E116.44241
G1 X219.087 Y220.298 E116.44433
G1 X218.976 Y220.392 E116.44696
G1 X218.73 Y220.433 E116.45148
G1 F2155.2 X218.201 Y220.204 E116.46209
G1 F2096.7 X218.047 Y220.095 E116.46566
G1 F2127.8 X217.87 Y220.052 E116.46905
G1 F2132.3 X217.291 Y219.742 E116.48127
G1 F2109.9 X216.69 Y219.503 E116.49343
G1 F2062.3 X216.506 Y219.366 E116.49784
G1 F1996.7 X216.36 Y219.324 E116.50086
G1 X216.299 Y219.264 E116.50256
G1 X216.3 Y219.03 E116.50721
G1 F1980.9 X216.443 Y218.906 E116.511
G1 F1887.8 X216.543 Y218.677 E116.51625
G1 F1849.6 X216.44 Y218.519 E116.52029
G1 F1902.1 X216.308 Y218.412 E116.52384
G1 F1927.7 X216.307 Y218.18 E116.52861
G1 F2083.7 X216.435 Y217.78 E116.53661
G1 F2109.9 X216.69 Y217.363 E116.5458
G1 F2088 X216.793 Y217.029 E116.55244
G1 F2146 X216.966 Y216.685 E116.55955
G1 F2041.3 X217.046 Y216.603 E116.56178
G1 F2083.7 X217.149 Y216.261 E116.56858
G1 X217.397 Y215.844 E116.57782
G1 X217.501 Y215.508 E116.58451
G1 X217.752 Y215.086 E116.59386
G1 F2101.1 X217.828 Y214.855 E116.59845
G1 F2303.5 X218.067 Y214.296 E116.60892
G1 F2391.3 X218.065 Y214.155 E116.61126
G1 F2314.1 X217.998 Y214.048 E116.61342
G1 F2178.6 X217.452 Y213.792 E116.6244
G1 F2109.9 X217.289 Y213.679 E116.62813
G1 X216.689 Y213.442 E116.64026
G1 F2700 E115.34026
G0 F15000 X216.363 Y228.403
G0 X213.557 Y228.403
G0 X213.34 Y224.459
G1 F2700 E116.64026
G1 F1870.3 X213.386 Y224.312 E116.64353
G1 F1880.8 X213.61 Y224.603 E116.65127
G1 F1902.1 X213.622 Y224.835 E116.65612
G1 F1953.9 X213.393 Y225.36 E116.66774
G1 F1984.8 X213.328 Y225.429 E116.66964
G1 F2075.1 X213.216 Y225.805 E116.67714
G1 F2101.1 X212.971 Y226.212 E116.68611
G1 X212.863 Y226.565 E116.69308
G1 F2109.9 X212.614 Y226.986 E116.70227
G1 F2114.4 X212.508 Y227.32 E116.70885
G1 F2159.8 X212.34 Y227.652 E116.71568
G1 F2118.8 X212.258 Y227.734 E116.71785
G1 X212.032 Y227.792 E116.72222
G1 X211.891 Y227.76 E116.72493
G1 X211.775 Y227.666 E116.72772
G1 X211.75 Y227.585 E116.72931
G1 X211.787 Y227.487 E116.73127
G1 X211.984 Y227.336 E116.73592
G1 F2079.4 X212.142 Y226.949 E116.74389
G1 F2037.2 X212.123 Y226.87 E116.74547
G1 F2033.1 X212.168 Y226.759 E116.74781
G1 F2092.3 X212.34 Y226.586 E116.75243
G1 F2079.4 X212.503 Y226.162 E116.7611
G1 F2012.7 X212.468 Y226.056 E116.7633
G1 X212.498 Y225.976 E116.76498
G1 F2058 X212.694 Y225.816 E116.76986
G1 F2033.1 X212.865 Y225.371 E116.77916
G1 F1965.4 X212.824 Y225.26 E116.78155
G1 X212.851 Y225.185 E116.78316
G1 F1984.8 X212.987 Y225.06 E116.78685
G1 F1953.9 X213.066 Y224.858 E116.79125
G1 F1905.7 X213.046 Y224.78 E116.79293
G1 X213.086 Y224.689 E116.795
G1 F1895 X213.34 Y224.459 E116.80217
G0 F15000 X213.386 Y224.312
G1 F1856.4 X213.381 Y224.266 E116.80316
G1 F2700 E115.50316
G0 F15000 X212.291 Y223.011
G1 F2700 E116.80316
G1 F2164.5 X212.714 Y223.202 E116.81167
G1 F2092.3 X212.869 Y223.329 E116.81547
G1 F2045.5 X213.076 Y223.402 E116.81972
G1 F1992.7 X213.549 Y223.625 E116.83013
G1 F1924 X213.611 Y223.689 E116.83197
G1 X213.611 Y223.938 E116.8371
G1 F1909.4 X213.444 Y224.1 E116.84194
G1 F1873.7 X213.381 Y224.266 E116.84569
G1 X213.288 Y224.115 E116.84945
G1 F1977 X212.88 Y223.833 E116.8594
G1 F2045.5 X212.67 Y223.792 E116.86355
G1 F2092.3 X212.471 Y223.6 E116.86879
G1 F2164.5 X212.17 Y223.449 E116.87496
G1 F2118.8 X211.915 Y223.422 E116.87976
G1 F2159.8 X211.54 Y223.146 E116.88832
G1 F2241.8 X211.162 Y223.038 E116.89527
G1 F2217.1 X211.038 Y222.935 E116.89816
G1 X211 Y222.838 E116.90002
G1 X211.034 Y222.739 E116.90189
G1 X211.144 Y222.645 E116.90448
G1 X211.32 Y222.608 E116.9077
G1 X211.539 Y222.654 E116.9117
G1 F2164.5 X211.956 Y222.854 E116.92018
G1 F2092.3 X212.115 Y222.973 E116.92394
G1 F2118.8 X212.291 Y223.011 E116.92731
G1 F2700 E115.62731
G0 F15000 X213.557 Y228.403
G0 X216.363 Y228.403
G0 X216.692 Y225.565
G1 F2700 E116.92731
G1 F2066.5 X216.548 Y225.448 E116.93088
G1 F2004.6 X216.362 Y225.386 E116.93476
G1 X216.299 Y225.324 E116.9365
G1 X216.298 Y225.075 E116.94143
G1 X216.349 Y225.021 E116.9429
G1 X216.602 Y224.96 E116.94805
G1 X216.768 Y224.988 E116.95138
G1 F2127.8 X217.112 Y225.274 E116.95972
G1 F2173.9 X217.492 Y225.358 E116.96682
G1 F2127.8 X217.994 Y225.678 E116.97792
G1 X218.247 Y225.712 E116.98268
G1 F2016.7 X218.712 Y226.05 E116.99399
G1 F1938.9 X218.967 Y226.097 E116.99929
G1 F1924 X219.06 Y226.178 E117.00184
G1 X219.087 Y226.26 E117.00362
G1 X219.06 Y226.338 E117.00532
G1 X218.858 Y226.509 E117.01077
G1 F2066.5 X218.817 Y226.772 E117.01588
G1 F2118.8 X218.857 Y226.979 E117.01983
G1 F2016.7 X218.824 Y227.071 E117.02175
G1 X218.716 Y227.16 E117.0245
G1 X218.474 Y227.211 E117.02937
G1 X218.371 Y227.182 E117.03147
G1 X218.276 Y227.087 E117.03412
G1 X218.249 Y226.998 E117.03595
G1 X218.278 Y226.9 E117.03796
G1 X218.404 Y226.765 E117.04159
G1 F1969.3 X218.461 Y226.447 E117.0481
G1 F2000.7 X218.048 Y226.158 E117.05809
G1 F2127.8 X217.867 Y226.112 E117.06157
G1 X217.295 Y225.805 E117.07367
G1 F2101.1 X216.692 Y225.565 E117.08593
G1 F2700 E115.78593
;MESH:upperLeftPad.stl
G0 F15000 X215.27 Y225.565
G0 X214.958 Y226.998
M204 S1250
;TYPE:WALL-INNER
G1 F2700 E117.08593
G1 F1521.7 X214.958 Y202.998 E117.74448
M204 S2500
G1 F2700 E116.44448
G0 F15000 X214.73 Y215
G0 X214.418 Y215
M204 S1250
;TYPE:WALL-OUTER
G1 F2700 E117.74448
G1 F2391.3 X214.418 Y227.538 E117.96341
G1 X215.498 Y227.538 E117.98227
G1 X215.498 Y202.458 E118.42021
G1 X214.418 Y202.458 E118.43906
G1 X214.418 Y215 E118.65807
M204 S2500
G0 F15000 X214.418 Y215.2
G1 F2700 E117.35807
;MESH:NONMESH
G0 F600 X214.418 Y215.2 Z2
G0 F15000 X214.73 Y215.2
G0 X214.958 Y202.998
;TIME_ELAPSED:181.603508
;LAYER:17
;note -- min layer time used
M204 S1250
;TYPE:WALL-INNER
;MESH:upperLeftPad.stl
G1 F2700 E118.65807
G1 F598.1 X214.958 Y226.998 E119.31662
M204 S2500
G1 F2700 E118.01662
G0 F15000 X214.73 Y215
G0 X214.418 Y215
M204 S1250
;TYPE:WALL-OUTER
G1 F2700 E119.31662
G1 F939.9 X214.418 Y227.538 E119.53555
G1 X215.498 Y227.538 E119.55441
G1 X215.498 Y202.458 E119.99235
G1 X214.418 Y202.458 E120.0112
G1 X214.418 Y215 E120.23021
M204 S2500
G0 F15000 X214.418 Y215.2
G1 F2700 E118.93021
;MESH:NONMESH
G0 F600 X214.418 Y215.2 Z2.1
G0 F15000 X214.73 Y215.2
G0 X212.048 Y215
;TIME_ELAPSED:187.885605
;LAYER:18
;note -- min layer time used
M204 S1250
;TYPE:WALL-INNER
;MESH:upperLeftPad.stl
G1 F2700 E120.23021
G1 F5501.3 X212.046 Y226.91 E120.43817
G1 X214.307 Y226.91 E120.47766
G1 X214.533 Y227 E120.4819
G1 X214.6 Y227.118 E120.48427
G1 X215.316 Y227.118 E120.49677
G1 X215.383 Y227 E120.49914
G1 X215.627 Y226.91 E120.50369
G1 X218.089 Y226.91 E120.54668
G1 X218.085 Y202.878 E120.96631
G1 X212.05 Y202.878 E121.07169
G1 X212.048 Y215 E121.28336
M204 S2500
G0 F15000 X211.628 Y215
M204 S1250
;TYPE:WALL-OUTER
G1 F5501.3 X211.626 Y227.33 E121.49866
G1 X214.253 Y227.33 E121.54453
G1 X214.317 Y227.36 E121.54577
G1 X214.417 Y227.538 E121.54933
G1 X215.499 Y227.538 E121.56823
G1 X215.599 Y227.36 E121.57179
G1 X215.708 Y227.33 E121.57377
G1 X218.351 Y227.33 E121.61992
G1 X218.513 Y227.291 E121.62283
G1 X218.506 Y226.588 E121.6351
G1 X218.508 Y202.458 E122.05645
G1 X211.63 Y202.458 E122.17655
G1 X211.628 Y215 E122.39555
M204 S2500
G0 F15000 X211.628 Y215.2
G0 X212.444 Y215
;TYPE:SKIN
G1 F5501.3 X212.446 Y203.274 E122.60031
G1 X217.682 Y203.274 E122.69174
G1 X217.686 Y226.51 E123.09747
G1 X215.538 Y226.513 E123.13498
G1 X215.179 Y226.656 E123.14173
G1 X215.119 Y226.718 E123.14324
G1 X214.797 Y226.718 E123.14886
G1 X214.737 Y226.656 E123.15037
G1 X214.336 Y226.51 E123.15782
G1 X212.442 Y226.51 E123.19089
G1 X212.444 Y215 E123.39187
G0 F15000 X213.233 Y226.3
G1 F5501.3 X212.652 Y225.719 E123.40622
G0 F15000 X212.652 Y225.125
G1 F5501.3 X213.827 Y226.3 E123.43524
G0 F15000 X214.434 Y226.313
G1 F5501.3 X212.652 Y224.531 E123.47924
G0 F15000 X212.652 Y223.937
G1 F5501.3 X215.167 Y226.452 E123.54135
G0 F15000 X215.614 Y226.305
G1 F5501.3 X212.652 Y223.343 E123.61449
G0 F15000 X212.652 Y222.749
G1 F5501.3 X216.206 Y226.304 E123.70227
G0 F15000 X216.798 Y226.302
G1 F5501.3 X212.652 Y222.156 E123.80465
G0 F15000 X212.652 Y221.562
G1 F5501.3 X217.391 Y226.3 E123.92167
G0 F15000 X217.476 Y225.791
G1 F5501.3 X212.652 Y220.968 E124.04078
G0 F15000 X212.652 Y220.374
G1 F5501.3 X217.476 Y225.197 E124.15989
G0 F15000 X217.476 Y224.603
G1 F5501.3 X212.652 Y219.78 E124.27901
G0 F15000 X212.652 Y219.186
G1 F5501.3 X217.476 Y224.009 E124.39812
G0 F15000 X217.476 Y223.415
G1 F5501.3 X212.653 Y218.593 E124.51721
G0 F15000 X212.653 Y217.999
G1 F5501.3 X217.476 Y222.821 E124.6363
G0 F15000 X217.476 Y222.227
G1 F5501.3 X212.653 Y217.405 E124.75539
G0 F15000 X212.653 Y216.811
G1 F5501.3 X217.475 Y221.633 E124.87446
G0 F15000 X217.475 Y221.039
G1 F5501.3 X212.653 Y216.217 E124.99354
G0 F15000 X212.653 Y215.623
G1 F5501.3 X217.475 Y220.445 E125.11261
G0 F15000 X217.475 Y219.851
G1 F5501.3 X212.653 Y215.029 E125.23169
G0 F15000 X212.654 Y214.436
G1 F5501.3 X217.475 Y219.257 E125.35074
G0 F15000 X217.475 Y218.663
G1 F5501.3 X212.654 Y213.842 E125.46979
G0 F15000 X212.654 Y213.248
G1 F5501.3 X217.475 Y218.069 E125.58885
G0 F15000 X217.475 Y217.475
G1 F5501.3 X212.654 Y212.654 E125.7079
G0 F15000 X212.654 Y212.06
G1 F5501.3 X217.474 Y216.88 E125.82692
G0 F15000 X217.474 Y216.286
G1 F5501.3 X212.654 Y211.466 E125.94595
G0 F15000 X212.655 Y210.873
G1 F5501.3 X217.474 Y215.692 E126.06495
G0 F15000 X217.474 Y215.098
G1 F5501.3 X212.655 Y210.279 E126.18396
G0 F15000 X212.655 Y209.685
G1 F5501.3 X217.474 Y214.504 E126.30296
G0 F15000 X217.474 Y213.91
G1 F5501.3 X212.655 Y209.091 E126.42196
G0 F15000 X212.655 Y208.497
G1 F5501.3 X217.474 Y213.316 E126.54096
G0 F15000 X217.474 Y212.722
G1 F5501.3 X212.655 Y207.903 E126.65997
G0 F15000 X212.655 Y207.309
G1 F5501.3 X217.474 Y212.128 E126.77897
G0 F15000 X217.474 Y211.534
G1 F5501.3 X212.655 Y206.716 E126.89796
G0 F15000 X212.655 Y206.122
G1 F5501.3 X217.474 Y210.94 E127.01695
G0 F15000 X217.474 Y210.346
G1 F5501.3 X212.655 Y205.528 E127.13594
G0 F15000 X212.655 Y204.934
G1 F5501.3 X217.474 Y209.752 E127.25493
G0 F15000 X217.474 Y209.158
G1 F5501.3 X212.655 Y204.34 E127.37392
G0 F15000 X212.655 Y203.746
G1 F5501.3 X217.474 Y208.564 E127.49291
G0 F15000 X217.473 Y207.969
G1 F5501.3 X212.988 Y203.484 E127.60366
G0 F15000 X213.582 Y203.484
G1 F5501.3 X217.473 Y207.375 E127.69975
G0 F15000 X217.473 Y206.781
G1 F5501.3 X214.176 Y203.484 E127.78116
G0 F15000 X214.77 Y203.484
G1 F5501.3 X217.473 Y206.187 E127.84791
G0 F15000 X217.473 Y205.593
G1 F5501.3 X215.364 Y203.484 E127.89999
G0 F15000 X215.957 Y203.484
G1 F5501.3 X217.473 Y204.999 E127.93742
G0 F15000 X217.473 Y204.405
G1 F5501.3 X216.551 Y203.484 E127.96017
G0 F15000 X217.145 Y203.484
G1 F5501.3 X217.473 Y203.812 E127.96827
G1 F2700 E126.66827
;MESH:NONMESH
G0 F600 X217.473 Y203.812 Z2.2
G0 F15000 X212.339 Y215.001
G0 X211.929 Y215
;TIME_ELAPSED:196.923292
;LAYER:19
;note -- min layer time used
M204 S1250
;TYPE:WALL-INNER
;MESH:upperLeftPad.stl
G1 F2700 E127.96827
G1 F5915.6 X211.93 Y227.022 E128.1782
G1 X214.347 Y227.026 E128.2204
G1 X214.418 Y227.118 E128.22243
G1 X215.498 Y227.118 E128.24129
G1 X215.569 Y227.026 E128.24332
G1 X218.154 Y227.03 E128.28846
G1 X218.15 Y202.878 E128.71019
G1 X211.927 Y202.878 E128.81885
G1 X211.929 Y215 E129.03052
M204 S2500
G1 F2700 E127.73052
G0 F15000 X212.221 Y215
G0 X217.894 Y226.773
G0 X218.487 Y227.382
M204 S1250
;TYPE:WALL-OUTER
G1 F2700 E129.03052
G1 F5915.6 X218.574 Y227.33 E129.03229
G1 X218.57 Y202.458 E129.4666
G1 X211.507 Y202.458 E129.58993
G1 X211.509 Y215 E129.80893
G1 X211.51 Y227.361 E130.02477
G1 X211.601 Y227.442 E130.0269
G1 X214.259 Y227.452 E130.07331
G1 X214.326 Y227.538 E130.07522
G1 X215.59 Y227.538 E130.09729
G1 X215.657 Y227.452 E130.09919
G1 X218.04 Y227.45 E130.1408
G1 X218.487 Y227.382 E130.1487
M204 S2500
G0 F15000 X218.574 Y227.33
G0 X218.574 Y227.231
G1 F2700 E128.8487
G0 F15000 X217.894 Y226.773
G0 X212.326 Y215
;TYPE:SKIN
G1 F2700 E130.1487
G1 F5915.6 X212.326 Y203.274 E130.35345
G1 X217.75 Y203.274 E130.44816
G1 X217.754 Y226.629 E130.85598
G1 X215.479 Y226.626 E130.8957
G1 X215.357 Y226.718 E130.89837
G1 X214.555 Y226.718 E130.91238
G1 X214.433 Y226.626 E130.91504
G1 X212.326 Y226.622 E130.95184
G1 X212.326 Y215 E131.15477
G0 F15000 X212.536 Y203.836
G1 F5915.6 X212.889 Y203.484 E131.16348
G0 F15000 X213.483 Y203.484
G1 F5915.6 X212.536 Y204.43 E131.18685
G0 F15000 X212.536 Y205.024
G1 F5915.6 X214.077 Y203.484 E131.22489
G0 F15000 X214.671 Y203.484
G1 F5915.6 X212.536 Y205.618 E131.2776
G0 F15000 X212.536 Y206.212
G1 F5915.6 X215.265 Y203.484 E131.34498
G0 F15000 X215.858 Y203.484
G1 F5915.6 X212.536 Y206.806 E131.42702
G0 F15000 X212.536 Y207.4
G1 F5915.6 X216.452 Y203.484 E131.52372
G0 F15000 X217.046 Y203.484
G1 F5915.6 X212.536 Y207.994 E131.63509
G0 F15000 X212.536 Y208.588
G1 F5915.6 X217.54 Y203.585 E131.75865
G0 F15000 X217.54 Y204.178
G1 F5915.6 X212.536 Y209.182 E131.88222
G0 F15000 X212.536 Y209.776
G1 F5915.6 X217.54 Y204.772 E132.00579
G0 F15000 X217.54 Y205.366
G1 F5915.6 X212.536 Y210.37 E132.12936
G0 F15000 X212.536 Y210.964
G1 F5915.6 X217.54 Y205.96 E132.25293
G0 F15000 X217.54 Y206.554
G1 F5915.6 X212.536 Y211.558 E132.3765
G0 F15000 X212.536 Y212.152
G1 F5915.6 X217.54 Y207.148 E132.50007
G0 F15000 X217.541 Y207.742
G1 F5915.6 X212.536 Y212.746 E132.62366
G0 F15000 X212.536 Y213.34
G1 F5915.6 X217.541 Y208.336 E132.74724
G0 F15000 X217.541 Y208.93
G1 F5915.6 X212.536 Y213.934 E132.87082
G0 F15000 X212.536 Y214.528
G1 F5915.6 X217.541 Y209.524 E132.99441
G0 F15000 X217.541 Y210.117
G1 F5915.6 X212.536 Y215.122 E133.118
G0 F15000 X212.536 Y215.716
G1 F5915.6 X217.541 Y210.711 E133.2416
G0 F15000 X217.541 Y211.305
G1 F5915.6 X212.536 Y216.31 E133.36519
G0 F15000 X212.536 Y216.904
G1 F5915.6 X217.541 Y211.899 E133.48879
G0 F15000 X217.541 Y212.493
G1 F5915.6 X212.536 Y217.498 E133.61238
G0 F15000 X212.536 Y218.092
G1 F5915.6 X217.541 Y213.087 E133.73598
G0 F15000 X217.541 Y213.681
G1 F5915.6 X212.536 Y218.686 E133.85957
G0 F15000 X212.536 Y219.279
G1 F5915.6 X217.541 Y214.275 E133.98316
G0 F15000 X217.541 Y214.869
G1 F5915.6 X212.536 Y219.873 E134.10674
G0 F15000 X212.536 Y220.467
G1 F5915.6 X217.542 Y215.462 E134.23035
G0 F15000 X217.542 Y216.056
G1 F5915.6 X212.536 Y221.061 E134.35396
G0 F15000 X212.536 Y221.655
G1 F5915.6 X217.542 Y216.65 E134.47756
G0 F15000 X217.542 Y217.244
G1 F5915.6 X212.536 Y222.249 E134.60117
G0 F15000 X212.536 Y222.843
G1 F5915.6 X217.542 Y217.838 E134.72478
G0 F15000 X217.542 Y218.432
G1 F5915.6 X212.536 Y223.437 E134.84839
G0 F15000 X212.536 Y224.031
G1 F5915.6 X217.543 Y219.025 E134.97202
G0 F15000 X217.543 Y219.619
G1 F5915.6 X212.536 Y224.625 E135.09565
G0 F15000 X212.536 Y225.219
G1 F5915.6 X217.543 Y220.213 E135.21928
G0 F15000 X217.543 Y220.807
G1 F5915.6 X212.536 Y225.813 E135.34292
G0 F15000 X212.536 Y226.407
G1 F5915.6 X217.543 Y221.401 E135.46655
G0 F15000 X217.543 Y221.995
G1 F5915.6 X213.124 Y226.413 E135.57566
G0 F15000 X213.717 Y226.415
G1 F5915.6 X217.543 Y222.589 E135.67014
G0 F15000 X217.544 Y223.182
G1 F5915.6 X214.309 Y226.416 E135.75002
G0 F15000 X214.811 Y226.508
G1 F5915.6 X217.544 Y223.776 E135.81749
G0 F15000 X217.544 Y224.37
G1 F5915.6 X215.497 Y226.416 E135.86803
G0 F15000 X216.09 Y226.417
G1 F5915.6 X217.544 Y224.964 E135.90392
G0 F15000 X217.544 Y225.558
G1 F5915.6 X216.684 Y226.418 E135.92516
G0 F15000 X217.276 Y226.419
G1 F5915.6 X217.544 Y226.152 E135.93177
G0 F15000 X217.543 Y226.151
G1 F2700 E134.63177
;MESH:NONMESH
G0 F600 X217.543 Y226.151 Z2.3
G0 F15000 X212.221 Y215
G0 X211.87 Y215
;TIME_ELAPSED:206.385428
;LAYER:20
;note -- min layer time used
M204 S1250
;TYPE:WALL-INNER
;MESH:upperLeftPad.stl
G1 F2700 E135.93177
G1 F5765.4 X211.87 Y227.086 E136.14281
G1 X214.294 Y227.091 E136.18513
G1 X214.317 Y227.118 E136.18575
G1 X215.6 Y227.117 E136.20816
G1 X215.623 Y227.091 E136.20876
G1 X217.166 Y227.09 E136.23571
G1 X217.67 Y227.074 E136.24451
G1 X218.15 Y227.024 E136.25294
G1 X218.153 Y202.879 E136.67455
G1 X211.871 Y202.879 E136.78424
G1 X211.87 Y215 E136.99589
M204 S2500
G0 F15000 X211.45 Y215
M204 S1250
;TYPE:WALL-OUTER
G1 F5765.4 X211.45 Y227.354 E137.21161
G1 X211.574 Y227.506 E137.21504
G1 X214.237 Y227.507 E137.26154
G1 X214.263 Y227.538 E137.26225
G1 X215.653 Y227.537 E137.28652
G1 X215.679 Y227.507 E137.28721
G1 X217.178 Y227.51 E137.31339
G1 X217.698 Y227.494 E137.32247
G1 X218.425 Y227.419 E137.33523
G1 X218.57 Y227.335 E137.33816
G1 X218.573 Y202.459 E137.77253
G1 X211.526 Y202.458 E137.89558
G1 X211.45 Y202.582 E137.89812
G1 X211.45 Y215 E138.11496
M204 S2500
G0 F15000 X211.45 Y215.2
G0 X212.268 Y215
;TYPE:SKIN
G1 F5765.4 X212.271 Y203.279 E138.31963
G1 X217.753 Y203.279 E138.41535
G1 X217.75 Y226.669 E138.82378
G1 X217.159 Y226.69 E138.83411
G1 X215.576 Y226.688 E138.86175
G1 X215.526 Y226.718 E138.86276
G1 X214.39 Y226.718 E138.8826
G1 X214.341 Y226.688 E138.8836
G1 X212.266 Y226.686 E138.91984
G1 X212.268 Y215 E139.12389
G0 F15000 X212.815 Y226.476
G1 F5765.4 X212.476 Y226.138 E139.13225
G0 F15000 X212.476 Y225.544
G1 F5765.4 X213.41 Y226.478 E139.15532
G0 F15000 X214.007 Y226.48
G1 F5765.4 X212.476 Y224.95 E139.19311
G0 F15000 X212.476 Y224.356
G1 F5765.4 X214.629 Y226.508 E139.24627
G0 F15000 X215.223 Y226.508
G1 F5765.4 X212.476 Y223.762 E139.31409
G0 F15000 X212.476 Y223.168
G1 F5765.4 X215.788 Y226.48 E139.39588
G0 F15000 X216.382 Y226.48
G1 F5765.4 X212.477 Y222.575 E139.49231
G0 F15000 X212.477 Y221.981
G1 F5765.4 X216.976 Y226.48 E139.60341
G0 F15000 X217.541 Y226.45
G1 F5765.4 X212.477 Y221.387 E139.72845
G0 F15000 X212.477 Y220.793
G1 F5765.4 X217.541 Y225.856 E139.85349
G0 F15000 X217.541 Y225.262
G1 F5765.4 X212.477 Y220.199 E139.97853
G0 F15000 X212.477 Y219.605
G1 F5765.4 X217.541 Y224.668 E140.10357
G0 F15000 X217.541 Y224.074
G1 F5765.4 X212.477 Y219.011 E140.22861
G0 F15000 X212.478 Y218.418
G1 F5765.4 X217.541 Y223.48 E140.35362
G0 F15000 X217.541 Y222.886
G1 F5765.4 X212.478 Y217.824 E140.47864
G0 F15000 X212.478 Y217.23
G1 F5765.4 X217.541 Y222.292 E140.60366
G0 F15000 X217.541 Y221.699
G1 F5765.4 X212.478 Y216.636 E140.72868
G0 F15000 X212.478 Y216.042
G1 F5765.4 X217.541 Y221.105 E140.85371
G0 F15000 X217.541 Y220.511
G1 F5765.4 X212.478 Y215.448 E140.97874
G0 F15000 X212.479 Y214.854
G1 F5765.4 X217.541 Y219.917 E141.10375
G0 F15000 X217.541 Y219.323
G1 F5765.4 X212.479 Y214.26 E141.22877
G0 F15000 X212.479 Y213.666
G1 F5765.4 X217.541 Y218.729 E141.35378
G0 F15000 X217.541 Y218.135
G1 F5765.4 X212.479 Y213.072 E141.4788
G0 F15000 X212.479 Y212.479
G1 F5765.4 X217.541 Y217.541 E141.6038
G0 F15000 X217.542 Y216.948
G1 F5765.4 X212.479 Y211.885 E141.72883
G0 F15000 X212.479 Y211.291
G1 F5765.4 X217.542 Y216.354 E141.85386
G0 F15000 X217.542 Y215.76
G1 F5765.4 X212.479 Y210.697 E141.97889
G0 F15000 X212.479 Y210.103
G1 F5765.4 X217.542 Y215.166 E142.10391
G0 F15000 X217.542 Y214.572
G1 F5765.4 X212.479 Y209.509 E142.22894
G0 F15000 X212.479 Y208.915
G1 F5765.4 X217.542 Y213.978 E142.35397
G0 F15000 X217.542 Y213.384
G1 F5765.4 X212.479 Y208.321 E142.479
G0 F15000 X212.479 Y207.727
G1 F5765.4 X217.542 Y212.79 E142.60402
G0 F15000 X217.543 Y212.197
G1 F5765.4 X212.48 Y207.134 E142.72905
G0 F15000 X212.48 Y206.54
G1 F5765.4 X217.543 Y211.603 E142.85408
G0 F15000 X217.543 Y211.009
G1 F5765.4 X212.48 Y205.946 E142.97911
G0 F15000 X212.48 Y205.352
G1 F5765.4 X217.543 Y210.415 E143.10414
G0 F15000 X217.543 Y209.821
G1 F5765.4 X212.48 Y204.758 E143.22916
G0 F15000 X212.48 Y204.164
G1 F5765.4 X217.543 Y209.227 E143.35419
G0 F15000 X217.543 Y208.633
G1 F5765.4 X212.48 Y203.57 E143.47922
G0 F15000 X212.993 Y203.489
G1 F5765.4 X217.544 Y208.04 E143.5916
G0 F15000 X217.544 Y207.446
G1 F5765.4 X213.587 Y203.489 E143.68932
G0 F15000 X214.181 Y203.489
G1 F5765.4 X217.544 Y206.852 E143.77237
G0 F15000 X217.544 Y206.258
G1 F5765.4 X214.774 Y203.489 E143.84076
G0 F15000 X215.368 Y203.489
G1 F5765.4 X217.544 Y205.664 E143.89448
G0 F15000 X217.544 Y205.07
G1 F5765.4 X215.962 Y203.489 E143.93353
G0 F15000 X216.556 Y203.489
G1 F5765.4 X217.544 Y204.476 E143.95792
G0 F15000 X217.544 Y203.882
G1 F5765.4 X217.15 Y203.489 E143.96764
G0 F15000 X217.15 Y203.49
G1 F2700 E142.66764
;MESH:NONMESH
G0 F600 X217.15 Y203.49 Z2.4
G0 F15000 X212.161 Y215.001
G0 X211.849 Y215
;TIME_ELAPSED:215.520469
;LAYER:21
;note -- min layer time used
M204 S1250
;TYPE:WALL-INNER
;MESH:upperLeftPad.stl
G1 F2700 E143.96764
G1 F5732.3 X211.85 Y227.11 E144.1791
G1 X216.677 Y227.114 E144.26338
G1 X217.474 Y227.076 E144.27732
G1 X218.09 Y226.983 E144.28819
G1 X218.086 Y202.913 E144.70849
G1 X217.822 Y202.878 E144.71314
G1 X211.847 Y202.878 E144.81748
G1 X211.849 Y215 E145.02915
M204 S2500
G0 F15000 X211.428 Y215
M204 S1250
;TYPE:WALL-OUTER
G1 F5732.3 X211.43 Y227.368 E145.24511
G1 X211.482 Y227.468 E145.24708
G1 X211.589 Y227.53 E145.24924
G1 X216.687 Y227.534 E145.33826
G1 X217.515 Y227.494 E145.35273
G1 X218.352 Y227.369 E145.36751
G1 X218.51 Y227.291 E145.37059
G1 X218.508 Y202.546 E145.80267
G1 X217.85 Y202.458 E145.81427
G1 X211.589 Y202.458 E145.92359
G1 X211.527 Y202.5 E145.9249
G1 X211.426 Y202.695 E145.92873
G1 X211.428 Y215 E146.1436
M204 S2500
G0 F15000 X211.428 Y215.2
G0 X212.246 Y215
;TYPE:SKIN
G1 F5732.3 X212.246 Y203.274 E146.34835
G1 X217.686 Y203.274 E146.44334
G1 X217.69 Y226.661 E146.85172
G1 X216.658 Y226.714 E146.86976
G1 X212.246 Y226.71 E146.9468
G1 X212.246 Y215 E147.15128
G0 F15000 X212.456 Y203.917
G1 F5732.3 X212.889 Y203.484 E147.16197
G0 F15000 X213.483 Y203.484
G1 F5732.3 X212.456 Y204.511 E147.18733
G0 F15000 X212.456 Y205.105
G1 F5732.3 X214.077 Y203.484 E147.22736
G0 F15000 X214.671 Y203.484
G1 F5732.3 X212.456 Y205.699 E147.28206
G0 F15000 X212.456 Y206.293
G1 F5732.3 X215.265 Y203.484 E147.35143
G0 F15000 X215.858 Y203.484
G1 F5732.3 X212.456 Y206.887 E147.43545
G0 F15000 X212.456 Y207.481
G1 F5732.3 X216.452 Y203.484 E147.53414
G0 F15000 X217.046 Y203.484
G1 F5732.3 X212.456 Y208.075 E147.6475
G0 F15000 X212.456 Y208.669
G1 F5732.3 X217.476 Y203.648 E147.77148
G0 F15000 X217.476 Y204.242
G1 F5732.3 X212.456 Y209.263 E147.89546
G0 F15000 X212.456 Y209.857
G1 F5732.3 X217.476 Y204.836 E148.01943
G0 F15000 X217.476 Y205.43
G1 F5732.3 X212.456 Y210.451 E148.14341
G0 F15000 X212.456 Y211.045
G1 F5732.3 X217.476 Y206.024 E148.26739
G0 F15000 X217.476 Y206.618
G1 F5732.3 X212.456 Y211.638 E148.39136
G0 F15000 X212.456 Y212.232
G1 F5732.3 X217.476 Y207.212 E148.51532
G0 F15000 X217.476 Y207.806
G1 F5732.3 X212.456 Y212.826 E148.63929
G0 F15000 X212.456 Y213.42
G1 F5732.3 X217.477 Y208.399 E148.76328
G0 F15000 X217.477 Y208.993
G1 F5732.3 X212.456 Y214.014 E148.88727
G0 F15000 X212.456 Y214.608
G1 F5732.3 X217.477 Y209.587 E149.01126
G0 F15000 X217.477 Y210.181
G1 F5732.3 X212.456 Y215.202 E149.13525
G0 F15000 X212.456 Y215.796
G1 F5732.3 X217.477 Y210.775 E149.25924
G0 F15000 X217.477 Y211.369
G1 F5732.3 X212.456 Y216.39 E149.38323
G0 F15000 X212.456 Y216.984
G1 F5732.3 X217.477 Y211.963 E149.50722
G0 F15000 X217.477 Y212.557
G1 F5732.3 X212.456 Y217.578 E149.63121
G0 F15000 X212.456 Y218.172
G1 F5732.3 X217.478 Y213.15 E149.75523
G0 F15000 X217.478 Y213.744
G1 F5732.3 X212.456 Y218.766 E149.87924
G0 F15000 X212.456 Y219.36
G1 F5732.3 X217.478 Y214.338 E150.00326
G0 F15000 X217.478 Y214.932
G1 F5732.3 X212.456 Y219.954 E150.12727
G0 F15000 X212.456 Y220.548
G1 F5732.3 X217.478 Y215.526 E150.25129
G0 F15000 X217.478 Y216.12
G1 F5732.3 X212.456 Y221.142 E150.3753
G0 F15000 X212.456 Y221.736
G1 F5732.3 X217.478 Y216.714 E150.49932
G0 F15000 X217.478 Y217.307
G1 F5732.3 X212.456 Y222.33 E150.62335
G0 F15000 X212.456 Y222.924
G1 F5732.3 X217.478 Y217.901 E150.74737
G0 F15000 X217.478 Y218.495
G1 F5732.3 X212.456 Y223.518 E150.8714
G0 F15000 X212.456 Y224.112
G1 F5732.3 X217.478 Y219.089 E150.99543
G0 F15000 X217.478 Y219.683
G1 F5732.3 X212.456 Y224.706 E151.11946
G0 F15000 X212.456 Y225.3
G1 F5732.3 X217.478 Y220.277 E151.24348
G0 F15000 X217.478 Y220.871
G1 F5732.3 X212.456 Y225.894 E151.36751
G0 F15000 X212.456 Y226.488
G1 F5732.3 X217.478 Y221.465 E151.49154
G0 F15000 X217.479 Y222.058
G1 F5732.3 X213.036 Y226.501 E151.60126
G0 F15000 X213.63 Y226.502
G1 F5732.3 X217.479 Y222.652 E151.69632
G0 F15000 X217.479 Y223.246
G1 F5732.3 X214.223 Y226.503 E151.77673
G0 F15000 X214.817 Y226.503
G1 F5732.3 X217.479 Y223.84 E151.84248
G0 F15000 X217.479 Y224.434
G1 F5732.3 X215.41 Y226.503 E151.89358
G0 F15000 X216.003 Y226.504
G1 F5732.3 X217.479 Y225.028 E151.93002
G0 F15000 X217.479 Y225.622
G1 F5732.3 X216.597 Y226.504 E151.95181
G0 F15000 X217.225 Y226.471
G1 F5732.3 X217.479 Y226.216 E151.95809
G1 F2700 E150.65809
;MESH:NONMESH
G0 F600 X217.479 Y226.216 Z2.5
G0 F15000 X212.14 Y215
G0 X211.838 Y215
;TIME_ELAPSED:224.405172
;LAYER:22
;note -- min layer time used
M204 S1250
;TYPE:WALL-INNER
;MESH:upperLeftPad.stl
G1 F2700 E151.95809
G1 F5421.9 X211.838 Y227.118 E152.16969
G1 X216.151 Y227.117 E152.245
G1 X216.845 Y227.087 E152.25713
G1 X217.678 Y226.973 E152.27181
G1 X217.678 Y202.946 E152.69136
G1 X216.809 Y202.886 E152.70657
G1 X211.839 Y202.88 E152.79336
G1 X211.838 Y215 E153.00499
M204 S2500
G0 F15000 X211.419 Y215
M204 S1250
;TYPE:WALL-OUTER
G1 F5421.9 X211.418 Y227.376 E153.22109
G1 X211.518 Y227.505 E153.22394
G1 X211.634 Y227.538 E153.22605
G1 X216.168 Y227.537 E153.30522
G1 X216.881 Y227.506 E153.31768
G1 X217.754 Y227.39 E153.33306
G1 X218.098 Y227.269 E153.33943
G1 X218.098 Y202.655 E153.76923
G1 X217.614 Y202.521 E153.778
G1 X216.824 Y202.466 E153.79182
G1 X211.648 Y202.459 E153.88221
G1 X211.514 Y202.542 E153.88496
G1 X211.419 Y202.715 E153.8884
G1 X211.419 Y215 E154.10292
M204 S2500
G0 F15000 X211.419 Y215.2
G0 X212.236 Y215
;TYPE:SKIN
G1 F5421.9 X212.238 Y203.279 E154.30759
G1 X216.784 Y203.282 E154.38697
G1 X217.278 Y203.317 E154.39561
G1 X217.278 Y226.623 E154.80257
G1 X216.801 Y226.686 E154.81098
G1 X216.157 Y226.717 E154.82223
G1 X212.234 Y226.718 E154.89074
G1 X212.236 Y215 E155.09535
G0 F15000 X212.846 Y226.508
G1 F5421.9 X212.444 Y226.105 E155.10529
G0 F15000 X212.444 Y225.511
G1 F5421.9 X213.44 Y226.508 E155.1299
G0 F15000 X214.034 Y226.508
G1 F5421.9 X212.444 Y224.917 E155.16917
G0 F15000 X212.444 Y224.323
G1 F5421.9 X214.628 Y226.508 E155.22312
G0 F15000 X215.222 Y226.508
G1 F5421.9 X212.444 Y223.729 E155.29173
G0 F15000 X212.444 Y223.135
G1 F5421.9 X215.816 Y226.508 E155.37501
G0 F15000 X216.397 Y226.495
G1 F5421.9 X212.445 Y222.542 E155.47262
G0 F15000 X212.445 Y221.948
G1 F5421.9 X216.964 Y226.468 E155.58423
G0 F15000 X217.068 Y225.978
G1 F5421.9 X212.445 Y221.354 E155.6984
G0 F15000 X212.445 Y220.76
G1 F5421.9 X217.068 Y225.384 E155.81257
G0 F15000 X217.068 Y224.79
G1 F5421.9 X212.445 Y220.166 E155.92675
G0 F15000 X212.445 Y219.572
G1 F5421.9 X217.068 Y224.196 E156.04092
G0 F15000 X217.068 Y223.602
G1 F5421.9 X212.445 Y218.978 E156.1551
G0 F15000 X212.445 Y218.385
G1 F5421.9 X217.068 Y223.008 E156.26926
G0 F15000 X217.068 Y222.414
G1 F5421.9 X212.445 Y217.791 E156.38342
G0 F15000 X212.445 Y217.197
G1 F5421.9 X217.068 Y221.82 E156.49758
G0 F15000 X217.068 Y221.226
G1 F5421.9 X212.445 Y216.603 E156.61175
G0 F15000 X212.445 Y216.009
G1 F5421.9 X217.068 Y220.632 E156.72591
G0 F15000 X217.068 Y220.038
G1 F5421.9 X212.445 Y215.415 E156.84007
G0 F15000 X212.446 Y214.822
G1 F5421.9 X217.068 Y219.444 E156.95421
G0 F15000 X217.068 Y218.85
G1 F5421.9 X212.446 Y214.228 E157.06835
G0 F15000 X212.446 Y213.634
G1 F5421.9 X217.068 Y218.256 E157.18248
G0 F15000 X217.068 Y217.662
G1 F5421.9 X212.446 Y213.04 E157.29662
G0 F15000 X212.446 Y212.446
G1 F5421.9 X217.068 Y217.068 E157.41076
G0 F15000 X217.068 Y216.474
G1 F5421.9 X212.446 Y211.852 E157.5249
G0 F15000 X212.446 Y211.258
G1 F5421.9 X217.068 Y215.88 E157.63903
G0 F15000 X217.068 Y215.286
G1 F5421.9 X212.447 Y210.665 E157.75315
G0 F15000 X212.447 Y210.071
G1 F5421.9 X217.068 Y214.692 E157.86726
G0 F15000 X217.068 Y214.098
G1 F5421.9 X212.447 Y209.477 E157.98137
G0 F15000 X212.447 Y208.883
G1 F5421.9 X217.068 Y213.505 E158.0955
G0 F15000 X217.068 Y212.911
G1 F5421.9 X212.447 Y208.289 E158.20962
G0 F15000 X212.447 Y207.695
G1 F5421.9 X217.068 Y212.317 E158.32375
G0 F15000 X217.068 Y211.723
G1 F5421.9 X212.447 Y207.102 E158.43786
G0 F15000 X212.447 Y206.508
G1 F5421.9 X217.068 Y211.129 E158.55197
G0 F15000 X217.068 Y210.535
G1 F5421.9 X212.447 Y205.914 E158.66609
G0 F15000 X212.447 Y205.32
G1 F5421.9 X217.068 Y209.941 E158.7802
G0 F15000 X217.068 Y209.347
G1 F5421.9 X212.447 Y204.726 E158.89431
G0 F15000 X212.447 Y204.132
G1 F5421.9 X217.068 Y208.753 E159.00842
G0 F15000 X217.068 Y208.159
G1 F5421.9 X212.447 Y203.538 E159.12254
G0 F15000 X212.993 Y203.49
G1 F5421.9 X217.068 Y207.565 E159.22317
G0 F15000 X217.068 Y206.971
G1 F5421.9 X213.587 Y203.49 E159.30913
G0 F15000 X214.182 Y203.49
G1 F5421.9 X217.068 Y206.377 E159.38041
G0 F15000 X217.068 Y205.783
G1 F5421.9 X214.777 Y203.491 E159.43699
G0 F15000 X215.371 Y203.491
G1 F5421.9 X217.068 Y205.189 E159.47891
G0 F15000 X217.068 Y204.595
G1 F5421.9 X215.965 Y203.492 E159.50615
G0 F15000 X216.559 Y203.492
G1 F5421.9 X217.068 Y204.001 E159.51872
G1 F2700 E158.21872
;MESH:NONMESH
G0 F600 X217.068 Y204.001 Z2.6
G0 F15000 X212.13 Y215
G0 X211.838 Y215
;TIME_ELAPSED:233.115552
;LAYER:23
;note -- min layer time used
M204 S1250
;TYPE:WALL-INNER
;MESH:upperLeftPad.stl
G1 F2700 E159.51872
G1 F4964.2 X211.838 Y227.118 E159.73032
G1 X215.947 Y227.118 E159.80207
G1 X216.547 Y227.07 E159.81258
G1 X217.086 Y226.981 E159.82212
G1 X217.086 Y203.011 E160.24067
G1 X216.77 Y202.955 E160.24628
G1 X216.24 Y202.918 E160.25555
G1 X215.699 Y202.902 E160.26501
G1 X211.838 Y202.905 E160.33242
G1 X211.838 Y215 E160.54362
M204 S2500
G0 F15000 X211.418 Y215
M204 S1250
;TYPE:WALL-OUTER
G1 F4964.2 X211.418 Y227.377 E160.75974
G1 X211.543 Y227.538 E160.7633
G1 X215.963 Y227.538 E160.84048
G1 X216.598 Y227.487 E160.85161
G1 X217.204 Y227.387 E160.86233
G1 X217.506 Y227.282 E160.86791
G1 X217.506 Y202.658 E161.29789
G1 X216.822 Y202.537 E161.31002
G1 X216.261 Y202.498 E161.31984
G1 X215.699 Y202.482 E161.32965
G1 X211.665 Y202.486 E161.40009
G1 X211.515 Y202.58 E161.40319
G1 X211.418 Y202.761 E161.40677
G1 X211.418 Y215 E161.62048
M204 S2500
G0 F15000 X211.418 Y215.2
G0 X212.234 Y215
;TYPE:SKIN
G1 F4964.2 X212.234 Y203.302 E161.82475
G1 X215.674 Y203.298 E161.88482
G1 X216.686 Y203.329 E161.9025
G1 X216.686 Y226.659 E162.30987
G1 X215.943 Y226.718 E162.32289
G1 X212.234 Y226.718 E162.38765
G1 X212.234 Y215 E162.59227
G0 F15000 X212.444 Y203.929
G1 F4964.2 X212.862 Y203.511 E162.60259
G0 F15000 X213.456 Y203.51
G1 F4964.2 X212.444 Y204.523 E162.62759
G0 F15000 X212.444 Y205.117
G1 F4964.2 X214.051 Y203.51 E162.66728
G0 F15000 X214.646 Y203.509
G1 F4964.2 X212.444 Y205.711 E162.72166
G0 F15000 X212.444 Y206.305
G1 F4964.2 X215.24 Y203.508 E162.79071
G0 F15000 X215.83 Y203.512
G1 F4964.2 X212.444 Y206.899 E162.87434
G0 F15000 X212.444 Y207.493
G1 F4964.2 X216.406 Y203.53 E162.97219
G0 F15000 X216.476 Y204.055
G1 F4964.2 X212.444 Y208.087 E163.07176
G0 F15000 X212.444 Y208.681
G1 F4964.2 X216.476 Y204.649 E163.17133
G0 F15000 X216.476 Y205.243
G1 F4964.2 X212.444 Y209.275 E163.2709
G0 F15000 X212.444 Y209.869
G1 F4964.2 X216.476 Y205.837 E163.37046
G0 F15000 X216.476 Y206.431
G1 F4964.2 X212.444 Y210.463 E163.47003
G0 F15000 X212.444 Y211.057
G1 F4964.2 X216.476 Y207.025 E163.5696
G0 F15000 X216.476 Y207.619
G1 F4964.2 X212.444 Y211.65 E163.66915
G0 F15000 X212.444 Y212.244
G1 F4964.2 X216.476 Y208.213 E163.76871
G0 F15000 X216.476 Y208.807
G1 F4964.2 X212.444 Y212.838 E163.86827
G0 F15000 X212.444 Y213.432
G1 F4964.2 X216.476 Y209.4 E163.96783
G0 F15000 X216.476 Y209.994
G1 F4964.2 X212.444 Y214.026 E164.0674
G0 F15000 X212.444 Y214.62
G1 F4964.2 X216.476 Y210.588 E164.16697
G0 F15000 X216.476 Y211.182
G1 F4964.2 X212.444 Y215.214 E164.26654
G0 F15000 X212.444 Y215.808
G1 F4964.2 X216.476 Y211.776 E164.3661
G0 F15000 X216.476 Y212.37
G1 F4964.2 X212.444 Y216.402 E164.46567
G0 F15000 X212.444 Y216.996
G1 F4964.2 X216.476 Y212.964 E164.56524
G0 F15000 X216.476 Y213.558
G1 F4964.2 X212.444 Y217.59 E164.66481
G0 F15000 X212.444 Y218.184
G1 F4964.2 X216.476 Y214.152 E164.76438
G0 F15000 X216.476 Y214.746
G1 F4964.2 X212.444 Y218.778 E164.86394
G0 F15000 X212.444 Y219.372
G1 F4964.2 X216.476 Y215.34 E164.96351
G0 F15000 X216.476 Y215.934
G1 F4964.2 X212.444 Y219.966 E165.06308
G0 F15000 X212.444 Y220.56
G1 F4964.2 X216.476 Y216.528 E165.16265
G0 F15000 X216.476 Y217.122
G1 F4964.2 X212.444 Y221.154 E165.26221
G0 F15000 X212.444 Y221.748
G1 F4964.2 X216.476 Y217.716 E165.36178
G0 F15000 X216.476 Y218.31
G1 F4964.2 X212.444 Y222.342 E165.46135
G0 F15000 X212.444 Y222.936
G1 F4964.2 X216.476 Y218.904 E165.56092
G0 F15000 X216.476 Y219.498
G1 F4964.2 X212.444 Y223.53 E165.66049
G0 F15000 X212.444 Y224.124
G1 F4964.2 X216.476 Y220.092 E165.76005
G0 F15000 X216.476 Y220.686
G1 F4964.2 X212.444 Y224.718 E165.85962
G0 F15000 X212.444 Y225.312
G1 F4964.2 X216.476 Y221.28 E165.95919
G0 F15000 X216.476 Y221.874
G1 F4964.2 X212.444 Y225.906 E166.05876
G0 F15000 X212.444 Y226.5
G1 F4964.2 X216.476 Y222.468 E166.15832
G0 F15000 X216.476 Y223.062
G1 F4964.2 X213.029 Y226.508 E166.24343
G0 F15000 X213.623 Y226.508
G1 F4964.2 X216.476 Y223.656 E166.31387
G0 F15000 X216.476 Y224.25
G1 F4964.2 X214.217 Y226.508 E166.36965
G0 F15000 X214.811 Y226.508
G1 F4964.2 X216.476 Y224.844 E166.41075
G0 F15000 X216.476 Y225.438
G1 F4964.2 X215.405 Y226.508 E166.43719
G0 F15000 X216.006 Y226.502
G1 F4964.2 X216.476 Y226.032 E166.44879
G1 F2700 E165.14879
;MESH:NONMESH
G0 F600 X216.476 Y226.032 Z2.7
G0 F15000 X212.13 Y215
G0 X211.839 Y215
;TIME_ELAPSED:241.577600
;LAYER:24
;note -- min layer time used
M204 S1250
;TYPE:WALL-INNER
;MESH:upperLeftPad.stl
G1 F2700 E166.44879
G1 F4540.7 X211.838 Y227.118 E166.66039
G1 X215.288 Y227.118 E166.72063
G1 X215.919 Y227.087 E166.73167
G1 X216.542 Y226.978 E166.74271
G1 X216.542 Y203.041 E167.16069
G1 X215.921 Y202.942 E167.17167
G1 X211.839 Y202.94 E167.24295
G1 X211.839 Y215 E167.45353
M204 S2500
G0 F15000 X211.419 Y215
M204 S1250
;TYPE:WALL-OUTER
G1 F4540.7 X211.418 Y227.376 E167.66964
G1 X211.544 Y227.538 E167.67322
G1 X215.298 Y227.538 E167.73877
G1 X216.233 Y227.493 E167.75512
G1 X216.962 Y227.302 E167.76828
G1 X216.962 Y202.742 E168.19713
G1 X216.762 Y202.651 E168.20097
G1 X215.955 Y202.522 E168.21524
G1 X211.667 Y202.519 E168.29011
G1 X211.515 Y202.61 E168.29321
G1 X211.419 Y202.793 E168.29682
G1 X211.419 Y215 E168.50997
M204 S2500
G0 F15000 X211.419 Y215.2
G0 X212.236 Y215
;TYPE:SKIN
G1 F4540.7 X212.238 Y203.338 E168.71361
G1 X215.887 Y203.338 E168.77732
G1 X216.142 Y203.379 E168.78183
G1 X216.142 Y226.676 E169.18864
G1 X215.291 Y226.717 E169.20351
G1 X212.234 Y226.718 E169.25689
G1 X212.236 Y215 E169.46151
G0 F15000 X212.846 Y226.508
G1 F4540.7 X212.444 Y226.105 E169.47145
G0 F15000 X212.444 Y225.511
G1 F4540.7 X213.44 Y226.508 E169.49605
G0 F15000 X214.033 Y226.507
G1 F4540.7 X212.444 Y224.917 E169.53531
G0 F15000 X212.444 Y224.323
G1 F4540.7 X214.627 Y226.507 E169.58923
G0 F15000 X215.221 Y226.507
G1 F4540.7 X212.444 Y223.729 E169.65782
G0 F15000 X212.444 Y223.135
G1 F4540.7 X215.786 Y226.477 E169.74034
G0 F15000 X215.932 Y226.03
G1 F4540.7 X212.445 Y222.542 E169.82647
G0 F15000 X212.445 Y221.948
G1 F4540.7 X215.932 Y225.436 E169.91259
G0 F15000 X215.932 Y224.842
G1 F4540.7 X212.445 Y221.354 E169.99871
G0 F15000 X212.445 Y220.76
G1 F4540.7 X215.932 Y224.248 E170.08483
G0 F15000 X215.932 Y223.654
G1 F4540.7 X212.445 Y220.166 E170.17095
G0 F15000 X212.445 Y219.572
G1 F4540.7 X215.932 Y223.06 E170.25707
G0 F15000 X215.932 Y222.466
G1 F4540.7 X212.445 Y218.978 E170.3432
G0 F15000 X212.445 Y218.385
G1 F4540.7 X215.932 Y221.872 E170.42931
G0 F15000 X215.932 Y221.278
G1 F4540.7 X212.445 Y217.791 E170.51541
G0 F15000 X212.445 Y217.197
G1 F4540.7 X215.932 Y220.684 E170.60152
G0 F15000 X215.932 Y220.09
G1 F4540.7 X212.445 Y216.603 E170.68763
G0 F15000 X212.445 Y216.009
G1 F4540.7 X215.932 Y219.496 E170.77374
G0 F15000 X215.932 Y218.902
G1 F4540.7 X212.445 Y215.415 E170.85985
G0 F15000 X212.446 Y214.822
G1 F4540.7 X215.932 Y218.308 E170.94594
G0 F15000 X215.932 Y217.714
G1 F4540.7 X212.446 Y214.228 E171.03202
G0 F15000 X212.446 Y213.634
G1 F4540.7 X215.932 Y217.12 E171.11811
G0 F15000 X215.932 Y216.526
G1 F4540.7 X212.446 Y213.04 E171.20419
G0 F15000 X212.446 Y212.446
G1 F4540.7 X215.932 Y215.932 E171.29028
G0 F15000 X215.932 Y215.338
G1 F4540.7 X212.446 Y211.852 E171.37636
G0 F15000 X212.446 Y211.258
G1 F4540.7 X215.932 Y214.744 E171.46244
G0 F15000 X215.932 Y214.15
G1 F4540.7 X212.447 Y210.665 E171.5485
G0 F15000 X212.447 Y210.071
G1 F4540.7 X215.932 Y213.556 E171.63456
G0 F15000 X215.932 Y212.962
G1 F4540.7 X212.447 Y209.477 E171.72062
G0 F15000 X212.447 Y208.883
G1 F4540.7 X215.932 Y212.368 E171.80668
G0 F15000 X215.932 Y211.774
G1 F4540.7 X212.447 Y208.289 E171.89274
G0 F15000 X212.447 Y207.695
G1 F4540.7 X215.932 Y211.18 E171.9788
G0 F15000 X215.932 Y210.586
G1 F4540.7 X212.447 Y207.102 E172.06485
G0 F15000 X212.447 Y206.508
G1 F4540.7 X215.932 Y209.992 E172.1509
G0 F15000 X215.932 Y209.398
G1 F4540.7 X212.447 Y205.914 E172.23695
G0 F15000 X212.447 Y205.32
G1 F4540.7 X215.932 Y208.804 E172.32299
G0 F15000 X215.932 Y208.21
G1 F4540.7 X212.447 Y204.726 E172.40904
G0 F15000 X212.447 Y204.132
G1 F4540.7 X215.932 Y207.616 E172.49509
G0 F15000 X215.932 Y207.022
G1 F4540.7 X212.458 Y203.548 E172.58088
G0 F15000 X213.052 Y203.548
G1 F4540.7 X215.932 Y206.429 E172.65201
G0 F15000 X215.932 Y205.835
G1 F4540.7 X213.646 Y203.548 E172.70847
G0 F15000 X214.24 Y203.548
G1 F4540.7 X215.932 Y205.241 E172.75027
G0 F15000 X215.932 Y204.647
G1 F4540.7 X214.834 Y203.548 E172.7774
G0 F15000 X215.428 Y203.548
G1 F4540.7 X215.932 Y204.053 E172.78985
;MESH:NONMESH
G0 F600 X215.932 Y204.053 Z2.8
G0 F15000 X212.13 Y215
G0 X211.838 Y215
;TIME_ELAPSED:249.770406
;LAYER:25
;note -- min layer time used
M204 S1250
;TYPE:WALL-INNER
;MESH:upperLeftPad.stl
G1 F4147.1 X211.838 Y227.118 E173.00145
G1 X215.146 Y227.118 E173.05922
G1 X215.793 Y227.058 E173.07056
G1 X216.03 Y226.989 E173.07487
G1 X216.03 Y203.072 E173.4925
G1 X215.887 Y203.022 E173.49515
G1 X215.309 Y202.974 E173.50527
G1 X211.838 Y202.968 E173.56588
G1 X211.838 Y215 E173.77598
M204 S2500
G0 F15000 X211.418 Y215
M204 S1250
;TYPE:WALL-OUTER
G1 F4147.1 X211.418 Y227.376 E173.99209
G1 X211.544 Y227.538 E173.99567
G1 X215.166 Y227.538 E174.05891
G1 X215.872 Y227.472 E174.0713
G1 X216.45 Y227.303 E174.08181
G1 X216.45 Y202.775 E174.51011
G1 X215.975 Y202.608 E174.5189
G1 X215.327 Y202.554 E174.53026
G1 X211.671 Y202.547 E174.5941
G1 X211.514 Y202.642 E174.5973
G1 X211.418 Y202.821 E174.60085
G1 X211.418 Y215 E174.81351
M204 S2500
G0 F15000 X211.418 Y215.2
G0 X212.234 Y215
;TYPE:SKIN
G1 F4147.1 X212.234 Y203.367 E175.01664
G1 X215.299 Y203.37 E175.07016
G1 X215.63 Y203.398 E175.07596
G1 X215.63 Y226.669 E175.48231
G1 X215.133 Y226.718 E175.49103
G1 X212.234 Y226.718 E175.54165
G1 X212.234 Y215 E175.74627
G0 F15000 X212.796 Y203.577
G1 F4147.1 X212.444 Y203.929 E175.75496
G0 F15000 X212.444 Y204.523
G1 F4147.1 X213.389 Y203.577 E175.77831
G0 F15000 X213.983 Y203.578
G1 F4147.1 X212.444 Y205.117 E175.81631
G0 F15000 X212.444 Y205.711
G1 F4147.1 X214.576 Y203.579 E175.86896
G0 F15000 X215.169 Y203.58
G1 F4147.1 X212.444 Y206.305 E175.93625
G0 F15000 X212.444 Y206.899
G1 F4147.1 X215.42 Y203.923 E176.00974
G0 F15000 X215.42 Y204.516
G1 F4147.1 X212.444 Y207.493 E176.08325
G0 F15000 X212.444 Y208.087
G1 F4147.1 X215.42 Y205.11 E176.15675
G0 F15000 X215.42 Y205.704
G1 F4147.1 X212.444 Y208.681 E176.23025
G0 F15000 X212.444 Y209.275
G1 F4147.1 X215.42 Y206.298 E176.30375
G0 F15000 X215.42 Y206.892
G1 F4147.1 X212.444 Y209.869 E176.37726
G0 F15000 X212.444 Y210.463
G1 F4147.1 X215.42 Y207.486 E176.45076
G0 F15000 X215.42 Y208.08
G1 F4147.1 X212.444 Y211.057 E176.52426
G0 F15000 X212.444 Y211.65
G1 F4147.1 X215.42 Y208.674 E176.59775
G0 F15000 X215.42 Y209.268
G1 F4147.1 X212.444 Y212.244 E176.67124
G0 F15000 X212.444 Y212.838
G1 F4147.1 X215.42 Y209.862 E176.74473
G0 F15000 X215.42 Y210.456
G1 F4147.1 X212.444 Y213.432 E176.81822
G0 F15000 X212.444 Y214.026
G1 F4147.1 X215.42 Y211.05 E176.89171
G0 F15000 X215.42 Y211.644
G1 F4147.1 X212.444 Y214.62 E176.96521
G0 F15000 X212.444 Y215.214
G1 F4147.1 X215.42 Y212.238 E177.0387
G0 F15000 X215.42 Y212.832
G1 F4147.1 X212.444 Y215.808 E177.11219
G0 F15000 X212.444 Y216.402
G1 F4147.1 X215.42 Y213.426 E177.18568
G0 F15000 X215.42 Y214.02
G1 F4147.1 X212.444 Y216.996 E177.25917
G0 F15000 X212.444 Y217.59
G1 F4147.1 X215.42 Y214.614 E177.33266
G0 F15000 X215.42 Y215.208
G1 F4147.1 X212.444 Y218.184 E177.40615
G0 F15000 X212.444 Y218.778
G1 F4147.1 X215.42 Y215.802 E177.47964
G0 F15000 X215.42 Y216.396
G1 F4147.1 X212.444 Y219.372 E177.55313
G0 F15000 X212.444 Y219.966
G1 F4147.1 X215.42 Y216.99 E177.62662
G0 F15000 X215.42 Y217.584
G1 F4147.1 X212.444 Y220.56 E177.70011
G0 F15000 X212.444 Y221.154
G1 F4147.1 X215.42 Y218.178 E177.7736
G0 F15000 X215.42 Y218.772
G1 F4147.1 X212.444 Y221.748 E177.84709
G0 F15000 X212.444 Y222.342
G1 F4147.1 X215.42 Y219.366 E177.92058
G0 F15000 X215.42 Y219.96
G1 F4147.1 X212.444 Y222.936 E177.99407
G0 F15000 X212.444 Y223.53
G1 F4147.1 X215.42 Y220.554 E178.06756
G0 F15000 X215.42 Y221.148
G1 F4147.1 X212.444 Y224.124 E178.14105
G0 F15000 X212.444 Y224.718
G1 F4147.1 X215.42 Y221.742 E178.21454
G0 F15000 X215.42 Y222.336
G1 F4147.1 X212.444 Y225.312 E178.28803
G0 F15000 X212.444 Y225.906
G1 F4147.1 X215.42 Y222.93 E178.36153
G0 F15000 X215.42 Y223.524
G1 F4147.1 X212.444 Y226.5 E178.43502
G0 F15000 X213.029 Y226.508
G1 F4147.1 X215.42 Y224.117 E178.49406
G0 F15000 X215.42 Y224.711
G1 F4147.1 X213.623 Y226.508 E178.53844
G0 F15000 X214.217 Y226.508
G1 F4147.1 X215.42 Y225.305 E178.56814
G0 F15000 X215.42 Y225.899
G1 F4147.1 X214.811 Y226.508 E178.58318
G1 X214.737 Y226.582
G0 F15000 X214.737 Y226.51
G1 F2700 E177.28318
;MESH:NONMESH
G0 F600 X214.737 Y226.51 Z2.9
G0 F15000 X212.284 Y203.445
;TIME_ELAPSED:257.785250
;LAYER:26
;note -- min layer time used
;TYPE:FILL
;MESH:upperLeftPad.stl
G1 F2700 E178.58318
G1 F3664.2 X212.284 Y204.421 E178.60225
G1 X212.586 Y204.119 E178.6106
G1 X212.587 Y205.94 E178.64618
G1 X212.283 Y205.637 E178.65457
G1 X212.284 Y211.068 E178.76069
G1 X212.586 Y210.766 E178.76904
G1 X212.587 Y212.587 E178.80462
G1 X212.283 Y212.283 E178.81302
G1 X212.284 Y217.715 E178.91916
G1 X212.587 Y217.412 E178.92754
G1 X212.587 Y219.234 E178.96314
G1 X212.283 Y218.93 E178.97154
G1 X212.283 Y225.577 E179.10143
G1 X212.587 Y225.881 E179.10983
G1 X212.587 Y224.059 E179.14543
G1 X212.284 Y224.361 E179.15379
G1 X212.21 Y224.435
G0 F15000 X212.13 Y215
G0 X211.839 Y215
M204 S1250
;TYPE:WALL-INNER
G1 F3664.2 X211.838 Y227.118 E179.36539
G1 X214.796 Y227.118 E179.41704
G1 X215.558 Y227.004 E179.43049
G1 X215.555 Y203.078 E179.84828
G1 X215.428 Y203.037 E179.85061
G1 X214.699 Y203.002 E179.86335
G1 X211.839 Y203 E179.91329
G1 X211.839 Y215 E180.12283
M204 S2500
G0 F15000 X211.418 Y215
M204 S1250
;TYPE:WALL-OUTER
G1 F3664.2 X211.418 Y227.376 E180.33894
G1 X211.544 Y227.538 E180.34252
G1 X214.817 Y227.538 E180.39967
G1 X215.315 Y227.488 E180.40841
G1 X215.755 Y227.391 E180.41628
G1 X215.978 Y227.286 E180.42058
G1 X215.97 Y202.781 E180.84848
G1 X215.505 Y202.621 E180.85707
G1 X214.73 Y202.582 E180.87062
G1 X211.656 Y202.579 E180.92429
G1 X211.456 Y202.744 E180.92882
G1 X211.418 Y202.834 E180.93053
G1 X211.418 Y215 E181.14296
M204 S2500
G0 F15000 X211.418 Y215.2
G0 X212.13 Y215.2
G0 X213.01 Y215
;TYPE:SKIN
G1 F3664.2 X213.01 Y203.398 E181.34555
G1 X215.154 Y203.398 E181.38299
G1 X215.158 Y226.667 E181.7893
G1 X214.766 Y226.718 E181.79621
G1 X213.01 Y226.718 E181.82687
G1 X213.01 Y215 E182.03148
G0 F15000 X213.22 Y226.288
G1 F3664.2 X213.441 Y226.508 E182.03693
G0 F15000 X214.035 Y226.508
G1 F3664.2 X213.22 Y225.694 E182.05704
G0 F15000 X213.22 Y225.1
G1 F3664.2 X214.629 Y226.508 E182.09182
G0 F15000 X214.948 Y226.233
G1 F3664.2 X213.22 Y224.506 E182.13448
G0 F15000 X213.22 Y223.912
G1 F3664.2 X214.948 Y225.639 E182.17714
G0 F15000 X214.948 Y225.045
G1 F3664.2 X213.22 Y223.318 E182.2198
G0 F15000 X213.22 Y222.724
G1 F3664.2 X214.948 Y224.451 E182.26246
G0 F15000 X214.948 Y223.857
G1 F3664.2 X213.22 Y222.13 E182.30512
G0 F15000 X213.22 Y221.536
G1 F3664.2 X214.948 Y223.263 E182.34778
G0 F15000 X214.948 Y222.669
G1 F3664.2 X213.22 Y220.942 E182.39044
G0 F15000 X213.22 Y220.348
G1 F3664.2 X214.948 Y222.075 E182.4331
G0 F15000 X214.947 Y221.481
G1 F3664.2 X213.22 Y219.754 E182.47575
G0 F15000 X213.22 Y219.16
G1 F3664.2 X214.947 Y220.887 E182.51839
G0 F15000 X214.947 Y220.293
G1 F3664.2 X213.22 Y218.566 E182.56104
G0 F15000 X213.22 Y217.972
G1 F3664.2 X214.947 Y219.699 E182.60369
G0 F15000 X214.947 Y219.105
G1 F3664.2 X213.22 Y217.378 E182.64634
G0 F15000 X213.22 Y216.784
G1 F3664.2 X214.947 Y218.511 E182.68898
G0 F15000 X214.947 Y217.917
G1 F3664.2 X213.22 Y216.19 E182.73163
G0 F15000 X213.22 Y215.596
G1 F3664.2 X214.946 Y217.322 E182.77425
G0 F15000 X214.946 Y216.728
G1 F3664.2 X213.22 Y215.002 E182.81688
G0 F15000 X213.22 Y214.408
G1 F3664.2 X214.946 Y216.134 E182.8595
G0 F15000 X214.946 Y215.54
G1 F3664.2 X213.22 Y213.814 E182.90212
G0 F15000 X213.22 Y213.22
G1 F3664.2 X214.946 Y214.946 E182.94474
G0 F15000 X214.946 Y214.352
G1 F3664.2 X213.22 Y212.626 E182.98737
G0 F15000 X213.22 Y212.032
G1 F3664.2 X214.946 Y213.758 E183.02999
G0 F15000 X214.946 Y213.164
G1 F3664.2 X213.22 Y211.438 E183.07261
G0 F15000 X213.22 Y210.844
G1 F3664.2 X214.946 Y212.57 E183.11523
G0 F15000 X214.946 Y211.976
G1 F3664.2 X213.22 Y210.25 E183.15786
G0 F15000 X213.22 Y209.656
G1 F3664.2 X214.946 Y211.382 E183.20048
G0 F15000 X214.946 Y210.788
G1 F3664.2 X213.22 Y209.062 E183.2431
G0 F15000 X213.22 Y208.469
G1 F3664.2 X214.946 Y210.194 E183.28571
G0 F15000 X214.946 Y209.6
G1 F3664.2 X213.22 Y207.875 E183.32832
G0 F15000 X213.22 Y207.281
G1 F3664.2 X214.946 Y209.006 E183.37093
G0 F15000 X214.946 Y208.412
G1 F3664.2 X213.22 Y206.687 E183.41354
G0 F15000 X213.22 Y206.093
G1 F3664.2 X214.945 Y207.817 E183.45613
G0 F15000 X214.945 Y207.223
G1 F3664.2 X213.22 Y205.499 E183.49871
G0 F15000 X213.22 Y204.905
G1 F3664.2 X214.945 Y206.629 E183.5413
G0 F15000 X214.945 Y206.035
G1 F3664.2 X213.22 Y204.311 E183.58388
G0 F15000 X213.22 Y203.717
G1 F3664.2 X214.945 Y205.441 E183.62647
G0 F15000 X214.945 Y204.847
G1 F3664.2 X213.705 Y203.608 E183.65708
G0 F15000 X214.299 Y203.608
G1 F3664.2 X214.945 Y204.253 E183.67302
G1 X215.019 Y204.327
G0 F15000 X214.945 Y204.327
;MESH:NONMESH
G0 F600 X214.945 Y204.327 Z3
G0 F15000 X212.371 Y203.475
;TIME_ELAPSED:265.730556
;LAYER:27
;note -- min layer time used
;TYPE:FILL
;MESH:upperLeftPad.stl
G1 F3381.5 X212.283 Y203.475 E183.67474
G1 X212.283 Y204.422 E183.69324
G1 X212.371 Y204.334 E183.69567
G1 X212.372 Y205.725 E183.72285
G1 X212.283 Y205.636 E183.72531
G1 X212.283 Y211.069 E183.83148
G1 X212.371 Y210.981 E183.83391
G1 X212.372 Y212.372 E183.86109
G1 X212.283 Y212.283 E183.86355
G1 X212.283 Y217.715 E183.96969
G1 X212.372 Y217.627 E183.97214
G1 X212.372 Y219.019 E183.99934
G1 X212.283 Y218.929 E184.00181
G1 X212.283 Y225.576 E184.13169
G1 X212.372 Y225.666 E184.13417
G1 X212.372 Y224.274 E184.16137
G1 X212.283 Y224.362 E184.16381
G1 X212.209 Y224.435
G0 F15000 X212.13 Y215
G0 X211.838 Y215
M204 S1250
;TYPE:WALL-INNER
G1 F3381.5 X211.838 Y227.118 E184.37541
G1 X214.47 Y227.118 E184.42137
G1 X215.134 Y227.013 E184.43311
G1 X215.134 Y203.109 E184.85051
G1 X214.55 Y203.03 E184.8608
G1 X211.838 Y203.03 E184.90816
G1 X211.838 Y215 E185.11717
M204 S2500
G0 F15000 X211.418 Y215
M204 S1250
;TYPE:WALL-OUTER
G1 F3381.5 X211.418 Y227.376 E185.33328
G1 X211.544 Y227.538 E185.33686
G1 X214.492 Y227.538 E185.38834
G1 X214.956 Y227.488 E185.39649
G1 X215.349 Y227.393 E185.40355
G1 X215.554 Y227.281 E185.40763
G1 X215.554 Y202.836 E185.83447
G1 X215.238 Y202.697 E185.8405
G1 X214.578 Y202.61 E185.85213
G1 X211.656 Y202.61 E185.90315
G1 X211.456 Y202.772 E185.90764
G1 X211.418 Y202.865 E185.9094
G1 X211.418 Y215 E186.12129
M204 S2500
G0 F15000 X211.418 Y215.2
G0 X212.13 Y215.2
G0 X212.794 Y215
;TYPE:SKIN
G1 F3381.5 X212.794 Y203.426 E186.32339
G1 X214.517 Y203.426 E186.35348
G1 X214.734 Y203.456 E186.35731
G1 X214.734 Y226.679 E186.76282
G1 X214.438 Y226.718 E186.76803
G1 X212.794 Y226.718 E186.79674
G1 X212.794 Y215 E187.00135
G0 F15000 X213.004 Y203.963
G1 F3381.5 X213.331 Y203.636 E187.00943
G0 F15000 X213.923 Y203.638
G1 F3381.5 X213.004 Y204.557 E187.03212
G0 F15000 X213.004 Y205.151
G1 F3381.5 X214.516 Y203.638 E187.06947
G0 F15000 X214.524 Y204.224
G1 F3381.5 X213.004 Y205.745 E187.10702
G0 F15000 X213.004 Y206.339
G1 F3381.5 X214.524 Y204.818 E187.14457
G0 F15000 X214.524 Y205.412
G1 F3381.5 X213.004 Y206.933 E187.18211
G0 F15000 X213.004 Y207.527
G1 F3381.5 X214.524 Y206.006 E187.21966
G0 F15000 X214.524 Y206.6
G1 F3381.5 X213.004 Y208.121 E187.25721
G0 F15000 X213.004 Y208.715
G1 F3381.5 X214.524 Y207.194 E187.29476
G0 F15000 X214.524 Y207.788
G1 F3381.5 X213.004 Y209.309 E187.33231
G0 F15000 X213.004 Y209.903
G1 F3381.5 X214.524 Y208.382 E187.36985
G0 F15000 X214.524 Y208.976
G1 F3381.5 X213.004 Y210.496 E187.40739
G0 F15000 X213.004 Y211.09
G1 F3381.5 X214.524 Y209.57 E187.44492
G0 F15000 X214.524 Y210.164
G1 F3381.5 X213.004 Y211.684 E187.48246
G0 F15000 X213.004 Y212.278
G1 F3381.5 X214.524 Y210.758 E187.51999
G0 F15000 X214.524 Y211.352
G1 F3381.5 X213.004 Y212.872 E187.55753
G0 F15000 X213.004 Y213.466
G1 F3381.5 X214.524 Y211.946 E187.59507
G0 F15000 X214.524 Y212.54
G1 F3381.5 X213.004 Y214.06 E187.6326
G0 F15000 X213.004 Y214.654
G1 F3381.5 X214.524 Y213.134 E187.67014
G0 F15000 X214.524 Y213.728
G1 F3381.5 X213.004 Y215.248 E187.70767
G0 F15000 X213.004 Y215.842
G1 F3381.5 X214.524 Y214.322 E187.74521
G0 F15000 X214.524 Y214.916
G1 F3381.5 X213.004 Y216.436 E187.78274
G0 F15000 X213.004 Y217.03
G1 F3381.5 X214.524 Y215.51 E187.82028
G0 F15000 X214.524 Y216.104
G1 F3381.5 X213.004 Y217.624 E187.85781
G0 F15000 X213.004 Y218.218
G1 F3381.5 X214.524 Y216.698 E187.89535
G0 F15000 X214.524 Y217.292
G1 F3381.5 X213.004 Y218.812 E187.93288
G0 F15000 X213.004 Y219.406
G1 F3381.5 X214.524 Y217.886 E187.97042
G0 F15000 X214.524 Y218.48
G1 F3381.5 X213.004 Y220 E188.00796
G0 F15000 X213.004 Y220.594
G1 F3381.5 X214.524 Y219.074 E188.04549
G0 F15000 X214.524 Y219.668
G1 F3381.5 X213.004 Y221.188 E188.08303
G0 F15000 X213.004 Y221.782
G1 F3381.5 X214.524 Y220.262 E188.12056
G0 F15000 X214.524 Y220.856
G1 F3381.5 X213.004 Y222.376 E188.1581
G0 F15000 X213.004 Y222.97
G1 F3381.5 X214.524 Y221.45 E188.19563
G0 F15000 X214.524 Y222.044
G1 F3381.5 X213.004 Y223.564 E188.23317
G0 F15000 X213.004 Y224.158
G1 F3381.5 X214.524 Y222.638 E188.2707
G0 F15000 X214.524 Y223.231
G1 F3381.5 X213.004 Y224.752 E188.30825
G0 F15000 X213.004 Y225.346
G1 F3381.5 X214.524 Y223.825 E188.3458
G0 F15000 X214.524 Y224.419
G1 F3381.5 X213.004 Y225.94 E188.38335
G0 F15000 X213.029 Y226.508
G1 F3381.5 X214.524 Y225.013 E188.42027
G0 F15000 X214.524 Y225.607
G1 F3381.5 X213.623 Y226.508 E188.44252
G0 F15000 X214.218 Y226.508
G1 F3381.5 X214.524 Y226.201 E188.45008
G0 F15000 X214.522 Y226.2
;MESH:NONMESH
G0 F600 X214.522 Y226.2 Z3.1
G0 F15000 X212.13 Y215
G0 X211.838 Y215
;TIME_ELAPSED:273.613410
;LAYER:28
;note -- min layer time used
M204 S1250
;TYPE:WALL-INNER
;MESH:upperLeftPad.stl
G1 F2902.9 X211.838 Y227.118 E188.66168
G1 X214.311 Y227.118 E188.70487
G1 X214.742 Y227.017 E188.7126
G1 X214.742 Y203.137 E189.12958
G1 X214.406 Y203.058 E189.13561
G1 X211.838 Y203.058 E189.18045
G1 X211.838 Y215 E189.38897
M204 S2500
G0 F15000 X211.418 Y215
M204 S1250
;TYPE:WALL-OUTER
G1 F2902.9 X211.418 Y227.376 E189.60508
G1 X211.544 Y227.538 E189.60866
G1 X214.044 Y227.538 E189.65231
G1 X214.488 Y227.507 E189.66009
G1 X214.996 Y227.389 E189.66919
G1 X215.162 Y227.298 E189.6725
G1 X215.159 Y202.853 E190.09935
G1 X215.03 Y202.773 E190.102
G1 X214.455 Y202.638 E190.11231
G1 X211.658 Y202.638 E190.16115
G1 X211.456 Y202.8 E190.16567
G1 X211.418 Y202.893 E190.16743
G1 X211.418 Y215 E190.37883
M204 S2500
G0 F15000 X211.418 Y215.2
G0 X212.13 Y215.2
G0 X212.594 Y215
;TYPE:SKIN
G1 F2902.9 X212.594 Y203.454 E190.58044
G1 X214.342 Y203.454 E190.61097
G1 X214.342 Y226.68 E191.01653
G1 X214.008 Y226.718 E191.0224
G1 X212.594 Y226.718 E191.04709
G1 X212.594 Y215 E191.25171
G0 F15000 X214.132 Y204.035
G1 F2902.9 X213.761 Y203.664 E191.26087
G0 F15000 X213.167 Y203.664
G1 F2902.9 X214.132 Y204.629 E191.2847
G0 F15000 X214.132 Y205.223
G1 F2902.9 X212.804 Y203.894 E191.3175
G0 F15000 X212.804 Y204.488
G1 F2902.9 X214.132 Y205.817 E191.35031
G0 F15000 X214.132 Y206.411
G1 F2902.9 X212.804 Y205.082 E191.38312
G0 F15000 X212.804 Y205.676
G1 F2902.9 X214.132 Y207.005 E191.41592
G0 F15000 X214.132 Y207.599
G1 F2902.9 X212.804 Y206.27 E191.44873
G0 F15000 X212.804 Y206.864
G1 F2902.9 X214.132 Y208.193 E191.48154
G0 F15000 X214.132 Y208.787
G1 F2902.9 X212.804 Y207.458 E191.51434
G0 F15000 X212.804 Y208.052
G1 F2902.9 X214.132 Y209.381 E191.54715
G0 F15000 X214.132 Y209.975
G1 F2902.9 X212.804 Y208.646 E191.57996
G0 F15000 X212.804 Y209.24
G1 F2902.9 X214.132 Y210.569 E191.61276
G0 F15000 X214.132 Y211.163
G1 F2902.9 X212.804 Y209.834 E191.64557
G0 F15000 X212.804 Y210.428
G1 F2902.9 X214.132 Y211.757 E191.67838
G0 F15000 X214.132 Y212.351
G1 F2902.9 X212.804 Y211.022 E191.71118
G0 F15000 X212.804 Y211.616
G1 F2902.9 X214.132 Y212.945 E191.74399
G0 F15000 X214.132 Y213.538
G1 F2902.9 X212.804 Y212.21 E191.77678
G0 F15000 X212.804 Y212.804
G1 F2902.9 X214.132 Y214.132 E191.80958
G0 F15000 X214.132 Y214.726
G1 F2902.9 X212.804 Y213.398 E191.84237
G0 F15000 X212.804 Y213.992
G1 F2902.9 X214.132 Y215.32 E191.87516
G0 F15000 X214.132 Y215.914
G1 F2902.9 X212.804 Y214.586 E191.90796
G0 F15000 X212.804 Y215.18
G1 F2902.9 X214.132 Y216.508 E191.94075
G0 F15000 X214.132 Y217.102
G1 F2902.9 X212.804 Y215.774 E191.97355
G0 F15000 X212.804 Y216.368
G1 F2902.9 X214.132 Y217.696 E192.00634
G0 F15000 X214.132 Y218.29
G1 F2902.9 X212.804 Y216.962 E192.03914
G0 F15000 X212.804 Y217.556
G1 F2902.9 X214.132 Y218.884 E192.07193
G0 F15000 X214.132 Y219.478
G1 F2902.9 X212.804 Y218.15 E192.10472
G0 F15000 X212.804 Y218.743
G1 F2902.9 X214.132 Y220.072 E192.13753
G0 F15000 X214.132 Y220.666
G1 F2902.9 X212.804 Y219.337 E192.17034
G0 F15000 X212.804 Y219.931
G1 F2902.9 X214.132 Y221.26 E192.20314
G0 F15000 X214.132 Y221.854
G1 F2902.9 X212.804 Y220.525 E192.23595
G0 F15000 X212.804 Y221.119
G1 F2902.9 X214.132 Y222.448 E192.26876
G0 F15000 X214.132 Y223.042
G1 F2902.9 X212.804 Y221.713 E192.30156
G0 F15000 X212.804 Y222.307
G1 F2902.9 X214.132 Y223.636 E192.33437
G0 F15000 X214.132 Y224.23
G1 F2902.9 X212.804 Y222.901 E192.36718
G0 F15000 X212.804 Y223.495
G1 F2902.9 X214.132 Y224.824 E192.39998
G0 F15000 X214.132 Y225.418
G1 F2902.9 X212.804 Y224.089 E192.43279
G0 F15000 X212.804 Y224.683
G1 F2902.9 X214.132 Y226.012 E192.4656
G0 F15000 X214.033 Y226.507
G1 F2902.9 X212.804 Y225.277 E192.49596
G0 F15000 X212.804 Y225.871
G1 F2902.9 X213.439 Y226.507 E192.51165
G1 X213.513 Y226.581
G0 F15000 X213.513 Y226.51
;MESH:NONMESH
G0 F600 X213.513 Y226.51 Z3.2
G0 F15000 X212.13 Y215
G0 X211.839 Y215
;TIME_ELAPSED:280.901777
;LAYER:29
;note -- min layer time used
M204 S1250
;TYPE:WALL-INNER
;MESH:upperLeftPad.stl
G1 F2765.9 X211.838 Y227.118 E192.72325
G1 X213.766 Y227.118 E192.75692
G1 X214.376 Y227.035 E192.76767
G1 X214.381 Y203.147 E193.18479
G1 X213.982 Y203.087 E193.19183
G1 X211.839 Y203.084 E193.22925
G1 X211.839 Y215 E193.43733
M204 S2500
G0 F15000 X211.418 Y215
M204 S1250
;TYPE:WALL-OUTER
G1 F2765.9 X211.418 Y227.376 E193.65343
G1 X211.544 Y227.538 E193.65701
G1 X213.794 Y227.538 E193.6963
G1 X214.501 Y227.444 E193.70876
G1 X214.798 Y227.296 E193.71455
G1 X214.798 Y202.877 E194.14094
G1 X214.684 Y202.797 E194.14338
G1 X214.39 Y202.711 E194.14872
G1 X214.007 Y202.667 E194.15546
G1 X211.667 Y202.663 E194.19632
G1 X211.513 Y202.755 E194.19945
G1 X211.418 Y202.927 E194.20288
G1 X211.418 Y215 E194.41369
M204 S2500
G0 F15000 X211.418 Y215.2
G0 X212.396 Y215
;TYPE:SKIN
G1 F2765.9 X212.395 Y203.483 E194.6148
G1 X213.981 Y203.486 E194.64249
G1 X213.978 Y226.684 E195.04757
G1 X213.737 Y226.718 E195.05182
G1 X212.398 Y226.718 E195.0752
G1 X212.396 Y215 E195.27981
G0 F15000 X212.679 Y203.694
G1 F2765.9 X212.606 Y203.767 E195.28161
G0 F15000 X212.606 Y204.361
G1 F2765.9 X213.272 Y203.695 E195.29806
G0 F15000 X213.77 Y203.79
G1 F2765.9 X212.606 Y204.955 E195.32682
G0 F15000 X212.606 Y205.549
G1 F2765.9 X213.77 Y204.384 E195.35557
G0 F15000 X213.77 Y204.978
G1 F2765.9 X212.606 Y206.143 E195.38433
G0 F15000 X212.606 Y206.737
G1 F2765.9 X213.77 Y205.572 E195.41309
G0 F15000 X213.77 Y206.166
G1 F2765.9 X212.606 Y207.331 E195.44184
G0 F15000 X212.606 Y207.925
G1 F2765.9 X213.77 Y206.76 E195.4706
G0 F15000 X213.77 Y207.354
G1 F2765.9 X212.606 Y208.519 E195.49936
G0 F15000 X212.606 Y209.113
G1 F2765.9 X213.77 Y207.948 E195.52811
G0 F15000 X213.77 Y208.543
G1 F2765.9 X212.607 Y209.706 E195.55683
G0 F15000 X212.607 Y210.3
G1 F2765.9 X213.77 Y209.137 E195.58555
G0 F15000 X213.77 Y209.731
G1 F2765.9 X212.607 Y210.894 E195.61427
G0 F15000 X212.607 Y211.488
G1 F2765.9 X213.77 Y210.325 E195.64299
G0 F15000 X213.77 Y210.919
G1 F2765.9 X212.607 Y212.082 E195.67171
G0 F15000 X212.607 Y212.676
G1 F2765.9 X213.77 Y211.513 E195.70043
G0 F15000 X213.77 Y212.107
G1 F2765.9 X212.607 Y213.27 E195.72915
G0 F15000 X212.607 Y213.864
G1 F2765.9 X213.77 Y212.701 E195.75787
G0 F15000 X213.769 Y213.295
G1 F2765.9 X212.607 Y214.458 E195.78658
G0 F15000 X212.607 Y215.052
G1 F2765.9 X213.769 Y213.889 E195.81528
G0 F15000 X213.769 Y214.483
G1 F2765.9 X212.607 Y215.645 E195.84398
G0 F15000 X212.607 Y216.239
G1 F2765.9 X213.769 Y215.077 E195.87267
G0 F15000 X213.769 Y215.671
G1 F2765.9 X212.607 Y216.833 E195.90137
G0 F15000 X212.607 Y217.427
G1 F2765.9 X213.769 Y216.265 E195.93006
G0 F15000 X213.769 Y216.859
G1 F2765.9 X212.607 Y218.021 E195.95876
G0 F15000 X212.607 Y218.615
G1 F2765.9 X213.768 Y217.454 E195.98743
G0 F15000 X213.768 Y218.048
G1 F2765.9 X212.607 Y219.209 E196.0161
G0 F15000 X212.607 Y219.803
G1 F2765.9 X213.768 Y218.642 E196.04477
G0 F15000 X213.768 Y219.236
G1 F2765.9 X212.607 Y220.397 E196.07344
G0 F15000 X212.608 Y220.99
G1 F2765.9 X213.768 Y219.83 E196.10209
G0 F15000 X213.768 Y220.424
G1 F2765.9 X212.608 Y221.584 E196.13073
G0 F15000 X212.608 Y222.178
G1 F2765.9 X213.768 Y221.018 E196.15938
G0 F15000 X213.768 Y221.612
G1 F2765.9 X212.608 Y222.772 E196.18802
G0 F15000 X212.608 Y223.366
G1 F2765.9 X213.768 Y222.206 E196.21667
G0 F15000 X213.768 Y222.8
G1 F2765.9 X212.608 Y223.96 E196.24531
G0 F15000 X212.608 Y224.554
G1 F2765.9 X213.768 Y223.394 E196.27396
G0 F15000 X213.768 Y223.988
G1 F2765.9 X212.608 Y225.148 E196.3026
G0 F15000 X212.608 Y225.742
G1 F2765.9 X213.768 Y224.582 E196.33125
G0 F15000 X213.768 Y225.176
G1 F2765.9 X212.608 Y226.336 E196.3599
G0 F15000 X213.031 Y226.506
G1 F2765.9 X213.768 Y225.77 E196.37808
G0 F15000 X213.768 Y226.364
G1 F2765.9 X213.629 Y226.503 E196.38151
;MESH:NONMESH
G0 F600 X213.629 Y226.503 Z3.3
G0 F15000 X212.13 Y215
G0 X211.839 Y215
;TIME_ELAPSED:288.146927
;LAYER:30
;note -- min layer time used
M204 S1250
;TYPE:WALL-INNER
;MESH:upperLeftPad.stl
G1 F2636.8 X211.838 Y227.118 E196.59311
G1 X213.538 Y227.118 E196.6228
G1 X214.058 Y227.043 E196.63197
G1 X214.061 Y203.162 E197.04897
G1 X213.702 Y203.111 E197.0553
G1 X211.839 Y203.108 E197.08784
G1 X211.839 Y215 E197.29549
M204 S2500
G0 F15000 X211.419 Y215
M204 S1250
;TYPE:WALL-OUTER
G1 F2636.8 X211.418 Y227.376 E197.51159
G1 X211.544 Y227.538 E197.51518
G1 X213.568 Y227.538 E197.55052
G1 X214.213 Y227.445 E197.5619
G1 X214.478 Y227.303 E197.56715
G1 X214.481 Y202.892 E197.9934
G1 X214.381 Y202.82 E197.99555
G1 X214.104 Y202.735 E198.00061
G1 X213.727 Y202.691 E198.00724
G1 X211.666 Y202.687 E198.04323
G1 X211.51 Y202.779 E198.04639
G1 X211.419 Y202.949 E198.04976
G1 X211.419 Y215 E198.26019
M204 S2500
G0 F15000 X211.419 Y215.2
G0 X212.237 Y215
;TYPE:SKIN
G1 F2636.8 X212.239 Y203.507 E198.46087
G1 X213.661 Y203.51 E198.4857
G1 X213.658 Y226.718 E198.89095
G1 X212.234 Y226.718 E198.91582
G1 X212.237 Y215 E199.12043
G0 F15000 X213.451 Y203.947
G1 F2636.8 X213.223 Y203.72 E199.12605
G0 F15000 X212.628 Y203.719
G1 F2636.8 X213.451 Y204.541 E199.14636
G0 F15000 X213.451 Y205.135
G1 F2636.8 X212.448 Y204.133 E199.17112
G0 F15000 X212.448 Y204.727
G1 F2636.8 X213.451 Y205.729 E199.19587
G0 F15000 X213.451 Y206.323
G1 F2636.8 X212.448 Y205.32 E199.22064
G0 F15000 X212.448 Y205.914
G1 F2636.8 X213.451 Y206.917 E199.24541
G0 F15000 X213.451 Y207.511
G1 F2636.8 X212.448 Y206.508 E199.27018
G0 F15000 X212.447 Y207.102
G1 F2636.8 X213.451 Y208.105 E199.29496
G0 F15000 X213.451 Y208.699
G1 F2636.8 X212.447 Y207.696 E199.31974
G0 F15000 X212.447 Y208.29
G1 F2636.8 X213.451 Y209.293 E199.34452
G0 F15000 X213.45 Y209.886
G1 F2636.8 X212.447 Y208.884 E199.36928
G0 F15000 X212.447 Y209.478
G1 F2636.8 X213.45 Y210.48 E199.39403
G0 F15000 X213.45 Y211.074
G1 F2636.8 X212.447 Y210.072 E199.41879
G0 F15000 X212.447 Y210.665
G1 F2636.8 X213.45 Y211.668 E199.44356
G0 F15000 X213.45 Y212.262
G1 F2636.8 X212.447 Y211.259 E199.46833
G0 F15000 X212.447 Y211.853
G1 F2636.8 X213.45 Y212.856 E199.4931
G0 F15000 X213.45 Y213.45
G1 F2636.8 X212.447 Y212.447 E199.51786
G0 F15000 X212.447 Y213.041
G1 F2636.8 X213.45 Y214.044 E199.54263
G0 F15000 X213.45 Y214.638
G1 F2636.8 X212.446 Y213.634 E199.56743
G0 F15000 X212.446 Y214.228
G1 F2636.8 X213.449 Y215.231 E199.59219
G0 F15000 X213.449 Y215.825
G1 F2636.8 X212.446 Y214.822 E199.61696
G0 F15000 X212.446 Y215.416
G1 F2636.8 X213.449 Y216.419 E199.64173
G0 F15000 X213.449 Y217.013
G1 F2636.8 X212.446 Y216.01 E199.6665
G0 F15000 X212.446 Y216.604
G1 F2636.8 X213.449 Y217.607 E199.69127
G0 F15000 X213.449 Y218.201
G1 F2636.8 X212.445 Y217.197 E199.71606
G0 F15000 X212.445 Y217.791
G1 F2636.8 X213.449 Y218.795 E199.74085
G0 F15000 X213.449 Y219.389
G1 F2636.8 X212.445 Y218.385 E199.76565
G0 F15000 X212.445 Y218.979
G1 F2636.8 X213.449 Y219.983 E199.79044
G0 F15000 X213.449 Y220.577
G1 F2636.8 X212.445 Y219.573 E199.81523
G0 F15000 X212.445 Y220.166
G1 F2636.8 X213.449 Y221.17 E199.84003
G0 F15000 X213.449 Y221.764
G1 F2636.8 X212.445 Y220.76 E199.86482
G0 F15000 X212.445 Y221.354
G1 F2636.8 X213.449 Y222.358 E199.88961
G0 F15000 X213.449 Y222.952
G1 F2636.8 X212.445 Y221.948 E199.91441
G0 F15000 X212.445 Y222.542
G1 F2636.8 X213.449 Y223.546 E199.9392
G0 F15000 X213.449 Y224.14
G1 F2636.8 X212.445 Y223.136 E199.96399
G0 F15000 X212.444 Y223.729
G1 F2636.8 X213.449 Y224.734 E199.98881
G0 F15000 X213.449 Y225.328
G1 F2636.8 X212.444 Y224.323 E200.01363
G0 F15000 X212.444 Y224.917
G1 F2636.8 X213.449 Y225.922 E200.03845
G0 F15000 X213.441 Y226.508
G1 F2636.8 X212.444 Y225.511 E200.06307
G0 F15000 X212.444 Y226.105
G1 F2636.8 X212.847 Y226.508 E200.07302
;MESH:NONMESH
G0 F600 X212.847 Y226.508 Z3.4
G0 F15000 X212.13 Y215
G0 X211.839 Y215
;TIME_ELAPSED:295.309866
;LAYER:31
;note -- min layer time used
M204 S1250
;TYPE:WALL-INNER
;MESH:upperLeftPad.stl
G1 F2434 X211.838 Y227.118 E200.28462
G1 X213.535 Y227.117 E200.31425
G1 X213.77 Y227.059 E200.31848
G1 X213.773 Y203.181 E200.73542
G1 X213.448 Y203.13 E200.74117
G1 X211.839 Y203.131 E200.76926
G1 X211.839 Y215 E200.97652
M204 S2500
G0 F15000 X211.418 Y215
M204 S1250
;TYPE:WALL-OUTER
G1 F2434 X211.418 Y227.376 E201.19262
G1 X211.544 Y227.538 E201.1962
G1 X213.586 Y227.537 E201.23186
G1 X214.141 Y227.358 E201.24204
G1 X214.19 Y227.285 E201.24358
G1 X214.187 Y202.925 E201.66894
G1 X214.088 Y202.844 E201.67118
G1 X213.847 Y202.762 E201.67562
G1 X213.477 Y202.71 E201.68215
G1 X211.66 Y202.71 E201.71387
G1 X211.455 Y202.871 E201.71842
G1 X211.418 Y202.961 E201.72012
G1 X211.418 Y215 E201.93034
M204 S2500
G0 F15000 X211.418 Y215.2
G0 X212.13 Y215.2
G0 X212.625 Y215
;TYPE:SKIN
G1 F2871.5 X212.626 Y203.917 E202.09438
G1 X212.982 Y203.915 E202.09965
G1 F2863.5 X212.981 Y226.329 E202.43233
G1 F2855.5 X212.623 Y226.329 E202.43765
G1 F2863.5 X212.625 Y215 E202.6058
G0 F15000 X212.237 Y215
G1 F2434 X212.239 Y203.53 E202.80609
G1 X213.373 Y203.527 E202.82589
G1 X213.37 Y226.718 E203.23084
G1 X212.234 Y226.718 E203.25068
G1 X212.237 Y215 E203.45529
G0 F15000 X212.45 Y215
;MESH:NONMESH
G0 F600 X212.45 Y215 Z3.5
G0 F15000 X211.838 Y215
;TIME_ELAPSED:300.640505
;LAYER:32
;note -- min layer time used
M204 S1250
;TYPE:WALL-INNER
;MESH:upperLeftPad.stl
G1 F2148.7 X211.838 Y227.118 E203.66689
G1 X213.098 Y227.118 E203.68889
G1 X213.506 Y227.053 E203.69611
G1 X213.506 Y203.208 E204.11248
G1 X213.225 Y203.154 E204.11747
G1 X211.838 Y203.152 E204.14169
G1 X211.838 Y215 E204.34858
M204 S2500
G0 F15000 X211.418 Y215
M204 S1250
;TYPE:WALL-OUTER
G1 F2148.7 X211.418 Y227.376 E204.56468
G1 X211.544 Y227.538 E204.56827
G1 X213.131 Y227.538 E204.59598
G1 X213.715 Y227.445 E204.6063
G1 X213.88 Y227.362 E204.60953
G1 X213.926 Y227.288 E204.61105
G1 X213.926 Y202.943 E205.03615
G1 X213.838 Y202.869 E205.03816
G1 X213.251 Y202.734 E205.04868
G1 X211.673 Y202.731 E205.07623
G1 X211.512 Y202.825 E205.07949
G1 X211.418 Y202.995 E205.08288
G1 X211.418 Y215 E205.2925
M204 S2500
G0 F15000 X211.418 Y215.2
G0 X212.13 Y215.2
G0 X212.67 Y226.282
;TYPE:SKIN
G1 F1996.6 X212.67 Y203.988 E205.71145
G0 F15000 X212.234 Y215
G1 F2148.7 X212.234 Y203.551 E205.91137
G1 X213.106 Y203.554 E205.9266
G1 X213.106 Y226.717 E206.33106
G1 X212.234 Y226.718 E206.34629
G1 X212.234 Y215 E206.5509
G0 F15000 X212.45 Y215
;MESH:NONMESH
G0 F600 X212.45 Y215 Z3.6
G0 F15000 X211.839 Y215
;TIME_ELAPSED:306.256869
;LAYER:33
;note -- min layer time used
M204 S1250
;TYPE:WALL-INNER
;MESH:upperLeftPad.stl
G1 F1818.8 X211.838 Y227.118 E206.7625
G1 X213.004 Y227.118 E206.78286
G1 X213.254 Y227.066 E206.78732
G1 X213.254 Y203.213 E207.20383
G1 X213.014 Y203.175 E207.20807
G1 X211.839 Y203.175 E207.22859
G1 X211.839 Y215 E207.43507
M204 S2500
G0 F15000 X211.418 Y215
M204 S1250
;TYPE:WALL-OUTER
G1 F1818.8 X211.418 Y227.376 E207.65118
G1 X211.544 Y227.538 E207.65476
G1 X213.046 Y227.538 E207.68099
G1 X213.482 Y227.448 E207.68876
G1 X213.634 Y227.364 E207.69179
G1 X213.674 Y227.296 E207.69317
G1 X213.677 Y202.965 E208.11803
G1 X213.586 Y202.888 E208.12011
G1 X213.362 Y202.801 E208.12431
G1 X213.044 Y202.755 E208.12992
G1 X211.659 Y202.754 E208.1541
G1 X211.456 Y202.916 E208.15864
G1 X211.418 Y203.009 E208.16039
G1 X211.418 Y215 E208.36977
M204 S2500
G0 F15000 X211.418 Y215.2
G0 X212.286 Y215
;TYPE:SKIN
G1 F1471.9 X212.288 Y203.624 E208.61524
G1 X212.808 Y203.624 E208.62646
G1 F1469.1 X212.804 Y226.668 E209.12465
G1 X212.284 Y226.668 E209.13589
G1 X212.286 Y215 E209.38814
G0 F15000 X212.45 Y215
;MESH:NONMESH
G0 F600 X212.45 Y215 Z3.7
G0 F15000 X211.838 Y215
;TIME_ELAPSED:311.948862
;LAYER:34
;note -- min layer time used
M204 S1250
;TYPE:WALL-INNER
;MESH:upperLeftPad.stl
G1 F1806.6 X211.838 Y227.118 E209.59974
G1 X212.806 Y227.118 E209.61665
G1 X213.03 Y227.071 E209.62064
G1 X213.03 Y203.208 E210.03733
G1 X211.838 Y203.196 E210.05814
G1 X211.838 Y215 E210.26426
M204 S2500
G0 F15000 X211.418 Y215
M204 S1250
;TYPE:WALL-OUTER
G1 F1806.6 X211.418 Y227.376 E210.48036
G1 X211.544 Y227.538 E210.48395
G1 X212.85 Y227.538 E210.50675
G1 X213.257 Y227.453 E210.51401
G1 X213.411 Y227.366 E210.5171
G1 X213.45 Y227.295 E210.51852
G1 X213.45 Y202.988 E210.94295
G1 X213.362 Y202.906 E210.94505
G1 X212.895 Y202.786 E210.95347
G1 X211.737 Y202.775 E210.97369
G1 X211.52 Y202.855 E210.97773
G1 X211.418 Y203.039 E210.98141
G1 X211.418 Y215 E211.19026
M204 S2500
G0 F15000 X211.418 Y215.2
G0 X212.228 Y215
;TYPE:SKIN
G1 F1859.8 X212.228 Y203.59 E211.38381
G1 X212.636 Y203.594 E211.39073
G1 X212.636 Y226.721 E211.78303
G1 X212.228 Y226.723 E211.78995
G1 X212.228 Y215 E211.9888
G0 F15000 X212.421 Y214.999
;MESH:NONMESH
G0 F600 X212.421 Y214.999 Z3.8
G0 F15000 X211.838 Y215
;TIME_ELAPSED:317.238783
;LAYER:35
;note -- min layer time used
M204 S1250
;TYPE:WALL-INNER
;MESH:upperLeftPad.stl
G1 F1527.7 X211.838 Y227.118 E212.2004
G1 X212.704 Y227.118 E212.21552
G1 X212.814 Y227.079 E212.21756
G1 X212.814 Y203.249 E212.63367
G1 X212.651 Y203.222 E212.63655
G1 X211.838 Y203.213 E212.65075
G1 X211.838 Y215 E212.85657
M204 S2500
G0 F15000 X211.418 Y215
M204 S1250
;TYPE:WALL-OUTER
G1 F1527.7 X211.418 Y227.376 E213.07267
G1 X211.544 Y227.538 E213.07626
G1 X212.776 Y227.538 E213.09777
G1 X213.145 Y227.408 E213.1046
G1 X213.228 Y227.331 E213.10658
G1 X213.234 Y203.009 E213.53128
G1 X213.146 Y202.929 E213.53336
G1 X212.689 Y202.802 E213.54164
G1 X211.669 Y202.791 E213.55945
G1 X211.513 Y202.884 E213.56262
G1 X211.418 Y203.055 E213.56604
G1 X211.418 Y215 E213.77462
M204 S2500
G0 F15000 X211.418 Y215.2
G1 F2700 E212.47462
G0 F15000 X212.13 Y215.2
G0 X212.324 Y203.706
;TYPE:SKIN
G1 F2700 E213.77462
G1 F1069.4 X212.324 Y226.628 E214.34641
G0 F15000 X212.206 Y226.627
;MESH:NONMESH
G0 F600 X212.206 Y226.627 Z3.9
G0 F15000 X212.13 Y215
G0 X211.928 Y215
;TIME_ELAPSED:323.144688
;LAYER:36
;note -- min layer time used
M204 S1250
;TYPE:WALL-INNER
;MESH:upperLeftPad.stl
G1 F857.1 X211.927 Y227.029 E214.64547
G1 X212.525 Y227.003 E214.66035
G1 X212.525 Y203.343 E215.24859
G1 X211.928 Y203.323 E215.26344
G1 X211.928 Y215 E215.55375
M204 S2500
G0 F15000 X211.418 Y215
M204 S1250
;TYPE:WALL-OUTER
G1 F1220.3 X211.418 Y227.376 E215.76986
G1 X211.544 Y227.538 E215.77344
G1 X212.461 Y227.538 E215.78945
G1 X212.865 Y227.45 E215.79667
G1 X212.993 Y227.374 E215.79927
G1 X213.034 Y227.296 E215.80081
G1 X213.034 Y203.062 E216.22397
G1 X212.939 Y202.945 E216.2266
G1 X212.738 Y202.86 E216.23042
G1 X212.459 Y202.818 E216.23534
G1 X211.667 Y202.811 E216.24917
G1 X211.455 Y202.971 E216.25381
G1 X211.418 Y203.061 E216.25551
G1 X211.418 Y215 E216.46398
M204 S2500
G0 F15000 X211.418 Y215.2
;MESH:NONMESH
G0 F600 X211.418 Y215.2 Z4
G0 F15000 X211.879 Y215
;TIME_ELAPSED:329.262951
;LAYER:37
;note -- min layer time used
M204 S1250
;TYPE:WALL-INNER
;MESH:upperLeftPad.stl
G1 F1011.3 X211.878 Y227.078 E216.71505
G1 X212.378 Y227.058 E216.72546
G1 X212.378 Y203.32 E217.21891
G1 X211.879 Y203.293 E217.2293
G1 X211.879 Y215 E217.47266
M204 S2500
G0 F15000 X211.419 Y215
M204 S1250
;TYPE:WALL-OUTER
G1 F1203.9 X211.418 Y227.376 E217.68877
G1 X211.544 Y227.538 E217.69235
G1 X212.377 Y227.538 E217.70689
G1 X212.797 Y227.374 E217.71477
G1 X212.838 Y227.296 E217.71631
G1 X212.838 Y203.056 E218.13958
G1 X212.748 Y202.966 E218.1418
G1 X212.459 Y202.845 E218.14727
G1 X211.664 Y202.828 E218.16115
G1 X211.513 Y202.917 E218.16421
G1 X211.419 Y203.087 E218.16761
G1 X211.419 Y215 E218.37563
M204 S2500
G0 F15000 X211.419 Y215.2
;MESH:NONMESH
G0 F600 X211.419 Y215.2 Z4.1
G0 F15000 X211.828 Y215
;TIME_ELAPSED:334.881363
;LAYER:38
;note -- min layer time used
M204 S1250
;TYPE:WALL-INNER
;MESH:upperLeftPad.stl
G1 F1257.4 X211.828 Y227.123 E218.57723
G1 X212.228 Y227.08 E218.58392
G1 X212.228 Y203.315 E218.97914
G1 X212.069 Y203.265 E218.98191
G1 X211.828 Y203.269 E218.98592
G1 X211.828 Y215 E219.181
M204 S2500
G0 F15000 X211.418 Y215
M204 S1250
;TYPE:WALL-OUTER
G1 F1197.5 X211.418 Y227.413 E219.39775
G1 X211.579 Y227.537 E219.4013
G1 X212.174 Y227.526 E219.41169
G1 X212.563 Y227.405 E219.41881
G1 X212.638 Y227.336 E219.42059
G1 X212.638 Y203.067 E219.84436
G1 X212.56 Y202.989 E219.84629
G1 X212.129 Y202.855 E219.85417
G1 X211.634 Y202.862 E219.86281
G1 X211.512 Y202.933 E219.86528
G1 X211.418 Y203.102 E219.86866
G1 X211.418 Y215 E220.07641
M204 S2500
G0 F15000 X211.418 Y215.2
G1 F2700 E218.77641
;MESH:NONMESH
G0 F600 X211.418 Y215.2 Z4.2
G0 F15000 X211.73 Y215.201
G0 X211.936 Y203.395
;TIME_ELAPSED:340.110154
;LAYER:39
;note -- min layer time used
M204 S1250
;TYPE:WALL-INNER
;MESH:upperLeftPad.stl
G1 F2700 E220.07641
G1 F633.2 X211.936 Y226.995 E220.67297
M204 S2500
G1 F2700 E219.37297
G0 F15000 X211.733 Y215.001
G0 X211.422 Y215
M204 S1250
;TYPE:WALL-OUTER
G1 F2700 E220.67297
G1 F916.7 X211.422 Y227.37 E220.88897
G1 X211.556 Y227.542 E220.89277
G1 X212.197 Y227.489 E220.904
G1 X212.358 Y227.421 E220.90706
G1 X212.45 Y227.322 E220.90942
G1 X212.445 Y203.09 E221.33255
G1 X212.281 Y202.956 E221.33624
G1 X211.966 Y202.871 E221.34194
G1 X211.625 Y202.877 E221.3479
G1 X211.455 Y203.021 E221.35179
G1 X211.422 Y203.105 E221.35336
G1 X211.422 Y215 E221.56107
M204 S2500
G0 F15000 X211.422 Y215.2
G1 F2700 E220.26107
;MESH:NONMESH
G0 F600 X211.422 Y215.2 Z4.3
G0 F15000 X211.733 Y215.201
G0 X211.856 Y203.33
;TIME_ELAPSED:346.266736
;LAYER:40
;note -- min layer time used
M204 S1250
;TYPE:WALL-INNER
;MESH:upperLeftPad.stl
G1 F2700 E221.56107
G1 F922.2 X211.856 Y227.095 E221.97209
M204 S2500
G1 F2700 E220.67209
G0 F15000 X211.749 Y215.001
G0 X211.439 Y215
M204 S1250
;TYPE:WALL-OUTER
G1 F2700 E221.97209
G1 F913.4 X211.438 Y227.354 E222.18781
G1 X211.546 Y227.505 E222.19105
G1 X211.767 Y227.532 E222.19494
G1 X212.169 Y227.428 E222.20219
G1 X212.274 Y227.331 E222.20469
G1 X212.274 Y203.106 E222.62769
G1 X212.202 Y203.027 E222.62956
G1 X211.965 Y202.922 E222.63409
G1 X211.702 Y202.891 E222.63871
G1 X211.495 Y202.996 E222.64276
G1 X211.439 Y203.184 E222.64619
G1 X211.439 Y215 E222.85251
M204 S2500
G0 F15000 X211.439 Y215.2
;MESH:NONMESH
G0 F600 X211.439 Y215.2 Z4.4
G0 F15000 X211.529 Y215
;TIME_ELAPSED:351.536690
;LAYER:41
;note -- min layer time used
M204 S1250
;TYPE:WALL-OUTER
;MESH:upperLeftPad.stl
G1 F488.4 X211.53 Y203.136 E223.10703
G1 X211.626 Y203.007 E223.11048
G1 X211.748 Y202.982 E223.11315
G1 X211.914 Y203.032 E223.11687
G1 X212.044 Y203.145 E223.12057
G1 F487.4 X212.045 Y227.311 E223.64
G1 F486.5 X211.955 Y227.391 E223.64259
G1 X211.775 Y227.452 E223.64668
G1 X211.558 Y227.408 E223.65145
G1 X211.527 Y227.315 E223.65356
G1 F487.4 X211.529 Y215 E223.91827
M204 S2500
G0 F15000 X211.529 Y214.8
;MESH:NONMESH
G0 F600 X211.529 Y214.8 Z4.5
G0 F15000 X211.537 Y215
;TIME_ELAPSED:357.713944
;LAYER:42
;note -- min layer time used
M204 S1250
;TYPE:WALL-OUTER
;MESH:upperLeftPad.stl
G1 F639.6 X211.537 Y203.13 E224.1127
G1 X211.656 Y202.997 E224.11563
G1 X211.783 Y203.005 E224.11771
G1 X211.931 Y203.135 E224.12094
G1 X211.931 Y227.337 E224.51738
G1 X211.809 Y227.442 E224.52002
G1 X211.668 Y227.465 E224.52236
G1 X211.537 Y227.385 E224.52487
G1 X211.537 Y215 E224.72775
M204 S2500
G0 F15000 X211.537 Y214.8
G1 F2700 E223.42775
;MESH:NONMESH
G0 F600 X211.537 Y214.8 Z4.6
G0 F15000 X210.678 Y214.8
G0 X210.678 Y227.298
G0 X211.707 Y227.298
;TIME_ELAPSED:362.662661
;LAYER:43
;note -- min layer time used
M204 S1250
;TYPE:WALL-OUTER
;MESH:upperLeftPad.stl
G1 F2700 E224.72775
G1 F521.7 X211.712 Y203.183 E225.212
;TIME_ELAPSED:365.503864
G1 F2700 E223.912
M140 S0
M204 S5000
M107
G91 ;Relative positioning
G1 E-2 F2700 ;Retract a bit
G1 E-2 Z0.2 F2400 ;Retract and raise Z
G1 X5 Y5 F3000 ;Wipe out
G1 Z2 ;Raise Z more
G90 ;Absolute positioning
G1 X0 Y425 ;Present print
M106 S0 ;Turn-off fan
M104 S0 ;Turn-off hotend
M140 S0 ;Turn-off bed
M84 X Y E ;Disable all steppers but Z
M82 ;absolute extrusion mode
M104 S0
;End of Gcode
;SETTING_3 {"global_quality": "[general]\\nversion = 4\\nname = Not supported #2
;SETTING_3 \\ndefinition = elegoo_neptune_4max\\n\\n[metadata]\\ntype = quality_
;SETTING_3 changes\\nquality_type = not_supported\\nsetting_version = None\\n\\n
;SETTING_3 [values]\\nadhesion_type = brim\\nsupport_enable = True\\nsupport_str
;SETTING_3 ucture = tree\\nsupport_type = everywhere\\n\\n", "extruder_quality":
;SETTING_3  ["[general]\\nversion = 4\\nname = Not supported #2\\ndefinition = e
;SETTING_3 legoo_neptune_4max\\n\\n[metadata]\\ntype = quality_changes\\nquality
;SETTING_3 _type = not_supported\\nsetting_version = None\\nposition = 0\\n\\n[v
;SETTING_3 alues]\\ninfill_sparse_density = 20\\n\\n"]}
