;FLAVOR:Marlin
;TIME:339
;Filament used: 0.170823m
;Layer height: 0.1
;MINX:208.507
;MINY:197.163
;MINZ:0.3
;MAXX:221.412
;MAXY:232.837
;MAXZ:4.6
;TARGET_MACHINE.NAME:ELEGOO NEPTUNE 4 Max
;Generated with Cura_SteamEngine 5.9.0
M82 ;absolute extrusion mode
;ELEGOO NEPTUNE 4 MAX
M220 S100 ;Set the feed speed to 100%
M221 S100 ;Set the flow rate to 100%
M104 S140 ;Start heating extruder
M190 S60 ;Wait for the bed to reach print temp
G90
G28 ;home
G1 Z10 F300
G1 X165 Y0 F6000
G1 Z0 F300
M109 S235 ;Wait for extruder to reach print temp
G92 E0 ;Reset Extruder
G1 X165 Y0 Z0.4 F300 ;Move to start position
G1 X265 E30 F400 ;Draw the first line
G1 Z0.6 F120.0 ;Move to side a little
G1 X260 F3000
G92 E0 ;Reset Extruder
G92 E0
G92 E0
G1 F2700 E-1.3
;LAYER_COUNT:44
;LAYER:0
M107
M204 S500
G0 F7200 X216.774 Y232.837 Z0.3
;TYPE:SKIRT
G1 F2700 E0
G1 F3600 X213.276 Y232.837 E0.22905
G1 X211.86 Y232.554 E0.32361
G1 X210.691 Y231.909 E0.41103
G1 X209.743 Y231.117 E0.49192
G1 X208.883 Y229.727 E0.59895
G1 X208.816 Y229.564 E0.61049
G1 X208.507 Y228.157 E0.70482
G1 X208.508 Y221.204 E1.16011
G1 X208.791 Y219.791 E1.25447
G1 X209.506 Y218.527 E1.34956
G1 X209.892 Y218.036 E1.39046
G1 X210.235 Y217.746 E1.41987
G1 X209.728 Y217.259 E1.4659
G1 X209.262 Y216.649 E1.51617
G1 X208.756 Y215.6 E1.59243
G1 X208.508 Y214.379 E1.67402
G1 X208.507 Y201.932 E2.48906
G1 X208.79 Y200.517 E2.58355
G1 X209.436 Y199.347 E2.67106
G1 X210.224 Y198.402 E2.75163
G1 X211.619 Y197.539 E2.85905
G1 X211.782 Y197.472 E2.87058
G1 X213.181 Y197.163 E2.9644
G1 X216.643 Y197.163 E3.1911
G1 X218.058 Y197.446 E3.28559
G1 X219.228 Y198.092 E3.3731
G1 X220.175 Y198.882 E3.45386
G1 X221.037 Y200.276 E3.56118
G1 X221.103 Y200.439 E3.57269
G1 X221.412 Y201.841 E3.6667
G1 X221.387 Y211.158 E4.27679
G1 X221.258 Y212.08 E4.33775
G1 X220.833 Y213.148 E4.41302
G1 X220.523 Y213.685 E4.45362
G1 X219.675 Y214.641 E4.5373
G1 X218.852 Y215.256 E4.60457
G1 X218.316 Y215.937 E4.66132
G1 X217.85 Y216.765 E4.72354
G1 X217.22 Y217.543 E4.78909
G1 X217.008 Y217.725 E4.80738
G1 X217.825 Y218.691 E4.89023
G1 X218.313 Y219.563 E4.95566
G1 X218.835 Y220.224 E5.01081
G1 X219.716 Y220.907 E5.08381
G1 X220.379 Y221.633 E5.14819
G1 X221.018 Y222.688 E5.22895
G1 X221.16 Y223.1 E5.25749
G1 X221.412 Y224.345 E5.34066
G1 X221.388 Y228.112 E5.58734
G1 X221.259 Y229.034 E5.6483
G1 X220.805 Y230.164 E5.72804
G1 X220.349 Y230.847 E5.78181
G1 X219.549 Y231.683 E5.85758
G1 X218.996 Y232.074 E5.90193
G1 X218.048 Y232.525 E5.97067
G1 X216.774 Y232.837 E6.05656
G0 F7200 X216.71 Y232.312
G1 F3600 X217.873 Y232.027 E6.13497
G1 X218.727 Y231.621 E6.19689
G1 X219.206 Y231.282 E6.23531
G1 X219.938 Y230.517 E6.30464
G1 X220.338 Y229.919 E6.35175
G1 X220.748 Y228.898 E6.4238
G1 X220.868 Y228.039 E6.48059
G1 X220.887 Y224.398 E6.71901
G1 X220.645 Y223.204 E6.79879
G1 X220.54 Y222.912 E6.81911
G1 X219.957 Y221.95 E6.89276
G1 X219.359 Y221.295 E6.95084
G1 X218.464 Y220.601 E7.025
G1 X217.876 Y219.856 E7.08715
G1 X217.393 Y218.993 E7.15191
G1 X216.706 Y218.181 E7.22155
G1 X216.132 Y217.752 E7.26848
G1 X216.812 Y217.213 E7.3253
G1 X217.413 Y216.471 E7.38782
G1 X217.877 Y215.646 E7.4498
G1 X218.338 Y215.061 E7.49857
G1 X218.622 Y214.774 E7.52501
G1 X219.316 Y214.255 E7.58176
G1 X220.095 Y213.377 E7.65861
G1 X220.345 Y212.954 E7.69079
G1 X220.747 Y211.944 E7.76197
G1 X220.867 Y211.085 E7.81877
G1 X220.887 Y201.899 E8.42027
G1 X220.59 Y200.552 E8.5106
G1 X219.772 Y199.229 E8.61245
G1 X218.93 Y198.527 E8.68423
G1 X217.877 Y197.945 E8.76301
G1 X216.59 Y197.688 E8.84895
G1 X213.24 Y197.688 E9.06831
G1 X211.895 Y197.985 E9.15851
G1 X210.573 Y198.803 E9.2603
G1 X209.871 Y199.645 E9.33209
G1 X209.289 Y200.698 E9.41087
G1 X209.032 Y201.985 E9.49681
G1 X209.033 Y214.328 E10.30504
G1 X209.257 Y215.429 E10.37861
G1 X209.712 Y216.373 E10.44723
G1 X210.145 Y216.94 E10.49394
G1 X211.024 Y217.767 E10.57297
G1 X210.271 Y218.403 E10.63751
G1 X209.919 Y218.851 E10.67482
G1 X209.29 Y219.975 E10.75916
G1 X209.033 Y221.257 E10.84478
G1 X209.032 Y228.099 E11.2928
G1 X209.329 Y229.451 E11.38344
G1 X210.143 Y230.767 E11.48477
G1 X210.988 Y231.473 E11.55687
G1 X212.043 Y232.055 E11.63576
G1 X213.329 Y232.312 E11.72164
G1 X216.71 Y232.312 E11.94303
G0 F7200 X216.646 Y231.787
G1 F3600 X213.382 Y231.787 E12.15676
G1 X212.226 Y231.556 E12.23395
G1 X211.283 Y231.035 E12.3045
G1 X210.546 Y230.42 E12.36735
G1 X209.823 Y229.251 E12.45736
G1 X209.557 Y228.041 E12.53848
G1 X209.558 Y221.31 E12.97923
G1 X209.789 Y220.157 E13.05623
G1 X210.332 Y219.175 E13.12971
G1 X210.65 Y218.77 E13.16343
G1 X211.307 Y218.215 E13.21974
G1 X212.19 Y217.738 E13.28546
G1 X211.278 Y217.285 E13.35214
G1 X210.537 Y216.588 E13.41875
G1 X210.162 Y216.097 E13.45921
G1 X209.757 Y215.258 E13.52021
G1 X209.558 Y214.278 E13.58569
G1 X209.557 Y202.038 E14.38718
G1 X209.788 Y200.882 E14.46437
G1 X210.309 Y199.939 E14.53492
G1 X210.92 Y199.206 E14.59741
G1 X212.096 Y198.479 E14.68794
G1 X213.299 Y198.213 E14.76861
G1 X216.537 Y198.213 E14.98064
G1 X217.693 Y198.444 E15.05783
G1 X218.636 Y198.965 E15.12838
G1 X219.369 Y199.576 E15.19086
G1 X220.096 Y200.752 E15.2814
G1 X220.362 Y201.957 E15.3622
G1 X220.347 Y211.012 E15.95513
G1 X220.236 Y211.808 E16.00776
G1 X219.857 Y212.76 E16.07485
G1 X219.702 Y213.029 E16.09518
G1 X218.957 Y213.869 E16.1687
G1 X218.271 Y214.382 E16.2248
G1 X217.948 Y214.709 E16.25489
G1 X217.44 Y215.353 E16.3086
G1 X216.977 Y216.175 E16.37038
G1 X216.44 Y216.838 E16.42625
G1 X215.806 Y217.341 E16.47924
G1 X215.009 Y217.755 E16.53805
G1 X215.655 Y218.052 E16.58461
G1 X216.344 Y218.566 E16.64089
G1 X216.961 Y219.295 E16.70343
G1 X217.439 Y220.149 E16.76752
G1 X218.014 Y220.878 E16.82831
G1 X218.427 Y221.237 E16.86415
G1 X219.002 Y221.683 E16.9118
G1 X219.535 Y222.267 E16.96357
G1 X220.065 Y223.141 E17.0305
G1 X220.13 Y223.308 E17.04223
G1 X220.362 Y224.451 E17.11861
G1 X220.348 Y227.966 E17.34877
G1 X220.237 Y228.762 E17.4014
G1 X219.872 Y229.67 E17.46548
G1 X219.524 Y230.191 E17.50651
G1 X218.861 Y230.884 E17.56931
G1 X218.501 Y231.147 E17.5985
G1 X217.696 Y231.53 E17.65687
G1 X216.646 Y231.787 E17.72766
G0 F7200 X216.582 Y231.262
G1 F3600 X213.435 Y231.262 E17.93373
G1 X212.41 Y231.057 E18.00217
G1 X211.577 Y230.597 E18.06448
G1 X210.949 Y230.073 E18.11804
G1 X210.317 Y229.051 E18.19673
G1 X210.082 Y227.983 E18.26833
G1 X210.083 Y221.363 E18.70182
G1 X210.288 Y220.341 E18.77007
G1 X210.792 Y219.429 E18.8383
G1 X210.989 Y219.171 E18.85956
G1 X211.605 Y218.65 E18.91239
G1 X212.4 Y218.221 E18.97154
G1 X213.349 Y218.024 E19.035
G1 X214.112 Y218.074 E19.08507
G1 X214.898 Y218.282 E19.13831
G1 X215.384 Y218.505 E19.17333
G1 X215.982 Y218.951 E19.22218
G1 X216.527 Y219.595 E19.27742
G1 X217 Y220.439 E19.34077
G1 X217.634 Y221.243 E19.40782
G1 X218.094 Y221.644 E19.44778
G1 X218.645 Y222.071 E19.49342
G1 X219.113 Y222.584 E19.53889
G1 X219.616 Y223.413 E19.60239
G1 X219.837 Y224.501 E19.67509
G1 X219.828 Y227.894 E19.89726
G1 X219.726 Y228.626 E19.94566
G1 X219.406 Y229.421 E20.00178
G1 X219.11 Y229.864 E20.03666
G1 X218.539 Y230.469 E20.09114
G1 X218.276 Y230.673 E20.11293
G1 X217.521 Y231.032 E20.16767
G1 X216.582 Y231.262 E20.23098
G1 F2700 E18.93098
G0 F7200 X216.979 Y228.403
G0 X216.985 Y224.374
G0 X214.097 Y217.45
G1 F2700 E20.23098
G1 F3600 X213.14 Y217.44 E20.29365
G1 X212.479 Y217.295 E20.33796
G1 X211.582 Y216.85 E20.40353
G1 X210.929 Y216.236 E20.46222
G1 X210.612 Y215.821 E20.49641
G1 X210.259 Y215.09 E20.54957
G1 X210.083 Y214.223 E20.6075
G1 X210.082 Y202.091 E21.40191
G1 X210.287 Y201.066 E21.47036
G1 X210.747 Y200.233 E21.53267
G1 X211.269 Y199.607 E21.58604
G1 X212.294 Y198.973 E21.66496
G1 X213.358 Y198.738 E21.73631
G1 X216.484 Y198.738 E21.94101
G1 X217.509 Y198.943 E22.00945
G1 X218.342 Y199.403 E22.07176
G1 X218.968 Y199.925 E22.12514
G1 X219.602 Y200.95 E22.20405
G1 X219.837 Y202.015 E22.27547
G1 X219.827 Y210.94 E22.85989
G1 X219.725 Y211.672 E22.90828
G1 X219.369 Y212.566 E22.97129
G1 X219.274 Y212.721 E22.9832
G1 X218.601 Y213.48 E23.04962
G1 X217.924 Y213.986 E23.10497
G1 X217.558 Y214.357 E23.13909
G1 X217.003 Y215.06 E23.19774
G1 X216.541 Y215.879 E23.25931
G1 X216.068 Y216.463 E23.30852
G1 X215.521 Y216.897 E23.35425
G1 X214.903 Y217.218 E23.39985
G1 X214.097 Y217.45 E23.45477
G0 F7200 X214.705 Y216.729
G1 F3600 X214.028 Y216.924 E23.5009
G1 X213.201 Y216.916 E23.55506
G1 X212.652 Y216.795 E23.59187
G1 X211.888 Y216.416 E23.64771
G1 X211.289 Y215.853 E23.70154
G1 X211.085 Y215.593 E23.72318
G1 X210.761 Y214.922 E23.77197
G1 X210.608 Y214.168 E23.82235
G1 X210.607 Y202.144 E24.60969
G1 X210.786 Y201.25 E24.6694
G1 X211.185 Y200.527 E24.72347
G1 X211.618 Y200.008 E24.76773
G1 X212.492 Y199.467 E24.83503
G1 X213.417 Y199.263 E24.89706
G1 X216.431 Y199.263 E25.09442
G1 X217.325 Y199.442 E25.15412
G1 X218.048 Y199.841 E25.20819
G1 X218.567 Y200.274 E25.25245
G1 X219.108 Y201.148 E25.31976
G1 X219.312 Y202.073 E25.38179
G1 X219.307 Y210.868 E25.95769
G1 X219.214 Y211.536 E26.00185
G1 X218.881 Y212.372 E26.06078
G1 X218.241 Y213.093 E26.12391
G1 X217.576 Y213.591 E26.17831
G1 X217.164 Y214.009 E26.21674
G1 X216.568 Y214.763 E26.27967
G1 X216.105 Y215.583 E26.34134
G1 X215.696 Y216.088 E26.38389
G1 X215.236 Y216.453 E26.42234
G1 X214.705 Y216.729 E26.46153
G0 F7200 X214.56 Y216.224
G1 F3600 X213.955 Y216.398 E26.50275
G1 X213.252 Y216.391 E26.54879
G1 X212.885 Y216.325 E26.5732
G1 X212.192 Y215.981 E26.62386
G1 X211.648 Y215.47 E26.67274
G1 X211.534 Y215.315 E26.68534
G1 X211.263 Y214.754 E26.72613
G1 X211.133 Y214.113 E26.76896
G1 X211.132 Y202.197 E27.54923
G1 X211.285 Y201.432 E27.60031
G1 X211.619 Y200.826 E27.64562
G1 X211.967 Y200.41 E27.68114
G1 X212.693 Y199.961 E27.73703
G1 X213.476 Y199.788 E27.78954
G1 X216.378 Y199.788 E27.97957
G1 X217.143 Y199.941 E28.03065
G1 X217.749 Y200.275 E28.07596
G1 X218.165 Y200.623 E28.11148
G1 X218.614 Y201.349 E28.16737
G1 X218.787 Y202.132 E28.21988
G1 X218.787 Y210.796 E28.78721
G1 X218.703 Y211.4 E28.82714
G1 X218.427 Y212.093 E28.87598
G1 X217.885 Y212.704 E28.92947
G1 X217.232 Y213.192 E28.98285
G1 X216.766 Y213.666 E29.02637
G1 X216.133 Y214.466 E29.09317
G1 X215.669 Y215.287 E29.15492
G1 X215.325 Y215.712 E29.19073
G1 X214.984 Y215.992 E29.21962
G1 X214.56 Y216.224 E29.25127
G0 F7200 X214.315 Y215.76
G1 F3600 X213.885 Y215.872 E29.28036
G1 X213.257 Y215.866 E29.32149
G1 X213.052 Y215.822 E29.33522
G1 X212.496 Y215.546 E29.37586
G1 X212.007 Y215.087 E29.41978
G1 X211.765 Y214.586 E29.45621
G1 X211.658 Y214.058 E29.49149
G1 X211.657 Y202.25 E30.26469
G1 X211.784 Y201.615 E30.30709
G1 X212.079 Y201.08 E30.34709
G1 X212.316 Y200.811 E30.37057
G1 X212.891 Y200.455 E30.41485
G1 X213.535 Y200.313 E30.45804
G1 X216.325 Y200.313 E30.64073
G1 X216.96 Y200.44 E30.68313
G1 X217.495 Y200.735 E30.72314
G1 X217.764 Y200.972 E30.74661
G1 X218.12 Y201.547 E30.7909
G1 X218.262 Y202.191 E30.83408
G1 X218.262 Y210.796 E31.39754
G1 X218.193 Y211.261 E31.42832
G1 X217.972 Y211.815 E31.46738
G1 X217.526 Y212.317 E31.51135
G1 X216.884 Y212.797 E31.56384
G1 X216.367 Y213.323 E31.61214
G1 X215.775 Y214.072 E31.67465
G1 X215.502 Y214.515 E31.70872
G1 X215.261 Y214.957 E31.74169
G1 X214.917 Y215.382 E31.77749
G1 X214.665 Y215.575 E31.79828
G1 X214.315 Y215.76 E31.8242
G0 F7200 X214.07 Y215.296
G1 F3600 X213.89 Y215.347 E31.83645
G1 X213.262 Y215.341 E31.87757
G1 X212.855 Y215.163 E31.90666
G1 X212.436 Y214.77 E31.94428
G1 X212.277 Y214.469 E31.96657
G1 X212.183 Y214.058 E31.99418
G1 X212.182 Y202.25 E32.76738
G1 X212.244 Y201.869 E32.79265
G1 X212.539 Y201.334 E32.83266
G1 X212.691 Y201.179 E32.84687
G1 X213.09 Y200.949 E32.87703
G1 X213.594 Y200.838 E32.91082
G1 X216.325 Y200.838 E33.08965
G1 X216.706 Y200.9 E33.11493
G1 X217.241 Y201.195 E33.15493
G1 X217.396 Y201.347 E33.16915
G1 X217.626 Y201.746 E33.1993
G1 X217.737 Y202.25 E33.2331
G1 X217.737 Y210.796 E33.7927
G1 X217.675 Y211.177 E33.81797
G1 X217.519 Y211.534 E33.84349
G1 X217.17 Y211.928 E33.87795
G1 X216.752 Y212.24 E33.91211
G1 X216.363 Y212.579 E33.94589
G1 X215.977 Y212.971 E33.98192
G1 X215.638 Y213.37 E34.0162
G1 X215.338 Y213.78 E34.04947
G1 X215.047 Y214.252 E34.08578
G1 X214.845 Y214.636 E34.11419
G1 X214.582 Y214.977 E34.14239
G1 X214.42 Y215.111 E34.15615
G1 X214.07 Y215.296 E34.18208
G1 F2700 E32.88208
G0 F7200 X213.915 Y214.147
G1 F2700 E34.18208
G1 F3600 X213.804 Y214.274 E34.19312
G1 X213.647 Y214.336 E34.20417
G1 X213.478 Y214.321 E34.21528
G1 X213.336 Y214.23 E34.22633
G1 X213.233 Y214.058 E34.23945
G1 X213.232 Y202.25 E35.01265
G1 X213.271 Y202.086 E35.02369
G1 X213.381 Y201.957 E35.03479
G1 X213.594 Y201.888 E35.04945
G1 X216.325 Y201.888 E35.22828
G1 X216.489 Y201.927 E35.23932
G1 X216.618 Y202.037 E35.25042
G1 X216.687 Y202.25 E35.26508
G1 X216.687 Y210.796 E35.82468
G1 X216.648 Y210.96 E35.83572
G1 X216.542 Y211.086 E35.8465
G1 X216.092 Y211.422 E35.88328
G1 X215.639 Y211.817 E35.92263
G1 X215.209 Y212.253 E35.96273
G1 X214.818 Y212.713 E36.00226
G1 X214.456 Y213.21 E36.04252
G1 X214.134 Y213.731 E36.08263
G1 X213.915 Y214.147 E36.11341
G0 F7200 X214.174 Y214.647
G1 F3600 X213.84 Y214.824 E36.13817
G1 X213.432 Y214.844 E36.16491
G1 X213.195 Y214.763 E36.18131
G1 X212.886 Y214.5 E36.20788
G1 X212.783 Y214.328 E36.22101
G1 X212.708 Y214.058 E36.23936
G1 X212.707 Y202.25 E37.01256
G1 X212.76 Y201.965 E37.03154
G1 X212.982 Y201.616 E37.05863
G1 X213.219 Y201.458 E37.07728
G1 X213.594 Y201.363 E37.10261
G1 X216.325 Y201.363 E37.28144
G1 X216.61 Y201.416 E37.30042
G1 X216.959 Y201.638 E37.3275
G1 X217.117 Y201.875 E37.34616
G1 X217.212 Y202.25 E37.37149
G1 X217.212 Y210.796 E37.93109
G1 X217.159 Y211.081 E37.95007
G1 X217.05 Y211.298 E37.96597
G1 X216.856 Y211.507 E37.98464
G1 X216.422 Y211.831 E38.02011
G1 X216.001 Y212.198 E38.05668
G1 X215.593 Y212.612 E38.09474
G1 X215.228 Y213.041 E38.13162
G1 X214.897 Y213.495 E38.16841
G1 X214.592 Y213.989 E38.20643
G1 X214.38 Y214.392 E38.23625
G1 X214.174 Y214.647 E38.25771
G1 F2700 E36.95771
G0 F7200 X215.62 Y219.336
G1 F2700 E38.25771
G1 F3600 X216.093 Y219.895 E38.30566
G1 X216.561 Y220.729 E38.36828
G1 X217.254 Y221.608 E38.44158
G1 X217.761 Y222.05 E38.48562
G1 X218.288 Y222.459 E38.5293
G1 X218.691 Y222.901 E38.56847
G1 X219.12 Y223.608 E38.62262
G1 X219.312 Y224.551 E38.68564
G1 X219.308 Y227.822 E38.89982
G1 X219.215 Y228.49 E38.94399
G1 X218.938 Y229.177 E38.99249
G1 X218.728 Y229.504 E39.01794
G1 X218.157 Y230.109 E39.07241
G1 X218 Y230.223 E39.08512
G1 X217.346 Y230.534 E39.13254
G1 X216.518 Y230.737 E39.18836
G1 X213.488 Y230.737 E39.38677
G1 X212.594 Y230.558 E39.44647
G1 X211.871 Y230.159 E39.50054
G1 X211.352 Y229.726 E39.5448
G1 X210.811 Y228.851 E39.61217
G1 X210.607 Y227.925 E39.67425
G1 X210.608 Y221.416 E40.10047
G1 X210.787 Y220.522 E40.16017
G1 X211.251 Y219.683 E40.22295
G1 X211.371 Y219.536 E40.23538
G1 X211.902 Y219.087 E40.28091
G1 X212.583 Y218.719 E40.3316
G1 X213.385 Y218.553 E40.38523
G1 X214.026 Y218.595 E40.42729
G1 X214.764 Y218.79 E40.47727
G1 X215.07 Y218.926 E40.4992
G1 X215.62 Y219.336 E40.54412
G0 F7200 X215.659 Y220.195
G1 F3600 X215.258 Y219.721 E40.58478
G1 X214.802 Y219.381 E40.62202
G1 X214.626 Y219.296 E40.63482
G1 X213.971 Y219.117 E40.67928
G1 X213.492 Y219.067 E40.71082
G1 X212.764 Y219.218 E40.7595
G1 X212.2 Y219.522 E40.80146
G1 X211.71 Y219.937 E40.84351
G1 X211.286 Y220.703 E40.90083
G1 X211.133 Y221.469 E40.95198
G1 X211.132 Y227.866 E41.37087
G1 X211.305 Y228.651 E41.4235
G1 X211.754 Y229.377 E41.4794
G1 X212.17 Y229.725 E41.51491
G1 X212.776 Y230.059 E41.56022
G1 X213.541 Y230.212 E41.61131
G1 X216.454 Y230.212 E41.80205
G1 X217.171 Y230.036 E41.8504
G1 X217.775 Y229.749 E41.89418
G1 X218.346 Y229.144 E41.94866
G1 X218.451 Y228.981 E41.96135
G1 X218.704 Y228.354 E42.00563
G1 X218.788 Y227.75 E42.04556
G1 X218.787 Y224.602 E42.25169
G1 X218.624 Y223.803 E42.30509
G1 X218.269 Y223.218 E42.3499
G1 X217.93 Y222.846 E42.38285
G1 X217.428 Y222.456 E42.42448
G1 X216.874 Y221.973 E42.47261
G1 X216.122 Y221.02 E42.5521
G1 X215.659 Y220.195 E42.61405
G1 F2700 E41.31405
G0 F7200 X215.766 Y221.416
G1 F2700 E42.61405
G1 F3600 X216.494 Y222.338 E42.69097
G1 X217.094 Y222.861 E42.74309
G1 X217.551 Y223.21 E42.78074
G1 X217.82 Y223.49 E42.80617
G1 X218.128 Y223.998 E42.84507
G1 X218.262 Y224.653 E42.88885
G1 X218.263 Y227.75 E43.09164
G1 X218.194 Y228.215 E43.12242
G1 X217.964 Y228.784 E43.16261
G1 X217.462 Y229.316 E43.21051
G1 X217.046 Y229.526 E43.24102
G1 X216.39 Y229.687 E43.28525
G1 X213.594 Y229.687 E43.46833
G1 X212.959 Y229.56 E43.51074
G1 X212.424 Y229.265 E43.55074
G1 X212.155 Y229.028 E43.57422
G1 X211.799 Y228.453 E43.6185
G1 X211.657 Y227.808 E43.66175
G1 X211.658 Y221.522 E44.07336
G1 X211.785 Y220.887 E44.11577
G1 X212.123 Y220.275 E44.16155
G1 X212.449 Y219.984 E44.19016
G1 X212.945 Y219.717 E44.22705
G1 X213.52 Y219.597 E44.26551
G1 X213.833 Y219.623 E44.28607
G1 X214.488 Y219.802 E44.33054
G1 X214.896 Y220.106 E44.36385
G1 X215.225 Y220.495 E44.39721
G1 X215.495 Y220.975 E44.43328
G1 X215.766 Y221.416 E44.46717
G1 F2700 E43.16717
G0 F7200 X216.362 Y222.92
G1 F2700 E44.46717
G1 F3600 X216.756 Y223.263 E44.50138
G1 X217.172 Y223.574 E44.53539
G1 X217.441 Y223.854 E44.56081
G1 X217.632 Y224.192 E44.58623
G1 X217.737 Y224.704 E44.62046
G1 X217.738 Y227.75 E44.81991
G1 X217.676 Y228.131 E44.84519
G1 X217.516 Y228.493 E44.87111
G1 X217.14 Y228.891 E44.90696
G1 X216.921 Y229.016 E44.92347
G1 X216.326 Y229.162 E44.96359
G1 X213.594 Y229.162 E45.14248
G1 X213.213 Y229.1 E45.16776
G1 X212.678 Y228.805 E45.20776
G1 X212.523 Y228.653 E45.22198
G1 X212.293 Y228.254 E45.25213
G1 X212.182 Y227.75 E45.28593
G1 X212.183 Y221.522 E45.69374
G1 X212.245 Y221.141 E45.71902
G1 X212.54 Y220.606 E45.75902
G1 X212.716 Y220.436 E45.77505
G1 X213.069 Y220.227 E45.80191
G1 X213.501 Y220.122 E45.83102
G1 X213.695 Y220.129 E45.84373
G1 X214.255 Y220.282 E45.88175
G1 X214.503 Y220.454 E45.90151
G1 X214.767 Y220.752 E45.92758
G1 X215.038 Y221.234 E45.96379
G1 X215.333 Y221.713 E46.00062
G1 X215.638 Y222.13 E46.03445
G1 X215.976 Y222.528 E46.06864
G1 X216.362 Y222.92 E46.10467
G1 F2700 E44.80467
G0 F7200 X216.687 Y224.704
G1 F2700 E46.10467
G1 F3600 X216.688 Y227.75 E46.30412
G1 X216.649 Y227.914 E46.31516
G1 X216.539 Y228.043 E46.32626
G1 X216.326 Y228.112 E46.34092
G1 X213.594 Y228.112 E46.51982
G1 X213.43 Y228.073 E46.53085
G1 X213.301 Y227.963 E46.54196
G1 X213.232 Y227.75 E46.55662
G1 X213.233 Y221.522 E46.96443
G1 X213.272 Y221.358 E46.97547
G1 X213.382 Y221.229 E46.98657
G1 X213.538 Y221.164 E46.99764
G1 X213.707 Y221.178 E47.00874
G1 X213.851 Y221.266 E47.01979
G1 X214.134 Y221.769 E47.05758
G1 X214.455 Y222.289 E47.0976
G1 X214.818 Y222.787 E47.13795
G1 X215.208 Y223.246 E47.17739
G1 X215.638 Y223.682 E47.21749
G1 X216.092 Y224.077 E47.2569
G1 X216.542 Y224.414 E47.29371
G1 X216.65 Y224.544 E47.30478
G1 X216.687 Y224.704 E47.31553
G0 F7200 X217.212 Y224.704
G1 F3600 X217.213 Y227.75 E47.51498
G1 X217.16 Y228.035 E47.53397
G1 X217.048 Y228.255 E47.55013
G1 X216.779 Y228.51 E47.5744
G1 X216.326 Y228.637 E47.60521
G1 X213.594 Y228.637 E47.7841
G1 X213.309 Y228.584 E47.80308
G1 X212.96 Y228.362 E47.83017
G1 X212.802 Y228.125 E47.84882
G1 X212.707 Y227.75 E47.87415
G1 X212.708 Y221.522 E48.28197
G1 X212.761 Y221.237 E48.30095
G1 X212.983 Y220.888 E48.32803
G1 X213.336 Y220.679 E48.3549
G1 X213.581 Y220.641 E48.37113
G1 X213.981 Y220.73 E48.39796
G1 X214.125 Y220.818 E48.40901
G1 X214.309 Y221.009 E48.42638
G1 X214.581 Y221.493 E48.46273
G1 X214.896 Y222.004 E48.50204
G1 X215.228 Y222.459 E48.53892
G1 X215.592 Y222.887 E48.57571
G1 X216 Y223.301 E48.61378
G1 X216.424 Y223.67 E48.65058
G1 X216.857 Y223.994 E48.68599
G1 X217.054 Y224.209 E48.70509
G1 X217.162 Y224.426 E48.72096
G1 X217.212 Y224.704 E48.73946
G1 F2700 E47.43946
;MESH:lowerRightPad.stl
G0 F7200 X214.38 Y224.043
;TYPE:WALL-INNER
G1 F2700 E48.73946
G1 F3600 X214.379 Y226.961 E48.93053
G1 X215.537 Y226.961 E49.00636
G1 X215.537 Y225.118 E49.12704
G1 X214.832 Y224.498 E49.18851
G1 X214.38 Y224.043 E49.23051
G1 F2700 E47.93051
G0 F7200 X213.855 Y222.526
;TYPE:WALL-OUTER
G1 F2700 E49.23051
G1 F3600 X213.854 Y227.486 E49.55529
G1 X216.062 Y227.486 E49.69988
G1 X216.062 Y224.835 E49.87347
G1 X215.695 Y224.558 E49.90357
G1 X215.205 Y224.129 E49.94622
G1 X214.753 Y223.673 E49.98826
G1 X214.32 Y223.163 E50.03207
G1 X213.855 Y222.526 E50.08371
G0 F7200 X213.855 Y222.726
G1 F2700 E48.78371
G0 F7200 X212.929 Y222.726
G0 X212.929 Y226.38
G0 X214.956 Y226.38
;TYPE:SKIN
G1 F2700 E50.08371
G1 F2783.5 X214.957 Y225.371 E50.16916
G1 F2700 E48.86916
G0 F7200 X216.284 Y223.843
G0 X215.434 Y212.457
G0 X214.38 Y211.453
;TYPE:WALL-INNER
G1 F2700 E50.16916
G1 F3600 X214.832 Y210.998 E50.21116
G1 X215.537 Y210.379 E50.27259
G1 X215.537 Y203.035 E50.75348
G1 X214.379 Y203.035 E50.82931
G1 X214.38 Y211.453 E51.38053
G1 F2700 E50.08053
G0 F7200 X213.854 Y212.969
;TYPE:WALL-OUTER
G1 F2700 E51.38053
G1 F3600 X214.332 Y212.317 E51.43347
G1 X214.753 Y211.823 E51.47597
G1 X215.219 Y211.354 E51.51926
G1 X215.711 Y210.925 E51.56201
G1 X216.062 Y210.664 E51.59065
G1 X216.062 Y202.51 E52.12458
G1 X213.854 Y202.51 E52.26916
G1 X213.854 Y212.969 E52.95402
G0 F7200 X213.972 Y212.808
G1 F2700 E51.65402
G0 F7200 X212.93 Y212.809
G0 X212.93 Y203.615
G0 X214.958 Y203.614
;TYPE:SKIN
G1 F2700 E52.95402
G1 F2795.9 X214.958 Y210.124 E53.50291
M104 S235
G1 F2700 E52.20291
;MESH:NONMESH
G0 F600 X214.958 Y210.124 Z0.4
G0 F7200 X212.93 Y210.125
G0 X210.277 Y201.383
;TIME_ELAPSED:31.227026
;LAYER:1
;note -- min layer time used
M106 S255
M204 S750
;TYPE:SUPPORT
G1 F2700 E53.50291
G1 F2534.2 X211.024 Y201.174 E53.51578
G1 X211.771 Y201.383 E53.52865
G1 X212.32 Y201.96 E53.54186
G1 X212.525 Y202.67 E53.55412
G1 X212.316 Y203.422 E53.56706
G1 X212.182 Y203.559 E53.57024
G1 X212.142 Y203.664 E53.57211
G1 X212.182 Y203.809 E53.5746
G1 X212.312 Y203.951 E53.5778
G1 X212.427 Y204.28 E53.58358
G1 X212.802 Y204.628 E53.59206
G1 X212.802 Y206.633 E53.62532
G1 X212.518 Y206.916 E53.63197
G1 X211.77 Y207.125 E53.64486
G1 X211.062 Y206.917 E53.6571
G1 X211.012 Y206.88 E53.65813
G1 X210.311 Y206.669 E53.67028
G1 X209.731 Y206.089 E53.68388
G1 X209.523 Y205.379 E53.69615
G1 X209.566 Y205.213 E53.699
G1 X209.523 Y205.023 E53.70223
G1 X209.566 Y204.829 E53.70553
G1 X209.52 Y204.665 E53.70835
G1 X209.728 Y203.955 E53.72063
G1 X209.879 Y203.793 E53.7243
G1 X209.922 Y203.684 E53.72624
G1 X209.884 Y203.542 E53.72868
G1 X209.731 Y203.385 E53.73232
G1 X209.519 Y202.671 E53.74467
G1 X209.728 Y201.96 E53.75697
G1 X210.277 Y201.383 E53.77018
G1 F2700 E52.47018
G0 F8175 X211.024 Y209.231
G1 F2700 E53.77018
G1 F2534.2 X211.771 Y209.443 E53.78306
G1 X212.316 Y210.016 E53.79618
G1 X212.423 Y210.316 E53.80146
G1 X212.802 Y210.692 E53.81032
G1 X212.802 Y212.697 E53.84358
G1 X212.553 Y212.966 E53.84966
G1 X212.426 Y213.433 E53.85769
G1 X212.525 Y213.822 E53.86434
G1 X212.426 Y214.189 E53.87065
G1 X212.525 Y214.582 E53.87737
G1 X212.426 Y214.986 E53.88427
G1 X212.468 Y215.096 E53.88623
G1 X212.71 Y215.385 E53.89248
G1 X212.876 Y215.95 E53.90225
G1 X213.224 Y216.32 E53.91067
G1 X213.429 Y217.03 E53.92293
G1 X213.22 Y217.778 E53.93582
G1 X212.674 Y218.324 E53.94862
G1 X211.926 Y218.533 E53.96151
G1 X211.219 Y218.325 E53.97373
G1 X210.635 Y217.741 E53.98743
G1 X210.466 Y217.16 E53.99747
G1 X210.127 Y216.813 E54.00552
G1 X209.967 Y216.297 E54.01448
G1 X209.731 Y216.053 E54.02011
G1 X209.523 Y215.341 E54.03242
G1 X209.626 Y214.979 E54.03866
G1 X209.523 Y214.58 E54.0455
G1 X209.626 Y214.219 E54.05172
G1 X209.523 Y213.82 E54.05856
G1 X209.626 Y213.459 E54.06479
G1 X209.524 Y213.063 E54.07157
G1 X209.626 Y212.674 E54.07824
G1 X209.523 Y212.303 E54.08463
G1 X209.637 Y211.9 E54.09157
G1 X209.523 Y211.441 E54.09942
G1 X209.565 Y211.242 E54.10279
G1 X209.523 Y211.085 E54.10549
G1 X209.566 Y210.894 E54.10874
G1 X209.523 Y210.728 E54.11158
G1 X209.728 Y210.02 E54.12381
G1 X210.277 Y209.443 E54.13702
G1 X211.024 Y209.231 E54.1499
G1 F2700 E52.8499
G0 F8175 X213.039 Y214.246
G0 X213.991 Y214.517
G0 X216.885 Y211.196
G0 X217.114 Y207.992
G1 F2700 E54.1499
G1 F2534.2 X217.114 Y204.312 E54.21095
G1 X217.405 Y203.98 E54.21827
G1 X217.391 Y203.783 E54.22155
G1 X217.494 Y203.423 E54.22776
G1 X217.392 Y203.027 E54.23454
G1 X217.494 Y202.667 E54.24075
G1 X217.391 Y202.267 E54.2476
G1 X217.6 Y201.556 E54.25989
G1 X218.149 Y200.979 E54.27311
G1 X218.893 Y200.767 E54.28594
G1 X219.639 Y200.979 E54.2988
G1 X220.188 Y201.556 E54.31202
G1 X220.397 Y202.265 E54.32428
G1 X220.294 Y202.637 E54.33068
G1 X220.393 Y203.026 E54.33734
G1 X220.294 Y203.393 E54.34365
G1 X220.393 Y203.782 E54.3503
G1 X220.298 Y204.215 E54.35766
G1 X220.393 Y204.542 E54.36331
G1 X220.188 Y205.29 E54.37617
G1 X219.658 Y205.821 E54.38862
G1 X219.611 Y205.91 E54.39029
G1 X219.615 Y206.054 E54.39268
G1 X220.188 Y206.66 E54.40651
G1 X220.393 Y207.369 E54.41875
G1 X220.351 Y207.574 E54.42223
G1 X220.392 Y207.726 E54.42484
G1 X220.35 Y207.919 E54.42811
G1 X220.393 Y208.076 E54.43081
G1 X220.188 Y208.822 E54.44365
G1 X219.638 Y209.368 E54.4565
G1 X218.894 Y209.577 E54.46932
G1 X218.183 Y209.369 E54.48161
G1 X217.6 Y208.786 E54.49529
G1 X217.482 Y208.374 E54.5024
G1 X217.114 Y207.992 E54.5112
G1 F2700 E53.2112
G0 F8175 X216.885 Y211.196
G0 X211.771 Y221.563
G1 F2700 E54.5112
G1 F2534.2 X212.316 Y222.14 E54.52436
G1 X212.386 Y222.377 E54.52846
G1 X212.802 Y222.816 E54.5385
G1 X212.802 Y225.728 E54.5868
G1 X212.54 Y225.996 E54.59302
G1 X212.422 Y226.389 E54.59983
G1 X212.521 Y226.778 E54.60648
G1 X212.422 Y227.149 E54.61285
G1 X212.521 Y227.542 E54.61958
G1 X212.316 Y228.286 E54.63238
G1 X211.77 Y228.832 E54.64519
G1 X211.022 Y229.041 E54.65807
G1 X210.311 Y228.833 E54.67036
G1 X209.731 Y228.253 E54.68397
G1 X209.519 Y227.539 E54.69632
G1 X209.622 Y227.179 E54.70253
G1 X209.519 Y226.78 E54.70937
G1 X209.622 Y226.419 E54.7156
G1 X209.523 Y226.021 E54.7224
G1 X209.623 Y225.677 E54.72834
G1 X209.524 Y225.259 E54.73547
G1 X209.771 Y224.412 E54.7501
G1 X209.523 Y223.563 E54.76478
G1 X209.566 Y223.362 E54.76819
G1 X209.524 Y223.208 E54.77083
G1 X209.566 Y223.054 E54.77348
G1 X209.523 Y222.852 E54.77691
G1 X209.728 Y222.14 E54.7892
G1 X210.277 Y221.563 E54.80241
G1 X211.023 Y221.355 E54.81526
G1 X211.771 Y221.563 E54.82814
G1 F2700 E53.52814
G0 F8175 X213.991 Y220.982
G0 X217.471 Y224.59
G1 F2700 E54.82814
G1 F2534.2 X218.042 Y224.009 E54.84165
G1 X218.826 Y223.802 E54.8551
G1 X219.643 Y224.031 E54.86918
G1 X220.188 Y224.604 E54.88229
G1 X220.393 Y225.317 E54.8946
G1 X220.295 Y225.767 E54.90224
G1 X220.393 Y226.095 E54.90792
G1 X220.278 Y226.567 E54.91598
G1 X220.397 Y226.99 E54.92327
G1 X220.188 Y227.738 E54.93615
G1 X219.642 Y228.284 E54.94896
G1 X218.894 Y228.493 E54.96184
G1 X218.183 Y228.285 E54.97413
G1 X217.603 Y227.701 E54.98779
G1 X217.395 Y226.991 E55.00006
G1 X217.514 Y226.563 E55.00743
G1 X217.392 Y226.095 E55.01545
G1 X217.443 Y225.909 E55.01865
G1 X217.26 Y225.295 E55.02928
G1 X217.471 Y224.59 E55.04149
G1 F2700 E53.74149
;MESH:lowerRightPad.stl
G0 F8175 X215.788 Y224.851
G0 X214.553 Y224.317
G0 X214.322 Y223.767
M204 S594
;TYPE:WALL-INNER
G1 F2700 E55.04149
G1 F2534.2 X214.322 Y227.118 E55.1
G1 X215.594 Y227.118 E55.12221
G1 X215.594 Y224.948 E55.1601
G1 X215.028 Y224.469 E55.17305
G1 X214.322 Y223.767 E55.19043
M204 S750
G0 F8175 X214.553 Y224.317
G0 X214.145 Y223.245
G0 X213.901 Y222.499
M204 S594
;TYPE:WALL-OUTER
G1 F2534.2 X213.902 Y227.538 E55.27842
G1 X216.014 Y227.538 E55.3153
G1 X216.014 Y224.755 E55.3639
G1 X215.287 Y224.137 E55.38056
G1 X214.779 Y223.628 E55.39312
G1 X214.366 Y223.14 E55.40428
G1 X213.901 Y222.499 E55.41811
M204 S750
G0 F8175 X213.901 Y222.699
G0 X214.145 Y223.245
G0 X214.734 Y224.755
;TYPE:SKIN
G1 F2381.1 X215.181 Y225.139 E55.42906
G1 F2375.8 X215.18 Y226.704 E55.45821
G1 X214.732 Y226.704 E55.46655
G1 X214.734 Y224.755 E55.50285
G0 F8175 X214.934 Y224.904
G1 F2700 E54.20285
G0 F8175 X214.121 Y223.169
G0 X215.002 Y222.525
G0 X215.003 Y212.974
G0 X214.121 Y212.331
G0 X214.552 Y211.182
G0 X214.322 Y211.735
M204 S594
;TYPE:WALL-INNER
G1 F2700 E55.50285
G1 F2534.2 X214.968 Y211.085 E55.51886
G1 X215.594 Y210.538 E55.53337
G1 X215.594 Y202.878 E55.66713
G1 X214.322 Y202.878 E55.68934
G1 X214.322 Y211.735 E55.844
M204 S750
G0 F8175 X214.552 Y211.182
G0 X214.145 Y212.255
G0 X213.902 Y212.994
M204 S594
;TYPE:WALL-OUTER
G1 F2534.2 X214.372 Y212.351 E55.8579
G1 X214.794 Y211.856 E55.86926
G1 X215.245 Y211.401 E55.88045
G1 X215.693 Y211.009 E55.89084
G1 X216.014 Y210.764 E55.89789
G1 X216.014 Y202.458 E56.04293
G1 X213.902 Y202.458 E56.07981
G1 X213.902 Y212.994 E56.26378
M204 S750
G0 F8175 X214.02 Y212.833
G0 X214.145 Y212.255
G0 X214.732 Y210.744
;TYPE:SKIN
G1 F2375.8 X214.732 Y203.288 E56.40266
G1 X215.18 Y203.288 E56.411
G1 X215.18 Y210.357 E56.54267
G1 X214.732 Y210.744 E56.55369
G0 F8175 X214.718 Y210.496
G1 F2700 E55.25369
;MESH:NONMESH
G0 F600 X214.718 Y210.496 Z0.5
G0 F8175 X214.128 Y202.684
G0 X213.03 Y202.685
G0 X210.317 Y201.455
;TIME_ELAPSED:42.523597
;LAYER:2
;note -- min layer time used
M204 S1000
;TYPE:SUPPORT
G1 F2700 E56.55369
G1 F2451.9 X211.023 Y201.259 E56.56585
G1 X211.727 Y201.455 E56.57797
G1 X212.244 Y202 E56.59043
G1 X212.441 Y202.67 E56.60202
G1 X212.244 Y203.377 E56.61419
G1 X212.074 Y203.545 E56.61816
G1 X212.026 Y203.66 E56.62022
G1 X212.074 Y203.814 E56.6229
G1 X212.244 Y203.992 E56.62698
G1 X212.372 Y204.346 E56.63323
G1 X212.479 Y204.403 E56.63524
G1 X212.802 Y204.748 E56.64308
G1 X212.802 Y206.52 E56.67247
G1 X212.478 Y206.84 E56.68003
G1 X211.77 Y207.041 E56.69223
G1 X211.102 Y206.845 E56.70378
G1 X211.05 Y206.806 E56.70486
G1 X210.351 Y206.597 E56.71696
G1 X209.803 Y206.049 E56.72982
G1 X209.604 Y205.382 E56.74137
G1 X209.65 Y205.216 E56.74422
G1 X209.608 Y205.024 E56.74748
G1 X209.65 Y204.831 E56.75076
G1 X209.604 Y204.665 E56.75362
G1 X209.8 Y203.995 E56.7652
G1 X209.98 Y203.8 E56.7696
G1 X210.03 Y203.684 E56.7717
G1 X209.984 Y203.532 E56.77433
G1 X209.803 Y203.346 E56.77863
G1 X209.603 Y202.671 E56.79031
G1 X209.8 Y202 E56.80191
G1 X210.317 Y201.455 E56.81438
G1 F2700 E55.51438
G0 F9150 X211.023 Y209.315
G1 F2700 E56.81438
G1 F2451.9 X211.727 Y209.515 E56.82652
G1 X212.248 Y210.06 E56.83902
G1 X212.364 Y210.398 E56.84495
G1 X212.478 Y210.466 E56.84715
G1 X212.802 Y210.808 E56.85497
G1 X212.802 Y212.582 E56.8844
G1 X212.564 Y212.848 E56.89032
G1 X212.505 Y213.049 E56.89379
G1 X212.419 Y213.155 E56.89606
G1 X212.342 Y213.466 E56.90137
G1 X212.441 Y213.822 E56.9075
G1 X212.342 Y214.226 E56.9144
G1 X212.443 Y214.588 E56.92063
G1 X212.35 Y215.049 E56.92844
G1 X212.402 Y215.176 E56.93071
G1 X212.64 Y215.428 E56.93646
G1 X212.802 Y215.983 E56.94605
G1 X213.152 Y216.356 E56.95454
G1 X213.345 Y217.029 E56.96615
G1 X213.148 Y217.734 E56.9783
G1 X212.634 Y218.252 E56.9904
G1 X211.926 Y218.449 E57.00259
G1 X211.259 Y218.253 E57.01412
G1 X210.707 Y217.701 E57.02707
G1 X210.538 Y217.12 E57.03711
G1 X210.199 Y216.773 E57.04516
G1 X210.06 Y216.295 E57.05342
G1 X209.803 Y216.013 E57.05974
G1 X209.604 Y215.341 E57.07137
G1 X209.709 Y214.984 E57.07754
G1 X209.607 Y214.58 E57.08446
G1 X209.71 Y214.182 E57.09128
G1 X209.607 Y213.823 E57.09747
G1 X209.71 Y213.422 E57.10434
G1 X209.607 Y213.062 E57.11055
G1 X209.714 Y212.679 E57.11715
G1 X209.616 Y212.307 E57.12353
G1 X209.73 Y211.908 E57.13041
G1 X209.607 Y211.441 E57.13842
G1 X209.649 Y211.241 E57.14181
G1 X209.607 Y211.085 E57.14449
G1 X209.65 Y210.892 E57.14777
G1 X209.607 Y210.731 E57.15054
G1 X209.8 Y210.056 E57.16218
G1 X210.317 Y209.515 E57.1746
G1 X211.023 Y209.315 E57.18677
G1 F2700 E55.88677
G0 F9150 X213.089 Y214.191
G0 X214.053 Y214.456
G0 X216.835 Y211.23
G0 X217.114 Y207.881
G1 F2700 E57.18677
G1 F2451.9 X217.114 Y204.428 E57.24405
G1 X217.422 Y204.097 E57.25155
G1 X217.49 Y203.874 E57.25542
G1 X217.475 Y203.783 E57.25695
G1 X217.578 Y203.423 E57.26316
G1 X217.476 Y203.027 E57.26994
G1 X217.578 Y202.667 E57.27615
G1 X217.475 Y202.267 E57.283
G1 X217.672 Y201.596 E57.2946
G1 X218.189 Y201.051 E57.30706
G1 X218.893 Y200.851 E57.3192
G1 X219.599 Y201.051 E57.33138
G1 X220.116 Y201.596 E57.34384
G1 X220.313 Y202.265 E57.35541
G1 X220.21 Y202.637 E57.36181
G1 X220.309 Y203.026 E57.36847
G1 X220.21 Y203.43 E57.37537
G1 X220.309 Y203.782 E57.38143
G1 X220.206 Y204.203 E57.38862
G1 X220.301 Y204.541 E57.39445
G1 X220.1 Y205.25 E57.40667
G1 X219.533 Y205.819 E57.42
G1 X219.49 Y205.909 E57.42165
G1 X219.497 Y206.048 E57.42396
G1 X220.116 Y206.696 E57.43883
G1 X220.309 Y207.366 E57.45039
G1 X220.266 Y207.536 E57.4533
G1 X220.309 Y207.728 E57.45656
G1 X220.27 Y207.92 E57.45981
G1 X220.313 Y208.075 E57.46248
G1 X220.112 Y208.778 E57.47461
G1 X219.598 Y209.292 E57.48667
G1 X218.89 Y209.493 E57.49888
G1 X218.223 Y209.297 E57.51041
G1 X217.675 Y208.745 E57.52331
G1 X217.54 Y208.31 E57.53087
G1 X217.114 Y207.881 E57.5409
G1 F2700 E56.2409
G0 F9150 X216.835 Y211.23
G0 X211.727 Y221.635
G1 F2700 E57.5409
G1 F2451.9 X212.245 Y222.181 E57.55338
G1 X212.361 Y222.514 E57.55923
G1 X212.802 Y222.932 E57.56931
G1 X212.802 Y225.612 E57.61377
G1 X212.562 Y225.859 E57.61948
G1 X212.45 Y226.042 E57.62304
G1 X212.338 Y226.392 E57.62914
G1 X212.441 Y226.779 E57.63578
G1 X212.338 Y227.149 E57.64215
G1 X212.437 Y227.539 E57.64883
G1 X212.244 Y228.246 E57.66098
G1 X211.726 Y228.76 E57.67309
G1 X211.022 Y228.957 E57.68522
G1 X210.351 Y228.761 E57.69681
G1 X209.803 Y228.213 E57.70967
G1 X209.603 Y227.539 E57.72133
G1 X209.706 Y227.179 E57.72754
G1 X209.603 Y226.78 E57.73438
G1 X209.707 Y226.4 E57.74091
G1 X209.607 Y226.02 E57.74743
G1 X209.714 Y225.598 E57.75465
G1 X209.62 Y225.265 E57.76039
G1 X209.887 Y224.381 E57.77571
G1 X209.803 Y224.233 E57.77854
G1 X209.607 Y223.563 E57.79012
G1 X209.649 Y223.361 E57.79354
G1 X209.608 Y223.208 E57.79617
G1 X209.65 Y223.016 E57.79943
G1 X209.607 Y222.851 E57.80225
G1 X209.8 Y222.18 E57.81384
G1 X210.317 Y221.635 E57.8263
G1 X211.023 Y221.439 E57.83845
G1 X211.727 Y221.635 E57.85057
G1 F2700 E56.55057
G0 F9150 X214.04 Y221.063
G0 X217.399 Y224.61
G1 F2700 E57.85057
G1 F2451.9 X217.938 Y224.061 E57.86334
G1 X218.699 Y223.858 E57.8764
G1 X219.549 Y224.092 E57.89103
G1 X220.09 Y224.643 E57.90384
G1 X220.3 Y225.319 E57.91558
G1 X220.202 Y225.673 E57.92167
G1 X220.313 Y226.095 E57.92891
G1 X220.194 Y226.57 E57.93703
G1 X220.313 Y226.99 E57.94428
G1 X220.116 Y227.694 E57.9564
G1 X219.598 Y228.208 E57.96851
G1 X218.893 Y228.409 E57.98067
G1 X218.223 Y228.213 E57.99225
G1 X217.675 Y227.661 E58.00515
G1 X217.476 Y226.989 E58.01678
G1 X217.607 Y226.533 E58.02465
G1 X217.427 Y226.012 E58.03379
G1 X217.2 Y225.275 E58.04658
G1 X217.399 Y224.61 E58.0581
G1 F2700 E56.7581
;MESH:lowerRightPad.stl
G0 F9150 X215.738 Y224.81
G0 X214.602 Y224.368
G0 X214.374 Y223.81
M204 S688
;TYPE:WALL-INNER
G1 F2700 E58.0581
G1 F2451.9 X214.374 Y227.118 E58.11586
G1 X215.545 Y227.118 E58.13631
G1 X215.542 Y224.916 E58.17476
G1 X214.932 Y224.376 E58.18899
G1 X214.374 Y223.81 E58.20286
M204 S1000
G0 F9150 X214.602 Y224.368
G0 X214.195 Y223.313
G0 X213.955 Y222.561
M204 S688
;TYPE:WALL-OUTER
G1 F2451.9 X213.954 Y227.538 E58.28977
G1 X215.965 Y227.538 E58.32489
G1 X215.962 Y224.699 E58.37446
G1 X215.692 Y224.49 E58.38042
G1 X215.23 Y224.08 E58.39121
G1 X214.775 Y223.62 E58.4025
G1 X214.362 Y223.132 E58.41367
G1 X213.955 Y222.561 E58.42591
M204 S1000
G0 F9150 X213.955 Y222.761
G0 X214.195 Y223.313
G0 X214.76 Y224.739
;TYPE:SKIN
G1 F2607.1 X215.155 Y225.089 E58.43458
G1 F2600.5 X215.157 Y226.729 E58.46158
G1 F2587.5 X214.759 Y226.729 E58.46817
G1 F2600.5 X214.76 Y224.739 E58.50093
G0 F9150 X214.984 Y224.908
G1 F2700 E57.20093
G0 F9150 X214.171 Y223.237
G0 X215.051 Y222.594
G0 X215.057 Y212.899
G0 X214.171 Y212.264
G0 X214.603 Y211.132
G0 X214.375 Y211.676
M204 S688
;TYPE:WALL-INNER
G1 F2700 E58.50093
G1 F2451.9 X214.964 Y211.09 E58.51544
G1 X215.542 Y210.593 E58.52875
G1 X215.542 Y202.878 E58.66346
G1 X214.374 Y202.878 E58.68386
G1 X214.375 Y211.676 E58.83749
M204 S1000
G0 F9150 X214.603 Y211.132
G0 X214.195 Y212.188
G0 X213.955 Y212.933
M204 S688
;TYPE:WALL-OUTER
G1 F2451.9 X214.363 Y212.364 E58.84971
G1 X214.791 Y211.855 E58.86132
G1 X215.241 Y211.406 E58.87242
G1 X215.962 Y210.773 E58.88918
G1 X215.962 Y202.458 E59.03437
G1 X213.954 Y202.458 E59.06943
G1 X213.955 Y212.933 E59.25234
M204 S1000
G0 F9150 X214.071 Y212.771
G0 X214.195 Y212.188
G0 X214.758 Y210.755
;TYPE:SKIN
G1 F2600.5 X214.758 Y203.262 E59.37571
G1 X215.154 Y203.262 E59.38223
G1 X215.154 Y210.41 E59.49991
G1 X214.758 Y210.755 E59.50856
G0 F9150 X214.741 Y210.477
G1 F2700 E58.20856
;MESH:NONMESH
G0 F600 X214.741 Y210.477 Z0.6
G0 F9150 X214.178 Y202.684
G0 X213.08 Y202.685
G0 X210.361 Y201.527
;TIME_ELAPSED:52.873425
;LAYER:3
;note -- min layer time used
M204 S1250
;TYPE:SUPPORT
G1 F2700 E59.50856
G1 F2379.5 X211.023 Y201.343 E59.51995
G1 X211.683 Y201.527 E59.53132
G1 X212.172 Y202.041 E59.54309
G1 X212.357 Y202.67 E59.55396
G1 X212.172 Y203.338 E59.56546
G1 X211.973 Y203.537 E59.57013
G1 X211.918 Y203.66 E59.57237
G1 X211.937 Y203.768 E59.57418
G1 X212.168 Y204.032 E59.58
G1 X212.289 Y204.393 E59.58632
G1 X212.437 Y204.476 E59.58913
G1 X212.854 Y204.916 E59.59919
G1 X212.854 Y206.356 E59.62308
G1 X212.434 Y206.772 E59.63288
G1 X211.77 Y206.957 E59.64432
G1 X211.143 Y206.773 E59.65516
G1 X211.088 Y206.73 E59.65632
G1 X210.394 Y206.525 E59.66832
G1 X209.879 Y206.013 E59.68037
G1 X209.695 Y205.379 E59.69132
G1 X209.733 Y205.185 E59.6946
G1 X209.688 Y205.023 E59.69739
G1 X209.73 Y204.83 E59.70066
G1 X209.687 Y204.669 E59.70343
G1 X209.872 Y204.036 E59.71437
G1 X210.122 Y203.755 E59.72061
G1 X210.125 Y203.58 E59.72351
G1 X209.875 Y203.306 E59.72966
G1 X209.687 Y202.671 E59.74065
G1 X209.872 Y202.04 E59.75156
G1 X210.361 Y201.527 E59.76331
G1 F2700 E58.46331
G0 F10125 X211.024 Y209.399
G1 F2700 E59.76331
G1 F2379.5 X211.687 Y209.587 E59.77474
G1 X212.172 Y210.096 E59.78641
G1 X212.292 Y210.457 E59.79272
G1 X212.437 Y210.536 E59.79546
G1 X212.854 Y210.976 E59.80551
G1 X212.854 Y212.418 E59.82943
G1 X212.71 Y212.581 E59.83304
G1 X212.578 Y213.019 E59.84063
G1 X212.365 Y213.24 E59.84572
G1 X212.283 Y213.518 E59.85053
G1 X212.357 Y213.823 E59.85574
G1 X212.258 Y214.226 E59.86262
G1 X212.357 Y214.582 E59.86875
G1 X212.258 Y214.949 E59.87506
G1 X212.331 Y215.216 E59.87965
G1 X212.568 Y215.468 E59.88539
G1 X212.73 Y216.019 E59.89491
G1 X213.076 Y216.396 E59.9034
G1 X213.261 Y217.03 E59.91436
G1 X213.076 Y217.694 E59.92579
G1 X212.59 Y218.18 E59.93719
G1 X211.926 Y218.365 E59.94863
G1 X211.299 Y218.181 E59.95947
G1 X210.779 Y217.661 E59.97167
G1 X210.608 Y217.076 E59.98178
G1 X210.271 Y216.734 E59.98974
G1 X210.12 Y216.222 E59.9986
G1 X209.875 Y215.973 E60.00439
G1 X209.687 Y215.339 E60.01536
G1 X209.79 Y214.942 E60.02216
G1 X209.687 Y214.58 E60.02841
G1 X209.79 Y214.219 E60.03463
G1 X209.687 Y213.823 E60.04142
G1 X209.789 Y213.466 E60.04758
G1 X209.687 Y213.059 E60.05454
G1 X209.857 Y212.47 E60.06471
G1 X209.832 Y212.321 E60.06722
G1 X209.882 Y212.094 E60.07107
G1 X209.695 Y211.439 E60.08237
G1 X209.732 Y211.237 E60.08578
G1 X209.691 Y211.086 E60.08838
G1 X209.734 Y210.889 E60.09172
G1 X209.688 Y210.726 E60.09453
G1 X209.872 Y210.101 E60.10534
G1 X210.361 Y209.587 E60.11711
G1 X211.024 Y209.399 E60.12854
G1 F2700 E58.82854
G0 F10125 X213.139 Y214.095
G0 X214.094 Y214.365
G0 X216.785 Y211.263
G0 X217.063 Y207.716
G1 F2700 E60.12854
G1 F2379.5 X217.062 Y204.597 E60.18028
G1 X217.272 Y204.372 E60.18538
G1 X217.431 Y203.865 E60.1942
G1 X217.587 Y203.693 E60.19805
G1 X217.662 Y203.386 E60.20329
G1 X217.559 Y203.024 E60.20953
G1 X217.662 Y202.626 E60.21635
G1 X217.559 Y202.263 E60.22261
G1 X217.744 Y201.637 E60.23344
G1 X218.233 Y201.123 E60.24521
G1 X218.893 Y200.935 E60.25659
G1 X219.555 Y201.123 E60.26801
G1 X220.044 Y201.636 E60.27977
G1 X220.229 Y202.265 E60.29064
G1 X220.126 Y202.636 E60.29703
G1 X220.225 Y203.026 E60.30371
G1 X220.126 Y203.393 E60.31001
G1 X220.229 Y203.783 E60.3167
G1 X220.103 Y204.231 E60.32442
G1 X220.18 Y204.54 E60.3297
G1 X219.989 Y205.203 E60.34115
G1 X219.379 Y205.792 E60.35522
G1 X219.345 Y205.949 E60.35788
G1 X219.399 Y206.057 E60.35988
G1 X220.044 Y206.74 E60.37547
G1 X220.229 Y207.369 E60.38634
G1 X220.186 Y207.535 E60.38919
G1 X220.225 Y207.726 E60.39242
G1 X220.186 Y207.917 E60.39566
G1 X220.225 Y208.073 E60.39832
G1 X220.04 Y208.738 E60.40977
G1 X219.554 Y209.22 E60.42113
G1 X218.89 Y209.409 E60.43258
G1 X218.263 Y209.225 E60.44342
G1 X217.74 Y208.702 E60.45569
G1 X217.582 Y208.236 E60.46385
G1 X217.063 Y207.716 E60.47604
G1 F2700 E59.17604
G0 F10125 X216.785 Y211.263
G0 X211.687 Y221.707
G1 F2700 E60.47604
G1 F2379.5 X212.172 Y222.22 E60.48775
G1 X212.291 Y222.579 E60.49402
G1 X212.434 Y222.661 E60.49676
G1 X212.854 Y223.101 E60.50685
G1 X212.854 Y225.448 E60.54578
G1 X212.69 Y225.626 E60.5498
G1 X212.597 Y225.931 E60.55509
G1 X212.396 Y226.145 E60.55996
G1 X212.295 Y226.504 E60.56614
G1 X212.357 Y226.777 E60.57079
G1 X212.254 Y227.149 E60.57719
G1 X212.357 Y227.539 E60.58388
G1 X212.172 Y228.202 E60.5953
G1 X211.686 Y228.688 E60.6067
G1 X211.022 Y228.873 E60.61814
G1 X210.391 Y228.689 E60.62904
G1 X209.875 Y228.173 E60.64114
G1 X209.687 Y227.539 E60.65211
G1 X209.79 Y227.179 E60.65833
G1 X209.687 Y226.78 E60.66516
G1 X209.789 Y226.428 E60.67124
G1 X209.687 Y226.02 E60.67822
G1 X209.874 Y225.391 E60.6891
G1 X209.848 Y225.263 E60.69127
G1 X210.071 Y224.513 E60.70425
G1 X210.054 Y224.384 E60.70641
G1 X209.879 Y224.196 E60.71067
G1 X209.695 Y223.563 E60.7216
G1 X209.732 Y223.361 E60.72501
G1 X209.691 Y223.21 E60.72761
G1 X209.734 Y223.012 E60.73097
G1 X209.688 Y222.849 E60.73378
G1 X209.872 Y222.22 E60.74465
G1 X210.361 Y221.707 E60.7564
G1 X211.023 Y221.522 E60.76781
G1 X211.687 Y221.707 E60.77924
G1 F2700 E59.47924
G0 F10125 X214.094 Y221.135
G0 X217.327 Y224.63
G1 F2700 E60.77924
G1 F2379.5 X217.83 Y224.117 E60.79116
G1 X218.566 Y223.922 E60.80379
G1 X219.365 Y224.144 E60.81755
G1 X219.875 Y224.66 E60.82958
G1 X220.076 Y225.3 E60.84071
G1 X220.047 Y225.461 E60.84342
G1 X220.229 Y226.094 E60.85435
G1 X220.11 Y226.57 E60.86249
G1 X220.229 Y226.99 E60.86973
G1 X220.044 Y227.654 E60.88116
G1 X219.558 Y228.136 E60.89252
G1 X218.893 Y228.325 E60.90399
G1 X218.263 Y228.141 E60.91487
G1 X217.747 Y227.621 E60.92703
G1 X217.559 Y226.991 E60.93793
G1 X217.682 Y226.563 E60.94532
G1 X217.559 Y226.12 E60.95295
G1 X217.338 Y225.895 E60.95818
G1 X217.14 Y225.255 E60.96929
G1 X217.327 Y224.63 E60.98011
G1 F2700 E59.68011
;MESH:lowerRightPad.stl
G0 F10125 X215.688 Y224.772
G0 X214.653 Y224.42
G0 X214.422 Y223.852
M204 S781
;TYPE:WALL-INNER
G1 F2700 E60.98011
G1 F2379.5 X214.422 Y227.118 E61.03714
G1 X215.494 Y227.118 E61.05586
G1 X215.494 Y224.873 E61.09506
G1 X214.928 Y224.372 E61.10826
G1 X214.422 Y223.852 E61.12093
M204 S1250
G0 F10125 X214.653 Y224.42
G0 X214.249 Y223.377
G0 X214.002 Y222.643
M204 S781
;TYPE:WALL-OUTER
G1 F2379.5 X214.002 Y227.538 E61.2064
G1 X215.914 Y227.538 E61.23979
G1 X215.914 Y224.682 E61.28966
G1 X215.226 Y224.076 E61.30567
G1 X214.78 Y223.625 E61.31675
G1 X214.354 Y223.124 E61.32823
G1 X214.002 Y222.643 E61.33864
M204 S1250
G0 F10125 X214.002 Y222.843
G0 X214.249 Y223.377
G0 X214.782 Y224.725
;TYPE:SKIN
G1 F2871.8 X215.13 Y225.034 E61.34537
G1 X215.13 Y226.754 E61.37026
G1 X214.782 Y226.754 E61.37529
G1 X214.782 Y224.725 E61.40465
G0 F10125 X214.758 Y225.038
G1 F2700 E60.10465
G0 F10125 X214.221 Y223.302
G0 X215.051 Y222.594
G0 X215.052 Y212.905
G0 X214.221 Y212.198
G0 X214.652 Y211.08
G0 X214.423 Y211.641
M204 S781
;TYPE:WALL-INNER
G1 F2700 E61.40465
G1 F2379.5 X214.961 Y211.093 E61.41806
G1 X215.494 Y210.633 E61.43035
G1 X215.494 Y202.878 E61.56576
G1 X214.422 Y202.878 E61.58448
G1 X214.423 Y211.641 E61.7375
M204 S1250
G0 F10125 X214.652 Y211.08
G0 X214.249 Y212.123
G0 X214.002 Y212.857
M204 S781
;TYPE:WALL-OUTER
G1 F2379.5 X214.371 Y212.352 E61.74842
G1 X214.771 Y211.88 E61.75922
G1 X215.237 Y211.409 E61.77079
G1 X215.914 Y210.818 E61.78649
G1 X215.914 Y202.458 E61.93246
G1 X214.002 Y202.458 E61.96585
G1 X214.002 Y212.857 E62.14743
M204 S1250
G0 F10125 X214.12 Y212.696
G0 X214.249 Y212.123
G0 X214.785 Y210.765
;TYPE:SKIN
G1 F2880.1 X214.782 Y203.238 E62.25602
G1 F2871.8 X215.13 Y203.238 E62.26106
G1 F2880.1 X215.131 Y210.465 E62.36532
G1 F2888.4 X214.785 Y210.765 E62.37191
G0 F10125 X214.764 Y210.456
G1 F2700 E61.07191
;MESH:NONMESH
G0 F600 X214.764 Y210.456 Z0.7
G0 F10125 X214.228 Y202.684
G0 X213.13 Y202.685
G0 X210.401 Y201.599
;TIME_ELAPSED:62.527620
;LAYER:4
;note -- min layer time used
M204 S1500
;TYPE:SUPPORT
G1 F2700 E62.37191
G1 F2182.2 X211.023 Y201.423 E62.38263
G1 X211.643 Y201.599 E62.39332
G1 X212.104 Y202.08 E62.40437
G1 X212.273 Y202.673 E62.4146
G1 X212.1 Y203.297 E62.42534
G1 X211.868 Y203.526 E62.43075
G1 X211.806 Y203.656 E62.43314
G1 X211.86 Y203.818 E62.43597
G1 X212.1 Y204.072 E62.44177
G1 X212.204 Y204.415 E62.44771
G1 X212.287 Y204.503 E62.44972
G1 X212.44 Y204.551 E62.45238
G1 X212.902 Y205.033 E62.46346
G1 X212.902 Y206.251 E62.48366
G1 X212.439 Y206.704 E62.49441
G1 X211.809 Y206.881 E62.50526
G1 X211.179 Y206.701 E62.51613
G1 X211.096 Y206.629 E62.51795
G1 X210.496 Y206.456 E62.52831
G1 X209.997 Y205.978 E62.53977
G1 X209.812 Y205.374 E62.55025
G1 X209.831 Y205.228 E62.5527
G1 X209.772 Y205.024 E62.55622
G1 X209.814 Y204.829 E62.55953
G1 X209.771 Y204.669 E62.56228
G1 X209.944 Y204.075 E62.57254
G1 X210.194 Y203.808 E62.57861
G1 X210.25 Y203.684 E62.58086
G1 X210.19 Y203.516 E62.58382
G1 X209.943 Y203.269 E62.58962
G1 X209.771 Y202.673 E62.59991
G1 X209.944 Y202.08 E62.61015
G1 X210.401 Y201.599 E62.62116
G1 F2700 E61.32116
G0 F11100 X211.023 Y209.483
G1 F2700 E62.62116
G1 F2182.2 X211.643 Y209.659 E62.63185
G1 X212.101 Y210.137 E62.64283
G1 X212.204 Y210.475 E62.6487
G1 X212.272 Y210.553 E62.65041
G1 X212.439 Y210.614 E62.65336
G1 X212.896 Y211.089 E62.6643
G1 X212.902 Y212.313 E62.6846
G1 X212.814 Y212.427 E62.68699
G1 X212.649 Y212.999 E62.69686
G1 X212.435 Y213.207 E62.70181
G1 X212.178 Y214.192 E62.7187
G1 X212.273 Y214.578 E62.7253
G1 X212.174 Y214.949 E62.73167
G1 X212.259 Y215.253 E62.7369
G1 X212.496 Y215.504 E62.74263
G1 X212.652 Y216.042 E62.75192
G1 X213.008 Y216.436 E62.76073
G1 X213.181 Y217.03 E62.77099
G1 X213.008 Y217.654 E62.78173
G1 X212.551 Y218.108 E62.79242
G1 X211.926 Y218.281 E62.80318
G1 X211.339 Y218.109 E62.81332
G1 X210.851 Y217.621 E62.82477
G1 X210.688 Y217.062 E62.83443
G1 X210.339 Y216.693 E62.84286
G1 X210.186 Y216.181 E62.85172
G1 X209.947 Y215.933 E62.85743
G1 X209.771 Y215.34 E62.8677
G1 X209.874 Y214.942 E62.87452
G1 X209.771 Y214.58 E62.88076
G1 X209.874 Y214.182 E62.88758
G1 X209.771 Y213.819 E62.89384
G1 X209.873 Y213.373 E62.90143
G1 X209.779 Y213.063 E62.9068
G1 X209.955 Y212.459 E62.91724
G1 X210.032 Y212.355 E62.91938
G1 X210.053 Y212.233 E62.92144
G1 X209.812 Y211.437 E62.93523
G1 X209.834 Y211.325 E62.93713
G1 X209.771 Y211.087 E62.94121
G1 X209.814 Y210.889 E62.94457
G1 X209.771 Y210.729 E62.94732
G1 X209.944 Y210.14 E62.9575
G1 X210.401 Y209.659 E62.96851
G1 X211.023 Y209.483 E62.97923
G1 F2700 E61.67923
G0 F11100 X213.189 Y214.003
G0 X214.139 Y214.276
G0 X216.736 Y211.25
G0 X217.014 Y207.595
G1 F2700 E62.97923
G1 F2182.2 X217.014 Y206.436 E62.99846
G1 X217.171 Y206.26 E63.00237
G1 X217.197 Y206.128 E63.0046
G1 X217.015 Y205.879 E63.00972
G1 X217.014 Y204.717 E63.029
G1 X217.157 Y204.56 E63.03252
G1 X217.359 Y203.886 E63.04419
G1 X217.555 Y203.683 E63.04887
G1 X217.693 Y203.203 E63.05716
G1 X217.643 Y203.027 E63.06019
G1 X217.746 Y202.667 E63.0664
G1 X217.643 Y202.267 E63.07326
G1 X217.812 Y201.676 E63.08345
G1 X218.273 Y201.195 E63.0945
G1 X218.893 Y201.019 E63.10519
G1 X219.515 Y201.195 E63.11592
G1 X219.972 Y201.673 E63.12689
G1 X220.145 Y202.265 E63.13712
G1 X220.042 Y202.637 E63.14352
G1 X220.144 Y203.026 E63.15019
G1 X220.044 Y203.449 E63.1574
G1 X220.145 Y203.783 E63.16319
G1 X219.955 Y204.458 E63.17482
G1 X219.958 Y204.492 E63.17539
G1 X219.773 Y205.143 E63.18662
G1 X219.32 Y205.577 E63.19702
G1 X219.197 Y206.084 E63.20568
G1 X219.281 Y206.215 E63.20826
G1 X219.514 Y206.295 E63.21235
G1 X219.972 Y206.78 E63.22341
G1 X220.145 Y207.369 E63.2336
G1 X220.102 Y207.533 E63.23641
G1 X220.141 Y207.726 E63.23967
G1 X220.102 Y207.923 E63.24301
G1 X220.145 Y208.076 E63.24564
G1 X219.972 Y208.694 E63.25629
G1 X219.514 Y209.152 E63.26703
G1 X218.894 Y209.325 E63.27771
G1 X218.303 Y209.153 E63.28792
G1 X217.815 Y208.665 E63.29937
G1 X217.686 Y208.221 E63.30704
G1 X217.614 Y208.132 E63.30894
G1 X217.518 Y208.092 E63.31066
G1 X217.014 Y207.595 E63.32241
G1 F2700 E62.02241
G0 F11100 X216.736 Y211.25
G0 X211.643 Y221.779
G1 F2700 E63.32241
G1 F2182.2 X212.104 Y222.26 E63.33346
G1 X212.204 Y222.599 E63.33932
G1 X212.302 Y222.695 E63.3416
G1 X212.439 Y222.736 E63.34397
G1 X212.902 Y223.222 E63.3551
G1 X212.902 Y225.338 E63.3902
G1 X212.794 Y225.465 E63.39297
G1 X212.673 Y225.89 E63.4003
G1 X212.472 Y226.106 E63.40519
G1 X212.158 Y227.133 E63.42301
G1 X212.273 Y227.538 E63.42999
G1 X212.1 Y228.162 E63.44074
G1 X211.642 Y228.62 E63.45148
G1 X211.022 Y228.793 E63.46216
G1 X210.431 Y228.617 E63.47239
G1 X209.943 Y228.129 E63.48383
G1 X209.771 Y227.541 E63.494
G1 X209.874 Y227.14 E63.50087
G1 X209.771 Y226.777 E63.50712
G1 X209.873 Y226.331 E63.51471
G1 X209.776 Y226.018 E63.52015
G1 X209.954 Y225.423 E63.53045
G1 X210.061 Y225.311 E63.53302
G1 X210.29 Y224.552 E63.54617
G1 X210.266 Y224.44 E63.54807
G1 X209.993 Y224.161 E63.55455
G1 X209.809 Y223.562 E63.56494
G1 X209.835 Y223.447 E63.5669
G1 X209.772 Y223.207 E63.57102
G1 X209.814 Y223.012 E63.57432
G1 X209.771 Y222.853 E63.57706
G1 X209.944 Y222.26 E63.5873
G1 X210.401 Y221.779 E63.59831
G1 X211.023 Y221.603 E63.60903
G1 X211.643 Y221.779 E63.61972
G1 F2700 E62.31972
G0 F11100 X214.14 Y221.224
G0 X217.255 Y224.643
G1 F2700 E63.61972
G1 F2182.2 X217.722 Y224.173 E63.63072
G1 X218.423 Y223.986 E63.64275
G1 X219.182 Y224.192 E63.6558
G1 X219.662 Y224.676 E63.6671
G1 X219.889 Y225.4 E63.67969
G1 X219.973 Y225.499 E63.68184
G1 X220.145 Y226.093 E63.6921
G1 X220.026 Y226.529 E63.6996
G1 X220.145 Y226.99 E63.7075
G1 X219.972 Y227.61 E63.71818
G1 X219.518 Y228.068 E63.72887
G1 X218.894 Y228.241 E63.73962
G1 X218.303 Y228.069 E63.74983
G1 X217.815 Y227.581 E63.76127
G1 X217.643 Y226.989 E63.7715
G1 X217.766 Y226.563 E63.77886
G1 X217.68 Y226.237 E63.78445
G1 X217.265 Y225.838 E63.794
G1 X217.08 Y225.234 E63.80448
G1 X217.255 Y224.643 E63.8147
G1 F2700 E62.5147
;MESH:lowerRightPad.stl
G0 F11100 X215.637 Y224.746
G0 X214.702 Y224.47
G0 X214.474 Y223.916
M204 S875
;TYPE:WALL-INNER
G1 F2700 E63.8147
G1 F2182.2 X214.474 Y227.118 E63.87061
G1 X215.445 Y227.118 E63.88757
G1 X215.442 Y224.833 E63.92747
G1 X214.951 Y224.402 E63.93888
G1 X214.474 Y223.916 E63.95077
M204 S1500
G0 F11100 X214.702 Y224.47
G0 X214.299 Y223.436
G0 X214.055 Y222.716
M204 S875
;TYPE:WALL-OUTER
G1 F2182.2 X214.054 Y227.538 E64.03497
G1 X215.865 Y227.538 E64.06659
G1 X215.862 Y224.643 E64.11714
G1 X215.218 Y224.075 E64.13214
G1 X214.779 Y223.628 E64.14308
G1 X214.354 Y223.125 E64.15457
G1 X214.055 Y222.716 E64.16342
M204 S1500
G0 F11100 X214.055 Y222.916
G0 X214.299 Y223.436
G0 X214.958 Y226.63
;TYPE:SKIN
G1 F1540.4 X214.956 Y225.05 E64.20251
G0 F11100 X214.835 Y225.049
G1 F2700 E62.90251
G0 F11100 X214.271 Y223.361
G0 X215.057 Y222.601
G0 X215.052 Y212.905
G0 X214.271 Y212.139
G0 X214.703 Y211.029
G0 X214.474 Y211.585
M204 S875
;TYPE:WALL-INNER
G1 F2700 E64.20251
G1 F2182.2 X214.941 Y211.109 E64.21415
G1 X215.442 Y210.664 E64.22585
G1 X215.442 Y202.878 E64.36181
G1 X214.474 Y202.878 E64.37871
G1 X214.474 Y211.585 E64.53075
M204 S1500
G0 F11100 X214.703 Y211.029
G0 X214.299 Y212.064
G0 X214.054 Y212.784
M204 S875
;TYPE:WALL-OUTER
G1 F2182.2 X214.364 Y212.359 E64.53993
G1 X214.794 Y211.856 E64.55149
G1 X215.22 Y211.423 E64.56209
G1 X215.862 Y210.853 E64.57709
G1 X215.862 Y202.458 E64.72368
G1 X214.054 Y202.458 E64.75525
G1 X214.054 Y212.784 E64.93555
M204 S1500
G0 F11100 X214.171 Y212.623
G0 X214.299 Y212.064
G0 X214.956 Y203.36
;TYPE:SKIN
G1 F1548.2 X214.956 Y210.443 E65.10988
G0 F11100 X214.835 Y210.443
G1 F2700 E63.80988
;MESH:NONMESH
G0 F600 X214.835 Y210.443 Z0.8
G0 F11100 X214.279 Y202.684
G0 X213.18 Y202.684
G0 X210.441 Y201.671
;TIME_ELAPSED:71.601519
;LAYER:5
;note -- min layer time used
M204 S1750
;TYPE:SUPPORT
G1 F2700 E65.10988
G1 F2130.6 X211.023 Y201.507 E65.11992
G1 X211.603 Y201.671 E65.12991
G1 X212.032 Y202.12 E65.14022
G1 X212.189 Y202.669 E65.14969
G1 X212.024 Y203.258 E65.15983
G1 X211.755 Y203.527 E65.16615
G1 X211.694 Y203.656 E65.16851
G1 X211.75 Y203.819 E65.17137
G1 X212.028 Y204.113 E65.17808
G1 X212.15 Y204.489 E65.18464
G1 X212.234 Y204.556 E65.18642
G1 X212.514 Y204.636 E65.19125
G1 X212.954 Y205.076 E65.20158
G1 X212.954 Y206.242 E65.22092
G1 X212.534 Y206.642 E65.23054
G1 X211.882 Y206.814 E65.24173
G1 X211.238 Y206.632 E65.25283
G1 X211.107 Y206.518 E65.25571
G1 X210.688 Y206.396 E65.26295
G1 X210.209 Y205.942 E65.27389
G1 X210.118 Y205.68 E65.2785
G1 X210.015 Y205.575 E65.28094
G1 X209.855 Y205.025 E65.29044
G1 X209.898 Y204.869 E65.29312
G1 X209.855 Y204.667 E65.29655
G1 X210.012 Y204.116 E65.30605
G1 X210.304 Y203.809 E65.31308
G1 X210.362 Y203.684 E65.31537
G1 X210.303 Y203.517 E65.3183
G1 X210.015 Y203.229 E65.32506
G1 X209.851 Y202.673 E65.33468
G1 X210.016 Y202.12 E65.34425
G1 X210.441 Y201.671 E65.35451
G1 F2700 E64.05451
G0 F12075 X211.023 Y209.566
G1 F2700 E65.35451
G1 F2130.6 X211.604 Y209.727 E65.36451
G1 X212.031 Y210.175 E65.37477
G1 X212.131 Y210.522 E65.38076
G1 X212.215 Y210.611 E65.38279
G1 X212.515 Y210.697 E65.38797
G1 X212.954 Y211.139 E65.3983
G1 X212.954 Y212.305 E65.41765
G1 X212.888 Y212.403 E65.41961
G1 X212.721 Y212.975 E65.42949
G1 X212.542 Y213.149 E65.43363
G1 X212.366 Y213.676 E65.44285
G1 X212.201 Y213.841 E65.44672
G1 X212.09 Y214.189 E65.45278
G1 X212.192 Y214.578 E65.45945
G1 X212.09 Y214.986 E65.46643
G1 X212.186 Y215.291 E65.47173
G1 X212.424 Y215.548 E65.47754
G1 X212.591 Y216.107 E65.48722
G1 X212.936 Y216.476 E65.4956
G1 X213.097 Y217.029 E65.50515
G1 X212.932 Y217.61 E65.51517
G1 X212.506 Y218.036 E65.52517
G1 X211.926 Y218.201 E65.53517
G1 X211.379 Y218.038 E65.54464
G1 X210.923 Y217.581 E65.55535
G1 X210.749 Y217.007 E65.5653
G1 X210.412 Y216.654 E65.57339
G1 X210.258 Y216.142 E65.58226
G1 X210.015 Y215.892 E65.58805
G1 X209.855 Y215.341 E65.59756
G1 X209.958 Y214.942 E65.6044
G1 X209.856 Y214.582 E65.61061
G1 X209.958 Y214.219 E65.61686
G1 X209.855 Y213.819 E65.62371
G1 X209.988 Y213.294 E65.6327
G1 X209.924 Y213.071 E65.63654
G1 X210.09 Y212.515 E65.64617
G1 X210.225 Y212.38 E65.64934
G1 X210.273 Y212.215 E65.65219
G1 X210.115 Y211.741 E65.66048
G1 X210.015 Y211.637 E65.66287
G1 X209.855 Y211.087 E65.67237
G1 X209.898 Y210.929 E65.67509
G1 X209.855 Y210.729 E65.67848
G1 X210.016 Y210.176 E65.68804
G1 X210.441 Y209.727 E65.69829
G1 X211.023 Y209.566 E65.70831
G1 F2700 E64.40831
G0 F12075 X213.239 Y213.919
G0 X214.187 Y214.193
G0 X216.687 Y211.293
G0 X216.967 Y207.556
G1 F2700 E65.70831
G1 F2130.6 X216.962 Y206.451 E65.72664
G1 X217.146 Y206.261 E65.73103
G1 X217.178 Y206.126 E65.73333
G1 X217.145 Y206.033 E65.73496
G1 X216.962 Y205.853 E65.73922
G1 X216.962 Y204.726 E65.75792
G1 X217.092 Y204.556 E65.76147
G1 X217.291 Y203.902 E65.77281
G1 X217.492 Y203.684 E65.77773
G1 X217.642 Y203.204 E65.78607
G1 X217.691 Y203.144 E65.78735
G1 X217.83 Y202.667 E65.7956
G1 X217.724 Y202.266 E65.80248
G1 X217.884 Y201.716 E65.81198
G1 X218.313 Y201.263 E65.82233
G1 X218.892 Y201.102 E65.8323
G1 X219.471 Y201.263 E65.84227
G1 X219.9 Y201.716 E65.85262
G1 X220.061 Y202.266 E65.86212
G1 X219.962 Y202.674 E65.86909
G1 X220.061 Y203.026 E65.87515
G1 X219.963 Y203.479 E65.88284
G1 X220.053 Y203.782 E65.88808
G1 X219.885 Y204.364 E65.89813
G1 X219.72 Y204.541 E65.90215
G1 X219.562 Y205.075 E65.91139
G1 X219.293 Y205.351 E65.91778
G1 X219.09 Y206.093 E65.93054
G1 X219.126 Y206.227 E65.93284
G1 X219.182 Y206.283 E65.93415
G1 X219.457 Y206.368 E65.93893
G1 X219.889 Y206.814 E65.94923
G1 X220.056 Y207.37 E65.95886
G1 X220.014 Y207.521 E65.96146
G1 X220.061 Y207.726 E65.96495
G1 X220.018 Y207.924 E65.96831
G1 X220.061 Y208.076 E65.97093
G1 X219.9 Y208.654 E65.98088
G1 X219.474 Y209.08 E65.99088
G1 X218.89 Y209.241 E66.00093
G1 X218.343 Y209.081 E66.01038
G1 X217.887 Y208.625 E66.02108
G1 X217.755 Y208.18 E66.02878
G1 X217.678 Y208.085 E66.03081
G1 X217.44 Y208.007 E66.03496
G1 X216.967 Y207.556 E66.0458
G1 F2700 E64.7458
G0 F12075 X216.687 Y211.293
G0 X211.603 Y221.851
G1 F2700 E66.0458
G1 F2130.6 X212.028 Y222.3 E66.05606
G1 X212.132 Y222.643 E66.062
G1 X212.228 Y222.738 E66.06424
G1 X212.514 Y222.82 E66.06918
G1 X212.954 Y223.263 E66.07954
G1 X212.954 Y225.325 E66.11374
G1 X212.864 Y225.434 E66.11609
G1 X212.745 Y225.847 E66.12322
G1 X212.548 Y226.058 E66.12801
G1 X212.39 Y226.602 E66.1374
G1 X212.204 Y226.782 E66.1417
G1 X212.09 Y227.186 E66.14866
G1 X212.189 Y227.538 E66.15473
G1 X212.028 Y228.118 E66.16471
G1 X211.602 Y228.544 E66.1747
G1 X211.021 Y228.709 E66.18472
G1 X210.471 Y228.549 E66.19423
G1 X210.015 Y228.093 E66.20492
G1 X209.855 Y227.541 E66.21446
G1 X209.958 Y227.142 E66.22129
G1 X209.855 Y226.777 E66.22758
G1 X210.001 Y226.22 E66.23714
G1 X209.944 Y226.023 E66.24054
G1 X210.114 Y225.467 E66.25018
G1 X210.306 Y225.257 E66.2549
G1 X210.52 Y224.557 E66.26705
G1 X210.503 Y224.432 E66.26914
G1 X210.209 Y224.13 E66.27613
G1 X210.115 Y223.861 E66.28086
G1 X210.015 Y223.759 E66.28323
G1 X209.855 Y223.209 E66.29273
G1 X209.898 Y223.054 E66.2954
G1 X209.855 Y222.853 E66.29881
G1 X210.016 Y222.3 E66.30836
G1 X210.441 Y221.851 E66.31862
G1 X211.023 Y221.687 E66.32865
G1 X211.603 Y221.851 E66.33865
G1 F2700 E65.03865
G0 F12075 X214.188 Y221.307
G0 X217.191 Y224.671
G1 F2700 E66.33865
G1 F2130.6 X217.633 Y224.225 E66.34906
G1 X218.29 Y224.054 E66.36032
G1 X218.998 Y224.248 E66.3725
G1 X219.45 Y224.7 E66.3831
G1 X219.617 Y225.238 E66.39245
G1 X219.9 Y225.54 E66.39931
G1 X220.065 Y226.093 E66.40889
G1 X219.943 Y226.53 E66.41641
G1 X220.065 Y226.99 E66.42431
G1 X219.9 Y227.57 E66.43431
G1 X219.474 Y227.996 E66.44431
G1 X218.894 Y228.157 E66.45429
G1 X218.343 Y227.997 E66.46381
G1 X217.887 Y227.541 E66.47451
G1 X217.727 Y226.992 E66.48399
G1 X217.858 Y226.534 E66.49189
G1 X217.815 Y226.383 E66.4945
G1 X217.193 Y225.786 E66.5088
G1 X217.024 Y225.231 E66.51842
G1 X217.191 Y224.671 E66.52812
G1 F2700 E65.22812
;MESH:lowerRightPad.stl
G0 F12075 X215.587 Y224.702
G0 X214.752 Y224.521
G0 X214.522 Y223.962
M204 S969
;TYPE:WALL-INNER
G1 F2700 E66.52812
G1 F2130.6 X214.522 Y227.118 E66.58323
G1 X215.394 Y227.118 E66.59845
G1 X215.394 Y224.788 E66.63914
G1 X214.918 Y224.366 E66.65025
G1 X214.522 Y223.962 E66.66012
M204 S1750
G0 F12075 X214.752 Y224.521
G0 X214.349 Y223.496
G0 X214.102 Y222.778
M204 S969
;TYPE:WALL-OUTER
G1 F2130.6 X214.102 Y227.538 E66.74324
G1 X215.814 Y227.538 E66.77314
G1 X215.814 Y224.599 E66.82446
G1 X215.218 Y224.072 E66.83835
G1 X214.767 Y223.612 E66.8496
G1 X214.362 Y223.133 E66.86055
G1 X214.102 Y222.778 E66.86823
M204 S1750
G0 F12075 X214.102 Y222.978
G0 X214.349 Y223.496
G0 X214.956 Y226.68
;TYPE:SKIN
G1 F1804.1 X214.956 Y224.983 E66.90323
G0 F12075 X214.785 Y224.983
G1 F2700 E65.60323
G0 F12075 X214.814 Y224.983
G0 X214.321 Y223.421
G0 X215.053 Y222.597
G0 X215.053 Y212.903
G0 X214.321 Y212.079
G0 X214.752 Y210.979
G0 X214.522 Y211.534
M204 S969
;TYPE:WALL-INNER
G1 F2700 E66.90323
G1 F2130.6 X214.959 Y211.091 E66.91409
G1 X215.394 Y210.707 E66.92423
G1 X215.394 Y202.878 E67.06093
G1 X214.522 Y202.878 E67.07616
G1 X214.522 Y211.534 E67.22731
M204 S1750
G0 F12075 X214.752 Y210.979
G0 X214.349 Y212.004
G0 X214.102 Y212.718
M204 S969
;TYPE:WALL-OUTER
G1 F2130.6 X214.371 Y212.352 E67.23524
G1 X214.778 Y211.872 E67.24623
G1 X215.237 Y211.406 E67.25765
G1 X215.814 Y210.897 E67.27108
G1 X215.814 Y202.458 E67.41844
G1 X214.102 Y202.458 E67.44834
G1 X214.102 Y212.718 E67.62749
M204 S1750
G0 F12075 X214.22 Y212.557
G0 X214.349 Y212.004
G0 X214.956 Y203.312
;TYPE:SKIN
G1 F1804.1 X214.956 Y210.509 E67.7759
G0 F12075 X214.785 Y210.508
G1 F2700 E66.4759
;MESH:NONMESH
G0 F600 X214.785 Y210.508 Z0.9
G0 F12075 X214.815 Y210.508
G0 X214.329 Y202.684
G0 X213.23 Y202.684
G0 X210.481 Y201.743
;TIME_ELAPSED:80.265188
;LAYER:6
;note -- min layer time used
M204 S2000
;TYPE:SUPPORT
G1 F2700 E67.7759
G1 F1901.5 X211.023 Y201.591 E67.78524
G1 X211.563 Y201.743 E67.79455
G1 X211.956 Y202.156 E67.804
G1 X212.109 Y202.674 E67.81296
G1 X211.956 Y203.215 E67.82229
G1 X211.646 Y203.528 E67.8296
G1 X211.587 Y203.655 E67.83192
G1 X211.64 Y203.818 E67.83476
G1 X211.956 Y204.152 E67.84239
G1 X212.037 Y204.399 E67.8467
G1 X212.274 Y204.619 E67.85207
G1 X212.614 Y204.728 E67.85799
G1 X213.002 Y205.116 E67.86709
G1 X213.002 Y206.242 E67.88577
G1 X212.634 Y206.594 E67.89422
G1 X212.019 Y206.754 E67.90476
G1 X211.363 Y206.568 E67.91607
G1 X211.241 Y206.453 E67.91885
G1 X210.871 Y206.335 E67.92529
G1 X210.38 Y205.87 E67.93651
G1 X210.093 Y205.544 E67.94372
G1 X209.94 Y205.024 E67.95271
G1 X209.982 Y204.87 E67.95536
G1 X209.939 Y204.668 E67.95878
G1 X210.088 Y204.152 E67.96769
G1 X210.417 Y203.805 E67.97562
G1 X210.474 Y203.681 E67.97789
G1 X210.417 Y203.515 E67.9808
G1 X210.087 Y203.185 E67.98854
G1 X209.935 Y202.672 E67.99742
G1 X210.088 Y202.157 E68.00633
G1 X210.481 Y201.743 E68.0158
G1 F2700 E66.7158
G0 F13050 X211.024 Y209.647
G1 F2700 E68.0158
G1 F1901.5 X211.566 Y209.799 E68.02514
G1 X211.956 Y210.216 E68.03461
G1 X212.062 Y210.496 E68.03957
G1 X212.3 Y210.697 E68.04474
G1 X212.614 Y210.785 E68.05015
G1 X213.002 Y211.179 E68.05932
G1 X213.002 Y212.318 E68.07822
G1 X212.958 Y212.389 E68.0796
G1 X212.794 Y212.951 E68.08932
G1 X212.593 Y213.156 E68.09408
G1 X212.442 Y213.651 E68.10266
G1 X212.23 Y213.863 E68.10764
G1 X212.067 Y214.43 E68.11742
G1 X212.109 Y214.582 E68.12004
G1 X212.006 Y214.949 E68.12636
G1 X212.109 Y215.317 E68.1327
G1 X212.352 Y215.584 E68.13869
G1 X212.519 Y216.144 E68.14838
G1 X212.864 Y216.515 E68.15679
G1 X213.013 Y217.03 E68.16568
G1 X212.864 Y217.57 E68.17497
G1 X212.466 Y217.968 E68.18431
G1 X211.927 Y218.117 E68.19359
G1 X211.419 Y217.966 E68.20238
G1 X210.994 Y217.541 E68.21235
G1 X210.821 Y216.958 E68.22244
G1 X210.484 Y216.614 E68.23043
G1 X210.346 Y216.136 E68.23868
G1 X210.087 Y215.853 E68.24504
G1 X209.939 Y215.341 E68.25388
G1 X210.042 Y214.979 E68.26013
G1 X209.94 Y214.58 E68.26696
G1 X210.042 Y214.181 E68.27379
G1 X209.939 Y213.819 E68.28003
G1 X210.088 Y213.307 E68.28888
G1 X210.138 Y213.241 E68.29025
G1 X210.151 Y213.092 E68.29273
G1 X210.313 Y212.559 E68.30198
G1 X210.533 Y212.293 E68.3077
G1 X210.558 Y212.212 E68.30911
G1 X210.53 Y212.085 E68.31126
G1 X210.088 Y211.605 E68.32209
G1 X209.939 Y211.088 E68.33101
G1 X209.982 Y210.93 E68.33373
G1 X209.94 Y210.732 E68.33709
G1 X210.092 Y210.216 E68.34601
G1 X210.482 Y209.799 E68.35548
G1 X211.024 Y209.647 E68.36482
G1 F2700 E67.06482
G0 F13050 X213.289 Y213.835
G0 X214.235 Y214.11
G0 X216.637 Y211.335
G0 X216.922 Y207.524
G1 F2700 E68.36482
G1 F1901.5 X216.911 Y206.452 E68.3826
G1 X217.107 Y206.254 E68.38723
G1 X217.142 Y206.159 E68.38891
G1 X217.106 Y206.017 E68.39134
G1 X216.914 Y205.826 E68.39583
G1 X216.914 Y204.742 E68.41381
G1 X217.053 Y204.589 E68.41724
G1 X217.065 Y204.432 E68.41985
G1 X217.218 Y203.928 E68.42859
G1 X217.413 Y203.72 E68.43332
G1 X217.566 Y203.228 E68.44187
G1 X217.719 Y203.069 E68.44553
G1 X217.877 Y202.565 E68.45429
G1 X217.807 Y202.267 E68.45937
G1 X217.96 Y201.752 E68.46828
G1 X218.353 Y201.335 E68.47778
G1 X218.893 Y201.183 E68.48709
G1 X219.435 Y201.335 E68.49643
G1 X219.828 Y201.752 E68.50593
G1 X219.977 Y202.266 E68.51481
G1 X219.879 Y202.627 E68.52101
G1 X219.977 Y203.026 E68.52783
G1 X219.817 Y203.61 E68.53787
G1 X219.86 Y203.771 E68.54064
G1 X219.702 Y204.31 E68.54996
G1 X219.493 Y204.522 E68.55489
G1 X219.345 Y205.026 E68.56361
G1 X219.205 Y205.203 E68.56735
G1 X219.002 Y205.888 E68.5792
G1 X218.972 Y206.228 E68.58487
G1 X219.035 Y206.333 E68.5869
G1 X219.331 Y206.437 E68.5921
G1 X219.754 Y206.856 E68.60198
G1 X219.913 Y207.373 E68.61095
G1 X219.977 Y207.727 E68.61692
G1 X219.939 Y207.876 E68.61947
G1 X219.978 Y208.074 E68.62282
G1 X219.828 Y208.614 E68.63211
G1 X219.43 Y209.008 E68.6414
G1 X218.894 Y209.161 E68.65065
G1 X218.383 Y209.01 E68.65949
G1 X217.959 Y208.585 E68.66945
G1 X217.777 Y208.071 E68.67849
G1 X217.344 Y207.924 E68.68608
G1 X216.922 Y207.524 E68.69572
G1 F2700 E67.39572
G0 F13050 X216.637 Y211.335
G0 X211.567 Y221.923
G1 F2700 E68.69572
G1 F1901.5 X211.956 Y222.336 E68.70514
G1 X212.067 Y222.625 E68.71027
G1 X212.309 Y222.828 E68.71551
G1 X212.613 Y222.916 E68.72076
G1 X213.002 Y223.307 E68.72991
G1 X213.002 Y225.332 E68.7635
G1 X212.931 Y225.431 E68.76552
G1 X212.815 Y225.81 E68.7721
G1 X212.617 Y226.024 E68.77693
G1 X212.457 Y226.571 E68.78639
G1 X212.259 Y226.768 E68.79102
G1 X212.081 Y227.375 E68.80151
G1 X212.105 Y227.542 E68.80431
G1 X211.956 Y228.079 E68.81356
G1 X211.562 Y228.476 E68.82284
G1 X211.022 Y228.625 E68.83213
G1 X210.511 Y228.477 E68.84095
G1 X210.087 Y228.053 E68.8509
G1 X209.936 Y227.541 E68.85976
G1 X210.042 Y227.14 E68.86664
G1 X209.939 Y226.779 E68.87286
G1 X210.087 Y226.267 E68.8817
G1 X210.148 Y226.198 E68.88323
G1 X210.171 Y226.032 E68.88601
G1 X210.33 Y225.509 E68.89508
G1 X210.515 Y225.322 E68.89944
G1 X210.69 Y224.758 E68.90924
G1 X210.77 Y224.671 E68.9112
G1 X210.806 Y224.552 E68.91326
G1 X210.782 Y224.453 E68.91495
G1 X210.42 Y224.096 E68.92339
G1 X210.087 Y223.721 E68.93171
G1 X209.939 Y223.209 E68.94055
G1 X209.982 Y223.052 E68.94325
G1 X209.939 Y222.853 E68.94662
G1 X210.092 Y222.336 E68.95557
G1 X210.481 Y221.923 E68.96498
G1 X211.024 Y221.771 E68.97433
G1 X211.567 Y221.923 E68.98369
G1 F2700 E67.68369
G0 F13050 X214.235 Y221.39
G0 X217.133 Y224.745
G1 F2700 E68.98369
G1 F1901.5 X217.554 Y224.32 E68.99361
G1 X218.213 Y224.138 E69.00495
G1 X218.818 Y224.301 E69.01535
G1 X219.235 Y224.72 E69.02515
G1 X219.379 Y225.105 E69.03197
G1 X219.828 Y225.58 E69.04281
G1 X219.981 Y226.094 E69.05171
G1 X219.863 Y226.522 E69.05907
G1 X219.981 Y226.99 E69.06708
G1 X219.832 Y227.53 E69.07637
G1 X219.434 Y227.924 E69.08566
G1 X218.894 Y228.077 E69.09497
G1 X218.383 Y227.925 E69.10382
G1 X217.959 Y227.501 E69.11376
G1 X217.811 Y226.993 E69.12254
G1 X217.957 Y226.486 E69.13129
G1 X217.924 Y226.343 E69.13373
G1 X217.846 Y226.273 E69.13547
G1 X217.551 Y226.19 E69.14055
G1 X217.118 Y225.774 E69.15051
G1 X216.964 Y225.263 E69.15936
G1 X217.133 Y224.745 E69.1684
G1 F2700 E67.8684
;MESH:lowerRightPad.stl
G0 F13050 X215.535 Y224.745
G0 X214.801 Y224.573
G0 X214.661 Y224.257
M204 S1062
;TYPE:WALL-INNER
G1 F2700 E69.1684
G1 F1344.5 X214.661 Y227.031 E69.23691
G1 X215.255 Y227.031 E69.25158
G1 X215.255 Y224.784 E69.30707
G1 X214.661 Y224.257 E69.32668
M204 S2000
G0 F13050 X214.801 Y224.573
G0 X214.399 Y223.554
G0 X214.155 Y222.848
M204 S1062
;TYPE:WALL-OUTER
G1 F1901.5 X214.154 Y227.538 E69.40857
G1 X215.762 Y227.538 E69.43665
G1 X215.762 Y224.555 E69.48874
G1 X215.201 Y224.059 E69.50182
G1 X214.775 Y223.62 E69.5125
G1 X214.371 Y223.145 E69.52339
G1 X214.155 Y222.848 E69.5298
M204 S2000
G0 F13050 X214.155 Y223.048
G1 F2700 E68.2298
G0 F13050 X214.399 Y223.554
G0 X215.051 Y222.593
G0 X215.058 Y212.898
G0 X214.371 Y212.021
G0 X214.803 Y210.928
G0 X214.662 Y211.232
M204 S1062
;TYPE:WALL-INNER
G1 F2700 E69.5298
G1 F1340 X215.258 Y210.71 E69.54943
G1 X215.255 Y202.965 E69.74134
G1 F1342.3 X214.661 Y202.965 E69.75604
G1 F1340 X214.662 Y211.232 E69.96088
M204 S2000
G0 F13050 X214.803 Y210.928
G0 X214.399 Y211.946
G0 X214.155 Y212.648
M204 S1062
;TYPE:WALL-OUTER
G1 F1901.5 X214.371 Y212.351 E69.9673
G1 X214.785 Y211.865 E69.97844
G1 X215.213 Y211.426 E69.98915
G1 X215.766 Y210.94 E70.002
G1 X215.762 Y202.458 E70.15011
G1 X214.154 Y202.458 E70.17819
G1 X214.155 Y212.648 E70.35613
M204 S2000
G0 F13050 X214.272 Y212.487
G1 F2700 E69.05613
;MESH:NONMESH
G0 F600 X214.272 Y212.487 Z1
G0 F13050 X214.399 Y211.946
G0 X214.379 Y202.684
G0 X213.28 Y202.684
G0 X210.525 Y201.815
;TIME_ELAPSED:88.336571
;LAYER:7
;note -- min layer time used
M204 S2250
;TYPE:SUPPORT
G1 F2700 E70.35613
G1 F1874.2 X211.023 Y201.675 E70.36471
G1 X211.519 Y201.815 E70.37326
G1 X211.884 Y202.196 E70.38201
G1 X212.021 Y202.674 E70.39026
G1 X211.884 Y203.171 E70.39881
G1 X211.534 Y203.524 E70.40706
G1 X211.474 Y203.651 E70.40939
G1 X211.529 Y203.815 E70.41225
G1 X211.88 Y204.188 E70.42075
G1 X211.964 Y204.44 E70.42516
G1 X212.066 Y204.521 E70.42732
G1 X212.235 Y204.565 E70.43021
G1 X212.431 Y204.745 E70.43463
G1 X212.712 Y204.821 E70.43946
G1 X213.054 Y205.16 E70.44745
G1 X213.054 Y206.241 E70.46538
G1 X212.734 Y206.542 E70.47267
G1 X212.171 Y206.69 E70.48232
G1 X211.548 Y206.512 E70.49307
G1 X211.413 Y206.387 E70.49612
G1 X211.055 Y206.271 E70.50237
G1 X210.674 Y205.926 E70.51089
G1 X210.551 Y205.886 E70.51304
G1 X210.159 Y205.497 E70.5222
G1 X210.023 Y205.025 E70.53035
G1 X210.065 Y204.878 E70.53288
G1 X210.02 Y204.665 E70.53649
G1 X210.156 Y204.196 E70.54459
G1 X210.528 Y203.805 E70.55355
G1 X210.586 Y203.681 E70.55582
G1 X210.528 Y203.514 E70.55875
G1 X210.159 Y203.145 E70.56741
G1 X210.019 Y202.671 E70.57561
G1 X210.156 Y202.201 E70.58373
G1 X210.525 Y201.815 E70.59259
G1 F2700 E69.29259
G0 F14025 X211.023 Y209.731
G1 F2700 E70.59259
G1 F1874.2 X211.519 Y209.871 E70.60113
G1 X211.888 Y210.26 E70.61003
G1 X211.995 Y210.533 E70.61489
G1 X212.234 Y210.625 E70.61914
G1 X212.419 Y210.799 E70.62335
G1 X212.711 Y210.881 E70.62839
G1 X213.054 Y211.224 E70.63643
G1 X213.054 Y212.333 E70.65483
G1 X213.03 Y212.373 E70.6556
G1 X212.87 Y212.925 E70.66514
G1 X212.654 Y213.137 E70.67016
G1 X212.509 Y213.622 E70.67855
G1 X212.311 Y213.814 E70.68313
G1 X212.153 Y214.359 E70.69254
G1 X212.048 Y214.481 E70.69521
G1 X211.926 Y214.986 E70.70383
G1 X212.037 Y215.356 E70.71024
G1 X212.28 Y215.624 E70.71624
G1 X212.455 Y216.192 E70.7261
G1 X212.792 Y216.556 E70.73433
G1 X212.929 Y217.033 E70.74256
G1 X212.792 Y217.526 E70.75105
G1 X212.426 Y217.896 E70.75968
G1 X211.927 Y218.033 E70.76827
G1 X211.459 Y217.894 E70.77636
G1 X211.067 Y217.505 E70.78553
G1 X210.895 Y216.919 E70.79566
G1 X210.555 Y216.573 E70.8037
G1 X210.393 Y216.054 E70.81272
G1 X210.159 Y215.813 E70.81829
G1 X210.023 Y215.341 E70.82644
G1 X210.126 Y214.976 E70.83273
G1 X210.023 Y214.579 E70.83954
G1 X210.13 Y214.197 E70.84612
G1 X210.028 Y213.825 E70.85252
G1 X210.171 Y213.347 E70.86079
G1 X210.366 Y213.136 E70.86556
G1 X210.526 Y212.627 E70.87441
G1 X210.779 Y212.334 E70.88083
G1 X210.775 Y212.185 E70.88331
G1 X210.159 Y211.558 E70.89789
G1 X210.023 Y211.088 E70.906
G1 X210.065 Y210.938 E70.90859
G1 X210.023 Y210.729 E70.91212
G1 X210.16 Y210.26 E70.92023
G1 X210.526 Y209.871 E70.92909
G1 X211.023 Y209.731 E70.93765
G1 F2700 E69.63765
G0 F14025 X213.338 Y213.7
G0 X214.243 Y213.997
G0 X216.587 Y211.378
G0 X216.866 Y207.493
G1 F2700 E70.93765
G1 F1874.2 X216.863 Y206.452 E70.95492
G1 X217.068 Y206.247 E70.95973
G1 X217.11 Y206.129 E70.96181
G1 X217.067 Y205.991 E70.96421
G1 X216.862 Y205.794 E70.96892
G1 X216.862 Y204.754 E70.98617
G1 X216.985 Y204.616 E70.98924
G1 X217.003 Y204.476 E70.99158
G1 X217.157 Y203.993 E70.99999
G1 X217.334 Y203.808 E71.00424
G1 X217.502 Y203.248 E71.01394
G1 X217.662 Y203.073 E71.01787
G1 X217.826 Y202.552 E71.02693
G1 X217.914 Y202.385 E71.03006
G1 X217.894 Y202.271 E71.03198
G1 X218.032 Y201.788 E71.04032
G1 X218.397 Y201.407 E71.04907
G1 X218.893 Y201.267 E71.05762
G1 X219.391 Y201.407 E71.0662
G1 X219.756 Y201.788 E71.07495
G1 X219.893 Y202.269 E71.08325
G1 X219.794 Y202.627 E71.08941
G1 X219.888 Y203.026 E71.09621
G1 X219.739 Y203.544 E71.10515
G1 X219.649 Y203.687 E71.10795
G1 X219.486 Y204.254 E71.11774
G1 X219.275 Y204.476 E71.12282
G1 X219.133 Y204.954 E71.13109
G1 X218.943 Y205.172 E71.13589
G1 X218.944 Y205.302 E71.13805
G1 X218.802 Y205.785 E71.1464
G1 X218.674 Y205.915 E71.14942
G1 X218.643 Y206.056 E71.15182
G1 X218.721 Y206.327 E71.1565
G1 X218.827 Y206.414 E71.15877
G1 X219.147 Y206.501 E71.16427
G1 X219.538 Y206.888 E71.1734
G1 X219.589 Y207.052 E71.17625
G1 X219.756 Y207.248 E71.18052
G1 X219.893 Y207.721 E71.18869
G1 X219.851 Y207.876 E71.19135
G1 X219.893 Y208.076 E71.19474
G1 X219.756 Y208.57 E71.20325
G1 X219.39 Y208.936 E71.21183
G1 X218.894 Y209.077 E71.22039
G1 X218.423 Y208.937 E71.22854
G1 X218.031 Y208.545 E71.23773
G1 X217.916 Y208.16 E71.2444
G1 X217.746 Y207.989 E71.2484
G1 X217.235 Y207.843 E71.25722
G1 X216.866 Y207.493 E71.26565
G1 F2700 E69.96565
G0 F14025 X218.05 Y224.222
G1 F2700 E71.26565
G1 F1874.2 X218.664 Y224.381 E71.27617
G1 X219.036 Y224.754 E71.28491
G1 X219.16 Y225.129 E71.29146
G1 X219.394 Y225.235 E71.29573
G1 X219.757 Y225.62 E71.3045
G1 X219.897 Y226.094 E71.3127
G1 X219.78 Y226.518 E71.32
G1 X219.897 Y226.99 E71.32807
G1 X219.76 Y227.486 E71.3366
G1 X219.39 Y227.852 E71.34523
G1 X218.894 Y227.993 E71.35379
G1 X218.423 Y227.853 E71.36194
G1 X218.031 Y227.461 E71.37114
G1 X217.892 Y226.989 E71.3793
G1 X218.05 Y226.442 E71.38874
G1 X218.004 Y226.295 E71.3913
G1 X217.905 Y226.228 E71.39328
G1 X217.472 Y226.104 E71.40075
G1 X217.056 Y225.708 E71.41028
G1 X216.904 Y225.237 E71.41849
G1 X217.047 Y224.763 E71.4267
G1 X217.421 Y224.385 E71.43552
G1 X218.05 Y224.222 E71.4463
G1 F2700 E70.1463
G0 F14025 X214.243 Y221.503
G0 X213.338 Y221.8
G0 X213.054 Y224.222
G1 F2700 E71.4463
G1 F1874.2 X213.054 Y225.329 E71.46467
G1 X212.894 Y225.765 E71.47237
G1 X212.703 Y225.946 E71.47674
G1 X212.53 Y226.53 E71.48684
G1 X212.333 Y226.744 E71.49166
G1 X212.162 Y227.325 E71.50171
G1 X212.049 Y227.451 E71.50452
G1 X211.884 Y228.038 E71.51463
G1 X211.518 Y228.404 E71.52322
G1 X211.022 Y228.541 E71.53176
G1 X210.551 Y228.405 E71.53989
G1 X210.159 Y228.013 E71.54908
G1 X210.019 Y227.539 E71.55728
G1 X210.13 Y227.146 E71.56406
G1 X210.032 Y226.782 E71.57031
G1 X210.174 Y226.312 E71.57845
G1 X210.381 Y226.089 E71.5835
G1 X210.546 Y225.552 E71.59282
G1 X210.733 Y225.35 E71.59739
G1 X210.917 Y224.769 E71.6075
G1 X211.011 Y224.618 E71.61045
G1 X211.006 Y224.428 E71.6136
G1 X210.671 Y224.11 E71.62126
G1 X210.55 Y224.073 E71.62336
G1 X210.159 Y223.681 E71.63255
G1 X210.023 Y223.209 E71.64069
G1 X210.065 Y223.004 E71.64417
G1 X210.023 Y222.852 E71.64678
G1 X210.16 Y222.381 E71.65492
G1 X210.525 Y221.995 E71.66373
G1 X211.023 Y221.855 E71.67231
G1 X211.519 Y221.995 E71.68086
G1 X211.888 Y222.38 E71.68971
G1 X211.968 Y222.624 E71.69397
G1 X212.08 Y222.709 E71.6963
G1 X212.234 Y222.749 E71.69894
G1 X212.388 Y222.905 E71.70258
G1 X212.711 Y223.009 E71.7082
G1 X213.054 Y223.348 E71.7162
G1 X213.054 Y224.222 E71.7307
G1 F2700 E70.4307
;MESH:lowerRightPad.stl
G0 F14025 X214.434 Y224.224
G0 X214.855 Y224.619
G0 X214.686 Y224.247
M204 S1156
;TYPE:WALL-INNER
G1 F2700 E71.7307
G1 F1441.7 X214.685 Y227.055 E71.79444
G1 X215.231 Y227.055 E71.80684
G1 X215.231 Y224.729 E71.85964
G1 X214.686 Y224.247 E71.87616
M204 S2250
G0 F14025 X214.855 Y224.619
G0 X214.449 Y223.613
G0 X214.202 Y222.944
M204 S1156
;TYPE:WALL-OUTER
G1 F1874.2 X214.202 Y227.538 E71.95637
G1 X215.714 Y227.538 E71.98278
G1 X215.714 Y224.511 E72.03563
G1 X215.197 Y224.055 E72.04767
G1 X214.771 Y223.616 E72.05835
G1 X214.202 Y222.944 E72.07373
M204 S2250
G0 F14025 X214.202 Y223.144
G1 F2700 E70.77373
G0 F14025 X214.449 Y223.613
G0 X215.053 Y222.597
G0 X215.053 Y212.903
G0 X214.421 Y211.962
G0 X214.856 Y210.88
G0 X214.686 Y211.249
M204 S1156
;TYPE:WALL-INNER
G1 F2700 E72.07373
G1 F1441.7 X215.231 Y210.767 E72.09024
G1 X215.231 Y202.941 E72.26789
G1 X214.685 Y202.941 E72.28029
G1 X214.686 Y211.249 E72.46888
M204 S2250
G0 F14025 X214.856 Y210.88
G0 X214.449 Y211.887
G0 X214.203 Y212.548
M204 S1156
;TYPE:WALL-OUTER
G1 F1874.2 X214.785 Y211.865 E72.48455
G1 X215.209 Y211.43 E72.49515
G1 X215.714 Y210.985 E72.50691
G1 X215.714 Y202.458 E72.6558
G1 X214.202 Y202.458 E72.6822
G1 X214.203 Y212.548 E72.85839
M204 S2250
G0 F14025 X214.332 Y212.396
G1 F2700 E71.55839
;MESH:NONMESH
G0 F600 X214.332 Y212.396 Z1.1
G0 F14025 X214.449 Y211.887
G0 X214.429 Y202.684
G0 X213.33 Y202.684
G0 X210.228 Y202.241
;TIME_ELAPSED:96.158022
;LAYER:8
;note -- min layer time used
M204 S2500
;TYPE:SUPPORT
G1 F2700 E72.85839
G1 F1843.7 X210.568 Y201.887 E72.86653
G1 X211.023 Y201.759 E72.87437
G1 X211.476 Y201.887 E72.88218
G1 X211.816 Y202.241 E72.89033
G1 X211.941 Y202.67 E72.89774
G1 X211.812 Y203.13 E72.90566
G1 F1606.5 X211.301 Y203.645 E72.91947
G1 F1423.4 X211.301 Y203.693 E72.92051
G1 F1606.5 X211.812 Y204.236 E72.9347
G1 F1843.7 X211.889 Y204.469 E72.93877
G1 X211.96 Y204.537 E72.9404
G1 X212.342 Y204.645 E72.94699
G1 X212.541 Y204.834 E72.95154
G1 X212.811 Y204.912 E72.9562
G1 X213.102 Y205.203 E72.96303
G1 X213.102 Y206.242 E72.98026
G1 X212.838 Y206.494 E72.98632
G1 X212.315 Y206.63 E72.99528
G1 X211.729 Y206.464 E73.00539
G1 X211.532 Y206.293 E73.00971
G1 X211.239 Y206.211 E73.01476
G1 X210.953 Y205.94 E73.0213
G1 X210.59 Y205.817 E73.02765
G1 X210.231 Y205.457 E73.03609
G1 X210.104 Y205.024 E73.04357
G1 X210.145 Y204.871 E73.0462
G1 X210.103 Y204.668 E73.04964
G1 X210.228 Y204.236 E73.0571
G1 F1606.5 X210.759 Y203.687 E73.07164
G1 F1423.4 X210.759 Y203.639 E73.07267
G1 F1606.5 X210.231 Y203.105 E73.08697
G1 F1843.7 X210.103 Y202.671 E73.09447
G1 X210.228 Y202.241 E73.1019
G1 F2700 E71.8019
G0 F15000 X211.023 Y209.815
G1 F2700 E73.1019
G1 F1843.7 X211.479 Y209.943 E73.10976
G1 X211.817 Y210.301 E73.11793
G1 X211.95 Y210.588 E73.12317
G1 X212.337 Y210.704 E73.12988
G1 X212.536 Y210.897 E73.13447
G1 X212.812 Y210.974 E73.13923
G1 X213.102 Y211.263 E73.14602
G1 X213.102 Y212.342 E73.16392
G1 X212.941 Y212.902 E73.17358
G1 X212.728 Y213.115 E73.17858
G1 X212.582 Y213.588 E73.18679
G1 X212.379 Y213.781 E73.19144
G1 X212.217 Y214.335 E73.20101
G1 X212.036 Y214.514 E73.20524
G1 X211.88 Y215.06 E73.21466
G1 X211.969 Y215.404 E73.22055
G1 X212.207 Y215.663 E73.22639
G1 X212.36 Y216.212 E73.23584
G1 X212.72 Y216.6 E73.24462
G1 X212.845 Y217.03 E73.25205
G1 X212.72 Y217.486 E73.25989
G1 X212.382 Y217.82 E73.26777
G1 X211.926 Y217.949 E73.27564
G1 X211.499 Y217.825 E73.28301
G1 X211.135 Y217.461 E73.29155
G1 X210.963 Y216.872 E73.30173
G1 X210.627 Y216.533 E73.30965
G1 X210.467 Y216.017 E73.31861
G1 X210.231 Y215.773 E73.32424
G1 X210.103 Y215.34 E73.33173
G1 X210.205 Y214.992 E73.33775
G1 X210.103 Y214.579 E73.3448
G1 X210.279 Y213.974 E73.35525
G1 X210.248 Y213.842 E73.3575
G1 X210.378 Y213.409 E73.365
G1 X210.588 Y213.183 E73.37012
G1 X210.742 Y212.68 E73.37885
G1 X210.981 Y212.398 E73.38498
G1 X210.98 Y212.105 E73.38984
G1 X210.916 Y211.999 E73.39189
G1 X210.592 Y211.878 E73.39763
G1 X210.231 Y211.517 E73.4061
G1 X210.104 Y211.09 E73.41349
G1 X210.148 Y210.943 E73.41604
G1 X210.104 Y210.729 E73.41966
G1 X210.232 Y210.297 E73.42713
G1 X210.569 Y209.943 E73.43524
G1 X211.023 Y209.815 E73.44307
G1 F2700 E72.14307
G0 F15000 X213.388 Y213.631
G0 X214.292 Y213.928
G0 X216.537 Y211.419
G0 X216.814 Y207.457
G1 F2700 E73.44307
G1 F1843.7 X216.814 Y206.457 E73.45966
G1 X217.027 Y206.246 E73.46463
G1 X217.078 Y206.12 E73.46688
G1 X217.027 Y205.97 E73.46951
G1 X216.814 Y205.766 E73.4744
G1 X216.814 Y204.764 E73.49103
G1 X216.944 Y204.611 E73.49436
G1 X216.946 Y204.463 E73.49681
G1 X217.078 Y204.032 E73.50429
G1 X217.265 Y203.82 E73.50898
G1 X217.434 Y203.28 E73.51836
G1 X217.577 Y203.137 E73.52172
G1 X217.752 Y202.583 E73.53136
G1 X217.928 Y202.364 E73.53602
G1 X218.088 Y201.833 E73.54522
G1 X218.425 Y201.479 E73.55333
G1 X218.891 Y201.347 E73.56136
G1 X219.347 Y201.479 E73.56923
G1 X219.684 Y201.832 E73.57733
G1 X219.809 Y202.269 E73.58487
G1 X219.662 Y202.8 E73.59401
G1 X219.732 Y203.03 E73.598
G1 X219.599 Y203.479 E73.60577
G1 X219.427 Y203.643 E73.60971
G1 X219.269 Y204.191 E73.61917
G1 X219.07 Y204.387 E73.6238
G1 X218.911 Y204.904 E73.63278
G1 X218.706 Y205.148 E73.63806
G1 X218.72 Y205.285 E73.64035
G1 X218.586 Y205.738 E73.64818
G1 X218.392 Y205.925 E73.65265
G1 X218.351 Y206.077 E73.65526
G1 X218.464 Y206.394 E73.66085
G1 X218.997 Y206.566 E73.67014
G1 X219.684 Y207.292 E73.68672
G1 X219.81 Y207.727 E73.69423
G1 X219.77 Y207.924 E73.69757
G1 X219.813 Y208.075 E73.70017
G1 X219.684 Y208.529 E73.708
G1 X219.346 Y208.864 E73.71589
G1 X218.894 Y208.993 E73.72369
G1 X218.463 Y208.865 E73.73115
G1 X218.103 Y208.505 E73.73959
G1 X218.004 Y208.199 E73.74493
G1 X217.672 Y207.922 E73.7521
G1 X217.131 Y207.756 E73.76149
G1 X216.814 Y207.457 E73.76872
G1 F2700 E72.46872
G0 F15000 X216.537 Y211.419
G0 X211.479 Y222.067
G1 F2700 E73.76872
G1 F1843.7 X211.812 Y222.42 E73.77677
G1 X211.889 Y222.657 E73.7809
G1 X212.014 Y222.748 E73.78347
G1 X212.339 Y222.833 E73.78904
G1 X212.551 Y223.029 E73.79383
G1 X212.819 Y223.105 E73.79845
G1 X213.102 Y223.388 E73.80509
G1 X213.102 Y225.346 E73.83757
G1 X212.966 Y225.725 E73.84425
G1 X212.764 Y225.921 E73.84892
G1 X212.598 Y226.498 E73.85888
G1 X212.419 Y226.673 E73.86303
G1 X212.238 Y227.306 E73.87395
G1 X212.057 Y227.491 E73.87824
G1 X211.905 Y227.995 E73.88698
G1 X211.556 Y228.335 E73.89506
G1 X211.055 Y228.47 E73.90367
G1 X210.591 Y228.333 E73.91169
G1 X210.231 Y227.973 E73.92014
G1 X210.103 Y227.539 E73.92764
G1 X210.294 Y226.924 E73.93833
G1 X210.261 Y226.804 E73.94039
G1 X210.393 Y226.364 E73.94801
G1 X210.594 Y226.12 E73.95326
G1 X210.761 Y225.597 E73.96236
G1 X210.95 Y225.393 E73.96698
G1 X211.125 Y224.834 E73.97669
G1 X211.311 Y224.597 E73.98169
G1 X211.282 Y224.446 E73.98424
G1 X210.911 Y224.1 E73.99266
G1 X210.591 Y224.001 E73.99821
G1 X210.231 Y223.641 E74.00666
G1 X210.104 Y223.211 E74.0141
G1 X210.149 Y223.056 E74.01677
G1 X210.104 Y222.85 E74.02027
G1 X210.232 Y222.421 E74.0277
G1 X210.569 Y222.067 E74.03581
G1 X211.023 Y221.939 E74.04363
G1 X211.479 Y222.067 E74.05149
G1 F2700 E72.75149
G0 F15000 X214.291 Y221.571
G0 X216.536 Y224.08
G0 X216.989 Y224.833
G1 F2700 E74.05149
G1 F1843.7 X217.357 Y224.464 E74.06013
G1 X217.901 Y224.318 E74.06948
G1 X218.447 Y224.461 E74.07884
G1 X218.814 Y224.828 E74.08745
G1 X218.939 Y225.157 E74.09329
G1 X219.347 Y225.303 E74.10047
G1 X219.688 Y225.664 E74.10871
G1 X219.813 Y226.094 E74.11614
G1 X219.694 Y226.532 E74.12367
G1 X219.813 Y226.99 E74.13152
G1 X219.684 Y227.446 E74.13938
G1 X219.35 Y227.78 E74.14722
G1 X218.894 Y227.909 E74.15508
G1 X218.463 Y227.781 E74.16254
G1 X218.103 Y227.421 E74.17098
G1 X217.975 Y226.989 E74.17846
G1 X218.098 Y226.564 E74.1858
G1 X218.047 Y226.32 E74.18993
G1 X217.906 Y226.196 E74.19305
G1 X217.346 Y226.05 E74.20265
G1 X216.974 Y225.694 E74.21119
G1 X216.848 Y225.271 E74.21851
G1 X216.989 Y224.833 E74.22614
G1 F2700 E72.92614
;MESH:lowerRightPad.stl
G0 F15000 X215.435 Y224.833
G0 X214.904 Y224.662
G0 X214.712 Y224.209
M204 S1250
;TYPE:WALL-INNER
G1 F2700 E74.22614
G1 F1567.5 X214.711 Y227.081 E74.28513
G1 X215.205 Y227.081 E74.29527
G1 X215.205 Y224.674 E74.34471
G1 X214.712 Y224.209 E74.35863
M204 S2500
G0 F15000 X214.904 Y224.662
G0 X214.498 Y223.671
G0 X214.255 Y223.007
M204 S1250
;TYPE:WALL-OUTER
G1 F1843.7 X214.254 Y227.538 E74.43774
G1 X215.662 Y227.538 E74.46233
G1 X215.662 Y224.47 E74.5159
G1 X215.194 Y224.048 E74.52691
G1 X214.782 Y223.628 E74.53718
G1 X214.255 Y223.007 E74.5514
M204 S2500
G0 F15000 X214.255 Y223.207
G1 F2700 E73.2514
G0 F15000 X214.498 Y223.671
G0 X215.059 Y222.603
G0 X215.059 Y212.897
G0 X214.471 Y211.903
G0 X214.905 Y210.837
G0 X214.712 Y211.288
M204 S1250
;TYPE:WALL-INNER
G1 F2700 E74.5514
G1 F1561.2 X215.208 Y210.823 E74.56542
G1 X215.205 Y202.915 E74.7285
G1 F1564.3 X214.711 Y202.915 E74.73866
G1 F1561.2 X214.712 Y211.288 E74.91132
M204 S2500
G0 F15000 X214.905 Y210.837
G0 X214.499 Y211.828
G0 X214.255 Y212.49
M204 S1250
;TYPE:WALL-OUTER
G1 F1843.7 X214.782 Y211.868 E74.92556
G1 X215.207 Y211.44 E74.93609
G1 X215.666 Y211.026 E74.94688
G1 X215.662 Y202.458 E75.0965
G1 X214.254 Y202.458 E75.12108
G1 X214.255 Y212.49 E75.29626
M204 S2500
G0 F15000 X214.384 Y212.338
G1 F2700 E73.99626
;MESH:NONMESH
G0 F600 X214.384 Y212.338 Z1.2
G0 F15000 X214.499 Y211.828
G0 X214.479 Y202.684
G0 X213.38 Y202.684
G0 X210.605 Y201.959
;TIME_ELAPSED:103.763975
;LAYER:9
;note -- min layer time used
;TYPE:SUPPORT
G1 F2700 E75.29626
G1 F1827.4 X211.023 Y201.839 E75.30347
G1 X211.439 Y201.959 E75.31065
G1 X211.74 Y202.276 E75.3179
G1 X211.857 Y202.674 E75.32478
G1 X211.744 Y203.086 E75.33187
G1 X211.311 Y203.519 E75.34203
G1 F1797.5 X211.244 Y203.646 E75.34445
G1 F1793.3 X211.303 Y203.808 E75.34737
G1 F1827.4 X211.745 Y204.277 E75.35806
G1 X211.833 Y204.503 E75.36208
G1 X211.922 Y204.583 E75.36406
G1 X212.447 Y204.729 E75.3731
G1 X212.676 Y204.94 E75.37827
G1 X212.919 Y205.008 E75.38246
G1 X213.154 Y205.24 E75.38793
G1 X213.154 Y206.245 E75.4046
G1 X212.943 Y206.442 E75.40939
G1 X212.455 Y206.57 E75.41776
G1 X211.913 Y206.416 E75.42711
G1 X211.702 Y206.227 E75.43181
G1 X211.427 Y206.151 E75.43654
G1 X211.13 Y205.881 E75.4432
G1 X210.667 Y205.747 E75.4512
G1 X210.321 Y205.42 E75.45909
G1 X210.196 Y205.025 E75.46597
G1 X210.234 Y204.88 E75.46845
G1 X210.187 Y204.669 E75.47204
G1 X210.304 Y204.272 E75.4789
G1 X210.749 Y203.801 E75.48965
G1 F1797.5 X210.812 Y203.678 E75.49198
G1 F1801.7 X210.749 Y203.511 E75.49499
G1 F1827.4 X210.303 Y203.065 E75.50545
G1 X210.187 Y202.672 E75.51225
G1 X210.304 Y202.276 E75.5191
G1 X210.605 Y201.959 E75.52635
G1 F2700 E74.22635
G0 F15000 X211.023 Y209.899
G1 F2700 E75.52635
G1 F1827.4 X211.439 Y210.015 E75.53351
G1 X211.741 Y210.337 E75.54083
G1 X211.808 Y210.512 E75.54394
G1 X211.971 Y210.661 E75.54761
G1 X212.445 Y210.793 E75.55577
G1 X212.664 Y210.995 E75.56071
G1 X212.919 Y211.072 E75.56513
G1 X213.154 Y211.304 E75.57061
G1 X213.154 Y212.398 E75.58876
G1 X213.014 Y212.878 E75.59705
G1 X212.794 Y213.105 E75.60229
G1 X212.655 Y213.557 E75.61014
G1 X212.453 Y213.751 E75.61478
G1 X212.293 Y214.307 E75.62438
G1 X212.125 Y214.473 E75.6283
G1 X211.955 Y215.002 E75.63752
G1 X211.838 Y215.108 E75.64014
G1 X211.786 Y215.266 E75.6429
G1 X211.818 Y215.361 E75.64456
G1 X212.136 Y215.704 E75.65232
G1 X212.31 Y216.27 E75.66214
G1 X212.648 Y216.636 E75.6704
G1 X212.765 Y217.03 E75.67722
G1 X212.648 Y217.446 E75.68439
G1 X212.342 Y217.752 E75.69157
G1 X211.926 Y217.865 E75.69872
G1 X211.539 Y217.753 E75.7054
G1 X211.207 Y217.421 E75.71319
G1 X211.065 Y216.861 E75.72278
G1 X210.699 Y216.494 E75.73137
G1 X210.546 Y215.983 E75.74022
G1 X210.303 Y215.733 E75.74601
G1 X210.187 Y215.34 E75.7528
G1 X210.294 Y214.94 E75.75967
G1 X210.196 Y214.584 E75.7658
G1 X210.315 Y214.186 E75.77269
G1 X210.448 Y214.044 E75.77592
G1 X210.594 Y213.468 E75.78577
G1 X210.787 Y213.272 E75.79034
G1 X210.953 Y212.733 E75.79969
G1 X211.146 Y212.54 E75.80422
G1 X211.263 Y212.193 E75.81029
G1 X211.259 Y212.095 E75.81192
G1 X211.149 Y211.963 E75.81477
G1 X210.665 Y211.81 E75.82319
G1 X210.316 Y211.48 E75.83116
G1 X210.193 Y211.091 E75.83793
G1 X210.234 Y210.944 E75.84046
G1 X210.187 Y210.733 E75.84404
G1 X210.304 Y210.336 E75.85091
G1 X210.605 Y210.015 E75.85821
G1 X211.023 Y209.899 E75.86541
G1 F2700 E74.56541
G0 F15000 X213.438 Y213.562
G0 X214.342 Y213.859
G0 X216.487 Y211.474
G0 X216.766 Y207.428
G1 F2700 E75.86541
G1 F1827.4 X216.763 Y206.468 E75.88133
G1 X217.027 Y206.193 E75.88765
G1 X217.037 Y206.021 E75.89051
G1 X216.762 Y205.736 E75.89708
G1 X216.762 Y204.77 E75.91311
G1 X216.879 Y204.633 E75.9161
G1 X216.885 Y204.499 E75.91832
G1 X217.016 Y204.102 E75.92526
G1 X217.23 Y203.873 E75.93045
G1 X217.238 Y203.712 E75.93313
G1 X217.364 Y203.311 E75.9401
G1 X217.516 Y203.119 E75.94416
G1 X217.673 Y202.629 E75.9527
G1 X217.84 Y202.455 E75.9567
G1 X218.025 Y201.873 E75.96683
G1 X218.349 Y201.553 E75.97438
G1 X218.842 Y201.422 E75.98285
G1 X219.304 Y201.551 E75.9908
G1 X219.608 Y201.869 E75.9981
G1 X219.725 Y202.266 E76.00497
G1 X219.608 Y202.682 E76.01214
G1 X219.507 Y202.789 E76.01458
G1 X219.474 Y202.916 E76.01675
G1 X219.501 Y203.025 E76.01862
G1 X219.378 Y203.438 E76.02576
G1 X219.218 Y203.599 E76.02953
G1 X219.056 Y204.143 E76.03894
G1 X218.884 Y204.334 E76.04321
G1 X218.706 Y204.885 E76.05281
G1 X218.518 Y205.064 E76.05712
G1 X218.478 Y205.188 E76.05928
G1 X218.496 Y205.278 E76.0608
G1 X218.371 Y205.689 E76.06793
G1 X218.069 Y206.007 E76.07521
G1 X218.059 Y206.098 E76.07672
G1 X218.138 Y206.378 E76.08155
G1 X218.261 Y206.468 E76.08408
G1 X218.775 Y206.605 E76.0929
G1 X219.115 Y206.942 E76.10084
G1 X219.311 Y207.011 E76.10429
G1 X219.612 Y207.328 E76.11154
G1 X219.729 Y207.725 E76.11841
G1 X219.687 Y207.932 E76.12191
G1 X219.729 Y208.075 E76.12438
G1 X219.612 Y208.486 E76.13147
G1 X219.306 Y208.796 E76.1387
G1 X218.895 Y208.909 E76.14577
G1 X218.503 Y208.793 E76.15255
G1 X218.174 Y208.464 E76.16027
G1 X218.064 Y208.158 E76.16566
G1 X217.759 Y208.038 E76.1711
G1 X217.504 Y207.81 E76.17677
G1 X217.026 Y207.671 E76.18503
G1 X216.766 Y207.428 E76.19094
G1 F2700 E74.89094
G0 F15000 X216.487 Y211.474
G0 X211.439 Y222.139
G1 F2700 E76.19094
G1 F1827.4 X211.741 Y222.457 E76.19821
G1 X211.806 Y222.632 E76.20131
G1 X211.986 Y222.788 E76.20526
G1 X212.444 Y222.913 E76.21313
G1 X212.673 Y223.126 E76.21832
G1 X212.919 Y223.2 E76.22258
G1 X213.154 Y223.429 E76.22803
G1 X213.154 Y225.35 E76.25989
G1 X213.034 Y225.684 E76.26578
G1 X212.839 Y225.901 E76.27062
G1 X212.678 Y226.456 E76.28021
G1 X212.462 Y226.658 E76.28511
G1 X212.314 Y227.277 E76.29567
G1 X212.131 Y227.453 E76.29988
G1 X211.97 Y227.969 E76.30885
G1 X211.655 Y228.266 E76.31603
G1 X211.147 Y228.398 E76.32474
G1 X210.652 Y228.259 E76.33327
G1 X210.318 Y227.938 E76.34095
G1 X210.196 Y227.539 E76.34787
G1 X210.315 Y227.146 E76.35468
G1 X210.454 Y226.998 E76.35805
G1 X210.603 Y226.432 E76.36776
G1 X210.816 Y226.221 E76.37273
G1 X210.978 Y225.637 E76.38279
G1 X211.161 Y225.441 E76.38723
G1 X211.341 Y224.875 E76.39709
G1 X211.431 Y224.774 E76.39933
G1 X211.502 Y224.5 E76.40403
G1 X211.472 Y224.391 E76.4059
G1 X211.147 Y224.08 E76.41336
G1 X210.663 Y223.928 E76.42178
G1 X210.321 Y223.604 E76.42959
G1 X210.196 Y223.206 E76.43651
G1 X210.234 Y223.064 E76.43895
G1 X210.187 Y222.855 E76.44251
G1 X210.304 Y222.456 E76.4494
G1 X210.605 Y222.139 E76.45666
G1 X211.023 Y222.019 E76.46387
G1 X211.439 Y222.139 E76.47105
G1 F2700 E75.17105
G0 F15000 X214.342 Y221.639
G0 X216.486 Y224.025
G0 X216.907 Y224.851
G1 F2700 E76.47105
G1 F1827.4 X217.224 Y224.53 E76.47854
G1 X217.821 Y224.411 E76.48863
G1 X218.292 Y224.526 E76.49668
G1 X218.609 Y224.847 E76.50416
G1 X218.736 Y225.19 E76.51023
G1 X219.311 Y225.379 E76.52027
G1 X219.612 Y225.7 E76.52757
G1 X219.729 Y226.094 E76.53439
G1 X219.61 Y226.529 E76.54187
G1 X219.729 Y226.99 E76.54977
G1 X219.616 Y227.403 E76.55687
G1 X219.31 Y227.712 E76.56408
G1 X218.895 Y227.825 E76.57122
G1 X218.503 Y227.709 E76.578
G1 X218.175 Y227.381 E76.58569
G1 X218.059 Y226.991 E76.59244
G1 X218.182 Y226.526 E76.60042
G1 X218.082 Y226.185 E76.60632
G1 X218.005 Y226.104 E76.60817
G1 X217.911 Y226.074 E76.60981
G1 X217.757 Y226.105 E76.61241
G1 X217.267 Y225.971 E76.62084
G1 X216.916 Y225.64 E76.62884
G1 X216.789 Y225.242 E76.63577
G1 X216.907 Y224.851 E76.64255
G1 F2700 E75.34255
;MESH:lowerRightPad.stl
G0 F15000 X215.385 Y224.851
G0 X214.736 Y224.201
M204 S1250
;TYPE:WALL-INNER
G1 F2700 E76.64255
G1 F1720.9 X214.735 Y227.105 E76.6964
G1 X215.181 Y227.105 E76.70467
G1 X215.181 Y224.616 E76.75082
G1 X214.736 Y224.201 E76.7621
M204 S2500
G0 F15000 X214.955 Y224.706
G0 X214.548 Y223.732
G0 X214.302 Y223.063
M204 S1250
;TYPE:WALL-OUTER
G1 F1827.4 X214.302 Y227.538 E76.84024
G1 X215.614 Y227.538 E76.86315
G1 X215.614 Y224.42 E76.9176
G1 X215.209 Y224.067 E76.92698
G1 X214.767 Y223.612 E76.93805
G1 X214.302 Y223.063 E76.95062
M204 S2500
G0 F15000 X214.302 Y223.263
G1 F2700 E75.65062
G0 F15000 X214.548 Y223.732
G0 X215.352 Y222.949
G0 X215.354 Y212.549
G0 X214.521 Y211.843
G0 X214.956 Y210.793
G0 X214.735 Y211.298
M204 S1250
;TYPE:WALL-INNER
G1 F2700 E76.95062
G1 F1720.9 X215.181 Y210.88 E76.96195
G1 X215.181 Y202.891 E77.11009
G1 X214.735 Y202.891 E77.11836
G1 X214.735 Y211.298 E77.27424
M204 S2500
G0 F15000 X214.956 Y210.793
G0 X214.549 Y211.767
G0 X214.302 Y212.436
M204 S1250
;TYPE:WALL-OUTER
G1 F1827.4 X214.78 Y211.874 E77.28713
G1 X215.209 Y211.429 E77.29792
G1 X215.614 Y211.076 E77.3073
G1 X215.614 Y202.458 E77.45779
G1 X214.302 Y202.458 E77.4807
G1 X214.302 Y212.436 E77.65493
M204 S2500
G0 F15000 X214.431 Y212.284
G1 F2700 E76.35493
;MESH:NONMESH
G0 F600 X214.431 Y212.284 Z1.3
G0 F15000 X214.549 Y211.767
G0 X214.529 Y202.684
G0 X213.43 Y202.684
G0 X210.649 Y202.027
;TIME_ELAPSED:111.292696
;LAYER:10
;note -- min layer time used
;TYPE:SUPPORT
G1 F2700 E77.65493
G1 F1805.7 X211.024 Y201.923 E77.66138
G1 X211.399 Y202.027 E77.66784
G1 X211.668 Y202.313 E77.67435
G1 X211.773 Y202.678 E77.68065
G1 X211.672 Y203.046 E77.68698
G1 X211.394 Y203.324 E77.6935
G1 F1810 X211.238 Y203.387 E77.69629
G1 F1990.5 X211.2 Y203.548 E77.69878
G1 F2006.3 X211.237 Y203.956 E77.70489
G1 F1823.1 X211.401 Y204.025 E77.70782
G1 F1805.7 X212.026 Y204.675 E77.72277
G1 X212.552 Y204.81 E77.73178
G1 X212.781 Y205.031 E77.73706
G1 X213.015 Y205.102 E77.74112
G1 X213.202 Y205.288 E77.74549
G1 X213.202 Y206.244 E77.76135
G1 X213.04 Y206.393 E77.765
G1 X212.599 Y206.506 E77.77256
G1 X212.095 Y206.367 E77.78123
G1 X211.873 Y206.167 E77.78619
G1 X211.61 Y206.087 E77.79075
G1 X211.347 Y205.852 E77.7966
G1 X210.85 Y205.707 E77.80518
G1 X210.523 Y205.402 E77.8126
G1 X210.273 Y204.663 E77.82554
G1 X210.376 Y204.312 E77.83161
G1 X210.65 Y204.022 E77.83823
G1 F1823.1 X210.816 Y203.951 E77.8412
G1 F2006.3 X210.856 Y203.809 E77.8434
G1 F1985.3 X210.821 Y203.385 E77.84982
G1 F1810 X210.671 Y203.321 E77.85252
G1 F1805.7 X210.374 Y203.024 E77.85948
G1 X210.268 Y202.672 E77.86558
G1 X210.375 Y202.317 E77.87173
G1 X210.649 Y202.027 E77.87835
G1 F2700 E76.57835
G0 F15000 X213.492 Y201.597
G0 X216.428 Y201.597
G0 X216.941 Y204.173
G1 F2700 E77.87835
G1 F1805.7 X217.158 Y203.958 E77.88342
G1 X217.202 Y203.814 E77.88592
G1 X217.173 Y203.702 E77.88784
G1 X217.282 Y203.344 E77.89404
G1 X217.45 Y203.174 E77.89801
G1 X217.612 Y202.663 E77.9069
G1 X217.818 Y202.453 E77.91178
G1 X217.962 Y201.908 E77.92113
G1 X218.248 Y201.625 E77.92781
G1 X218.732 Y201.497 E77.93611
G1 X219.216 Y201.625 E77.94442
G1 X219.511 Y201.917 E77.9513
G1 X219.62 Y202.265 E77.95735
G1 X219.507 Y202.637 E77.9638
G1 X219.308 Y202.829 E77.96839
G1 X219.162 Y203.397 E77.97812
G1 X219.006 Y203.547 E77.98171
G1 X218.842 Y204.089 E77.9911
G1 X218.606 Y204.337 E77.99678
G1 X218.48 Y204.844 E78.00544
G1 X218.281 Y205.037 E78.01004
G1 X218.242 Y205.179 E78.01249
G1 X218.268 Y205.272 E78.01409
G1 X218.159 Y205.637 E78.02041
G1 F1541.5 X217.661 Y206.09 E78.03349
G1 F1349.5 X217.659 Y206.138 E78.03455
G1 F1544.6 X218.103 Y206.539 E78.04616
G1 F1805.7 X218.605 Y206.674 E78.05478
G1 X218.932 Y206.983 E78.06224
G1 X219.249 Y207.076 E78.06772
G1 X219.533 Y207.37 E78.0745
G1 X219.641 Y207.726 E78.08068
G1 X219.604 Y207.857 E78.08293
G1 X219.646 Y208.077 E78.08665
G1 X219.544 Y208.446 E78.093
G1 X219.266 Y208.724 E78.09952
G1 X218.894 Y208.825 E78.10592
G1 X218.543 Y208.725 E78.11197
G1 X218.237 Y208.419 E78.11915
G1 X218.137 Y208.154 E78.12385
G1 X218.014 Y208.055 E78.12647
G1 X217.661 Y207.958 E78.13254
G1 X217.42 Y207.738 E78.13795
G1 X216.922 Y207.587 E78.14658
G1 X216.714 Y207.396 E78.15127
G1 X216.714 Y206.469 E78.16665
G1 F1544.6 X217.099 Y206.11 E78.17686
G1 F1349.5 X217.101 Y206.062 E78.17792
G1 F1541.5 X216.715 Y205.7 E78.18821
G1 F1805.7 X216.714 Y204.777 E78.20352
G1 X216.806 Y204.676 E78.20578
G1 X216.941 Y204.173 E78.21442
G1 F2700 E76.91442
G0 F15000 X216.428 Y201.597
G0 X213.492 Y201.597
G0 X212.548 Y210.873
G1 F2700 E78.21442
G1 F1805.7 X212.781 Y211.093 E78.21974
G1 X213.02 Y211.165 E78.22388
G1 X213.202 Y211.344 E78.22811
G1 X213.202 Y212.375 E78.24522
G1 X213.086 Y212.853 E78.25338
G1 X212.861 Y213.082 E78.2587
G1 X212.727 Y213.525 E78.26638
G1 X212.486 Y213.781 E78.27221
G1 X212.37 Y214.277 E78.28066
G1 X212.167 Y214.468 E78.28528
G1 X212.018 Y214.982 E78.29416
G1 X211.775 Y215.222 E78.29983
G1 X211.75 Y215.327 E78.30162
G1 X211.78 Y215.434 E78.30346
G1 X212.068 Y215.747 E78.31052
G1 X212.203 Y216.276 E78.31957
G1 X212.575 Y216.675 E78.32862
G1 X212.677 Y217.033 E78.3348
G1 X212.576 Y217.402 E78.34114
G1 X212.298 Y217.68 E78.34767
G1 X211.926 Y217.785 E78.35408
G1 X211.575 Y217.681 E78.36015
G1 X211.279 Y217.385 E78.36709
G1 X211.175 Y217.03 E78.37323
G1 X211.179 Y216.87 E78.37589
G1 X210.777 Y216.463 E78.38538
G1 X210.639 Y215.971 E78.39385
G1 X210.375 Y215.694 E78.4002
G1 X210.272 Y215.347 E78.4062
G1 X210.422 Y214.796 E78.41568
G1 X210.36 Y214.591 E78.41923
G1 X210.47 Y214.232 E78.42546
G1 X210.652 Y214.048 E78.42975
G1 X210.805 Y213.526 E78.43878
G1 X210.993 Y213.337 E78.4432
G1 X211.166 Y212.781 E78.45286
G1 X211.385 Y212.551 E78.45813
G1 X211.512 Y212.04 E78.46686
G1 X211.428 Y211.907 E78.46947
G1 X210.842 Y211.743 E78.47956
G1 X210.524 Y211.447 E78.48677
G1 X210.271 Y210.728 E78.49941
G1 X210.376 Y210.373 E78.50556
G1 X210.648 Y210.087 E78.5121
G1 X211.024 Y209.982 E78.51858
G1 X211.399 Y210.087 E78.52504
G1 X211.997 Y210.723 E78.53952
G1 X212.548 Y210.873 E78.54899
G1 F2700 E77.24899
G0 F15000 X211.023 Y222.103
G1 F2700 E78.54899
G1 F1805.7 X211.399 Y222.207 E78.55546
G1 X211.993 Y222.842 E78.56989
G1 X212.545 Y222.993 E78.57938
G1 X212.765 Y223.205 E78.58445
G1 X213.019 Y223.292 E78.5889
G1 X213.202 Y223.472 E78.59316
G1 X213.202 Y225.388 E78.62495
G1 X213.105 Y225.639 E78.62941
G1 X212.856 Y225.904 E78.63544
G1 X212.86 Y226.054 E78.63793
G1 X212.75 Y226.422 E78.6443
G1 X212.524 Y226.639 E78.6495
G1 X212.474 Y226.784 E78.65204
G1 X212.497 Y226.882 E78.65371
G1 X212.386 Y227.249 E78.66007
G1 X212.173 Y227.471 E78.66518
G1 X212.034 Y227.942 E78.67332
G1 X211.751 Y228.209 E78.67978
G1 X211.287 Y228.326 E78.68772
G1 X210.81 Y228.195 E78.69592
G1 X210.488 Y227.896 E78.70321
G1 X210.38 Y227.547 E78.70927
G1 X210.49 Y227.192 E78.71544
G1 X210.671 Y227.008 E78.71972
G1 X210.82 Y226.498 E78.72853
G1 X211.083 Y226.22 E78.73488
G1 X211.081 Y226.035 E78.73795
G1 X211.189 Y225.683 E78.74406
G1 X211.411 Y225.47 E78.74916
G1 X211.556 Y224.915 E78.75868
G1 X211.654 Y224.807 E78.76109
G1 X211.746 Y224.472 E78.76686
G1 X211.713 Y224.359 E78.76881
G1 X211.324 Y224.013 E78.77745
G1 X210.838 Y223.863 E78.78588
G1 X210.524 Y223.572 E78.79299
G1 X210.271 Y222.852 E78.80565
G1 X210.376 Y222.496 E78.8118
G1 X210.649 Y222.207 E78.8184
G1 X211.023 Y222.103 E78.82484
G1 F2700 E77.52484
G0 F15000 X214.396 Y221.699
G0 X216.436 Y223.986
G0 X216.852 Y224.918
G1 F2700 E78.82484
G1 F1805.7 X217.15 Y224.62 E78.83183
G1 X217.622 Y224.49 E78.83995
G1 X218.083 Y224.613 E78.84786
G1 X218.384 Y224.91 E78.85488
G1 F1755.5 X218.485 Y225.254 E78.861
G1 F1422.9 X218.487 Y225.414 E78.86436
G1 F1219.3 X218.529 Y225.446 E78.86566
G1 F1458.5 X218.896 Y225.347 E78.87347
G1 F1805.7 X219.267 Y225.451 E78.87986
G1 X219.544 Y225.74 E78.8865
G1 X219.645 Y226.093 E78.89259
G1 X219.526 Y226.529 E78.90009
G1 X219.649 Y226.99 E78.908
G1 X219.544 Y227.362 E78.91441
G1 X219.266 Y227.639 E78.92092
G1 X218.894 Y227.742 E78.92733
G1 X218.543 Y227.641 E78.93339
G1 X218.247 Y227.342 E78.94037
G1 X218.144 Y226.989 E78.94647
G1 X218.266 Y226.563 E78.95382
G1 F1780.3 X218.151 Y226.106 E78.96175
G1 F1441.8 X218.153 Y225.938 E78.96524
G1 F1219.3 X218.111 Y225.906 E78.96653
G1 F1455.7 X217.543 Y226.021 E78.97846
G1 F1805.7 X217.141 Y225.914 E78.98536
G1 X216.834 Y225.629 E78.99231
G1 X216.733 Y225.277 E78.99838
G1 X216.852 Y224.918 E79.00466
G1 F2700 E77.70466
;MESH:lowerRightPad.stl
G0 F15000 X215.335 Y224.918
G0 X214.761 Y224.19
M204 S1250
;TYPE:WALL-INNER
G1 F2700 E79.00466
G1 F1924.9 X214.761 Y227.131 E79.05283
G1 X215.155 Y227.131 E79.05929
G1 X215.155 Y224.559 E79.10142
G1 X214.761 Y224.19 E79.11026
M204 S2500
G0 F15000 X214.354 Y223.124
M204 S1250
;TYPE:WALL-OUTER
G1 F1805.7 X214.354 Y227.538 E79.18734
G1 X215.562 Y227.538 E79.20843
G1 X215.562 Y224.375 E79.26366
G1 X215.193 Y224.051 E79.27223
G1 X214.759 Y223.604 E79.28311
G1 X214.354 Y223.124 E79.29408
M204 S2500
G0 F15000 X214.354 Y223.324
G1 F2700 E77.99408
G0 F15000 X214.597 Y223.791
G0 X215.402 Y223.009
G0 X215.405 Y212.488
G0 X214.761 Y211.309
M204 S1250
;TYPE:WALL-INNER
G1 F2700 E79.29408
G1 F1915.1 X215.158 Y210.936 E79.30305
G1 X215.155 Y202.865 E79.43593
G1 F1920 X214.761 Y202.865 E79.4424
G1 F1915.1 X214.761 Y211.309 E79.58142
M204 S2500
G0 F15000 X214.354 Y212.373
M204 S1250
;TYPE:WALL-OUTER
G1 F1805.7 X214.773 Y211.881 E79.5927
G1 X215.209 Y211.434 E79.60361
G1 X215.566 Y211.121 E79.6119
G1 X215.562 Y202.458 E79.76317
G1 X214.354 Y202.458 E79.78426
G1 X214.354 Y212.373 E79.95739
M204 S2500
G0 F15000 X214.483 Y212.221
G1 F2700 E78.65739
;MESH:NONMESH
G0 F600 X214.483 Y212.221 Z1.4
G0 F15000 X214.598 Y211.708
G0 X214.585 Y204.095
G0 X213.48 Y204.095
G0 X210.69 Y204.095
;TIME_ELAPSED:118.616084
;LAYER:11
;note -- min layer time used
;TYPE:SUPPORT
G1 F2700 E79.95739
G1 F1777.9 X211.021 Y204.002 E79.96309
G1 X211.349 Y204.097 E79.96876
G1 X211.647 Y204.441 E79.97631
G1 X211.868 Y204.533 E79.98028
G1 X212.127 Y204.765 E79.98605
G1 X212.659 Y204.888 E79.99511
G1 X212.91 Y205.13 E80.00089
G1 X213.116 Y205.193 E80.00446
G1 X213.254 Y205.328 E80.00767
G1 X213.254 Y206.244 E80.02286
G1 X213.144 Y206.345 E80.02534
G1 X212.772 Y206.439 E80.0317
G1 X212.275 Y206.313 E80.04021
G1 X212.013 Y206.089 E80.04593
G1 X211.794 Y206.026 E80.04971
G1 X211.553 Y205.809 E80.05509
G1 X211.029 Y205.658 E80.06413
G1 X210.739 Y205.386 E80.07073
G1 X210.675 Y205.219 E80.07369
G1 X210.443 Y204.981 E80.07921
G1 X210.352 Y204.67 E80.08458
G1 X210.447 Y204.352 E80.09009
G1 X210.69 Y204.095 E80.09596
G1 F2700 E78.79596
G0 F15000 X210.689 Y202.099
G1 F2700 E80.09596
G1 F1777.9 X211.023 Y202.007 E80.1017
G1 X211.355 Y202.099 E80.10742
G1 X211.596 Y202.356 E80.11326
G1 X211.689 Y202.67 E80.11869
G1 X211.596 Y203.002 E80.12441
G1 X211.35 Y203.249 E80.1302
G1 X211.023 Y203.342 E80.13584
G1 X210.711 Y203.249 E80.14124
G1 X210.446 Y202.984 E80.14745
G1 X210.352 Y202.672 E80.15286
G1 X210.447 Y202.357 E80.15832
G1 X210.689 Y202.099 E80.16418
G1 F2700 E78.86418
G0 F15000 X213.542 Y201.597
G0 X216.378 Y201.597
G0 X216.861 Y204.206
G1 F2700 E80.16418
G1 F1777.9 X217.092 Y203.977 E80.16958
G1 X217.142 Y203.823 E80.17227
G1 X217.112 Y203.704 E80.1743
G1 X217.209 Y203.393 E80.17971
G1 X217.4 Y203.2 E80.18421
G1 X217.541 Y202.705 E80.19275
G1 X217.795 Y202.433 E80.19892
G1 X217.797 Y202.255 E80.20187
G1 X217.893 Y201.949 E80.20719
G1 X218.156 Y201.689 E80.21333
G1 X218.537 Y201.588 E80.21987
G1 X219.028 Y201.697 E80.22821
G1 X219.296 Y201.959 E80.23443
G1 X219.395 Y202.267 E80.2398
G1 X219.295 Y202.6 E80.24556
G1 X219.045 Y202.851 E80.25144
G1 X219.044 Y203.028 E80.25438
G1 X218.947 Y203.352 E80.25999
G1 X218.76 Y203.529 E80.26426
G1 X218.63 Y204.045 E80.27308
G1 X218.371 Y204.311 E80.27924
G1 X218.376 Y204.502 E80.28241
G1 X218.272 Y204.836 E80.28822
G1 X218.065 Y205.032 E80.29294
G1 X218.022 Y205.173 E80.29539
G1 X218.042 Y205.257 E80.29682
G1 X217.946 Y205.585 E80.30249
G1 X217.553 Y205.945 E80.31133
G1 F1697.1 X217.467 Y206.072 E80.314
G1 X217.54 Y206.241 E80.3172
G1 F1777.9 X217.941 Y206.62 E80.32635
G1 X218.413 Y206.746 E80.33445
G1 X218.713 Y207.031 E80.34132
G1 X219.132 Y207.153 E80.34856
G1 X219.399 Y207.415 E80.35476
G1 X219.561 Y208.074 E80.36602
G1 X219.468 Y208.402 E80.37168
G1 X219.222 Y208.648 E80.37745
G1 X218.89 Y208.741 E80.38317
G1 X218.583 Y208.653 E80.38846
G1 X218.319 Y208.389 E80.39466
G1 X218.263 Y208.273 E80.39679
G1 X217.983 Y208.013 E80.40313
G1 X217.553 Y207.874 E80.41063
G1 X217.306 Y207.647 E80.41619
G1 X216.812 Y207.498 E80.42475
G1 X216.666 Y207.366 E80.42802
G1 X216.663 Y206.473 E80.44283
G1 F1697.1 X217.009 Y206.096 E80.45172
G1 X216.933 Y205.923 E80.45501
G1 F1777.9 X216.662 Y205.672 E80.46114
G1 X216.662 Y204.78 E80.47593
G1 X216.748 Y204.686 E80.47805
G1 X216.861 Y204.206 E80.48623
G1 F2700 E79.18623
G0 F15000 X216.378 Y201.597
G0 X213.542 Y201.597
G0 X212.655 Y210.948
G1 F2700 E80.48623
G1 F1777.9 X212.907 Y211.187 E80.49199
G1 X213.119 Y211.257 E80.49569
G1 X213.254 Y211.388 E80.49881
G1 X213.254 Y212.505 E80.51734
G1 X213.162 Y212.813 E80.52267
G1 X212.926 Y213.049 E80.52821
G1 X212.797 Y213.489 E80.53582
G1 X212.529 Y213.779 E80.54237
G1 X212.54 Y213.93 E80.54488
G1 X212.447 Y214.248 E80.55037
G1 X212.203 Y214.495 E80.55613
G1 X212.09 Y214.952 E80.56394
G1 X211.849 Y215.194 E80.56961
G1 X211.806 Y215.486 E80.5745
G1 X211.826 Y215.592 E80.57629
G1 X211.993 Y215.784 E80.58051
G1 X212.116 Y216.302 E80.58935
G1 X212.504 Y216.712 E80.59871
G1 X212.597 Y217.03 E80.60421
G1 X212.504 Y217.362 E80.60993
G1 X212.258 Y217.608 E80.6157
G1 X211.926 Y217.701 E80.62142
G1 X211.615 Y217.609 E80.6268
G1 X211.351 Y217.345 E80.63299
G1 X211.259 Y217.032 E80.6384
G1 X211.26 Y216.83 E80.64175
G1 X210.842 Y216.412 E80.65156
G1 X210.746 Y215.964 E80.65916
G1 X210.45 Y215.656 E80.66625
G1 X210.355 Y215.339 E80.67174
G1 X210.448 Y215.024 E80.67718
G1 X210.595 Y214.86 E80.68084
G1 X210.621 Y214.731 E80.68302
G1 X210.581 Y214.594 E80.68539
G1 X210.677 Y214.281 E80.69082
G1 X210.884 Y214.06 E80.69584
G1 X211.019 Y213.58 E80.70411
G1 X211.278 Y213.311 E80.71031
G1 X211.285 Y213.146 E80.71305
G1 X211.385 Y212.83 E80.71854
G1 X211.62 Y212.588 E80.72414
G1 X211.735 Y212.161 E80.73148
G1 X211.703 Y212.006 E80.7341
G1 X211.457 Y211.8 E80.73942
G1 X211.021 Y211.682 E80.74692
G1 X210.736 Y211.419 E80.75335
G1 X210.665 Y211.262 E80.75621
G1 X210.447 Y211.045 E80.76131
G1 X210.355 Y210.731 E80.76674
G1 X210.448 Y210.412 E80.77225
G1 X210.689 Y210.159 E80.77805
G1 X211.023 Y210.067 E80.78379
G1 X211.355 Y210.159 E80.78951
G1 X211.672 Y210.484 E80.79704
G1 X211.867 Y210.548 E80.80044
G1 X212.161 Y210.826 E80.80716
G1 X212.655 Y210.948 E80.8156
G1 F2700 E79.5156
G0 F15000 X211.023 Y222.187
G1 F2700 E80.8156
G1 F1777.9 X211.355 Y222.279 E80.82131
G1 X211.672 Y222.608 E80.82889
G1 X211.868 Y222.672 E80.83231
G1 X212.161 Y222.946 E80.83897
G1 X212.651 Y223.071 E80.84735
G1 X212.918 Y223.322 E80.85343
G1 X213.119 Y223.388 E80.85694
G1 X213.254 Y223.518 E80.86005
G1 X213.254 Y225.396 E80.89121
G1 X213.173 Y225.603 E80.89489
G1 X212.904 Y225.898 E80.90152
G1 X212.921 Y226.06 E80.90422
G1 X212.823 Y226.389 E80.90991
G1 X212.545 Y226.667 E80.91643
G1 X212.526 Y226.775 E80.91825
G1 X212.56 Y226.895 E80.92032
G1 X212.462 Y227.221 E80.92597
G1 X212.234 Y227.448 E80.93131
G1 X212.108 Y227.911 E80.93927
G1 X211.851 Y228.15 E80.94509
G1 X211.481 Y228.247 E80.95143
G1 X210.983 Y228.128 E80.95993
G1 X210.703 Y227.867 E80.96628
G1 X210.601 Y227.558 E80.97167
G1 X210.701 Y227.237 E80.97725
G1 X210.924 Y227.004 E80.9826
G1 X211.039 Y226.549 E80.99039
G1 X211.315 Y226.261 E80.997
G1 X211.304 Y226.044 E81.00061
G1 X211.401 Y225.734 E81.006
G1 X211.676 Y225.426 E81.01285
G1 X211.661 Y225.271 E81.01543
G1 X211.76 Y224.956 E81.02091
G1 X211.869 Y224.849 E81.02344
G1 X211.978 Y224.48 E81.02982
G1 X211.939 Y224.357 E81.03196
G1 X211.486 Y223.928 E81.04231
G1 X211.021 Y223.806 E81.05029
G1 X210.733 Y223.533 E81.05687
G1 X210.666 Y223.387 E81.05953
G1 X210.447 Y223.169 E81.06466
G1 X210.355 Y222.853 E81.07012
G1 X210.448 Y222.536 E81.0756
G1 X210.689 Y222.279 E81.08145
G1 X211.023 Y222.187 E81.08719
G1 F2700 E79.78719
G0 F15000 X214.442 Y221.774
G0 X216.386 Y223.948
G0 X216.776 Y224.99
G1 F2700 E81.08719
G1 F1777.9 X217.052 Y224.721 E81.09359
G1 X217.559 Y224.585 E81.10229
G1 X217.921 Y224.675 E81.10848
G1 X218.185 Y224.935 E81.11463
G1 F1728.5 X218.368 Y225.482 E81.12447
G1 F1712.7 X218.509 Y225.53 E81.12703
G1 F1761.1 X218.893 Y225.427 E81.13369
G1 F1777.9 X219.227 Y225.523 E81.13946
G1 X219.472 Y225.78 E81.14535
G1 X219.561 Y226.09 E81.1507
G1 X219.434 Y226.566 E81.15887
G1 X219.564 Y226.992 E81.16626
G1 X219.472 Y227.318 E81.17188
G1 X219.226 Y227.564 E81.17765
G1 X218.893 Y227.657 E81.18338
G1 X218.583 Y227.569 E81.18873
G1 X218.319 Y227.302 E81.19496
G1 X218.228 Y226.995 E81.20027
G1 F1769.5 X218.37 Y226.537 E81.20826
G1 F1740.6 X218.16 Y225.867 E81.22016
G1 F1736.6 X217.985 Y225.81 E81.22328
G1 F1761.1 X217.395 Y225.966 E81.2335
G1 F1777.9 X217.037 Y225.87 E81.23965
G1 X216.767 Y225.621 E81.24575
G1 X216.676 Y225.301 E81.25126
G1 X216.776 Y224.99 E81.25668
G1 F2700 E79.95668
;MESH:lowerRightPad.stl
G0 F15000 X215.285 Y224.99
G0 X214.785 Y224.176
M204 S1250
;TYPE:WALL-INNER
G1 F2700 E81.25668
G1 F2158.2 X214.785 Y227.155 E81.29954
G1 X215.131 Y227.155 E81.30451
G1 X215.131 Y224.505 E81.34263
G1 X214.785 Y224.176 E81.3495
M204 S2500
G0 F15000 X214.403 Y223.179
M204 S1250
;TYPE:WALL-OUTER
G1 F1777.9 X214.402 Y227.538 E81.42562
G1 X215.514 Y227.538 E81.44503
G1 X215.514 Y224.334 E81.50098
G1 X215.193 Y224.047 E81.5085
G1 X214.767 Y223.608 E81.51918
G1 X214.403 Y223.179 E81.52901
M204 S2500
G0 F15000 X214.403 Y223.379
G1 F2700 E80.22901
G0 F15000 X214.651 Y223.847
G0 X215.415 Y223.024
G0 X215.415 Y212.477
G0 X214.785 Y211.32
M204 S1250
;TYPE:WALL-INNER
G1 F2700 E81.52901
G1 F2158.2 X215.131 Y210.991 E81.53587
G1 X215.131 Y202.841 E81.65311
G1 X214.785 Y202.841 E81.65809
G1 X214.785 Y211.32 E81.78006
M204 S2500
G0 F15000 X214.403 Y212.316
M204 S1250
;TYPE:WALL-OUTER
G1 F1777.9 X214.769 Y211.885 E81.78993
G1 X215.203 Y211.439 E81.8008
G1 X215.514 Y211.162 E81.80807
G1 X215.514 Y202.458 E81.96006
G1 X214.402 Y202.458 E81.97947
G1 X214.403 Y212.316 E82.15161
M204 S2500
G0 F15000 X214.532 Y212.164
G1 F2700 E80.85161
;MESH:NONMESH
G0 F600 X214.532 Y212.164 Z1.5
G0 F15000 X214.652 Y211.652
G0 X214.629 Y202.684
G0 X213.53 Y202.684
G0 X210.73 Y202.174
;TIME_ELAPSED:125.971932
;LAYER:12
;note -- min layer time used
;TYPE:SUPPORT
G1 F2700 E82.15161
G1 F1623.8 X211.034 Y202.086 E82.15686
G1 X211.415 Y202.176 E82.16335
G1 X211.659 Y202.415 E82.16902
G1 X211.748 Y202.687 E82.17377
G1 X211.663 Y202.972 E82.1787
G1 X211.433 Y203.181 E82.18386
G1 X211.097 Y203.267 E82.18961
G1 X210.749 Y203.175 E82.19558
G1 X210.519 Y202.945 E82.20098
G1 X210.439 Y202.672 E82.2057
G1 X210.52 Y202.396 E82.21047
G1 X210.73 Y202.174 E82.21554
G1 F2700 E80.91554
G0 F15000 X211.023 Y204.086
G1 F2700 E82.21554
G1 F1623.8 X211.305 Y204.165 E82.22039
G1 X211.596 Y204.5 E82.22776
G1 X211.969 Y204.617 E82.23424
G1 X212.231 Y204.855 E82.24011
G1 X212.758 Y204.958 E82.24902
G1 X213.056 Y205.223 E82.25563
G1 X213.224 Y205.27 E82.25853
G1 X213.455 Y205.493 E82.26386
G1 X213.522 Y205.82 E82.26939
G1 X213.448 Y206.06 E82.27356
G1 X213.217 Y206.272 E82.27876
G1 X212.831 Y206.367 E82.28535
G1 X212.465 Y206.27 E82.29163
G1 X212.175 Y206.015 E82.29804
G1 X211.972 Y205.958 E82.30154
G1 X211.724 Y205.735 E82.30707
G1 X211.193 Y205.603 E82.31615
G1 X210.945 Y205.372 E82.32177
G1 X210.886 Y205.245 E82.32409
G1 X210.749 Y205.172 E82.32667
G1 X210.519 Y204.941 E82.33208
G1 X210.439 Y204.668 E82.33679
G1 X210.52 Y204.391 E82.34158
G1 X210.729 Y204.167 E82.34666
G1 X211.023 Y204.086 E82.35172
G1 F2700 E81.05172
G0 F15000 X213.557 Y201.597
G0 X216.363 Y201.597
G0 X216.671 Y205.69
G1 F2700 E82.35172
G1 F1623.8 X216.456 Y205.49 E82.35659
G1 X216.39 Y205.29 E82.36009
G1 X216.431 Y205.064 E82.3639
G1 X216.453 Y204.942 E82.36595
G1 X216.715 Y204.65 E82.37246
G1 X216.704 Y204.5 E82.37496
G1 X216.79 Y204.222 E82.37978
G1 X217.068 Y203.932 E82.38645
G1 X217.049 Y203.698 E82.39034
G1 X217.137 Y203.423 E82.39513
G1 X217.407 Y203.125 E82.4018
G1 X217.402 Y203.001 E82.40386
G1 X217.489 Y202.734 E82.40852
G1 X217.757 Y202.453 E82.41496
G1 X217.756 Y202.256 E82.41823
G1 X217.841 Y201.982 E82.42299
G1 X218.072 Y201.757 E82.42834
G1 X218.406 Y201.669 E82.43407
G1 X218.853 Y201.765 E82.44165
G1 X219.091 Y201.994 E82.44713
G1 X219.176 Y202.266 E82.45186
G1 X219.09 Y202.552 E82.45681
G1 X218.819 Y202.823 E82.46317
G1 X218.821 Y203.023 E82.46649
G1 X218.738 Y203.308 E82.47141
G1 X218.497 Y203.571 E82.47733
G1 X218.501 Y203.694 E82.47937
G1 X218.408 Y203.991 E82.48453
G1 X218.112 Y204.306 E82.4917
G1 X218.148 Y204.533 E82.49552
G1 X218.063 Y204.817 E82.50043
G1 X217.805 Y205.098 E82.50676
G1 X217.816 Y205.244 E82.50919
G1 X217.731 Y205.528 E82.51411
G1 X217.491 Y205.747 E82.5195
G1 F1631.6 X217.359 Y205.807 E82.52189
G1 F1663.4 X217.296 Y205.932 E82.52416
G1 F1679.8 X217.301 Y206.233 E82.52899
G1 F1655.3 X217.342 Y206.356 E82.5311
G1 F1631.6 X217.492 Y206.437 E82.53391
G1 F1623.8 X217.756 Y206.681 E82.53987
G1 X218.219 Y206.8 E82.5478
G1 X218.535 Y207.098 E82.55501
G1 X218.953 Y207.221 E82.56224
G1 X219.195 Y207.454 E82.56781
G1 X219.254 Y207.636 E82.57098
G1 X219.396 Y207.797 E82.57454
G1 X219.477 Y208.075 E82.57935
G1 X219.399 Y208.363 E82.5843
G1 X219.182 Y208.58 E82.58939
G1 X218.895 Y208.661 E82.59433
G1 X218.622 Y208.579 E82.59906
G1 X218.286 Y208.245 E82.60692
G1 X218.194 Y208.218 E82.60851
G1 X217.864 Y207.911 E82.61599
G1 X217.448 Y207.79 E82.62318
G1 X217.136 Y207.525 E82.62997
G1 X216.708 Y207.417 E82.63729
G1 X216.455 Y207.182 E82.64302
G1 X216.39 Y206.989 E82.6464
G1 X216.39 Y206.832 E82.649
G1 X216.449 Y206.642 E82.6523
G1 X216.689 Y206.412 E82.65781
G1 F1631.6 X216.843 Y206.336 E82.66065
G1 F1655.3 X216.895 Y206.217 E82.66276
G1 F1679.8 X216.895 Y205.9 E82.66785
G1 F1663.4 X216.853 Y205.766 E82.67012
G1 F1631.6 X216.671 Y205.69 E82.67338
G1 F2700 E81.37338
G0 F15000 X216.371 Y211.563
G0 X214.456 Y213.701
G0 X213.553 Y213.403
G0 X213.224 Y211.333
G1 F2700 E82.67338
G1 F1623.8 X213.455 Y211.557 E82.67871
G1 X213.522 Y211.884 E82.68425
G1 X213.448 Y212.122 E82.68839
G1 X213.319 Y212.256 E82.69147
G1 X213.209 Y212.727 E82.69949
G1 X212.941 Y213.019 E82.70607
G1 X212.955 Y213.176 E82.70868
G1 X212.871 Y213.456 E82.71353
G1 X212.595 Y213.731 E82.72
G1 X212.6 Y213.939 E82.72345
G1 X212.515 Y214.22 E82.72832
G1 X212.263 Y214.471 E82.73422
G1 X212.167 Y214.919 E82.74182
G1 X211.898 Y215.18 E82.74804
G1 X211.899 Y215.369 E82.75117
G1 X211.827 Y215.668 E82.75627
G1 X211.925 Y215.828 E82.75939
G1 X212.005 Y216.098 E82.76406
G1 F1386.2 X211.909 Y216.41 E82.7704
G1 F1207.1 X211.932 Y216.452 E82.77147
G1 F1386.2 X212.223 Y216.531 E82.77733
G1 F1623.8 X212.432 Y216.752 E82.78237
G1 X212.513 Y217.03 E82.78718
G1 X212.432 Y217.318 E82.79214
G1 X212.217 Y217.536 E82.79722
G1 X211.927 Y217.617 E82.80221
G1 X211.659 Y217.538 E82.80685
G1 X211.423 Y217.301 E82.8124
G1 X211.343 Y217.031 E82.81707
G1 F1386.2 X211.439 Y216.722 E82.82336
G1 F1207.1 X211.416 Y216.68 E82.82442
G1 F1386.2 X211.148 Y216.606 E82.82983
G1 F1623.8 X210.915 Y216.373 E82.83529
G1 X210.834 Y216.099 E82.84003
G1 X210.841 Y215.917 E82.84305
G1 X210.543 Y215.614 E82.8501
G1 X210.456 Y215.346 E82.85478
G1 X210.541 Y215.069 E82.85958
G1 X210.802 Y214.8 E82.8658
G1 X210.804 Y214.614 E82.86889
G1 X210.89 Y214.334 E82.87375
G1 X211.141 Y214.073 E82.87975
G1 X211.236 Y213.639 E82.88712
G1 X211.517 Y213.353 E82.89377
G1 X211.514 Y213.152 E82.89711
G1 X211.597 Y212.879 E82.90184
G1 X211.848 Y212.627 E82.90774
G1 X211.969 Y212.166 E82.91565
G1 X211.934 Y211.991 E82.91861
G1 X211.643 Y211.734 E82.92505
G1 X211.202 Y211.622 E82.9326
G1 X210.867 Y211.281 E82.94053
G1 X210.75 Y211.236 E82.94261
G1 X210.519 Y211.002 E82.94806
G1 X210.439 Y210.731 E82.95275
G1 X210.52 Y210.452 E82.95757
G1 X210.733 Y210.231 E82.96266
G1 X211.024 Y210.147 E82.96768
G1 X211.318 Y210.231 E82.97276
G1 X211.59 Y210.517 E82.9793
G1 X211.973 Y210.634 E82.98595
G1 X212.263 Y210.905 E82.99253
G1 X212.758 Y211.022 E83.00097
G1 X213.033 Y211.276 E83.00718
G1 X213.224 Y211.333 E83.01048
G1 F2700 E81.71048
G0 F15000 X211.024 Y222.27
G1 F2700 E83.01048
G1 F1623.8 X211.315 Y222.351 E83.0155
G1 X211.593 Y222.639 E83.02214
G1 X211.973 Y222.754 E83.02872
G1 X212.266 Y223.028 E83.03538
G1 X212.757 Y223.145 E83.04375
G1 X213.005 Y223.381 E83.04943
G1 X213.224 Y223.457 E83.05327
G1 X213.455 Y223.682 E83.05862
G1 X213.522 Y224.012 E83.06421
G1 X213.411 Y224.386 E83.07068
G1 X213.526 Y224.82 E83.07813
G1 X213.448 Y225.154 E83.08382
G1 X213.323 Y225.287 E83.08685
G1 X213.242 Y225.565 E83.09165
G1 X212.969 Y225.836 E83.09803
G1 X212.95 Y225.948 E83.09991
G1 X212.987 Y226.068 E83.102
G1 X212.899 Y226.352 E83.10693
G1 X212.598 Y226.65 E83.11396
G1 X212.578 Y226.761 E83.11583
G1 X212.62 Y226.906 E83.11833
G1 X212.535 Y227.187 E83.1232
G1 X212.311 Y227.392 E83.12824
G1 X212.257 Y227.526 E83.13063
G1 X212.27 Y227.602 E83.13191
G1 X212.187 Y227.879 E83.13671
G1 X211.953 Y228.089 E83.14193
G1 X211.62 Y228.176 E83.14764
G1 X211.162 Y228.075 E83.15542
G1 X210.915 Y227.843 E83.16104
G1 X210.825 Y227.569 E83.16582
G1 X210.909 Y227.293 E83.17061
G1 X211.157 Y227.034 E83.17656
G1 X211.254 Y226.61 E83.18377
G1 X211.555 Y226.302 E83.19091
G1 X211.573 Y226.187 E83.19285
G1 X211.533 Y226.051 E83.1952
G1 X211.617 Y225.786 E83.19981
G1 X211.9 Y225.492 E83.20658
G1 X211.885 Y225.271 E83.21025
G1 X211.972 Y225.003 E83.21493
G1 X212.108 Y224.856 E83.21825
G1 X212.242 Y224.365 E83.22669
G1 X212.189 Y224.24 E83.22894
G1 X211.969 Y224.146 E83.23291
G1 X211.641 Y223.855 E83.24019
G1 X211.201 Y223.742 E83.24772
G1 X210.868 Y223.406 E83.25557
G1 X210.752 Y223.358 E83.25765
G1 X210.519 Y223.125 E83.26312
G1 X210.439 Y222.852 E83.26784
G1 X210.52 Y222.576 E83.27261
G1 X210.733 Y222.351 E83.27775
G1 X211.024 Y222.27 E83.28276
G1 F2700 E81.98276
G0 F15000 X214.456 Y221.799
G0 X218.191 Y225.72
G1 F2700 E83.28276
G1 F1536 X218.865 Y225.506 E83.29516
G1 F1623.8 X219.183 Y225.592 E83.30062
G1 X219.397 Y225.82 E83.30581
G1 X219.481 Y226.095 E83.31058
G1 X219.362 Y226.573 E83.31875
G1 X219.481 Y226.99 E83.32595
G1 X219.4 Y227.278 E83.33091
G1 X219.182 Y227.496 E83.33602
G1 X218.894 Y227.577 E83.34099
G1 X218.624 Y227.497 E83.34566
G1 X218.391 Y227.261 E83.35116
G1 X218.313 Y227.001 E83.35566
G1 X218.45 Y226.584 E83.36294
G1 X218.442 Y226.506 E83.36424
G1 X218.333 Y226.365 E83.3672
G1 F1536 X218.191 Y225.72 E83.37878
G0 F15000 X218.169 Y225.702
G1 F1121.7 X218.127 Y225.674 E83.37999
G1 F2700 E82.07999
G0 F15000 X216.694 Y225.03
G1 F2700 E83.37999
G1 F1623.8 X216.927 Y224.806 E83.38536
G1 X217.416 Y224.704 E83.39364
G1 X217.742 Y224.783 E83.39921
G1 X217.973 Y225.008 E83.40456
G1 F1536 X218.106 Y225.657 E83.41617
G1 X217.325 Y225.895 E83.43049
G1 F1623.8 X216.951 Y225.804 E83.43688
G1 X216.698 Y225.573 E83.44256
G1 X216.619 Y225.338 E83.44667
G1 X216.694 Y225.03 E83.45193
G1 F2700 E82.15193
;MESH:lowerRightPad.stl
G0 F15000 X215.27 Y225.03
G0 X214.958 Y224.563
M204 S1250
;TYPE:WALL-INNER
G1 F2700 E83.45193
G1 F1033.3 X214.958 Y226.998 E83.51875
M204 S2500
G0 F15000 X214.667 Y223.864
G0 X214.418 Y223.198
M204 S1250
;TYPE:WALL-OUTER
G1 F1623.8 X214.418 Y227.538 E83.59453
G1 X215.498 Y227.538 E83.61339
G1 X215.498 Y224.325 E83.66949
G1 X215.189 Y224.043 E83.6768
G1 X214.759 Y223.601 E83.68756
G1 X214.418 Y223.198 E83.69678
M204 S2500
G0 F15000 X214.418 Y223.398
G1 F2700 E82.39678
G0 F15000 X214.667 Y223.864
G0 X215.413 Y223.023
G0 X215.414 Y212.476
G0 X214.958 Y210.935
M204 S1250
;TYPE:WALL-INNER
G1 F2700 E83.69678
G1 F1033.3 X214.958 Y202.998 E83.91457
M204 S2500
G0 F15000 X214.667 Y211.636
G0 X214.418 Y212.3
M204 S1250
;TYPE:WALL-OUTER
G1 F1623.8 X214.759 Y211.895 E83.92382
G1 X215.199 Y211.444 E83.93482
G1 X215.498 Y211.174 E83.94185
G1 X215.498 Y202.458 E84.09405
G1 X214.418 Y202.458 E84.11291
G1 X214.418 Y212.3 E84.28476
M204 S2500
G0 F15000 X214.546 Y212.147
G1 F2700 E82.98476
;MESH:NONMESH
G0 F600 X214.546 Y212.147 Z1.6
G0 F15000 X214.667 Y211.636
G0 X214.644 Y202.684
G0 X213.545 Y202.684
G0 X210.597 Y202.442
;TIME_ELAPSED:133.695124
;LAYER:13
;note -- min layer time used
;TYPE:SUPPORT
G1 F2700 E84.28476
G1 F1599.9 X210.801 Y202.247 E84.28944
G1 X211.093 Y202.176 E84.29443
G1 X211.527 Y202.263 E84.30177
G1 X211.728 Y202.452 E84.30635
G1 X211.8 Y202.681 E84.31033
G1 X211.723 Y202.931 E84.31467
G1 X211.524 Y203.113 E84.31914
G1 X211.224 Y203.191 E84.32429
G1 X210.824 Y203.102 E84.33108
G1 X210.602 Y202.904 E84.33602
G1 X210.525 Y202.67 E84.3401
G1 X210.597 Y202.442 E84.34407
G1 F2700 E83.04407
G0 F15000 X211.067 Y204.165
G1 F2700 E84.34407
G1 F1599.9 X211.332 Y204.234 E84.34861
G1 X211.623 Y204.58 E84.35611
G1 X212.081 Y204.694 E84.36394
G1 X212.341 Y204.93 E84.36977
G1 X212.846 Y205.031 E84.37831
G1 X213.08 Y205.235 E84.38346
G1 X213.333 Y205.295 E84.38777
G1 X213.521 Y205.483 E84.39218
G1 X213.588 Y205.715 E84.39619
G1 X213.501 Y205.974 E84.40072
G1 X213.291 Y206.169 E84.40548
G1 X212.893 Y206.274 E84.4123
G1 X212.62 Y206.202 E84.41699
G1 X212.307 Y205.931 E84.42385
G1 X212.152 Y205.889 E84.42652
G1 X211.909 Y205.672 E84.43192
G1 X211.375 Y205.542 E84.44104
G1 X211.154 Y205.344 E84.44596
G1 X211.089 Y205.218 E84.44831
G1 X210.791 Y205.105 E84.4536
G1 X210.587 Y204.901 E84.45839
G1 X210.519 Y204.668 E84.46241
G1 X210.588 Y204.432 E84.46649
G1 X210.771 Y204.241 E84.47088
G1 X211.042 Y204.171 E84.47552
G1 X211.067 Y204.165 E84.47595
G1 F2700 E83.17595
G0 F15000 X213.557 Y201.597
G0 X216.363 Y201.597
G0 X216.609 Y207.335
G1 F2700 E84.47595
G1 F1599.9 X216.392 Y207.138 E84.48081
G1 X216.32 Y206.912 E84.48475
G1 X216.393 Y206.682 E84.48875
G1 X216.599 Y206.481 E84.49352
G1 X216.923 Y206.397 E84.49908
G1 X217.298 Y206.493 E84.5055
G1 X217.572 Y206.745 E84.51167
G1 X218.035 Y206.863 E84.5196
G1 X218.338 Y207.172 E84.52678
G1 X218.783 Y207.288 E84.53441
G1 X219.049 Y207.598 E84.54118
G1 X219.324 Y207.837 E84.54723
G1 X219.394 Y208.078 E84.55139
G1 X219.328 Y208.322 E84.55558
G1 X219.139 Y208.508 E84.55998
G1 X218.89 Y208.577 E84.56427
G1 X218.665 Y208.51 E84.56816
G1 X218.356 Y208.209 E84.57532
G1 X218.11 Y208.136 E84.57957
G1 X217.831 Y207.861 E84.58607
G1 X217.717 Y207.811 E84.58814
G1 X217.578 Y207.834 E84.59047
G1 X217.32 Y207.772 E84.59488
G1 X217.016 Y207.438 E84.60237
G1 X216.609 Y207.335 E84.60933
G1 F2700 E83.30933
G0 F15000 X216.609 Y205.638
G1 F2700 E84.60933
G1 F1599.9 X216.399 Y205.442 E84.6141
G1 X216.321 Y205.209 E84.61817
G1 X216.393 Y204.974 E84.62225
G1 X216.653 Y204.709 E84.62841
G1 X216.641 Y204.481 E84.6322
G1 X216.713 Y204.247 E84.63626
G1 X217.007 Y203.949 E84.6432
G1 X217.009 Y203.768 E84.6462
G1 X217.099 Y203.511 E84.65072
G1 X217.367 Y203.226 E84.65721
G1 X217.357 Y203.008 E84.66083
G1 X217.429 Y202.774 E84.66489
G1 X217.733 Y202.445 E84.67232
G1 X217.709 Y202.249 E84.6756
G1 X217.781 Y202.018 E84.67961
G1 X217.987 Y201.818 E84.68438
G1 X218.276 Y201.744 E84.68932
G1 X218.672 Y201.829 E84.69604
G1 X218.88 Y202.032 E84.70086
G1 X218.955 Y202.26 E84.70485
G1 X218.883 Y202.503 E84.70905
G1 X218.592 Y202.786 E84.71578
G1 X218.57 Y202.891 E84.71756
G1 X218.604 Y203.016 E84.71971
G1 X218.531 Y203.26 E84.72394
G1 X218.269 Y203.519 E84.73005
G1 X218.271 Y203.705 E84.73313
G1 X218.2 Y203.944 E84.73727
G1 X217.931 Y204.175 E84.74315
G1 X217.871 Y204.348 E84.74619
G1 X217.924 Y204.523 E84.74922
G1 X217.851 Y204.763 E84.75338
G1 X217.579 Y205.031 E84.75972
G1 X217.583 Y205.233 E84.76307
G1 X217.511 Y205.475 E84.76726
G1 X217.31 Y205.656 E84.77174
G1 X216.99 Y205.737 E84.77722
G1 X216.609 Y205.638 E84.78375
G1 F2700 E83.48375
G0 F15000 X216.371 Y211.563
G0 X214.456 Y213.7
G0 X213.553 Y213.402
G0 X213.334 Y211.36
G1 F2700 E84.78375
G1 F1599.9 X213.521 Y211.547 E84.78814
G1 X213.588 Y211.779 E84.79214
G1 X213.501 Y212.038 E84.79668
G1 X213.326 Y212.24 E84.80111
G1 X213.296 Y212.67 E84.80826
G1 X213.037 Y212.906 E84.81407
G1 X212.986 Y213.06 E84.81676
G1 X213.016 Y213.173 E84.8187
G1 X212.94 Y213.418 E84.82296
G1 X212.637 Y213.734 E84.83022
G1 X212.661 Y213.93 E84.8335
G1 X212.587 Y214.18 E84.83782
G1 X212.316 Y214.446 E84.84412
G1 X212.311 Y214.628 E84.84714
G1 X212.233 Y214.878 E84.85148
G1 X211.934 Y215.187 E84.85862
G1 X211.953 Y215.361 E84.86152
G1 X211.825 Y215.791 E84.86896
G1 X211.917 Y216.104 E84.87438
G1 F1544.7 X211.862 Y216.442 E84.88026
G1 X212.007 Y216.554 E84.88341
G1 F1599.9 X212.18 Y216.603 E84.88639
G1 X212.36 Y216.789 E84.89068
G1 X212.429 Y217.034 E84.89491
G1 X212.363 Y217.278 E84.8991
G1 X212.175 Y217.464 E84.90349
G1 X211.926 Y217.533 E84.90777
G1 X211.695 Y217.466 E84.91176
G1 X211.495 Y217.265 E84.91647
G1 X211.427 Y217.029 E84.92054
G1 X211.482 Y216.839 E84.92382
G1 F1544.7 X211.468 Y216.656 E84.92697
G1 X211.183 Y216.533 E84.93231
G1 F1599.9 X210.983 Y216.333 E84.937
G1 X210.916 Y216.105 E84.94094
G1 X210.974 Y215.897 E84.94452
G1 X210.944 Y215.766 E84.94675
G1 X210.759 Y215.589 E84.951
G1 X210.681 Y215.35 E84.95517
G1 X210.753 Y215.123 E84.95912
G1 X211.05 Y214.801 E84.96639
G1 X211.029 Y214.617 E84.96946
G1 X211.101 Y214.391 E84.97339
G1 X211.376 Y214.11 E84.97992
G1 X211.378 Y213.921 E84.98305
G1 X211.452 Y213.696 E84.98698
G1 X211.746 Y213.396 E84.99395
G1 X211.732 Y213.161 E84.99785
G1 X211.805 Y212.931 E85.00186
G1 X212.09 Y212.64 E85.00861
G1 X212.103 Y212.491 E85.01109
G1 X212.222 Y212.156 E85.01699
G1 X212.185 Y211.987 E85.01986
G1 X211.833 Y211.666 E85.02776
G1 X211.382 Y211.56 E85.03545
G1 X211.053 Y211.247 E85.04298
G1 X210.792 Y211.166 E85.04752
G1 X210.59 Y210.964 E85.05225
G1 X210.52 Y210.732 E85.05627
G1 X210.591 Y210.496 E85.06036
G1 X210.772 Y210.3 E85.06479
G1 X211.066 Y210.225 E85.06982
G1 X211.326 Y210.295 E85.07429
G1 X211.612 Y210.599 E85.08121
G1 X212.084 Y210.713 E85.08927
G1 X212.371 Y210.986 E85.09584
G1 X212.849 Y211.094 E85.10397
G1 X213.073 Y211.296 E85.10897
G1 X213.334 Y211.36 E85.11343
G1 F2700 E83.81343
G0 F15000 X211.066 Y222.349
G1 F2700 E85.11343
G1 F1599.9 X211.326 Y222.419 E85.11789
G1 X211.612 Y222.719 E85.12477
G1 X212.079 Y222.833 E85.13274
G1 X212.37 Y223.11 E85.13941
G1 X212.85 Y223.218 E85.14757
G1 X213.045 Y223.4 E85.152
G1 X213.333 Y223.482 E85.15696
G1 X213.521 Y223.671 E85.16138
G1 X213.588 Y223.904 E85.16541
G1 X213.438 Y224.411 E85.17418
G1 X213.588 Y224.81 E85.18125
G1 X213.501 Y225.07 E85.1858
G1 X213.336 Y225.245 E85.18979
G1 X213.298 Y225.537 E85.19467
G1 X213.013 Y225.811 E85.20123
G1 X212.995 Y225.925 E85.20314
G1 X213.036 Y226.066 E85.20558
G1 X212.96 Y226.312 E85.20985
G1 X212.699 Y226.536 E85.21556
G1 X212.632 Y226.643 E85.21765
G1 X212.683 Y226.903 E85.22205
G1 X212.608 Y227.147 E85.22628
G1 X212.336 Y227.413 E85.23259
G1 X212.328 Y227.587 E85.23548
G1 X212.251 Y227.839 E85.23985
G1 X212.052 Y228.021 E85.24433
G1 X211.751 Y228.1 E85.24949
G1 X211.348 Y228.01 E85.25634
G1 X211.13 Y227.816 E85.26118
G1 X211.049 Y227.577 E85.26536
G1 X211.121 Y227.351 E85.2693
G1 X211.406 Y227.041 E85.27628
G1 X211.397 Y226.891 E85.27878
G1 X211.467 Y226.668 E85.28265
G1 X211.746 Y226.428 E85.28876
G1 X211.812 Y226.321 E85.29084
G1 X211.761 Y226.059 E85.29527
G1 X211.836 Y225.828 E85.2993
G1 X212.14 Y225.508 E85.30662
G1 X212.109 Y225.277 E85.31049
G1 X212.184 Y225.047 E85.3145
G1 X212.326 Y224.907 E85.31781
G1 X212.505 Y224.358 E85.32739
G1 X212.483 Y224.23 E85.32954
G1 X212.373 Y224.131 E85.332
G1 X212.149 Y224.073 E85.33584
G1 X211.831 Y223.786 E85.34294
G1 X211.382 Y223.68 E85.3506
G1 X211.054 Y223.368 E85.35811
G1 X210.791 Y223.289 E85.36266
G1 X210.59 Y223.085 E85.36741
G1 X210.519 Y222.85 E85.37148
G1 X210.588 Y222.616 E85.37553
G1 X210.771 Y222.422 E85.37995
G1 X211.066 Y222.349 E85.385
G1 F2700 E84.085
G0 F15000 X214.457 Y221.799
G0 X218.138 Y225.765
G1 F2700 E85.385
G1 F1402.9 X218.362 Y225.874 E85.38971
G1 F1005.9 X218.463 Y225.876 E85.39237
G1 F921.8 X218.553 Y225.79 E85.39596
G1 X218.76 Y225.739 E85.4021
G1 X219.05 Y225.807 E85.41067
G1 X219.182 Y225.941 E85.41609
G1 X219.231 Y226.1 E85.42088
G1 X219.123 Y226.334 E85.4283
G1 F930.7 X219.132 Y226.747 E85.44008
G1 F939.8 X219.196 Y226.821 E85.44284
G1 X219.244 Y226.988 E85.44775
G1 X219.196 Y227.162 E85.45285
G1 X219.069 Y227.289 E85.45792
G1 X218.888 Y227.341 E85.46324
G1 X218.668 Y227.282 E85.46967
G1 X218.508 Y227.131 E85.47588
G1 X218.459 Y226.977 E85.48045
G1 X218.499 Y226.848 E85.48426
G1 F930.7 X218.522 Y226.332 E85.49899
G1 F921.8 X218.421 Y226.225 E85.50323
G1 X218.369 Y226.068 E85.50799
G1 X218.389 Y226 E85.51003
G1 F1005.9 X218.339 Y225.912 E85.5127
G1 F1402.9 X218.138 Y225.765 E85.51741
G1 F1942.1 X217.911 Y225.622 E85.52108
G1 F2700 E84.22108
G0 F15000 X216.621 Y225.067
G1 F2700 E85.52108
G1 F1599.9 X216.826 Y224.874 E85.52575
G1 X217.123 Y224.796 E85.53084
G1 X217.547 Y224.882 E85.53802
G1 X217.753 Y225.076 E85.54271
G1 X217.828 Y225.312 E85.54682
G1 F1655.1 X217.805 Y225.483 E85.54959
G1 F1836 X217.911 Y225.622 E85.55211
G1 X217.737 Y225.598 E85.55465
G1 F1655.1 X217.554 Y225.736 E85.55833
G1 F1599.9 X217.259 Y225.809 E85.56337
G1 X216.835 Y225.725 E85.57054
G1 X216.619 Y225.53 E85.57537
G1 X216.621 Y225.067 E85.58305
G1 F2700 E84.28305
;MESH:lowerRightPad.stl
G0 F15000 X215.27 Y225.067
G0 X214.958 Y224.561
M204 S1250
;TYPE:WALL-INNER
G1 F2700 E85.58305
G1 F1018.1 X214.958 Y226.998 E85.64992
M204 S2500
G0 F15000 X214.667 Y223.864
G0 X214.418 Y223.202
M204 S1250
;TYPE:WALL-OUTER
G1 F1599.9 X214.418 Y227.538 E85.72563
G1 X215.498 Y227.538 E85.74449
G1 X215.498 Y224.322 E85.80065
G1 X215.186 Y224.04 E85.80799
G1 X214.756 Y223.6 E85.81873
G1 X214.418 Y223.202 E85.82785
M204 S2500
G0 F15000 X214.418 Y223.402
G1 F2700 E84.52785
G0 F15000 X214.667 Y223.864
G0 X215.411 Y223.021
G0 X215.412 Y212.478
G0 X214.958 Y210.935
M204 S1250
;TYPE:WALL-INNER
G1 F2700 E85.82785
G1 F1018.1 X214.958 Y202.998 E86.04564
M204 S2500
G0 F15000 X214.667 Y211.636
G0 X214.419 Y212.295
M204 S1250
;TYPE:WALL-OUTER
G1 F1599.9 X214.755 Y211.896 E86.05475
G1 X215.199 Y211.444 E86.06581
G1 X215.498 Y211.174 E86.07284
G1 X215.498 Y202.458 E86.22504
G1 X214.418 Y202.458 E86.2439
G1 X214.419 Y212.295 E86.41567
M204 S2500
G0 F15000 X214.547 Y212.143
G1 F2700 E85.11567
;MESH:NONMESH
G0 F600 X214.547 Y212.143 Z1.7
G0 F15000 X214.667 Y211.636
G0 X214.644 Y202.684
G0 X213.545 Y202.684
G0 X210.901 Y202.541
;TIME_ELAPSED:141.625587
;LAYER:14
;note -- min layer time used
;TYPE:SUPPORT
G1 F2700 E86.41567
G1 F1032.2 X211.027 Y202.42 E86.41991
G1 F1033.9 X211.367 Y202.354 E86.42831
G1 F1035.6 X211.571 Y202.405 E86.4334
G1 X211.703 Y202.531 E86.43782
G1 X211.747 Y202.669 E86.44133
G1 X211.697 Y202.819 E86.44515
G1 X211.568 Y202.937 E86.44939
G1 F1033.9 X211.239 Y203.005 E86.45753
G1 F1032.2 X211.054 Y202.957 E86.46218
G1 X210.899 Y202.818 E86.46723
G1 X210.855 Y202.683 E86.47068
G1 X210.901 Y202.541 E86.47431
G1 F2700 E85.17431
G0 F15000 X211.168 Y204.343
G1 F2700 E86.47431
G1 F1020.6 X211.364 Y204.39 E86.47926
G1 F1027.2 X211.501 Y204.518 E86.48384
G1 F1033.9 X211.523 Y204.59 E86.48566
G1 F1022.2 X211.833 Y204.81 E86.49499
G1 F1014.1 X212.129 Y204.839 E86.50234
G1 F1040.7 X212.521 Y205.121 E86.51397
G1 F1105.9 X212.686 Y205.093 E86.51777
G1 F1188.8 X212.916 Y205.13 E86.52268
G1 F1279.8 X213.055 Y205.237 E86.52612
G1 F1417 X213.427 Y205.328 E86.53289
G1 F1511.4 X213.589 Y205.484 E86.53663
G1 X213.644 Y205.675 E86.53992
G1 X213.574 Y205.885 E86.54359
G1 X213.39 Y206.052 E86.54772
G1 X212.996 Y206.171 E86.55454
G1 X212.777 Y206.12 E86.55827
G1 X212.558 Y205.904 E86.56338
G1 F1317 X212.521 Y205.806 E86.56537
G1 F1119.6 X212.382 Y205.742 E86.5688
G1 F1044.1 X211.963 Y205.433 E86.5813
G1 F1037.3 X211.599 Y205.396 E86.59014
G1 F1065.1 X211.445 Y205.266 E86.59489
G1 F1075.9 X211.421 Y205.194 E86.59666
G1 F1065.1 X211.197 Y204.995 E86.60371
G1 F1037.3 X210.886 Y204.929 E86.61139
G1 F1018.9 X210.758 Y204.81 E86.61569
G1 X210.715 Y204.667 E86.61937
G1 X210.758 Y204.531 E86.62288
G1 X210.883 Y204.405 E86.62725
G1 X211.168 Y204.343 E86.63442
G1 F2700 E85.33442
G0 F15000 X213.557 Y201.597
G0 X216.363 Y201.597
G0 X216.561 Y205.493
G1 F2700 E86.63442
G1 F957.5 X216.434 Y205.379 E86.63889
G1 X216.399 Y205.256 E86.64224
G1 X216.447 Y205.118 E86.64607
G1 F961.8 X216.646 Y204.918 E86.65342
G1 F978.1 X216.735 Y204.649 E86.66068
G1 F973.6 X216.765 Y204.394 E86.6673
G1 F956 X216.98 Y204.209 E86.67473
G1 F961.8 X217.096 Y203.87 E86.68407
G1 F969.2 X217.064 Y203.767 E86.68686
G1 X217.106 Y203.637 E86.6904
G1 F964.7 X217.34 Y203.419 E86.69871
G1 F956 X217.454 Y203.115 E86.70723
G1 F950.3 X217.424 Y203.01 E86.71011
G1 X217.463 Y202.895 E86.71331
G1 X217.698 Y202.704 E86.7213
G1 F941.8 X217.821 Y202.374 E86.73068
G1 F933.5 X217.785 Y202.251 E86.73412
G1 X217.825 Y202.124 E86.73769
G1 X217.95 Y202.008 E86.74227
G1 X218.143 Y201.956 E86.74764
G1 X218.452 Y202.019 E86.75611
G1 X218.57 Y202.132 E86.7605
G1 X218.61 Y202.255 E86.76397
G1 X218.57 Y202.382 E86.76755
G1 X218.381 Y202.556 E86.77445
G1 F941.8 X218.235 Y202.906 E86.78454
G1 F951.7 X218.264 Y203.006 E86.78729
G1 X218.225 Y203.134 E86.79081
G1 F950.3 X218.001 Y203.315 E86.79841
G1 F956 X217.893 Y203.614 E86.80675
G1 F961.8 X217.911 Y203.689 E86.80876
G1 X217.86 Y203.841 E86.81294
G1 F964.7 X217.629 Y204.044 E86.82093
G1 F961.8 X217.521 Y204.376 E86.83003
G1 F953.2 X217.566 Y204.506 E86.83365
G1 X217.533 Y204.617 E86.8367
G1 F956 X217.297 Y204.81 E86.84469
G1 F957.5 X217.197 Y205.109 E86.85295
G1 X217.231 Y205.221 E86.85601
G1 X217.191 Y205.351 E86.85957
G1 X217.07 Y205.46 E86.86384
G1 X216.735 Y205.536 E86.87283
G1 X216.561 Y205.493 E86.87753
G1 F2700 E85.57753
G0 F15000 X216.829 Y206.608
G1 F2700 E86.87753
G1 F976.6 X217.069 Y206.662 E86.88384
G1 F982.7 X217.515 Y207.005 E86.8982
G1 F988.8 X217.827 Y207.034 E86.90614
G1 F987.3 X217.953 Y207.197 E86.91138
G1 F1028.9 X218.191 Y207.359 E86.91839
G1 F1054.5 X218.57 Y207.444 E86.92763
G1 F1035.6 X218.828 Y207.723 E86.93683
G1 F1045.8 X219.051 Y207.794 E86.94244
G1 F1058 X219.175 Y207.923 E86.94668
G1 X219.217 Y208.077 E86.95046
G1 X219.175 Y208.232 E86.95427
G1 X219.051 Y208.356 E86.95842
G1 X218.894 Y208.4 E86.96229
G1 X218.755 Y208.36 E86.96571
G1 F1047.5 X218.537 Y208.108 E86.97369
G1 F1035.6 X218.396 Y208.037 E86.97751
G1 F1033.9 X218.051 Y207.968 E86.98604
G1 F1010.8 X217.638 Y207.647 E86.99902
G1 F985.7 X217.495 Y207.66 E87.00267
G1 X217.296 Y207.608 E87.0079
G1 F988.8 X217.179 Y207.472 E87.01245
G1 F1010.8 X216.965 Y207.325 E87.01889
G1 F1004.4 X216.551 Y207.21 E87.02962
G1 F976.6 X216.428 Y207.096 E87.03392
G1 X216.393 Y206.975 E87.03716
G1 X216.45 Y206.82 E87.0414
G1 X216.592 Y206.68 E87.04651
G1 X216.829 Y206.608 E87.05287
G1 F2700 E85.75287
G0 F15000 X216.371 Y211.562
G0 X212.084 Y216.753
G1 F2700 E87.05287
G1 F1047.5 X212.209 Y216.882 E87.05717
G1 F1049.3 X212.25 Y217.029 E87.06082
G1 X212.205 Y217.19 E87.06481
G1 X212.086 Y217.309 E87.06884
G1 X211.927 Y217.354 E87.07278
G1 X211.783 Y217.312 E87.07637
G1 F1047.5 X211.65 Y217.176 E87.08092
G1 X211.608 Y217.032 E87.08451
G1 F1032.2 X211.68 Y216.817 E87.09002
G1 F975.1 X211.689 Y216.591 E87.09583
G1 X211.885 Y216.704 E87.10165
G1 F1032.2 X212.084 Y216.753 E87.10663
G0 F15000 X211.689 Y216.591
G1 F937.7 X211.663 Y216.541 E87.10814
G1 F2700 E85.80814
G0 F15000 X213.145 Y211.323
G1 F2700 E87.10814
G1 F1511.4 X213.428 Y211.389 E87.11296
G1 X213.589 Y211.544 E87.11666
G1 X213.644 Y211.738 E87.12001
G1 X213.574 Y211.946 E87.12365
G1 X213.431 Y212.08 E87.1269
G1 X213.382 Y212.233 E87.12957
G1 X213.421 Y212.386 E87.13219
G1 X213.355 Y212.589 E87.13573
G1 F1285 X212.968 Y212.864 E87.14499
G1 F1035.6 X212.915 Y213.029 E87.14919
G1 F966.2 X212.947 Y213.137 E87.15211
G1 X212.9 Y213.272 E87.15582
G1 X212.661 Y213.467 E87.16382
G1 F954.6 X212.551 Y213.785 E87.17266
G1 F943.2 X212.584 Y213.9 E87.17584
G1 X212.542 Y214.027 E87.1794
G1 F947.5 X212.314 Y214.222 E87.18733
G1 F951.7 X212.206 Y214.52 E87.19568
G1 F953.2 X212.23 Y214.615 E87.19826
G1 X212.189 Y214.742 E87.20177
G1 F956 X211.958 Y214.931 E87.2096
G1 F953.2 X211.844 Y215.251 E87.21854
G1 F948.9 X211.873 Y215.349 E87.22124
G1 X211.829 Y215.485 E87.22501
G1 F944.6 X211.709 Y215.595 E87.22933
G1 F1020.6 X211.699 Y215.888 E87.23654
G1 F1079.6 X211.741 Y216.099 E87.24153
G1 F1030.5 X211.669 Y216.321 E87.24721
G1 F975.1 X211.663 Y216.541 E87.25287
G1 X211.474 Y216.429 E87.25852
G1 F1030.5 X211.276 Y216.381 E87.26348
G1 F1045.8 X211.138 Y216.244 E87.26814
G1 X211.098 Y216.108 E87.27154
G1 F990.3 X211.17 Y215.575 E87.28515
G1 F940.4 X211.077 Y215.481 E87.28868
G1 X211.039 Y215.363 E87.29198
G1 X211.075 Y215.25 E87.29514
G1 F944.6 X211.304 Y215.059 E87.30306
G1 F953.2 X211.418 Y214.739 E87.31199
G1 F957.5 X211.385 Y214.63 E87.31498
G1 X211.422 Y214.516 E87.31812
G1 F956 X211.655 Y214.32 E87.3261
G1 F951.7 X211.762 Y214.022 E87.33444
G1 F950.3 X211.738 Y213.932 E87.3369
G1 X211.779 Y213.81 E87.34029
G1 F947.5 X211.994 Y213.611 E87.34805
G1 F954.6 X212.12 Y213.279 E87.35737
G1 F966.2 X212.086 Y213.17 E87.36034
G1 X212.123 Y213.058 E87.3634
G1 X212.373 Y212.855 E87.37175
G1 F1035.6 X212.426 Y212.69 E87.37595
G1 F1249.6 X212.331 Y212.431 E87.38149
G1 F1466.1 X212.43 Y212.051 E87.3882
G1 F1511.4 X212.386 Y211.923 E87.39045
G1 F1279.8 X212.118 Y211.586 E87.39888
G1 F1068.7 X211.952 Y211.469 E87.40365
G1 F1030.5 X211.601 Y211.405 E87.41233
G1 F1040.7 X211.431 Y211.231 E87.41819
G1 F1037.3 X211.161 Y211.047 E87.42609
G1 F1020.6 X210.889 Y210.988 E87.43292
G1 F1017.3 X210.758 Y210.867 E87.43732
G1 X210.716 Y210.73 E87.44085
G1 X210.759 Y210.593 E87.44439
G1 X210.883 Y210.47 E87.44869
G1 X211.168 Y210.405 E87.4559
G1 X211.367 Y210.455 E87.46095
G1 F1020.6 X211.51 Y210.625 E87.46641
G1 F1027.2 X211.769 Y210.811 E87.4742
G1 F1020.6 X212.128 Y210.865 E87.48311
G1 F1058 X212.452 Y211.126 E87.49297
G1 F1279.8 X212.951 Y211.156 E87.50277
G1 F1511.4 X213.145 Y211.323 E87.50701
G1 F2700 E86.20701
G0 F15000 X211.168 Y222.528
G1 F2700 E87.50701
G1 F1017.3 X211.364 Y222.575 E87.51198
G1 F1023.9 X211.77 Y222.93 E87.52519
G1 X212.128 Y222.984 E87.53405
G1 F1037.3 X212.532 Y223.296 E87.54639
G1 F1166.9 X212.932 Y223.309 E87.55499
G1 F1300.8 X213.022 Y223.397 E87.55742
G1 F1398.2 X213.427 Y223.512 E87.56497
G1 F1511.4 X213.589 Y223.668 E87.5687
G1 X213.644 Y223.863 E87.57206
G1 X213.578 Y224.066 E87.5756
G1 F1350.6 X213.356 Y224.315 E87.58179
G1 F1164.8 X213.369 Y224.454 E87.5848
G1 F1123.5 X213.531 Y224.622 E87.59
G1 F1133.6 X213.574 Y224.766 E87.59333
G1 X213.517 Y224.936 E87.59729
G1 X213.428 Y225.02 E87.6
G1 F1295.5 X213.436 Y225.268 E87.6048
G1 F1511.4 X213.379 Y225.457 E87.60808
G1 F1298.2 X212.98 Y225.719 E87.6173
G1 F1033.9 X212.911 Y225.918 E87.6224
G1 F946.1 X212.955 Y226.055 E87.62622
G1 X212.917 Y226.173 E87.6295
G1 F950.3 X212.682 Y226.359 E87.63741
G1 F964.7 X212.573 Y226.703 E87.64679
G1 F961.8 X212.603 Y226.852 E87.65075
G1 F948.9 X212.556 Y226.993 E87.65468
G1 F953.2 X212.329 Y227.19 E87.66258
G1 F956 X212.223 Y227.48 E87.67068
G1 X212.251 Y227.584 E87.67351
G1 X212.21 Y227.711 E87.67701
G1 X212.086 Y227.82 E87.68134
G1 X211.772 Y227.887 E87.68976
G1 X211.586 Y227.838 E87.6948
G1 X211.444 Y227.712 E87.69978
G1 X211.406 Y227.594 E87.70303
G1 X211.446 Y227.476 E87.7063
G1 X211.671 Y227.278 E87.71416
G1 X211.777 Y226.988 E87.72226
G1 F957.5 X211.755 Y226.904 E87.72453
G1 X211.796 Y226.78 E87.72795
G1 F953.2 X212.021 Y226.573 E87.73599
G1 X212.159 Y226.191 E87.74668
G1 F956 X212.121 Y226.07 E87.75
G1 X212.162 Y225.942 E87.75353
G1 F950.3 X212.355 Y225.762 E87.76049
G1 F1030.5 X212.447 Y225.541 E87.76631
G1 F1254.6 X212.349 Y225.273 E87.77202
G1 F1407.5 X212.408 Y225.094 E87.77537
G1 X212.496 Y225.011 E87.77753
G1 F1410.7 X212.633 Y224.672 E87.78403
G1 F1259.5 X212.82 Y224.565 E87.78832
G1 F1123.5 X212.853 Y224.504 E87.78986
G1 F1164.8 X212.84 Y224.365 E87.79287
G1 F1350.6 X212.553 Y224.083 E87.80034
G1 F1317 X212.503 Y223.982 E87.80248
G1 F1125.5 X212.372 Y223.928 E87.80564
G1 F1058 X211.951 Y223.586 E87.81849
G1 F1033.9 X211.597 Y223.521 E87.82722
G1 F1047.5 X211.218 Y223.192 E87.83923
G1 F1040.7 X210.886 Y223.111 E87.84747
G1 F1017.3 X210.763 Y222.994 E87.85165
G1 X210.719 Y222.853 E87.85529
G1 X210.763 Y222.71 E87.85898
G1 X210.884 Y222.59 E87.86318
G1 X211.168 Y222.528 E87.87034
G1 F2700 E86.57034
G0 F15000 X214.456 Y221.799
G0 X216.371 Y223.939
G0 X216.633 Y225.163
G1 F2700 E87.87034
G1 F1030.5 X216.765 Y225.039 E87.87475
G1 X217.1 Y224.978 E87.88303
G1 F1032.2 X217.315 Y225.034 E87.88843
G1 X217.453 Y225.163 E87.89302
G1 X217.5 Y225.307 E87.8967
G1 X217.456 Y225.449 E87.90031
G1 X217.329 Y225.561 E87.90442
G1 F1030.5 X216.98 Y225.625 E87.91306
G1 X216.786 Y225.572 E87.91795
G1 X216.632 Y225.437 E87.92293
G1 X216.588 Y225.301 E87.92641
G1 X216.633 Y225.163 E87.92994
G1 F2700 E86.62994
G0 F15000 X218.312 Y225.948
G1 F2700 E87.92994
G1 F961.8 X218.44 Y225.83 E87.93448
G1 X218.645 Y225.776 E87.94
G1 X218.943 Y225.839 E87.94794
G1 X219.072 Y225.963 E87.95261
G1 X219.118 Y226.099 E87.95635
G1 X219.079 Y226.232 E87.95996
G1 X218.992 Y226.323 E87.96325
G1 F967.7 X219.009 Y226.724 E87.97365
G1 F975.1 X219.144 Y226.858 E87.97854
G1 X219.191 Y226.998 E87.98233
G1 X219.153 Y227.125 E87.98574
G1 X219.028 Y227.24 E87.99011
G1 X218.847 Y227.286 E87.99491
G1 X218.548 Y227.22 E88.00278
G1 X218.409 Y227.098 E88.00754
G1 X218.367 Y226.97 E88.011
G1 X218.41 Y226.835 E88.01465
G1 X218.492 Y226.746 E88.01776
G1 F967.7 X218.475 Y226.345 E88.02816
G1 F961.8 X218.311 Y226.195 E88.03395
G1 X218.272 Y226.075 E88.03724
G1 X218.312 Y225.948 E88.04071
G1 F2700 E86.74071
;MESH:lowerRightPad.stl
G0 F15000 X216.375 Y225.948
G0 X214.958 Y226.998
M204 S1250
;TYPE:WALL-INNER
G1 F2700 E88.04071
G1 F961.8 X214.958 Y224.564 E88.1075
M204 S2500
G0 F15000 X214.667 Y223.864
G0 X214.419 Y223.201
M204 S1250
;TYPE:WALL-OUTER
G1 F1511.4 X214.418 Y227.538 E88.18323
G1 X215.498 Y227.538 E88.20209
G1 X215.498 Y224.325 E88.25819
G1 X215.169 Y224.027 E88.26594
G1 X214.759 Y223.604 E88.27623
G1 X214.419 Y223.201 E88.28544
M204 S2500
G0 F15000 X214.419 Y223.401
G1 F2700 E86.98544
G0 F15000 X214.667 Y223.864
G0 X215.411 Y223.019
G0 X215.412 Y212.48
G0 X214.958 Y210.933
M204 S1250
;TYPE:WALL-INNER
G1 F2700 E88.28544
G1 F961.8 X214.958 Y202.998 E88.50317
M204 S2500
G0 F15000 X214.667 Y211.637
G0 X214.417 Y212.3
M204 S1250
;TYPE:WALL-OUTER
G1 F1511.4 X214.772 Y211.882 E88.51275
G1 X215.179 Y211.459 E88.523
G1 X215.498 Y211.174 E88.53047
G1 X215.498 Y202.458 E88.68266
G1 X214.418 Y202.458 E88.70152
G1 X214.417 Y212.3 E88.87338
M204 S2500
G0 F15000 X214.546 Y212.148
G1 F2700 E87.57338
;MESH:NONMESH
G0 F600 X214.546 Y212.148 Z1.8
G0 F15000 X214.667 Y211.637
G0 X214.644 Y202.684
G0 X213.545 Y202.684
G0 X211.078 Y202.563
;TIME_ELAPSED:150.358006
;LAYER:15
;note -- min layer time used
;TYPE:SUPPORT
G1 F2700 E88.87338
G1 F1164.8 X211.197 Y202.452 E88.87685
G1 X211.443 Y202.392 E88.88225
G1 F1162.7 X211.72 Y202.444 E88.88827
G1 X211.844 Y202.555 E88.89182
G1 X211.886 Y202.678 E88.8946
G1 X211.847 Y202.795 E88.89724
G1 X211.729 Y202.898 E88.90058
G1 F1164.8 X211.371 Y202.957 E88.90832
G1 X211.199 Y202.913 E88.91211
G1 X211.073 Y202.8 E88.91572
G1 X211.037 Y202.685 E88.91829
G1 X211.078 Y202.563 E88.92103
G1 F2700 E87.62103
G0 F15000 X211.242 Y204.383
G1 F2700 E88.92103
G1 F1156.3 X211.514 Y204.435 E88.92698
G1 F1186.8 X211.651 Y204.548 E88.9307
G1 F1200.4 X211.674 Y204.613 E88.93213
G1 F1177.9 X211.932 Y204.834 E88.93929
G1 F1131.3 X212.145 Y204.787 E88.94408
G1 F1109.4 X212.302 Y204.816 E88.94766
G1 X212.399 Y204.907 E88.95064
G1 X212.419 Y204.991 E88.95257
G1 F1135.4 X212.669 Y205.17 E88.9593
G1 F1103.5 X213.05 Y205.186 E88.96788
G1 F1048.3 X213.262 Y205.367 E88.97449
G1 X213.588 Y205.455 E88.98249
G1 X213.588 Y205.783 E88.99026
G1 X213.51 Y205.847 E88.99266
G1 X213.145 Y205.946 E89.00162
G1 X212.993 Y205.912 E89.00531
G1 X212.768 Y205.727 E89.01221
G1 F1103.5 X212.521 Y205.688 E89.01784
G1 F1135.4 X212.106 Y205.36 E89.02942
G1 F1131.3 X211.93 Y205.391 E89.03334
G1 F1156.3 X211.763 Y205.348 E89.03705
G1 F1164.8 X211.633 Y205.24 E89.04065
G1 F1200.4 X211.589 Y205.138 E89.04295
G1 F1214.3 X211.386 Y204.957 E89.04851
G1 F1169.2 X211.003 Y204.894 E89.05676
G1 F1141.6 X210.877 Y204.781 E89.06044
G1 X210.842 Y204.673 E89.06292
G1 X210.883 Y204.553 E89.06568
G1 X211.001 Y204.439 E89.06925
G1 X211.242 Y204.383 E89.07463
G1 F2700 E87.77463
G0 F15000 X213.557 Y201.597
G0 X216.363 Y201.597
G0 X216.891 Y205.437
G1 F2700 E89.07463
G1 F1064.3 X216.538 Y205.533 E89.08317
G1 X216.324 Y205.468 E89.08839
G1 X216.323 Y205.146 E89.09591
G1 X216.533 Y204.962 E89.10242
G1 F1069.7 X216.605 Y204.667 E89.10948
G1 F1073.4 X216.566 Y204.545 E89.11244
G1 X216.603 Y204.442 E89.11497
G1 F1069.7 X216.867 Y204.209 E89.12315
G1 F1041.4 X216.975 Y203.908 E89.13078
G1 F1021.1 X216.935 Y203.786 E89.1339
G1 X216.971 Y203.691 E89.13638
G1 X217.184 Y203.499 E89.14335
G1 X217.327 Y203.15 E89.15253
G1 F1022.8 X217.289 Y203.029 E89.15561
G1 X217.325 Y202.931 E89.15814
G1 X217.545 Y202.737 E89.16527
G1 F1031.2 X217.679 Y202.402 E89.17396
G1 F1041.4 X217.637 Y202.27 E89.17727
G1 X217.674 Y202.172 E89.17977
G1 X217.792 Y202.065 E89.18357
G1 X218.122 Y202.002 E89.19158
G1 X218.296 Y202.046 E89.19586
G1 X218.41 Y202.151 E89.19956
G1 X218.442 Y202.246 E89.20195
G1 X218.405 Y202.356 E89.20472
G1 X218.174 Y202.563 E89.21212
G1 F1031.2 X218.046 Y202.892 E89.22062
G1 F1022.8 X218.084 Y203.006 E89.22354
G1 X218.05 Y203.11 E89.2262
G1 X217.829 Y203.306 E89.23338
G1 F1021.1 X217.689 Y203.652 E89.24246
G1 F1019.5 X217.728 Y203.768 E89.24544
G1 X217.695 Y203.87 E89.24805
G1 F1021.1 X217.478 Y204.063 E89.25512
G1 F1041.4 X217.353 Y204.379 E89.26322
G1 F1064.3 X217.378 Y204.471 E89.26545
G1 X217.338 Y204.589 E89.26836
G1 F1069.7 X217.094 Y204.787 E89.27566
G1 F1077.1 X217.024 Y205.074 E89.28247
G1 F1071.6 X217.058 Y205.203 E89.28556
G1 F1064.3 X217.015 Y205.327 E89.28863
G1 X216.891 Y205.437 E89.2925
G1 F2700 E87.9925
G0 F15000 X216.785 Y206.663
G1 F2700 E89.2925
G1 F1115.3 X216.935 Y206.695 E89.29591
G1 X217.042 Y206.796 E89.29919
G1 F1123.2 X217.072 Y206.889 E89.30135
G1 F1152 X217.275 Y207.072 E89.30725
G1 F1169.2 X217.656 Y207.123 E89.31541
G1 F1160.5 X217.773 Y207.267 E89.31939
G1 F1182.3 X217.993 Y207.431 E89.32515
G1 F1184.6 X218.417 Y207.474 E89.33409
G1 F1175.7 X218.789 Y207.793 E89.34444
G1 F1182.3 X219.036 Y207.844 E89.34974
G1 X219.134 Y207.946 E89.35272
G1 X219.171 Y208.075 E89.35554
G1 X219.134 Y208.209 E89.35846
G1 X219.029 Y208.314 E89.36158
G1 X218.884 Y208.355 E89.36474
G1 X218.62 Y208.303 E89.3704
G1 F1173.5 X218.266 Y207.987 E89.38044
G1 F1171.3 X217.875 Y207.953 E89.38877
G1 F1169.2 X217.503 Y207.637 E89.39914
G1 F1160.5 X217.116 Y207.594 E89.40747
G1 F1169.2 X216.981 Y207.487 E89.41113
G1 F1175.7 X216.96 Y207.421 E89.4126
G1 F1143.7 X216.751 Y207.233 E89.4187
G1 F1141.6 X216.541 Y207.273 E89.42336
G1 F1169.2 X216.297 Y207.192 E89.42882
G1 X216.297 Y206.846 E89.43617
G1 X216.393 Y206.762 E89.43888
G1 F1141.6 X216.785 Y206.663 E89.44768
G1 F2700 E88.14768
G0 F15000 X216.371 Y211.563
G0 X215.285 Y212.775
G0 X211.685 Y216.582
G1 F2700 E89.44768
G1 F1349.8 X211.805 Y216.693 E89.45069
G1 F1243.1 X212.066 Y216.79 E89.45625
G1 F1195.8 X212.172 Y216.903 E89.45947
G1 F1193.6 X212.21 Y217.031 E89.46225
G1 X212.172 Y217.166 E89.46517
G1 X212.063 Y217.276 E89.46839
G1 X211.929 Y217.314 E89.47129
G1 X211.804 Y217.275 E89.47402
G1 F1195.8 X211.685 Y217.156 E89.47752
G1 X211.647 Y217.031 E89.48023
G1 F1243.1 X211.712 Y216.744 E89.48611
G1 F1349.8 X211.685 Y216.582 E89.48913
G1 F1407.2 X211.667 Y216.55 E89.48978
G1 F2700 E88.18978
G0 F15000 X213.303 Y211.347
G1 F2700 E89.48978
G1 F1497.6 X213.603 Y211.411 E89.49487
G1 X213.678 Y211.478 E89.49654
G1 X213.678 Y211.889 E89.50336
G1 X213.487 Y212.104 E89.50813
G1 X213.512 Y212.295 E89.51132
G1 X213.444 Y212.474 E89.5145
G1 F1388.5 X213.086 Y212.761 E89.52271
G1 F1209.6 X213.048 Y212.911 E89.52589
G1 F1115.3 X213.075 Y213.054 E89.52913
G1 F1093.9 X213.027 Y213.187 E89.53234
G1 F1107.4 X212.765 Y213.398 E89.53989
G1 F1109.4 X212.696 Y213.707 E89.54698
G1 F1097.7 X212.724 Y213.815 E89.5495
G1 X212.677 Y213.941 E89.55254
G1 F1111.3 X212.404 Y214.16 E89.56037
G1 F1090.1 X212.32 Y214.444 E89.56712
G1 F1055.4 X212.361 Y214.58 E89.57046
G1 F1051.9 X212.321 Y214.69 E89.57323
G1 F1055.4 X212.089 Y214.893 E89.58048
G1 F1043.1 X211.965 Y215.219 E89.58879
G1 F1029.5 X212.005 Y215.339 E89.59184
G1 X211.97 Y215.441 E89.59444
G1 F1058.9 X211.725 Y215.672 E89.60234
G1 F1173.5 X211.674 Y215.961 E89.60856
G1 F1228.5 X211.698 Y216.102 E89.61145
G1 F1243.1 X211.638 Y216.394 E89.61741
G1 F1349.8 X211.667 Y216.55 E89.62033
G1 X211.554 Y216.44 E89.62323
G1 F1243.1 X211.295 Y216.344 E89.62875
G1 F1191.3 X211.176 Y216.225 E89.63226
G1 X211.14 Y216.1 E89.63497
G1 X211.226 Y215.926 E89.63902
G1 F1109.4 X211.265 Y215.494 E89.64873
G1 F1038 X211.225 Y215.369 E89.65188
G1 X211.262 Y215.262 E89.65459
G1 F1034.6 X211.461 Y215.076 E89.66113
G1 F1043.1 X211.603 Y214.732 E89.66999
G1 F1057.2 X211.573 Y214.635 E89.67238
G1 X211.61 Y214.526 E89.67508
G1 F1055.4 X211.831 Y214.323 E89.68215
G1 F1086.4 X211.93 Y214.02 E89.68943
G1 F1123.2 X211.91 Y213.943 E89.69119
G1 X211.954 Y213.817 E89.69415
G1 F1111.3 X212.223 Y213.57 E89.70231
G1 F1109.4 X212.297 Y213.28 E89.70901
G1 F1121.2 X212.267 Y213.179 E89.71135
G1 X212.311 Y213.053 E89.7143
G1 F1107.4 X212.573 Y212.813 E89.72228
G1 F1186.8 X212.616 Y212.643 E89.72595
G1 F1349.8 X212.559 Y212.432 E89.72997
G1 F1449.3 X212.664 Y212.091 E89.73608
G1 F1497.6 X212.651 Y211.975 E89.73802
G1 F1476.5 X212.348 Y211.666 E89.7453
G1 F1416.7 X212.276 Y211.49 E89.74864
G1 F1265.6 X212.143 Y211.383 E89.75199
G1 F1156.3 X211.935 Y211.408 E89.75649
G1 F1152 X211.761 Y211.368 E89.76034
G1 F1169.2 X211.63 Y211.259 E89.76396
G1 F1180.1 X211.61 Y211.191 E89.76545
G1 X211.372 Y211.006 E89.7718
G1 F1164.8 X211.003 Y210.957 E89.77974
G1 F1147.8 X210.873 Y210.842 E89.78349
G1 X210.841 Y210.734 E89.78593
G1 X210.882 Y210.613 E89.7887
G1 X210.999 Y210.502 E89.79219
G1 X211.243 Y210.445 E89.79761
G1 F1164.8 X211.512 Y210.494 E89.80344
G1 F1180.1 X211.892 Y210.845 E89.81433
G1 F1164.8 X212.092 Y210.827 E89.81862
G1 F1156.3 X212.297 Y210.866 E89.8231
G1 F1265.6 X212.565 Y211.142 E89.83065
G1 F1416.7 X212.667 Y211.171 E89.83251
G1 F1476.5 X212.883 Y211.124 E89.83623
G1 F1497.6 X213.093 Y211.167 E89.83979
G1 X213.303 Y211.347 E89.84437
G1 F2700 E88.54437
G0 F15000 X211.238 Y222.566
G1 F2700 E89.84437
G1 F1164.8 X211.51 Y222.617 E89.85028
G1 F1186.8 X211.887 Y222.967 E89.86105
G1 F1169.2 X212.101 Y222.95 E89.86561
G1 F1156.3 X212.291 Y222.989 E89.86977
G1 F1173.5 X212.654 Y223.347 E89.88057
G1 F1115.3 X213.051 Y223.37 E89.88943
G1 F1031.2 X213.306 Y223.579 E89.89737
G1 F1011.3 X213.577 Y223.648 E89.90424
G1 X213.577 Y223.967 E89.91208
G1 X213.466 Y224.069 E89.91578
G1 F1051.9 X213.512 Y224.467 E89.92524
G1 F1093.9 X213.601 Y224.544 E89.92792
G1 F1073.4 X213.589 Y224.879 E89.93567
G1 F1039.7 X213.452 Y225.014 E89.94027
G1 F1016.2 X213.4 Y225.36 E89.94882
G1 F1051.9 X213.159 Y225.604 E89.95692
G1 F1075.2 X213.054 Y225.9 E89.96418
G1 F1048.3 X213.091 Y226.017 E89.96709
G1 X213.052 Y226.128 E89.96988
G1 F1051.9 X212.835 Y226.316 E89.97666
G1 F1129.3 X212.741 Y226.638 E89.98404
G1 F1186.8 X212.761 Y226.771 E89.98685
G1 F1160.5 X212.709 Y226.909 E89.99001
G1 F1143.7 X212.426 Y227.124 E89.99773
G1 F1092 X212.344 Y227.403 E90.00435
G1 F1057.2 X212.384 Y227.536 E90.00761
G1 X212.343 Y227.653 E90.01052
G1 X212.222 Y227.755 E90.01424
G1 X211.89 Y227.834 E90.02226
G1 X211.743 Y227.797 E90.02583
G1 X211.624 Y227.692 E90.02955
G1 X211.593 Y227.594 E90.03197
G1 X211.63 Y227.487 E90.03463
G1 X211.858 Y227.272 E90.042
G1 F1092 X211.95 Y226.984 E90.04887
G1 F1129.3 X211.929 Y226.91 E90.05057
G1 X211.976 Y226.784 E90.05352
G1 F1127.3 X212.118 Y226.647 E90.05787
G1 F1143.7 X212.291 Y226.552 E90.06216
G1 F1103.5 X212.363 Y226.2 E90.07025
G1 F1053.6 X212.305 Y226.055 E90.07393
G1 X212.335 Y225.967 E90.07612
G1 F1051.9 X212.562 Y225.759 E90.0834
G1 X212.697 Y225.402 E90.09241
G1 F1057.2 X212.654 Y225.274 E90.09558
G1 X212.69 Y225.17 E90.09817
G1 F1031.2 X212.834 Y225.041 E90.10283
G1 F1016.2 X212.906 Y224.711 E90.11109
G1 F1058.9 X213.071 Y224.519 E90.11702
G1 F1051.9 X213.005 Y224.102 E90.127
G1 F1031.2 X212.771 Y223.911 E90.13427
G1 F1103.5 X212.522 Y223.871 E90.13995
G1 F1173.5 X212.39 Y223.762 E90.14358
G1 F1186.8 X212.368 Y223.694 E90.14507
G1 F1173.5 X212.14 Y223.506 E90.15133
G1 F1156.3 X211.938 Y223.529 E90.1557
G1 X211.762 Y223.489 E90.15957
G1 F1177.9 X211.628 Y223.377 E90.16326
G1 F1191.3 X211.608 Y223.31 E90.16472
G1 F1186.8 X211.371 Y223.126 E90.171
G1 F1167 X211.002 Y223.079 E90.17892
G1 F1152 X210.87 Y222.964 E90.18269
G1 X210.837 Y222.859 E90.18506
G1 X210.88 Y222.737 E90.18785
G1 X210.999 Y222.623 E90.19141
G1 F1149.9 X211.238 Y222.566 E90.19672
G1 F2700 E88.89672
G0 F15000 X214.456 Y221.799
G0 X216.371 Y223.939
G0 X216.608 Y225.55
G1 F2700 E90.19672
G1 F1175.7 X216.476 Y225.438 E90.20037
G1 X216.438 Y225.322 E90.20295
G1 X216.481 Y225.203 E90.20563
G1 X216.61 Y225.089 E90.20926
G1 F1177.9 X216.965 Y225.022 E90.21688
G1 X217.153 Y225.067 E90.22096
G1 X217.276 Y225.182 E90.22451
G1 X217.315 Y225.299 E90.22711
G1 X217.274 Y225.428 E90.22997
G1 X217.159 Y225.53 E90.23321
G1 X216.806 Y225.596 E90.24078
G1 F1175.7 X216.608 Y225.55 E90.24508
G1 F2700 E88.94508
G0 F15000 X218.125 Y226.096
G1 F2700 E90.24508
G1 F1075.2 X218.163 Y225.99 E90.24768
G1 X218.282 Y225.884 E90.25136
G1 X218.619 Y225.82 E90.25929
G1 X218.8 Y225.865 E90.2636
G1 X218.914 Y225.971 E90.2672
G1 X218.949 Y226.076 E90.26975
G1 X218.913 Y226.189 E90.27249
G1 X218.782 Y226.311 E90.27663
G1 F1078.9 X218.822 Y226.712 E90.28591
G1 F1082.6 X219.018 Y226.877 E90.29179
G1 X219.051 Y226.975 E90.29416
G1 X219.015 Y227.088 E90.29688
G1 X218.912 Y227.179 E90.30004
G1 X218.561 Y227.24 E90.30821
G1 X218.378 Y227.197 E90.31253
G1 X218.255 Y227.094 E90.31621
G1 X218.223 Y226.993 E90.31864
G1 X218.261 Y226.885 E90.32127
G1 X218.402 Y226.754 E90.32568
G1 F1078.9 X218.362 Y226.353 E90.33496
G1 F1075.2 X218.155 Y226.189 E90.34106
G1 X218.125 Y226.096 E90.34332
G1 F2700 E89.04332
;MESH:lowerRightPad.stl
G0 F15000 X215.27 Y226.096
G0 X214.958 Y226.998
M204 S1250
;TYPE:WALL-INNER
G1 F2700 E90.34332
G1 F953 X214.958 Y224.562 E90.41016
M204 S2500
G0 F15000 X214.667 Y223.864
G0 X214.418 Y223.199
M204 S1250
;TYPE:WALL-OUTER
G1 F1497.6 X214.418 Y227.538 E90.48593
G1 X215.498 Y227.538 E90.50479
G1 X215.498 Y224.325 E90.56089
G1 X215.178 Y224.032 E90.56847
G1 X214.751 Y223.596 E90.57912
G1 X214.418 Y223.199 E90.58817
M204 S2500
G0 F15000 X214.418 Y223.399
G1 F2700 E89.28817
G0 F15000 X214.667 Y223.864
G0 X215.408 Y223.017
G0 X215.409 Y212.482
G0 X214.958 Y210.935
M204 S1250
;TYPE:WALL-INNER
G1 F2700 E90.58817
G1 F953 X214.958 Y202.998 E90.80596
M204 S2500
G0 F15000 X214.667 Y211.636
G0 X214.419 Y212.296
M204 S1250
;TYPE:WALL-OUTER
G1 F1497.6 X214.765 Y211.889 E90.81529
G1 X215.186 Y211.456 E90.82583
G1 X215.498 Y211.174 E90.83318
G1 X215.498 Y202.458 E90.98537
G1 X214.418 Y202.458 E91.00423
G1 X214.419 Y212.296 E91.17602
M204 S2500
G0 F15000 X214.548 Y212.144
G1 F2700 E89.87602
;MESH:NONMESH
G0 F600 X214.548 Y212.144 Z1.9
G0 F15000 X214.667 Y211.636
G0 X214.644 Y202.684
G0 X213.545 Y202.684
G0 X211.239 Y202.572
;TIME_ELAPSED:158.811555
;LAYER:16
;note -- min layer time used
;TYPE:SUPPORT
G1 F2700 E91.17602
G1 F1330 X211.351 Y202.477 E91.17866
G1 X211.527 Y202.433 E91.18192
G1 F1332.9 X211.74 Y202.479 E91.18583
G1 F1335.8 X211.823 Y202.566 E91.18798
G1 X211.856 Y202.671 E91.18995
G1 X211.822 Y202.786 E91.19209
G1 X211.733 Y202.877 E91.19437
G1 X211.606 Y202.912 E91.19673
G1 F1332.9 X211.359 Y202.866 E91.20123
G1 F1330 X211.237 Y202.768 E91.20404
G1 X211.204 Y202.674 E91.20583
G1 X211.239 Y202.572 E91.20777
G1 F2700 E89.90777
G0 F15000 X211.318 Y204.423
G1 F2700 E91.20777
G1 F1335.8 X211.543 Y204.471 E91.21189
G1 F1315.5 X211.961 Y204.668 E91.22028
G1 F1245.1 X212.122 Y204.796 E91.22423
G1 F1240 X212.291 Y204.83 E91.22755
G1 F1295.8 X212.718 Y205.018 E91.23616
G1 F1260.7 X212.879 Y205.145 E91.24005
G1 F1225 X213.071 Y205.216 E91.24404
G1 F1212.7 X213.552 Y205.435 E91.25446
G1 F1191.2 X213.614 Y205.501 E91.25627
G1 X213.614 Y205.752 E91.26131
G1 X213.568 Y205.799 E91.26263
G1 X213.311 Y205.864 E91.26795
G1 F1188.9 X213.165 Y205.837 E91.27093
G1 F1210.3 X212.876 Y205.647 E91.27776
G1 F1225 X212.674 Y205.609 E91.28177
G1 F1260.7 X212.479 Y205.413 E91.28702
G1 F1295.8 X212.179 Y205.276 E91.2931
G1 F1240 X211.916 Y205.268 E91.29817
G1 F1198.3 X211.808 Y205.145 E91.30144
G1 F1287.5 X211.511 Y204.947 E91.30806
G1 F1362.9 X211.162 Y204.854 E91.3144
G1 F1335.8 X211.039 Y204.752 E91.31725
G1 X211.002 Y204.654 E91.31913
G1 X211.037 Y204.557 E91.32097
G1 X211.148 Y204.458 E91.32363
G1 X211.318 Y204.423 E91.32674
G1 F2700 E90.02674
G0 F15000 X213.557 Y201.597
G0 X216.363 Y201.597
G0 X216.719 Y205.439
G1 F2700 E91.32674
G1 F1166 X216.458 Y205.507 E91.33227
G1 X216.308 Y205.422 E91.3358
G1 X216.307 Y205.18 E91.34076
G1 F1255.5 X216.435 Y204.78 E91.34876
G1 F1271.3 X216.69 Y204.363 E91.35795
G1 F1258.1 X216.793 Y204.029 E91.36459
G1 F1293 X216.966 Y203.685 E91.37171
G1 F1229.9 X217.046 Y203.603 E91.37393
G1 F1255.5 X217.149 Y203.261 E91.38073
G1 X217.397 Y202.844 E91.38997
G1 X217.5 Y202.508 E91.39666
G1 F1282.1 X217.684 Y202.153 E91.40411
G1 F1250.3 X217.77 Y202.063 E91.40649
G1 X217.894 Y202.028 E91.40895
G1 X218.14 Y202.072 E91.41373
G1 X218.243 Y202.16 E91.41632
G1 X218.272 Y202.248 E91.41809
G1 X218.242 Y202.333 E91.41982
G1 F1255.5 X218.03 Y202.482 E91.42475
G1 F1225 X217.871 Y202.888 E91.43326
G1 F1195.9 X217.909 Y203.007 E91.43575
G1 X217.881 Y203.085 E91.43741
G1 F1227.4 X217.676 Y203.24 E91.44241
G1 X217.519 Y203.645 E91.45087
G1 F1195.9 X217.556 Y203.759 E91.45327
G1 X217.526 Y203.842 E91.45503
G1 F1229.9 X217.32 Y204.001 E91.46009
G1 X217.163 Y204.405 E91.46851
G1 F1195.9 X217.203 Y204.52 E91.47094
G1 X217.171 Y204.603 E91.47272
G1 F1245.1 X216.937 Y204.787 E91.47844
G1 F1327 X216.848 Y204.938 E91.48159
G1 F1287.5 X216.831 Y205.052 E91.48373
G1 F1195.9 X216.877 Y205.242 E91.48764
G1 F1166 X216.836 Y205.341 E91.48983
G1 X216.719 Y205.439 E91.49296
G1 F2700 E90.19296
G0 F15000 X216.601 Y206.773
G1 F2700 E91.49296
G1 F1210.3 X216.766 Y206.802 E91.49627
G1 F1282.1 X217.107 Y207.086 E91.50454
G1 F1307 X217.491 Y207.172 E91.51174
G1 F1309.8 X217.863 Y207.439 E91.5201
G1 X218.249 Y207.525 E91.52731
G1 F1304.2 X218.624 Y207.789 E91.53572
G1 F1338.8 X218.978 Y207.883 E91.54226
G1 F1318.4 X219.084 Y207.976 E91.54481
G1 X219.12 Y208.078 E91.54677
G1 X219.087 Y208.173 E91.5486
G1 X218.975 Y208.269 E91.55127
G1 X218.735 Y208.312 E91.55569
G1 F1293 X218.206 Y208.085 E91.56633
G1 F1263.3 X218.05 Y207.971 E91.56999
G1 F1284.8 X217.873 Y207.928 E91.57338
G1 X217.291 Y207.618 E91.58564
G1 F1271.3 X216.69 Y207.379 E91.5978
G1 F1245.1 X216.547 Y207.26 E91.60137
G1 F1210.3 X216.36 Y207.201 E91.60525
G1 X216.298 Y207.14 E91.60696
G1 X216.298 Y206.891 E91.61188
G1 X216.349 Y206.837 E91.61335
G1 X216.601 Y206.773 E91.61848
G1 F2700 E90.31848
G0 F15000 X216.371 Y211.562
G0 X212.047 Y216.828
G1 F2700 E91.61848
G1 F1344.7 X212.134 Y216.92 E91.62073
G1 X212.165 Y217.031 E91.62278
G1 X212.134 Y217.146 E91.6249
G1 X212.042 Y217.238 E91.62721
G1 X211.93 Y217.27 E91.62928
G1 X211.822 Y217.24 E91.63127
G1 X211.721 Y217.138 E91.63382
G1 X211.69 Y217.033 E91.63577
G1 X211.774 Y216.75 E91.64102
G1 X212.047 Y216.828 E91.64606
G1 F2700 E90.34606
G0 F15000 X213.042 Y211.256
G1 F2700 E91.64606
G1 F1168.2 X213.576 Y211.556 E91.65859
G1 F1069.1 X213.591 Y211.806 E91.66419
G1 F1082.5 X213.488 Y212.139 E91.67189
G1 F1177.3 X213.303 Y212.505 E91.68021
G1 F1266 X213.196 Y212.847 E91.68698
G1 F1271.3 X212.946 Y213.27 E91.69622
G1 X212.843 Y213.603 E91.70277
G1 F1274 X212.591 Y214.029 E91.71206
G1 F1276.6 X212.488 Y214.364 E91.71862
G1 F1266 X212.242 Y214.773 E91.72763
G1 F1271.3 X212.137 Y215.122 E91.73448
G1 F1263.3 X211.893 Y215.517 E91.74326
G1 F1255.5 X211.78 Y215.883 E91.75056
G1 F1344.7 X211.7 Y216.006 E91.75316
G1 F1350.7 X211.577 Y216.384 E91.7602
G1 F1338.8 X211.315 Y216.307 E91.76507
G1 X211.213 Y216.205 E91.76765
G1 X211.184 Y216.102 E91.76956
G1 F1301.4 X211.439 Y215.502 E91.78153
G1 F1229.9 X211.387 Y215.35 E91.78465
G1 F1198.3 X211.413 Y215.276 E91.78622
G1 F1225 X211.606 Y215.117 E91.7911
G1 F1293 X211.736 Y214.908 E91.79565
G1 F1271.3 X211.777 Y214.733 E91.79902
G1 F1212.7 X211.743 Y214.622 E91.80131
G1 X211.776 Y214.535 E91.80315
G1 F1240 X211.962 Y214.38 E91.80781
G1 F1298.6 X212.095 Y214.114 E91.81329
G1 F1276.6 X212.146 Y213.802 E91.81921
G1 F1266 X212.319 Y213.63 E91.82381
G1 X212.474 Y213.234 E91.83184
G1 F1229.9 X212.456 Y213.154 E91.83343
G1 F1225 X212.503 Y213.04 E91.83584
G1 F1260.7 X212.674 Y212.872 E91.84038
G1 F1255.5 X212.831 Y212.461 E91.84876
G1 F1212.7 X212.811 Y212.389 E91.85023
G1 F1177.3 X212.994 Y211.97 E91.85951
G1 F1080.6 X213.013 Y211.841 E91.8624
G1 F1116.5 X212.827 Y211.704 E91.86734
G1 F1222.5 X212.668 Y211.669 E91.87053
G1 F1260.7 X212.473 Y211.478 E91.8757
G1 F1304.2 X212.171 Y211.325 E91.88191
G1 F1276.6 X211.919 Y211.299 E91.88665
G1 F1304.2 X211.543 Y211.023 E91.8952
G1 F1350.7 X211.161 Y210.917 E91.90221
G1 F1335.8 X211.039 Y210.816 E91.90504
G1 X211.001 Y210.717 E91.90694
G1 X211.038 Y210.615 E91.90888
G1 X211.145 Y210.521 E91.91143
G1 X211.32 Y210.484 E91.91463
G1 X211.539 Y210.53 E91.91864
G1 F1290.3 X212.117 Y210.849 E91.93086
G1 F1276.6 X212.292 Y210.887 E91.93422
G1 F1304.2 X212.714 Y211.078 E91.94271
G1 F1260.7 X212.872 Y211.207 E91.94657
G1 F1222.5 X213.042 Y211.256 E91.95003
G1 F2700 E90.65003
G0 F15000 X213.344 Y224.458
G1 F2700 E91.95003
G1 F1133.2 X213.388 Y224.312 E91.95325
G1 F1137.5 X213.61 Y224.603 E91.96094
G1 F1148.3 X213.622 Y224.831 E91.96569
G1 F1177.3 X213.393 Y225.36 E91.97739
G1 F1195.9 X213.328 Y225.429 E91.97929
G1 F1250.3 X213.216 Y225.805 E91.98679
G1 F1266 X212.971 Y226.212 E91.99576
G1 X212.863 Y226.565 E92.00273
G1 F1271.3 X212.614 Y226.986 E92.01192
G1 F1274 X212.508 Y227.32 E92.0185
G1 F1301.4 X212.34 Y227.652 E92.02533
G1 F1276.6 X212.258 Y227.734 E92.0275
G1 X212.032 Y227.792 E92.03187
G1 X211.891 Y227.76 E92.03458
G1 X211.775 Y227.666 E92.03737
G1 X211.75 Y227.585 E92.03896
G1 X211.787 Y227.487 E92.04092
G1 X211.984 Y227.336 E92.04557
G1 F1252.9 X212.142 Y226.949 E92.05354
G1 F1227.4 X212.123 Y226.87 E92.05512
G1 F1225 X212.168 Y226.759 E92.05746
G1 F1260.7 X212.34 Y226.586 E92.06208
G1 F1252.9 X212.503 Y226.162 E92.07075
G1 F1212.7 X212.468 Y226.056 E92.07295
G1 X212.498 Y225.976 E92.07463
G1 F1240 X212.694 Y225.816 E92.07951
G1 F1225 X212.865 Y225.371 E92.08881
G1 F1184.2 X212.824 Y225.258 E92.09124
G1 F1195.9 X212.987 Y225.06 E92.09636
G1 F1177.3 X213.066 Y224.859 E92.10075
G1 F1148.3 X213.045 Y224.778 E92.10249
G1 X213.082 Y224.693 E92.10442
G1 F1143.9 X213.344 Y224.458 E92.11177
G0 F15000 X213.388 Y224.312
G1 F1126.9 X213.383 Y224.262 E92.11284
G1 F2700 E90.81284
G0 F15000 X211.321 Y222.608
G1 F2700 E92.11284
G1 F1335.8 X211.539 Y222.654 E92.11682
G1 F1304.2 X211.956 Y222.854 E92.1253
G1 F1263.3 X212.117 Y222.973 E92.12909
G1 F1282.1 X212.292 Y223.01 E92.13242
G1 F1309.8 X212.714 Y223.202 E92.14088
G1 F1258.1 X212.873 Y223.332 E92.14478
G1 F1227.4 X213.075 Y223.402 E92.14895
G1 F1195.9 X213.549 Y223.625 E92.15942
G1 F1159.3 X213.611 Y223.689 E92.16125
G1 X213.611 Y223.938 E92.16639
G1 F1152.6 X213.446 Y224.097 E92.17114
G1 F1135.3 X213.383 Y224.262 E92.17486
G1 X213.289 Y224.113 E92.17856
G1 F1191.2 X212.88 Y223.836 E92.18848
G1 F1227.4 X212.671 Y223.795 E92.19262
G1 F1258.1 X212.485 Y223.611 E92.19759
G1 F1309.8 X212.172 Y223.446 E92.20405
G1 F1282.1 X211.919 Y223.42 E92.20879
G1 F1304.2 X211.538 Y223.145 E92.2174
G1 F1350.7 X211.161 Y223.037 E92.22434
G1 F1335.8 X211.04 Y222.939 E92.22713
G1 X211 Y222.832 E92.22917
G1 X211.031 Y222.744 E92.23084
G1 X211.148 Y222.645 E92.23358
G1 X211.321 Y222.608 E92.23675
G1 F2700 E90.93675
G0 F15000 X214.456 Y221.799
G0 X216.371 Y223.938
G0 X216.603 Y225.526
G1 F2700 E92.23675
G1 F1332.9 X216.502 Y225.424 E92.23932
G1 X216.473 Y225.322 E92.24122
G1 X216.504 Y225.208 E92.24334
G1 X216.585 Y225.122 E92.24546
G1 X216.81 Y225.073 E92.24959
G1 F1330 X216.988 Y225.111 E92.25286
G1 X217.093 Y225.2 E92.25533
G1 X217.127 Y225.301 E92.25725
G1 X217.087 Y225.407 E92.25929
G1 X216.97 Y225.504 E92.26202
G1 F1332.9 X216.715 Y225.558 E92.26669
G1 X216.603 Y225.526 E92.26878
G1 F2700 E90.96878
G0 F15000 X218.175 Y225.99
G1 F2700 E92.26878
G1 F1260.7 X218.252 Y225.91 E92.27088
G1 X218.472 Y225.859 E92.27517
G1 X218.641 Y225.894 E92.27844
G1 X218.741 Y225.982 E92.28096
G1 X218.773 Y226.076 E92.28285
G1 X218.737 Y226.172 E92.28479
G1 X218.52 Y226.392 E92.29065
G1 F1255.5 X218.512 Y226.55 E92.29366
G1 F1250.3 X218.587 Y226.664 E92.29627
G1 X218.84 Y226.882 E92.30265
G1 X218.871 Y226.969 E92.30442
G1 X218.835 Y227.066 E92.3064
G1 X218.723 Y227.16 E92.30919
G1 X218.479 Y227.214 E92.31397
G1 X218.373 Y227.182 E92.31608
G1 X218.274 Y227.083 E92.31876
G1 X218.246 Y226.99 E92.32062
G1 X218.276 Y226.889 E92.32263
G1 X218.447 Y226.694 E92.32759
G1 X218.468 Y226.558 E92.33022
G1 F1255.5 X218.398 Y226.418 E92.3332
G1 F1260.7 X218.174 Y226.193 E92.33922
G1 X218.146 Y226.098 E92.3411
G1 X218.175 Y225.99 E92.34322
G1 F2700 E91.04322
;MESH:lowerRightPad.stl
G0 F15000 X215.27 Y225.99
G0 X214.958 Y226.998
M204 S1250
;TYPE:WALL-INNER
G1 F2700 E92.34322
G1 F916.9 X214.958 Y224.56 E92.41011
M204 S2500
G0 F15000 X214.667 Y223.864
G0 X214.418 Y223.198
M204 S1250
;TYPE:WALL-OUTER
G1 F1440.8 X214.418 Y227.538 E92.4859
G1 X215.498 Y227.538 E92.50476
G1 X215.498 Y224.321 E92.56093
G1 X215.173 Y224.027 E92.56858
G1 X214.751 Y223.592 E92.57917
G1 X214.418 Y223.198 E92.58817
M204 S2500
G0 F15000 X214.418 Y223.398
G1 F2700 E91.28817
G0 F15000 X214.667 Y223.864
G0 X215.407 Y223.015
G0 X215.408 Y212.484
G0 X214.958 Y210.936
M204 S1250
;TYPE:WALL-INNER
G1 F2700 E92.58817
G1 F916.9 X214.958 Y202.998 E92.80599
M204 S2500
G0 F15000 X214.667 Y211.636
G0 X214.419 Y212.296
M204 S1250
;TYPE:WALL-OUTER
G1 F1440.8 X214.761 Y211.893 E92.81522
G1 X215.183 Y211.46 E92.82578
G1 X215.498 Y211.175 E92.83319
G1 X215.498 Y202.458 E92.98541
G1 X214.418 Y202.458 E93.00426
G1 X214.419 Y212.296 E93.17605
M204 S2500
G0 F15000 X214.548 Y212.144
;MESH:NONMESH
G0 F600 X214.548 Y212.144 Z2
G0 F15000 X214.667 Y211.636
G0 X214.958 Y202.998
;TIME_ELAPSED:166.781038
;LAYER:17
;note -- min layer time used
M204 S1250
;TYPE:WALL-INNER
;MESH:lowerRightPad.stl
G1 F381.8 X214.958 Y210.936 E93.39387
M204 S2500
G0 F15000 X214.667 Y211.637
G0 X214.419 Y212.296
M204 S1250
;TYPE:WALL-OUTER
G1 F600 X214.761 Y211.893 E93.4031
G1 X215.178 Y211.464 E93.41354
G1 X215.498 Y211.175 E93.42107
G1 X215.498 Y202.458 E93.57328
G1 X214.418 Y202.458 E93.59214
G1 X214.419 Y212.296 E93.76393
M204 S2500
G0 F15000 X214.548 Y212.144
G1 F2700 E92.46393
G0 F15000 X214.667 Y211.637
G0 X215.406 Y212.486
G0 X215.405 Y223.013
G0 X214.958 Y224.56
M204 S1250
;TYPE:WALL-INNER
G1 F2700 E93.76393
G1 F381.8 X214.958 Y226.998 E93.83083
M204 S2500
G0 F15000 X214.667 Y223.863
G0 X214.418 Y223.202
M204 S1250
;TYPE:WALL-OUTER
G1 F600 X214.418 Y227.538 E93.90654
G1 X215.498 Y227.538 E93.9254
G1 X215.498 Y224.321 E93.98157
G1 X215.169 Y224.024 E93.98931
G1 X214.747 Y223.592 E93.99986
G1 X214.418 Y223.202 E94.00877
M204 S2500
G0 F15000 X214.418 Y223.402
G1 F2700 E92.70877
;MESH:NONMESH
G0 F600 X214.418 Y223.402 Z2.1
G0 F15000 X214.667 Y223.863
G0 X215.405 Y223.013
G0 X212.049 Y215
;TIME_ELAPSED:172.314231
;LAYER:18
;note -- min layer time used
M204 S1250
;TYPE:WALL-INNER
;MESH:lowerRightPad.stl
G1 F2700 E94.00877
G1 F3348.9 X212.049 Y215.563 E94.0186
G1 X212.221 Y214.927 E94.0301
G1 X212.449 Y214.281 E94.04207
G1 X212.736 Y213.627 E94.05454
G1 X213.069 Y213.005 E94.06686
G1 X213.586 Y212.181 E94.08384
G1 X213.922 Y211.917 E94.0913
G1 X214.193 Y211.91 E94.09604
G1 X214.443 Y211.614 E94.1028
G1 X214.866 Y211.182 E94.11336
G1 X215.078 Y210.989 E94.11837
G1 X215.108 Y210.701 E94.12342
G1 X215.231 Y210.464 E94.12809
G1 X215.904 Y209.965 E94.14271
G1 X216.537 Y209.569 E94.15575
G1 X217.165 Y209.242 E94.16812
G1 X218.09 Y208.841 E94.18572
G1 X218.085 Y202.878 E94.28984
G1 X212.05 Y202.878 E94.39522
G1 X212.049 Y215 E94.60689
M204 S2500
G1 F2700 E93.30689
G0 F15000 X212.257 Y214.211
G0 X211.959 Y217.75
G0 X212.063 Y219.133
G0 X212.374 Y220.483
G0 X212.54 Y221.939
G0 X212.934 Y222.669
G0 X215.108 Y225.299
G0 X215.28 Y225.068
M204 S1250
G1 F2700 E94.60689
G1 F3348.9 X215.113 Y224.809 E94.61227
G1 X215.079 Y224.531 E94.61717
G1 X214.443 Y223.882 E94.63303
G1 X214.192 Y223.585 E94.63982
G1 X213.924 Y223.578 E94.6445
G1 X213.591 Y223.317 E94.65189
G1 X213.043 Y222.448 E94.66983
G1 X212.714 Y221.824 E94.68215
G1 X212.433 Y221.172 E94.69455
G1 X212.208 Y220.523 E94.70654
G1 X212.048 Y219.938 E94.71713
G1 X212.047 Y226.91 E94.83887
G1 X214.269 Y226.909 E94.87767
G1 X214.533 Y227 E94.88255
G1 X214.6 Y227.118 E94.88492
G1 X215.316 Y227.118 E94.89742
G1 X215.383 Y227 E94.89979
G1 X215.617 Y226.91 E94.90417
G1 X218.09 Y226.91 E94.94735
G1 X218.09 Y226.657 E94.95177
G1 X217.164 Y226.255 E94.96939
G1 X216.507 Y225.913 E94.98233
G1 X215.904 Y225.531 E94.99479
G1 X215.28 Y225.068 E95.00836
M204 S2500
G0 F15000 X215.108 Y225.299
G0 X212.877 Y222.578
G0 X212.25 Y221.277
G0 X212.193 Y219.814
G0 X212.008 Y218.583
G0 X211.939 Y215.001
G0 X211.629 Y215
M204 S1250
;TYPE:WALL-OUTER
G1 F3348.9 X211.629 Y215.675 E95.02015
G1 F2900.1 X211.694 Y216.372 E95.03426
G1 F2643.9 X211.674 Y217.065 E95.0496
G1 F2774.3 X211.668 Y217.766 E95.06437
G1 F2768.8 X211.675 Y218.468 E95.0792
G1 F2634 X211.695 Y219.171 E95.09481
G1 F2888.2 X211.628 Y219.815 E95.10792
G1 F3348.9 X211.626 Y227.33 E95.23915
G1 X214.208 Y227.329 E95.28423
G1 X214.317 Y227.36 E95.28621
G1 X214.417 Y227.538 E95.28978
G1 X215.499 Y227.538 E95.30867
G1 X215.599 Y227.36 E95.31224
G1 X215.668 Y227.333 E95.31353
G1 X218.351 Y227.33 E95.36038
G1 X218.507 Y227.289 E95.36319
G1 X218.506 Y226.394 E95.37882
G1 X218.434 Y226.327 E95.38054
G1 X217.948 Y226.137 E95.38965
G1 X217.319 Y225.863 E95.40163
G1 X216.731 Y225.558 E95.4132
G1 X216.154 Y225.193 E95.42512
G1 X215.557 Y224.747 E95.43813
G1 X215.509 Y224.67 E95.43972
G1 X215.498 Y224.321 E95.44581
G1 X215.166 Y224.02 E95.45364
G1 X214.747 Y223.592 E95.4641
G1 X214.354 Y223.125 E95.47476
G1 X214.057 Y223.18 E95.48003
G1 X213.946 Y223.093 E95.48249
G1 X213.414 Y222.251 E95.49988
G1 X213.099 Y221.656 E95.51164
G1 X212.829 Y221.034 E95.52348
G1 X212.613 Y220.412 E95.53498
G1 X212.429 Y219.74 E95.54714
G1 F2888.2 X212.243 Y219.116 E95.56033
G1 F2634 X212.188 Y218.44 E95.57539
G1 F2768.8 X212.169 Y217.748 E95.59001
G1 X212.188 Y217.056 E95.60463
G1 F2643.9 X212.242 Y216.402 E95.61914
G1 F2900.1 X212.437 Y215.737 E95.63311
G1 F3348.9 X212.617 Y215.066 E95.64525
G1 X212.829 Y214.462 E95.65642
G1 X213.106 Y213.825 E95.66855
G1 X213.425 Y213.228 E95.68037
G1 X213.942 Y212.404 E95.69736
G1 X214.054 Y212.316 E95.69984
G1 X214.354 Y212.371 E95.70517
G1 X214.758 Y211.892 E95.71611
G1 X215.174 Y211.468 E95.72648
G1 X215.498 Y211.175 E95.73411
G1 X215.508 Y210.831 E95.74012
G1 X215.548 Y210.752 E95.74167
G1 X216.168 Y210.293 E95.75514
G1 X216.746 Y209.934 E95.76702
G1 X217.332 Y209.627 E95.77857
G1 X217.946 Y209.36 E95.79026
G1 X218.456 Y209.159 E95.79983
G1 X218.51 Y209.1 E95.80123
G1 X218.502 Y203.374 E95.90122
G1 X218.508 Y202.458 E95.91721
G1 X211.63 Y202.458 E96.03731
G1 X211.629 Y215 E96.25631
M204 S2500
G0 F15000 X211.629 Y215.2
G0 X211.939 Y215.201
G0 X212.447 Y213.318
;TYPE:SKIN
G1 F3348.9 X212.446 Y203.274 E96.4317
G1 X217.682 Y203.274 E96.52313
G1 X217.689 Y208.585 E96.61587
G1 X217.006 Y208.874 E96.62882
G1 X216.304 Y209.242 E96.64266
G1 X215.741 Y209.589 E96.6542
G1 X215.073 Y210.085 E96.66873
G1 X214.86 Y210.308 E96.67412
G1 X214.74 Y210.544 E96.67874
G1 X214.691 Y210.788 E96.68309
G1 X213.975 Y211.518 E96.70094
G1 X213.774 Y211.538 E96.70447
G1 X213.262 Y211.944 E96.71588
G1 X212.737 Y212.776 E96.73306
G1 X212.447 Y213.318 E96.74379
G0 F15000 X212.83 Y212.236
G1 F3348.9 X212.656 Y212.062 E96.74809
G0 F15000 X213.06 Y211.872
G1 F3348.9 X212.656 Y211.468 E96.75806
G0 F15000 X212.656 Y210.874
G1 F3348.9 X213.371 Y211.589 E96.77572
G0 F15000 X213.715 Y211.339
G1 F3348.9 X212.656 Y210.28 E96.80187
G0 F15000 X212.656 Y209.686
G1 F3348.9 X214.081 Y211.111 E96.83706
G0 F15000 X214.375 Y210.811
G1 F3348.9 X212.656 Y209.092 E96.87951
G0 F15000 X212.656 Y208.498
G1 F3348.9 X214.574 Y210.417 E96.92689
G0 F15000 X214.815 Y210.063
G1 F3348.9 X212.656 Y207.904 E96.9802
G0 F15000 X212.656 Y207.31
G1 F3348.9 X215.127 Y209.782 E97.04123
G0 F15000 X215.469 Y209.529
G1 F3348.9 X212.656 Y206.716 E97.1107
G0 F15000 X212.656 Y206.122
G1 F3348.9 X215.825 Y209.291 E97.18896
G0 F15000 X216.192 Y209.065
G1 F3348.9 X212.656 Y205.528 E97.27629
G0 F15000 X212.656 Y204.934
G1 F3348.9 X216.581 Y208.86 E97.37323
G0 F15000 X216.974 Y208.659
G1 F3348.9 X212.656 Y204.34 E97.47987
G0 F15000 X212.656 Y203.746
G1 F3348.9 X217.391 Y208.482 E97.59681
G0 F15000 X217.478 Y207.975
G1 F3348.9 X212.988 Y203.484 E97.7077
G0 F15000 X213.582 Y203.484
G1 F3348.9 X217.478 Y207.38 E97.80391
G0 F15000 X217.476 Y206.785
G1 F3348.9 X214.176 Y203.484 E97.88541
G0 F15000 X214.77 Y203.484
G1 F3348.9 X217.476 Y206.19 E97.95223
G0 F15000 X217.475 Y205.596
G1 F3348.9 X215.364 Y203.484 E98.00438
G0 F15000 X215.957 Y203.484
G1 F3348.9 X217.474 Y205.001 E98.04184
G0 F15000 X217.474 Y204.406
G1 F3348.9 X216.551 Y203.484 E98.06462
G0 F15000 X217.145 Y203.484
G1 F3348.9 X217.473 Y203.812 E98.07272
G1 F2700 E96.77272
G0 F15000 X212.25 Y214.222
G0 X212.194 Y215.687
G0 X211.987 Y217.054
G0 X211.987 Y218.182
G0 X212.446 Y222.169
G1 F2700 E98.07272
G1 F3348.9 X212.726 Y222.701 E98.08322
G1 X213.269 Y223.555 E98.10089
G1 X213.775 Y223.954 E98.11214
G1 X213.997 Y223.976 E98.11604
G1 X214.135 Y224.14 E98.11978
G1 X214.691 Y224.705 E98.13362
G1 X214.731 Y224.931 E98.13763
G1 X214.883 Y225.22 E98.14333
G1 X215.073 Y225.407 E98.14798
G1 X215.711 Y225.881 E98.16186
G1 X216.364 Y226.292 E98.17534
G1 X216.79 Y226.509 E98.18368
G1 X215.548 Y226.515 E98.20537
G1 X215.179 Y226.655 E98.21226
G1 X215.119 Y226.718 E98.21378
G1 X214.793 Y226.718 E98.21947
G1 X214.733 Y226.655 E98.22099
G1 X214.305 Y226.51 E98.22888
G1 X212.446 Y226.51 E98.26135
G1 X212.446 Y222.169 E98.33715
G0 F15000 X213.233 Y226.3
G1 F3348.9 X212.656 Y225.723 E98.35139
G0 F15000 X212.656 Y225.129
G1 F3348.9 X213.827 Y226.3 E98.38031
G0 F15000 X214.47 Y226.35
G1 F3348.9 X212.656 Y224.535 E98.42512
G0 F15000 X212.656 Y223.941
G1 F3348.9 X215.168 Y226.454 E98.48716
G0 F15000 X215.613 Y226.305
G1 F3348.9 X212.656 Y223.347 E98.5602
G1 X212.582 Y223.273
G0 F15000 X212.659 Y223.273
;MESH:NONMESH
G0 F600 X212.659 Y223.273 Z2.2
G0 F15000 X211.987 Y218.446
G0 X211.987 Y217.318
G0 X212.257 Y214.211
G0 X211.928 Y215
;TIME_ELAPSED:180.856589
;LAYER:19
;note -- min layer time used
M204 S1250
;TYPE:WALL-INNER
;MESH:lowerRightPad.stl
G1 F3519.5 X211.928 Y215.694 E98.57232
G1 F3099 X211.985 Y216.345 E98.58528
G1 X212.339 Y215.046 E98.61198
G1 F3519.5 X212.56 Y214.402 E98.62387
G1 X212.87 Y213.693 E98.63738
G1 X213.189 Y213.094 E98.64923
G1 X213.673 Y212.318 E98.6652
G1 X213.912 Y212.095 E98.67091
G1 X214.05 Y212.081 E98.67333
G1 X214.453 Y211.607 E98.68419
G1 X214.862 Y211.183 E98.69448
G1 X215.101 Y210.966 E98.70011
G1 X215.149 Y210.784 E98.7034
G1 X215.334 Y210.568 E98.70837
G1 X216.023 Y210.063 E98.72328
G1 X216.599 Y209.699 E98.73518
G1 X217.201 Y209.385 E98.74704
G1 X218.15 Y208.943 E98.76532
G1 X218.15 Y202.878 E98.87122
G1 X211.926 Y202.878 E98.9799
G1 X211.928 Y215 E99.19157
M204 S2500
G0 F15000 X212.171 Y214.802
G0 X211.985 Y216.345
M204 S1250
G1 F2986.3 X211.945 Y217.068 E99.20647
G1 F3351.9 X211.931 Y217.749 E99.21896
G1 F3344.3 X211.947 Y218.471 E99.23223
G1 F2974.2 X211.986 Y219.17 E99.2467
M204 S2500
G0 F15000 X211.929 Y219.821
M204 S1250
G1 F3519.5 X211.93 Y227.022 E99.37244
G1 X214.278 Y227.03 E99.41344
G1 X214.408 Y227.058 E99.41576
G1 X214.451 Y227.117 E99.41704
G1 X215.46 Y227.118 E99.43466
G1 X215.501 Y227.06 E99.4359
G1 X215.709 Y227.026 E99.43958
G1 X218.153 Y227.03 E99.48225
G1 X218.151 Y226.548 E99.49067
G1 X217.213 Y226.118 E99.50869
G1 X216.578 Y225.783 E99.52122
G1 X216.026 Y225.439 E99.53258
G1 X215.25 Y224.865 E99.54944
G1 X215.133 Y224.679 E99.55327
G1 X215.101 Y224.53 E99.55593
G1 X214.845 Y224.297 E99.56198
G1 X214.453 Y223.889 E99.57186
G1 X214.044 Y223.411 E99.58284
G1 X213.91 Y223.396 E99.5852
G1 X213.675 Y223.177 E99.59081
G1 X213.17 Y222.375 E99.60736
G1 X212.852 Y221.769 E99.61931
G1 X212.577 Y221.146 E99.6312
G1 X212.346 Y220.487 E99.64339
G1 F3092.5 X211.986 Y219.17 E99.67052
G1 X211.929 Y219.821 E99.68351
M204 S2500
G0 F15000 X212.134 Y220.465
G0 X212.134 Y217.065
G0 X212.337 Y215.719
G0 X212.378 Y214.301
G0 X212.865 Y213.26
G0 X214.686 Y210.957
G0 X215.159 Y211.48
M204 S1250
;TYPE:WALL-OUTER
G1 F3519.5 X215.498 Y211.174 E99.69148
G1 X215.524 Y210.949 E99.69544
G1 X216.247 Y210.418 E99.7111
G1 X216.818 Y210.057 E99.7229
G1 X217.379 Y209.765 E99.73394
G1 X218.367 Y209.305 E99.75297
G1 X218.527 Y209.195 E99.75636
G1 X218.57 Y209.118 E99.7579
G1 X218.57 Y202.458 E99.8742
G1 X211.506 Y202.458 E99.99755
G1 X211.508 Y215 E100.21655
G1 X211.51 Y227.361 E100.43239
G1 X211.601 Y227.442 E100.43452
G1 X214.268 Y227.447 E100.48109
G1 X214.334 Y227.537 E100.48304
G1 X215.581 Y227.538 E100.50481
G1 X215.647 Y227.446 E100.50679
G1 X218.04 Y227.45 E100.54858
G1 X218.487 Y227.383 E100.55647
G1 X218.574 Y227.33 E100.55825
G1 X218.571 Y226.317 E100.57594
G1 X218 Y226.016 E100.58721
G1 X217.378 Y225.731 E100.59915
G1 X216.8 Y225.427 E100.61056
G1 X216.248 Y225.083 E100.62191
G1 X215.519 Y224.536 E100.63783
G1 X215.498 Y224.322 E100.64158
G1 X215.148 Y224.006 E100.64982
G1 X214.748 Y223.589 E100.65991
G1 X214.279 Y223.039 E100.67253
G1 X214.074 Y223.023 E100.67612
G1 X213.542 Y222.179 E100.69354
G1 X213.236 Y221.598 E100.70501
G1 X212.973 Y221.006 E100.71632
G1 X212.752 Y220.379 E100.72793
G1 X212.577 Y219.72 E100.73983
G1 X212.455 Y219.075 E100.75129
G1 X212.382 Y218.41 E100.76298
G1 X212.354 Y217.739 E100.7747
G1 X212.383 Y217.073 E100.78634
G1 X212.453 Y216.433 E100.79759
G1 X212.577 Y215.777 E100.80924
G1 X212.749 Y215.143 E100.82071
G1 X212.963 Y214.523 E100.83217
G1 X213.242 Y213.889 E100.84426
G1 X213.545 Y213.316 E100.85558
G1 X214.074 Y212.468 E100.87303
G1 X214.284 Y212.455 E100.87671
G1 X214.756 Y211.898 E100.88946
G1 X215.159 Y211.48 E100.89959
M204 S2500
G0 F15000 X215.307 Y211.347
G0 X214.799 Y210.866
G0 X213.828 Y211.658
G0 X212.327 Y213.933
;TYPE:SKIN
G1 F3519.5 X212.323 Y203.274 E101.08572
G1 X217.75 Y203.274 E101.18048
G1 X217.75 Y208.686 E101.27498
G1 X217.039 Y209.017 E101.28868
G1 X216.398 Y209.354 E101.30132
G1 X215.807 Y209.726 E101.31352
G1 X215.1 Y210.242 E101.3288
G1 X214.789 Y210.606 E101.33716
G1 X214.747 Y210.744 E101.33968
G1 X214.566 Y210.908 E101.34394
G1 X214.132 Y211.362 E101.35491
G1 X213.834 Y211.715 E101.36298
G1 X213.721 Y211.742 E101.36501
G1 X213.349 Y212.075 E101.37372
G1 X212.813 Y212.945 E101.39157
G1 X212.51 Y213.517 E101.40287
G1 X212.327 Y213.933 E101.41081
G0 F15000 X212.536 Y212.747
G1 F3519.5 X212.932 Y212.35 E101.4206
G0 F15000 X212.536 Y212.153
G1 F3519.5 X217.54 Y207.148 E101.54418
G0 F15000 X217.54 Y207.742
G1 F3519.5 X215.799 Y209.483 E101.58717
G1 X215.725 Y209.557
G0 F15000 X217.138 Y208.739
G1 F3519.5 X217.54 Y208.336 E101.59711
G0 F15000 X217.54 Y206.554
G1 F3519.5 X212.536 Y211.559 E101.7207
G0 F15000 X212.536 Y210.965
G1 F3519.5 X217.54 Y205.96 E101.84428
G0 F15000 X217.54 Y205.366
G1 F3519.5 X212.536 Y210.371 E101.96786
G0 F15000 X212.536 Y209.777
G1 F3519.5 X217.54 Y204.772 E102.09145
G0 F15000 X217.54 Y204.178
G1 F3519.5 X212.535 Y209.183 E102.21504
G0 F15000 X212.535 Y208.589
G1 F3519.5 X217.54 Y203.585 E102.33862
G0 F15000 X217.047 Y203.483
G1 F3519.5 X212.535 Y207.995 E102.45005
G0 F15000 X212.534 Y207.402
G1 F3519.5 X216.453 Y203.483 E102.54682
G0 F15000 X215.859 Y203.483
G1 F3519.5 X212.534 Y206.808 E102.62893
G0 F15000 X212.534 Y206.214
G1 F3519.5 X215.265 Y203.483 E102.69637
G0 F15000 X214.671 Y203.483
G1 F3519.5 X212.534 Y205.62 E102.74914
G0 F15000 X212.534 Y205.027
G1 F3519.5 X214.077 Y203.483 E102.78726
G0 F15000 X213.483 Y203.483
G1 F3519.5 X212.534 Y204.433 E102.81071
G0 F15000 X212.534 Y203.839
G1 F3519.5 X212.889 Y203.483 E102.81949
G1 F2700 E101.51949
G0 F15000 X212.106 Y217.75
G0 X212.33 Y221.639
G1 F2700 E102.81949
G1 F3519.5 X212.814 Y222.555 E102.83758
G1 X213.371 Y223.429 E102.85567
G1 X213.717 Y223.746 E102.86387
G1 X213.826 Y223.773 E102.86583
G1 X214.116 Y224.113 E102.87363
G1 X214.582 Y224.596 E102.88535
G1 X214.743 Y224.741 E102.88913
G1 X214.77 Y224.848 E102.89106
G1 X214.956 Y225.138 E102.89708
G1 X215.75 Y225.733 E102.9144
G1 X216.36 Y226.118 E102.927
G1 X217.324 Y226.628 E102.94604
G1 X215.561 Y226.63 E102.97683
G1 X215.327 Y226.718 E102.98119
G1 X214.582 Y226.718 E102.9942
G1 X214.293 Y226.629 E102.99948
G1 X212.327 Y226.622 E103.03381
G1 X212.33 Y221.639 E103.12082
G0 F15000 X212.666 Y222.714
G1 F3519.5 X212.54 Y222.84 E103.12393
G0 F15000 X212.895 Y223.079
G1 F3519.5 X212.54 Y223.434 E103.1327
G0 F15000 X213.124 Y223.444
G1 F3519.5 X212.539 Y224.028 E103.14713
G0 F15000 X212.539 Y224.623
G1 F3519.5 X213.412 Y223.75 E103.16869
G0 F15000 X213.748 Y224.007
G1 F3519.5 X212.539 Y225.217 E103.19856
G0 F15000 X212.538 Y225.812
G1 F3519.5 X214.027 Y224.323 E103.23533
G0 F15000 X214.318 Y224.625
G1 F3519.5 X212.538 Y226.406 E103.2793
G0 F15000 X213.122 Y226.416
G1 F3519.5 X214.598 Y224.94 E103.31575
G0 F15000 X214.825 Y225.307
G1 F3519.5 X213.714 Y226.418 E103.34318
G0 F15000 X214.304 Y226.422
G1 F3519.5 X215.166 Y225.559 E103.36448
G0 F15000 X215.508 Y225.812
G1 F3519.5 X214.812 Y226.508 E103.38167
G0 F15000 X215.472 Y226.441
G1 F3519.5 X215.861 Y226.052 E103.39127
G0 F15000 X216.09 Y226.417
G1 F3519.5 X216.226 Y226.281 E103.39463
G1 F2700 E102.09463
;MESH:NONMESH
G0 F600 X216.226 Y226.281 Z2.3
G0 F15000 X214.009 Y223.369
G0 X212.672 Y221.876
G0 X212.16 Y220.578
G0 X212.209 Y219.113
G0 X212.125 Y218.009
G0 X212.171 Y214.802
G0 X211.87 Y215
;TIME_ELAPSED:189.397286
;LAYER:20
;note -- min layer time used
M204 S1250
;TYPE:WALL-INNER
;MESH:lowerRightPad.stl
G1 F2700 E103.39463
G1 F3577.9 X211.87 Y215.694 E103.40675
G1 F2747.2 X211.997 Y216.309 E103.42103
G1 X212.237 Y215.729 E103.43531
G1 F3577.9 X212.433 Y214.995 E103.44857
G1 X212.654 Y214.372 E103.46012
G1 X212.943 Y213.712 E103.4727
G1 X213.239 Y213.155 E103.48371
G1 X213.677 Y212.468 E103.49794
G1 X213.831 Y212.302 E103.50189
G1 X213.894 Y212.29 E103.50301
G1 X214.065 Y212.062 E103.50799
G1 X214.454 Y211.602 E103.51851
G1 X214.888 Y211.161 E103.52931
G1 X215.157 Y210.916 E103.53567
G1 X215.186 Y210.822 E103.53738
G1 X215.331 Y210.67 E103.54105
G1 X216.019 Y210.158 E103.55603
G1 X216.617 Y209.778 E103.5684
G1 X218.15 Y208.951 E103.59881
G1 X218.153 Y202.879 E103.70484
G1 X211.871 Y202.879 E103.81453
G1 X211.87 Y215 E104.02619
M204 S2500
G0 F15000 X212.161 Y215.001
G0 X212.074 Y215.552
G0 X211.997 Y216.309
M204 S1250
G1 F2374 X211.956 Y217.025 E104.04506
G1 F2599.9 X211.942 Y217.722 E104.06181
G1 F2608.9 X211.954 Y218.422 E104.07858
G1 F2385.3 X211.995 Y219.17 E104.0982
M204 S2500
G0 F15000 X211.87 Y219.81
M204 S1250
G1 F3577.9 X211.87 Y227.086 E104.22525
G1 X214.315 Y227.086 E104.26794
G1 X214.341 Y227.118 E104.26866
G1 X215.567 Y227.118 E104.29007
G1 X215.591 Y227.088 E104.29074
G1 X217.159 Y227.09 E104.31812
G1 X217.684 Y227.074 E104.32729
G1 X218.15 Y227.025 E104.33547
G1 X218.15 Y226.54 E104.34394
G1 X217.18 Y226.029 E104.36309
G1 X216.641 Y225.733 E104.37383
G1 X216.03 Y225.352 E104.3864
G1 X215.326 Y224.834 E104.40166
G1 X215.178 Y224.673 E104.40548
G1 X215.148 Y224.572 E104.40732
G1 X214.886 Y224.337 E104.41346
G1 X214.421 Y223.858 E104.42512
G1 X213.871 Y223.202 E104.44007
G1 X213.677 Y223.028 E104.44462
G1 X213.238 Y222.339 E104.45889
G1 X212.923 Y221.739 E104.47072
G1 X212.637 Y221.085 E104.48318
G1 X212.415 Y220.448 E104.49496
G1 X212.236 Y219.776 E104.50711
G1 F2752.3 X211.995 Y219.17 E104.52191
G1 X211.87 Y219.81 E104.53671
M204 S2500
G0 F15000 X212.074 Y219.956
G0 X212.161 Y215.001
G0 X211.45 Y215
M204 S1250
;TYPE:WALL-OUTER
G1 F3577.9 X211.45 Y227.354 E104.75243
G1 X211.574 Y227.506 E104.75586
G1 X214.247 Y227.509 E104.80253
G1 X214.27 Y227.538 E104.80318
G1 X215.643 Y227.538 E104.82715
G1 X215.666 Y227.51 E104.82779
G1 X217.53 Y227.51 E104.86033
G1 X218.425 Y227.419 E104.87604
G1 X218.57 Y227.335 E104.87897
G1 X218.57 Y226.36 E104.89599
G1 X218.352 Y226.173 E104.90101
G1 X217.382 Y225.661 E104.92016
G1 X216.833 Y225.359 E104.9311
G1 X216.279 Y225.014 E104.9425
G1 X215.537 Y224.468 E104.95859
G1 X215.498 Y224.322 E104.96122
G1 X215.157 Y224.015 E104.96924
G1 X214.743 Y223.588 E104.97962
G1 X214.375 Y223.15 E104.98961
G1 X214.17 Y222.873 E104.99563
G1 X214.064 Y222.854 E104.99751
G1 X213.61 Y222.143 E105.01224
G1 X213.307 Y221.569 E105.02357
G1 X213.033 Y220.946 E105.03546
G1 X212.825 Y220.354 E105.04641
G1 X212.649 Y219.699 E105.05826
G1 X212.531 Y219.064 E105.06953
G1 X212.458 Y218.404 E105.08113
G1 X212.434 Y217.74 E105.09273
G1 X212.459 Y217.08 E105.10426
G1 X212.533 Y216.412 E105.116
G1 X212.649 Y215.808 E105.12674
G1 X212.829 Y215.134 E105.13892
G1 X213.039 Y214.54 E105.14992
G1 X213.314 Y213.909 E105.16194
G1 X213.619 Y213.338 E105.17325
G1 X214.064 Y212.642 E105.18767
G1 X214.17 Y212.623 E105.18955
G1 X214.387 Y212.332 E105.19589
G1 X214.754 Y211.896 E105.20584
G1 X215.17 Y211.472 E105.21621
G1 X215.498 Y211.174 E105.22395
G1 X215.54 Y211.038 E105.22644
G1 X216.283 Y210.486 E105.2426
G1 X216.84 Y210.135 E105.2541
G1 X218.447 Y209.268 E105.28598
G1 X218.57 Y209.136 E105.28913
G1 X218.573 Y202.459 E105.40572
G1 X211.538 Y202.458 E105.52856
G1 X211.45 Y202.578 E105.53116
G1 X211.45 Y215 E105.74807
M204 S2500
G0 F15000 X211.45 Y215.2
G0 X212.161 Y215.201
G0 X212.266 Y214.266
;TYPE:SKIN
G1 F3577.9 X212.27 Y203.278 E105.93994
G1 X217.753 Y203.278 E106.03568
G1 X217.75 Y208.714 E106.1306
G1 X216.44 Y209.419 E106.15658
G1 X215.795 Y209.826 E106.16989
G1 X215.09 Y210.351 E106.18524
G1 X214.853 Y210.595 E106.19118
G1 X214.817 Y210.684 E106.19286
G1 X214.624 Y210.859 E106.19741
G1 X214.122 Y211.368 E106.20989
G1 X213.598 Y211.996 E106.22417
G1 X213.339 Y212.254 E106.23056
G1 X212.927 Y212.894 E106.24385
G1 X212.59 Y213.525 E106.25634
G1 X212.266 Y214.266 E106.27046
G0 F15000 X212.554 Y213.148
G1 F3577.9 X212.476 Y213.07 E106.27239
G0 F15000 X212.763 Y212.763
G1 F3577.9 X212.476 Y212.476 E106.27947
G0 F15000 X212.995 Y212.401
G1 F3577.9 X212.477 Y211.883 E106.29227
G0 F15000 X212.477 Y211.289
G1 F3577.9 X213.244 Y212.056 E106.31121
G0 F15000 X213.531 Y211.749
G1 F3577.9 X212.477 Y210.695 E106.33723
G0 F15000 X212.477 Y210.101
G1 F3577.9 X213.802 Y211.426 E106.36995
G0 F15000 X214.081 Y211.111
G1 F3577.9 X212.478 Y209.508 E106.40954
G0 F15000 X212.478 Y208.914
G1 F3577.9 X214.376 Y210.813 E106.45642
G0 F15000 X214.665 Y210.507
G1 F3577.9 X212.478 Y208.32 E106.51043
G0 F15000 X212.479 Y207.727
G1 F3577.9 X214.95 Y210.198 E106.57145
G0 F15000 X215.287 Y209.941
G1 F3577.9 X212.479 Y207.133 E106.64079
G0 F15000 X212.479 Y206.539
G1 F3577.9 X215.629 Y209.689 E106.71858
G0 F15000 X215.989 Y209.456
G1 F3577.9 X212.479 Y205.945 E106.80527
G0 F15000 X212.479 Y205.352
G1 F3577.9 X216.354 Y209.227 E106.90096
G0 F15000 X216.74 Y209.019
G1 F3577.9 X212.479 Y204.758 E107.00618
G0 F15000 X212.479 Y204.164
G1 F3577.9 X217.127 Y208.811 E107.12095
G0 F15000 X217.513 Y208.604
G1 F3577.9 X212.479 Y203.57 E107.24526
G0 F15000 X212.992 Y203.488
G1 F3577.9 X217.541 Y208.037 E107.35759
G0 F15000 X217.541 Y207.443
G1 F3577.9 X213.586 Y203.488 E107.45526
G0 F15000 X214.18 Y203.488
G1 F3577.9 X217.541 Y206.85 E107.53827
G0 F15000 X217.541 Y206.256
G1 F3577.9 X214.774 Y203.488 E107.60661
G0 F15000 X215.368 Y203.488
G1 F3577.9 X217.542 Y205.663 E107.66031
G0 F15000 X217.542 Y205.069
G1 F3577.9 X215.962 Y203.488 E107.69934
G0 F15000 X216.556 Y203.488
G1 F3577.9 X217.543 Y204.475 E107.72371
G0 F15000 X217.543 Y203.882
G1 F3577.9 X217.15 Y203.488 E107.73343
G1 F2700 E106.43343
G0 F15000 X212.225 Y214.97
G0 X212.286 Y216.398
G0 X212.203 Y217.492
G0 X212.27 Y221.246
G1 F2700 E107.73343
G1 F3577.9 X212.575 Y221.941 E107.74668
G1 X212.882 Y222.519 E107.75811
G1 X213.334 Y223.237 E107.77293
G1 X213.602 Y223.504 E107.77953
G1 X214.111 Y224.108 E107.79332
G1 X214.564 Y224.578 E107.80472
G1 X214.808 Y224.805 E107.81054
G1 X215.052 Y225.125 E107.81757
G1 X215.848 Y225.71 E107.83482
G1 X216.397 Y226.051 E107.8461
G1 X216.982 Y226.376 E107.85779
G1 X217.552 Y226.678 E107.86905
G1 X217.146 Y226.69 E107.87615
G1 X215.624 Y226.686 E107.90272
G1 X215.501 Y226.718 E107.90494
G1 X214.434 Y226.718 E107.92357
G1 X214.391 Y226.692 E107.92445
G1 X212.267 Y226.686 E107.96154
G1 X212.27 Y221.246 E108.05653
G0 F15000 X212.479 Y222.576
G1 F3577.9 X212.995 Y223.092 E108.06927
G0 F15000 X212.478 Y223.169
G1 F3577.9 X215.788 Y226.48 E108.15102
G0 F15000 X215.883 Y225.981
G1 F3577.9 X216.381 Y226.479 E108.16332
G0 F15000 X215.222 Y226.508
G1 F3577.9 X212.477 Y223.763 E108.23111
G0 F15000 X212.477 Y224.356
G1 F3577.9 X214.628 Y226.508 E108.28424
G0 F15000 X214.003 Y226.476
G1 F3577.9 X212.477 Y224.95 E108.32192
G0 F15000 X212.477 Y225.544
G1 F3577.9 X213.409 Y226.476 E108.34494
G0 F15000 X212.815 Y226.476
G1 F3577.9 X212.477 Y226.138 E108.35328
G0 F15000 X212.481 Y226.138
;MESH:NONMESH
G0 F600 X212.481 Y226.138 Z2.4
G0 F15000 X212.241 Y219.343
G0 X212.161 Y215.001
G0 X211.849 Y215
;TIME_ELAPSED:197.770809
;LAYER:21
;note -- min layer time used
M204 S1250
;TYPE:WALL-INNER
;MESH:lowerRightPad.stl
G1 F3606.6 X211.849 Y215.701 E108.36552
G1 F4061.1 X211.801 Y217.076 E108.38686
G1 F4733.7 X211.794 Y217.749 E108.39581
G1 X211.802 Y218.476 E108.40549
G1 F4050.2 X211.849 Y219.799 E108.42607
G1 F3606.6 X211.85 Y227.11 E108.55373
G1 X216.677 Y227.114 E108.63802
G1 X217.474 Y227.076 E108.65195
G1 X218.089 Y226.984 E108.66281
G1 X218.087 Y226.559 E108.67023
G1 X217.006 Y225.917 E108.69218
G1 X216.083 Y225.337 E108.71122
G1 X215.335 Y224.789 E108.72741
G1 X214.837 Y224.289 E108.73973
G1 X214.431 Y223.864 E108.75
G1 X214.055 Y223.42 E108.76016
G1 X213.677 Y222.952 E108.77066
G1 X213.301 Y222.364 E108.78285
G1 X212.955 Y221.711 E108.79575
G1 X212.68 Y221.083 E108.80772
G1 X212.472 Y220.483 E108.81881
G1 X212.277 Y219.759 E108.8319
G1 F3844.6 X212.185 Y219.136 E108.84222
G1 F4352.8 X212.128 Y218.458 E108.85206
G1 F4718.9 X212.107 Y217.77 E108.86125
G1 F4733.7 X212.125 Y217.082 E108.87041
G1 F4365.4 X212.186 Y216.354 E108.88095
G1 F3844.6 X212.277 Y215.741 E108.8911
G1 F3606.6 X212.473 Y215.006 E108.90438
G1 X212.698 Y214.371 E108.91614
G1 X212.974 Y213.745 E108.92809
G1 X213.3 Y213.133 E108.9402
G1 X213.672 Y212.549 E108.95229
G1 X214.053 Y212.074 E108.96292
G1 X214.437 Y211.625 E108.97324
G1 X215.338 Y210.706 E108.99571
G1 X216.137 Y210.127 E109.01294
G1 X216.628 Y209.809 E109.02316
G1 X217.209 Y209.456 E109.03503
G1 X218.086 Y208.941 E109.05279
G1 X218.086 Y202.914 E109.15803
G1 X217.822 Y202.878 E109.16268
G1 X211.846 Y202.878 E109.26703
G1 X211.849 Y215 E109.4787
M204 S2500
G0 F15000 X211.428 Y215
M204 S1250
;TYPE:WALL-OUTER
G1 F3606.6 X211.43 Y227.368 E109.69466
G1 X211.482 Y227.468 E109.69663
G1 X211.589 Y227.53 E109.69879
G1 X216.687 Y227.534 E109.78781
G1 X217.515 Y227.494 E109.80229
G1 X218.352 Y227.369 E109.81706
G1 X218.51 Y227.291 E109.82014
G1 X218.506 Y226.372 E109.83619
G1 X218.326 Y226.213 E109.84038
G1 X217.276 Y225.59 E109.8617
G1 X216.331 Y224.998 E109.88117
G1 X215.545 Y224.422 E109.89819
G1 X215.517 Y224.34 E109.8997
G1 X215.14 Y223.998 E109.90859
G1 X214.751 Y223.592 E109.91841
G1 X214.062 Y222.764 E109.93722
G1 X213.646 Y222.123 E109.95056
G1 X213.339 Y221.541 E109.96205
G1 X213.077 Y220.945 E109.97342
G1 X212.865 Y220.331 E109.98476
G1 X212.689 Y219.68 E109.99653
G1 X212.571 Y219.056 E110.00762
G1 X212.498 Y218.4 E110.01915
G1 X212.474 Y217.74 E110.03068
G1 X212.499 Y217.08 E110.04221
G1 X212.573 Y216.428 E110.05367
G1 X212.689 Y215.82 E110.06448
G1 X212.869 Y215.146 E110.07666
G1 X213.083 Y214.539 E110.0879
G1 X213.346 Y213.941 E110.09931
G1 X213.654 Y213.359 E110.11081
G1 X214.119 Y212.642 E110.12573
G1 X214.764 Y211.89 E110.14303
G1 X215.155 Y211.484 E110.15287
G1 X215.518 Y211.156 E110.16141
G1 X215.547 Y211.073 E110.16295
G1 X216.365 Y210.479 E110.1806
G1 X216.846 Y210.168 E110.1906
G1 X217.421 Y209.818 E110.20236
G1 X218.415 Y209.236 E110.22247
G1 X218.506 Y209.103 E110.22528
G1 X218.508 Y202.546 E110.33978
G1 X217.85 Y202.458 E110.35137
G1 X211.589 Y202.458 E110.4607
G1 X211.527 Y202.5 E110.46201
G1 X211.426 Y202.695 E110.46584
G1 X211.428 Y215 E110.68071
M204 S2500
G0 F15000 X211.428 Y215.2
G0 X212.139 Y215.2
G0 X212.245 Y214.227
;TYPE:SKIN
G1 F3606.6 X212.242 Y203.274 E110.87196
G1 X217.686 Y203.274 E110.96702
G1 X217.686 Y208.711 E111.06196
G1 X217.006 Y209.106 E111.07569
G1 X216.414 Y209.468 E111.08781
G1 X215.926 Y209.783 E111.09795
G1 X215.104 Y210.377 E111.11566
G1 X214.551 Y210.927 E111.12928
G1 X214.128 Y211.37 E111.13998
G1 X213.752 Y211.806 E111.15003
G1 X213.347 Y212.317 E111.16141
G1 X212.963 Y212.914 E111.17381
G1 X212.586 Y213.625 E111.18786
G1 X212.246 Y214.398 E111.20261
G1 X212.245 Y214.227 E111.20559
G0 F15000 X212.456 Y212.826
G1 F3606.6 X213.519 Y211.764 E111.23183
G1 X213.593 Y211.69
G0 F15000 X212.456 Y211.638
G1 F3606.6 X217.476 Y206.619 E111.35578
G0 F15000 X217.476 Y207.213
G1 F3606.6 X212.456 Y212.232 E111.47974
G1 X212.382 Y212.306
G0 F15000 X212.456 Y211.045
G1 F3606.6 X217.476 Y206.025 E111.6037
G0 F15000 X217.476 Y205.431
G1 F3606.6 X212.455 Y210.451 E111.72768
G0 F15000 X212.455 Y209.857
G1 F3606.6 X217.476 Y204.837 E111.85166
G0 F15000 X217.476 Y204.243
G1 F3606.6 X212.454 Y209.264 E111.97566
G0 F15000 X212.454 Y208.67
G1 F3606.6 X217.476 Y203.649 E112.09967
G0 F15000 X217.046 Y203.484
G1 F3606.6 X212.454 Y208.076 E112.21306
G0 F15000 X212.454 Y207.483
G1 F3606.6 X216.452 Y203.484 E112.3118
G0 F15000 X215.858 Y203.484
G1 F3606.6 X212.454 Y206.889 E112.39588
G0 F15000 X212.453 Y206.296
G1 F3606.6 X215.265 Y203.484 E112.46532
G0 F15000 X214.671 Y203.484
G1 F3606.6 X212.453 Y205.702 E112.52009
G0 F15000 X212.453 Y205.108
G1 F3606.6 X214.077 Y203.484 E112.56019
G0 F15000 X213.483 Y203.484
G1 F3606.6 X212.452 Y204.514 E112.58564
G0 F15000 X212.452 Y203.92
G1 F3606.6 X212.889 Y203.484 E112.59642
G0 F15000 X217.476 Y207.807
G1 F3606.6 X215.323 Y209.96 E112.64959
G1 X215.249 Y210.034
G0 F15000 X217.025 Y208.852
G1 F3606.6 X217.476 Y208.401 E112.66072
G1 F2700 E111.36072
G0 F15000 X214.011 Y212.358
G0 X212.778 Y213.676
G0 X212.264 Y214.982
G0 X212.326 Y216.404
G0 X212.243 Y217.494
G0 X212.246 Y221.101
G1 F2700 E112.66072
G1 F3606.6 X212.585 Y221.862 E112.67527
G1 X212.913 Y222.49 E112.68764
G1 X213.342 Y223.169 E112.70167
G1 X213.708 Y223.628 E112.71192
G1 X214.127 Y224.124 E112.72325
G1 X215.074 Y225.092 E112.7469
G1 X215.892 Y225.69 E112.76459
G1 X216.84 Y226.287 E112.78416
G1 X217.487 Y226.667 E112.79726
G1 X216.664 Y226.714 E112.81165
G1 X212.246 Y226.71 E112.8888
G1 X212.246 Y221.101 E112.98674
G0 F15000 X212.545 Y222.241
G1 F3606.6 X212.456 Y222.33 E112.98894
G0 F15000 X212.752 Y222.628
G1 F3606.6 X212.456 Y222.924 E112.99625
G0 F15000 X212.982 Y222.992
G1 F3606.6 X212.456 Y223.518 E113.00924
G0 F15000 X212.456 Y224.112
G1 F3606.6 X213.219 Y223.349 E113.02808
G0 F15000 X213.481 Y223.681
G1 F3606.6 X212.456 Y224.706 E113.05339
G0 F15000 X212.456 Y225.3
G1 F3606.6 X213.751 Y224.004 E113.08538
G0 F15000 X214.027 Y224.323
G1 F3606.6 X212.456 Y225.894 E113.12418
G0 F15000 X212.456 Y226.488
G1 F3606.6 X214.321 Y224.622 E113.17024
G0 F15000 X214.615 Y224.923
G1 F3606.6 X213.039 Y226.499 E113.20916
G0 F15000 X213.632 Y226.5
G1 F3606.6 X214.908 Y225.223 E113.24068
G0 F15000 X215.248 Y225.477
G1 F3606.6 X214.225 Y226.5 E113.26595
G0 F15000 X214.818 Y226.501
G1 F3606.6 X215.59 Y225.729 E113.28501
G0 F15000 X215.944 Y225.969
G1 F3606.6 X215.412 Y226.502 E113.29816
G0 F15000 X216.003 Y226.504
G1 F3606.6 X216.309 Y226.199 E113.30571
G0 F15000 X216.597 Y226.504
G1 F3606.6 X216.674 Y226.428 E113.30759
G1 F2700 E112.00759
;MESH:NONMESH
G0 F600 X216.674 Y226.428 Z2.5
G0 F15000 X214.012 Y223.143
G0 X212.778 Y221.824
G0 X212.264 Y220.519
G0 X212.325 Y219.097
G0 X212.139 Y215
G0 X211.839 Y215
;TIME_ELAPSED:205.593995
;LAYER:22
;note -- min layer time used
M204 S1250
;TYPE:WALL-INNER
;MESH:lowerRightPad.stl
G1 F2700 E113.30759
G1 F3483.1 X211.839 Y215.696 E113.31975
G1 F3849.8 X211.798 Y217.071 E113.34148
G1 F4380 X211.791 Y217.78 E113.35133
G1 F4353.9 X211.799 Y218.478 E113.36108
G1 F3829.6 X211.839 Y219.8 E113.38208
G1 F3483.1 X211.838 Y227.118 E113.50987
G1 X216.118 Y227.118 E113.5846
G1 X216.845 Y227.088 E113.59731
G1 X217.674 Y226.976 E113.61191
G1 X217.668 Y226.42 E113.62162
G1 X216.349 Y225.511 E113.64959
G1 X215.426 Y224.825 E113.66968
G1 X214.833 Y224.289 E113.68363
G1 X214.453 Y223.893 E113.69322
G1 X214.03 Y223.389 E113.70471
G1 X213.702 Y222.949 E113.71429
G1 X213.299 Y222.324 E113.72728
G1 X212.995 Y221.752 E113.73859
G1 X212.702 Y221.083 E113.75134
G1 X212.49 Y220.488 E113.76237
G1 X212.296 Y219.758 E113.77556
G1 F3639.1 X212.198 Y219.134 E113.78611
G1 F4019 X212.14 Y218.459 E113.79637
G1 F4353.9 X212.117 Y217.723 E113.80665
G1 F4366.9 X212.14 Y217.037 E113.81621
G1 F4030 X212.199 Y216.353 E113.82657
G1 F3639.1 X212.296 Y215.738 E113.83698
G1 F3483.1 X212.479 Y215.049 E113.84943
G1 X212.701 Y214.414 E113.86117
G1 X212.995 Y213.744 E113.87395
G1 X213.325 Y213.127 E113.88617
G1 X213.704 Y212.541 E113.89835
G1 X214.064 Y212.064 E113.90879
G1 X214.439 Y211.617 E113.91898
G1 X214.862 Y211.183 E113.92956
G1 X215.471 Y210.638 E113.94383
G1 X216.351 Y209.982 E113.963
G1 X217.666 Y209.085 E113.99079
G1 X217.677 Y202.946 E114.09799
G1 X216.809 Y202.886 E114.11318
G1 X211.839 Y202.88 E114.19997
G1 X211.839 Y215 E114.4116
M204 S2500
G0 F15000 X211.419 Y215
M204 S1250
;TYPE:WALL-OUTER
G1 F3483.1 X211.418 Y227.376 E114.6277
G1 X211.518 Y227.505 E114.63055
G1 X211.634 Y227.538 E114.63266
G1 X216.127 Y227.538 E114.71112
G1 X216.881 Y227.506 E114.72429
G1 X217.757 Y227.39 E114.73972
G1 X218.098 Y227.27 E114.74604
G1 X218.086 Y226.281 E114.76331
G1 X218.046 Y226.189 E114.76506
G1 X217.529 Y225.814 E114.77621
G1 X216.599 Y225.173 E114.79593
G1 X215.707 Y224.513 E114.81531
G1 X215.136 Y223.998 E114.82874
G1 X214.756 Y223.602 E114.83832
G1 X214.367 Y223.138 E114.84889
G1 X214.031 Y222.687 E114.85871
G1 X213.679 Y222.143 E114.87003
G1 X213.359 Y221.541 E114.88193
G1 X213.103 Y220.957 E114.89307
G1 X212.881 Y220.33 E114.90468
G1 X212.709 Y219.68 E114.91642
G1 X212.591 Y219.052 E114.92758
G1 X212.518 Y218.402 E114.939
G1 X212.49 Y217.739 E114.95059
G1 X212.519 Y217.08 E114.96211
G1 X212.593 Y216.428 E114.97356
G1 X212.709 Y215.816 E114.98444
G1 X212.89 Y215.141 E114.99664
G1 X213.103 Y214.539 E115.00779
G1 X213.366 Y213.941 E115.0192
G1 X213.679 Y213.354 E115.03082
G1 X214.04 Y212.793 E115.04247
G1 X214.386 Y212.333 E115.05252
G1 X214.741 Y211.909 E115.06217
G1 X215.143 Y211.495 E115.07225
G1 X215.707 Y210.987 E115.0855
G1 X216.609 Y210.314 E115.10516
G1 X217.874 Y209.452 E115.13188
G1 X218.086 Y209.22 E115.13737
G1 X218.097 Y202.656 E115.25199
G1 X217.614 Y202.521 E115.26075
G1 X216.824 Y202.466 E115.27458
G1 X211.648 Y202.459 E115.36496
G1 X211.514 Y202.542 E115.36771
G1 X211.419 Y202.715 E115.37116
G1 X211.419 Y215 E115.58567
M204 S2500
G0 F15000 X211.419 Y215.2
G0 X212.13 Y215.2
G0 X212.239 Y214.471
;TYPE:SKIN
G1 F3483.1 X212.238 Y203.279 E115.7811
G1 X216.784 Y203.283 E115.86048
G1 X217.277 Y203.317 E115.86911
G1 X217.266 Y208.872 E115.96611
G1 X216.109 Y209.662 E115.99057
G1 X215.215 Y210.327 E116.01003
G1 X214.595 Y210.883 E116.02457
G1 X214.15 Y211.336 E116.03566
G1 X213.73 Y211.837 E116.04707
G1 X213.347 Y212.35 E116.05825
G1 X212.942 Y212.985 E116.0714
G1 X212.642 Y213.553 E116.08262
G1 X212.239 Y214.471 E116.10013
G0 F15000 X212.595 Y213.189
G1 F3483.1 X212.452 Y213.046 E116.10366
G0 F15000 X212.807 Y212.807
G1 F3483.1 X212.452 Y212.452 E116.11243
G0 F15000 X213.039 Y212.445
G1 F3483.1 X212.452 Y211.858 E116.12692
G0 F15000 X212.452 Y211.264
G1 F3483.1 X213.279 Y212.091 E116.14734
G0 F15000 X213.533 Y211.751
G1 F3483.1 X212.451 Y210.669 E116.17406
G0 F15000 X212.451 Y210.075
G1 F3483.1 X213.802 Y211.426 E116.20742
G0 F15000 X214.079 Y211.11
G1 F3483.1 X212.451 Y209.481 E116.24764
G0 F15000 X212.45 Y208.886
G1 F3483.1 X214.374 Y210.81 E116.29515
G0 F15000 X214.682 Y210.524
G1 F3483.1 X212.45 Y208.292 E116.35027
G0 F15000 X212.45 Y207.698
G1 F3483.1 X214.995 Y210.243 E116.41312
G0 F15000 X215.327 Y209.981
G1 F3483.1 X212.45 Y207.104 E116.48416
G0 F15000 X212.45 Y206.51
G1 F3483.1 X215.668 Y209.728 E116.56363
G0 F15000 X216.009 Y209.475
G1 F3483.1 X212.449 Y205.915 E116.65154
G0 F15000 X212.449 Y205.321
G1 F3483.1 X216.362 Y209.234 E116.74817
G0 F15000 X216.715 Y208.993
G1 F3483.1 X212.448 Y204.727 E116.85353
G0 F15000 X212.448 Y204.133
G1 F3483.1 X217.056 Y208.741 E116.96732
G0 F15000 X217.057 Y208.147
G1 F3483.1 X212.448 Y203.539 E117.08112
G0 F15000 X212.993 Y203.49
G1 F3483.1 X217.058 Y207.555 E117.18151
G0 F15000 X217.06 Y206.962
G1 F3483.1 X213.588 Y203.49 E117.26725
G0 F15000 X214.182 Y203.49
G1 F3483.1 X217.061 Y206.369 E117.33834
G0 F15000 X217.062 Y205.777
G1 F3483.1 X214.777 Y203.491 E117.39478
G0 F15000 X215.371 Y203.492
G1 F3483.1 X217.063 Y205.184 E117.43656
G0 F15000 X217.064 Y204.591
G1 F3483.1 X215.965 Y203.492 E117.4637
G0 F15000 X216.56 Y203.493
G1 F3483.1 X217.066 Y203.998 E117.47619
G1 F2700 E116.17619
G0 F15000 X212.284 Y214.978
G0 X212.345 Y216.405
G0 X212.287 Y217.167
G0 X212.238 Y221.025
G1 F2700 E117.47619
G1 F3483.1 X212.595 Y221.848 E117.49185
G1 X212.942 Y222.506 E117.50484
G1 X213.339 Y223.13 E117.51775
G1 X213.712 Y223.627 E117.5286
G1 X214.159 Y224.161 E117.54076
G1 X214.543 Y224.565 E117.5505
G1 X215.166 Y225.129 E117.56517
G1 X216.106 Y225.829 E117.58564
G1 X217.253 Y226.626 E117.61003
G1 X216.808 Y226.685 E117.61786
G1 X216.111 Y226.718 E117.63005
G1 X212.235 Y226.718 E117.69773
G1 X212.238 Y221.025 E117.79714
G0 F15000 X212.446 Y222.543
G1 F3483.1 X213.213 Y223.311 E117.81609
G0 F15000 X212.446 Y223.137
G1 F3483.1 X215.817 Y226.508 E117.89934
G0 F15000 X216.397 Y226.494
G1 F3483.1 X215.66 Y225.758 E117.91752
G1 X215.586 Y225.684
G0 F15000 X215.223 Y226.508
G1 F3483.1 X212.445 Y223.731 E117.98611
G0 F15000 X212.445 Y224.325
G1 F3483.1 X214.629 Y226.508 E118.04003
G0 F15000 X214.035 Y226.508
G1 F3483.1 X212.445 Y224.919 E118.07928
G0 F15000 X212.445 Y225.513
G1 F3483.1 X213.441 Y226.508 E118.10387
G0 F15000 X212.847 Y226.508
G1 F3483.1 X212.445 Y226.107 E118.11378
G0 F15000 X212.45 Y226.107
;MESH:NONMESH
G0 F600 X212.45 Y226.107 Z2.6
G0 F15000 X212.13 Y215
G0 X211.839 Y215
;TIME_ELAPSED:213.099992
;LAYER:23
;note -- min layer time used
M204 S1250
;TYPE:WALL-INNER
;MESH:lowerRightPad.stl
G1 F3288.7 X211.839 Y215.648 E118.1251
G1 F3615.9 X211.799 Y217.084 E118.14791
G1 F4098.7 X211.793 Y217.797 E118.1579
G1 X211.799 Y218.41 E118.16649
G1 F3615.9 X211.838 Y219.78 E118.18826
G1 F3288.7 X211.839 Y227.117 E118.31637
G1 X215.946 Y227.118 E118.38809
G1 X216.547 Y227.07 E118.39862
G1 X217.086 Y226.981 E118.40816
G1 X217.086 Y226.163 E118.42244
G1 X216.074 Y225.358 E118.44502
G1 X215.436 Y224.83 E118.45948
G1 X214.92 Y224.369 E118.47156
G1 X214.433 Y223.869 E118.48375
G1 X214.032 Y223.394 E118.4946
G1 X213.673 Y222.905 E118.5052
G1 X213.31 Y222.335 E118.517
G1 X212.988 Y221.72 E118.52912
G1 X212.701 Y221.069 E118.54154
G1 X212.479 Y220.431 E118.55334
G1 X212.296 Y219.739 E118.56584
G1 F3427.4 X212.204 Y219.142 E118.57596
G1 F3784.3 X212.143 Y218.449 E118.58651
G1 F4098.7 X212.123 Y217.746 E118.59637
G1 F4086.6 X212.143 Y217.044 E118.60624
G1 F3794.7 X212.201 Y216.368 E118.6165
G1 F3436 X212.296 Y215.757 E118.62684
G1 F3288.7 X212.493 Y215.018 E118.64019
G1 X212.728 Y214.359 E118.65241
G1 X213.006 Y213.738 E118.66429
G1 X213.29 Y213.198 E118.67494
G1 X213.681 Y212.584 E118.68766
G1 X214.063 Y212.063 E118.69894
G1 X214.403 Y211.663 E118.7081
G1 X214.819 Y211.229 E118.7186
G1 X215.337 Y210.75 E118.73092
G1 X216.045 Y210.164 E118.74697
G1 X216.701 Y209.648 E118.76154
G1 X217.086 Y209.325 E118.77032
G1 X217.086 Y203.01 E118.88059
G1 X216.771 Y202.955 E118.88617
G1 X216.245 Y202.918 E118.89538
G1 X211.839 Y202.908 E118.97231
G1 X211.839 Y215 E119.18346
M204 S2500
G0 F15000 X211.419 Y215
M204 S1250
;TYPE:WALL-OUTER
G1 F3288.7 X211.418 Y227.377 E119.39958
G1 X211.543 Y227.538 E119.40314
G1 X215.963 Y227.538 E119.48032
G1 X216.598 Y227.487 E119.49144
G1 X217.204 Y227.387 E119.50217
G1 X217.506 Y227.282 E119.50775
G1 X217.506 Y226.048 E119.5293
G1 X217.235 Y225.745 E119.5364
G1 X216.342 Y225.034 E119.55633
G1 X215.716 Y224.517 E119.57051
G1 X215.221 Y224.075 E119.58209
G1 X214.723 Y223.564 E119.59455
G1 X214.37 Y223.145 E119.60412
G1 X214.027 Y222.678 E119.61424
G1 X213.682 Y222.139 E119.62541
G1 X213.372 Y221.55 E119.63704
G1 X213.097 Y220.93 E119.64888
G1 X212.889 Y220.338 E119.65984
G1 X212.709 Y219.663 E119.67203
G1 X212.599 Y219.061 E119.68272
G1 X212.522 Y218.389 E119.69453
G1 X212.498 Y217.76 E119.70552
G1 X212.523 Y217.088 E119.71726
G1 X212.597 Y216.441 E119.72864
G1 X212.709 Y215.833 E119.73943
G1 X212.889 Y215.158 E119.75163
G1 X213.112 Y214.53 E119.76327
G1 X213.378 Y213.934 E119.77466
G1 X213.671 Y213.378 E119.78564
G1 X214.042 Y212.799 E119.79764
G1 X214.383 Y212.335 E119.8077
G1 X214.723 Y211.935 E119.81687
G1 X215.105 Y211.537 E119.8265
G1 X215.605 Y211.074 E119.8384
G1 X216.364 Y210.447 E119.85559
G1 X216.961 Y209.978 E119.86885
G1 X217.47 Y209.551 E119.88045
G1 X217.506 Y209.454 E119.88225
G1 X217.506 Y202.658 E120.00092
G1 X216.822 Y202.537 E120.01305
G1 X216.26 Y202.498 E120.02289
G1 X211.664 Y202.487 E120.10314
G1 X211.512 Y202.581 E120.10626
G1 X211.419 Y202.76 E120.10979
G1 X211.419 Y215 E120.32352
M204 S2500
G0 F15000 X211.419 Y215.2
G0 X212.13 Y215.2
G0 X212.234 Y214.484
;TYPE:SKIN
G1 F3288.7 X212.238 Y203.307 E120.51868
G1 X216.22 Y203.314 E120.58822
G1 X216.686 Y203.348 E120.59637
G1 X216.686 Y209.149 E120.69767
G1 X215.798 Y209.846 E120.71738
G1 X215.021 Y210.494 E120.73505
G1 X214.545 Y210.933 E120.74635
G1 X214.112 Y211.386 E120.7573
G1 X213.755 Y211.806 E120.76692
G1 X213.343 Y212.362 E120.77901
G1 X212.982 Y212.931 E120.79077
G1 X212.646 Y213.556 E120.80316
G1 X212.234 Y214.484 E120.82089
G0 F15000 X212.446 Y213.43
G1 F3288.7 X212.508 Y213.368 E120.82242
G0 F15000 X212.446 Y212.836
G1 F3288.7 X213.541 Y211.741 E120.84946
G1 X213.615 Y211.667
G0 F15000 X212.447 Y211.648
G1 F3288.7 X216.476 Y207.619 E120.94896
G0 F15000 X216.476 Y208.213
G1 F3288.7 X212.447 Y212.242 E121.04845
G1 X212.373 Y212.316
G0 F15000 X212.447 Y211.054
G1 F3288.7 X216.476 Y207.025 E121.14794
G0 F15000 X216.476 Y206.431
G1 F3288.7 X212.447 Y210.46 E121.24744
G0 F15000 X212.447 Y209.866
G1 F3288.7 X216.476 Y205.837 E121.34693
G0 F15000 X216.476 Y205.243
G1 F3288.7 X212.447 Y209.271 E121.44641
G0 F15000 X212.447 Y208.677
G1 F3288.7 X216.476 Y204.649 E121.54589
G0 F15000 X216.476 Y204.055
G1 F3288.7 X212.447 Y208.083 E121.64538
G0 F15000 X212.447 Y207.489
G1 F3288.7 X216.412 Y203.524 E121.74329
G0 F15000 X215.819 Y203.524
G1 F3288.7 X212.447 Y206.895 E121.82655
G0 F15000 X212.448 Y206.301
G1 F3288.7 X215.226 Y203.522 E121.89516
G0 F15000 X214.634 Y203.521
G1 F3288.7 X212.448 Y205.707 E121.94914
G0 F15000 X212.448 Y205.113
G1 F3288.7 X214.041 Y203.52 E121.98848
G0 F15000 X213.448 Y203.519
G1 F3288.7 X212.448 Y204.519 E122.01317
G0 F15000 X212.448 Y203.925
G1 F3288.7 X212.855 Y203.518 E122.02322
G0 F15000 X216.476 Y208.807
G1 F3288.7 X215.264 Y210.018 E122.05314
G1 X215.19 Y210.092
G0 F15000 X212.808 Y213.672
G0 X212.289 Y214.984
G0 X212.35 Y216.418
G0 X212.293 Y217.184
G0 X212.234 Y221.002
G1 F3288.7 X212.611 Y221.865 E122.06959
G1 X212.95 Y222.507 E122.08226
G1 X213.346 Y223.137 E122.09526
G1 X213.706 Y223.625 E122.10585
G1 X214.09 Y224.087 E122.11634
G1 X214.637 Y224.647 E122.13001
G1 X215.17 Y225.132 E122.14259
G1 X216.686 Y226.358 E122.17663
G1 X216.686 Y226.658 E122.18187
G1 X215.943 Y226.718 E122.19489
G1 X212.238 Y226.717 E122.25958
G1 X212.234 Y221.002 E122.35938
G0 F15000 X212.563 Y222.222
G1 F3288.7 X212.446 Y222.34 E122.36228
G0 F15000 X212.769 Y222.611
G1 F3288.7 X212.446 Y222.934 E122.37025
G0 F15000 X212.997 Y222.977
G1 F3288.7 X212.447 Y223.527 E122.38384
G0 F15000 X212.447 Y224.121
G1 F3288.7 X213.232 Y223.336 E122.40322
G0 F15000 X213.483 Y223.678
G1 F3288.7 X212.447 Y224.714 E122.4288
G0 F15000 X212.447 Y225.308
G1 F3288.7 X213.75 Y224.006 E122.46097
G0 F15000 X214.026 Y224.324
G1 F3288.7 X212.448 Y225.902 E122.49994
G0 F15000 X212.448 Y226.495
G1 F3288.7 X214.32 Y224.624 E122.54615
G0 F15000 X214.621 Y224.917
G1 F3288.7 X213.03 Y226.508 E122.58544
G0 F15000 X213.624 Y226.508
G1 F3288.7 X214.932 Y225.199 E122.61775
G0 F15000 X215.255 Y225.471
G1 F3288.7 X214.217 Y226.508 E122.64337
G0 F15000 X214.811 Y226.508
G1 F3288.7 X215.583 Y225.737 E122.66243
G0 F15000 X215.91 Y226.003
G1 F3288.7 X215.405 Y226.508 E122.6749
G0 F15000 X216.005 Y226.503
G1 F3288.7 X216.238 Y226.269 E122.68066
G1 F2700 E121.38066
;MESH:NONMESH
G0 F600 X216.238 Y226.269 Z2.7
G0 F15000 X213.149 Y222.468
G0 X212.519 Y221.17
G0 X212.102 Y219.822
G0 X212.313 Y218.668
G0 X212.13 Y215
G0 X211.839 Y215
;TIME_ELAPSED:220.598957
;LAYER:24
;note -- min layer time used
M204 S1250
;TYPE:WALL-INNER
;MESH:lowerRightPad.stl
G1 F2700 E122.68066
G1 F3130.7 X211.839 Y215.685 E122.69262
G1 F3442.2 X211.799 Y217.099 E122.71509
G1 F3901.8 X211.793 Y217.777 E122.72459
G1 F3890.3 X211.8 Y218.453 E122.73409
G1 F3442.2 X211.839 Y219.814 E122.75571
G1 F3130.7 X211.839 Y227.117 E122.88324
G1 X215.312 Y227.117 E122.94388
G1 X215.919 Y227.088 E122.95449
G1 X216.54 Y226.979 E122.9655
G1 X216.535 Y225.881 E122.98467
G1 X216.161 Y225.518 E122.99377
G1 X214.936 Y224.388 E123.02288
G1 X214.178 Y223.589 E123.04211
G1 X213.675 Y222.909 E123.05688
G1 X213.336 Y222.37 E123.06799
G1 X212.983 Y221.707 E123.08111
G1 X212.735 Y221.148 E123.09179
G1 X212.49 Y220.464 E123.10448
G1 X212.304 Y219.77 E123.11702
G1 F3262.8 X212.204 Y219.15 E123.12754
G1 F3592.6 X212.143 Y218.434 E123.13848
G1 F3890.3 X212.123 Y217.725 E123.14844
G1 X212.143 Y217.062 E123.15777
G1 F3592.6 X212.205 Y216.336 E123.16885
G1 F3254.7 X212.304 Y215.729 E123.17918
G1 F3130.7 X212.493 Y215.026 E123.19189
G1 X212.73 Y214.36 E123.20424
G1 X212.999 Y213.748 E123.21591
G1 X213.308 Y213.17 E123.22736
G1 X213.701 Y212.553 E123.24013
G1 X214.029 Y212.109 E123.24977
G1 X214.496 Y211.552 E123.26246
G1 X215.071 Y210.981 E123.27661
G1 X216.003 Y210.119 E123.29878
G1 X216.168 Y209.976 E123.30259
G1 X216.534 Y209.616 E123.31156
G1 X216.54 Y203.042 E123.42635
G1 X215.921 Y202.943 E123.43729
G1 X211.839 Y202.94 E123.50857
G1 X211.839 Y215 E123.71916
M204 S2500
G0 F15000 X211.419 Y215
M204 S1250
;TYPE:WALL-OUTER
G1 F3130.7 X211.418 Y227.376 E123.93526
G1 X211.544 Y227.538 E123.93885
G1 X215.332 Y227.537 E124.00499
G1 X216.232 Y227.492 E124.02073
G1 X216.962 Y227.303 E124.03389
G1 X216.954 Y225.78 E124.06049
G1 X216.908 Y225.658 E124.06277
G1 X216.446 Y225.209 E124.07401
G1 X215.24 Y224.098 E124.10265
G1 X214.515 Y223.338 E124.12099
G1 X214.03 Y222.685 E124.13519
G1 X213.706 Y222.172 E124.14579
G1 X213.367 Y221.537 E124.15836
G1 X213.119 Y220.978 E124.16903
G1 X212.881 Y220.307 E124.18147
G1 X212.717 Y219.692 E124.19258
G1 X212.599 Y219.068 E124.20367
G1 X212.522 Y218.376 E124.21583
G1 X212.498 Y217.739 E124.22696
G1 X212.523 Y217.104 E124.23805
G1 X212.601 Y216.412 E124.25021
G1 X212.717 Y215.808 E124.26095
G1 X212.889 Y215.166 E124.27256
G1 X213.115 Y214.528 E124.28438
G1 X213.37 Y213.945 E124.29549
G1 X213.662 Y213.395 E124.30636
G1 X214.03 Y212.815 E124.31836
G1 X214.374 Y212.349 E124.32847
G1 X214.778 Y211.865 E124.33948
G1 X215.357 Y211.289 E124.35374
G1 X216.278 Y210.437 E124.37565
G1 X216.453 Y210.285 E124.3797
G1 X216.92 Y209.826 E124.39113
G1 X216.954 Y209.722 E124.39304
G1 X216.961 Y202.743 E124.51491
G1 X216.762 Y202.652 E124.51873
G1 X215.955 Y202.523 E124.533
G1 X211.667 Y202.519 E124.60787
G1 X211.515 Y202.61 E124.61097
G1 X211.419 Y202.793 E124.61457
G1 X211.419 Y215 E124.82773
M204 S2500
G0 F15000 X211.419 Y215.2
G0 X212.13 Y215.2
G0 X212.237 Y221.006
;TYPE:SKIN
G1 F3130.7 X212.607 Y221.852 E124.84385
G1 X213.006 Y222.603 E124.8587
G1 X213.371 Y223.174 E124.87053
G1 X213.859 Y223.83 E124.88481
G1 X214.643 Y224.661 E124.90476
G1 X216.134 Y226.037 E124.94019
G1 X216.137 Y226.675 E124.95133
G1 X215.286 Y226.718 E124.96621
G1 X212.239 Y226.717 E125.01941
G1 X212.237 Y221.006 E125.11914
G0 F15000 X212.239 Y214.475
G1 F3130.7 X212.238 Y203.339 E125.31359
G1 X215.887 Y203.343 E125.37731
G1 X216.137 Y203.384 E125.38173
G1 X216.134 Y209.444 E125.48755
G1 X214.869 Y210.613 E125.51762
G1 X214.163 Y211.319 E125.53506
G1 X213.75 Y211.813 E125.5463
G1 X213.375 Y212.318 E125.55728
G1 X212.97 Y212.955 E125.57046
G1 X212.642 Y213.564 E125.58254
G1 X212.239 Y214.475 E125.59994
G0 F15000 X215.927 Y204.048
G1 F3130.7 X215.432 Y203.553 E125.61216
G0 F15000 X214.837 Y203.552
G1 F3130.7 X215.927 Y204.642 E125.63908
G0 F15000 X215.926 Y205.235
G1 F3130.7 X214.243 Y203.551 E125.68065
G0 F15000 X213.648 Y203.551
G1 F3130.7 X215.926 Y205.829 E125.7369
G0 F15000 X215.926 Y206.423
G1 F3130.7 X213.053 Y203.55 E125.80785
G0 F15000 X212.459 Y203.549
G1 F3130.7 X215.926 Y207.016 E125.89347
G0 F15000 X215.926 Y207.61
G1 F3130.7 X212.448 Y204.133 E125.97934
G0 F15000 X212.448 Y204.727
G1 F3130.7 X215.925 Y208.203 E126.06519
G0 F15000 X215.925 Y208.797
G1 F3130.7 X212.448 Y205.32 E126.15105
G0 F15000 X212.448 Y205.914
G1 F3130.7 X215.904 Y209.37 E126.2364
G0 F15000 X215.595 Y209.656
G1 F3130.7 X212.448 Y206.508 E126.31412
G0 F15000 X212.448 Y207.102
G1 F3130.7 X215.286 Y209.941 E126.38422
G0 F15000 X214.977 Y210.226
G1 F3130.7 X212.448 Y207.696 E126.44668
G0 F15000 X212.448 Y208.29
G1 F3130.7 X214.672 Y210.514 E126.5016
G0 F15000 X214.375 Y210.811
G1 F3130.7 X212.448 Y208.884 E126.54919
G0 F15000 X212.448 Y209.478
G1 F3130.7 X214.078 Y211.108 E126.58944
G0 F15000 X213.802 Y211.426
G1 F3130.7 X212.448 Y210.072 E126.62288
G0 F15000 X212.448 Y210.666
G1 F3130.7 X213.534 Y211.752 E126.6497
G0 F15000 X213.281 Y212.093
G1 F3130.7 X212.448 Y211.26 E126.67027
G0 F15000 X212.448 Y211.854
G1 F3130.7 X213.043 Y212.45 E126.68497
G0 F15000 X212.813 Y212.813
G1 F3130.7 X212.448 Y212.448 E126.69399
G0 F15000 X212.448 Y213.042
G1 F3130.7 X212.603 Y213.197 E126.69781
G0 F15000 X212.25 Y217.75
G0 X212.447 Y222.544
G1 F3130.7 X213.203 Y223.3 E126.71648
G0 F15000 X212.447 Y223.138
G1 F3130.7 X215.786 Y226.478 E126.79895
G0 F15000 X215.222 Y226.508
G1 F3130.7 X212.447 Y223.733 E126.86748
G0 F15000 X212.447 Y224.327
G1 F3130.7 X214.628 Y226.508 E126.92133
G0 F15000 X214.034 Y226.508
G1 F3130.7 X212.447 Y224.921 E126.96052
G0 F15000 X212.448 Y225.515
G1 F3130.7 X213.44 Y226.508 E126.98503
G0 F15000 X212.846 Y226.508
G1 F3130.7 X212.448 Y226.109 E126.99487
G0 F15000 X212.45 Y226.109
;MESH:NONMESH
G0 F600 X212.45 Y226.109 Z2.8
G0 F15000 X212.13 Y215
G0 X211.839 Y215
;TIME_ELAPSED:227.853536
;LAYER:25
;note -- min layer time used
M204 S1250
;TYPE:WALL-INNER
;MESH:lowerRightPad.stl
G1 F2953.9 X211.839 Y215.69 E127.00692
G1 F3247.7 X211.799 Y217.11 E127.02948
G1 F3692.3 X211.793 Y217.773 E127.03875
G1 F3681.4 X211.799 Y218.443 E127.04813
G1 F3247.7 X211.839 Y219.872 E127.07084
G1 F2953.9 X211.838 Y227.118 E127.19736
G1 X215.147 Y227.118 E127.25514
G1 X215.793 Y227.058 E127.26647
G1 X216.028 Y226.99 E127.27074
G1 X216.023 Y225.544 E127.29599
G1 X214.611 Y224.061 E127.33175
G1 X214.043 Y223.405 E127.3469
G1 X213.68 Y222.915 E127.35755
G1 X213.353 Y222.4 E127.3682
G1 X212.979 Y221.703 E127.38201
G1 X212.717 Y221.106 E127.3934
G1 X212.485 Y220.445 E127.40563
G1 X212.305 Y219.77 E127.41783
G1 F3078.5 X212.204 Y219.162 E127.42816
G1 F3399 X212.14 Y218.424 E127.4394
G1 F3670.5 X212.123 Y217.724 E127.44924
G1 X212.143 Y217.072 E127.4584
G1 F3380.4 X212.208 Y216.325 E127.46984
G1 F3070.8 X212.304 Y215.734 E127.4799
G1 F2953.9 X212.489 Y215.043 E127.49239
G1 X212.734 Y214.346 E127.50529
G1 X212.996 Y213.754 E127.5166
G1 X213.294 Y213.2 E127.52758
G1 X213.822 Y212.36 E127.54491
G1 X214.659 Y211.377 E127.56745
G1 X216.022 Y209.97 E127.60166
G1 X216.029 Y203.072 E127.72211
G1 X215.887 Y203.022 E127.72473
G1 X215.309 Y202.975 E127.73486
G1 X211.839 Y202.968 E127.79545
G1 X211.839 Y215 E128.00555
M204 S2500
G0 F15000 X211.418 Y215
M204 S1250
;TYPE:WALL-OUTER
G1 F2953.9 X211.418 Y227.376 E128.22165
G1 X211.544 Y227.538 E128.22524
G1 X215.166 Y227.538 E128.28848
G1 X215.872 Y227.472 E128.30087
G1 X216.45 Y227.303 E128.31138
G1 X216.442 Y225.486 E128.34311
G1 X216.207 Y225.128 E128.35059
G1 X214.929 Y223.786 E128.38295
G1 X214.351 Y223.117 E128.39838
G1 X214.034 Y222.689 E128.40768
G1 X213.723 Y222.2 E128.4178
G1 X213.363 Y221.533 E128.43104
G1 X213.113 Y220.966 E128.44186
G1 X212.881 Y220.306 E128.45407
G1 X212.717 Y219.689 E128.46522
G1 X212.599 Y219.08 E128.47605
G1 X212.518 Y218.363 E128.48865
G1 X212.498 Y217.739 E128.49956
G1 X212.523 Y217.116 E128.51044
G1 X212.605 Y216.4 E128.52303
G1 X212.717 Y215.812 E128.53348
G1 X212.885 Y215.182 E128.54486
G1 X213.119 Y214.515 E128.55721
G1 X213.366 Y213.952 E128.56794
G1 X213.642 Y213.436 E128.57816
G1 X214.196 Y212.559 E128.59627
G1 X214.961 Y211.669 E128.61677
G1 X215.989 Y210.609 E128.64255
G1 X216.407 Y210.136 E128.65357
G1 X216.442 Y210.014 E128.65579
G1 X216.449 Y202.776 E128.78218
G1 X215.975 Y202.608 E128.79096
G1 X215.327 Y202.555 E128.80231
G1 X211.671 Y202.547 E128.86615
G1 X211.514 Y202.642 E128.86935
G1 X211.418 Y202.821 E128.8729
G1 X211.418 Y215 E129.08557
M204 S2500
G0 F15000 X211.418 Y215.2
G0 X212.13 Y215.2
G0 X212.238 Y214.486
;TYPE:SKIN
G1 F2953.9 X212.238 Y203.367 E129.27972
G1 X215.302 Y203.374 E129.33322
G1 X215.625 Y203.402 E129.33888
G1 X215.622 Y209.81 E129.45078
G1 X214.365 Y211.105 E129.48229
G1 X213.528 Y212.074 E129.50465
G1 X212.917 Y213.044 E129.52467
G1 X212.649 Y213.554 E129.53473
G1 X212.238 Y214.486 E129.55251
G0 F15000 X212.45 Y213.426
G1 F2953.9 X212.511 Y213.365 E129.55402
G0 F15000 X212.45 Y212.832
G1 F2953.9 X213.522 Y211.76 E129.58049
G1 X213.596 Y211.686
G0 F15000 X212.45 Y211.645
G1 F2953.9 X215.412 Y208.682 E129.65365
G0 F15000 X215.412 Y209.276
G1 F2953.9 X212.45 Y212.239 E129.72681
G1 X212.376 Y212.313
G0 F15000 X212.45 Y211.051
G1 F2953.9 X215.413 Y208.087 E129.79999
G0 F15000 X215.413 Y207.493
G1 F2953.9 X212.45 Y210.457 E129.87317
G0 F15000 X212.45 Y209.863
G1 F2953.9 X215.413 Y206.899 E129.94635
G0 F15000 X215.414 Y206.305
G1 F2953.9 X212.45 Y209.269 E130.01955
G0 F15000 X212.45 Y208.675
G1 F2953.9 X215.414 Y205.711 E130.09274
G0 F15000 X215.414 Y205.116
G1 F2953.9 X212.45 Y208.081 E130.16595
G0 F15000 X212.449 Y207.488
G1 F2953.9 X215.414 Y204.522 E130.23918
G0 F15000 X215.414 Y203.928
G1 F2953.9 X212.449 Y206.894 E130.31241
G0 F15000 X212.449 Y206.3
G1 F2953.9 X215.166 Y203.583 E130.37951
G0 F15000 X214.573 Y203.582
G1 F2953.9 X212.449 Y205.706 E130.43196
G0 F15000 X212.449 Y205.112
G1 F2953.9 X213.98 Y203.581 E130.46976
G0 F15000 X213.387 Y203.58
G1 F2953.9 X212.449 Y204.518 E130.49293
G0 F15000 X212.449 Y203.924
G1 F2953.9 X212.795 Y203.578 E130.50147
G1 F2700 E129.20147
G0 F15000 X212.305 Y216.333
G0 X212.237 Y221.003
G1 F2700 E130.50147
G1 F2953.9 X212.61 Y221.86 E130.51779
G1 X212.998 Y222.584 E130.53213
G1 X213.342 Y223.125 E130.54333
G1 X213.704 Y223.622 E130.55407
G1 X214.337 Y224.354 E130.57096
G1 X215.622 Y225.701 E130.60347
G1 X215.625 Y226.672 E130.62043
G1 X215.134 Y226.718 E130.62904
G1 X212.235 Y226.718 E130.67966
G1 X212.237 Y221.003 E130.77945
G0 F15000 X212.565 Y222.221
G1 F2953.9 X212.448 Y222.338 E130.78234
G0 F15000 X212.772 Y222.608
G1 F2953.9 X212.448 Y222.932 E130.79034
G0 F15000 X212.998 Y222.976
G1 F2953.9 X212.447 Y223.526 E130.80394
G0 F15000 X212.447 Y224.12
G1 F2953.9 X213.234 Y223.334 E130.82336
G0 F15000 X213.484 Y223.678
G1 F2953.9 X212.447 Y224.715 E130.84897
G0 F15000 X212.447 Y225.309
G1 F2953.9 X213.755 Y224.001 E130.88127
G0 F15000 X214.03 Y224.32
G1 F2953.9 X212.446 Y225.904 E130.92038
G0 F15000 X212.446 Y226.498
G1 F2953.9 X214.312 Y224.632 E130.96646
G0 F15000 X214.602 Y224.936
G1 F2953.9 X213.029 Y226.508 E131.00529
G0 F15000 X213.623 Y226.508
G1 F2953.9 X214.892 Y225.24 E131.03662
G0 F15000 X215.182 Y225.544
G1 F2953.9 X214.217 Y226.508 E131.06044
G0 F15000 X214.811 Y226.508
G1 F2953.9 X215.412 Y225.908 E131.07527
G1 X215.486 Y225.834
G0 F15000 X215.415 Y225.834
G1 F2700 E129.77527
;MESH:NONMESH
G0 F600 X215.415 Y225.834 Z2.9
G0 F15000 X212.801 Y221.816
G0 X212.277 Y220.48
G0 X212.356 Y219.125
G0 X212.27 Y218.011
G0 X212.284 Y203.445
;TIME_ELAPSED:235.096689
;LAYER:26
;note -- min layer time used
;TYPE:FILL
;MESH:lowerRightPad.stl
G1 F2700 E131.07527
G1 F2701.8 X212.284 Y204.421 E131.09434
G1 X212.585 Y204.12 E131.10265
G1 X212.586 Y205.939 E131.1382
G1 X212.283 Y205.637 E131.14656
G1 X212.283 Y212.283 E131.27642
G1 X212.586 Y212.586 E131.2848
G1 X212.585 Y210.767 E131.32034
G1 X212.283 Y211.069 E131.32869
G1 X212.209 Y211.143
G0 F15000 X212.284 Y221.233
G1 F2701.8 X212.283 Y225.577 E131.41357
G1 X212.586 Y225.88 E131.42194
G1 X212.585 Y224.061 E131.45749
G1 X212.284 Y224.361 E131.46579
G1 X212.21 Y224.435
G0 F15000 X212.13 Y215
G0 X211.838 Y215
M204 S1250
;TYPE:WALL-INNER
G1 F2701.8 X211.838 Y215.687 E131.47779
G1 F2986.2 X211.798 Y217.127 E131.50054
G1 F3337.5 X211.798 Y218.369 E131.5181
G1 F2986.2 X211.839 Y219.814 E131.54094
G1 F2701.8 X211.838 Y227.118 E131.66848
G1 X214.796 Y227.118 E131.72013
G1 X215.557 Y227.006 E131.73356
G1 X215.551 Y225.254 E131.76415
G1 X215.236 Y224.818 E131.77355
G1 X214.28 Y223.7 E131.79923
G1 X213.694 Y222.934 E131.81607
G1 X213.302 Y222.322 E131.82876
G1 X212.975 Y221.698 E131.84107
G1 X212.739 Y221.163 E131.85128
G1 X212.462 Y220.376 E131.86584
G1 X212.304 Y219.77 E131.87678
G1 F2808.8 X212.207 Y219.17 E131.88699
G1 F3108.9 X212.14 Y218.413 E131.89852
G1 F3377.2 X212.123 Y217.728 E131.90809
G1 X212.14 Y217.083 E131.91711
G1 F3100.4 X212.209 Y216.311 E131.9289
G1 F2808.8 X212.305 Y215.731 E131.93877
G1 F2701.8 X212.482 Y215.057 E131.95094
G1 X212.739 Y214.337 E131.96429
G1 X212.997 Y213.755 E131.97541
G1 X213.33 Y213.126 E131.98784
G1 X213.862 Y212.309 E132.00486
G1 X214.64 Y211.372 E132.02613
G1 X214.776 Y211.225 E132.02962
G1 X215.55 Y210.315 E132.05048
G1 X215.553 Y203.08 E132.17682
G1 X215.428 Y203.038 E132.17912
G1 X214.699 Y203.002 E132.19187
G1 X211.839 Y203 E132.24181
G1 X211.838 Y215 E132.45134
M204 S2500
G0 F15000 X211.418 Y215
M204 S1250
;TYPE:WALL-OUTER
G1 F2701.8 X211.418 Y227.376 E132.66745
G1 X211.544 Y227.538 E132.67103
G1 X214.817 Y227.538 E132.72818
G1 X215.315 Y227.488 E132.73692
G1 X215.755 Y227.392 E132.74479
G1 X215.978 Y227.287 E132.74909
G1 X215.97 Y225.117 E132.78698
G1 X215.566 Y224.558 E132.79903
G1 X214.613 Y223.444 E132.82463
G1 X214.047 Y222.706 E132.84087
G1 X213.683 Y222.142 E132.85259
G1 X213.359 Y221.529 E132.86469
G1 X213.123 Y220.993 E132.87492
G1 X212.868 Y220.27 E132.88831
G1 X212.717 Y219.692 E132.89874
G1 X212.603 Y219.089 E132.90945
G1 X212.519 Y218.369 E132.92211
G1 X212.498 Y217.741 E132.93308
G1 X212.519 Y217.127 E132.94381
G1 X212.605 Y216.388 E132.9568
G1 X212.72 Y215.799 E132.96728
G1 X212.872 Y215.215 E132.97782
G1 X213.123 Y214.507 E132.99094
G1 X213.369 Y213.95 E133.00157
G1 X213.683 Y213.354 E133.01333
G1 X214.186 Y212.577 E133.02949
G1 X214.949 Y211.657 E133.05037
G1 X215.09 Y211.504 E133.054
G1 X215.804 Y210.665 E133.07324
G1 X215.97 Y210.336 E133.07967
G1 X215.969 Y202.782 E133.21157
G1 X215.505 Y202.621 E133.22015
G1 X214.73 Y202.582 E133.2337
G1 X211.656 Y202.579 E133.28738
G1 X211.456 Y202.744 E133.2919
G1 X211.418 Y202.834 E133.29361
G1 X211.418 Y215 E133.50605
M204 S2500
G0 F15000 X211.418 Y215.2
G0 X212.13 Y215.2
G0 X213.006 Y212.722
;TYPE:SKIN
G1 F2701.8 X213.01 Y203.398 E133.66886
G1 X215.153 Y203.399 E133.70628
G1 X215.15 Y210.166 E133.82444
G1 X214.501 Y210.928 E133.84192
G1 X214.349 Y211.093 E133.84584
G1 X213.55 Y212.057 E133.8677
G1 X213.097 Y212.749 E133.88214
G1 X213.006 Y212.722 E133.8838
G0 F15000 X213.278 Y212.09
G1 F2701.8 X213.217 Y212.029 E133.88531
G0 F15000 X213.532 Y211.75
G1 F2701.8 X213.217 Y211.435 E133.89309
G0 F15000 X213.802 Y211.426
G1 F2701.8 X213.217 Y210.841 E133.90753
G0 F15000 X213.217 Y210.247
G1 F2701.8 X214.071 Y211.101 E133.92862
G0 F15000 X214.348 Y210.784
G1 F2701.8 X213.217 Y209.654 E133.95654
G0 F15000 X213.217 Y209.06
G1 F2701.8 X214.621 Y210.463 E133.9912
G0 F15000 X214.895 Y210.143
G1 F2701.8 X213.217 Y208.466 E134.03262
G0 F15000 X213.218 Y207.872
G1 F2701.8 X214.941 Y209.595 E134.07517
G0 F15000 X214.941 Y209.001
G1 F2701.8 X213.218 Y207.278 E134.11772
G0 F15000 X213.218 Y206.684
G1 F2701.8 X214.941 Y208.408 E134.16028
G0 F15000 X214.941 Y207.814
G1 F2701.8 X213.219 Y206.091 E134.20282
G0 F15000 X213.219 Y205.497
G1 F2701.8 X214.941 Y207.22 E134.24535
G0 F15000 X214.942 Y206.627
G1 F2701.8 X213.22 Y204.904 E134.28789
G0 F15000 X213.22 Y204.31
G1 F2701.8 X214.942 Y206.033 E134.33042
G0 F15000 X214.942 Y205.439
G1 F2701.8 X213.22 Y203.716 E134.37296
G0 F15000 X213.706 Y203.609
G1 F2701.8 X214.943 Y204.845 E134.40349
G0 F15000 X214.943 Y204.251
G1 F2701.8 X214.301 Y203.609 E134.41935
G1 X214.227 Y203.535
G1 F2700 E133.11935
G0 F15000 X212.273 Y217.121
G0 X212.272 Y218.378
G0 X213.006 Y222.771
G1 F2700 E134.41935
G1 F2701.8 X213.096 Y222.74 E134.42101
G1 X213.401 Y223.213 E134.43084
G1 X213.985 Y223.969 E134.44752
G1 X214.91 Y225.054 E134.47241
G1 X215.15 Y225.385 E134.47955
G1 X215.153 Y226.667 E134.50194
G1 X214.766 Y226.718 E134.50876
G1 X213.01 Y226.718 E134.53942
G1 X213.006 Y222.771 E134.60834
G0 F15000 X213.217 Y223.908
G1 F2701.8 X214.941 Y225.632 E134.65091
G0 F15000 X214.942 Y226.228
G1 F2701.8 X213.217 Y224.503 E134.69351
G0 F15000 X213.218 Y225.098
G1 F2701.8 X214.629 Y226.508 E134.72834
G0 F15000 X214.035 Y226.508
G1 F2701.8 X213.219 Y225.692 E134.74849
G0 F15000 X213.22 Y226.287
G1 F2701.8 X213.441 Y226.508 E134.75395
G1 F2700 E133.45395
;MESH:NONMESH
G0 F600 X213.441 Y226.508 Z3
G0 F15000 X212.272 Y218.378
G0 X212.371 Y203.476
;TIME_ELAPSED:242.310269
;LAYER:27
;note -- min layer time used
;TYPE:FILL
;MESH:lowerRightPad.stl
G1 F2700 E134.75395
G1 F2610.2 X212.284 Y203.476 E134.75565
G1 X212.284 Y204.421 E134.77412
G1 X212.37 Y204.335 E134.77649
G1 X212.37 Y205.723 E134.80361
G1 X212.283 Y205.637 E134.806
G1 X212.283 Y212.283 E134.93587
G1 X212.363 Y212.363 E134.93808
G1 X212.364 Y210.988 E134.96495
G1 X212.283 Y211.069 E134.96719
G1 X212.21 Y211.142
G0 F15000 X212.283 Y221.213
G1 F2610.2 X212.283 Y225.577 E135.05246
G1 X212.37 Y225.663 E135.05485
G1 X212.367 Y224.279 E135.08189
G1 X212.283 Y224.362 E135.0842
G1 X212.209 Y224.435
G0 F15000 X212.13 Y215
G0 X211.838 Y215
M204 S1250
;TYPE:WALL-INNER
G1 F2610.2 X211.838 Y215.691 E135.09627
G1 F2885 X211.798 Y217.134 E135.11907
G1 F3205.5 X211.799 Y218.417 E135.13732
G1 F2869.9 X211.838 Y219.816 E135.15954
G1 F2610.2 X211.838 Y227.118 E135.28705
G1 X214.47 Y227.118 E135.33301
G1 X215.132 Y227.014 E135.34471
G1 X215.123 Y224.909 E135.38147
G1 X214.826 Y224.436 E135.39122
G1 X213.783 Y223.075 E135.42116
G1 X213.296 Y222.318 E135.43688
G1 X212.988 Y221.722 E135.44859
G1 X212.721 Y221.118 E135.46012
G1 X212.473 Y220.414 E135.47316
G1 X212.305 Y219.771 E135.48476
G1 F2713.6 X212.207 Y219.186 E135.49472
G1 F2995.3 X212.14 Y218.398 E135.50676
G1 F3253.1 X212.123 Y217.727 E135.51616
G1 F3262.8 X212.14 Y217.097 E135.52497
G1 F3045.2 X212.188 Y216.492 E135.53405
G1 F2747.6 X212.315 Y215.68 E135.54768
G1 F2610.2 X212.476 Y215.085 E135.55845
G1 X212.74 Y214.33 E135.57241
G1 X212.976 Y213.803 E135.5825
G1 X213.331 Y213.124 E135.59587
G1 X213.811 Y212.389 E135.6112
G1 X215.014 Y210.817 E135.64577
G1 X215.122 Y210.56 E135.65064
G1 X215.133 Y203.11 E135.78072
G1 X214.551 Y203.031 E135.79098
G1 X211.839 Y203.031 E135.83834
G1 X211.838 Y215 E136.04733
M204 S2500
G0 F15000 X211.418 Y215
M204 S1250
;TYPE:WALL-OUTER
G1 F2610.2 X211.418 Y227.376 E136.26344
G1 X211.544 Y227.538 E136.26702
G1 X214.492 Y227.538 E136.3185
G1 X214.956 Y227.488 E136.32665
G1 X215.349 Y227.394 E136.3337
G1 X215.554 Y227.284 E136.33777
G1 X215.542 Y224.787 E136.38137
G1 X215.171 Y224.196 E136.39355
G1 X214.135 Y222.847 E136.42325
G1 X213.679 Y222.143 E136.4379
G1 X213.361 Y221.529 E136.44997
G1 X213.117 Y220.978 E136.4605
G1 X212.864 Y220.257 E136.47384
G1 X212.717 Y219.689 E136.48408
G1 X212.603 Y219.104 E136.49449
G1 X212.518 Y218.34 E136.50791
G1 X212.498 Y217.74 E136.5184
G1 X212.519 Y217.137 E136.52893
G1 X212.581 Y216.562 E136.53903
G1 X212.721 Y215.789 E136.55275
G1 X212.873 Y215.223 E136.56298
G1 X213.117 Y214.519 E136.57599
G1 X213.365 Y213.963 E136.58662
G1 X213.683 Y213.353 E136.59863
G1 X214.135 Y212.657 E136.61313
G1 X215.38 Y211.029 E136.64891
G1 X215.542 Y210.645 E136.65619
G1 X215.553 Y202.837 E136.79253
G1 X215.238 Y202.697 E136.79855
G1 X214.578 Y202.611 E136.81017
G1 X211.656 Y202.61 E136.86119
G1 X211.456 Y202.772 E136.86569
G1 X211.418 Y202.865 E136.86744
G1 X211.418 Y215 E137.07934
M204 S2500
G0 F15000 X211.418 Y215.2
G0 X212.13 Y215.2
G0 X212.786 Y213.06
;TYPE:SKIN
G1 F2610.2 X212.794 Y203.431 E137.24748
G1 X214.514 Y203.43 E137.27751
G1 X214.729 Y203.458 E137.2813
G1 X214.722 Y210.473 E137.40379
G1 X214.66 Y210.617 E137.40653
G1 X213.479 Y212.161 E137.44047
G1 X212.877 Y213.087 E137.45976
G1 X212.786 Y213.06 E137.46141
G0 F15000 X212.998 Y212.285
G1 F2610.2 X213.519 Y211.764 E137.47428
G0 F15000 X212.998 Y211.69
G1 F2610.2 X214.511 Y210.177 E137.51164
G0 F15000 X214.512 Y209.582
G1 F2610.2 X212.998 Y211.096 E137.54903
G0 F15000 X212.999 Y210.501
G1 F2610.2 X214.513 Y208.988 E137.5864
G0 F15000 X214.514 Y208.393
G1 F2610.2 X213 Y209.907 E137.62379
G0 F15000 X213 Y209.313
G1 F2610.2 X214.514 Y207.799 E137.66118
G0 F15000 X214.514 Y207.204
G1 F2610.2 X213 Y208.718 E137.69857
G0 F15000 X213.001 Y208.123
G1 F2610.2 X214.515 Y206.61 E137.73594
G0 F15000 X214.516 Y206.015
G1 F2610.2 X213.002 Y207.529 E137.77333
G0 F15000 X213.002 Y206.935
G1 F2610.2 X214.516 Y205.42 E137.81073
G0 F15000 X214.517 Y204.825
G1 F2610.2 X213.002 Y206.34 E137.84814
G0 F15000 X213.003 Y205.745
G1 F2610.2 X214.518 Y204.231 E137.88554
G0 F15000 X214.512 Y203.643
G1 F2610.2 X213.004 Y205.151 E137.92278
G0 F15000 X213.004 Y204.557
G1 F2610.2 X213.919 Y203.642 E137.94537
G0 F15000 X213.326 Y203.641
G1 F2610.2 X213.005 Y203.962 E137.9533
G1 F2700 E136.6533
G0 F15000 X212.25 Y217.75
G0 X212.786 Y222.437
G1 F2700 E137.9533
G1 F2610.2 X212.883 Y222.409 E137.95506
G1 X213.443 Y223.286 E137.97323
G1 X214.487 Y224.652 E138.00326
G1 X214.722 Y225.026 E138.01097
G1 X214.729 Y226.68 E138.03985
G1 X214.438 Y226.718 E138.04497
G1 X212.794 Y226.718 E138.07368
G1 X212.786 Y222.437 E138.14843
G0 F15000 X213.228 Y223.34
G1 F2610.2 X213 Y223.568 E138.15406
G0 F15000 X213.48 Y223.681
G1 F2610.2 X213.001 Y224.161 E138.16591
G0 F15000 X213.002 Y224.754
G1 F2610.2 X213.738 Y224.018 E138.18408
G0 F15000 X213.995 Y224.355
G1 F2610.2 X213.002 Y225.347 E138.20859
G0 F15000 X213.003 Y225.94
G1 F2610.2 X214.252 Y224.692 E138.23942
G0 F15000 X214.487 Y225.05
G1 F2610.2 X213.029 Y226.508 E138.27542
G0 F15000 X213.623 Y226.508
G1 F2610.2 X214.514 Y225.618 E138.29742
G0 F15000 X214.516 Y226.209
G1 F2610.2 X214.217 Y226.508 E138.3048
;MESH:NONMESH
G0 F600 X214.217 Y226.508 Z3.1
G0 F15000 X212.36 Y219.147
G0 X212.13 Y215
G0 X211.838 Y215
;TIME_ELAPSED:249.383272
;LAYER:28
;note -- min layer time used
M204 S1250
;TYPE:WALL-INNER
;MESH:lowerRightPad.stl
G1 F2277.8 X211.838 Y215.685 E138.31676
G1 F2517.5 X211.798 Y217.142 E138.33979
G1 F2805.4 X211.799 Y218.401 E138.35764
G1 F2510.9 X211.838 Y219.814 E138.38003
G1 F2277.8 X211.838 Y227.118 E138.50757
G1 X214.309 Y227.118 E138.55071
G1 X214.741 Y227.018 E138.55846
G1 X214.734 Y224.588 E138.60089
G1 X214.651 Y224.362 E138.60509
G1 X214.29 Y223.799 E138.61677
G1 X213.707 Y222.956 E138.63467
G1 X213.305 Y222.332 E138.64763
G1 X212.967 Y221.682 E138.66042
G1 X212.75 Y221.19 E138.66981
G1 X212.482 Y220.452 E138.68352
G1 X212.305 Y219.769 E138.69584
G1 F2391.6 X212.195 Y219.098 E138.70715
G1 F2657.4 X212.138 Y218.345 E138.71845
G1 F2855.7 X212.123 Y217.727 E138.72706
G1 F2847.2 X212.14 Y217.107 E138.73573
G1 F2642.7 X212.197 Y216.386 E138.74661
G1 F2391.6 X212.305 Y215.73 E138.75767
G1 F2277.8 X212.504 Y214.982 E138.77118
G1 X212.75 Y214.314 E138.78361
G1 X212.984 Y213.785 E138.79371
G1 X213.312 Y213.153 E138.80615
G1 X213.871 Y212.302 E138.82393
G1 X214.348 Y211.62 E138.83846
G1 X214.66 Y211.128 E138.84863
G1 X214.734 Y210.914 E138.85259
G1 X214.741 Y203.138 E138.98837
G1 X214.407 Y203.059 E138.99436
G1 X211.838 Y203.058 E139.03922
G1 X211.838 Y215 E139.24774
M204 S2500
G0 F15000 X211.418 Y215
M204 S1250
;TYPE:WALL-OUTER
G1 F2277.8 X211.418 Y227.376 E139.46385
G1 X211.544 Y227.538 E139.46743
G1 X214.044 Y227.538 E139.51109
G1 X214.488 Y227.507 E139.51886
G1 X214.996 Y227.39 E139.52796
G1 X215.162 Y227.297 E139.53128
G1 X215.154 Y224.514 E139.57988
G1 X215.03 Y224.174 E139.5862
G1 X214.636 Y223.56 E139.59894
G1 X214.059 Y222.727 E139.61663
G1 X213.677 Y222.138 E139.62889
G1 X213.351 Y221.513 E139.6412
G1 X213.13 Y221.009 E139.65081
G1 X212.888 Y220.346 E139.66313
G1 X212.717 Y219.689 E139.67499
G1 X212.587 Y219.014 E139.68699
G1 X212.518 Y218.332 E139.69896
G1 X212.498 Y217.74 E139.7093
G1 X212.519 Y217.146 E139.71968
G1 X212.589 Y216.463 E139.73167
G1 X212.72 Y215.798 E139.74351
G1 X212.898 Y215.127 E139.75563
G1 X213.135 Y214.483 E139.76761
G1 X213.357 Y213.979 E139.77723
G1 X213.696 Y213.328 E139.79004
G1 X214.215 Y212.543 E139.80648
G1 X214.681 Y211.879 E139.82064
G1 X215.041 Y211.312 E139.83237
G1 X215.154 Y210.984 E139.83843
G1 X215.161 Y202.858 E139.98032
G1 X215.03 Y202.774 E139.98304
G1 X214.455 Y202.639 E139.99335
G1 X211.658 Y202.638 E140.04219
G1 X211.456 Y202.8 E140.04671
G1 X211.418 Y202.893 E140.04847
G1 X211.418 Y215 E140.25987
M204 S2500
G0 F15000 X211.418 Y215.2
G0 X212.13 Y215.2
G0 X212.578 Y213.368
;TYPE:SKIN
G1 F2277.8 X212.594 Y203.455 E140.43297
G1 X214.34 Y203.459 E140.46346
G1 X214.334 Y210.89 E140.59321
G1 X214.015 Y211.398 E140.60369
G1 X213.54 Y212.075 E140.61813
G1 X213.012 Y212.872 E140.63482
G1 X212.726 Y213.413 E140.64551
G1 X212.578 Y213.368 E140.64821
G0 F15000 X213.042 Y212.448
G1 F2277.8 X212.791 Y212.197 E140.65441
G0 F15000 X213.278 Y212.09
G1 F2277.8 X212.792 Y211.604 E140.66641
G0 F15000 X212.792 Y211.011
G1 F2277.8 X213.52 Y211.738 E140.68438
G0 F15000 X213.765 Y211.389
G1 F2277.8 X212.793 Y210.417 E140.70838
G0 F15000 X212.795 Y209.825
G1 F2277.8 X213.994 Y211.024 E140.73799
G0 F15000 X214.125 Y210.561
G1 F2277.8 X212.795 Y209.231 E140.77083
G0 F15000 X212.796 Y208.638
G1 F2277.8 X214.125 Y209.968 E140.80366
G0 F15000 X214.125 Y209.374
G1 F2277.8 X212.797 Y208.046 E140.83646
G0 F15000 X212.798 Y207.452
G1 F2277.8 X214.126 Y208.78 E140.86925
G0 F15000 X214.127 Y208.187
G1 F2277.8 X212.799 Y206.859 E140.90204
G0 F15000 X212.8 Y206.267
G1 F2277.8 X214.127 Y207.594 E140.93481
G0 F15000 X214.127 Y207
G1 F2277.8 X212.801 Y205.673 E140.96757
G0 F15000 X212.802 Y205.08
G1 F2277.8 X214.128 Y206.407 E141.00033
G0 F15000 X214.129 Y205.813
G1 F2277.8 X212.803 Y204.488 E141.03306
G0 F15000 X212.804 Y203.894
G1 F2277.8 X214.13 Y205.22 E141.0658
G0 F15000 X214.13 Y204.626
G1 F2277.8 X213.171 Y203.667 E141.08949
G0 F15000 X213.766 Y203.669
G1 F2277.8 X214.13 Y204.033 E141.09848
G1 F2700 E139.79848
G0 F15000 X212.272 Y217.148
G0 X212.271 Y217.83
G0 X212.579 Y222.122
G1 F2700 E141.09848
G1 F2277.8 X212.725 Y222.079 E141.10113
G1 X212.949 Y222.513 E141.10966
G1 X213.375 Y223.178 E141.12345
G1 X213.949 Y224.005 E141.14103
G1 X214.334 Y224.609 E141.15354
G1 X214.341 Y226.681 E141.18972
G1 X214.027 Y226.718 E141.19524
G1 X212.594 Y226.718 E141.22026
G1 X212.579 Y222.122 E141.30051
G0 F15000 X212.791 Y222.889
G1 F2277.8 X213.205 Y223.302 E141.31073
G0 F15000 X212.793 Y223.485
G1 F2277.8 X214.125 Y224.816 E141.34361
G0 F15000 X214.127 Y225.413
G1 F2277.8 X212.795 Y224.08 E141.37651
G0 F15000 X212.797 Y224.676
G1 F2277.8 X214.13 Y226.009 E141.40943
G0 F15000 X214.035 Y226.508
G1 F2277.8 X212.799 Y225.272 E141.43995
G0 F15000 X212.8 Y225.868
G1 F2277.8 X213.441 Y226.508 E141.45577
G1 X213.515 Y226.582
G0 F15000 X213.515 Y226.51
;MESH:NONMESH
G0 F600 X213.515 Y226.51 Z3.2
G0 F15000 X212.271 Y218.35
G0 X212.13 Y215
G0 X211.838 Y215
;TIME_ELAPSED:255.979084
;LAYER:29
;note -- min layer time used
M204 S1250
;TYPE:WALL-INNER
;MESH:lowerRightPad.stl
G1 F2236.8 X211.838 Y215.687 E141.46776
G1 F2459.4 X211.8 Y216.981 E141.48832
G1 F2779.5 X211.793 Y217.775 E141.49948
G1 F2796.1 X211.799 Y218.388 E141.50805
G1 F2465.8 X211.838 Y219.814 E141.53064
G1 F2236.8 X211.839 Y227.117 E141.65816
G1 X213.766 Y227.118 E141.69181
G1 X214.378 Y227.036 E141.70259
G1 X214.381 Y224.243 E141.75136
G1 X214.266 Y223.925 E141.75727
G1 X213.821 Y223.162 E141.77269
G1 X213.272 Y222.274 E141.79092
G1 X212.962 Y221.673 E141.80273
G1 X212.754 Y221.197 E141.8118
G1 X212.477 Y220.442 E141.82584
G1 X212.305 Y219.769 E141.83797
G1 F2348.7 X212.195 Y219.098 E141.84928
G1 F2609.7 X212.138 Y218.333 E141.86076
G1 F2804.4 X212.123 Y217.726 E141.86922
G1 F2779.5 X212.144 Y217.002 E141.8794
G1 F2552.9 X212.212 Y216.29 E141.89034
G1 F2314 X212.305 Y215.731 E141.89991
G1 F2236.8 X212.5 Y214.989 E141.9133
G1 X212.859 Y214.032 E141.93115
G1 X213.3 Y213.175 E141.94798
G1 X214.006 Y212.036 E141.97138
G1 X214.264 Y211.588 E141.98041
G1 X214.382 Y211.256 E141.98656
G1 X214.382 Y203.146 E142.12817
G1 X213.982 Y203.086 E142.13524
G1 X211.838 Y203.084 E142.17267
G1 X211.838 Y215 E142.38075
M204 S2500
G0 F15000 X211.418 Y215
M204 S1250
;TYPE:WALL-OUTER
G1 F2236.8 X211.418 Y227.377 E142.59687
G1 X211.543 Y227.538 E142.60043
G1 X213.794 Y227.538 E142.63973
G1 X214.502 Y227.444 E142.6522
G1 X214.798 Y227.299 E142.65796
G1 X214.801 Y224.169 E142.71261
G1 X214.648 Y223.746 E142.72047
G1 X214.178 Y222.941 E142.73675
G1 X213.645 Y222.081 E142.75441
G1 X213.347 Y221.505 E142.76574
G1 X213.139 Y221.029 E142.77481
G1 X212.884 Y220.337 E142.78769
G1 X212.717 Y219.689 E142.79937
G1 X212.589 Y219.029 E142.81111
G1 X212.518 Y218.32 E142.82355
G1 X212.498 Y217.74 E142.83369
G1 X212.523 Y217.049 E142.84576
G1 X212.609 Y216.367 E142.85776
G1 X212.72 Y215.799 E142.86787
G1 X212.894 Y215.135 E142.87985
G1 X213.233 Y214.224 E142.89683
G1 X213.657 Y213.397 E142.91306
G1 X214.379 Y212.229 E142.93703
G1 X214.648 Y211.764 E142.94641
G1 X214.802 Y211.328 E142.95449
G1 X214.799 Y202.876 E143.10207
G1 X214.684 Y202.797 E143.10451
G1 X214.39 Y202.711 E143.10986
G1 X214.007 Y202.666 E143.11659
G1 X211.667 Y202.663 E143.15745
G1 X211.513 Y202.755 E143.16058
G1 X211.418 Y202.927 E143.16401
G1 X211.418 Y215 E143.37483
M204 S2500
G0 F15000 X211.418 Y215.2
G0 X212.13 Y215.2
G0 X212.382 Y213.74
;TYPE:SKIN
G1 F2236.8 X212.398 Y203.482 E143.55395
G1 X213.982 Y203.482 E143.58161
G1 X213.982 Y211.183 E143.71608
G1 X213.873 Y211.488 E143.72174
G1 X212.953 Y212.977 E143.7523
G1 X212.537 Y213.779 E143.76807
G1 X212.382 Y213.74 E143.77087
G0 F15000 X212.594 Y212.689
G1 F2236.8 X213.356 Y211.926 E143.78969
G0 F15000 X212.594 Y212.094
G1 F2236.8 X213.772 Y210.917 E143.81877
G0 F15000 X213.772 Y210.323
G1 F2236.8 X212.596 Y211.498 E143.8478
G0 F15000 X212.597 Y210.904
G1 F2236.8 X213.772 Y209.729 E143.87682
G0 F15000 X213.772 Y209.135
G1 F2236.8 X212.598 Y210.308 E143.9058
G0 F15000 X212.599 Y209.714
G1 F2236.8 X213.772 Y208.541 E143.93476
G0 F15000 X213.772 Y207.947
G1 F2236.8 X212.599 Y209.119 E143.96372
G0 F15000 X212.601 Y208.524
G1 F2236.8 X213.772 Y207.353 E143.99263
G0 F15000 X213.772 Y206.759
G1 F2236.8 X212.602 Y207.929 E144.02153
G0 F15000 X212.603 Y207.334
G1 F2236.8 X213.772 Y206.165 E144.05039
G0 F15000 X213.772 Y205.571
G1 F2236.8 X212.604 Y206.739 E144.07924
G0 F15000 X212.605 Y206.144
G1 F2236.8 X213.772 Y204.977 E144.10805
G0 F15000 X213.772 Y204.383
G1 F2236.8 X212.606 Y205.549 E144.13685
G0 F15000 X212.607 Y204.954
G1 F2236.8 X213.772 Y203.789 E144.16562
G0 F15000 X213.275 Y203.692
G1 F2236.8 X212.608 Y204.359 E144.18209
G0 F15000 X212.609 Y203.764
G1 F2236.8 X212.681 Y203.692 E144.18387
G1 F2700 E142.88387
G0 F15000 X212.27 Y218.338
G0 X212.383 Y221.763
G1 F2700 E144.18387
G1 F2236.8 X212.537 Y221.726 E144.18663
G1 X212.917 Y222.457 E144.20102
G1 X213.473 Y223.36 E144.21954
G1 X213.901 Y224.091 E144.23433
G1 X213.981 Y224.31 E144.2384
G1 X213.978 Y226.684 E144.27985
G1 X213.737 Y226.717 E144.2841
G1 X212.398 Y226.718 E144.30748
G1 X212.383 Y221.763 E144.394
G0 F15000 X212.766 Y222.613
G1 F2236.8 X212.597 Y222.783 E144.39819
G0 F15000 X212.993 Y222.981
G1 F2236.8 X212.598 Y223.376 E144.40794
G0 F15000 X212.599 Y223.968
G1 F2236.8 X213.219 Y223.349 E144.42324
G0 F15000 X213.44 Y223.722
G1 F2236.8 X212.602 Y224.56 E144.44393
G0 F15000 X212.604 Y225.152
G1 F2236.8 X213.659 Y224.096 E144.47
G0 F15000 X213.77 Y224.58
G1 F2236.8 X212.605 Y225.745 E144.49877
G0 F15000 X212.607 Y226.336
G1 F2236.8 X213.769 Y225.175 E144.52745
G0 F15000 X213.768 Y225.769
G1 F2236.8 X213.033 Y226.505 E144.54561
G0 F15000 X213.63 Y226.501
G1 F2236.8 X213.768 Y226.364 E144.54901
;MESH:NONMESH
G0 F600 X213.768 Y226.364 Z3.3
G0 F15000 X212.343 Y219.063
G0 X212.13 Y215
G0 X211.839 Y215
;TIME_ELAPSED:262.600230
;LAYER:30
;note -- min layer time used
M204 S1250
;TYPE:WALL-INNER
;MESH:lowerRightPad.stl
G1 F2189.9 X211.839 Y215.685 E144.56097
G1 F2420.4 X211.798 Y217.165 E144.58436
G1 F2705.1 X211.798 Y218.375 E144.60147
G1 F2420.4 X211.838 Y219.817 E144.62426
G1 F2189.9 X211.838 Y227.118 E144.75174
G1 X213.538 Y227.118 E144.78143
G1 X214.058 Y227.043 E144.7906
G1 X214.058 Y223.873 E144.84595
G1 X213.963 Y223.544 E144.85193
G1 X213.652 Y222.951 E144.86363
G1 X213.039 Y221.842 E144.88575
G1 X212.674 Y221.003 E144.90173
G1 X212.446 Y220.312 E144.91444
G1 X212.306 Y219.771 E144.92419
G1 F2299.4 X212.192 Y219.089 E144.93569
G1 F2569.1 X212.135 Y218.318 E144.9472
G1 F2753.7 X212.123 Y217.726 E144.95542
G1 F2737.3 X212.14 Y217.133 E144.96371
G1 F2540.7 X212.196 Y216.401 E144.97476
G1 F2299.4 X212.304 Y215.729 E144.98608
G1 F2189.9 X212.477 Y215.054 E144.99824
G1 X212.757 Y214.289 E145.01247
G1 X213.029 Y213.685 E145.02404
G1 X213.496 Y212.826 E145.04111
G1 X213.626 Y212.611 E145.0455
G1 X213.94 Y212.009 E145.05735
G1 X214.058 Y211.7 E145.06313
G1 X214.061 Y203.162 E145.21221
G1 X213.702 Y203.111 E145.21855
G1 X211.839 Y203.108 E145.25108
G1 X211.839 Y215 E145.45873
M204 S2500
G0 F15000 X211.419 Y215
M204 S1250
;TYPE:WALL-OUTER
G1 F2189.9 X211.418 Y227.376 E145.67483
G1 X211.544 Y227.538 E145.67842
G1 X213.568 Y227.538 E145.71376
G1 X214.213 Y227.445 E145.72514
G1 X214.478 Y227.303 E145.73039
G1 X214.478 Y223.814 E145.79131
G1 X214.355 Y223.387 E145.79907
G1 X214.02 Y222.747 E145.81168
G1 X213.423 Y221.673 E145.83314
G1 X213.072 Y220.871 E145.84843
G1 X212.852 Y220.206 E145.86066
G1 X212.72 Y219.702 E145.86976
G1 X212.585 Y219.021 E145.88188
G1 X212.514 Y218.307 E145.89441
G1 X212.498 Y217.74 E145.90431
G1 X212.519 Y217.171 E145.91426
G1 X212.589 Y216.476 E145.92645
G1 X212.72 Y215.795 E145.93856
G1 X212.89 Y215.139 E145.95039
G1 X213.14 Y214.461 E145.96301
G1 X213.419 Y213.843 E145.97485
G1 X213.856 Y213.043 E145.99077
G1 X213.992 Y212.817 E145.99538
G1 X214.324 Y212.181 E146.0079
G1 X214.478 Y211.777 E146.01545
G1 X214.481 Y202.892 E146.1706
G1 X214.381 Y202.82 E146.17275
G1 X214.104 Y202.735 E146.17781
G1 X213.727 Y202.691 E146.18444
G1 X211.666 Y202.687 E146.22043
G1 X211.51 Y202.779 E146.22359
G1 X211.419 Y202.949 E146.22696
G1 X211.419 Y215 E146.43739
M204 S2500
G0 F15000 X211.419 Y215.2
G0 X212.13 Y215.2
G0 X212.238 Y214.125
;TYPE:SKIN
G1 F2189.9 X212.239 Y203.507 E146.62279
G1 X213.661 Y203.51 E146.64762
G1 X213.658 Y211.685 E146.79037
G1 X213.288 Y212.39 E146.80427
G1 X213.156 Y212.611 E146.80877
G1 X212.699 Y213.447 E146.82541
G1 X212.38 Y214.155 E146.83897
G1 X212.238 Y214.125 E146.8415
G0 F15000 X212.599 Y213.193
G1 F2189.9 X212.448 Y213.042 E146.84523
G0 F15000 X212.809 Y212.809
G1 F2189.9 X212.448 Y212.448 E146.85414
G0 F15000 X213.021 Y212.427
G1 F2189.9 X212.448 Y211.854 E146.86829
G0 F15000 X212.448 Y211.26
G1 F2189.9 X213.232 Y212.044 E146.88765
G0 F15000 X213.437 Y211.655
G1 F2189.9 X212.448 Y210.666 E146.91208
G0 F15000 X212.448 Y210.072
G1 F2189.9 X213.449 Y211.073 E146.9368
G0 F15000 X213.449 Y210.479
G1 F2189.9 X212.448 Y209.478 E146.96151
G0 F15000 X212.448 Y208.884
G1 F2189.9 X213.449 Y209.885 E146.98623
G0 F15000 X213.449 Y209.292
G1 F2189.9 X212.449 Y208.291 E147.01094
G0 F15000 X212.449 Y207.697
G1 F2189.9 X213.449 Y208.698 E147.03565
G0 F15000 X213.449 Y208.104
G1 F2189.9 X212.449 Y207.103 E147.06035
G0 F15000 X212.449 Y206.509
G1 F2189.9 X213.45 Y207.51 E147.08507
G0 F15000 X213.45 Y206.916
G1 F2189.9 X212.449 Y205.915 E147.10979
G0 F15000 X212.449 Y205.321
G1 F2189.9 X213.45 Y206.322 E147.13451
G0 F15000 X213.45 Y205.728
G1 F2189.9 X212.449 Y204.727 E147.15923
G0 F15000 X212.449 Y204.133
G1 F2189.9 X213.451 Y205.135 E147.18397
G0 F15000 X213.451 Y204.541
G1 F2189.9 X212.628 Y203.719 E147.20428
G0 F15000 X213.223 Y203.72
G1 F2189.9 X213.451 Y203.947 E147.2099
G1 F2700 E145.9099
G0 F15000 X212.25 Y217.75
G0 X212.234 Y221.373
G1 F2700 E147.2099
G1 F2189.9 X212.387 Y221.343 E147.21263
G1 X212.671 Y221.996 E147.22506
G1 X213.297 Y223.136 E147.24777
G1 X213.588 Y223.687 E147.25865
G1 X213.658 Y223.93 E147.26307
G1 X213.658 Y226.718 E147.31175
G1 X212.234 Y226.718 E147.33661
G1 X212.234 Y221.373 E147.42995
G0 F15000 X212.444 Y222.541
G1 F2189.9 X213.08 Y223.178 E147.44566
G0 F15000 X212.444 Y223.135
G1 F2189.9 X213.448 Y224.139 E147.47046
G0 F15000 X213.448 Y224.733
G1 F2189.9 X212.444 Y223.729 E147.49525
G0 F15000 X212.444 Y224.323
G1 F2189.9 X213.448 Y225.327 E147.52004
G0 F15000 X213.448 Y225.921
G1 F2189.9 X212.444 Y224.917 E147.54484
G0 F15000 X212.444 Y225.511
G1 F2189.9 X213.441 Y226.508 E147.56946
G0 F15000 X212.847 Y226.508
G1 F2189.9 X212.444 Y226.105 E147.57941
G0 F15000 X212.45 Y226.105
;MESH:NONMESH
G0 F600 X212.45 Y226.105 Z3.4
G0 F15000 X212.13 Y215
G0 X211.838 Y215
;TIME_ELAPSED:269.193002
;LAYER:31
;note -- min layer time used
M204 S1250
;TYPE:WALL-INNER
;MESH:lowerRightPad.stl
G1 F2079.8 X211.838 Y215.681 E147.5913
G1 F2304.8 X211.797 Y217.182 E147.61496
G1 F2576.7 X211.798 Y218.367 E147.63166
G1 F2298.7 X211.838 Y220.094 E147.65895
G1 F2079.8 X211.838 Y227.118 E147.7816
G1 X213.535 Y227.118 E147.81124
G1 X213.77 Y227.06 E147.81546
G1 X213.766 Y223.437 E147.87873
G1 X213.576 Y222.924 E147.88828
G1 X212.821 Y221.377 E147.91834
G1 X212.357 Y220.045 E147.94297
G1 F2183.8 X212.192 Y219.081 E147.95923
G1 F2439.9 X212.135 Y218.31 E147.97074
G1 F2615.3 X212.123 Y217.73 E147.97879
G1 X212.135 Y217.186 E147.98635
G1 F2433.2 X212.193 Y216.402 E147.99808
G1 F2183.8 X212.305 Y215.726 E148.00948
G1 F2079.8 X212.5 Y214.986 E148.02284
G1 X212.808 Y214.15 E148.0384
G1 X213.584 Y212.558 E148.06932
G1 X213.766 Y212.073 E148.07837
G1 X213.773 Y203.181 E148.23364
G1 X213.448 Y203.13 E148.23938
G1 X211.838 Y203.13 E148.26749
G1 X211.838 Y215 E148.47476
M204 S2500
G0 F15000 X211.418 Y215
M204 S1250
;TYPE:WALL-OUTER
G1 F2079.8 X211.418 Y227.376 E148.69087
G1 X211.544 Y227.538 E148.69445
G1 X213.586 Y227.538 E148.73011
G1 X213.946 Y227.449 E148.73658
G1 X214.141 Y227.358 E148.74034
G1 X214.19 Y227.285 E148.74188
G1 X214.186 Y223.362 E148.81038
G1 X213.962 Y222.759 E148.82161
G1 X213.189 Y221.17 E148.85247
G1 X212.769 Y219.965 E148.87475
G1 X212.585 Y219.013 E148.89168
G1 X212.514 Y218.299 E148.90421
G1 X212.498 Y217.741 E148.91396
G1 X212.515 Y217.183 E148.9237
G1 X212.585 Y216.479 E148.93606
G1 X212.72 Y215.795 E148.94823
G1 X212.894 Y215.131 E148.96022
G1 X213.202 Y214.295 E148.97577
G1 X213.97 Y212.724 E149.00631
G1 X214.186 Y212.149 E149.01703
G1 X214.193 Y202.928 E149.17805
G1 X214.09 Y202.844 E149.18037
G1 X213.847 Y202.762 E149.18485
G1 X213.477 Y202.71 E149.19137
G1 X211.66 Y202.71 E149.2231
G1 X211.455 Y202.871 E149.22765
G1 X211.418 Y202.961 E149.22935
G1 X211.418 Y215 E149.43957
M204 S2500
G0 F15000 X211.418 Y215.2
G0 X212.13 Y215.2
G0 X212.622 Y212.726
;TYPE:SKIN
G1 F2453.7 X212.623 Y203.915 E149.56998
G1 F2446.8 X212.981 Y203.915 E149.57529
G1 F2453.7 X212.978 Y211.99 E149.69481
G1 X212.622 Y212.726 E149.70691
G0 F15000 X212.235 Y214.538
G1 F2079.8 X212.235 Y203.527 E149.89918
G1 X213.373 Y203.527 E149.91905
G1 X213.366 Y212.001 E150.06702
G1 X213.222 Y212.384 E150.07416
G1 X212.467 Y213.925 E150.10413
G1 X212.235 Y214.538 E150.11557
G0 F15000 X212.265 Y217.935
G0 X212.622 Y222.769
G1 F2446.8 X212.839 Y223.22 E150.123
G1 X212.978 Y223.581 E150.12874
G1 F2439.9 X212.981 Y226.329 E150.16964
G1 X212.623 Y226.329 E150.17497
G1 X212.622 Y222.769 E150.22796
G0 F15000 X212.246 Y220.947
G1 F2079.8 X212.45 Y221.523 E150.23863
G1 X213.198 Y223.068 E150.2686
G1 X213.366 Y223.511 E150.27688
G1 X213.37 Y226.718 E150.33288
G1 X212.234 Y226.718 E150.35271
G1 X212.234 Y220.95 E150.45343
G1 X212.246 Y220.947 E150.45365
G0 F15000 X212.45 Y221.015
;MESH:NONMESH
G0 F600 X212.45 Y221.015 Z3.5
G0 F15000 X212.391 Y221.034
G0 X212.13 Y215
G0 X211.838 Y215
;TIME_ELAPSED:274.797458
;LAYER:32
;note -- min layer time used
M204 S1250
;TYPE:WALL-INNER
;MESH:lowerRightPad.stl
G1 F1892.3 X211.838 Y215.413 E150.46086
G1 F2097 X211.797 Y217.193 E150.48891
G1 F2344.4 X211.798 Y218.35 E150.50522
G1 F2091.4 X211.838 Y220.089 E150.5327
G1 F1892.3 X211.838 Y227.118 E150.65544
G1 X213.098 Y227.118 E150.67744
G1 X213.506 Y227.053 E150.68465
G1 X213.502 Y223.126 E150.75323
G1 X213.438 Y222.799 E150.75904
G1 X212.752 Y221.196 E150.78949
G1 X212.357 Y220.04 E150.81082
G1 F1986.9 X212.192 Y219.073 E150.82713
G1 F2220 X212.135 Y218.294 E150.83876
G1 F2379.5 X212.123 Y217.73 E150.84659
G1 F2372.4 X212.137 Y217.157 E150.85458
G1 F2207.6 X212.193 Y216.411 E150.86577
G1 F1986.9 X212.357 Y215.463 E150.88177
G1 F1892.3 X212.768 Y214.267 E150.90386
G1 X213.444 Y212.693 E150.93377
G1 X213.502 Y212.375 E150.93941
G1 X213.505 Y203.209 E151.09947
G1 X213.225 Y203.155 E151.10444
G1 X211.839 Y203.152 E151.12865
G1 X211.838 Y215 E151.33553
M204 S2500
G0 F15000 X211.418 Y215
M204 S1250
;TYPE:WALL-OUTER
G1 F1892.3 X211.418 Y227.376 E151.55164
G1 X211.544 Y227.538 E151.55522
G1 X213.131 Y227.538 E151.58293
G1 X213.715 Y227.445 E151.59326
G1 X213.88 Y227.363 E151.59647
G1 X213.926 Y227.288 E151.59801
G1 X213.922 Y223.085 E151.6714
G1 X213.842 Y222.675 E151.6787
G1 X213.149 Y221.058 E151.70941
G1 X212.769 Y219.96 E151.7297
G1 X212.585 Y219.005 E151.74669
G1 X212.514 Y218.283 E151.75935
G1 X212.498 Y217.741 E151.76882
G1 X212.515 Y217.195 E151.77836
G1 X212.585 Y216.487 E151.79078
G1 X212.769 Y215.543 E151.80758
G1 X213.154 Y214.433 E151.82809
G1 X213.849 Y212.815 E151.85884
G1 X213.922 Y212.413 E151.86598
G1 X213.925 Y202.943 E152.03134
G1 X213.838 Y202.869 E152.03333
G1 X213.392 Y202.735 E152.04146
G1 X211.673 Y202.731 E152.07148
G1 X211.512 Y202.825 E152.07474
G1 X211.418 Y202.995 E152.07813
G1 X211.418 Y215 E152.28775
M204 S2500
G0 F15000 X211.418 Y215.2
G0 X212.13 Y215.2
G0 X212.67 Y203.982
;TYPE:SKIN
G1 F1781.9 X212.668 Y212.304 E152.44206
G0 F15000 X212.234 Y214.577
G1 F1892.3 X212.239 Y203.551 E152.6346
G1 X213.105 Y203.554 E152.64972
G1 X213.102 Y212.341 E152.80315
G1 X213.061 Y212.571 E152.80723
G1 X212.402 Y214.096 E152.83624
G1 X212.234 Y214.577 E152.84514
G0 F15000 X212.261 Y217.591
G0 X212.67 Y226.282
G1 F1762.2 X212.668 Y223.208 E152.90278
G0 F15000 X212.235 Y220.925
G1 F1892.3 X212.377 Y221.334 E152.91034
G1 X213.054 Y222.918 E152.94042
G1 X213.102 Y223.165 E152.94481
G1 X213.106 Y226.718 E153.00685
G1 X212.234 Y226.718 E153.02208
G1 X212.235 Y220.925 E153.12323
G0 F15000 X212.062 Y221.06
;MESH:NONMESH
G0 F600 X212.062 Y221.06 Z3.6
G0 F15000 X212.13 Y221.06
G0 X212.13 Y215
G0 X211.839 Y215
;TIME_ELAPSED:280.495449
;LAYER:33
;note -- min layer time used
M204 S1250
;TYPE:WALL-INNER
;MESH:lowerRightPad.stl
G1 F1680.2 X211.839 Y215.458 E153.13123
G1 F1862 X211.797 Y217.245 E153.15939
G1 F2094.1 X211.796 Y218.245 E153.17341
G1 F1866.9 X211.838 Y219.805 E153.19793
G1 F1680.2 X211.838 Y227.118 E153.32563
G1 X213.004 Y227.117 E153.34599
G1 X213.254 Y227.066 E153.35044
G1 X213.257 Y222.75 E153.42581
G1 X213.197 Y222.398 E153.43204
G1 X212.57 Y220.71 E153.46348
G1 X212.301 Y219.761 E153.48071
G1 F1773.1 X212.189 Y219.065 E153.49237
G1 F1982.3 X212.132 Y218.245 E153.50454
G1 F2087.9 X212.137 Y217.195 E153.51929
G1 F1971.2 X212.191 Y216.416 E153.53092
G1 F1773.1 X212.35 Y215.508 E153.54617
G1 F1680.2 X212.635 Y214.594 E153.56289
G1 X213.003 Y213.635 E153.58082
G1 X213.175 Y213.14 E153.58997
G1 X213.258 Y212.739 E153.59712
G1 X213.254 Y203.213 E153.76346
G1 X213.014 Y203.174 E153.76771
G1 X211.838 Y203.174 E153.78824
G1 X211.839 Y215 E153.99474
M204 S2500
G0 F15000 X211.418 Y215
M204 S1250
;TYPE:WALL-OUTER
G1 F1680.2 X211.418 Y227.376 E154.21085
G1 X211.544 Y227.538 E154.21443
G1 X213.046 Y227.537 E154.24066
G1 X213.482 Y227.448 E154.24843
G1 X213.634 Y227.364 E154.25146
G1 X213.674 Y227.296 E154.25284
G1 X213.677 Y222.714 E154.33285
G1 X213.604 Y222.288 E154.3404
G1 X212.974 Y220.594 E154.37196
G1 X212.713 Y219.681 E154.38854
G1 X212.581 Y218.997 E154.4007
G1 X212.51 Y218.268 E154.41349
G1 X212.514 Y217.229 E154.43163
G1 X212.581 Y216.494 E154.44452
G1 X212.767 Y215.568 E154.46101
G1 X213.027 Y214.744 E154.4761
G1 X213.399 Y213.773 E154.49426
G1 X213.581 Y213.252 E154.50389
G1 X213.678 Y212.782 E154.51227
G1 X213.678 Y202.965 E154.68369
G1 X213.586 Y202.887 E154.6858
G1 X213.362 Y202.801 E154.68999
G1 X213.044 Y202.754 E154.6956
G1 X211.659 Y202.754 E154.71979
G1 X211.456 Y202.916 E154.72432
G1 X211.418 Y203.009 E154.72608
G1 X211.418 Y215 E154.93546
M204 S2500
G0 F15000 X211.418 Y215.2
G0 X212.13 Y215.2
G0 X212.288 Y214.238
;TYPE:SKIN
G1 F1357.1 X212.288 Y203.62 E155.16501
G1 X212.808 Y203.62 E155.17625
G1 X212.808 Y212.685 E155.37223
G1 X212.713 Y213.129 E155.38205
G1 X212.288 Y214.238 E155.40772
G0 F15000 X212.275 Y221.175
G1 F1408.6 X212.769 Y222.51 E155.43737
G1 F1381 X212.807 Y222.791 E155.44339
G1 F1357.1 X212.804 Y226.668 E155.52721
G1 X212.284 Y226.668 E155.53845
G1 X212.285 Y222.813 E155.6218
G1 F1381 X212.275 Y222.575 E155.62686
G1 F1408.6 X212.275 Y221.175 E155.65602
G0 F15000 X212.137 Y221.291
;MESH:NONMESH
G0 F600 X212.137 Y221.291 Z3.7
G0 F15000 X212.13 Y215
G0 X211.839 Y215
;TIME_ELAPSED:286.212084
;LAYER:34
;note -- min layer time used
M204 S1250
;TYPE:WALL-INNER
;MESH:lowerRightPad.stl
G1 F1677.5 X211.839 Y215.429 E155.66351
G1 F1854.1 X211.798 Y217.17 E155.69102
G1 F2072.2 X211.797 Y218.24 E155.70615
G1 F2001.6 X211.81 Y218.872 E155.7154
G1 F1743.9 X211.85 Y219.773 E155.73055
G1 F1634.7 X211.838 Y220.691 E155.747
G1 F1677.5 X211.838 Y227.118 E155.85922
G1 X212.806 Y227.118 E155.87612
G1 X213.03 Y227.072 E155.88012
G1 X213.026 Y222.352 E155.96254
G1 X212.968 Y221.973 E155.96923
G1 X212.515 Y220.554 E155.99524
G1 F1634.7 X212.288 Y219.735 E156.01047
G1 F1743.9 X212.171 Y218.841 E156.02561
G1 F2001.6 X212.136 Y218.288 E156.03372
G1 F2072.2 X212.137 Y217.189 E156.04926
G1 F1909.4 X212.221 Y216.221 E156.06416
G1 F1726.9 X212.337 Y215.563 E156.0755
G1 F1677.5 X212.644 Y214.52 E156.09448
G1 X212.928 Y213.649 E156.11048
G1 X213.03 Y213.131 E156.1197
G1 X213.03 Y203.208 E156.29297
G1 X211.838 Y203.196 E156.31379
G1 X211.839 Y215 E156.5199
M204 S2500
G0 F15000 X211.418 Y215
M204 S1250
;TYPE:WALL-OUTER
G1 F1677.5 X211.418 Y227.376 E156.73601
G1 X211.544 Y227.538 E156.73959
G1 X212.85 Y227.538 E156.76239
G1 X213.258 Y227.453 E156.76967
G1 X213.408 Y227.37 E156.77267
G1 X213.45 Y227.294 E156.77418
G1 X213.446 Y222.32 E156.86104
G1 X213.378 Y221.877 E156.86886
G1 X212.921 Y220.446 E156.89509
G1 X212.713 Y219.661 E156.90927
G1 X212.554 Y218.753 E156.92537
G1 X212.514 Y218.257 E156.93406
G1 X212.515 Y217.232 E156.95196
G1 X212.621 Y216.299 E156.96835
G1 X212.749 Y215.643 E156.98002
G1 X213.044 Y214.65 E156.99811
G1 X213.336 Y213.755 E157.01455
G1 X213.45 Y213.171 E157.02494
G1 X213.45 Y202.988 E157.20275
G1 X213.362 Y202.906 E157.20485
G1 X212.895 Y202.786 E157.21327
G1 X211.737 Y202.775 E157.23349
G1 X211.52 Y202.855 E157.23753
G1 X211.418 Y203.039 E157.2412
G1 X211.418 Y215 E157.45006
M204 S2500
G0 F15000 X211.418 Y215.2
G0 X212.13 Y215.2
G0 X212.229 Y213.508
;TYPE:SKIN
G1 F1731.1 X212.231 Y203.589 E157.6179
G1 F1735.4 X212.637 Y203.593 E157.62476
G1 F1731.1 X212.636 Y213.088 E157.78542
G1 F1726.9 X212.546 Y213.548 E157.79337
G1 F1650 X212.248 Y214.394 E157.8093
G1 X212.229 Y213.508 E157.82503
G0 F15000 X212.248 Y214.394
G1 F1579.7 X212.246 Y214.402 E157.82518
G0 F15000 X212.216 Y220.872
G1 F1830 X212.596 Y222.056 E157.84509
G1 F1779.2 X212.634 Y222.394 E157.85069
G1 F1726.9 X212.636 Y226.724 E157.92413
G1 X212.228 Y226.724 E157.93105
G1 X212.227 Y222.394 E158.0045
G1 F1779.2 X212.216 Y222.1 E158.00935
G1 F1830 X212.216 Y220.872 E158.029
;MESH:NONMESH
G0 F600 X212.216 Y220.872 Z3.8
G0 F15000 X212.13 Y215
G0 X211.839 Y215
;TIME_ELAPSED:291.664103
;LAYER:35
;note -- min layer time used
M204 S1250
;TYPE:WALL-INNER
;MESH:lowerRightPad.stl
G1 F1464.1 X211.839 Y215.059 E158.03003
G1 F1430 X211.849 Y215.708 E158.04164
G1 F1529.6 X211.809 Y216.669 E158.05771
G1 F1777.2 X211.793 Y217.758 E158.07338
G1 F1841 X211.797 Y218.319 E158.08117
G1 F1618.2 X211.839 Y220.111 E158.10949
G1 F1464.1 X211.838 Y227.118 E158.23184
G1 X212.704 Y227.118 E158.24696
G1 X212.814 Y227.08 E158.24899
G1 X212.806 Y221.946 E158.33864
G1 X212.752 Y221.533 E158.34592
G1 X212.354 Y220.01 E158.3734
G1 F1507.1 X212.219 Y219.279 E158.38601
G1 F1670.9 X212.134 Y218.3 E158.40105
G1 F1841 X212.123 Y217.705 E158.40931
G1 F1777.2 X212.17 Y216.698 E158.42381
G1 F1529.6 X212.288 Y215.743 E158.43989
G1 F1430 X212.442 Y215.129 E158.45121
G1 F1464.1 X212.673 Y214.279 E158.46659
G1 X212.806 Y213.668 E158.47751
G1 X212.813 Y203.25 E158.65943
G1 X212.651 Y203.222 E158.6623
G1 X211.839 Y203.213 E158.67648
G1 X211.839 Y215 E158.8823
M204 S2500
G0 F15000 X211.418 Y215
M204 S1250
;TYPE:WALL-OUTER
G1 F1464.1 X211.418 Y227.376 E159.0984
G1 X211.544 Y227.538 E159.10198
G1 X212.776 Y227.538 E159.1235
G1 X213.145 Y227.408 E159.13033
G1 X213.234 Y227.315 E159.13258
G1 X213.226 Y221.918 E159.22682
G1 X213.165 Y221.453 E159.235
G1 X212.768 Y219.938 E159.26235
G1 X212.619 Y219.197 E159.27555
G1 X212.511 Y218.257 E159.29207
G1 X212.498 Y217.727 E159.30133
G1 X212.556 Y216.761 E159.31823
G1 X212.715 Y215.799 E159.33525
G1 X212.853 Y215.22 E159.34565
G1 X213.079 Y214.39 E159.36067
G1 X213.226 Y213.713 E159.37276
G1 X213.233 Y203.009 E159.55967
G1 X213.146 Y202.93 E159.56173
G1 X212.689 Y202.802 E159.57001
G1 X211.669 Y202.791 E159.58782
G1 X211.513 Y202.884 E159.591
G1 X211.418 Y203.055 E159.59441
G1 X211.418 Y215 E159.80299
M204 S2500
G0 F15000 X211.418 Y215.2
G1 F2700 E158.50299
G0 F15000 X212.13 Y215.2
G0 X212.324 Y203.706
;TYPE:SKIN
G1 F2700 E159.80299
G1 F1036.9 X212.322 Y213.616 E160.04731
G1 F2700 E158.74731
G0 F15000 X212.276 Y217.381
G0 X212.324 Y226.628
G1 F2700 E160.04731
G1 F1033.5 X212.322 Y221.983 E160.16222
G1 F1086.4 X212.298 Y221.62 E160.17078
G0 F15000 X212.157 Y221.656
;MESH:NONMESH
G0 F600 X212.157 Y221.656 Z3.9
G0 F15000 X212.13 Y215
G0 X211.879 Y215
;TIME_ELAPSED:297.489537
;LAYER:36
;note -- min layer time used
M204 S1250
;TYPE:WALL-INNER
;MESH:lowerRightPad.stl
G1 F1101.9 X211.838 Y215.804 E160.18631
G1 F1314.3 X211.806 Y216.622 E160.19955
G1 F1486.2 X211.793 Y217.788 E160.21622
G1 F1494.9 X211.803 Y218.625 E160.22813
G1 F1317.7 X211.84 Y219.749 E160.24627
G1 F1097.1 X211.923 Y221.332 E160.27698
G1 F977.6 X211.924 Y223.231 E160.31827
G1 F922.9 X211.926 Y225.13 E160.36201
G1 F875.5 X211.927 Y227.029 E160.40812
G1 F853.5 X212.528 Y227.003 E160.4231
G1 F859.3 X212.514 Y221.512 E160.55893
G1 F878.5 X212.481 Y221.119 E160.56847
G1 F955.6 X212.369 Y220.402 E160.58461
G1 F1111.4 X212.258 Y219.684 E160.59851
G1 F1321.1 X212.153 Y218.617 E160.61576
G1 F1499.3 X212.123 Y217.726 E160.6284
G1 F1486.2 X212.161 Y216.65 E160.6438
G1 F1310.9 X212.26 Y215.807 E160.65756
G1 F1097.1 X212.387 Y214.992 E160.67354
G1 F933 X212.513 Y214.177 E160.69233
G1 F860.7 X212.525 Y203.342 E160.95991
G1 F856.4 X211.927 Y203.322 E160.97476
G1 F860.7 X211.923 Y214.148 E161.24211
G1 F933 X211.879 Y215 E161.26155
M204 S2500
G0 F15000 X211.418 Y215
M204 S1250
;TYPE:WALL-OUTER
G1 F1217.3 X211.418 Y227.376 E161.47765
G1 X211.544 Y227.538 E161.48124
G1 X212.461 Y227.538 E161.49725
G1 X212.865 Y227.45 E161.50447
G1 X212.995 Y227.372 E161.50712
G1 X213.038 Y227.294 E161.50867
G1 X213.018 Y221.468 E161.6104
G1 X212.972 Y221.041 E161.6179
G1 X212.671 Y219.604 E161.64354
G1 X212.539 Y218.616 E161.66094
G1 X212.498 Y217.742 E161.67622
G1 X212.544 Y216.711 E161.69424
G1 X212.674 Y215.893 E161.70871
G1 X213.018 Y214.23 E161.73836
G1 X213.033 Y203.042 E161.93372
G1 X212.938 Y202.946 E161.93608
G1 X212.738 Y202.86 E161.93988
G1 X212.459 Y202.818 E161.94481
G1 X211.667 Y202.811 E161.95864
G1 X211.455 Y202.971 E161.96327
G1 X211.418 Y203.061 E161.96497
G1 X211.418 Y215 E162.17345
M204 S2500
G0 F15000 X211.418 Y215.2
;MESH:NONMESH
G0 F600 X211.418 Y215.2 Z4
G0 F15000 X211.861 Y215
;TIME_ELAPSED:303.300755
;LAYER:37
;note -- min layer time used
M204 S1250
;TYPE:WALL-INNER
;MESH:lowerRightPad.stl
G1 F1199.2 X211.833 Y215.71 E162.18591
G1 F1378.9 X211.79 Y217.227 E162.20907
G1 F1552.3 X211.791 Y218.19 E162.22212
G1 F1458.3 X211.811 Y219.214 E162.2369
G1 F1271.5 X211.843 Y220.008 E162.25005
G1 F1095.3 X211.874 Y220.803 E162.26533
G1 F1020.2 X211.878 Y227.078 E162.39473
G1 F1012.1 X212.378 Y227.059 E162.40513
G1 F1020.2 X212.366 Y220.782 E162.53457
G1 F1095.3 X212.272 Y219.991 E162.54987
G1 F1271.5 X212.178 Y219.199 E162.56306
G1 F1458.3 X212.118 Y218.178 E162.57782
G1 F1552.3 X212.116 Y217.165 E162.59155
G1 F1462.6 X212.178 Y216.349 E162.60332
G1 F1297.5 X212.242 Y215.724 E162.61351
G1 F1119.6 X212.366 Y214.701 E162.63287
G1 F1020.2 X212.378 Y203.32 E162.86756
G1 F1014.1 X211.878 Y203.292 E162.87795
G1 F1020.2 X211.874 Y214.682 E163.11283
G1 F1090.6 X211.861 Y215 E163.11897
M204 S2500
G0 F15000 X211.419 Y215
M204 S1250
;TYPE:WALL-OUTER
G1 F1204.9 X211.418 Y227.376 E163.33507
G1 X211.544 Y227.538 E163.33866
G1 X212.377 Y227.538 E163.3532
G1 X212.663 Y227.454 E163.35841
G1 X212.797 Y227.373 E163.36114
G1 X212.838 Y227.296 E163.36267
G1 X212.822 Y220.746 E163.47704
G1 X212.57 Y219.169 E163.50493
G1 X212.49 Y218.149 E163.52279
G1 X212.487 Y217.202 E163.53933
G1 X212.567 Y216.403 E163.55335
G1 X212.652 Y215.79 E163.56415
G1 X212.822 Y214.738 E163.58276
G1 X212.837 Y203.056 E163.78675
G1 X212.748 Y202.967 E163.78895
G1 X212.46 Y202.846 E163.7944
G1 X211.664 Y202.828 E163.8083
G1 X211.513 Y202.917 E163.81137
G1 X211.419 Y203.087 E163.81476
G1 X211.419 Y215 E164.02278
M204 S2500
G0 F15000 X211.419 Y215.2
;MESH:NONMESH
G0 F600 X211.419 Y215.2 Z4.1
G0 F15000 X211.826 Y215
;TIME_ELAPSED:308.738360
;LAYER:38
;note -- min layer time used
M204 S1250
;TYPE:WALL-INNER
;MESH:lowerRightPad.stl
G1 F1267.2 X211.826 Y215.238 E164.02671
G1 F1417.1 X211.785 Y216.981 E164.05244
G1 F1633.4 X211.779 Y217.784 E164.06272
G1 F1628.1 X211.786 Y218.566 E164.07277
G1 F1413.2 X211.826 Y220.263 E164.09789
G1 F1264 X211.828 Y227.123 E164.2114
G1 F1257.7 X212.228 Y227.08 E164.21809
G1 F1264 X212.223 Y220.263 E164.33089
G1 F1413.2 X212.099 Y218.515 E164.35683
G1 F1633.4 X212.081 Y217.741 E164.36674
G1 X212.1 Y216.957 E164.37679
G1 F1533.8 X212.137 Y216.347 E164.38512
G1 F1367.1 X212.222 Y215.248 E164.40198
G1 F1264 X212.228 Y203.315 E164.59944
G1 F1260.9 X212.069 Y203.266 E164.6022
G1 X211.828 Y203.268 E164.6062
G1 F1264 X211.826 Y215 E164.80033
M204 S2500
G0 F15000 X211.418 Y215
M204 S1250
;TYPE:WALL-OUTER
G1 F1197.8 X211.418 Y227.413 E165.01708
G1 X211.579 Y227.537 E165.02062
G1 X212.174 Y227.526 E165.03102
G1 X212.564 Y227.405 E165.03815
G1 X212.638 Y227.336 E165.03991
G1 X212.631 Y220.263 E165.16342
G1 X212.466 Y218.503 E165.19429
G1 X212.442 Y217.753 E165.20739
G1 X212.466 Y216.987 E165.22077
G1 X212.515 Y216.386 E165.2313
G1 X212.63 Y215.269 E165.25091
G1 X212.637 Y203.068 E165.46396
G1 X212.559 Y202.99 E165.46588
G1 X212.129 Y202.855 E165.47375
G1 X211.634 Y202.862 E165.4824
G1 X211.512 Y202.933 E165.48486
G1 X211.418 Y203.102 E165.48824
G1 X211.418 Y215 E165.696
M204 S2500
G0 F15000 X211.418 Y215.2
G1 F2700 E164.396
;MESH:NONMESH
G0 F600 X211.418 Y215.2 Z4.2
G0 F15000 X211.73 Y215.201
G0 X211.936 Y203.394
;TIME_ELAPSED:313.888218
;LAYER:39
;note -- min layer time used
M204 S1250
;TYPE:WALL-INNER
;MESH:lowerRightPad.stl
G1 F2700 E165.696
G1 F636.4 X211.934 Y215.989 E166.0128
G1 F666.1 X211.908 Y216.993 E166.03693
G1 F707.7 X211.9 Y217.783 E166.0548
G1 F674.3 X211.934 Y219.681 E166.09986
G1 F634.3 X211.936 Y226.995 E166.28444
M204 S2500
G1 F2700 E164.98444
G0 F15000 X211.733 Y215.001
G0 X211.422 Y215
M204 S1250
;TYPE:WALL-OUTER
G1 F2700 E166.28444
G1 F916.7 X211.422 Y227.37 E166.50044
G1 X211.556 Y227.542 E166.50425
G1 X212.197 Y227.489 E166.51548
G1 X212.358 Y227.421 E166.51853
G1 X212.445 Y227.336 E166.52066
G1 X212.447 Y219.681 E166.65432
G1 X212.394 Y218.521 E166.6746
G1 X212.378 Y217.763 E166.68784
G1 X212.394 Y216.997 E166.70122
G1 X212.446 Y215.989 E166.71884
G1 X212.444 Y203.091 E166.94406
G1 X212.281 Y202.956 E166.94776
G1 X211.966 Y202.871 E166.95345
G1 X211.635 Y202.877 E166.95924
G1 X211.51 Y202.951 E166.96177
G1 X211.422 Y203.117 E166.96505
G1 X211.422 Y215 E167.17255
M204 S2500
G0 F15000 X211.422 Y215.2
G1 F2700 E165.87255
;MESH:NONMESH
G0 F600 X211.422 Y215.2 Z4.3
G0 F15000 X211.733 Y215.201
G0 X211.856 Y203.33
;TIME_ELAPSED:320.014029
;LAYER:40
;note -- min layer time used
M204 S1250
;TYPE:WALL-INNER
;MESH:lowerRightPad.stl
G1 F2700 E167.17255
G1 F922.2 X211.856 Y227.095 E167.58357
M204 S2500
G1 F2700 E166.28357
G0 F15000 X211.749 Y215.001
G0 X211.439 Y215
M204 S1250
;TYPE:WALL-OUTER
G1 F2700 E167.58357
G1 F913.4 X211.438 Y227.354 E167.79929
G1 X211.546 Y227.505 E167.80253
G1 X211.767 Y227.532 E167.80642
G1 X212.169 Y227.428 E167.81367
G1 X212.27 Y227.336 E167.81606
G1 X212.274 Y203.106 E168.23915
G1 X212.202 Y203.027 E168.24102
G1 X211.965 Y202.922 E168.24554
G1 X211.702 Y202.891 E168.25017
G1 X211.495 Y202.996 E168.25422
G1 X211.439 Y203.184 E168.25765
G1 X211.439 Y215 E168.46397
M204 S2500
G0 F15000 X211.439 Y215.2
;MESH:NONMESH
G0 F600 X211.439 Y215.2 Z4.4
G0 F15000 X211.529 Y215
;TIME_ELAPSED:325.284026
;LAYER:41
;note -- min layer time used
M204 S1250
;TYPE:WALL-OUTER
;MESH:lowerRightPad.stl
G1 F488.4 X211.53 Y203.136 E168.71849
G1 X211.626 Y203.007 E168.72194
G1 X211.748 Y202.982 E168.72461
G1 X211.914 Y203.032 E168.72833
G1 X212.044 Y203.145 E168.73202
G1 F487.4 X212.045 Y227.311 E169.25146
G1 F486.5 X211.955 Y227.391 E169.25405
G1 X211.775 Y227.452 E169.25814
G1 X211.558 Y227.408 E169.26291
G1 X211.527 Y227.315 E169.26502
G1 F487.4 X211.529 Y215 E169.52972
M204 S2500
G0 F15000 X211.529 Y214.8
;MESH:NONMESH
G0 F600 X211.529 Y214.8 Z4.5
G0 F15000 X211.537 Y215
;TIME_ELAPSED:331.461280
;LAYER:42
;note -- min layer time used
M204 S1250
;TYPE:WALL-OUTER
;MESH:lowerRightPad.stl
G1 F639.6 X211.537 Y203.13 E169.72416
G1 X211.656 Y202.997 E169.72709
G1 X211.783 Y203.005 E169.72917
G1 X211.931 Y203.135 E169.7324
G1 X211.931 Y227.337 E170.12884
G1 X211.809 Y227.442 E170.13148
G1 X211.668 Y227.465 E170.13382
G1 X211.537 Y227.385 E170.13633
G1 X211.537 Y215 E170.33921
M204 S2500
G0 F15000 X211.537 Y214.8
G1 F2700 E169.03921
;MESH:NONMESH
G0 F600 X211.537 Y214.8 Z4.6
G0 F15000 X210.678 Y214.8
G0 X210.678 Y227.298
G0 X211.707 Y227.298
;TIME_ELAPSED:336.409997
;LAYER:43
;note -- min layer time used
M204 S1250
;TYPE:WALL-OUTER
;MESH:lowerRightPad.stl
G1 F2700 E170.33921
G1 F521.7 X211.712 Y203.183 E170.82345
;TIME_ELAPSED:339.251200
G1 F2700 E169.52345
M140 S0
M204 S5000
M107
G91 ;Relative positioning
G1 E-2 F2700 ;Retract a bit
G1 E-2 Z0.2 F2400 ;Retract and raise Z
G1 X5 Y5 F3000 ;Wipe out
G1 Z2 ;Raise Z more
G90 ;Absolute positioning
G1 X0 Y425 ;Present print
M106 S0 ;Turn-off fan
M104 S0 ;Turn-off hotend
M140 S0 ;Turn-off bed
M84 X Y E ;Disable all steppers but Z
M82 ;absolute extrusion mode
M104 S0
;End of Gcode
;SETTING_3 {"global_quality": "[general]\\nversion = 4\\nname = Not supported #2
;SETTING_3 \\ndefinition = elegoo_neptune_4max\\n\\n[metadata]\\ntype = quality_
;SETTING_3 changes\\nquality_type = not_supported\\nsetting_version = None\\n\\n
;SETTING_3 [values]\\nadhesion_type = brim\\nsupport_enable = True\\nsupport_str
;SETTING_3 ucture = tree\\nsupport_type = everywhere\\n\\n", "extruder_quality":
;SETTING_3  ["[general]\\nversion = 4\\nname = Not supported #2\\ndefinition = e
;SETTING_3 legoo_neptune_4max\\n\\n[metadata]\\ntype = quality_changes\\nquality
;SETTING_3 _type = not_supported\\nsetting_version = None\\nposition = 0\\n\\n[v
;SETTING_3 alues]\\ninfill_sparse_density = 20\\n\\n"]}
