;FLAVOR:Marlin
;TIME:339
;Filament used: 0.169061m
;Layer height: 0.1
;MINX:208.587
;MINY:197.163
;MINZ:0.3
;MAXX:221.493
;MAXY:232.837
;MAXZ:4.6
;TARGET_MACHINE.NAME:ELEGOO NEPTUNE 4 Max
;Generated with Cura_SteamEngine 5.9.0
M82 ;absolute extrusion mode
;ELEGOO NEPTUNE 4 MAX
M220 S100 ;Set the feed speed to 100%
M221 S100 ;Set the flow rate to 100%
M104 S140 ;Start heating extruder
M190 S60 ;Wait for the bed to reach print temp
G90
G28 ;home
G1 Z10 F300
G1 X165 Y0 F6000
G1 Z0 F300
M109 S235 ;Wait for extruder to reach print temp
G92 E0 ;Reset Extruder
G1 X165 Y0 Z0.4 F300 ;Move to start position
G1 X265 E30 F400 ;Draw the first line
G1 Z0.6 F120.0 ;Move to side a little
G1 X260 F3000
G92 E0 ;Reset Extruder
G92 E0
G92 E0
G1 F2700 E-1.3
;LAYER_COUNT:44
;LAYER:0
M107
M204 S500
G0 F7200 X216.819 Y232.837 Z0.3
;TYPE:SKIRT
G1 F2700 E0
G1 F3600 X213.356 Y232.837 E0.22676
G1 X211.94 Y232.554 E0.32131
G1 X210.771 Y231.909 E0.40874
G1 X209.823 Y231.117 E0.48963
G1 X209.01 Y229.803 E0.59081
G1 X208.888 Y229.528 E0.61051
G1 X208.587 Y228.151 E0.7028
G1 X208.613 Y224.337 E0.95255
G1 X208.743 Y223.421 E1.01314
G1 X209.206 Y222.261 E1.09492
G1 X209.456 Y221.84 E1.12698
G1 X210.332 Y220.852 E1.21345
G1 X210.898 Y220.429 E1.25971
G1 X211.308 Y220.043 E1.29659
G1 X211.68 Y219.57 E1.33599
G1 X212.151 Y218.734 E1.39882
G1 X212.961 Y217.739 E1.48284
G1 X212.171 Y216.805 E1.56294
G1 X211.685 Y215.936 E1.62814
G1 X211.286 Y215.43 E1.67033
G1 X211.021 Y215.162 E1.69501
G1 X210.278 Y214.587 E1.75653
G1 X209.621 Y213.867 E1.82035
G1 X209.037 Y212.903 E1.89416
G1 X208.842 Y212.402 E1.92936
G1 X208.588 Y211.153 E2.01282
G1 X208.587 Y201.932 E2.61662
G1 X208.87 Y200.517 E2.71111
G1 X209.516 Y199.347 E2.79863
G1 X210.304 Y198.402 E2.8792
G1 X211.699 Y197.539 E2.98661
G1 X211.862 Y197.472 E2.99815
G1 X213.261 Y197.163 E3.09196
G1 X216.724 Y197.163 E3.31872
G1 X218.14 Y197.446 E3.41328
G1 X219.309 Y198.091 E3.5007
G1 X220.257 Y198.883 E3.58159
G1 X221.099 Y200.244 E3.68639
G1 X221.203 Y200.523 E3.70589
G1 X221.493 Y201.844 E3.79445
G1 X221.467 Y214.34 E4.6127
G1 X221.338 Y215.262 E4.67366
G1 X220.885 Y216.39 E4.75325
G1 X220.426 Y217.075 E4.80725
G1 X219.774 Y217.766 E4.86946
G1 X220.329 Y218.295 E4.91966
G1 X220.787 Y218.953 E4.97216
G1 X221.247 Y219.902 E5.04122
G1 X221.492 Y221.112 E5.12206
G1 X221.493 Y228.068 E5.57754
G1 X221.21 Y229.483 E5.67203
G1 X220.564 Y230.653 E5.75955
G1 X219.776 Y231.598 E5.84012
G1 X218.381 Y232.461 E5.94753
G1 X218.218 Y232.528 E5.95907
G1 X216.819 Y232.837 E6.05288
G0 F7200 X216.76 Y232.312
G1 F3600 X213.409 Y232.312 E6.27231
G1 X212.123 Y232.055 E6.35818
G1 X211.068 Y231.473 E6.43708
G1 X210.223 Y230.767 E6.50918
G1 X209.456 Y229.527 E6.60466
G1 X209.39 Y229.364 E6.61617
G1 X209.112 Y228.096 E6.70117
G1 X209.133 Y224.411 E6.94248
G1 X209.254 Y223.558 E6.99889
G1 X209.694 Y222.456 E7.07659
G1 X209.883 Y222.15 E7.10014
G1 X210.688 Y221.241 E7.17965
G1 X211.234 Y220.833 E7.22428
G1 X211.695 Y220.4 E7.26569
G1 X212.118 Y219.863 E7.31046
G1 X212.587 Y219.03 E7.37305
G1 X213.267 Y218.194 E7.44362
G1 X213.901 Y217.753 E7.49419
G1 X213.318 Y217.348 E7.54067
G1 X212.605 Y216.505 E7.61297
G1 X212.124 Y215.646 E7.67743
G1 X211.676 Y215.078 E7.7248
G1 X211.374 Y214.772 E7.75296
G1 X210.638 Y214.202 E7.81391
G1 X210.043 Y213.55 E7.87171
G1 X209.486 Y212.631 E7.94208
G1 X209.356 Y212.297 E7.96555
G1 X209.113 Y211.102 E8.0454
G1 X209.112 Y201.985 E8.64239
G1 X209.369 Y200.698 E8.72833
G1 X209.951 Y199.645 E8.80711
G1 X210.653 Y198.803 E8.87889
G1 X211.975 Y197.985 E8.98069
G1 X213.32 Y197.688 E9.07088
G1 X216.671 Y197.688 E9.29031
G1 X217.957 Y197.945 E9.37618
G1 X219.012 Y198.527 E9.45508
G1 X219.857 Y199.233 E9.52718
G1 X220.624 Y200.473 E9.62265
G1 X220.69 Y200.636 E9.63417
G1 X220.968 Y201.902 E9.71904
G1 X220.947 Y214.267 E10.52872
G1 X220.827 Y215.126 E10.58551
G1 X220.418 Y216.144 E10.65735
G1 X220.015 Y216.746 E10.70479
G1 X219.311 Y217.492 E10.77195
G1 X218.939 Y217.736 E10.80108
G1 X219.086 Y217.836 E10.81272
G1 X219.928 Y218.638 E10.88887
G1 X220.314 Y219.182 E10.93255
G1 X220.745 Y220.072 E10.9973
G1 X220.967 Y221.167 E11.07046
G1 X220.968 Y228.015 E11.51887
G1 X220.711 Y229.302 E11.60481
G1 X220.129 Y230.355 E11.68359
G1 X219.427 Y231.197 E11.75537
G1 X218.105 Y232.015 E11.85717
G1 X216.76 Y232.312 E11.94737
G0 F7200 X216.701 Y231.787
G1 F3600 X213.462 Y231.787 E12.15946
G1 X212.306 Y231.556 E12.23665
G1 X211.363 Y231.035 E12.3072
G1 X210.626 Y230.42 E12.37005
G1 X209.903 Y229.251 E12.46006
G1 X209.637 Y228.039 E12.54131
G1 X209.653 Y224.485 E12.77403
G1 X209.765 Y223.695 E12.82628
G1 X210.182 Y222.651 E12.89989
G1 X210.276 Y222.498 E12.91165
G1 X211.044 Y221.63 E12.98754
G1 X211.57 Y221.238 E13.03049
G1 X212.082 Y220.756 E13.07654
G1 X212.555 Y220.156 E13.12657
G1 X213.023 Y219.325 E13.18902
G1 X213.626 Y218.584 E13.25158
G1 X214.542 Y217.947 E13.32463
G1 X215.057 Y217.762 E13.36047
G1 X214.411 Y217.469 E13.40692
G1 X213.674 Y216.956 E13.46571
G1 X213.039 Y216.205 E13.53011
G1 X212.563 Y215.356 E13.59385
G1 X212.066 Y214.726 E13.64639
G1 X211.724 Y214.379 E13.6783
G1 X210.995 Y213.814 E13.73869
G1 X210.465 Y213.233 E13.79019
G1 X209.935 Y212.359 E13.85712
G1 X209.87 Y212.192 E13.86885
G1 X209.638 Y211.051 E13.94509
G1 X209.637 Y202.038 E14.53527
G1 X209.868 Y200.882 E14.61247
G1 X210.389 Y199.939 E14.68301
G1 X211 Y199.206 E14.7455
G1 X212.176 Y198.479 E14.83603
G1 X213.379 Y198.213 E14.91671
G1 X216.618 Y198.213 E15.1288
G1 X217.774 Y198.444 E15.20599
G1 X218.717 Y198.965 E15.27654
G1 X219.454 Y199.58 E15.33939
G1 X220.177 Y200.749 E15.4294
G1 X220.443 Y201.96 E15.51058
G1 X220.427 Y214.194 E16.31168
G1 X220.316 Y214.99 E16.3643
G1 X219.951 Y215.898 E16.42838
G1 X219.604 Y216.417 E16.46927
G1 X218.929 Y217.132 E16.53365
G1 X217.991 Y217.69 E16.60512
G1 X217.824 Y217.754 E16.61683
G1 X218.724 Y218.216 E16.68307
G1 X219.529 Y218.982 E16.75584
G1 X219.862 Y219.452 E16.79355
G1 X220.243 Y220.238 E16.85075
G1 X220.442 Y221.222 E16.91649
G1 X220.443 Y227.962 E17.35783
G1 X220.212 Y229.118 E17.43502
G1 X219.691 Y230.061 E17.50557
G1 X219.08 Y230.794 E17.56805
G1 X217.904 Y231.521 E17.65859
G1 X216.701 Y231.787 E17.73926
G0 F7200 X216.642 Y231.262
G1 F3600 X213.515 Y231.262 E17.94402
G1 X212.49 Y231.057 E18.01247
G1 X211.657 Y230.597 E18.07478
G1 X211.029 Y230.073 E18.12833
G1 X210.397 Y229.051 E18.20702
G1 X210.162 Y227.982 E18.27869
G1 X210.173 Y224.558 E18.5029
G1 X210.276 Y223.829 E18.55111
G1 X210.669 Y222.846 E18.62043
G1 X211.402 Y222.017 E18.69289
G1 X211.91 Y221.639 E18.73435
G1 X212.469 Y221.112 E18.78466
G1 X212.994 Y220.447 E18.84014
G1 X213.46 Y219.619 E18.90235
G1 X213.985 Y218.974 E18.95681
G1 X214.842 Y218.378 E19.02516
G1 X215.916 Y218.045 E19.09879
G1 X216.1 Y218.022 E19.11093
G1 X216.922 Y218.066 E19.16484
G1 X217.645 Y218.252 E19.21372
G1 X218.418 Y218.649 E19.27062
G1 X219.129 Y219.326 E19.33491
G1 X219.389 Y219.681 E19.36372
G1 X219.741 Y220.408 E19.41661
G1 X219.917 Y221.277 E19.47467
G1 X219.918 Y227.909 E19.90894
G1 X219.713 Y228.934 E19.97739
G1 X219.253 Y229.767 E20.0397
G1 X218.731 Y230.393 E20.09307
G1 X217.706 Y231.027 E20.17199
G1 X216.642 Y231.262 E20.24334
G1 F2700 E18.94334
G0 F7200 X217.059 Y228.403
G0 X217.099 Y217.392
G1 F2700 E20.24334
G1 F3600 X216.146 Y217.496 E20.30611
G1 X215.266 Y217.281 E20.36543
G1 X214.671 Y217.01 E20.40824
G1 X214.03 Y216.564 E20.45938
G1 X213.473 Y215.905 E20.51588
G1 X213.002 Y215.065 E20.57894
G1 X212.456 Y214.374 E20.63661
G1 X212.078 Y213.989 E20.67194
G1 X211.355 Y213.429 E20.73182
G1 X210.887 Y212.916 E20.77729
G1 X210.384 Y212.087 E20.84078
G1 X210.163 Y211 E20.91342
G1 X210.162 Y202.091 E21.49679
G1 X210.367 Y201.066 E21.56523
G1 X210.827 Y200.233 E21.62754
G1 X211.349 Y199.607 E21.68092
G1 X212.374 Y198.973 E21.75984
G1 X213.438 Y198.738 E21.83119
G1 X216.565 Y198.738 E22.03595
G1 X217.59 Y198.943 E22.10439
G1 X218.423 Y199.403 E22.1667
G1 X219.051 Y199.927 E22.22026
G1 X219.683 Y200.949 E22.29894
G1 X219.918 Y202.018 E22.37061
G1 X219.907 Y214.122 E23.16319
G1 X219.805 Y214.854 E23.21159
G1 X219.485 Y215.649 E23.26771
G1 X219.189 Y216.092 E23.30259
G1 X218.597 Y216.719 E23.35906
G1 X217.723 Y217.239 E23.42565
G1 X217.099 Y217.392 E23.46772
G0 F7200 X217.042 Y216.87
G1 F3600 X216.181 Y216.964 E23.52444
G1 X215.44 Y216.783 E23.57438
G1 X214.931 Y216.551 E23.61101
G1 X214.386 Y216.172 E23.65448
G1 X213.907 Y215.605 E23.70308
G1 X213.441 Y214.774 E23.76547
G1 X212.847 Y214.022 E23.82822
G1 X212.432 Y213.599 E23.86702
G1 X211.715 Y213.044 E23.9264
G1 X211.309 Y212.599 E23.96584
G1 X210.88 Y211.892 E24.01999
G1 X210.688 Y210.949 E24.08301
G1 X210.687 Y202.144 E24.65957
G1 X210.866 Y201.25 E24.71927
G1 X211.265 Y200.527 E24.77334
G1 X211.698 Y200.008 E24.8176
G1 X212.572 Y199.467 E24.88491
G1 X213.497 Y199.263 E24.94693
G1 X216.512 Y199.263 E25.14436
G1 X217.406 Y199.442 E25.20406
G1 X218.129 Y199.841 E25.25813
G1 X218.648 Y200.274 E25.30239
G1 X219.189 Y201.149 E25.36975
G1 X219.393 Y202.076 E25.43191
G1 X219.387 Y214.05 E26.21598
G1 X219.294 Y214.718 E26.26014
G1 X219.017 Y215.405 E26.30864
G1 X218.807 Y215.732 E26.33409
G1 X218.265 Y216.306 E26.38578
G1 X217.524 Y216.747 E26.44225
G1 X217.042 Y216.87 E26.47482
G0 F7200 X217.323 Y216.256
G1 F3600 X216.985 Y216.348 E26.49776
G1 X216.216 Y216.432 E26.54841
G1 X215.614 Y216.285 E26.58899
G1 X215.149 Y216.073 E26.62246
G1 X214.744 Y215.782 E26.65511
G1 X214.341 Y215.305 E26.696
G1 X213.88 Y214.483 E26.75771
G1 X213.242 Y213.675 E26.82513
G1 X212.778 Y213.203 E26.86847
G1 X212.072 Y212.656 E26.92695
G1 X211.731 Y212.282 E26.96009
G1 X211.376 Y211.697 E27.0049
G1 X211.213 Y210.898 E27.05829
G1 X211.212 Y202.197 E27.62804
G1 X211.365 Y201.432 E27.67913
G1 X211.699 Y200.826 E27.72444
G1 X212.047 Y200.41 E27.75995
G1 X212.773 Y199.961 E27.81585
G1 X213.556 Y199.788 E27.86836
G1 X216.459 Y199.788 E28.05845
G1 X217.224 Y199.941 E28.10953
G1 X217.83 Y200.275 E28.15484
G1 X218.246 Y200.623 E28.19036
G1 X218.695 Y201.349 E28.24625
G1 X218.868 Y202.134 E28.29889
G1 X218.867 Y213.978 E29.07444
G1 X218.783 Y214.582 E29.11438
G1 X218.53 Y215.209 E29.15865
G1 X218.425 Y215.372 E29.17134
G1 X217.933 Y215.893 E29.21827
G1 X217.323 Y216.256 E29.26475
G0 F7200 X217.117 Y215.768
G1 F3600 X216.928 Y215.826 E29.27769
G1 X216.252 Y215.9 E29.32222
G1 X215.832 Y215.807 E29.35039
G1 X215.367 Y215.595 E29.38386
G1 X215.104 Y215.394 E29.40553
G1 X214.775 Y215.005 E29.43889
G1 X214.513 Y214.538 E29.47395
G1 X214.232 Y214.082 E29.50903
G1 X213.633 Y213.323 E29.57234
G1 X213.129 Y212.81 E29.61943
G1 X212.451 Y212.292 E29.6753
G1 X212.18 Y212.01 E29.70091
G1 X211.872 Y211.502 E29.73981
G1 X211.738 Y210.847 E29.78359
G1 X211.737 Y202.25 E30.34653
G1 X211.864 Y201.615 E30.38893
G1 X212.159 Y201.08 E30.42894
G1 X212.396 Y200.811 E30.45242
G1 X212.971 Y200.455 E30.4967
G1 X213.615 Y200.313 E30.53988
G1 X216.406 Y200.313 E30.72264
G1 X217.041 Y200.44 E30.76504
G1 X217.576 Y200.735 E30.80505
G1 X217.845 Y200.972 E30.82852
G1 X218.201 Y201.547 E30.87281
G1 X218.343 Y202.192 E30.91605
G1 X218.342 Y213.978 E31.68781
G1 X218.273 Y214.443 E31.71859
G1 X218.043 Y215.012 E31.75878
G1 X217.601 Y215.48 E31.80093
G1 X217.117 Y215.768 E31.83781
G0 F7200 X216.871 Y215.304
G1 F3600 X216.28 Y215.369 E31.87674
G1 X216.041 Y215.326 E31.89265
G1 X215.666 Y215.163 E31.91942
G1 X215.497 Y215.046 E31.93288
G1 X215.233 Y214.748 E31.95895
G1 X214.96 Y214.262 E31.99545
G1 X214.669 Y213.79 E32.03176
G1 X214.361 Y213.368 E32.06597
G1 X214.023 Y212.971 E32.10011
G1 X213.637 Y212.579 E32.13613
G1 X213.248 Y212.24 E32.16992
G1 X212.83 Y211.928 E32.20408
G1 X212.559 Y211.646 E32.22969
G1 X212.368 Y211.308 E32.25511
G1 X212.263 Y210.796 E32.28933
G1 X212.262 Y202.25 E32.84893
G1 X212.324 Y201.869 E32.87421
G1 X212.619 Y201.334 E32.91421
G1 X212.771 Y201.179 E32.92843
G1 X213.17 Y200.949 E32.95859
G1 X213.674 Y200.838 E32.99238
G1 X216.406 Y200.838 E33.17127
G1 X216.787 Y200.9 E33.19655
G1 X217.322 Y201.195 E33.23655
G1 X217.477 Y201.347 E33.25077
G1 X217.707 Y201.746 E33.28093
G1 X217.818 Y202.25 E33.31472
G1 X217.817 Y213.978 E34.08268
G1 X217.755 Y214.359 E34.10796
G1 X217.595 Y214.721 E34.13387
G1 X217.219 Y215.119 E34.16972
G1 X216.871 Y215.304 E34.19553
G1 F2700 E32.89553
G0 F7200 X216.728 Y214.142
G1 F2700 E34.19553
G1 F3600 X216.618 Y214.271 E34.20663
G1 X216.462 Y214.336 E34.2177
G1 X216.293 Y214.322 E34.2288
G1 X216.149 Y214.234 E34.23985
G1 X215.865 Y213.729 E34.27779
G1 X215.544 Y213.21 E34.31775
G1 X215.181 Y212.712 E34.3581
G1 X214.791 Y212.253 E34.39754
G1 X214.361 Y211.817 E34.43764
G1 X213.908 Y211.422 E34.477
G1 X213.458 Y211.086 E34.51377
G1 X213.35 Y210.956 E34.52484
G1 X213.313 Y210.796 E34.53559
G1 X213.312 Y202.25 E35.09519
G1 X213.351 Y202.086 E35.10623
G1 X213.461 Y201.957 E35.11733
G1 X213.674 Y201.888 E35.13199
G1 X216.406 Y201.888 E35.31089
G1 X216.57 Y201.927 E35.32193
G1 X216.699 Y202.037 E35.33303
G1 X216.768 Y202.25 E35.34769
G1 X216.767 Y213.978 E36.11565
G1 X216.728 Y214.142 E36.12669
G0 F7200 X216.858 Y214.738
G1 F3600 X216.664 Y214.821 E36.1405
G1 X216.25 Y214.845 E36.16766
G1 X215.875 Y214.682 E36.19443
G1 X215.691 Y214.491 E36.2118
G1 X215.407 Y213.986 E36.24974
G1 X215.11 Y213.505 E36.28675
G1 X214.771 Y213.04 E36.32444
G1 X214.407 Y212.612 E36.36123
G1 X213.999 Y212.198 E36.39929
G1 X213.578 Y211.831 E36.43586
G1 X213.144 Y211.507 E36.47132
G1 X212.946 Y211.291 E36.49051
G1 X212.838 Y211.074 E36.50638
G1 X212.788 Y210.796 E36.52488
G1 X212.787 Y202.25 E37.08448
G1 X212.84 Y201.965 E37.10346
G1 X213.062 Y201.616 E37.13054
G1 X213.299 Y201.458 E37.1492
G1 X213.674 Y201.363 E37.17453
G1 X216.406 Y201.363 E37.35342
G1 X216.691 Y201.416 E37.3724
G1 X217.04 Y201.638 E37.39949
G1 X217.198 Y201.875 E37.41814
G1 X217.293 Y202.25 E37.44347
G1 X217.292 Y213.978 E38.21143
G1 X217.239 Y214.263 E38.23041
G1 X217.127 Y214.483 E38.24658
G1 X216.858 Y214.738 E38.27085
G1 F2700 E36.97085
G0 F7200 X218.111 Y219.082
G1 F2700 E38.27085
G1 F3600 X218.713 Y219.647 E38.32491
G1 X218.916 Y219.91 E38.34666
G1 X219.239 Y220.578 E38.39525
G1 X219.392 Y221.332 E38.44563
G1 X219.393 Y227.856 E38.87283
G1 X219.214 Y228.75 E38.93253
G1 X218.815 Y229.473 E38.9866
G1 X218.382 Y229.992 E39.03086
G1 X217.508 Y230.533 E39.09817
G1 X216.583 Y230.737 E39.16019
G1 X213.568 Y230.737 E39.35762
G1 X212.674 Y230.558 E39.41732
G1 X211.951 Y230.159 E39.47139
G1 X211.432 Y229.726 E39.51565
G1 X210.891 Y228.851 E39.58302
G1 X210.687 Y227.924 E39.64517
G1 X210.693 Y224.631 E39.8608
G1 X210.787 Y223.963 E39.90497
G1 X211.122 Y223.126 E39.964
G1 X211.758 Y222.407 E40.02686
G1 X212.246 Y222.043 E40.06673
G1 X212.856 Y221.468 E40.12162
G1 X213.431 Y220.74 E40.18236
G1 X213.894 Y219.918 E40.24414
G1 X214.346 Y219.363 E40.29101
G1 X215.076 Y218.855 E40.34925
G1 X216.072 Y218.546 E40.41753
G1 X216.842 Y218.587 E40.46802
G1 X217.455 Y218.745 E40.50947
G1 X218.111 Y219.082 E40.55777
G1 F2700 E39.25777
G0 F7200 X218.466 Y220.185
G1 F2700 E40.55777
G1 F3600 X218.737 Y220.746 E40.59856
G1 X218.867 Y221.387 E40.64139
G1 X218.868 Y227.803 E41.06152
G1 X218.715 Y228.568 E41.1126
G1 X218.381 Y229.174 E41.15791
G1 X218.033 Y229.59 E41.19342
G1 X217.307 Y230.039 E41.24932
G1 X216.524 Y230.212 E41.30183
G1 X213.621 Y230.212 E41.49192
G1 X212.856 Y230.059 E41.543
G1 X212.25 Y229.725 E41.58831
G1 X211.834 Y229.377 E41.62383
G1 X211.385 Y228.651 E41.67972
G1 X211.212 Y227.866 E41.73236
G1 X211.213 Y224.704 E41.93941
G1 X211.298 Y224.097 E41.97955
G1 X211.575 Y223.406 E42.02829
G1 X212.114 Y222.796 E42.0816
G1 X212.582 Y222.447 E42.11982
G1 X213.243 Y221.824 E42.1793
G1 X213.868 Y221.033 E42.24531
G1 X214.33 Y220.214 E42.30689
G1 X214.705 Y219.753 E42.3458
G1 X215.31 Y219.332 E42.39406
G1 X216.138 Y219.075 E42.45083
G1 X216.762 Y219.108 E42.49175
G1 X217.266 Y219.238 E42.52583
G1 X217.804 Y219.514 E42.56543
G1 X218.353 Y220.03 E42.61476
G1 X218.466 Y220.185 E42.62732
G1 F2700 E41.32732
G0 F7200 X218.342 Y221.442
G1 F2700 E42.62732
G1 F3600 X218.343 Y227.75 E43.04038
G1 X218.216 Y228.385 E43.08278
G1 X217.921 Y228.92 E43.12279
G1 X217.684 Y229.189 E43.14626
G1 X217.109 Y229.545 E43.19054
G1 X216.465 Y229.687 E43.23373
G1 X213.674 Y229.687 E43.41648
G1 X213.039 Y229.56 E43.45889
G1 X212.504 Y229.265 E43.49889
G1 X212.235 Y229.028 E43.52237
G1 X211.879 Y228.453 E43.56665
G1 X211.737 Y227.808 E43.6099
G1 X211.738 Y224.704 E43.81315
G1 X211.809 Y224.232 E43.84441
G1 X212.027 Y223.688 E43.88278
G1 X212.473 Y223.183 E43.9269
G1 X212.918 Y222.851 E43.96325
G1 X213.633 Y222.177 E44.0276
G1 X214.225 Y221.428 E44.09011
G1 X214.498 Y220.985 E44.12419
G1 X214.737 Y220.546 E44.15692
G1 X215.066 Y220.142 E44.19103
G1 X215.544 Y219.809 E44.22918
G1 X216.203 Y219.604 E44.27437
G1 X216.641 Y219.619 E44.30307
G1 X217.047 Y219.715 E44.33039
G1 X217.444 Y219.897 E44.35898
G1 X217.993 Y220.413 E44.40832
G1 X218.235 Y220.914 E44.44475
G1 X218.342 Y221.442 E44.48003
G0 F7200 X217.817 Y221.442
G1 F3600 X217.818 Y227.75 E44.89308
G1 X217.756 Y228.131 E44.91836
G1 X217.461 Y228.666 E44.95836
G1 X217.309 Y228.821 E44.97258
G1 X216.91 Y229.051 E45.00273
G1 X216.406 Y229.162 E45.03653
G1 X213.674 Y229.162 E45.21542
G1 X213.293 Y229.1 E45.2407
G1 X212.758 Y228.805 E45.2807
G1 X212.603 Y228.653 E45.29492
G1 X212.373 Y228.254 E45.32508
G1 X212.262 Y227.75 E45.35887
G1 X212.263 Y224.704 E45.55832
G1 X212.327 Y224.318 E45.58394
G1 X212.481 Y223.967 E45.60904
G1 X212.83 Y223.572 E45.64356
G1 X213.248 Y223.26 E45.67771
G1 X213.637 Y222.921 E45.7115
G1 X214.023 Y222.529 E45.74752
G1 X214.362 Y222.13 E45.78181
G1 X214.662 Y221.72 E45.81507
G1 X214.953 Y221.248 E45.85138
G1 X215.155 Y220.864 E45.87979
G1 X215.391 Y220.554 E45.90531
G1 X215.7 Y220.31 E45.93109
G1 X216.274 Y220.131 E45.97046
G1 X216.52 Y220.13 E45.98657
G1 X216.926 Y220.226 E46.01389
G1 X217.145 Y220.337 E46.02996
G1 X217.564 Y220.73 E46.06758
G1 X217.723 Y221.031 E46.08987
G1 X217.817 Y221.442 E46.11748
G1 F2700 E44.81748
G0 F7200 X216.767 Y221.442
G1 F2700 E46.11748
G1 F3600 X216.664 Y221.27 E46.1306
G1 X216.522 Y221.179 E46.14165
G1 X216.353 Y221.164 E46.15276
G1 X216.196 Y221.226 E46.16381
G1 X216.085 Y221.353 E46.17486
G1 X215.866 Y221.769 E46.20564
G1 X215.544 Y222.29 E46.24575
G1 X215.182 Y222.787 E46.28601
G1 X214.791 Y223.247 E46.32554
G1 X214.361 Y223.683 E46.36564
G1 X213.908 Y224.078 E46.40499
G1 X213.458 Y224.414 E46.44177
G1 X213.353 Y224.54 E46.45251
G1 X213.313 Y224.704 E46.46356
G1 X213.312 Y227.75 E46.66302
G1 X213.381 Y227.963 E46.67768
G1 X213.51 Y228.073 E46.68878
G1 X213.674 Y228.112 E46.69982
G1 X216.406 Y228.112 E46.87871
G1 X216.619 Y228.043 E46.89337
G1 X216.729 Y227.914 E46.90447
G1 X216.768 Y227.75 E46.91551
G1 X216.767 Y221.442 E47.32856
G0 F7200 X217.292 Y221.442
G1 F3600 X217.293 Y227.75 E47.74162
G1 X217.24 Y228.035 E47.7606
G1 X217.018 Y228.384 E47.78768
G1 X216.781 Y228.542 E47.80634
G1 X216.406 Y228.637 E47.83167
G1 X213.674 Y228.637 E48.01056
G1 X213.389 Y228.584 E48.02954
G1 X213.04 Y228.362 E48.05663
G1 X212.882 Y228.125 E48.07528
G1 X212.787 Y227.75 E48.10061
G1 X212.788 Y224.704 E48.30006
G1 X212.843 Y224.416 E48.31926
G1 X212.95 Y224.204 E48.33481
G1 X213.144 Y223.993 E48.35358
G1 X213.578 Y223.669 E48.38905
G1 X213.999 Y223.302 E48.42562
G1 X214.407 Y222.888 E48.46368
G1 X214.772 Y222.459 E48.50056
G1 X215.103 Y222.005 E48.53735
G1 X215.408 Y221.511 E48.57537
G1 X215.62 Y221.108 E48.60519
G1 X215.801 Y220.881 E48.6242
G1 X216.003 Y220.738 E48.6404
G1 X216.399 Y220.641 E48.6671
G1 X216.805 Y220.737 E48.69442
G1 X217.114 Y221 E48.72099
G1 X217.217 Y221.172 E48.73412
G1 X217.292 Y221.442 E48.75247
G1 F2700 E47.45247
;MESH:lowerLeftPad.stl
G0 F7200 X216.063 Y220.761
G0 X213.715 Y223.843
G0 X214.459 Y225.114
;TYPE:WALL-INNER
G1 F2700 E48.75247
G1 F3600 X214.459 Y226.961 E48.87341
G1 X215.617 Y226.961 E48.94924
G1 X215.616 Y224.043 E49.14031
G1 X215.164 Y224.499 E49.18235
G1 X214.459 Y225.114 E49.24361
G0 F7200 X213.934 Y224.835
;TYPE:WALL-OUTER
G1 F3600 X213.934 Y227.486 E49.4172
G1 X216.142 Y227.486 E49.56178
G1 X216.142 Y222.524 E49.8867
G1 X215.681 Y223.162 E49.93824
G1 X215.243 Y223.673 E49.98231
G1 X214.777 Y224.142 E50.02561
G1 X214.286 Y224.57 E50.06826
G1 X213.934 Y224.835 E50.09711
G0 F7200 X213.934 Y225.035
G1 F2700 E48.79711
G0 F7200 X215.038 Y226.382
;TYPE:SKIN
G1 F2700 E50.09711
G1 F2800 X215.037 Y225.37 E50.18231
G1 F2700 E48.88231
G0 F7200 X213.715 Y223.843
G0 X213.716 Y211.657
G0 X214.459 Y210.376
;TYPE:WALL-INNER
G1 F2700 E50.18231
G1 F3600 X215.127 Y210.959 E50.24037
G1 X215.618 Y211.455 E50.28607
G1 X215.617 Y203.035 E50.83742
G1 X214.459 Y203.035 E50.91324
G1 X214.459 Y210.376 E51.39394
G0 F7200 X213.934 Y210.663
;TYPE:WALL-OUTER
G1 F3600 X214.305 Y210.938 E51.42418
G1 X214.795 Y211.367 E51.46682
G1 X215.26 Y211.838 E51.51016
G1 X215.681 Y212.334 E51.55276
G1 X216.142 Y212.972 E51.6043
G1 X216.142 Y202.51 E52.28936
G1 X213.934 Y202.51 E52.43395
G1 X213.934 Y210.663 E52.96781
G0 F7200 X214.094 Y210.782
G1 F2700 E51.66781
G0 F7200 X213.01 Y210.783
G0 X213.01 Y203.615
G0 X215.038 Y203.614
;TYPE:SKIN
G1 F2700 E52.96781
G1 F2808.3 X215.036 Y210.109 E53.513
M104 S235
G1 F2700 E52.213
;MESH:NONMESH
G0 F600 X215.036 Y210.109 Z0.4
G0 F7200 X213.01 Y210.11
G0 X210.357 Y201.539
;TIME_ELAPSED:30.629978
;LAYER:1
;note -- min layer time used
M106 S255
M204 S750
;TYPE:SUPPORT
G1 F2700 E53.513
G1 F2430.4 X211.105 Y201.327 E53.5259
G1 X211.851 Y201.539 E53.53877
G1 X212.4 Y202.112 E53.55193
G1 X212.605 Y202.825 E53.56424
G1 X212.35 Y203.74 E53.57999
G1 X212.514 Y204.277 E53.58931
G1 X212.882 Y204.668 E53.59821
G1 X212.882 Y206.669 E53.63141
G1 X212.598 Y206.952 E53.63806
G1 X211.85 Y207.161 E53.65094
G1 X211.14 Y206.953 E53.66322
G1 X210.958 Y206.769 E53.66751
G1 X210.391 Y206.605 E53.6773
G1 X209.811 Y206.025 E53.69091
G1 X209.603 Y205.313 E53.70321
G1 X209.645 Y205.114 E53.70659
G1 X209.603 Y204.959 E53.70925
G1 X209.646 Y204.767 E53.71251
G1 X209.603 Y204.603 E53.71533
G1 X209.862 Y203.725 E53.73051
G1 X209.6 Y202.823 E53.74609
G1 X209.808 Y202.117 E53.7583
G1 X210.357 Y201.539 E53.77153
G1 F2700 E52.47153
G0 F8175 X216.959 Y201.597
G0 X217.472 Y202.243
G1 F2700 E53.77153
G1 F2430.4 X217.68 Y201.537 E53.78373
G1 X218.229 Y200.959 E53.79696
G1 X218.975 Y200.747 E53.80982
G1 X219.719 Y200.959 E53.82266
G1 X220.272 Y201.536 E53.83591
G1 X220.477 Y202.246 E53.84817
G1 X220.398 Y202.541 E53.85324
G1 X220.477 Y202.854 E53.85859
G1 X220.374 Y203.221 E53.86492
G1 X220.476 Y203.61 E53.87159
G1 X220.377 Y203.96 E53.87762
G1 X220.473 Y204.37 E53.88461
G1 X220.268 Y205.118 E53.89747
G1 X219.595 Y205.791 E53.91326
G1 X219.591 Y205.978 E53.91636
G1 X220.268 Y206.696 E53.93273
G1 X220.473 Y207.405 E53.94498
G1 X220.432 Y207.618 E53.94858
G1 X220.473 Y207.763 E53.95108
G1 X220.446 Y207.871 E53.95292
G1 X220.473 Y208.011 E53.95529
G1 X220.268 Y208.754 E53.96807
G1 X219.718 Y209.304 E53.98098
G1 X218.97 Y209.513 E53.99386
G1 X218.263 Y209.301 E54.0061
G1 X217.679 Y208.721 E54.01976
G1 X217.595 Y208.426 E54.02484
G1 X217.194 Y208.028 E54.03422
G1 X217.194 Y204.14 E54.09871
G1 X217.46 Y203.854 E54.10519
G1 X217.498 Y203.731 E54.10733
G1 X217.474 Y203.614 E54.10931
G1 X217.574 Y203.251 E54.11555
G1 X217.475 Y202.853 E54.12236
G1 X217.552 Y202.513 E54.12814
G1 X217.472 Y202.243 E54.13281
G1 F2700 E52.83281
G0 F8175 X218.224 Y211.618
G1 F2700 E54.13281
G1 F2430.4 X218.975 Y211.827 E54.14574
G1 X219.159 Y212.023 E54.1502
G1 X219.719 Y212.179 E54.15985
G1 X220.268 Y212.76 E54.17311
G1 X220.477 Y213.47 E54.18538
G1 X220.448 Y213.646 E54.18834
G1 X220.482 Y214.04 E54.1949
G1 X220.399 Y214.406 E54.20113
G1 X220.473 Y214.677 E54.20579
G1 X220.268 Y215.422 E54.21861
G1 X219.719 Y215.971 E54.23149
G1 X219.615 Y216.005 E54.2333
G1 X219.531 Y216.094 E54.23533
G1 X219.276 Y216.986 E54.25072
G1 X218.715 Y217.547 E54.26388
G1 X218.657 Y217.659 E54.26597
G1 X218.711 Y217.841 E54.26912
G1 X219.416 Y218.584 E54.28611
G1 X219.621 Y219.294 E54.29837
G1 X219.412 Y220.042 E54.31126
G1 X218.866 Y220.588 E54.32407
G1 X218.118 Y220.797 E54.33695
G1 X217.407 Y220.589 E54.34924
G1 X216.827 Y220.005 E54.36289
G1 X216.616 Y219.295 E54.37518
G1 X216.828 Y218.58 E54.38755
G1 X217.295 Y218.081 E54.39889
G1 X217.294 Y217.874 E54.40232
G1 X217.204 Y217.785 E54.40442
G1 X216.763 Y217.653 E54.41206
G1 X216.183 Y217.073 E54.42566
G1 X215.971 Y216.359 E54.43802
G1 X216.18 Y215.648 E54.45031
G1 X216.729 Y215.07 E54.46354
G1 X217.356 Y214.887 E54.47437
G1 X217.455 Y214.794 E54.47662
G1 X217.509 Y214.47 E54.48207
G1 X217.478 Y214.383 E54.4836
G1 X217.194 Y214.093 E54.49034
G1 X217.194 Y212.124 E54.523
G1 X217.473 Y211.827 E54.52976
G1 X218.224 Y211.618 E54.54269
G1 F2700 E53.24269
G0 F8175 X218.225 Y223.742
G1 F2700 E54.54269
G1 F2430.4 X218.975 Y223.951 E54.55561
G1 X219.159 Y224.146 E54.56005
G1 X219.719 Y224.303 E54.5697
G1 X220.272 Y224.884 E54.58301
G1 X220.477 Y225.593 E54.59525
G1 X220.436 Y225.806 E54.59885
G1 X220.477 Y225.951 E54.60135
G1 X220.474 Y226.194 E54.60538
G1 X220.346 Y226.7 E54.61404
G1 X220.473 Y227.143 E54.62168
G1 X220.268 Y227.89 E54.63453
G1 X219.722 Y228.436 E54.64734
G1 X218.974 Y228.645 E54.66023
G1 X218.263 Y228.437 E54.67251
G1 X217.683 Y227.853 E54.68617
G1 X217.472 Y227.145 E54.69842
G1 X217.594 Y226.684 E54.70633
G1 X217.558 Y226.585 E54.70808
G1 X217.194 Y226.216 E54.71668
G1 X217.194 Y224.252 E54.74926
G1 X217.477 Y223.951 E54.75611
G1 X218.225 Y223.742 E54.769
G1 F2700 E53.469
G0 F8175 X216.961 Y221.254
G0 X216.009 Y220.983
G0 X213.115 Y224.304
G0 X212.613 Y225.369
G1 F2700 E54.769
G1 F2430.4 X212.522 Y225.696 E54.77463
G1 X212.601 Y226.022 E54.78019
G1 X212.502 Y226.389 E54.7865
G1 X212.605 Y226.779 E54.79319
G1 X212.502 Y227.152 E54.79961
G1 X212.601 Y227.539 E54.80623
G1 X212.396 Y228.286 E54.81908
G1 X211.85 Y228.832 E54.83189
G1 X211.102 Y229.041 E54.84478
G1 X210.391 Y228.833 E54.85706
G1 X209.811 Y228.253 E54.87067
G1 X209.6 Y227.541 E54.88299
G1 X209.706 Y227.176 E54.88929
G1 X209.603 Y226.778 E54.89611
G1 X209.702 Y226.419 E54.90229
G1 X209.599 Y226.019 E54.90914
G1 X209.686 Y225.712 E54.91444
G1 X209.603 Y225.373 E54.92023
G1 X209.808 Y224.664 E54.93247
G1 X210.357 Y224.087 E54.94568
G1 X211.109 Y223.875 E54.95864
G1 X211.856 Y224.083 E54.9715
G1 X212.404 Y224.657 E54.98467
G1 X212.613 Y225.369 E54.99698
G1 F2700 E53.69698
;MESH:lowerLeftPad.stl
G0 F8175 X214.214 Y225.371
G0 X214.684 Y225.082
G0 X214.402 Y224.958
M204 S594
;TYPE:WALL-INNER
G1 F2700 E54.99698
G1 F2430.4 X214.402 Y227.118 E55.0347
G1 X215.674 Y227.118 E55.05691
G1 X215.674 Y223.768 E55.1154
G1 X215.028 Y224.415 E55.13137
G1 X214.402 Y224.958 E55.14584
M204 S750
G0 F8175 X213.982 Y224.733
M204 S594
;TYPE:WALL-OUTER
G1 F2430.4 X213.982 Y227.538 E55.19482
G1 X216.094 Y227.538 E55.2317
G1 X216.094 Y222.509 E55.31951
G1 X215.629 Y223.144 E55.33325
G1 X215.205 Y223.645 E55.34471
G1 X214.751 Y224.099 E55.35593
G1 X214.303 Y224.491 E55.36632
G1 X213.982 Y224.733 E55.37334
M204 S750
G0 F8175 X213.982 Y224.933
G0 X214.812 Y225.15
;TYPE:SKIN
G1 F2278.5 X215.26 Y224.759 E55.38442
G1 X215.26 Y226.704 E55.42064
G1 X214.812 Y226.704 E55.42899
G1 X214.812 Y225.15 E55.45793
G0 F8175 X215.057 Y225.201
G1 F2700 E54.15793
G0 F8175 X215.383 Y223.788
G0 X214.563 Y223.049
G0 X214.571 Y212.461
G0 X215.383 Y211.712
G0 X214.685 Y210.421
G0 X214.402 Y210.546
M204 S594
;TYPE:WALL-INNER
G1 F2700 E55.45793
G1 F2430.4 X215.006 Y211.062 E55.4718
G1 X215.674 Y211.734 E55.48835
G1 X215.674 Y202.878 E55.64299
G1 X214.402 Y202.878 E55.6652
G1 X214.402 Y210.546 E55.79909
M204 S750
G0 F8175 X213.982 Y210.736
M204 S594
;TYPE:WALL-OUTER
G1 F2430.4 X214.709 Y211.359 E55.81581
G1 X215.217 Y211.868 E55.82837
G1 X215.63 Y212.355 E55.83952
G1 X216.094 Y212.993 E55.85329
G1 X216.094 Y202.458 E56.03725
G1 X213.982 Y202.458 E56.07413
G1 X213.982 Y210.736 E56.21868
M204 S750
G0 F8175 X214.133 Y210.866
G0 X214.812 Y210.352
;TYPE:SKIN
G1 F2278.5 X214.812 Y203.288 E56.35025
G1 X215.26 Y203.288 E56.35859
G1 X215.26 Y210.734 E56.49728
G1 X214.812 Y210.352 E56.50825
G0 F8175 X215.058 Y210.304
G1 F2700 E55.20825
;MESH:NONMESH
G0 F600 X215.058 Y210.304 Z0.5
G0 F8175 X214.208 Y202.684
G0 X213.11 Y202.685
G0 X210.397 Y201.611
;TIME_ELAPSED:41.339944
;LAYER:2
;note -- min layer time used
M204 S1000
;TYPE:SUPPORT
G1 F2700 E56.50825
G1 F2362.5 X211.103 Y201.411 E56.52042
G1 X211.807 Y201.611 E56.53256
G1 X212.324 Y202.156 E56.54502
G1 X212.521 Y202.826 E56.55661
G1 X212.32 Y203.533 E56.5688
G1 X212.21 Y203.712 E56.57228
G1 X212.242 Y203.845 E56.57455
G1 X212.324 Y203.935 E56.57657
G1 X212.449 Y204.323 E56.58333
G1 X212.882 Y204.784 E56.59383
G1 X212.882 Y206.557 E56.62324
G1 X212.558 Y206.88 E56.63083
G1 X211.85 Y207.077 E56.64302
G1 X211.179 Y206.881 E56.65461
G1 X210.958 Y206.687 E56.65949
G1 X210.431 Y206.533 E56.6686
G1 X209.883 Y205.985 E56.68146
G1 X209.684 Y205.315 E56.69305
G1 X209.729 Y205.113 E56.69648
G1 X209.687 Y204.959 E56.69913
G1 X209.73 Y204.763 E56.70246
G1 X209.684 Y204.601 E56.70525
G1 X209.88 Y203.929 E56.71686
G1 X210.006 Y203.732 E56.72074
G1 X209.976 Y203.603 E56.72294
G1 X209.883 Y203.499 E56.72526
G1 X209.683 Y202.823 E56.73695
G1 X209.88 Y202.156 E56.74849
G1 X210.397 Y201.611 E56.76095
G1 F2700 E55.46095
G0 F9150 X216.909 Y201.597
G0 X217.556 Y202.246
G1 F2700 E56.76095
G1 F2362.5 X217.752 Y201.576 E56.77253
G1 X218.269 Y201.031 E56.78499
G1 X218.975 Y200.831 E56.79716
G1 X219.679 Y201.031 E56.8093
G1 X220.192 Y201.573 E56.82168
G1 X220.389 Y202.254 E56.83344
G1 X220.314 Y202.537 E56.8383
G1 X220.393 Y202.85 E56.84365
G1 X220.29 Y203.262 E56.8507
G1 X220.389 Y203.61 E56.8567
G1 X220.29 Y204.052 E56.86421
G1 X220.385 Y204.371 E56.86974
G1 X220.188 Y205.074 E56.88185
G1 X219.477 Y205.789 E56.89857
G1 X219.477 Y205.976 E56.90168
G1 X220.196 Y206.736 E56.91903
G1 X220.393 Y207.409 E56.93066
G1 X220.35 Y207.574 E56.93349
G1 X220.39 Y208.009 E56.94074
G1 X220.192 Y208.714 E56.95289
G1 X219.678 Y209.228 E56.96494
G1 X218.97 Y209.425 E56.97713
G1 X218.303 Y209.229 E56.98867
G1 X217.755 Y208.681 E57.00152
G1 X217.654 Y208.379 E57.0068
G1 X217.195 Y207.917 E57.01761
G1 X217.194 Y204.256 E57.07834
G1 X217.55 Y203.857 E57.08721
G1 X217.553 Y203.627 E57.09102
G1 X217.658 Y203.252 E57.09748
G1 X217.556 Y202.853 E57.10432
G1 X217.638 Y202.567 E57.10925
G1 X217.556 Y202.246 E57.11475
G1 F2700 E55.81475
G0 F9150 X218.224 Y211.703
G1 F2700 E57.11475
G1 F2362.5 X218.928 Y211.899 E57.12687
G1 X219.146 Y212.102 E57.13181
G1 X219.679 Y212.255 E57.14101
G1 X220.196 Y212.8 E57.15347
G1 X220.393 Y213.467 E57.16501
G1 X220.362 Y213.607 E57.16739
G1 X220.398 Y214.035 E57.17451
G1 X220.311 Y214.405 E57.18082
G1 X220.389 Y214.675 E57.18548
G1 X220.192 Y215.382 E57.19765
G1 X219.678 Y215.899 E57.20975
G1 X219.554 Y215.938 E57.2119
G1 X219.461 Y216.035 E57.21413
G1 X219.208 Y216.942 E57.22975
G1 X218.491 Y217.659 E57.24657
G1 X218.43 Y217.81 E57.24928
G1 X218.516 Y217.978 E57.25241
G1 X218.824 Y218.076 E57.25777
G1 X219.344 Y218.624 E57.2703
G1 X219.537 Y219.293 E57.28185
G1 X219.336 Y219.998 E57.29401
G1 X218.822 Y220.516 E57.30612
G1 X218.118 Y220.713 E57.31824
G1 X217.447 Y220.517 E57.32984
G1 X216.899 Y219.965 E57.34274
G1 X216.7 Y219.295 E57.35434
G1 X216.9 Y218.62 E57.36601
G1 X217.409 Y218.081 E57.37831
G1 X217.463 Y217.898 E57.38148
G1 X217.367 Y217.749 E57.38442
G1 X216.808 Y217.582 E57.3941
G1 X216.255 Y217.029 E57.40707
G1 X216.055 Y216.359 E57.41867
G1 X216.252 Y215.689 E57.43025
G1 X216.773 Y215.143 E57.44277
G1 X217.396 Y214.964 E57.45352
G1 X217.499 Y214.861 E57.45594
G1 X217.606 Y214.492 E57.46231
G1 X217.569 Y214.359 E57.4646
G1 X217.194 Y213.98 E57.47345
G1 X217.194 Y212.244 E57.50225
G1 X217.521 Y211.899 E57.51013
G1 X218.224 Y211.703 E57.52224
G1 F2700 E56.22224
G0 F9150 X218.224 Y223.826
G1 F2700 E57.52224
G1 F2362.5 X218.932 Y224.023 E57.53443
G1 X219.15 Y224.226 E57.53937
G1 X219.679 Y224.375 E57.54849
G1 X220.196 Y224.92 E57.56095
G1 X220.39 Y225.591 E57.57254
G1 X220.35 Y225.759 E57.5754
G1 X220.39 Y226.191 E57.5826
G1 X220.262 Y226.698 E57.59127
G1 X220.389 Y227.143 E57.59895
G1 X220.196 Y227.846 E57.61104
G1 X219.678 Y228.364 E57.62319
G1 X218.974 Y228.561 E57.63532
G1 X218.303 Y228.365 E57.64692
G1 X217.755 Y227.813 E57.65982
G1 X217.555 Y227.146 E57.67137
G1 X217.678 Y226.658 E57.67972
G1 X217.634 Y226.546 E57.68171
G1 X217.194 Y226.105 E57.69205
G1 X217.194 Y224.364 E57.72093
G1 X217.517 Y224.023 E57.72872
G1 X218.224 Y223.826 E57.7409
G1 F2700 E56.4409
G0 F9150 X216.911 Y221.309
G0 X215.947 Y221.044
G0 X213.165 Y224.27
G0 X212.653 Y225.357
G1 F2700 E57.7409
G1 F2362.5 X212.5 Y225.882 E57.74997
G1 X212.518 Y226.018 E57.75224
G1 X212.418 Y226.389 E57.75862
G1 X212.52 Y226.778 E57.76529
G1 X212.418 Y227.148 E57.77165
G1 X212.521 Y227.539 E57.77836
G1 X212.32 Y228.246 E57.79055
G1 X211.806 Y228.76 E57.80261
G1 X211.102 Y228.957 E57.81474
G1 X210.431 Y228.761 E57.82634
G1 X209.883 Y228.213 E57.83919
G1 X209.684 Y227.545 E57.85075
G1 X209.79 Y227.138 E57.85773
G1 X209.687 Y226.778 E57.86394
G1 X209.786 Y226.382 E57.87071
G1 X209.684 Y226.021 E57.87694
G1 X209.773 Y225.658 E57.88314
G1 X209.691 Y225.371 E57.88809
G1 X209.884 Y224.704 E57.89961
G1 X210.405 Y224.155 E57.91216
G1 X211.17 Y223.942 E57.92533
G1 X211.922 Y224.141 E57.93824
G1 X212.453 Y224.682 E57.95081
G1 X212.653 Y225.357 E57.96249
G1 F2700 E56.66249
;MESH:lowerLeftPad.stl
G0 F9150 X214.264 Y225.359
G0 X214.734 Y225.043
G0 X214.454 Y224.914
M204 S688
;TYPE:WALL-INNER
G1 F2700 E57.96249
G1 F2362.5 X214.454 Y227.118 E58.00098
G1 X215.626 Y227.118 E58.02144
G1 X215.623 Y223.815 E58.07912
G1 X215.032 Y224.411 E58.09377
G1 X214.454 Y224.914 E58.10715
M204 S1000
G0 F9150 X214.034 Y224.724
M204 S688
;TYPE:WALL-OUTER
G1 F2362.5 X214.034 Y227.538 E58.15629
G1 X216.046 Y227.538 E58.19142
G1 X216.043 Y222.561 E58.27833
G1 X215.633 Y223.136 E58.29066
G1 X215.205 Y223.64 E58.30221
G1 X214.755 Y224.095 E58.31338
G1 X214.034 Y224.724 E58.33009
M204 S1000
G0 F9150 X214.034 Y224.924
G0 X214.838 Y225.087
;TYPE:SKIN
G1 F2499.3 X215.235 Y224.743 E58.33876
G1 F2493 X215.237 Y226.729 E58.37162
G1 X214.839 Y226.729 E58.37821
G1 X214.838 Y225.087 E58.40538
G0 F9150 X215.064 Y225.26
G1 F2700 E57.10538
G0 F9150 X215.829 Y223.236
G0 X214.943 Y222.601
G0 X214.572 Y212.463
G0 X215.385 Y211.715
G0 X214.734 Y210.457
G0 X214.454 Y210.58
M204 S688
;TYPE:WALL-INNER
G1 F2700 E58.40538
G1 F2362.5 X215.062 Y211.118 E58.41955
G1 X215.622 Y211.681 E58.43342
G1 X215.625 Y202.879 E58.58711
G1 X214.455 Y202.879 E58.60754
G1 X214.454 Y210.58 E58.74202
M204 S1000
G0 F9150 X214.034 Y210.797
M204 S688
;TYPE:WALL-OUTER
G1 F2362.5 X214.304 Y211.006 E58.74798
G1 X214.765 Y211.415 E58.75874
G1 X215.225 Y211.876 E58.77011
G1 X215.634 Y212.363 E58.78122
G1 X216.042 Y212.928 E58.79339
G1 X216.045 Y202.459 E58.97619
G1 X214.035 Y202.459 E59.01129
G1 X214.034 Y210.797 E59.15688
M204 S1000
G0 F9150 X214.192 Y210.919
G0 X214.838 Y210.406
;TYPE:SKIN
G1 F2505.6 X214.842 Y203.266 E59.27443
G1 F2512 X215.238 Y203.266 E59.28094
G1 F2505.6 X215.234 Y210.753 E59.4042
G1 X214.838 Y210.406 E59.41287
G0 F9150 X215.115 Y210.351
G1 F2700 E58.11287
;MESH:NONMESH
G0 F600 X215.115 Y210.351 Z0.6
G0 F9150 X214.258 Y202.684
G0 X213.16 Y202.685
G0 X210.441 Y201.683
;TIME_ELAPSED:51.199572
;LAYER:3
;note -- min layer time used
M204 S1250
;TYPE:SUPPORT
G1 F2700 E59.41287
G1 F2306.7 X211.103 Y201.495 E59.42429
G1 X211.763 Y201.683 E59.43567
G1 X212.252 Y202.196 E59.44743
G1 X212.437 Y202.826 E59.45832
G1 X212.248 Y203.49 E59.46977
G1 X212.14 Y203.602 E59.47235
G1 X212.102 Y203.704 E59.47416
G1 X212.14 Y203.846 E59.4766
G1 X212.248 Y203.966 E59.47927
G1 X212.393 Y204.425 E59.48726
G1 X212.516 Y204.512 E59.48976
G1 X212.934 Y204.952 E59.49983
G1 X212.934 Y206.392 E59.52371
G1 X212.514 Y206.808 E59.53352
G1 X211.85 Y206.993 E59.54495
G1 X211.22 Y206.809 E59.55584
G1 X211.028 Y206.627 E59.56023
G1 X210.471 Y206.461 E59.56987
G1 X209.955 Y205.941 E59.58202
G1 X209.768 Y205.311 E59.59293
G1 X209.81 Y205.152 E59.59565
G1 X209.767 Y204.957 E59.59897
G1 X209.81 Y204.763 E59.60226
G1 X209.768 Y204.604 E59.60499
G1 X209.956 Y203.967 E59.61601
G1 X210.118 Y203.728 E59.6208
G1 X210.081 Y203.588 E59.6232
G1 X209.951 Y203.456 E59.62627
G1 X209.767 Y202.825 E59.63718
G1 X209.952 Y202.196 E59.64805
G1 X210.441 Y201.683 E59.65981
G1 F2700 E58.35981
G0 F10125 X213.221 Y201.597
G0 X216.859 Y201.597
G0 X217.64 Y202.243
G1 F2700 E59.65981
G1 F2306.7 X217.824 Y201.616 E59.67065
G1 X218.313 Y201.103 E59.6824
G1 X218.975 Y200.915 E59.69382
G1 X219.635 Y201.103 E59.7052
G1 X220.124 Y201.616 E59.71696
G1 X220.309 Y202.246 E59.72785
G1 X220.23 Y202.537 E59.73286
G1 X220.309 Y202.853 E59.73826
G1 X220.206 Y203.258 E59.74519
G1 X220.309 Y203.611 E59.75129
G1 X220.195 Y204.024 E59.7584
G1 X220.284 Y204.368 E59.76429
G1 X220.093 Y205.035 E59.7758
G1 X219.603 Y205.505 E59.78706
G1 X219.46 Y205.574 E59.7897
G1 X219.32 Y206.044 E59.79783
G1 X219.44 Y206.204 E59.80115
G1 X219.638 Y206.263 E59.80458
G1 X220.124 Y206.776 E59.8163
G1 X220.309 Y207.409 E59.82724
G1 X220.266 Y207.575 E59.83009
G1 X220.305 Y207.763 E59.83327
G1 X220.278 Y207.894 E59.83549
G1 X220.305 Y208.01 E59.83746
G1 X220.12 Y208.67 E59.84883
G1 X219.634 Y209.156 E59.86024
G1 X218.97 Y209.341 E59.87167
G1 X218.343 Y209.157 E59.88251
G1 X217.823 Y208.641 E59.89466
G1 X217.689 Y208.259 E59.90138
G1 X217.591 Y208.201 E59.90327
G1 X217.146 Y207.757 E59.91369
G1 X217.146 Y206.343 E59.93715
G1 X217.282 Y206.186 E59.9406
G1 X217.282 Y205.988 E59.94388
G1 X217.146 Y205.838 E59.94724
G1 X217.146 Y204.424 E59.9707
G1 X217.376 Y204.178 E59.97628
G1 X217.532 Y203.681 E59.98492
G1 X217.663 Y203.529 E59.98825
G1 X217.742 Y203.214 E59.99364
G1 X217.64 Y202.853 E59.99986
G1 X217.722 Y202.567 E60.0048
G1 X217.64 Y202.243 E60.01034
G1 F2700 E58.71034
G0 F10125 X218.224 Y211.783
G1 F2700 E60.01034
G1 F2306.7 X218.887 Y211.971 E60.02177
G1 X219.073 Y212.164 E60.02622
G1 X219.639 Y212.323 E60.03597
G1 X220.124 Y212.836 E60.04768
G1 X220.308 Y213.466 E60.05857
G1 X220.274 Y213.603 E60.06091
G1 X220.318 Y214.038 E60.06817
G1 X220.23 Y214.366 E60.0738
G1 X220.309 Y214.674 E60.07907
G1 X220.12 Y215.338 E60.09053
G1 X219.634 Y215.828 E60.10197
G1 X219.412 Y215.891 E60.1058
G1 X219.308 Y215.988 E60.10816
G1 X219.286 Y216.097 E60.11001
G1 X219.321 Y216.234 E60.11235
G1 X219.132 Y216.898 E60.1238
G1 X218.648 Y217.382 E60.13516
G1 X218.433 Y217.469 E60.13901
G1 F2138.6 X218.333 Y217.624 E60.14231
G1 F1807.5 X218.284 Y217.904 E60.14832
G1 F1926.1 X218.509 Y218.072 E60.1539
G1 F2306.7 X218.779 Y218.15 E60.15856
G1 X219.272 Y218.664 E60.17038
G1 X219.453 Y219.293 E60.18124
G1 X219.264 Y219.958 E60.1927
G1 X218.782 Y220.444 E60.20406
G1 X218.118 Y220.629 E60.21549
G1 X217.487 Y220.445 E60.2264
G1 X216.971 Y219.925 E60.23855
G1 X216.783 Y219.291 E60.24952
G1 X216.968 Y218.664 E60.26036
G1 F2097 X217.693 Y217.902 E60.27956
G1 F1961.1 X217.626 Y217.788 E60.28214
G1 F2138.6 X217.5 Y217.703 E60.28485
G1 F2306.7 X216.843 Y217.509 E60.29622
G1 X216.327 Y216.993 E60.30832
G1 X216.139 Y216.359 E60.31929
G1 X216.324 Y215.728 E60.3302
G1 X216.813 Y215.215 E60.34196
G1 X217.541 Y215.006 E60.35452
G1 X217.628 Y214.939 E60.35634
G1 X217.67 Y214.802 E60.35872
G1 X217.64 Y214.679 E60.36082
G1 X217.698 Y214.432 E60.36503
G1 X217.665 Y214.338 E60.36668
G1 X217.142 Y213.819 E60.37891
G1 X217.142 Y212.412 E60.40225
G1 X217.561 Y211.971 E60.41234
G1 X218.224 Y211.783 E60.42377
G1 F2700 E59.12377
G0 F10125 X218.225 Y223.907
G1 F2700 E60.42377
G1 F2306.7 X218.89 Y224.095 E60.43523
G1 X219.083 Y224.287 E60.43975
G1 X219.635 Y224.447 E60.44928
G1 X220.124 Y224.96 E60.46104
G1 X220.306 Y225.591 E60.47193
G1 X220.266 Y225.756 E60.47475
G1 X220.309 Y226.194 E60.48205
G1 X220.178 Y226.66 E60.49008
G1 X220.305 Y227.143 E60.49836
G1 X220.124 Y227.806 E60.50976
G1 X219.638 Y228.292 E60.52117
G1 X218.974 Y228.477 E60.5326
G1 X218.343 Y228.293 E60.5435
G1 X217.827 Y227.773 E60.55566
G1 X217.64 Y227.144 E60.56654
G1 X217.774 Y226.643 E60.57514
G1 X217.733 Y226.534 E60.57708
G1 X217.146 Y225.941 E60.59092
G1 X217.142 Y224.536 E60.61422
G1 X217.561 Y224.095 E60.62432
G1 X218.225 Y223.907 E60.63576
G1 F2700 E59.33576
G0 F10125 X216.861 Y221.405
G0 X215.906 Y221.135
G0 X213.215 Y224.237
G0 X212.712 Y225.339
G1 F2700 E60.63576
G1 F2306.7 X212.514 Y226.002 E60.64724
G1 X212.428 Y226.091 E60.64929
G1 X212.338 Y226.426 E60.65505
G1 X212.437 Y226.777 E60.6611
G1 X212.334 Y227.148 E60.66748
G1 X212.437 Y227.539 E60.67419
G1 X212.248 Y228.202 E60.68563
G1 X211.766 Y228.688 E60.69698
G1 X211.102 Y228.873 E60.70842
G1 X210.471 Y228.689 E60.71932
G1 X209.955 Y228.173 E60.73143
G1 X209.767 Y227.539 E60.7424
G1 X209.87 Y227.176 E60.74866
G1 X209.771 Y226.779 E60.75544
G1 X209.87 Y226.419 E60.76164
G1 X209.767 Y226.021 E60.76846
G1 X209.865 Y225.677 E60.77439
G1 X209.792 Y225.374 E60.77956
G1 X209.986 Y224.739 E60.79057
G1 X210.495 Y224.216 E60.80268
G1 X211.289 Y224.002 E60.81632
G1 X212.019 Y224.193 E60.82884
G1 X212.525 Y224.703 E60.84076
G1 X212.712 Y225.339 E60.85175
G1 F2700 E59.55175
;MESH:lowerLeftPad.stl
G0 F10125 X214.314 Y225.341
G0 X214.784 Y225.003
G0 X214.502 Y224.865
M204 S781
;TYPE:WALL-INNER
G1 F2700 E60.85175
G1 F2306.7 X214.502 Y227.118 E60.89109
G1 X215.574 Y227.118 E60.90981
G1 X215.574 Y223.853 E60.96682
G1 X215.035 Y224.407 E60.98032
G1 X214.502 Y224.865 E60.99259
M204 S1250
G0 F10125 X214.082 Y224.683
M204 S781
;TYPE:WALL-OUTER
G1 F2306.7 X214.082 Y227.538 E61.04245
G1 X215.994 Y227.538 E61.07583
G1 X215.994 Y222.639 E61.16138
G1 X215.628 Y223.145 E61.17228
G1 X215.214 Y223.628 E61.18339
G1 X214.759 Y224.091 E61.19472
G1 X214.082 Y224.683 E61.21043
M204 S1250
G0 F10125 X214.082 Y224.883
G0 X214.862 Y225.036
;TYPE:SKIN
G1 F2783.9 X215.21 Y224.735 E61.21708
G1 X215.21 Y226.754 E61.2463
G1 X214.862 Y226.754 E61.25133
G1 X214.862 Y225.036 E61.27619
G0 F10125 X215.114 Y225.226
G1 F2700 E59.97619
G0 F10125 X215.779 Y223.302
G0 X214.948 Y222.595
G0 X214.566 Y212.455
G0 X215.387 Y211.717
G0 X214.784 Y210.497
G0 X214.502 Y210.633
M204 S781
;TYPE:WALL-INNER
G1 F2700 E61.27619
G1 F2306.7 X215.072 Y211.124 E61.28932
G1 X215.574 Y211.631 E61.30178
G1 X215.574 Y202.878 E61.45462
G1 X214.502 Y202.878 E61.47334
G1 X214.502 Y210.633 E61.60876
M204 S1250
G0 F10125 X214.082 Y210.816
M204 S781
;TYPE:WALL-OUTER
G1 F2306.7 X214.774 Y211.42 E61.6248
G1 X215.21 Y211.86 E61.63561
G1 X215.642 Y212.376 E61.64736
G1 X215.994 Y212.858 E61.65778
G1 X215.994 Y202.458 E61.83938
G1 X214.082 Y202.458 E61.87277
G1 X214.082 Y210.816 E62.01872
M204 S1250
G0 F10125 X214.232 Y210.947
G0 X214.862 Y210.46
;TYPE:SKIN
G1 F2783.9 X214.862 Y203.238 E62.1232
G1 X215.21 Y203.238 E62.12824
G1 X215.21 Y210.761 E62.23708
G1 X214.862 Y210.46 E62.24374
G0 F10125 X214.966 Y210.461
G1 F2700 E60.94374
;MESH:NONMESH
G0 F600 X214.966 Y210.461 Z0.7
G0 F10125 X214.308 Y202.684
G0 X213.21 Y202.685
G0 X210.481 Y201.751
;TIME_ELAPSED:60.501391
;LAYER:4
;note -- min layer time used
M204 S1500
;TYPE:SUPPORT
G1 F2700 E62.24374
G1 F2121.5 X211.104 Y201.579 E62.25446
G1 X211.724 Y201.751 E62.26513
G1 X212.184 Y202.232 E62.27618
G1 X212.353 Y202.825 E62.2864
G1 X212.18 Y203.449 E62.29715
G1 X212.037 Y203.591 E62.30049
G1 X211.99 Y203.704 E62.30252
G1 X212.037 Y203.858 E62.30519
G1 X212.18 Y204.009 E62.30864
G1 X212.311 Y204.449 E62.31626
G1 X212.396 Y204.545 E62.31838
G1 X212.518 Y204.589 E62.32053
G1 X212.982 Y205.069 E62.33161
G1 X212.982 Y206.288 E62.35183
G1 X212.519 Y206.744 E62.36261
G1 X211.89 Y206.917 E62.37343
G1 X211.26 Y206.737 E62.3843
G1 X211.058 Y206.55 E62.38887
G1 X210.51 Y206.388 E62.39835
G1 X210.023 Y205.905 E62.40972
G1 X209.851 Y205.313 E62.41995
G1 X209.894 Y205.156 E62.42265
G1 X209.851 Y204.957 E62.42603
G1 X209.894 Y204.76 E62.42937
G1 X209.851 Y204.603 E62.43207
G1 X210.024 Y204.009 E62.44234
G1 X210.181 Y203.844 E62.44611
G1 X210.23 Y203.728 E62.4482
G1 X210.185 Y203.577 E62.45082
G1 X210.023 Y203.416 E62.45461
G1 X209.847 Y202.825 E62.46483
G1 X210.023 Y202.236 E62.47503
G1 X210.481 Y201.751 E62.4861
G1 F2700 E61.1861
G0 F11100 X213.271 Y201.597
G0 X216.809 Y201.597
G0 X217.094 Y204.548
G1 F2700 E62.4861
G1 F2121.5 X217.254 Y204.369 E62.49008
G1 X217.462 Y203.712 E62.50151
G1 X217.614 Y203.559 E62.50509
G1 X217.773 Y203.029 E62.51427
G1 X217.723 Y202.851 E62.51734
G1 X217.802 Y202.53 E62.52282
G1 X217.723 Y202.245 E62.52773
G1 X217.896 Y201.656 E62.53791
G1 X218.353 Y201.175 E62.54892
G1 X218.976 Y200.999 E62.55965
G1 X219.596 Y201.175 E62.57035
G1 X220.056 Y201.652 E62.58134
G1 X220.225 Y202.245 E62.59157
G1 X220.146 Y202.537 E62.59659
G1 X220.225 Y202.85 E62.60194
G1 X220.124 Y203.275 E62.60919
G1 X220.225 Y203.611 E62.61501
G1 X220.046 Y204.266 E62.62627
G1 X220.056 Y204.338 E62.62748
G1 X219.877 Y204.963 E62.63826
G1 X219.411 Y205.41 E62.64897
G1 X219.3 Y205.755 E62.65498
G1 X219.146 Y205.915 E62.65867
G1 X219.106 Y206.025 E62.66061
G1 X219.155 Y206.176 E62.66324
G1 X219.595 Y206.335 E62.671
G1 X220.052 Y206.82 E62.68206
G1 X220.226 Y207.408 E62.69223
G1 X220.186 Y207.571 E62.69502
G1 X220.225 Y207.762 E62.69825
G1 X220.198 Y207.896 E62.70052
G1 X220.225 Y208.01 E62.70246
G1 X220.052 Y208.63 E62.71314
G1 X219.594 Y209.088 E62.72388
G1 X218.974 Y209.261 E62.73456
G1 X218.383 Y209.089 E62.74477
G1 X217.896 Y208.601 E62.75621
G1 X217.744 Y208.19 E62.76348
G1 X217.601 Y208.128 E62.76606
G1 X217.095 Y207.632 E62.77782
G1 X217.094 Y206.471 E62.79708
G1 X217.342 Y206.21 E62.80305
G1 X217.386 Y206.057 E62.80569
G1 X217.341 Y205.949 E62.80763
G1 X217.094 Y205.707 E62.81337
G1 X217.094 Y204.548 E62.83259
G1 F2700 E61.53259
G0 F11100 X218.196 Y211.862
G1 F2700 E62.83259
G1 F2121.5 X218.848 Y212.04 E62.8438
G1 X219.042 Y212.235 E62.84837
G1 X219.598 Y212.395 E62.85796
G1 X220.052 Y212.876 E62.86894
G1 X220.225 Y213.471 E62.87921
G1 X220.194 Y213.607 E62.88153
G1 X220.234 Y214.038 E62.88871
G1 X220.146 Y214.367 E62.89436
G1 X220.225 Y214.678 E62.89968
G1 X220.052 Y215.298 E62.91036
G1 X219.594 Y215.756 E62.9211
G1 X219.332 Y215.827 E62.92561
G1 X219.228 Y215.901 E62.92772
G1 X219.187 Y216.056 E62.93038
G1 X219.237 Y216.234 E62.93345
G1 X219.064 Y216.858 E62.94419
G1 X218.61 Y217.308 E62.9548
G1 X218.188 Y217.43 E62.96208
G1 X218.088 Y217.533 E62.96446
G1 F2162.7 X218.126 Y218.003 E62.97214
G1 X218.222 Y218.075 E62.97409
G1 F2121.5 X218.739 Y218.223 E62.98301
G1 X219.2 Y218.7 E62.99401
G1 X219.37 Y219.293 E63.00425
G1 X219.196 Y219.918 E63.01501
G1 X218.738 Y220.372 E63.02571
G1 X218.118 Y220.545 E63.03639
G1 X217.527 Y220.373 E63.0466
G1 X217.039 Y219.885 E63.05804
G1 X216.867 Y219.295 E63.06824
G1 X217.04 Y218.7 E63.07852
G1 F2141.9 X217.696 Y218.013 E63.09413
G1 F2302.4 X217.737 Y217.873 E63.09636
G1 F2357.2 X217.717 Y217.737 E63.09841
G1 F2189.3 X217.662 Y217.67 E63.0998
G1 F2121.5 X216.887 Y217.437 E63.11323
G1 X216.399 Y216.952 E63.12464
G1 X216.223 Y216.359 E63.1349
G1 X216.396 Y215.768 E63.14511
G1 X216.853 Y215.287 E63.15612
G1 X217.619 Y215.069 E63.16933
G1 X217.724 Y214.996 E63.17145
G1 X217.765 Y214.843 E63.17408
G1 X217.722 Y214.679 E63.17689
G1 X217.774 Y214.501 E63.17997
G1 X217.762 Y214.352 E63.18245
G1 X217.094 Y213.696 E63.19798
G1 X217.094 Y212.522 E63.21746
G1 X217.56 Y212.036 E63.22862
G1 X218.196 Y211.862 E63.23956
G1 F2700 E61.93956
G0 F11100 X218.2 Y223.986
G1 F2700 E63.23956
G1 F2121.5 X218.851 Y224.164 E63.25076
G1 X219.053 Y224.36 E63.25543
G1 X219.595 Y224.519 E63.2648
G1 X220.056 Y225.004 E63.2759
G1 X220.225 Y225.589 E63.286
G1 X220.182 Y225.754 E63.28883
G1 X220.225 Y225.947 E63.29211
G1 X220.198 Y226.081 E63.29437
G1 X220.225 Y226.194 E63.2963
G1 X220.099 Y226.651 E63.30417
G1 X220.225 Y227.142 E63.31257
G1 X220.052 Y227.766 E63.32332
G1 X219.594 Y228.22 E63.33401
G1 X218.974 Y228.393 E63.34469
G1 X218.383 Y228.221 E63.3549
G1 X217.895 Y227.733 E63.36635
G1 X217.723 Y227.143 E63.37654
G1 X217.885 Y226.581 E63.38625
G1 X217.846 Y226.428 E63.38887
G1 X217.597 Y226.311 E63.39343
G1 X217.095 Y225.819 E63.40509
G1 X217.095 Y224.651 E63.42447
G1 X217.564 Y224.16 E63.43573
G1 X218.2 Y223.986 E63.44667
G1 F2700 E62.14667
G0 F11100 X216.811 Y221.497
G0 X215.861 Y221.224
G0 X213.264 Y224.25
G0 X212.776 Y225.32
G1 F2700 E63.44667
G1 F2121.5 X212.586 Y225.944 E63.45749
G1 X212.483 Y226.053 E63.45998
G1 X212.324 Y226.6 E63.46942
G1 X212.357 Y226.777 E63.47241
G1 X212.254 Y227.189 E63.47946
G1 X212.353 Y227.542 E63.48554
G1 X212.18 Y228.162 E63.49622
G1 X211.722 Y228.62 E63.50696
G1 X211.102 Y228.793 E63.51764
G1 X210.511 Y228.617 E63.52787
G1 X210.023 Y228.129 E63.53932
G1 X209.851 Y227.54 E63.54949
G1 X209.954 Y227.176 E63.55577
G1 X209.852 Y226.779 E63.56257
G1 X209.953 Y226.375 E63.56948
G1 X209.851 Y226.019 E63.57562
G1 X210.014 Y225.446 E63.5855
G1 X210.003 Y225.361 E63.58692
G1 X210.19 Y224.752 E63.59749
G1 X210.666 Y224.272 E63.60871
G1 X211.426 Y224.066 E63.62177
G1 X212.126 Y224.249 E63.63377
G1 X212.594 Y224.723 E63.64482
G1 X212.776 Y225.32 E63.65517
G1 F2700 E62.35517
;MESH:lowerLeftPad.stl
G0 F11100 X214.364 Y225.322
G0 X214.836 Y224.959
G0 X214.554 Y224.833
M204 S875
;TYPE:WALL-INNER
G1 F2700 E63.65517
G1 F2121.5 X214.554 Y227.118 E63.69507
G1 X215.526 Y227.118 E63.71205
G1 X215.524 Y223.912 E63.76803
G1 X215.053 Y224.393 E63.77978
G1 X214.554 Y224.833 E63.7914
M204 S1500
G0 F11100 X214.134 Y224.643
M204 S875
;TYPE:WALL-OUTER
G1 F2121.5 X214.134 Y227.538 E63.84195
G1 X215.946 Y227.538 E63.87359
G1 X215.943 Y222.711 E63.95788
G1 X215.633 Y223.136 E63.96706
G1 X215.217 Y223.628 E63.97831
G1 X214.775 Y224.078 E63.98933
G1 X214.134 Y224.643 E64.00425
M204 S1500
G0 F11100 X214.134 Y224.843
G0 X214.836 Y224.959
G0 X215.038 Y226.63
;TYPE:SKIN
G1 F1497.5 X215.036 Y225.05 E64.04333
G0 F11100 X214.915 Y225.146
G1 F2700 E62.74333
G0 F11100 X215.388 Y223.782
G0 X214.567 Y223.044
G0 X214.568 Y212.457
G0 X215.389 Y211.72
G0 X214.836 Y210.541
G0 X214.554 Y210.664
M204 S875
;TYPE:WALL-INNER
G1 F2700 E64.04333
G1 F2121.5 X215.078 Y211.13 E64.05558
G1 X215.526 Y211.589 E64.06678
G1 X215.526 Y202.878 E64.21889
G1 X214.554 Y202.878 E64.23586
G1 X214.554 Y210.664 E64.37181
M204 S1500
G0 F11100 X214.134 Y210.853
M204 S875
;TYPE:WALL-OUTER
G1 F2121.5 X214.778 Y211.424 E64.38684
G1 X215.216 Y211.871 E64.39777
G1 X215.633 Y212.359 E64.40898
G1 X215.946 Y212.785 E64.41821
G1 X215.946 Y202.458 E64.59854
G1 X214.134 Y202.458 E64.63018
G1 X214.134 Y210.853 E64.77677
M204 S1500
G0 F11100 X214.283 Y210.985
G0 X214.836 Y210.541
G0 X215.038 Y203.362
;TYPE:SKIN
G1 F1495 X215.038 Y210.442 E64.9522
G0 F11100 X214.916 Y210.443
G1 F2700 E63.6522
;MESH:NONMESH
G0 F600 X214.916 Y210.443 Z0.8
G0 F11100 X214.358 Y202.684
G0 X213.26 Y202.685
G0 X210.521 Y201.823
;TIME_ELAPSED:69.343646
;LAYER:5
;note -- min layer time used
M204 S1750
;TYPE:SUPPORT
G1 F2700 E64.9522
G1 F2119.9 X211.103 Y201.659 E64.96223
G1 X211.683 Y201.823 E64.97223
G1 X212.112 Y202.272 E64.98253
G1 X212.269 Y202.825 E64.99207
G1 X212.104 Y203.411 E65.00217
G1 X211.936 Y203.583 E65.00615
G1 X211.882 Y203.704 E65.00835
G1 X211.937 Y203.866 E65.01119
G1 X212.109 Y204.048 E65.01534
G1 X212.261 Y204.525 E65.02365
G1 X212.351 Y204.601 E65.0256
G1 X212.59 Y204.668 E65.02972
G1 X213.033 Y205.111 E65.04011
G1 X213.026 Y206.285 E65.05959
G1 X212.614 Y206.678 E65.06903
G1 X211.962 Y206.85 E65.08022
G1 X211.314 Y206.668 E65.09138
G1 X211.116 Y206.482 E65.09589
G1 X210.574 Y206.32 E65.10527
G1 X210.114 Y205.871 E65.11594
G1 X209.944 Y205.311 E65.12565
G1 X209.982 Y205.168 E65.1281
G1 X209.935 Y204.959 E65.13165
G1 X209.979 Y204.783 E65.13466
G1 X209.935 Y204.603 E65.13774
G1 X210.092 Y204.052 E65.14724
G1 X210.281 Y203.853 E65.15179
G1 X210.338 Y203.728 E65.15407
G1 X210.287 Y203.569 E65.15684
G1 X210.095 Y203.38 E65.16131
G1 X209.931 Y202.825 E65.17091
G1 X210.096 Y202.272 E65.18049
G1 X210.521 Y201.823 E65.19074
G1 F2700 E63.89074
G0 F12075 X213.322 Y201.597
G0 X216.759 Y201.597
G0 X217.046 Y204.555
G1 F2700 E65.19074
G1 F2119.9 X217.182 Y204.407 E65.19408
G1 X217.386 Y203.756 E65.20539
G1 X217.557 Y203.57 E65.20958
G1 X217.722 Y203.036 E65.21885
G1 X217.774 Y202.973 E65.22021
G1 X217.882 Y202.571 E65.22711
G1 X217.803 Y202.249 E65.23261
G1 X217.968 Y201.692 E65.24225
G1 X218.393 Y201.243 E65.25251
G1 X218.975 Y201.082 E65.26252
G1 X219.555 Y201.243 E65.27251
G1 X219.98 Y201.692 E65.28277
G1 X220.141 Y202.249 E65.29238
G1 X220.062 Y202.574 E65.29793
G1 X220.141 Y202.855 E65.30277
G1 X220.038 Y203.244 E65.30945
G1 X220.133 Y203.61 E65.31572
G1 X219.965 Y204.196 E65.32583
G1 X219.824 Y204.337 E65.32914
G1 X219.661 Y204.891 E65.33872
G1 X219.376 Y205.186 E65.34553
G1 X219.221 Y205.711 E65.35461
G1 X219.109 Y205.827 E65.35728
G1 X219.076 Y205.975 E65.3598
G1 X219.143 Y206.226 E65.36411
G1 X219.219 Y206.31 E65.36599
G1 X219.529 Y206.404 E65.37136
G1 X219.965 Y206.854 E65.38175
G1 X220.133 Y207.41 E65.39139
G1 X220.094 Y207.559 E65.39394
G1 X220.141 Y207.764 E65.39743
G1 X220.114 Y207.872 E65.39928
G1 X220.141 Y208.014 E65.40168
G1 X219.98 Y208.59 E65.4116
G1 X219.554 Y209.016 E65.42159
G1 X218.97 Y209.177 E65.43164
G1 X218.423 Y209.017 E65.44109
G1 X217.968 Y208.562 E65.45177
G1 X217.818 Y208.152 E65.45901
G1 X217.516 Y208.044 E65.46433
G1 X217.046 Y207.597 E65.47509
G1 X217.046 Y206.479 E65.49364
G1 X217.357 Y206.132 E65.50137
G1 X217.355 Y205.999 E65.50357
G1 X217.046 Y205.673 E65.51102
G1 X217.046 Y204.555 E65.52957
G1 F2700 E64.22957
G0 F12075 X217.838 Y217.941
G1 F2700 E65.52957
G1 F2543.9 X217.938 Y218.05 E65.53161
G1 F2259.8 X218.412 Y218.211 E65.5394
G1 F2119.9 X218.699 Y218.291 E65.54435
G1 X219.128 Y218.744 E65.5547
G1 X219.285 Y219.293 E65.56417
G1 X219.124 Y219.874 E65.57417
G1 X218.698 Y220.3 E65.58416
G1 X218.118 Y220.465 E65.59417
G1 X217.567 Y220.301 E65.6037
G1 X217.111 Y219.845 E65.6144
G1 X216.947 Y219.291 E65.62399
G1 X217.108 Y218.745 E65.63343
G1 X217.54 Y218.292 E65.64381
G1 X217.762 Y218.231 E65.64763
G1 F2259.8 X217.869 Y218.088 E65.65041
G1 F2543.9 X217.838 Y217.941 E65.65249
G1 F2689.9 X217.822 Y217.872 E65.65341
G1 F2700 E64.35341
G0 F12075 X218.118 Y211.926
G1 F2700 E65.65341
G1 F2119.9 X218.788 Y212.108 E65.66493
G1 X218.995 Y212.309 E65.66972
G1 X219.539 Y212.463 E65.6791
G1 X219.965 Y212.913 E65.68937
G1 X220.136 Y213.469 E65.69902
G1 X220.106 Y213.593 E65.70114
G1 X220.15 Y214.035 E65.70851
G1 X220.062 Y214.36 E65.71409
G1 X220.141 Y214.675 E65.71948
G1 X219.98 Y215.258 E65.72951
G1 X219.554 Y215.684 E65.73951
G1 X219.244 Y215.769 E65.74484
G1 X219.133 Y215.844 E65.74706
G1 X219.092 Y216.004 E65.7498
G1 X219.154 Y216.232 E65.75372
G1 X218.992 Y216.814 E65.76374
G1 X218.566 Y217.24 E65.77374
G1 X217.878 Y217.432 E65.78559
G1 F2214.8 X217.796 Y217.62 E65.78884
G1 F2487 X217.822 Y217.872 E65.79243
G1 X217.778 Y217.624 E65.79599
G1 F2214.8 X217.626 Y217.506 E65.79904
G1 F2119.9 X217.478 Y217.53 E65.80153
G1 X216.923 Y217.369 E65.81112
G1 X216.467 Y216.913 E65.82181
G1 X216.307 Y216.361 E65.83135
G1 X216.468 Y215.808 E65.8409
G1 X216.897 Y215.358 E65.85121
G1 X217.715 Y215.122 E65.86534
G1 X217.823 Y215.049 E65.8675
G1 X217.864 Y214.885 E65.8703
G1 X217.803 Y214.677 E65.8739
G1 X217.882 Y214.38 E65.879
G1 X217.847 Y214.243 E65.88134
G1 X217.77 Y214.173 E65.88307
G1 X217.52 Y214.099 E65.88739
G1 X217.049 Y213.645 E65.89825
G1 X217.046 Y212.527 E65.91679
G1 X217.477 Y212.093 E65.92694
G1 X218.118 Y211.926 E65.93793
G1 F2700 E64.63793
G0 F12075 X218.127 Y224.054
G1 F2700 E65.93793
G1 F2119.9 X218.788 Y224.236 E65.9493
G1 X218.995 Y224.437 E65.95409
G1 X219.533 Y224.588 E65.96336
G1 X219.969 Y225.038 E65.97375
G1 X220.137 Y225.594 E65.98338
G1 X220.098 Y225.743 E65.98594
G1 X220.144 Y225.944 E65.98936
G1 X220.114 Y226.08 E65.99167
G1 X220.141 Y226.198 E65.99368
G1 X220.014 Y226.66 E66.00163
G1 X220.141 Y227.142 E66.0099
G1 X219.98 Y227.722 E66.01988
G1 X219.554 Y228.148 E66.02987
G1 X218.974 Y228.313 E66.03988
G1 X218.423 Y228.149 E66.04941
G1 X217.967 Y227.693 E66.06011
G1 X217.807 Y227.144 E66.0696
G1 X217.938 Y226.647 E66.07812
G1 X217.85 Y226.377 E66.08283
G1 X217.773 Y226.309 E66.08454
G1 X217.52 Y226.232 E66.08893
G1 X217.046 Y225.781 E66.09978
G1 X217.043 Y224.667 E66.11826
G1 X217.481 Y224.225 E66.12858
G1 X218.127 Y224.054 E66.13967
G1 F2700 E64.83967
G0 F12075 X216.761 Y221.581
G0 X215.813 Y221.307
G0 X213.313 Y224.207
G0 X212.833 Y225.3
G1 F2700 E66.13967
G1 F2119.9 X212.662 Y225.88 E66.1497
G1 X212.568 Y225.975 E66.15191
G1 X212.373 Y226.642 E66.16344
G1 X212.28 Y226.752 E66.16583
G1 X212.17 Y227.152 E66.17271
G1 X212.269 Y227.538 E66.17932
G1 X212.108 Y228.118 E66.18931
G1 X211.682 Y228.544 E66.1993
G1 X211.101 Y228.709 E66.20932
G1 X210.551 Y228.549 E66.21882
G1 X210.095 Y228.093 E66.22952
G1 X209.935 Y227.541 E66.23905
G1 X210.038 Y227.176 E66.24535
G1 X209.935 Y226.779 E66.25215
G1 X210.042 Y226.393 E66.25879
G1 X209.94 Y226.025 E66.26513
G1 X210.106 Y225.473 E66.27469
G1 X210.224 Y225.352 E66.27749
G1 X210.402 Y224.776 E66.28749
G1 X210.85 Y224.328 E66.298
G1 X211.566 Y224.13 E66.31033
G1 X212.231 Y224.305 E66.32173
G1 X212.669 Y224.743 E66.33201
G1 X212.833 Y225.3 E66.34164
G1 F2700 E65.04164
;MESH:lowerLeftPad.stl
G0 F12075 X214.414 Y225.3
G0 X214.885 Y224.916
G0 X214.602 Y224.79
M204 S969
;TYPE:WALL-INNER
G1 F2700 E66.34164
G1 F2119.9 X214.602 Y227.118 E66.38229
G1 X215.474 Y227.118 E66.39752
G1 X215.474 Y223.962 E66.45263
G1 X215.04 Y224.406 E66.46347
G1 X214.602 Y224.79 E66.47364
M204 S1750
G0 F12075 X214.182 Y224.6
M204 S969
;TYPE:WALL-OUTER
G1 F2119.9 X214.182 Y227.538 E66.52494
G1 X215.894 Y227.538 E66.55484
G1 X215.894 Y222.779 E66.63794
G1 X215.625 Y223.144 E66.64585
G1 X215.219 Y223.623 E66.65682
G1 X214.763 Y224.09 E66.66822
G1 X214.182 Y224.6 E66.68171
M204 S1750
G0 F12075 X214.182 Y224.8
G0 X214.885 Y224.916
G0 X215.036 Y226.68
;TYPE:SKIN
G1 F1795.1 X215.036 Y224.987 E66.71663
G0 F12075 X214.865 Y224.986
G1 F2700 E65.41663
G0 F12075 X214.894 Y224.986
G0 X215.389 Y223.78
G0 X214.576 Y223.033
G0 X214.577 Y212.467
G0 X215.39 Y211.721
G0 X214.886 Y210.585
G0 X214.602 Y210.707
M204 S969
;TYPE:WALL-INNER
G1 F2700 E66.71663
G1 F2119.9 X215.085 Y211.132 E66.72786
G1 X215.474 Y211.534 E66.73763
G1 X215.474 Y202.878 E66.88878
G1 X214.602 Y202.878 E66.904
G1 X214.602 Y210.707 E67.04071
M204 S1750
G0 F12075 X214.182 Y210.897
M204 S969
;TYPE:WALL-OUTER
G1 F2119.9 X214.783 Y211.425 E67.05468
G1 X215.219 Y211.873 E67.06559
G1 X215.634 Y212.363 E67.07681
G1 X215.894 Y212.717 E67.08448
G1 X215.894 Y202.458 E67.26361
G1 X214.182 Y202.458 E67.29351
G1 X214.182 Y210.897 E67.44087
M204 S1750
G0 F12075 X214.332 Y211.029
G0 X214.886 Y210.585
G0 X215.036 Y203.312
;TYPE:SKIN
G1 F1795.1 X215.036 Y210.509 E67.58928
G0 F12075 X214.866 Y210.509
G1 F2700 E66.28928
;MESH:NONMESH
G0 F600 X214.866 Y210.509 Z0.9
G0 F12075 X214.895 Y210.509
G0 X214.409 Y202.684
G0 X213.31 Y202.684
G0 X210.561 Y201.895
;TIME_ELAPSED:78.050224
;LAYER:6
;note -- min layer time used
M204 S2000
;TYPE:SUPPORT
G1 F2700 E67.58928
G1 F1856.4 X211.103 Y201.743 E67.59862
G1 X211.643 Y201.895 E67.60792
G1 X212.036 Y202.308 E67.61738
G1 X212.189 Y202.826 E67.62634
G1 X212.036 Y203.366 E67.63565
G1 X211.831 Y203.571 E67.64046
G1 X211.77 Y203.7 E67.64283
G1 X211.824 Y203.861 E67.64564
G1 X212.036 Y204.087 E67.65078
G1 X212.166 Y204.539 E67.65859
G1 X212.239 Y204.629 E67.66051
G1 X212.695 Y204.761 E67.66838
G1 X213.082 Y205.151 E67.6775
G1 X213.082 Y206.281 E67.69624
G1 X212.714 Y206.63 E67.70465
G1 X212.099 Y206.79 E67.7152
G1 X211.443 Y206.603 E67.72651
G1 X211.235 Y206.41 E67.73122
G1 X210.715 Y206.26 E67.7402
G1 X210.268 Y205.836 E67.75042
G1 X210.005 Y205 E67.76495
G1 X210.062 Y204.761 E67.76903
G1 X210.016 Y204.602 E67.77178
G1 X210.168 Y204.091 E67.78062
G1 X210.391 Y203.851 E67.78605
G1 X210.446 Y203.728 E67.78829
G1 X210.387 Y203.561 E67.79123
G1 X210.167 Y203.341 E67.79639
G1 X210.015 Y202.825 E67.80531
G1 X210.168 Y202.309 E67.81424
G1 X210.561 Y201.895 E67.82371
G1 F2700 E66.52371
G0 F13050 X213.372 Y201.597
G0 X216.709 Y201.597
G0 X216.994 Y204.564
G1 F2700 E67.82371
G1 F1856.4 X217.116 Y204.427 E67.82675
G1 X217.307 Y203.806 E67.83753
G1 X217.473 Y203.622 E67.84164
G1 X217.646 Y203.053 E67.85151
G1 X217.799 Y202.897 E67.85513
G1 X217.933 Y202.465 E67.86263
G1 X217.891 Y202.25 E67.86627
G1 X218.04 Y201.732 E67.87521
G1 X218.433 Y201.315 E67.88471
G1 X218.975 Y201.163 E67.89405
G1 X219.515 Y201.315 E67.90336
G1 X219.908 Y201.732 E67.91286
G1 X220.061 Y202.246 E67.92176
G1 X219.983 Y202.527 E67.9266
G1 X220.057 Y202.853 E67.93214
G1 X219.895 Y203.443 E67.94229
G1 X219.94 Y203.603 E67.94505
G1 X219.786 Y204.135 E67.95424
G1 X219.59 Y204.346 E67.95901
G1 X219.442 Y204.846 E67.96766
G1 X219.297 Y204.995 E67.97111
G1 X219.102 Y205.666 E67.9827
G1 X218.901 Y205.859 E67.98733
G1 X218.855 Y206.017 E67.99006
G1 X218.94 Y206.302 E67.99499
G1 X219.013 Y206.366 E67.9966
G1 X219.375 Y206.469 E68.00284
G1 X219.801 Y206.892 E68.0128
G1 X220.057 Y207.762 E68.02785
G1 X220.03 Y207.878 E68.02982
G1 X220.057 Y208.011 E68.03207
G1 X219.908 Y208.546 E68.04129
G1 X219.51 Y208.944 E68.05062
G1 X218.974 Y209.093 E68.05985
G1 X218.463 Y208.945 E68.06868
G1 X218.039 Y208.521 E68.07862
G1 X217.945 Y208.202 E68.08414
G1 X217.878 Y208.11 E68.08603
G1 X217.416 Y207.963 E68.09407
G1 X216.995 Y207.562 E68.10372
G1 X216.994 Y206.483 E68.12161
G1 X217.3 Y206.168 E68.1289
G1 X217.334 Y206.064 E68.13071
G1 X217.279 Y205.909 E68.13344
G1 X216.994 Y205.641 E68.13993
G1 X216.994 Y204.564 E68.1578
G1 F2700 E66.8578
G0 F13050 X217.986 Y211.982
G1 F2700 E68.1578
G1 F1856.4 X218.665 Y212.168 E68.16948
G1 X218.875 Y212.377 E68.17439
G1 X219.411 Y212.525 E68.18362
G1 X219.838 Y212.949 E68.1936
G1 X220.066 Y213.684 E68.20636
G1 X220.066 Y214.04 E68.21227
G1 X219.982 Y214.394 E68.2183
G1 X220.057 Y214.677 E68.22316
G1 X219.908 Y215.214 E68.23241
G1 X219.513 Y215.613 E68.24172
G1 X219.142 Y215.717 E68.24811
G1 X219.014 Y215.82 E68.25084
G1 X218.991 Y215.948 E68.25299
G1 X219.073 Y216.234 E68.25793
G1 X218.92 Y216.774 E68.26724
G1 X218.526 Y217.168 E68.27648
G1 X217.507 Y217.454 E68.29404
G1 X216.963 Y217.297 E68.30343
G1 X216.539 Y216.873 E68.31338
G1 X216.391 Y216.361 E68.32222
G1 X216.544 Y215.844 E68.33116
G1 X216.934 Y215.431 E68.34059
G1 X217.814 Y215.178 E68.35578
G1 X217.942 Y215.076 E68.35849
G1 X217.965 Y214.947 E68.36066
G1 X217.887 Y214.677 E68.36533
G1 X217.974 Y214.389 E68.37032
G1 X217.968 Y214.25 E68.37263
G1 X217.892 Y214.154 E68.37466
G1 X217.417 Y214.004 E68.38292
G1 X217.002 Y213.605 E68.39247
G1 X216.995 Y212.523 E68.41042
G1 X217.377 Y212.141 E68.41938
G1 X217.986 Y211.982 E68.42982
G1 F2700 E67.12982
G0 F13050 X218.119 Y218.211
G1 F2700 E68.42982
G1 F1856.4 X218.659 Y218.363 E68.43913
G1 X219.052 Y218.78 E68.44863
G1 X219.205 Y219.294 E68.45753
G1 X219.052 Y219.834 E68.46684
G1 X218.658 Y220.232 E68.47613
G1 X218.119 Y220.381 E68.48541
G1 X217.607 Y220.229 E68.49427
G1 X217.183 Y219.805 E68.50421
G1 X217.032 Y219.293 E68.51307
G1 X217.184 Y218.78 E68.52194
G1 X217.577 Y218.363 E68.53145
G1 X218.119 Y218.211 E68.54079
G1 F2700 E67.24079
G0 F13050 X218.011 Y224.122
G1 F2700 E68.54079
G1 F1856.4 X218.675 Y224.301 E68.55219
G1 X218.92 Y224.53 E68.55776
G1 X219.399 Y224.661 E68.566
G1 X219.814 Y225.076 E68.57573
G1 X220.069 Y225.913 E68.59025
G1 X220.034 Y226.058 E68.59272
G1 X220.061 Y226.198 E68.59509
G1 X219.934 Y226.698 E68.60364
G1 X220.061 Y227.142 E68.6113
G1 X219.908 Y227.682 E68.62061
G1 X219.514 Y228.08 E68.6299
G1 X218.975 Y228.229 E68.63918
G1 X218.463 Y228.077 E68.64804
G1 X218.039 Y227.653 E68.65799
G1 X217.888 Y227.141 E68.66684
G1 X218.018 Y226.688 E68.67466
G1 X217.947 Y226.384 E68.67984
G1 X217.844 Y226.274 E68.68234
G1 X217.415 Y226.148 E68.68976
G1 X216.994 Y225.753 E68.69933
G1 X216.994 Y224.671 E68.71728
G1 X217.373 Y224.289 E68.72621
G1 X218.011 Y224.122 E68.73715
G1 F2700 E67.43715
G0 F13050 X216.711 Y221.665
G0 X215.765 Y221.39
G0 X213.363 Y224.165
G0 X212.896 Y225.306
G1 F2700 E68.73715
G1 F1856.4 X212.741 Y225.835 E68.74629
G1 X212.64 Y225.939 E68.7487
G1 X212.441 Y226.619 E68.76045
G1 X212.285 Y226.769 E68.76404
G1 X212.128 Y227.269 E68.77273
G1 X212.186 Y227.538 E68.7773
G1 X212.036 Y228.079 E68.78661
G1 X211.642 Y228.476 E68.79589
G1 X211.102 Y228.625 E68.80518
G1 X210.591 Y228.477 E68.81401
G1 X210.167 Y228.053 E68.82395
G1 X210.016 Y227.541 E68.83281
G1 X210.122 Y227.172 E68.83918
G1 X210.02 Y226.779 E68.84591
G1 X210.189 Y226.191 E68.85606
G1 X210.164 Y226.045 E68.85852
G1 X210.318 Y225.536 E68.86734
G1 X210.425 Y225.413 E68.87004
G1 X210.618 Y224.796 E68.88077
G1 X211.037 Y224.377 E68.8906
G1 X211.693 Y224.198 E68.90188
G1 X212.323 Y224.365 E68.91269
G1 X212.738 Y224.78 E68.92243
G1 X212.896 Y225.306 E68.93154
G1 F2700 E67.63154
;MESH:lowerLeftPad.stl
G0 F13050 X214.464 Y225.306
G0 X214.935 Y224.872
G0 X214.741 Y224.783
M204 S1062
;TYPE:WALL-INNER
G1 F2700 E68.93154
G1 F1308.2 X214.742 Y227.03 E68.98721
G1 X215.338 Y227.03 E69.00198
G1 X215.337 Y224.258 E69.07067
G1 F1310.4 X214.741 Y224.783 E69.09032
M204 S2000
G0 F13050 X214.234 Y224.555
M204 S1062
;TYPE:WALL-OUTER
G1 F1856.4 X214.234 Y227.538 E69.14241
G1 X215.846 Y227.538 E69.17055
G1 X215.843 Y222.887 E69.25177
G1 X215.221 Y223.621 E69.26857
G1 X214.784 Y224.07 E69.27951
G1 X214.234 Y224.555 E69.29231
M204 S2000
G0 F13050 X214.234 Y224.755
G1 F2700 E67.99231
G0 F13050 X214.935 Y224.872
G0 X215.391 Y223.778
G0 X214.57 Y223.041
G0 X214.571 Y212.46
G0 X215.392 Y211.723
G0 X214.936 Y210.629
G0 X214.742 Y210.713
M204 S1062
;TYPE:WALL-INNER
G1 F2700 E69.29231
G1 F1308.2 X215.338 Y211.247 E69.31214
G1 X215.338 Y202.966 E69.51733
G1 X214.742 Y202.966 E69.5321
G1 X214.742 Y210.713 E69.72406
M204 S2000
G0 F13050 X214.234 Y210.941
M204 S1062
;TYPE:WALL-OUTER
G1 F1856.4 X214.793 Y211.44 E69.73715
G1 X215.214 Y211.864 E69.74758
G1 X215.846 Y212.615 E69.76472
G1 X215.846 Y202.458 E69.94208
G1 X214.234 Y202.458 E69.97023
G1 X214.234 Y210.941 E70.11835
M204 S2000
G0 F13050 X214.383 Y211.074
G1 F2700 E68.81835
;MESH:NONMESH
G0 F600 X214.383 Y211.074 Z1
G0 F13050 X214.936 Y210.629
G0 X214.459 Y202.684
G0 X213.36 Y202.684
G0 X210.605 Y201.967
;TIME_ELAPSED:86.114699
;LAYER:7
;note -- min layer time used
M204 S2250
;TYPE:SUPPORT
G1 F2700 E70.11835
G1 F1812.6 X211.103 Y201.827 E70.12693
G1 X211.599 Y201.967 E70.13548
G1 X211.964 Y202.348 E70.14424
G1 X212.101 Y202.829 E70.15253
G1 X211.964 Y203.326 E70.16108
G1 X211.719 Y203.571 E70.16683
G1 X211.658 Y203.7 E70.1692
G1 X211.713 Y203.863 E70.17205
G1 X211.964 Y204.128 E70.17811
G1 X212.092 Y204.532 E70.18514
G1 X212.298 Y204.722 E70.18979
G1 X212.791 Y204.857 E70.19827
G1 X213.134 Y205.2 E70.20631
G1 X213.134 Y206.277 E70.22418
G1 X212.814 Y206.582 E70.23151
G1 X212.252 Y206.726 E70.24113
G1 X211.627 Y206.547 E70.25192
G1 X211.416 Y206.358 E70.25662
G1 X210.9 Y206.208 E70.26553
G1 X210.485 Y205.813 E70.27504
G1 X210.43 Y205.642 E70.27802
G1 X210.239 Y205.429 E70.28276
G1 X210.103 Y204.96 E70.29086
G1 X210.144 Y204.81 E70.29344
G1 X210.103 Y204.603 E70.29694
G1 X210.24 Y204.128 E70.30514
G1 X210.501 Y203.853 E70.31143
G1 X210.558 Y203.728 E70.31371
G1 X210.499 Y203.561 E70.31665
G1 X210.239 Y203.301 E70.32275
G1 X210.099 Y202.824 E70.331
G1 X210.236 Y202.357 E70.33907
G1 X210.605 Y201.967 E70.34798
G1 F2700 E69.04798
G0 F14025 X213.422 Y201.597
G0 X216.659 Y201.597
G0 X216.946 Y204.552
G1 F2700 E70.34798
G1 F1812.6 X217.053 Y204.412 E70.3509
G1 X217.23 Y203.844 E70.36077
G1 X217.409 Y203.651 E70.36513
G1 X217.579 Y203.079 E70.37503
G1 X217.75 Y202.88 E70.37939
G1 X217.903 Y202.384 E70.388
G1 X217.946 Y202.333 E70.3891
G1 X218.112 Y201.772 E70.39881
G1 X218.477 Y201.387 E70.40761
G1 X218.975 Y201.247 E70.41619
G1 X219.471 Y201.387 E70.42474
G1 X219.836 Y201.768 E70.43349
G1 X219.973 Y202.25 E70.4418
G1 X219.899 Y202.619 E70.44805
G1 X219.969 Y202.851 E70.45207
G1 X219.82 Y203.374 E70.46109
G1 X219.729 Y203.515 E70.46387
G1 X219.562 Y204.082 E70.47368
G1 X219.376 Y204.286 E70.47826
G1 X219.218 Y204.813 E70.48738
G1 X219.073 Y204.961 E70.49082
G1 X218.886 Y205.613 E70.50207
G1 X218.554 Y205.951 E70.50993
G1 X218.596 Y206.265 E70.51519
G1 X218.709 Y206.402 E70.51813
G1 X219.195 Y206.537 E70.5265
G1 X219.581 Y206.924 E70.53557
G1 X219.621 Y207.05 E70.53776
G1 X219.836 Y207.289 E70.54309
G1 X219.973 Y207.761 E70.55124
G1 X219.946 Y207.875 E70.55319
G1 X219.973 Y208.011 E70.55549
G1 X219.836 Y208.506 E70.56401
G1 X219.47 Y208.872 E70.57259
G1 X218.974 Y209.009 E70.58113
G1 X218.503 Y208.873 E70.58926
G1 X218.112 Y208.482 E70.59844
G1 X218.051 Y208.297 E70.60167
G1 X217.743 Y208.008 E70.60867
G1 X217.307 Y207.88 E70.61621
G1 X216.946 Y207.537 E70.62447
G1 X216.946 Y206.487 E70.64189
G1 X217.282 Y206.135 E70.64996
G1 X217.288 Y205.966 E70.65277
G1 X216.946 Y205.614 E70.66091
G1 X216.946 Y204.552 E70.67853
G1 F2700 E69.37853
G0 F14025 X217.841 Y212.046
G1 F2700 E70.67853
G1 F1812.6 X218.482 Y212.22 E70.68954
G1 X218.706 Y212.438 E70.69473
G1 X219.227 Y212.581 E70.70369
G1 X219.619 Y212.973 E70.71289
G1 X219.654 Y213.071 E70.71461
G1 X219.84 Y213.276 E70.7192
G1 X219.982 Y213.774 E70.7278
G1 X219.982 Y214.04 E70.73221
G1 X219.898 Y214.361 E70.73771
G1 X219.973 Y214.677 E70.7431
G1 X219.836 Y215.174 E70.75165
G1 X219.47 Y215.536 E70.76019
G1 X219.039 Y215.657 E70.76762
G1 X218.911 Y215.758 E70.77032
G1 X218.887 Y215.885 E70.77247
G1 X218.989 Y216.234 E70.7785
G1 X218.848 Y216.73 E70.78705
G1 X218.482 Y217.096 E70.79564
G1 X217.507 Y217.371 E70.81244
G1 X217.003 Y217.225 E70.82115
G1 X216.611 Y216.833 E70.83034
G1 X216.475 Y216.361 E70.83849
G1 X216.612 Y215.888 E70.84666
G1 X216.981 Y215.499 E70.85555
G1 X217.914 Y215.234 E70.87164
G1 X218.041 Y215.134 E70.87432
G1 X218.065 Y215.006 E70.87649
G1 X217.971 Y214.675 E70.88219
G1 X218.05 Y214.392 E70.88707
G1 X217.997 Y214.231 E70.88988
G1 X217.83 Y214.065 E70.89378
G1 X217.319 Y213.911 E70.90264
G1 X216.947 Y213.557 E70.91116
G1 X216.946 Y212.522 E70.92833
G1 X217.273 Y212.19 E70.93606
G1 X217.841 Y212.046 E70.94578
G1 F2700 E69.64578
G0 F14025 X218.119 Y218.295
G1 F2700 E70.94578
G1 F1812.6 X218.615 Y218.435 E70.95433
G1 X218.98 Y218.816 E70.96308
G1 X219.117 Y219.297 E70.97137
G1 X218.98 Y219.791 E70.97988
G1 X218.614 Y220.16 E70.9885
G1 X218.119 Y220.297 E70.99702
G1 X217.647 Y220.157 E71.00519
G1 X217.255 Y219.765 E71.01438
G1 X217.115 Y219.295 E71.02252
G1 X217.252 Y218.824 E71.03066
G1 X217.621 Y218.435 E71.03955
G1 X218.119 Y218.295 E71.04813
G1 F2700 E69.74813
G0 F14025 X217.859 Y224.194
G1 F2700 E71.04813
G1 F1812.6 X218.484 Y224.361 E71.05886
G1 X218.711 Y224.582 E71.06412
G1 X219.211 Y224.729 E71.07276
G1 X219.598 Y225.116 E71.08184
G1 X219.641 Y225.249 E71.08416
G1 X219.836 Y225.472 E71.08907
G1 X219.976 Y225.949 E71.09732
G1 X219.974 Y226.19 E71.10132
G1 X219.846 Y226.694 E71.10995
G1 X219.973 Y227.143 E71.11769
G1 X219.836 Y227.639 E71.12622
G1 X219.47 Y228.008 E71.13484
G1 X218.975 Y228.145 E71.14336
G1 X218.503 Y228.005 E71.15153
G1 X218.111 Y227.613 E71.16073
G1 X217.971 Y227.143 E71.16886
G1 X218.113 Y226.652 E71.17734
G1 X218.085 Y226.52 E71.17958
G1 X217.734 Y226.191 E71.18756
G1 X217.311 Y226.068 E71.19487
G1 X216.946 Y225.721 E71.20322
G1 X216.943 Y224.675 E71.22057
G1 X217.272 Y224.345 E71.2283
G1 X217.859 Y224.194 E71.23836
G1 F2700 E69.93836
G0 F14025 X216.662 Y221.8
G0 X215.757 Y221.503
G0 X213.413 Y224.122
G0 X212.96 Y225.297
G1 F2700 E71.23836
G1 F1812.6 X212.81 Y225.79 E71.24691
G1 X212.686 Y225.922 E71.24991
G1 X212.664 Y226.078 E71.25252
G1 X212.514 Y226.586 E71.26131
G1 X212.335 Y226.763 E71.26549
G1 X212.177 Y227.301 E71.27479
G1 X212.126 Y227.361 E71.27609
G1 X212.107 Y227.531 E71.27893
G1 X211.964 Y228.038 E71.28767
G1 X211.598 Y228.404 E71.29626
G1 X211.102 Y228.541 E71.30479
G1 X210.631 Y228.405 E71.31292
G1 X210.239 Y228.013 E71.32212
G1 X210.099 Y227.539 E71.33032
G1 X210.2 Y227.192 E71.33631
G1 X210.108 Y226.78 E71.34332
G1 X210.251 Y226.301 E71.35161
G1 X210.345 Y226.19 E71.35402
G1 X210.53 Y225.592 E71.36441
G1 X210.674 Y225.436 E71.36793
G1 X210.685 Y225.286 E71.37042
G1 X210.83 Y224.82 E71.37852
G1 X211.213 Y224.437 E71.3875
G1 X211.828 Y224.275 E71.39805
G1 X212.423 Y224.433 E71.40827
G1 X212.81 Y224.82 E71.41734
G1 X212.96 Y225.297 E71.42564
G1 F2700 E70.12564
;MESH:lowerLeftPad.stl
G0 F14025 X214.514 Y225.297
G0 X214.985 Y224.828
G0 X214.765 Y224.729
M204 S1156
;TYPE:WALL-INNER
G1 F2700 E71.42564
G1 F1394.3 X214.765 Y227.055 E71.47844
G1 X215.311 Y227.055 E71.49083
G1 X215.311 Y224.222 E71.55514
G1 X214.765 Y224.729 E71.57206
M204 S2250
G0 F14025 X214.282 Y224.511
M204 S1156
;TYPE:WALL-OUTER
G1 F1812.6 X214.282 Y227.538 E71.62491
G1 X215.794 Y227.538 E71.65131
G1 X215.794 Y222.945 E71.73152
G1 X215.21 Y223.636 E71.74731
G1 X214.787 Y224.066 E71.75785
G1 X214.282 Y224.511 E71.7696
M204 S2250
G0 F14025 X214.282 Y224.711
G1 F2700 E70.4696
G0 F14025 X214.985 Y224.828
G0 X215.393 Y223.776
G0 X214.578 Y223.032
G0 X214.942 Y212.897
G0 X215.58 Y211.963
G0 X214.986 Y210.673
G0 X214.765 Y210.768
M204 S1156
;TYPE:WALL-INNER
G1 F2700 E71.7696
G1 F1394.3 X215.311 Y211.256 E71.78622
G1 X215.311 Y202.941 E71.97497
G1 X214.765 Y202.941 E71.98737
G1 X214.765 Y210.768 E72.16504
M204 S2250
G0 F14025 X214.282 Y210.985
M204 S1156
;TYPE:WALL-OUTER
G1 F1812.6 X214.798 Y211.444 E72.1771
G1 X215.215 Y211.868 E72.18748
G1 X215.794 Y212.552 E72.20313
G1 X215.794 Y202.458 E72.37939
G1 X214.282 Y202.458 E72.40579
G1 X214.282 Y210.985 E72.55469
M204 S2250
G0 F14025 X214.431 Y211.117
G1 F2700 E71.25469
;MESH:NONMESH
G0 F600 X214.431 Y211.117 Z1.1
G0 F14025 X214.986 Y210.673
G0 X214.509 Y202.684
G0 X213.41 Y202.684
G0 X210.308 Y202.392
;TIME_ELAPSED:93.878888
;LAYER:8
;note -- min layer time used
M204 S2500
;TYPE:SUPPORT
G1 F2700 E72.55469
G1 F1774.5 X210.648 Y202.039 E72.56282
G1 X211.103 Y201.911 E72.57066
G1 X211.556 Y202.039 E72.57847
G1 X211.896 Y202.393 E72.58661
G1 X212.021 Y202.825 E72.59407
G1 X211.889 Y203.285 E72.60201
G1 X211.607 Y203.567 E72.60862
G1 X211.546 Y203.696 E72.61099
G1 X211.601 Y203.859 E72.61384
G1 X211.892 Y204.168 E72.62088
G1 X211.989 Y204.484 E72.62637
G1 X212.405 Y204.818 E72.63522
G1 X212.899 Y204.953 E72.64371
G1 X213.182 Y205.235 E72.65034
G1 X213.182 Y206.278 E72.66764
G1 X212.918 Y206.53 E72.6737
G1 X212.395 Y206.666 E72.68266
G1 X211.807 Y206.499 E72.6928
G1 X211.595 Y206.304 E72.69758
G1 X211.08 Y206.156 E72.70647
G1 X210.688 Y205.785 E72.71542
G1 X210.673 Y205.758 E72.71593
G1 X210.311 Y205.389 E72.72451
G1 X210.184 Y204.956 E72.73199
G1 X210.226 Y204.756 E72.73538
G1 X210.184 Y204.604 E72.738
G1 X210.312 Y204.172 E72.74547
G1 X210.613 Y203.853 E72.75275
G1 X210.67 Y203.728 E72.75503
G1 X210.611 Y203.561 E72.75797
G1 X210.311 Y203.261 E72.765
G1 X210.183 Y202.827 E72.77251
G1 X210.308 Y202.392 E72.78002
G1 F2700 E71.48002
G0 F15000 X213.472 Y201.597
G0 X216.609 Y201.597
G0 X216.894 Y204.571
G1 F2700 E72.78002
G1 F1774.5 X216.999 Y204.452 E72.78265
G1 X217.155 Y203.863 E72.79276
G1 X217.349 Y203.649 E72.79755
G1 X217.51 Y203.113 E72.80683
G1 X217.674 Y202.925 E72.81097
G1 X217.83 Y202.413 E72.81985
G1 X217.956 Y202.282 E72.82287
G1 X218.106 Y201.815 E72.831
G1 X218.459 Y201.456 E72.83935
G1 X218.946 Y201.322 E72.84773
G1 X219.427 Y201.459 E72.85603
G1 X219.764 Y201.812 E72.86413
G1 X219.889 Y202.25 E72.87168
G1 X219.774 Y202.721 E72.87972
G1 X219.809 Y202.856 E72.88204
G1 X219.678 Y203.305 E72.8898
G1 X219.497 Y203.506 E72.89428
G1 X219.349 Y204.022 E72.90319
G1 X219.16 Y204.205 E72.90755
G1 X218.994 Y204.778 E72.91745
G1 X218.855 Y204.923 E72.92078
G1 X218.666 Y205.558 E72.93177
G1 X218.287 Y205.915 E72.94041
G1 X218.223 Y206.043 E72.94278
G1 X218.275 Y206.209 E72.94567
G1 X218.533 Y206.464 E72.95169
G1 X219.007 Y206.605 E72.95989
G1 X219.428 Y206.976 E72.9692
G1 X219.768 Y207.328 E72.97732
G1 X219.89 Y207.764 E72.98483
G1 X219.89 Y208.009 E72.98889
G1 X219.764 Y208.462 E72.99669
G1 X219.426 Y208.8 E73.00462
G1 X218.974 Y208.929 E73.01242
G1 X218.543 Y208.801 E73.01987
G1 X218.182 Y208.44 E73.02834
G1 X218.132 Y208.298 E73.03084
G1 X218.04 Y208.216 E73.03289
G1 X217.904 Y208.176 E73.03524
G1 X217.594 Y207.905 E73.04207
G1 X217.207 Y207.795 E73.04874
G1 X216.894 Y207.501 E73.05586
G1 X216.894 Y206.488 E73.07267
G1 X217.208 Y206.178 E73.07999
G1 X217.27 Y206.053 E73.0823
G1 X217.213 Y205.883 E73.08528
G1 X216.894 Y205.581 E73.09256
G1 X216.894 Y204.571 E73.10932
G1 F2700 E71.80932
G0 F15000 X217.698 Y212.106
G1 F2700 E73.10932
G1 F1774.5 X218.299 Y212.269 E73.11965
G1 X218.547 Y212.499 E73.12526
G1 X219.047 Y212.637 E73.13386
G1 X219.313 Y212.903 E73.1401
G1 X219.427 Y212.956 E73.14219
G1 X219.764 Y213.316 E73.15037
G1 X219.902 Y213.779 E73.15838
G1 X219.902 Y214.038 E73.16268
G1 X219.815 Y214.405 E73.16894
G1 X219.889 Y214.677 E73.17361
G1 X219.764 Y215.13 E73.18141
G1 X219.426 Y215.468 E73.18934
G1 X218.942 Y215.605 E73.19768
G1 X218.837 Y215.674 E73.19977
G1 X218.79 Y215.827 E73.20242
G1 X218.905 Y216.234 E73.20944
G1 X218.776 Y216.69 E73.2173
G1 X218.442 Y217.024 E73.22513
G1 X217.499 Y217.289 E73.24138
G1 X217.043 Y217.153 E73.24928
G1 X216.683 Y216.793 E73.25772
G1 X216.555 Y216.36 E73.26521
G1 X216.684 Y215.925 E73.27274
G1 X217.021 Y215.571 E73.28085
G1 X218.014 Y215.291 E73.29796
G1 X218.119 Y215.222 E73.30005
G1 X218.166 Y215.069 E73.3027
G1 X218.055 Y214.677 E73.30946
G1 X218.103 Y214.374 E73.31455
G1 X217.693 Y213.961 E73.3242
G1 X217.212 Y213.816 E73.33254
G1 X216.894 Y213.517 E73.33978
G1 X216.895 Y212.516 E73.35638
G1 X217.172 Y212.242 E73.36284
G1 X217.698 Y212.106 E73.37186
G1 F2700 E72.07186
G0 F15000 X218.119 Y218.379
G1 F2700 E73.37186
G1 F1774.5 X218.571 Y218.507 E73.37965
G1 X218.912 Y218.864 E73.38784
G1 X219.037 Y219.293 E73.39525
G1 X218.908 Y219.75 E73.40313
G1 X218.574 Y220.084 E73.41096
G1 X218.117 Y220.213 E73.41884
G1 X217.687 Y220.089 E73.42627
G1 X217.327 Y219.725 E73.43476
G1 X217.199 Y219.294 E73.44222
G1 X217.324 Y218.861 E73.44969
G1 X217.664 Y218.507 E73.45783
G1 X218.119 Y218.379 E73.46568
G1 F2700 E72.16568
G0 F15000 X217.714 Y224.265
G1 F2700 E73.46568
G1 F1774.5 X218.299 Y224.421 E73.47572
G1 X218.535 Y224.655 E73.48123
G1 X219.027 Y224.801 E73.48975
G1 X219.43 Y225.161 E73.49871
G1 X219.768 Y225.513 E73.5068
G1 X219.893 Y225.949 E73.51433
G1 X219.89 Y226.195 E73.51841
G1 X219.766 Y226.692 E73.52691
G1 X219.893 Y227.142 E73.53466
G1 X219.764 Y227.598 E73.54252
G1 X219.43 Y227.932 E73.55036
G1 X218.973 Y228.061 E73.55824
G1 X218.543 Y227.937 E73.56566
G1 X218.183 Y227.573 E73.57415
G1 X218.055 Y227.143 E73.5816
G1 X218.197 Y226.645 E73.59019
G1 X218.154 Y226.49 E73.59285
G1 X217.912 Y226.38 E73.59726
G1 X217.61 Y226.101 E73.60408
G1 X217.203 Y225.983 E73.61111
G1 X216.894 Y225.689 E73.61819
G1 X216.894 Y224.676 E73.63499
G1 X217.168 Y224.406 E73.64137
G1 X217.714 Y224.265 E73.65073
G1 F2700 E72.35073
G0 F15000 X216.612 Y221.869
G0 X215.708 Y221.572
G0 X213.463 Y224.081
G0 X213.02 Y225.298
G1 F2700 E73.65073
G1 F1774.5 X212.887 Y225.744 E73.65845
G1 X212.705 Y225.967 E73.66322
G1 X212.723 Y226.103 E73.6655
G1 X212.59 Y226.549 E73.67322
G1 X212.407 Y226.749 E73.67772
G1 X212.254 Y227.278 E73.68685
G1 X212.063 Y227.461 E73.69124
G1 X211.912 Y227.998 E73.70049
G1 X211.578 Y228.332 E73.70833
G1 X211.106 Y228.461 E73.71645
G1 X210.671 Y228.333 E73.72397
G1 X210.311 Y227.973 E73.73241
G1 X210.183 Y227.541 E73.73989
G1 X210.343 Y227.011 E73.74907
G1 X210.273 Y226.785 E73.753
G1 X210.405 Y226.353 E73.76049
G1 X210.586 Y226.161 E73.76487
G1 X210.746 Y225.648 E73.77378
G1 X210.875 Y225.519 E73.77681
G1 X210.926 Y225.384 E73.7792
G1 X210.912 Y225.299 E73.78063
G1 X211.046 Y224.864 E73.78818
G1 X211.405 Y224.505 E73.7966
G1 X211.971 Y224.357 E73.80631
G1 X212.535 Y224.505 E73.81598
G1 X212.882 Y224.852 E73.82412
G1 X213.02 Y225.298 E73.83187
G1 F2700 E72.53187
;MESH:lowerLeftPad.stl
G0 F15000 X214.564 Y225.298
G0 X215.035 Y224.783
G0 X214.791 Y224.675
M204 S1250
;TYPE:WALL-INNER
G1 F2700 E73.83187
G1 F1508.7 X214.791 Y227.081 E73.88128
G1 X215.285 Y227.081 E73.89143
G1 X215.285 Y224.21 E73.95039
G1 X214.791 Y224.675 E73.96432
M204 S2500
G0 F15000 X214.334 Y224.47
M204 S1250
;TYPE:WALL-OUTER
G1 F1774.5 X214.334 Y227.538 E74.0179
G1 X215.742 Y227.538 E74.04248
G1 X215.742 Y223.005 E74.12164
G1 X215.215 Y223.627 E74.13587
G1 X214.792 Y224.061 E74.14645
G1 X214.334 Y224.47 E74.15718
M204 S2500
G0 F15000 X214.334 Y224.67
G1 F2700 E72.85718
G0 F15000 X215.035 Y224.783
G0 X215.395 Y223.774
G0 X214.579 Y223.03
G0 X214.941 Y212.897
G0 X215.53 Y211.904
G0 X215.036 Y210.718
G0 X214.792 Y210.823
M204 S1250
;TYPE:WALL-INNER
G1 F2700 E74.15718
G1 F1502.6 X215.288 Y211.29 E74.17122
G1 X215.288 Y202.916 E74.34391
G1 X214.792 Y202.916 E74.35413
G1 X214.792 Y210.823 E74.51719
M204 S2500
G0 F15000 X214.334 Y211.026
M204 S1250
;TYPE:WALL-OUTER
G1 F1774.5 X214.802 Y211.448 E74.52819
G1 X215.225 Y211.88 E74.53875
G1 X215.746 Y212.495 E74.55282
G1 X215.746 Y202.458 E74.72808
G1 X214.334 Y202.458 E74.75274
G1 X214.334 Y211.026 E74.90235
M204 S2500
G0 F15000 X214.482 Y211.159
G1 F2700 E73.60235
;MESH:NONMESH
G0 F600 X214.482 Y211.159 Z1.2
G0 F15000 X215.036 Y210.718
G0 X214.559 Y202.684
G0 X213.46 Y202.684
G0 X210.685 Y202.111
;TIME_ELAPSED:101.402667
;LAYER:9
;note -- min layer time used
;TYPE:SUPPORT
G1 F2700 E74.90235
G1 F1753.3 X211.103 Y201.995 E74.90955
G1 X211.519 Y202.111 E74.91671
G1 X211.82 Y202.428 E74.92396
G1 X211.937 Y202.826 E74.93084
G1 X211.82 Y203.242 E74.93801
G1 F1550.3 X211.384 Y203.69 E74.94974
G1 F1373.9 X211.378 Y203.737 E74.95074
G1 F1531 X211.82 Y204.208 E74.96301
G1 F1753.3 X211.917 Y204.521 E74.96845
G1 X212.016 Y204.616 E74.97073
G1 X212.27 Y204.685 E74.97509
G1 X212.515 Y204.913 E74.98064
G1 X212.999 Y205.048 E74.98898
G1 X213.234 Y205.277 E74.99442
G1 X213.234 Y206.284 E75.01113
G1 X213.023 Y206.481 E75.01592
G1 X212.536 Y206.606 E75.02426
G1 X211.992 Y206.452 E75.03364
G1 X211.753 Y206.239 E75.03895
G1 X211.262 Y206.099 E75.04742
G1 X210.86 Y205.724 E75.05654
G1 X210.712 Y205.677 E75.05911
G1 X210.383 Y205.349 E75.06682
G1 X210.267 Y204.959 E75.07357
G1 X210.31 Y204.766 E75.07685
G1 X210.267 Y204.603 E75.07964
G1 X210.384 Y204.208 E75.08648
G1 F1531 X210.838 Y203.731 E75.09899
G1 F1373.9 X210.832 Y203.683 E75.10001
G1 F1550.3 X210.383 Y203.217 E75.11215
G1 F1753.3 X210.267 Y202.824 E75.11895
G1 X210.384 Y202.428 E75.1258
G1 X210.685 Y202.111 E75.13305
G1 F2700 E73.83305
G0 F15000 X213.522 Y201.597
G0 X216.559 Y201.597
G0 X216.846 Y204.576
G1 F2700 E75.13305
G1 F1753.3 X216.914 Y204.486 E75.13492
G1 X217.093 Y203.932 E75.14458
G1 X217.283 Y203.735 E75.14912
G1 X217.44 Y203.143 E75.15928
G1 X217.601 Y202.946 E75.1635
G1 X217.757 Y202.454 E75.17206
G1 X217.889 Y202.31 E75.1753
G1 X218.033 Y201.857 E75.18319
G1 X218.356 Y201.533 E75.19078
G1 X218.878 Y201.398 E75.19972
G1 X219.361 Y201.528 E75.20802
G1 X219.682 Y201.855 E75.21562
G1 X219.804 Y202.254 E75.22254
G1 X219.686 Y202.662 E75.22959
G1 X219.611 Y202.741 E75.23139
G1 X219.458 Y203.262 E75.2404
G1 X219.298 Y203.423 E75.24417
G1 X219.138 Y203.965 E75.25354
G1 X218.954 Y204.148 E75.25785
G1 X218.786 Y204.733 E75.26794
G1 X218.596 Y204.912 E75.27227
G1 X218.45 Y205.501 E75.28234
G1 F1509 X217.892 Y206.018 E75.297
G1 F1310.3 X217.884 Y206.066 E75.29808
G1 F1386.8 X218.366 Y206.544 E75.31232
G1 F1611.4 X218.824 Y206.673 E75.32091
G1 F1753.3 X219.123 Y206.962 E75.3278
G1 X219.391 Y207.047 E75.33247
G1 X219.692 Y207.365 E75.33973
G1 X219.809 Y207.762 E75.3466
G1 X219.782 Y207.87 E75.34844
G1 X219.809 Y208.01 E75.35081
G1 X219.692 Y208.422 E75.35791
G1 X219.386 Y208.728 E75.36509
G1 X218.974 Y208.845 E75.3722
G1 X218.583 Y208.729 E75.37896
G1 X218.255 Y208.401 E75.38666
G1 X218.221 Y208.29 E75.38858
G1 X218.133 Y208.193 E75.39076
G1 X217.801 Y208.098 E75.39648
G1 X217.534 Y207.85 E75.40253
G1 X217.104 Y207.711 E75.41003
G1 X216.847 Y207.469 E75.41588
G1 X216.846 Y206.496 E75.43202
G1 F1614.9 X217.336 Y206.03 E75.4442
G1 X216.846 Y205.548 E75.45658
G1 F1753.3 X216.846 Y204.576 E75.4727
G1 F2700 E74.1727
G0 F15000 X217.554 Y212.166
G1 F2700 E75.4727
G1 F1753.3 X218.119 Y212.321 E75.48242
G1 X218.353 Y212.545 E75.4878
G1 X218.863 Y212.693 E75.49661
G1 X219.127 Y212.946 E75.50267
G1 X219.39 Y213.03 E75.50725
G1 X219.692 Y213.352 E75.51457
G1 X219.818 Y213.775 E75.5219
G1 X219.818 Y214.038 E75.52626
G1 X219.73 Y214.4 E75.53244
G1 X219.809 Y214.678 E75.53723
G1 X219.692 Y215.09 E75.54434
G1 X219.386 Y215.396 E75.55152
G1 F1573.5 X218.702 Y215.587 E75.56464
G1 F1432.7 X218.677 Y215.623 E75.56553
G1 F1576.9 X218.821 Y216.233 E75.57709
G1 F1753.3 X218.704 Y216.646 E75.58421
G1 X218.398 Y216.952 E75.59139
G1 X217.481 Y217.198 E75.60714
G1 X217.083 Y217.081 E75.61402
G1 X216.755 Y216.753 E75.62172
G1 X216.639 Y216.36 E75.62852
G1 X216.756 Y215.964 E75.63537
G1 F1658.5 X217.076 Y215.623 E75.64357
G1 F1502.8 X218.258 Y215.329 E75.66714
G1 F1560.2 X218.275 Y215.148 E75.67053
G1 F1732.7 X218.139 Y214.677 E75.67876
G1 F1753.3 X218.21 Y214.376 E75.68389
G1 X218.189 Y214.302 E75.68516
G1 X218.087 Y214.204 E75.68751
G1 X217.83 Y214.134 E75.69193
G1 X217.51 Y213.841 E75.69913
G1 X217.111 Y213.727 E75.70601
G1 X216.846 Y213.477 E75.71205
G1 X216.846 Y212.512 E75.72806
G1 X217.072 Y212.29 E75.73332
G1 X217.554 Y212.166 E75.74157
G1 F2700 E74.44157
G0 F15000 X218.119 Y218.463
G1 F2700 E75.74157
G1 F1753.3 X218.535 Y218.579 E75.74874
G1 X218.836 Y218.9 E75.75604
G1 X218.953 Y219.295 E75.76287
G1 X218.84 Y219.71 E75.77
G1 X218.531 Y220.016 E75.77722
G1 X218.118 Y220.129 E75.78432
G1 X217.727 Y220.017 E75.79107
G1 X217.399 Y219.685 E75.79881
G1 X217.283 Y219.295 E75.80556
G1 X217.4 Y218.9 E75.81239
G1 X217.701 Y218.579 E75.81969
G1 X218.119 Y218.463 E75.82689
G1 F2700 E74.52689
G0 F15000 X217.57 Y224.334
G1 F2700 E75.82689
G1 F1753.3 X218.111 Y224.481 E75.83619
G1 X218.393 Y224.748 E75.84263
G1 X218.836 Y224.873 E75.85027
G1 X219.096 Y225.129 E75.85632
G1 X219.39 Y225.234 E75.8615
G1 X219.692 Y225.552 E75.86877
G1 X219.809 Y225.945 E75.87558
G1 X219.782 Y226.051 E75.87739
G1 X219.809 Y226.191 E75.87976
G1 X219.683 Y226.652 E75.88768
G1 X219.809 Y227.143 E75.89609
G1 X219.696 Y227.558 E75.90323
G1 X219.387 Y227.864 E75.91044
G1 X218.974 Y227.977 E75.91754
G1 X218.583 Y227.865 E75.92429
G1 X218.255 Y227.534 E75.93202
G1 X218.139 Y227.139 E75.93885
G1 X218.285 Y226.628 E75.94767
G1 X218.213 Y226.439 E75.95102
G1 X217.814 Y226.307 E75.95799
G1 X217.47 Y226.004 E75.9656
G1 X217.098 Y225.898 E75.97201
G1 X216.843 Y225.66 E75.9778
G1 X216.842 Y224.684 E75.99399
G1 X217.068 Y224.462 E75.99925
G1 X217.57 Y224.334 E76.00784
G1 F2700 E74.70784
G0 F15000 X216.562 Y221.938
G0 X215.658 Y221.641
G0 X213.513 Y224.026
G0 X213.084 Y225.294
G1 F2700 E76.00784
G1 F1753.3 X212.963 Y225.697 E76.01482
G1 X212.789 Y225.867 E76.01885
G1 X212.754 Y225.998 E76.0211
G1 X212.787 Y226.118 E76.02317
G1 X212.67 Y226.521 E76.03013
G1 X212.477 Y226.735 E76.03491
G1 X212.33 Y227.253 E76.04384
G1 X212.124 Y227.46 E76.04869
G1 X211.978 Y227.958 E76.0573
G1 X211.654 Y228.262 E76.06467
G1 X211.16 Y228.394 E76.07315
G1 X210.715 Y228.261 E76.08085
G1 X210.387 Y227.937 E76.0885
G1 X210.271 Y227.539 E76.09538
G1 X210.384 Y227.145 E76.10218
G1 X210.506 Y227.004 E76.10527
G1 X210.501 Y226.803 E76.1086
G1 X210.618 Y226.413 E76.11536
G1 X210.797 Y226.232 E76.11958
G1 X210.962 Y225.696 E76.12888
G1 X211.123 Y225.531 E76.13271
G1 X211.162 Y225.401 E76.13496
G1 X211.137 Y225.294 E76.13678
G1 X211.262 Y224.893 E76.14375
G1 X211.58 Y224.577 E76.15119
G1 X212.119 Y224.437 E76.16043
G1 X212.64 Y224.573 E76.16936
G1 X212.959 Y224.889 E76.17681
G1 X213.084 Y225.294 E76.18384
G1 F2700 E74.88384
;MESH:lowerLeftPad.stl
G0 F15000 X214.614 Y225.294
G0 X215.035 Y224.737
G0 X214.815 Y224.616
M204 S1250
;TYPE:WALL-INNER
G1 F2700 E76.18384
G1 F1651.1 X214.815 Y227.105 E76.22999
G1 X215.261 Y227.105 E76.23826
G1 X215.261 Y224.199 E76.29214
G1 X214.815 Y224.616 E76.30347
M204 S2500
G0 F15000 X214.382 Y224.42
M204 S1250
;TYPE:WALL-OUTER
G1 F1753.3 X214.382 Y227.538 E76.35791
G1 X215.694 Y227.538 E76.38082
G1 X215.694 Y223.071 E76.45882
G1 X215.219 Y223.623 E76.47154
G1 X214.799 Y224.055 E76.48206
G1 X214.382 Y224.42 E76.49174
M204 S2500
G0 F15000 X214.382 Y224.62
G1 F2700 E75.19174
G0 F15000 X215.035 Y224.737
G0 X215.397 Y223.772
G0 X214.581 Y223.028
G0 X214.648 Y212.551
G0 X215.48 Y211.844
G0 X215.036 Y210.764
G0 X214.815 Y210.881
M204 S1250
;TYPE:WALL-INNER
G1 F2700 E76.49174
G1 F1651.1 X215.261 Y211.299 E76.50307
G1 X215.261 Y202.891 E76.65898
G1 X214.815 Y202.891 E76.66725
G1 X214.815 Y210.881 E76.8154
M204 S2500
G0 F15000 X214.382 Y211.077
M204 S1250
;TYPE:WALL-OUTER
G1 F1753.3 X214.798 Y211.445 E76.8251
G1 X215.229 Y211.883 E76.83583
G1 X215.694 Y212.431 E76.84838
G1 X215.694 Y202.458 E77.02252
G1 X214.382 Y202.458 E77.04543
G1 X214.382 Y211.077 E77.19593
M204 S2500
G0 F15000 X214.531 Y211.209
G1 F2700 E75.89593
;MESH:NONMESH
G0 F600 X214.531 Y211.209 Z1.3
G0 F15000 X215.036 Y210.764
G0 X214.609 Y202.684
G0 X213.51 Y202.684
G0 X210.729 Y202.183
;TIME_ELAPSED:108.885424
;LAYER:10
;note -- min layer time used
;TYPE:SUPPORT
G1 F2700 E77.19593
G1 F1715.4 X211.104 Y202.075 E77.20241
G1 X211.479 Y202.183 E77.20888
G1 X211.748 Y202.464 E77.21533
G1 X211.853 Y202.83 E77.22165
G1 X211.752 Y203.201 E77.22803
G1 X211.384 Y203.562 E77.23658
G1 F1699.2 X211.319 Y203.691 E77.239
G1 X211.377 Y203.855 E77.24191
G1 F1715.4 X211.752 Y204.248 E77.25092
G1 X211.833 Y204.499 E77.2553
G1 X211.979 Y204.652 E77.25881
G1 X212.384 Y204.773 E77.26582
G1 X212.615 Y204.997 E77.27116
G1 X213.099 Y205.141 E77.27953
G1 X213.282 Y205.32 E77.28378
G1 X213.282 Y206.281 E77.29972
G1 X213.119 Y206.434 E77.30343
G1 X212.679 Y206.546 E77.31096
G1 X212.179 Y206.404 E77.31958
G1 X211.943 Y206.192 E77.32484
G1 X211.446 Y206.047 E77.33343
G1 X211.104 Y205.726 E77.34121
G1 X210.758 Y205.601 E77.34732
G1 X210.466 Y205.315 E77.3541
G1 X210.355 Y204.957 E77.36031
G1 X210.393 Y204.818 E77.3627
G1 X210.351 Y204.608 E77.36626
G1 X210.453 Y204.248 E77.37246
G1 X210.832 Y203.849 E77.38159
G1 F1699.2 X210.893 Y203.725 E77.38391
G1 X210.83 Y203.556 E77.38693
G1 F1715.4 X210.454 Y203.18 E77.39575
G1 X210.348 Y202.825 E77.40189
G1 X210.455 Y202.469 E77.40806
G1 X210.729 Y202.183 E77.41463
G1 F2700 E76.11463
G0 F15000 X213.572 Y201.597
G0 X216.509 Y201.597
G0 X216.794 Y204.587
G1 F2700 E77.41463
G1 F1715.4 X216.89 Y204.471 E77.41713
G1 X217.024 Y203.995 E77.42533
G1 X217.242 Y203.777 E77.43045
G1 X217.282 Y203.639 E77.43283
G1 X217.253 Y203.529 E77.43472
G1 X217.362 Y203.172 E77.44091
G1 X217.553 Y202.966 E77.44557
G1 X217.688 Y202.491 E77.45376
G1 X217.828 Y202.339 E77.45719
G1 X217.973 Y201.889 E77.46503
G1 X218.26 Y201.606 E77.47172
G1 X218.744 Y201.481 E77.48001
G1 X219.228 Y201.606 E77.4883
G1 X219.523 Y201.897 E77.49518
G1 X219.632 Y202.245 E77.50122
G1 X219.519 Y202.617 E77.50767
G1 X219.39 Y202.749 E77.51074
G1 X219.243 Y203.22 E77.51892
G1 X219.074 Y203.408 E77.52311
G1 X218.922 Y203.918 E77.53194
G1 X218.686 Y204.165 E77.53761
G1 X218.559 Y204.672 E77.54628
G1 X218.369 Y204.854 E77.55064
G1 X218.322 Y204.999 E77.55317
G1 X218.343 Y205.086 E77.55466
G1 X218.238 Y205.445 E77.56086
G1 X217.768 Y205.886 E77.57155
G1 F1652.4 X217.687 Y206.049 E77.57469
G1 X217.752 Y206.178 E77.57717
G1 F1707.2 X218.191 Y206.608 E77.58742
G1 F1715.4 X218.635 Y206.736 E77.59508
G1 X218.912 Y206.999 E77.60142
G1 X219.329 Y207.117 E77.60861
G1 X219.61 Y207.41 E77.61534
G1 X219.721 Y207.768 E77.62156
G1 X219.726 Y208.009 E77.62556
G1 X219.624 Y208.382 E77.63197
G1 X219.346 Y208.66 E77.63849
G1 X218.975 Y208.761 E77.64487
G1 X218.623 Y208.657 E77.65096
G1 X218.313 Y208.351 E77.65819
G1 X218.205 Y208.174 E77.66163
G1 X217.71 Y208.019 E77.67023
G1 X217.384 Y207.735 E77.6774
G1 X216.999 Y207.623 E77.68406
G1 X216.794 Y207.432 E77.6887
G1 X216.795 Y206.505 E77.70408
G1 F1711.3 X217.159 Y206.152 E77.71251
G1 F1652.4 X217.237 Y206.029 E77.71502
G1 X217.169 Y205.86 E77.71816
G1 F1715.4 X216.794 Y205.508 E77.72669
G1 X216.794 Y204.587 E77.74197
G1 F2700 E76.44197
G0 F15000 X217.402 Y212.234
G1 F2700 E77.74197
G1 F1715.4 X217.933 Y212.374 E77.75108
G1 X218.222 Y212.641 E77.7576
G1 X218.694 Y212.766 E77.7657
G1 X218.894 Y212.958 E77.7703
G1 X219.343 Y213.099 E77.77811
G1 X219.624 Y213.396 E77.78489
G1 X219.734 Y213.774 E77.79142
G1 X219.734 Y214.038 E77.7958
G1 X219.646 Y214.396 E77.80192
G1 X219.725 Y214.679 E77.80679
G1 X219.624 Y215.05 E77.81317
G1 X219.346 Y215.324 E77.81964
G1 F1675.5 X218.64 Y215.522 E77.8321
G1 F1660 X218.599 Y215.714 E77.83546
G1 F1699.2 X218.742 Y216.221 E77.84428
G1 F1715.4 X218.636 Y216.606 E77.85091
G1 X218.358 Y216.884 E77.85743
G1 X217.478 Y217.114 E77.87252
G1 X217.123 Y217.009 E77.87866
G1 X216.827 Y216.713 E77.8856
G1 X216.723 Y216.36 E77.89171
G1 X216.828 Y216.004 E77.89786
G1 X217.101 Y215.715 E77.90446
G1 X217.543 Y215.581 E77.91212
G1 X217.609 Y215.518 E77.91364
G1 F1675.5 X218.228 Y215.347 E77.92454
G1 F1660 X218.27 Y215.154 E77.92793
G1 F1699.2 X218.128 Y214.675 E77.93629
G1 F1715.4 X218.214 Y214.374 E77.94149
G1 X218.192 Y214.257 E77.94346
G1 X218.104 Y214.166 E77.94556
G1 X217.742 Y214.059 E77.95182
G1 X217.385 Y213.745 E77.95971
G1 X217.006 Y213.635 E77.96626
G1 X216.794 Y213.44 E77.97104
G1 X216.794 Y212.517 E77.98635
G1 X216.975 Y212.342 E77.99052
G1 X217.402 Y212.234 E77.99783
G1 F2700 E76.69783
G0 F15000 X218.119 Y218.547
G1 F2700 E77.99783
G1 F1715.4 X218.495 Y218.651 E78.0043
G1 X218.764 Y218.936 E78.0108
G1 X218.869 Y219.298 E78.01705
G1 X218.768 Y219.666 E78.02338
G1 X218.49 Y219.944 E78.02991
G1 X218.118 Y220.049 E78.03632
G1 X217.767 Y219.945 E78.04239
G1 X217.47 Y219.648 E78.04936
G1 X217.364 Y219.295 E78.05547
G1 X217.471 Y218.937 E78.06167
G1 X217.744 Y218.651 E78.06823
G1 X218.119 Y218.547 E78.07469
G1 F2700 E76.77469
G0 F15000 X217.43 Y224.402
G1 F2700 E78.07469
G1 F1715.4 X217.924 Y224.537 E78.08318
G1 X218.224 Y224.821 E78.09003
G1 X218.648 Y224.945 E78.09736
G1 X218.906 Y225.183 E78.10318
G1 X219.333 Y225.301 E78.11053
G1 X219.617 Y225.594 E78.1173
G1 X219.721 Y225.947 E78.12341
G1 X219.726 Y226.192 E78.12747
G1 X219.6 Y226.711 E78.13633
G1 X219.725 Y227.143 E78.14379
G1 X219.624 Y227.514 E78.15017
G1 X219.346 Y227.792 E78.15669
G1 X218.974 Y227.897 E78.1631
G1 X218.623 Y227.793 E78.16918
G1 X218.327 Y227.497 E78.17612
G1 X218.224 Y227.149 E78.18214
G1 X218.384 Y226.604 E78.19156
G1 X218.344 Y226.444 E78.1943
G1 X218.279 Y226.384 E78.19577
G1 X217.717 Y226.23 E78.20543
G1 X217.373 Y225.921 E78.2131
G1 X216.999 Y225.811 E78.21957
G1 X216.795 Y225.62 E78.22421
G1 X216.794 Y224.696 E78.23953
G1 X216.972 Y224.522 E78.24366
G1 X217.43 Y224.402 E78.25152
G1 F2700 E76.95152
G0 F15000 X216.512 Y221.995
G0 X215.603 Y221.7
G0 X213.563 Y223.987
G0 X213.144 Y225.272
G1 F2700 E78.25152
G1 F1715.4 X213.031 Y225.648 E78.25803
G1 X212.815 Y225.877 E78.26325
G1 X212.848 Y226.128 E78.26745
G1 X212.742 Y226.493 E78.27376
G1 X212.544 Y226.68 E78.27827
G1 X212.387 Y227.231 E78.28778
G1 X212.187 Y227.462 E78.29285
G1 X212.047 Y227.921 E78.30081
G1 X211.755 Y228.193 E78.30743
G1 X211.274 Y228.318 E78.31567
G1 X210.81 Y228.191 E78.32365
G1 X210.488 Y227.892 E78.33094
G1 X210.38 Y227.547 E78.33694
G1 X210.493 Y227.185 E78.34323
G1 X210.709 Y226.959 E78.34841
G1 X210.841 Y226.466 E78.35688
G1 X211.014 Y226.295 E78.36091
G1 X211.173 Y225.745 E78.37041
G1 X211.385 Y225.511 E78.37565
G1 X211.364 Y225.29 E78.37933
G1 X211.473 Y224.937 E78.38546
G1 X211.772 Y224.646 E78.39238
G1 X212.278 Y224.513 E78.40106
G1 X212.745 Y224.63 E78.40905
G1 X213.038 Y224.92 E78.41589
G1 X213.144 Y225.272 E78.42198
G1 F2700 E77.12198
;MESH:lowerLeftPad.stl
G0 F15000 X214.664 Y225.272
G0 X214.841 Y224.562
M204 S1250
;TYPE:WALL-INNER
G1 F2700 E78.42198
G1 F1828.6 X214.841 Y227.131 E78.46407
G1 X215.235 Y227.131 E78.47052
G1 X215.235 Y224.19 E78.5187
G1 X214.841 Y224.562 E78.52757
M204 S2500
G0 F15000 X214.434 Y224.379
M204 S1250
;TYPE:WALL-OUTER
G1 F1715.4 X214.434 Y227.538 E78.58273
G1 X215.642 Y227.538 E78.60383
G1 X215.642 Y223.127 E78.68085
G1 X215.227 Y223.615 E78.69204
G1 X214.792 Y224.061 E78.70291
G1 X214.434 Y224.379 E78.71128
M204 S2500
G0 F15000 X214.434 Y224.579
G1 F2700 E77.41128
G0 F15000 X214.744 Y224.579
G0 X215.399 Y223.77
G0 X214.583 Y223.026
G0 X214.584 Y212.475
G0 X214.842 Y210.936
M204 S1250
;TYPE:WALL-INNER
G1 F2700 E78.71128
G1 F1819.3 X215.238 Y211.307 E78.72021
G1 X215.238 Y202.866 E78.85918
G1 X214.842 Y202.866 E78.8657
G1 X214.842 Y210.936 E78.99856
M204 S2500
G0 F15000 X214.434 Y211.121
M204 S1250
;TYPE:WALL-OUTER
G1 F1715.4 X214.803 Y211.445 E79.00714
G1 X215.237 Y211.892 E79.01802
G1 X215.646 Y212.376 E79.02908
G1 X215.646 Y202.458 E79.20226
G1 X214.434 Y202.458 E79.22343
G1 X214.434 Y211.121 E79.3747
M204 S2500
G0 F15000 X214.584 Y211.252
G1 F2700 E78.0747
;MESH:NONMESH
G0 F600 X214.584 Y211.252 Z1.4
G0 F15000 X214.788 Y211.023
G0 X214.665 Y204.266
G0 X213.56 Y204.266
G0 X210.533 Y204.266
;TIME_ELAPSED:116.106336
;LAYER:11
;note -- min layer time used
;TYPE:SUPPORT
G1 F2700 E79.3747
G1 F1369.1 X211.093 Y203.747 E79.39053
G1 F1522.8 X211.677 Y204.285 E79.40533
G1 F1711.3 X211.7 Y204.352 E79.40651
G1 X212.067 Y204.725 E79.41519
G1 X212.484 Y204.849 E79.4224
G1 X212.766 Y205.111 E79.42879
G1 X213.199 Y205.233 E79.43625
G1 X213.334 Y205.365 E79.43938
G1 X213.334 Y206.28 E79.45456
G1 X213.224 Y206.381 E79.45704
G1 X212.852 Y206.475 E79.4634
G1 X212.352 Y206.349 E79.47196
G1 X212.063 Y206.103 E79.47825
G1 X211.622 Y205.986 E79.48582
G1 X211.265 Y205.653 E79.49392
G1 X210.881 Y205.538 E79.50057
G1 X210.596 Y205.275 E79.507
G1 X210.435 Y204.603 E79.51847
G1 F1522.8 X210.533 Y204.266 E79.52501
G0 F15000 X211.106 Y203.735
G1 F1142.7 X211.106 Y203.703 E79.5258
G1 F2700 E78.2258
G0 F15000 X210.769 Y202.255
G1 F2700 E79.5258
G1 F1711.3 X211.103 Y202.159 E79.53157
G1 X211.435 Y202.255 E79.5373
G1 X211.676 Y202.508 E79.5431
G1 X211.769 Y202.826 E79.54859
G1 X211.676 Y203.154 E79.55425
G1 F1611.6 X211.11 Y203.671 E79.56775
G1 X210.526 Y203.137 E79.58169
G1 F1711.3 X210.432 Y202.824 E79.58711
G1 X210.527 Y202.509 E79.59257
G1 X210.769 Y202.255 E79.59839
G1 F2700 E78.29839
G0 F15000 X213.622 Y201.597
G0 X216.459 Y201.597
G0 X216.747 Y206.509
G1 F2700 E79.59839
G1 F1711.3 X216.867 Y206.391 E79.60118
G1 F1671.5 X217.177 Y206.313 E79.60661
G1 F1485 X217.317 Y206.165 E79.61051
G1 X217.438 Y206.329 E79.6144
G1 F1671.5 X217.756 Y206.413 E79.61999
G1 F1711.3 X218.039 Y206.681 E79.62645
G1 X218.452 Y206.801 E79.63359
G1 X218.754 Y207.072 E79.64032
G1 X219.21 Y207.19 E79.64813
G1 X219.478 Y207.452 E79.65435
G1 X219.641 Y208.011 E79.66401
G1 X219.552 Y208.338 E79.66963
G1 X219.303 Y208.584 E79.67544
G1 X218.969 Y208.677 E79.68119
G1 X218.657 Y208.587 E79.68658
G1 X218.102 Y208.087 E79.69897
G1 X217.608 Y207.945 E79.70749
G1 X217.278 Y207.65 E79.71484
G1 X216.894 Y207.542 E79.72145
G1 X216.747 Y207.404 E79.7248
G1 X216.747 Y206.509 E79.73965
G0 F15000 X217.317 Y206.165
G1 F1361.3 X217.317 Y205.864 E79.74592
G1 F2700 E78.44592
G0 F15000 X216.746 Y204.587
G1 F2700 E79.74592
G1 F1711.3 X216.793 Y204.516 E79.74734
G1 X216.942 Y204.033 E79.75572
G1 X217.172 Y203.805 E79.76109
G1 X217.222 Y203.652 E79.76376
G1 X217.192 Y203.531 E79.76583
G1 X217.289 Y203.219 E79.77125
G1 X217.493 Y203.023 E79.77594
G1 X217.621 Y202.53 E79.78439
G1 X217.783 Y202.355 E79.78835
G1 X217.907 Y201.923 E79.7958
G1 X218.164 Y201.67 E79.80179
G1 X218.549 Y201.572 E79.80838
G1 X219.04 Y201.677 E79.81671
G1 X219.303 Y201.938 E79.82285
G1 X219.404 Y202.25 E79.82829
G1 X219.302 Y202.581 E79.83404
G1 X219.165 Y202.719 E79.83726
G1 X219.025 Y203.182 E79.84529
G1 X218.837 Y203.359 E79.84957
G1 X218.71 Y203.873 E79.85835
G1 X218.451 Y204.139 E79.86451
G1 X218.456 Y204.33 E79.86768
G1 X218.352 Y204.659 E79.87341
G1 X218.116 Y204.915 E79.87918
G1 X218.121 Y205.064 E79.88165
G1 X218.026 Y205.393 E79.88734
G1 X217.765 Y205.633 E79.89322
G1 F1691.2 X217.47 Y205.71 E79.89834
G1 F1497.4 X217.317 Y205.864 E79.90245
G1 X217.181 Y205.695 E79.90656
G1 F1691.2 X216.891 Y205.612 E79.91163
G1 F1711.3 X216.747 Y205.479 E79.91488
G1 X216.746 Y204.587 E79.92968
G1 F2700 E78.62968
G0 F15000 X217.241 Y212.301
G1 F2700 E79.92968
G1 F1711.3 X217.754 Y212.423 E79.93842
G1 X218.067 Y212.722 E79.9456
G1 X218.487 Y212.841 E79.95284
G1 X218.717 Y213.068 E79.9582
G1 X218.849 Y213.11 E79.9605
G1 X218.973 Y213.082 E79.96261
G1 X219.307 Y213.175 E79.96836
G1 X219.548 Y213.432 E79.97421
G1 X219.65 Y213.775 E79.98014
G1 X219.65 Y214.038 E79.98451
G1 X219.559 Y214.364 E79.99012
G1 X219.636 Y214.682 E79.99555
G1 X219.542 Y215.01 E80.00121
G1 X219.283 Y215.254 E80.00711
G1 X218.884 Y215.358 E80.01395
G1 X218.681 Y215.361 E80.01732
G1 F1703.2 X218.551 Y215.439 E80.01985
G1 X218.514 Y215.609 E80.02275
G1 F1711.3 X218.655 Y216.193 E80.03271
G1 X218.558 Y216.553 E80.0389
G1 X218.323 Y216.797 E80.04452
G1 X217.47 Y217.028 E80.05918
G1 X217.163 Y216.937 E80.06449
G1 X216.899 Y216.673 E80.07068
G1 X216.807 Y216.361 E80.07608
G1 X216.9 Y216.048 E80.08149
G1 X217.146 Y215.786 E80.08746
G1 X217.411 Y215.702 E80.09207
G1 X217.645 Y215.457 E80.09769
G1 X218.057 Y215.334 E80.10482
G1 F1703.2 X218.189 Y215.221 E80.10772
G1 X218.197 Y215.069 E80.11025
G1 F1711.3 X218.073 Y214.671 E80.11717
G1 X218.171 Y214.269 E80.12403
G1 X218.111 Y214.156 E80.12615
G1 X217.638 Y213.975 E80.13455
G1 X217.291 Y213.663 E80.1423
G1 X216.903 Y213.544 E80.14903
G1 X216.746 Y213.397 E80.1526
G1 X216.746 Y212.512 E80.16728
G1 X216.867 Y212.391 E80.17012
G1 X217.241 Y212.301 E80.1765
G1 F2700 E78.8765
G0 F15000 X218.119 Y218.631
G1 F2700 E80.1765
G1 F1711.3 X218.451 Y218.723 E80.18221
G1 X218.692 Y218.976 E80.18801
G1 X218.785 Y219.294 E80.1935
G1 X218.692 Y219.626 E80.19922
G1 X218.446 Y219.872 E80.20499
G1 X218.118 Y219.965 E80.21065
G1 X217.807 Y219.873 E80.21603
G1 X217.542 Y219.608 E80.22225
G1 X217.448 Y219.295 E80.22767
G1 X217.543 Y218.977 E80.23317
G1 X217.785 Y218.723 E80.23899
G1 X218.119 Y218.631 E80.24474
G1 F2700 E78.94474
G0 F15000 X217.239 Y224.484
G1 F2700 E80.24474
G1 F1711.3 X217.751 Y224.6 E80.25345
G1 X218.057 Y224.891 E80.26045
G1 X218.465 Y225.013 E80.26752
G1 X218.756 Y225.264 E80.27389
G1 X219.213 Y225.375 E80.28169
G1 X219.474 Y225.635 E80.28781
G1 X219.639 Y226.192 E80.29744
G1 X219.49 Y226.659 E80.30557
G1 X219.64 Y227.151 E80.31411
G1 X219.548 Y227.474 E80.31968
G1 X219.302 Y227.72 E80.32545
G1 X218.974 Y227.813 E80.3311
G1 X218.663 Y227.721 E80.33648
G1 X218.399 Y227.457 E80.34268
G1 X218.309 Y227.152 E80.34795
G1 X218.45 Y226.705 E80.35573
G1 X218.411 Y226.565 E80.35814
G1 X218.115 Y226.285 E80.3649
G1 X217.621 Y226.138 E80.37345
G1 X217.29 Y225.844 E80.38079
G1 X216.894 Y225.73 E80.38763
G1 X216.742 Y225.588 E80.39108
G1 X216.742 Y224.698 E80.40584
G1 X216.866 Y224.578 E80.4087
G1 X217.239 Y224.484 E80.41508
G1 F2700 E79.11508
G0 F15000 X216.462 Y222.072
G0 X215.557 Y221.775
G0 X213.613 Y223.949
G0 X213.211 Y225.271
G1 F2700 E80.41508
G1 F1711.3 X213.111 Y225.603 E80.42084
G1 X212.9 Y225.8 E80.42562
G1 X212.857 Y225.892 E80.42731
G1 X212.912 Y226.14 E80.43152
G1 X212.815 Y226.464 E80.43713
G1 X212.569 Y226.71 E80.4429
G1 X212.463 Y227.192 E80.45109
G1 X212.219 Y227.445 E80.45692
G1 X212.11 Y227.9 E80.46468
G1 X211.857 Y228.133 E80.47039
G1 X211.477 Y228.228 E80.47689
G1 X210.986 Y228.119 E80.48523
G1 X210.704 Y227.855 E80.49164
G1 X210.605 Y227.547 E80.497
G1 X210.705 Y227.233 E80.50247
G1 X210.901 Y227.018 E80.5073
G1 X211.053 Y226.525 E80.51586
G1 X211.287 Y226.278 E80.5215
G1 X211.294 Y226.116 E80.52419
G1 X211.393 Y225.797 E80.52973
G1 X211.625 Y225.543 E80.53544
G1 X211.592 Y225.286 E80.53973
G1 X211.693 Y224.97 E80.54524
G1 X211.96 Y224.709 E80.55143
G1 X212.463 Y224.6 E80.55997
G1 X212.845 Y224.698 E80.56651
G1 X213.111 Y224.958 E80.57268
G1 X213.211 Y225.271 E80.57813
G1 F2700 E79.27813
;MESH:lowerLeftPad.stl
G0 F15000 X214.714 Y225.271
G0 X214.865 Y224.508
M204 S1250
;TYPE:WALL-INNER
G1 F2700 E80.57813
G1 F2077.3 X214.865 Y227.155 E80.61621
G1 X215.211 Y227.155 E80.62119
G1 X215.211 Y224.176 E80.66404
G1 X214.865 Y224.508 E80.67094
M204 S2500
G0 F15000 X214.482 Y224.338
M204 S1250
;TYPE:WALL-OUTER
G1 F1711.3 X214.482 Y227.538 E80.72681
G1 X215.594 Y227.538 E80.74623
G1 X215.594 Y223.178 E80.82236
G1 X215.227 Y223.611 E80.83228
G1 X214.794 Y224.056 E80.84312
G1 X214.482 Y224.338 E80.85046
M204 S2500
G0 F15000 X214.482 Y224.538
G1 F2700 E79.55046
G0 F15000 X214.794 Y224.538
G0 X215.378 Y223.774
G0 X214.585 Y223.023
G0 X214.585 Y212.476
G0 X214.865 Y210.991
M204 S1250
;TYPE:WALL-INNER
G1 F2700 E80.85046
G1 F2077.3 X215.211 Y211.318 E80.85731
G1 X215.211 Y202.841 E80.97925
G1 X214.865 Y202.841 E80.98423
G1 X214.865 Y210.991 E81.10147
M204 S2500
G0 F15000 X214.482 Y211.162
M204 S1250
;TYPE:WALL-OUTER
G1 F1711.3 X214.802 Y211.448 E81.10896
G1 X215.233 Y211.888 E81.11972
G1 X215.594 Y212.318 E81.12952
G1 X215.594 Y202.458 E81.30169
G1 X214.482 Y202.458 E81.32111
G1 X214.482 Y211.162 E81.47309
M204 S2500
G0 F15000 X214.631 Y211.295
G1 F2700 E80.17309
;MESH:NONMESH
G0 F600 X214.631 Y211.295 Z1.5
G0 F15000 X214.838 Y211.065
G0 X214.715 Y204.103
G0 X213.61 Y204.103
G0 X210.81 Y204.103
;TIME_ELAPSED:123.581314
;LAYER:12
;note -- min layer time used
;TYPE:SUPPORT
G1 F2700 E81.47309
G1 F1504 X211.027 Y204.042 E81.47683
G1 F1810 X211.106 Y203.852 E81.47967
G1 X211.185 Y204.042 E81.4825
G1 F1504 X211.39 Y204.101 E81.48604
G1 X211.681 Y204.428 E81.4933
G1 X211.834 Y204.485 E81.49601
G1 X212.159 Y204.81 E81.50364
G1 X212.593 Y204.934 E81.51113
G1 X212.871 Y205.195 E81.51745
G1 X213.303 Y205.308 E81.52486
G1 X213.534 Y205.533 E81.53021
G1 X213.602 Y205.752 E81.53401
G1 X213.527 Y206.099 E81.5399
G1 X213.297 Y206.309 E81.54507
G1 X212.911 Y206.407 E81.55167
G1 X212.545 Y206.306 E81.55797
G1 X212.23 Y206.03 E81.56492
G1 X211.815 Y205.922 E81.57203
G1 X211.474 Y205.592 E81.5799
G1 X211.064 Y205.471 E81.587
G1 X210.809 Y205.239 E81.59271
G1 X210.737 Y205.023 E81.59649
G1 X210.598 Y204.876 E81.59985
G1 X210.516 Y204.604 E81.60456
G1 X210.6 Y204.328 E81.60935
G1 X210.81 Y204.103 E81.61445
G0 F15000 X211.106 Y203.852
G1 F2280.5 X211.106 Y203.592 E81.6173
G1 F2700 E80.3173
G0 F15000 X210.809 Y202.327
G1 F2700 E81.6173
G1 F1504 X211.103 Y202.243 E81.62237
G1 X211.395 Y202.327 E81.62741
G1 X211.605 Y202.549 E81.63248
G1 X211.689 Y202.827 E81.6373
G1 X211.608 Y203.114 E81.64224
G1 X211.391 Y203.331 E81.64733
G1 X211.179 Y203.388 E81.65097
G1 F1815.2 X211.106 Y203.592 E81.65395
G1 X211.027 Y203.39 E81.65693
G1 F1504 X210.831 Y203.333 E81.66032
G1 X210.599 Y203.098 E81.6658
G1 X210.519 Y202.827 E81.67048
G1 X210.6 Y202.548 E81.6753
G1 X210.809 Y202.327 E81.68035
G1 F2700 E80.38035
G0 F15000 X213.637 Y201.597
G0 X216.443 Y201.597
G0 X216.79 Y207.458
G1 F2700 E81.68035
G1 F1504 X216.535 Y207.223 E81.6861
G1 X216.47 Y207.023 E81.68959
G1 X216.47 Y206.868 E81.69216
G1 X216.529 Y206.678 E81.69546
G1 X216.766 Y206.451 E81.70091
G1 X217.095 Y206.368 E81.70653
G1 X217.565 Y206.473 E81.71452
G1 X217.863 Y206.754 E81.72132
G1 X218.29 Y206.874 E81.72868
G1 X218.583 Y207.145 E81.7353
G1 X219.033 Y207.262 E81.74301
G1 X219.476 Y207.732 E81.75372
G1 X219.557 Y208.007 E81.75848
G1 X219.479 Y208.299 E81.76349
G1 X219.263 Y208.515 E81.76856
G1 X218.975 Y208.593 E81.77351
G1 X218.699 Y208.513 E81.77828
G1 X218.477 Y208.31 E81.78327
G1 X218.278 Y208.254 E81.7867
G1 X217.966 Y207.982 E81.79356
G1 X217.518 Y207.872 E81.80121
G1 X217.221 Y207.599 E81.80791
G1 X216.79 Y207.458 E81.81543
G1 F2700 E80.51543
G0 F15000 X217.194 Y205.62
G1 F2700 E81.81543
G1 F1504 X216.785 Y205.53 E81.82238
G1 X216.535 Y205.302 E81.82799
G1 X216.47 Y205.102 E81.83148
G1 X216.47 Y204.949 E81.83402
G1 X216.533 Y204.753 E81.83743
G1 X216.782 Y204.477 E81.8436
G1 X216.781 Y204.33 E81.84604
G1 X216.869 Y204.05 E81.8509
G1 X217.148 Y203.76 E81.85758
G1 X217.129 Y203.526 E81.86147
G1 X217.217 Y203.25 E81.86628
G1 X217.483 Y202.953 E81.87289
G1 X217.481 Y202.836 E81.87483
G1 X217.568 Y202.559 E81.87965
G1 X217.752 Y202.363 E81.88411
G1 X217.854 Y201.957 E81.89105
G1 X218.08 Y201.737 E81.89629
G1 X218.413 Y201.649 E81.902
G1 X218.864 Y201.745 E81.90965
G1 X219.1 Y201.975 E81.91512
G1 X219.187 Y202.247 E81.91985
G1 X219.099 Y202.536 E81.92486
G1 X218.92 Y202.725 E81.92918
G1 X218.811 Y203.135 E81.93622
G1 X218.573 Y203.399 E81.94212
G1 X218.577 Y203.525 E81.94421
G1 X218.487 Y203.819 E81.94931
G1 X218.192 Y204.134 E81.95647
G1 X218.228 Y204.361 E81.96028
G1 X218.143 Y204.644 E81.96518
G1 X217.902 Y204.885 E81.97084
G1 X217.897 Y205.054 E81.97364
G1 X217.811 Y205.336 E81.97853
G1 X217.581 Y205.549 E81.98373
G1 X217.248 Y205.632 E81.98942
G1 X217.194 Y205.62 E81.99034
G1 F2700 E80.69034
G0 F15000 X217.122 Y212.361
G1 F2700 E81.99034
G1 F1504 X217.565 Y212.477 E81.99794
G1 X217.877 Y212.776 E82.00511
G1 X218.3 Y212.901 E82.01242
G1 X218.591 Y213.183 E82.01915
G1 X218.747 Y213.225 E82.02183
G1 X218.973 Y213.163 E82.02571
G1 X219.266 Y213.247 E82.03077
G1 X219.476 Y213.472 E82.03587
G1 X219.566 Y213.775 E82.04112
G1 X219.566 Y214.039 E82.0455
G1 X219.41 Y214.497 E82.05352
G1 X219.451 Y214.675 E82.05655
G1 X219.363 Y214.96 E82.0615
G1 X219.135 Y215.174 E82.06669
G1 F1511.2 X218.591 Y215.318 E82.07598
G1 F1540.7 X218.479 Y215.403 E82.07826
G1 X218.441 Y215.569 E82.08101
G1 F1511.2 X218.563 Y216.086 E82.08978
G1 F1504 X218.477 Y216.424 E82.09557
G1 X218.265 Y216.65 E82.10071
G1 X217.855 Y216.781 E82.10785
G1 X217.768 Y216.865 E82.10986
G1 X217.474 Y216.945 E82.11491
G1 X217.203 Y216.865 E82.1196
G1 X216.971 Y216.633 E82.12504
G1 X216.891 Y216.36 E82.12976
G1 X216.972 Y216.083 E82.13455
G1 X217.182 Y215.859 E82.13964
G1 X217.379 Y215.783 E82.14314
G1 X217.454 Y215.632 E82.14594
G1 X217.665 Y215.397 E82.15118
G1 F1507.6 X218.001 Y215.316 E82.1569
G1 F1540.7 X218.117 Y215.229 E82.15925
G1 X218.154 Y215.06 E82.16205
G1 F1511.2 X218.028 Y214.662 E82.16894
G1 F1504 X218.148 Y214.275 E82.17566
G1 X218.146 Y214.158 E82.1776
G1 X218.021 Y214.024 E82.18064
G1 X217.527 Y213.887 E82.18915
G1 X217.193 Y213.574 E82.19674
G1 X216.793 Y213.458 E82.20365
G1 X216.539 Y213.222 E82.2094
G1 X216.47 Y213.017 E82.21299
G1 X216.537 Y212.674 E82.21879
G1 X216.766 Y212.45 E82.2241
G1 X217.122 Y212.361 E82.23019
G1 F2700 E80.93019
G0 F15000 X218.119 Y218.711
G1 F2700 E82.23019
G1 F1504 X218.41 Y218.794 E82.23521
G1 X218.621 Y219.02 E82.24034
G1 X218.704 Y219.296 E82.24512
G1 X218.601 Y219.638 E82.25104
G1 X218.374 Y219.871 E82.25644
G1 X218.085 Y219.964 E82.26147
G1 X217.8 Y219.881 E82.2664
G1 X217.582 Y219.657 E82.27158
G1 X217.507 Y219.36 E82.27666
G1 X217.615 Y219.021 E82.28257
G1 X217.826 Y218.794 E82.28771
G1 X218.119 Y218.711 E82.29276
G1 F2700 E80.99276
G0 F15000 X217.097 Y224.553
G1 F2700 E82.29276
G1 F1504 X217.571 Y224.657 E82.30081
G1 X217.878 Y224.953 E82.30788
G1 X218.289 Y225.073 E82.31499
G1 X218.563 Y225.327 E82.32118
G1 X219.034 Y225.446 E82.32924
G1 X219.477 Y225.917 E82.33997
G1 X219.561 Y226.195 E82.34479
G1 X219.434 Y226.696 E82.35336
G1 X219.561 Y227.142 E82.36105
G1 X219.48 Y227.434 E82.36608
G1 X219.266 Y227.648 E82.3711
G1 X218.969 Y227.73 E82.37621
G1 X218.612 Y227.641 E82.38231
G1 X218.361 Y227.404 E82.38804
G1 X218.28 Y227.142 E82.39259
G1 X218.414 Y226.681 E82.40055
G1 X218.383 Y226.548 E82.40282
G1 X218.012 Y226.2 E82.41126
G1 X217.52 Y226.06 E82.41974
G1 X217.193 Y225.764 E82.42706
G1 X216.786 Y225.643 E82.4341
G1 X216.536 Y225.411 E82.43976
G1 X216.471 Y225.211 E82.44325
G1 X216.47 Y225.056 E82.44582
G1 X216.529 Y224.866 E82.44912
G1 X216.766 Y224.638 E82.45458
G1 X217.097 Y224.553 E82.46024
G1 F2700 E81.16024
G0 F15000 X216.447 Y222.097
G0 X215.544 Y221.799
G0 X213.629 Y223.937
G0 X213.272 Y225.265
G1 F2700 E82.46024
G1 F1504 X213.183 Y225.556 E82.46529
G1 X212.96 Y225.763 E82.47034
G1 X212.909 Y225.864 E82.47222
G1 X212.975 Y226.147 E82.47704
G1 X212.887 Y226.431 E82.48197
G1 X212.614 Y226.726 E82.48864
G1 X212.625 Y226.877 E82.49115
G1 X212.539 Y227.16 E82.49605
G1 X212.283 Y227.415 E82.50205
G1 X212.187 Y227.863 E82.50965
G1 X211.953 Y228.073 E82.51486
G1 X211.62 Y228.16 E82.52057
G1 X211.166 Y228.059 E82.52829
G1 X210.919 Y227.827 E82.53391
G1 X210.829 Y227.558 E82.53862
G1 X210.917 Y227.282 E82.54342
G1 X211.174 Y227.005 E82.54969
G1 X211.172 Y226.855 E82.55218
G1 X211.257 Y226.582 E82.55692
G1 X211.522 Y226.308 E82.56324
G1 X211.522 Y226.121 E82.56635
G1 X211.609 Y225.854 E82.57101
G1 X211.869 Y225.571 E82.57738
G1 X211.879 Y225.457 E82.57928
G1 X211.821 Y225.271 E82.58251
G1 X211.905 Y225.002 E82.58719
G1 X212.141 Y224.775 E82.59262
G1 X212.613 Y224.684 E82.60059
G1 X212.954 Y224.77 E82.60643
G1 X213.187 Y224.994 E82.61179
G1 X213.272 Y225.265 E82.6165
G1 F2700 E81.3165
;MESH:lowerLeftPad.stl
G0 F15000 X214.73 Y225.265
G0 X215.038 Y224.561
M204 S1250
;TYPE:WALL-INNER
G1 F2700 E82.6165
G1 F957.1 X215.038 Y226.998 E82.68337
M204 S2500
G0 F15000 X214.801 Y224.458
G0 X214.498 Y224.322
M204 S1250
;TYPE:WALL-OUTER
G1 F1504 X214.498 Y227.538 E82.73952
G1 X215.578 Y227.538 E82.75838
G1 X215.578 Y223.198 E82.83417
G1 X215.227 Y223.616 E82.8437
G1 X214.797 Y224.052 E82.85439
G1 X214.498 Y224.322 E82.86143
M204 S2500
G0 F15000 X214.498 Y224.522
G1 F2700 E81.56143
G0 F15000 X214.81 Y224.522
G0 X215.363 Y223.79
G0 X214.586 Y223.024
G0 X214.587 Y212.477
G0 X215.038 Y210.931
M204 S1250
;TYPE:WALL-INNER
G1 F2700 E82.86143
G1 F957.1 X215.038 Y202.998 E83.0791
M204 S2500
G0 F15000 X214.801 Y211.041
G0 X214.498 Y211.17
M204 S1250
;TYPE:WALL-OUTER
G1 F1504 X214.807 Y211.449 E83.08637
G1 X215.241 Y211.896 E83.09725
G1 X215.578 Y212.298 E83.10641
G1 X215.578 Y202.458 E83.27823
G1 X214.498 Y202.458 E83.29709
G1 X214.498 Y211.17 E83.44922
M204 S2500
G0 F15000 X214.646 Y211.304
G1 F2700 E82.14922
;MESH:NONMESH
G0 F600 X214.646 Y211.304 Z1.6
G0 F15000 X214.853 Y211.076
G0 X214.724 Y202.684
G0 X213.625 Y202.684
G0 X210.854 Y202.395
;TIME_ELAPSED:131.226743
;LAYER:13
;note -- min layer time used
;TYPE:SUPPORT
G1 F2700 E83.44922
G1 F1456.5 X211.111 Y202.322 E83.45365
G1 X211.452 Y202.4 E83.45945
G1 X211.659 Y202.598 E83.4642
G1 X211.728 Y202.826 E83.46816
G1 X211.655 Y203.075 E83.47246
G1 X211.456 Y203.254 E83.4769
G1 X211.108 Y203.331 E83.48281
G1 X210.871 Y203.261 E83.48691
G1 X210.667 Y203.057 E83.4917
G1 X210.599 Y202.825 E83.49571
G1 X210.668 Y202.592 E83.49974
G1 X210.854 Y202.395 E83.50423
G1 F2700 E82.20423
G0 F15000 X211.103 Y204.103
G1 F2700 E83.50423
G1 F1456.5 X211.347 Y204.173 E83.50844
G1 X211.641 Y204.478 E83.51547
G1 X211.942 Y204.562 E83.52066
G1 X212.145 Y204.753 E83.52528
G1 X212.211 Y204.877 E83.52761
G1 X212.705 Y205.01 E83.5361
G1 X212.972 Y205.258 E83.54214
G1 X213.41 Y205.332 E83.54951
G1 X213.601 Y205.522 E83.55398
G1 X213.668 Y205.755 E83.558
G1 X213.581 Y206.01 E83.56247
G1 X213.371 Y206.205 E83.56722
G1 X212.971 Y206.311 E83.57409
G1 X212.701 Y206.241 E83.57872
G1 X212.393 Y205.961 E83.58562
G1 X211.99 Y205.859 E83.59252
G1 X211.696 Y205.54 E83.59971
G1 X211.243 Y205.412 E83.60752
G1 X211.02 Y205.208 E83.61253
G1 X210.967 Y205.102 E83.6145
G1 X210.665 Y204.834 E83.6212
G1 X210.599 Y204.605 E83.62515
G1 X210.668 Y204.369 E83.62923
G1 X210.853 Y204.175 E83.63368
G1 X211.103 Y204.103 E83.63799
G1 F2700 E82.33799
G0 F15000 X213.637 Y201.597
G0 X216.443 Y201.597
G0 X216.685 Y205.45
G1 F2700 E83.63799
G1 F1456.5 X216.476 Y205.255 E83.64274
G1 X216.401 Y205.023 E83.64678
G1 X216.473 Y204.794 E83.65076
G1 X216.73 Y204.529 E83.65689
G1 X216.721 Y204.31 E83.66052
G1 X216.793 Y204.075 E83.6646
G1 X217.087 Y203.777 E83.67154
G1 X217.089 Y203.596 E83.67455
G1 X217.179 Y203.339 E83.67906
G1 X217.447 Y203.054 E83.68555
G1 X217.437 Y202.836 E83.68917
G1 X217.509 Y202.602 E83.69323
G1 X217.684 Y202.433 E83.69727
G1 X217.793 Y201.997 E83.70472
G1 X217.995 Y201.798 E83.70943
G1 X218.285 Y201.724 E83.71439
G1 X218.685 Y201.809 E83.72118
G1 X218.892 Y202.007 E83.72593
G1 X218.968 Y202.243 E83.73004
G1 X218.895 Y202.487 E83.73427
G1 X218.692 Y202.693 E83.73906
G1 X218.611 Y203.084 E83.74569
G1 X218.349 Y203.347 E83.75185
G1 X218.351 Y203.533 E83.75493
G1 X218.28 Y203.772 E83.75907
G1 X218.011 Y204.003 E83.76495
G1 X217.951 Y204.176 E83.76799
G1 X218.004 Y204.351 E83.77102
G1 X217.931 Y204.591 E83.77518
G1 X217.667 Y204.852 E83.78134
G1 X217.667 Y205.044 E83.78452
G1 X217.595 Y205.283 E83.78867
G1 X217.394 Y205.464 E83.79315
G1 X217.1 Y205.536 E83.79817
G1 X216.685 Y205.45 E83.8052
G1 F2700 E82.5052
G0 F15000 X216.974 Y206.44
G1 F2700 E83.8052
G1 F1456.5 X217.376 Y206.524 E83.81202
G1 X217.672 Y206.832 E83.8191
G1 X218.108 Y206.944 E83.82657
G1 X218.396 Y207.215 E83.83313
G1 X218.862 Y207.326 E83.84108
G1 X219.117 Y207.545 E83.84665
G1 X219.222 Y207.575 E83.84846
G1 X219.404 Y207.771 E83.8529
G1 X219.473 Y208.014 E83.85709
G1 X219.408 Y208.254 E83.86122
G1 X219.217 Y208.444 E83.86568
G1 X218.977 Y208.513 E83.86983
G1 X218.696 Y208.432 E83.87468
G1 X218.511 Y208.267 E83.87879
G1 X218.186 Y208.178 E83.88438
G1 X217.913 Y207.921 E83.8906
G1 X217.806 Y207.875 E83.89253
G1 X217.697 Y207.885 E83.89435
G1 X217.416 Y207.813 E83.89916
G1 X217.1 Y207.477 E83.90681
G1 X216.689 Y207.375 E83.91384
G1 X216.472 Y207.175 E83.91873
G1 X216.401 Y206.948 E83.92268
G1 X216.473 Y206.718 E83.92667
G1 X216.678 Y206.519 E83.93141
G1 X216.951 Y206.446 E83.9361
G1 X216.974 Y206.44 E83.9365
G1 F2700 E82.6365
G0 F15000 X217.04 Y212.446
G1 F2700 E83.9365
G1 F1456.5 X217.377 Y212.526 E83.94224
G1 X217.655 Y212.825 E83.94901
G1 X218.118 Y212.959 E83.95701
G1 X218.43 Y213.271 E83.96433
G1 X218.651 Y213.316 E83.96807
G1 X218.942 Y213.241 E83.97306
G1 X219.22 Y213.316 E83.97783
G1 X219.405 Y213.513 E83.98232
G1 X219.476 Y213.746 E83.98636
G1 X219.479 Y214.054 E83.99147
G1 X219.407 Y214.319 E83.99602
G1 X219.272 Y214.454 E83.99919
G1 X219.219 Y214.569 E84.00129
G1 X219.232 Y214.672 E84.00301
G1 X219.159 Y214.911 E84.00716
G1 X218.96 Y215.093 E84.01163
G1 F1477.6 X218.469 Y215.227 E84.01995
G1 F1593 X218.356 Y215.348 E84.02246
G1 X218.325 Y215.482 E84.02455
G1 F1477.6 X218.462 Y215.974 E84.0329
G1 F1456.5 X218.396 Y216.249 E84.03759
G1 X218.213 Y216.447 E84.04206
G1 X217.947 Y216.556 E84.04683
G1 X217.723 Y216.793 E84.05224
G1 X217.474 Y216.861 E84.05652
G1 X217.243 Y216.793 E84.06052
G1 X217.042 Y216.592 E84.06523
G1 X216.971 Y216.358 E84.06929
G1 X217.039 Y216.125 E84.07332
G1 X217.228 Y215.928 E84.07785
G1 X217.331 Y215.886 E84.07969
G1 X217.399 Y215.795 E84.08157
G1 X217.465 Y215.533 E84.08606
G1 X217.639 Y215.336 E84.09042
G1 F1470.5 X217.938 Y215.27 E84.09545
G1 F1580.7 X218.045 Y215.17 E84.09769
G1 F1593 X218.091 Y215.011 E84.1002
G1 F1477.6 X217.987 Y214.666 E84.10609
G1 F1456.5 X218.113 Y214.334 E84.11198
G1 X218.112 Y214.206 E84.1141
G1 X217.906 Y213.96 E84.11943
G1 X217.795 Y213.911 E84.12144
G1 X217.659 Y213.934 E84.12373
G1 X217.4 Y213.872 E84.12814
G1 X217.199 Y213.682 E84.13273
G1 X217.089 Y213.514 E84.13606
G1 X216.667 Y213.427 E84.14321
G1 X216.467 Y213.239 E84.14776
G1 X216.404 Y213.012 E84.15167
G1 X216.491 Y212.763 E84.15605
G1 X216.704 Y212.55 E84.16104
G1 X217.04 Y212.446 E84.16688
G1 F2700 E82.86688
G0 F15000 X218.118 Y218.799
G1 F2700 E84.16688
G1 F1456.5 X218.361 Y218.863 E84.17105
G1 X218.541 Y219.062 E84.1755
G1 X218.606 Y219.319 E84.1799
G1 X218.484 Y219.724 E84.18691
G1 X218.29 Y219.933 E84.19164
G1 X218.031 Y220.019 E84.19617
G1 X217.809 Y219.954 E84.20001
G1 X217.615 Y219.741 E84.20479
G1 X217.547 Y219.478 E84.20929
G1 X217.667 Y219.1 E84.21587
G1 X217.866 Y218.879 E84.22081
G1 X218.118 Y218.799 E84.22519
G1 F2700 E82.92519
G0 F15000 X216.969 Y224.628
G1 F2700 E84.22519
G1 F1456.5 X217.376 Y224.712 E84.23208
G1 X217.672 Y225.02 E84.23917
G1 X218.116 Y225.136 E84.24678
G1 X218.4 Y225.399 E84.2532
G1 X218.86 Y225.512 E84.26106
G1 X219.066 Y225.708 E84.26578
G1 X219.224 Y225.764 E84.26856
G1 X219.404 Y225.955 E84.27291
G1 X219.473 Y226.198 E84.2771
G1 X219.407 Y226.443 E84.28131
G1 X219.298 Y226.556 E84.28392
G1 X219.258 Y226.661 E84.28578
G1 X219.291 Y226.794 E84.28805
G1 X219.395 Y226.908 E84.29061
G1 X219.471 Y227.143 E84.29471
G1 X219.399 Y227.388 E84.29895
G1 X219.2 Y227.569 E84.30341
G1 X218.916 Y227.643 E84.30828
G1 X218.526 Y227.555 E84.31491
G1 X218.315 Y227.358 E84.3197
G1 X218.237 Y227.125 E84.32377
G1 X218.31 Y226.888 E84.32789
G1 X218.397 Y226.794 E84.33001
G1 X218.43 Y226.661 E84.33229
G1 X218.39 Y226.556 E84.33415
G1 X217.917 Y226.108 E84.34496
G1 X217.812 Y226.063 E84.34685
G1 X217.699 Y226.073 E84.34873
G1 X217.416 Y225.998 E84.35359
G1 X217.14 Y225.694 E84.3604
G1 X216.689 Y225.559 E84.36821
G1 X216.472 Y225.362 E84.37307
G1 X216.401 Y225.133 E84.37705
G1 X216.473 Y224.905 E84.38102
G1 X216.679 Y224.702 E84.38581
G1 X216.969 Y224.628 E84.39078
G1 F2700 E83.09078
G0 F15000 X216.447 Y222.098
G0 X215.544 Y221.8
G0 X213.629 Y223.938
G0 X213.335 Y225.266
G1 F2700 E84.39078
G1 F1456.5 X213.259 Y225.515 E84.3951
G1 X213.024 Y225.73 E84.40038
G1 X212.965 Y225.841 E84.40247
G1 X213.036 Y226.149 E84.40771
G1 X212.96 Y226.389 E84.41189
G1 X212.675 Y226.663 E84.41844
G1 X212.683 Y226.875 E84.42196
G1 X212.604 Y227.122 E84.42627
G1 X212.332 Y227.389 E84.43259
G1 X212.327 Y227.575 E84.43567
G1 X212.252 Y227.823 E84.43997
G1 X212.052 Y228.005 E84.44446
G1 X211.751 Y228.084 E84.44962
G1 X211.348 Y227.994 E84.45647
G1 X211.13 Y227.796 E84.46136
G1 X211.05 Y227.561 E84.46547
G1 X211.121 Y227.335 E84.4694
G1 X211.396 Y227.055 E84.47591
G1 X211.397 Y226.863 E84.4791
G1 X211.472 Y226.636 E84.48306
G1 X211.757 Y226.345 E84.48982
G1 X211.75 Y226.133 E84.49334
G1 X211.824 Y225.904 E84.49733
G1 X212.056 Y225.685 E84.50262
G1 X212.119 Y225.571 E84.50479
G1 X212.049 Y225.273 E84.50986
G1 X212.127 Y225.041 E84.51392
G1 X212.333 Y224.847 E84.51862
G1 X212.753 Y224.764 E84.52572
G1 X213.055 Y224.842 E84.53089
G1 X213.26 Y225.036 E84.53558
G1 X213.335 Y225.266 E84.53959
G1 F2700 E83.23959
;MESH:lowerLeftPad.stl
G0 F15000 X214.73 Y225.266
G0 X215.038 Y224.561
M204 S1250
;TYPE:WALL-INNER
G1 F2700 E84.53959
G1 F926.8 X215.038 Y226.998 E84.60646
M204 S2500
G0 F15000 X214.801 Y224.458
G0 X214.498 Y224.322
M204 S1250
;TYPE:WALL-OUTER
G1 F1456.5 X214.498 Y227.538 E84.66262
G1 X215.578 Y227.538 E84.68147
G1 X215.578 Y223.198 E84.75726
G1 X215.241 Y223.6 E84.76642
G1 X214.801 Y224.048 E84.77738
G1 X214.498 Y224.322 E84.78451
M204 S2500
G0 F15000 X214.498 Y224.522
G1 F2700 E83.48451
G0 F15000 X214.81 Y224.522
G0 X215.363 Y223.79
G0 X214.588 Y223.022
G0 X214.589 Y212.479
G0 X215.038 Y210.935
M204 S1250
;TYPE:WALL-INNER
G1 F2700 E84.78451
G1 F926.8 X215.038 Y202.998 E85.0023
M204 S2500
G0 F15000 X214.801 Y211.042
G0 X214.498 Y211.174
M204 S1250
;TYPE:WALL-OUTER
G1 F1456.5 X214.806 Y211.452 E85.00955
G1 X215.241 Y211.896 E85.0204
G1 X215.578 Y212.298 E85.02956
G1 X215.578 Y202.458 E85.20138
G1 X214.498 Y202.458 E85.22024
G1 X214.498 Y211.174 E85.37244
M204 S2500
G0 F15000 X214.646 Y211.307
G1 F2700 E84.07244
;MESH:NONMESH
G0 F600 X214.646 Y211.307 Z1.7
G0 F15000 X214.854 Y211.078
G0 X214.73 Y202.685
G0 X213.625 Y202.685
G0 X210.837 Y202.685
;TIME_ELAPSED:138.816043
;LAYER:14
;note -- min layer time used
;TYPE:SUPPORT
G1 F2700 E85.37244
G1 F941.2 X210.965 Y202.564 E85.37671
G1 X211.297 Y202.494 E85.38494
G1 F942.7 X211.497 Y202.545 E85.38993
G1 X211.628 Y202.672 E85.39435
G1 X211.674 Y202.814 E85.39797
G1 X211.628 Y202.96 E85.40167
G1 X211.496 Y203.08 E85.40599
G1 F941.2 X211.175 Y203.145 E85.41393
G1 X210.982 Y203.096 E85.41876
G1 X210.836 Y202.963 E85.42355
G1 X210.791 Y202.825 E85.42707
G1 X210.837 Y202.685 E85.43065
G1 F2700 E84.13065
G0 F15000 X211.103 Y204.279
G1 F2700 E85.43065
G1 F964.8 X211.252 Y204.322 E85.43431
G1 F952.1 X211.636 Y204.662 E85.44661
G1 F927.6 X211.987 Y204.714 E85.45534
G1 F917.3 X212.117 Y204.837 E85.45979
G1 F920.2 X212.138 Y204.907 E85.46161
G1 F930.6 X212.397 Y205.113 E85.46972
G1 F918.8 X212.754 Y205.142 E85.47862
G1 F896 X213.126 Y205.436 E85.4907
G1 F894.6 X213.452 Y205.468 E85.49906
G1 X213.569 Y205.58 E85.50319
G1 X213.606 Y205.711 E85.50666
G1 X213.556 Y205.858 E85.51063
G1 X213.411 Y205.991 E85.51565
G1 X213.074 Y206.093 E85.52463
G1 X212.923 Y206.056 E85.5286
G1 F896 X212.521 Y205.749 E85.54148
G1 F918.8 X212.216 Y205.7 E85.54916
G1 F950.5 X212.047 Y205.516 E85.55516
G1 F938.2 X211.775 Y205.312 E85.56343
G1 F929.1 X211.46 Y205.252 E85.57131
G1 F974.5 X211.107 Y204.947 E85.58223
G1 F989.6 X210.957 Y204.887 E85.58596
G1 F966.4 X210.818 Y204.749 E85.59059
G1 F964.8 X210.775 Y204.604 E85.59416
G1 X210.819 Y204.453 E85.59788
G1 X210.941 Y204.326 E85.60205
G1 X211.103 Y204.279 E85.60604
G1 F2700 E84.30604
G0 F15000 X213.637 Y201.597
G0 X216.443 Y201.597
G0 X216.634 Y205.318
G1 F2700 E85.60604
G1 F874.3 X216.513 Y205.206 E85.61035
G1 X216.479 Y205.086 E85.6136
G1 X216.533 Y204.94 E85.61767
G1 X216.728 Y204.747 E85.62483
G1 F870.3 X216.845 Y204.225 E85.63886
G1 F866.4 X217.058 Y204.039 E85.64631
G1 F923.2 X217.149 Y203.782 E85.65305
G1 F1013.9 X217.091 Y203.594 E85.65748
G1 F1039.4 X217.142 Y203.438 E85.66108
G1 X217.238 Y203.348 E85.66397
G1 F1184.2 X217.411 Y203.051 E85.6706
G1 F1376 X217.374 Y202.83 E85.67431
G1 X217.435 Y202.645 E85.67755
G1 X217.672 Y202.377 E85.68348
G1 X217.658 Y202.228 E85.68596
G1 X217.723 Y202.032 E85.68939
G1 X217.894 Y201.87 E85.6933
G1 X218.15 Y201.804 E85.69768
G1 X218.523 Y201.879 E85.70399
G1 X218.692 Y202.04 E85.70786
G1 X218.755 Y202.235 E85.71126
G1 X218.695 Y202.434 E85.71471
G1 X218.472 Y202.657 E85.71994
G1 X218.474 Y202.838 E85.72295
G1 X218.414 Y203.031 E85.7263
G1 X218.109 Y203.304 E85.73309
G1 F1344 X218.082 Y203.424 E85.73518
G1 F1310.4 X218.109 Y203.522 E85.73695
G1 X218.035 Y203.732 E85.74083
G1 F1128.7 X217.682 Y203.956 E85.74928
G1 F923.2 X217.601 Y204.205 E85.75576
G1 F865.1 X217.644 Y204.333 E85.75932
G1 X217.609 Y204.45 E85.76254
G1 F866.4 X217.382 Y204.639 E85.77032
G1 F870.3 X217.285 Y204.931 E85.77839
G1 F874.3 X217.313 Y205.028 E85.78103
G1 X217.271 Y205.159 E85.78462
G1 X217.143 Y205.276 E85.78915
G1 X216.809 Y205.36 E85.79814
G1 X216.634 Y205.318 E85.80284
G1 F2700 E84.50284
G0 F15000 X216.908 Y206.526
G1 F2700 E85.80284
G1 F1376 X217.205 Y206.592 E85.80788
G1 X217.47 Y206.892 E85.81452
G1 F1090.4 X217.418 Y206.988 E85.81681
G1 F913 X217.887 Y207.106 E85.8289
G1 F953.6 X218.255 Y207.392 E85.84005
G1 X218.65 Y207.489 E85.84979
G1 F929.1 X218.897 Y207.677 E85.85741
G1 F935.1 X219.106 Y207.732 E85.86269
G1 F936.6 X219.244 Y207.872 E85.86748
G1 X219.286 Y208.004 E85.87086
G1 X219.238 Y208.167 E85.875
G1 X219.126 Y208.275 E85.87879
G1 X218.942 Y208.325 E85.88344
G1 F935.1 X218.658 Y208.256 E85.89057
G1 F929.1 X218.415 Y208.076 E85.898
G1 X218.141 Y208.012 E85.90491
G1 X217.712 Y207.7 E85.91794
G1 F913 X217.382 Y207.65 E85.92629
G1 F901.6 X217.112 Y207.403 E85.93555
G1 F1090.4 X217.035 Y207.481 E85.93785
G1 F1376 X216.574 Y207.351 E85.94579
G1 X216.406 Y207.194 E85.94961
G1 X216.353 Y207.008 E85.95281
G1 X216.43 Y206.793 E85.9566
G1 X216.614 Y206.615 E85.96085
G1 X216.908 Y206.526 E85.96594
G1 F2700 E84.66594
G0 F15000 X218.11 Y215.187
G1 F2700 E85.96594
G1 F860 X218.092 Y215.406 E85.97178
G1 F869 X218.226 Y215.866 E85.98436
G1 F871.7 X218.191 Y216.028 E85.9887
G1 X218.087 Y216.139 E85.99268
G1 X217.979 Y216.168 E85.99561
G1 F917.3 X217.793 Y216.402 E86.00305
G1 F958.4 X217.752 Y216.52 E86.00603
G1 F947.4 X217.637 Y216.634 E86.00993
G1 X217.476 Y216.679 E86.01395
G1 X217.333 Y216.637 E86.01754
G1 X217.198 Y216.502 E86.02214
G1 X217.155 Y216.36 E86.02572
G1 X217.2 Y216.212 E86.02945
G1 F950.5 X217.35 Y216.071 E86.03439
G1 F911.5 X217.558 Y215.772 E86.04351
G1 F871.7 X217.626 Y215.5 E86.05085
G1 X217.741 Y215.365 E86.0555
G1 F869 X217.928 Y215.31 E86.06062
G1 F860 X218.11 Y215.187 E86.06645
G1 F853.6 X218.13 Y215.151 E86.06755
G1 F2700 E84.76755
G0 F15000 X217.006 Y212.68
G1 F2700 E86.06755
G1 F858.7 X217.165 Y212.716 E86.07188
G1 X217.302 Y212.889 E86.07775
G1 F885 X217.537 Y213.05 E86.08509
G1 F905.8 X217.907 Y213.135 E86.09466
G1 F897.4 X218.037 Y213.299 E86.09998
G1 F964.8 X218.192 Y213.408 E86.10447
G1 F1186.7 X218.537 Y213.387 E86.11111
G1 F1376 X218.839 Y213.312 E86.11628
G1 X219.169 Y213.388 E86.12189
G1 X219.325 Y213.546 E86.12558
G1 X219.386 Y213.753 E86.12916
G1 X219.393 Y214.051 E86.1341
G1 X219.331 Y214.272 E86.13791
G1 X219.054 Y214.516 E86.14403
G1 X218.955 Y214.867 E86.15008
G1 X218.789 Y215.017 E86.15379
G1 F1054.6 X218.13 Y215.151 E86.16835
G1 X217.924 Y214.653 E86.18001
G1 F1376 X218.055 Y214.226 E86.18742
G1 F1307.5 X218.011 Y214.061 E86.1904
G1 F1133.1 X217.875 Y213.859 E86.19531
G1 F964.8 X217.72 Y213.75 E86.19979
G1 F886.4 X217.385 Y213.702 E86.20851
G1 F882.3 X217.227 Y213.549 E86.2142
G1 F874.3 X216.923 Y213.364 E86.22349
G1 F858.7 X216.636 Y213.297 E86.23132
G1 X216.518 Y213.189 E86.23557
G1 X216.485 Y213.074 E86.23875
G1 X216.539 Y212.926 E86.24294
G1 X216.68 Y212.787 E86.2482
G1 X217.006 Y212.68 E86.25732
G1 F2700 E84.95732
G0 F15000 X218.079 Y219.077
G1 F2700 E86.25732
G1 F932.1 X218.223 Y219.12 E86.261
G1 X218.336 Y219.253 E86.26528
G1 X218.382 Y219.445 E86.27011
G1 F930.6 X218.304 Y219.802 E86.27908
G1 F929.1 X218.189 Y219.933 E86.28336
G1 X218.048 Y219.977 E86.28699
G1 X217.909 Y219.931 E86.29058
G1 X217.782 Y219.788 E86.29528
G1 X217.722 Y219.529 E86.30181
G1 F930.6 X217.791 Y219.287 E86.30799
G1 F932.1 X217.929 Y219.128 E86.31314
G1 X218.079 Y219.077 E86.31702
G1 F2700 E85.01702
G0 F15000 X216.906 Y224.713
G1 F2700 E86.31702
G1 F1376 X217.206 Y224.778 E86.32211
G1 X217.478 Y225.082 E86.32888
G1 F1092.4 X217.441 Y225.186 E86.33119
G1 F915.9 X217.885 Y225.297 E86.34259
G1 F953.6 X218.257 Y225.582 E86.35381
G1 F1032 X218.669 Y225.63 E86.36298
G1 F1128.7 X218.813 Y225.742 E86.36667
G1 F1267.3 X219.158 Y225.828 E86.37308
G1 F1376 X219.327 Y226.001 E86.37709
G1 X219.388 Y226.196 E86.38048
G1 X219.329 Y226.403 E86.38405
G1 F1179.4 X219.013 Y226.699 E86.39243
G1 F944.3 X219.01 Y226.903 E86.39736
G1 F871.7 X219.098 Y227.003 E86.40085
G1 X219.144 Y227.142 E86.40468
G1 X219.104 Y227.273 E86.40827
G1 X218.986 Y227.382 E86.41247
G1 X218.796 Y227.428 E86.41759
G1 X218.473 Y227.364 E86.42622
G1 X218.34 Y227.248 E86.43084
G1 X218.301 Y227.125 E86.43422
G1 X218.339 Y227.006 E86.43749
G1 X218.452 Y226.893 E86.44167
G1 F944.3 X218.455 Y226.689 E86.4466
G1 F979.5 X218.213 Y226.218 E86.45894
G1 F933.6 X218.138 Y226.198 E86.46084
G1 F929.1 X217.709 Y225.888 E86.47384
G1 F915.9 X217.387 Y225.837 E86.48197
G1 F905.8 X217.145 Y225.605 E86.49042
G1 F1092.4 X217.06 Y225.675 E86.49272
G1 F1376 X216.575 Y225.536 E86.50109
G1 X216.407 Y225.381 E86.50488
G1 X216.353 Y225.193 E86.50812
G1 X216.431 Y224.981 E86.51187
G1 X216.611 Y224.803 E86.51607
G1 X216.906 Y224.713 E86.52118
G1 F2700 E85.22118
G0 F15000 X216.447 Y222.097
G0 X215.544 Y221.799
G0 X213.629 Y223.938
G0 X213.237 Y225.346
G1 F2700 E86.52118
G1 F846.1 X213.207 Y225.464 E86.52447
G1 X213.034 Y225.614 E86.53065
G1 F862.5 X212.929 Y225.974 E86.54057
G1 F881 X212.965 Y226.099 E86.54394
G1 X212.919 Y226.236 E86.54768
G1 X212.68 Y226.436 E86.55576
G1 F875.6 X212.574 Y226.749 E86.56437
G1 F869 X212.607 Y226.858 E86.56736
G1 X212.566 Y226.988 E86.57094
G1 F870.3 X212.335 Y227.175 E86.57874
G1 F871.7 X212.227 Y227.466 E86.58687
G1 F873 X212.253 Y227.564 E86.58952
G1 X212.211 Y227.693 E86.59307
G1 X212.085 Y227.806 E86.59749
G1 X211.772 Y227.872 E86.60585
G1 X211.586 Y227.823 E86.61088
G1 X211.445 Y227.698 E86.61581
G1 X211.408 Y227.576 E86.61914
G1 X211.444 Y227.46 E86.62232
G1 X211.678 Y227.262 E86.63033
G1 F871.7 X211.786 Y226.971 E86.63846
G1 F870.3 X211.758 Y226.87 E86.64121
G1 X211.795 Y226.76 E86.64425
G1 X212.033 Y226.565 E86.65232
G1 F875.6 X212.139 Y226.252 E86.66094
G1 F881 X212.106 Y226.141 E86.66394
G1 X212.142 Y226.03 E86.66696
G1 X212.391 Y225.824 E86.67534
G1 F862.5 X212.49 Y225.47 E86.68506
G1 F846.1 X212.417 Y225.265 E86.69093
G1 X212.456 Y225.151 E86.69418
G1 X212.586 Y225.029 E86.69899
G1 X212.759 Y224.986 E86.7038
G1 X213.05 Y225.066 E86.71194
G1 X213.187 Y225.197 E86.71706
G1 X213.237 Y225.346 E86.7213
G1 F2700 E85.4213
;MESH:lowerLeftPad.stl
G0 F15000 X214.73 Y225.346
G0 X215.038 Y224.563
M204 S1250
;TYPE:WALL-INNER
G1 F2700 E86.7213
G1 F875.6 X215.038 Y226.998 E86.78811
M204 S2500
G0 F15000 X214.801 Y224.457
G0 X214.498 Y224.322
M204 S1250
;TYPE:WALL-OUTER
G1 F1376 X214.498 Y227.538 E86.84427
G1 X215.578 Y227.538 E86.86313
G1 X215.578 Y223.201 E86.93886
G1 X215.227 Y223.62 E86.9484
G1 X214.817 Y224.037 E86.95861
G1 X214.498 Y224.322 E86.96608
M204 S2500
G0 F15000 X214.498 Y224.522
G1 F2700 E85.66608
G0 F15000 X214.81 Y224.522
G0 X215.363 Y223.789
G0 X214.588 Y223.02
G0 X214.589 Y212.481
G0 X215.038 Y210.936
M204 S1250
;TYPE:WALL-INNER
G1 F2700 E86.96608
G1 F875.6 X215.038 Y202.998 E87.1839
M204 S2500
G0 F15000 X214.801 Y211.042
G0 X214.498 Y211.175
M204 S1250
;TYPE:WALL-OUTER
G1 F1376 X214.818 Y211.464 E87.19143
G1 X215.227 Y211.88 E87.20161
G1 X215.578 Y212.297 E87.21113
G1 X215.578 Y202.458 E87.38294
G1 X214.498 Y202.458 E87.40179
G1 X214.498 Y211.175 E87.55401
M204 S2500
G0 F15000 X214.646 Y211.309
G1 F2700 E86.25401
;MESH:NONMESH
G0 F600 X214.646 Y211.309 Z1.8
G0 F15000 X214.855 Y211.08
G0 X214.73 Y202.706
G0 X213.625 Y202.706
G0 X211.007 Y202.706
;TIME_ELAPSED:147.321160
;LAYER:15
;note -- min layer time used
;TYPE:SUPPORT
G1 F2700 E87.55401
G1 F1047.7 X211.126 Y202.59 E87.55756
G1 F1045.8 X211.37 Y202.534 E87.56292
G1 F1043.9 X211.638 Y202.593 E87.5688
G1 X211.771 Y202.716 E87.57269
G1 X211.813 Y202.831 E87.57531
G1 X211.776 Y202.947 E87.57792
G1 X211.66 Y203.046 E87.58119
G1 F1045.8 X211.304 Y203.098 E87.5889
G1 F1047.7 X211.125 Y203.056 E87.59283
G1 X211.001 Y202.944 E87.5964
G1 X210.965 Y202.829 E87.59897
G1 X211.007 Y202.706 E87.60175
G1 F2700 E86.30175
G0 F15000 X211.112 Y204.326
G1 F2700 E87.60175
G1 F1053.6 X211.384 Y204.373 E87.60761
G1 F1061.4 X211.748 Y204.701 E87.61795
G1 F1049.7 X211.943 Y204.69 E87.62211
G1 F1041.9 X212.147 Y204.732 E87.62659
G1 F1055.5 X212.271 Y204.841 E87.63009
G1 F1073.5 X212.302 Y204.923 E87.63192
G1 F1051.6 X212.528 Y205.121 E87.63831
G1 F994.4 X212.761 Y205.085 E87.64362
G1 F968.9 X212.917 Y205.115 E87.64729
G1 F985.8 X213.26 Y205.432 E87.6579
G1 F1003.2 X213.456 Y205.415 E87.66229
G1 X213.686 Y205.485 E87.66765
G1 X213.686 Y205.827 E87.67529
G1 X213.598 Y205.9 E87.67784
G1 X213.226 Y206.004 E87.68646
G1 X213.067 Y205.966 E87.69011
G1 F985.8 X212.699 Y205.667 E87.70087
G1 F994.4 X212.372 Y205.652 E87.70824
G1 F1023.1 X212.255 Y205.547 E87.71168
G1 F1025 X212.232 Y205.474 E87.71336
G1 F1041.9 X211.998 Y205.252 E87.72029
G1 F1057.5 X211.617 Y205.221 E87.72838
G1 X211.477 Y205.061 E87.73288
G1 F1061.4 X211.244 Y204.889 E87.73899
G1 F1053.6 X210.982 Y204.844 E87.74464
G1 F1049.7 X210.865 Y204.726 E87.74818
G1 X210.83 Y204.602 E87.75093
G1 X210.865 Y204.48 E87.75363
G1 X210.973 Y204.367 E87.75697
G1 X211.112 Y204.326 E87.76006
G1 F2700 E86.46006
G0 F15000 X213.637 Y201.597
G0 X216.443 Y201.597
G0 X216.968 Y205.259
G1 F2700 E87.76006
G1 F960.7 X216.612 Y205.361 E87.76869
G1 X216.403 Y205.295 E87.7738
G1 X216.403 Y204.974 E87.78128
G1 X216.613 Y204.788 E87.78781
G1 F964 X216.684 Y204.495 E87.79482
G1 F968.9 X216.645 Y204.373 E87.79777
G1 X216.682 Y204.269 E87.80033
G1 F965.6 X216.945 Y204.039 E87.80843
G1 F941.5 X217.054 Y203.736 E87.81608
G1 F920.2 X217.015 Y203.616 E87.81915
G1 X217.051 Y203.518 E87.82169
G1 X217.265 Y203.326 E87.82869
G1 X217.407 Y202.978 E87.83783
G1 F921.6 X217.369 Y202.859 E87.84087
G1 X217.406 Y202.758 E87.84348
G1 F920.2 X217.602 Y202.582 E87.84989
G1 F926.2 X217.674 Y202.348 E87.85581
G1 F933.8 X217.649 Y202.248 E87.85828
G1 X217.684 Y202.151 E87.86075
G1 X217.8 Y202.046 E87.8645
G1 X218.13 Y201.983 E87.87255
G1 X218.303 Y202.027 E87.87683
G1 X218.417 Y202.131 E87.88053
G1 X218.448 Y202.226 E87.88293
G1 X218.413 Y202.333 E87.88563
G1 X218.21 Y202.514 E87.89215
G1 F926.2 X218.138 Y202.748 E87.89807
G1 F918.7 X218.16 Y202.834 E87.90023
G1 X218.127 Y202.938 E87.90289
G1 F920.2 X217.909 Y203.134 E87.91002
G1 X217.769 Y203.48 E87.9191
G1 F918.7 X217.806 Y203.598 E87.92212
G1 X217.775 Y203.698 E87.92467
G1 F920.2 X217.554 Y203.892 E87.93182
G1 F941.5 X217.43 Y204.208 E87.93989
G1 F962.3 X217.458 Y204.303 E87.9422
G1 X217.419 Y204.415 E87.94496
G1 F965.6 X217.173 Y204.613 E87.95228
G1 F964 X217.105 Y204.915 E87.95947
G1 F960.7 X217.135 Y205.019 E87.96199
G1 X217.09 Y205.148 E87.96517
G1 X216.968 Y205.259 E87.96902
G1 F2700 E86.66902
G0 F15000 X216.867 Y206.698
G1 F2700 E87.96902
G1 F1006.8 X217.018 Y206.731 E87.97245
G1 X217.12 Y206.828 E87.97558
G1 X217.143 Y206.92 E87.97769
G1 F1030.6 X217.355 Y207.11 E87.98388
G1 F1049.7 X217.738 Y207.163 E87.99212
G1 F1043.9 X217.801 Y207.22 E87.99394
G1 X217.817 Y207.305 E87.9958
G1 F1053.6 X218.076 Y207.479 E88.00243
G1 F1034.3 X218.292 Y207.473 E88.00711
G1 F1005 X218.489 Y207.524 E88.01164
G1 F1006.8 X218.716 Y207.705 E88.0181
G1 F1012.2 X219.012 Y207.776 E88.02483
G1 F1015.8 X219.133 Y207.889 E88.02848
G1 X219.17 Y207.997 E88.03099
G1 X219.132 Y208.123 E88.03389
G1 X219.031 Y208.213 E88.03687
G1 X218.677 Y208.268 E88.04477
G1 F1012.2 X218.484 Y208.224 E88.04915
G1 F1006.8 X218.249 Y208.044 E88.05573
G1 F1030.6 X217.958 Y207.993 E88.06215
G1 F1053.6 X217.565 Y207.669 E88.07297
G1 F1043.9 X217.195 Y207.633 E88.08094
G1 F1049.7 X217.064 Y207.527 E88.08454
G1 F1055.5 X217.042 Y207.459 E88.08605
G1 F1030.6 X216.83 Y207.269 E88.09224
G1 F1028.7 X216.624 Y207.309 E88.09681
G1 F1051.6 X216.378 Y207.228 E88.10232
G1 X216.377 Y206.884 E88.10964
G1 X216.474 Y206.798 E88.1124
G1 F1028.7 X216.867 Y206.698 E88.12123
G1 F2700 E86.82123
G0 F15000 X217.96 Y215.094
G1 F2700 E88.12123
G1 F935.3 X218.15 Y215.702 E88.13647
G1 F1041.9 X218.11 Y215.878 E88.14035
G1 F1047.7 X217.959 Y216.009 E88.14462
G1 F1026.8 X217.755 Y216.299 E88.15235
G1 F1005 X217.7 Y216.492 E88.15682
G1 X217.605 Y216.587 E88.15982
G1 X217.475 Y216.623 E88.16282
G1 X217.361 Y216.589 E88.16547
G1 X217.252 Y216.48 E88.1689
G1 X217.187 Y216.252 E88.17419
G1 X217.224 Y216.088 E88.17793
G1 X217.318 Y215.976 E88.18119
G1 X217.402 Y215.952 E88.18313
G1 F1026.8 X217.592 Y215.719 E88.18969
G1 F1065.4 X217.532 Y215.478 E88.19491
G1 F1069.5 X217.573 Y215.309 E88.19855
G1 F1055.5 X217.662 Y215.203 E88.20148
G1 F941.5 X217.96 Y215.094 E88.20903
G1 F848.5 X217.984 Y215.042 E88.21054
G1 F2700 E86.91054
G0 F15000 X216.866 Y212.762
G1 F2700 E88.21054
G1 F1006.8 X217.015 Y212.795 E88.21393
G1 X217.12 Y212.894 E88.21714
G1 X217.143 Y212.984 E88.21921
G1 F1034.3 X217.353 Y213.172 E88.22531
G1 F1055.5 X217.735 Y213.221 E88.23348
G1 F1124.6 X218.003 Y213.464 E88.24068
G1 F1276.6 X218.417 Y213.47 E88.24794
G1 F1349.6 X218.771 Y213.388 E88.25397
G1 X219.046 Y213.453 E88.25865
G1 X219.193 Y213.587 E88.26195
G1 X219.243 Y213.736 E88.26456
G1 X219.203 Y213.881 E88.26706
G1 X219.243 Y214.064 E88.27016
G1 X219.196 Y214.218 E88.27283
G1 X218.92 Y214.406 E88.27837
G1 X218.761 Y214.817 E88.28568
G1 X218.625 Y214.939 E88.28871
G1 X218.236 Y215.005 E88.29526
G1 F1232.2 X218.182 Y214.98 E88.29634
G1 F970.6 X217.984 Y215.042 E88.30113
G1 F1025 X217.823 Y214.677 E88.30984
G1 F1294.1 X217.875 Y214.529 E88.31255
G1 F1321.2 X218.013 Y214.371 E88.31611
G1 F1349.6 X218.016 Y214.208 E88.31881
G1 F1309 X217.776 Y213.959 E88.32473
G1 F1237.6 X217.716 Y213.832 E88.32727
G1 F1145.1 X217.61 Y213.749 E88.3299
G1 F1065.4 X217.196 Y213.694 E88.33868
G1 F1053.6 X217.061 Y213.587 E88.34234
G1 F1061.4 X217.039 Y213.521 E88.3438
G1 F1034.3 X216.83 Y213.333 E88.34989
G1 F1028.7 X216.624 Y213.373 E88.35445
G1 F1051.6 X216.427 Y213.333 E88.35873
G1 X216.347 Y213.267 E88.36094
G1 X216.377 Y212.946 E88.36781
G1 X216.473 Y212.862 E88.37052
G1 F1028.7 X216.866 Y212.762 E88.37935
G1 F2700 E87.07935
G0 F15000 X218.033 Y219.259
G1 F2700 E88.37935
G1 F1041.9 X218.161 Y219.302 E88.38225
G1 X218.268 Y219.429 E88.38582
G1 X218.319 Y219.658 E88.39086
G1 F1045.8 X218.243 Y219.924 E88.39678
G1 F1051.6 X218.115 Y220.064 E88.40082
G1 X217.974 Y220.12 E88.40405
G1 X217.864 Y220.087 E88.40649
G1 X217.758 Y219.965 E88.40993
G1 X217.725 Y219.799 E88.41353
G1 F1045.8 X217.811 Y219.421 E88.42183
G1 F1041.9 X217.918 Y219.296 E88.42537
G1 X218.033 Y219.259 E88.42796
G1 F2700 E87.12796
G0 F15000 X216.865 Y224.887
G1 F2700 E88.42796
G1 F1001.4 X217.015 Y224.92 E88.4314
G1 X217.122 Y225.021 E88.43469
G1 X217.145 Y225.099 E88.43651
G1 F1030.6 X217.355 Y225.292 E88.4427
G1 F1053.6 X217.737 Y225.342 E88.45089
G1 F1047.7 X217.855 Y225.492 E88.45497
G1 F1053.6 X218.093 Y225.663 E88.46119
G1 F1032.4 X218.296 Y225.657 E88.4656
G1 F1005 X218.489 Y225.709 E88.47005
G1 F967.3 X218.751 Y225.925 E88.47791
G1 F923.1 X218.997 Y225.987 E88.48406
G1 F915.7 X219.108 Y226.091 E88.48778
G1 X219.142 Y226.187 E88.49027
G1 X219.11 Y226.289 E88.49288
G1 X218.906 Y226.468 E88.49952
G1 F938.4 X218.83 Y226.905 E88.5101
G1 F962.3 X218.94 Y227.019 E88.51378
G1 X218.974 Y227.123 E88.51633
G1 X218.94 Y227.233 E88.51901
G1 X218.834 Y227.326 E88.52229
G1 X218.495 Y227.391 E88.53032
G1 X218.309 Y227.346 E88.53477
G1 X218.187 Y227.242 E88.5385
G1 X218.156 Y227.148 E88.5408
G1 X218.195 Y227.041 E88.54345
G1 X218.363 Y226.885 E88.54879
G1 F938.4 X218.419 Y226.362 E88.56133
G1 F957.5 X218.243 Y226.226 E88.56653
G1 F1030.6 X217.958 Y226.177 E88.57282
G1 F1053.6 X217.585 Y225.858 E88.58324
G1 F1043.9 X217.198 Y225.818 E88.59159
G1 F1049.7 X217.061 Y225.708 E88.59534
G1 F1059.5 X217.039 Y225.643 E88.59679
G1 F1030.6 X216.831 Y225.457 E88.60285
G1 F1026.8 X216.621 Y225.497 E88.60751
G1 F1053.6 X216.377 Y225.416 E88.61297
G1 X216.377 Y225.07 E88.62032
G1 X216.473 Y224.986 E88.62303
G1 F1026.8 X216.865 Y224.887 E88.63185
G1 F2700 E87.33185
G0 F15000 X216.447 Y222.097
G0 X215.544 Y221.799
G0 X213.629 Y223.937
G0 X213.393 Y225.387
G1 F2700 E88.63185
G1 F946.3 X213.368 Y225.472 E88.63395
G1 X213.162 Y225.624 E88.64
G1 F968.9 X213.073 Y225.919 E88.64712
G1 F992.7 X213.1 Y226.015 E88.64937
G1 X213.053 Y226.143 E88.65245
G1 F1003.2 X212.782 Y226.363 E88.66023
G1 F997.9 X212.713 Y226.661 E88.6671
G1 F980.6 X212.741 Y226.768 E88.66962
G1 X212.69 Y226.9 E88.67285
G1 F990.9 X212.428 Y227.112 E88.68047
G1 F975.6 X212.337 Y227.399 E88.68738
G1 F951 X212.384 Y227.538 E88.69083
G1 X212.345 Y227.649 E88.6936
G1 X212.231 Y227.747 E88.69714
G1 X211.894 Y227.818 E88.70525
G1 X211.74 Y227.78 E88.70898
G1 X211.625 Y227.677 E88.71261
G1 X211.594 Y227.578 E88.71506
G1 X211.631 Y227.47 E88.71774
G1 X211.847 Y227.265 E88.72475
G1 F975.6 X211.954 Y226.962 E88.73213
G1 F1001.4 X211.933 Y226.884 E88.73393
G1 X211.974 Y226.762 E88.73681
G1 F990.9 X212.237 Y226.523 E88.74484
G1 F997.9 X212.31 Y226.241 E88.75137
G1 F1014 X212.283 Y226.149 E88.75349
G1 X212.328 Y226.025 E88.7564
G1 F1003.2 X212.598 Y225.775 E88.76461
G1 F968.9 X212.687 Y225.48 E88.77173
G1 F946.3 X212.606 Y225.265 E88.77717
G1 X212.635 Y225.161 E88.77972
G1 X212.724 Y225.074 E88.78267
G1 X212.86 Y225.045 E88.78596
G1 X213.215 Y225.151 E88.79472
G1 X213.35 Y225.276 E88.79908
G1 X213.393 Y225.387 E88.80189
G1 F2700 E87.50189
;MESH:lowerLeftPad.stl
G0 F15000 X214.73 Y225.387
G0 X215.038 Y224.563
M204 S1250
;TYPE:WALL-INNER
G1 F2700 E88.80189
G1 F858.8 X215.038 Y226.998 E88.86871
M204 S2500
G0 F15000 X214.801 Y224.458
G0 X214.498 Y224.322
M204 S1250
;TYPE:WALL-OUTER
G1 F1349.6 X214.498 Y227.538 E88.92486
G1 X215.578 Y227.538 E88.94372
G1 X215.578 Y223.199 E89.01949
G1 X215.235 Y223.607 E89.02879
G1 X214.813 Y224.041 E89.03937
G1 X214.498 Y224.322 E89.04674
M204 S2500
G0 F15000 X214.498 Y224.522
G1 F2700 E87.74674
G0 F15000 X214.81 Y224.522
G0 X215.363 Y223.79
G0 X214.591 Y223.018
G0 X214.591 Y212.483
G0 X215.038 Y210.933
M204 S1250
;TYPE:WALL-INNER
G1 F2700 E89.04674
G1 F858.8 X215.038 Y202.998 E89.26447
M204 S2500
G0 F15000 X214.801 Y211.042
G0 X214.498 Y211.174
M204 S1250
;TYPE:WALL-OUTER
G1 F1349.6 X214.823 Y211.465 E89.27209
G1 X215.245 Y211.9 E89.28267
G1 X215.578 Y212.297 E89.29172
G1 X215.578 Y202.458 E89.46352
G1 X214.498 Y202.458 E89.48238
G1 X214.498 Y211.174 E89.63458
M204 S2500
G0 F15000 X214.647 Y211.307
G1 F2700 E88.33458
;MESH:NONMESH
G0 F600 X214.647 Y211.307 Z1.9
G0 F15000 X214.855 Y211.079
G0 X214.73 Y202.713
G0 X213.625 Y202.713
G0 X211.166 Y202.713
;TIME_ELAPSED:155.659484
;LAYER:16
;note -- min layer time used
;TYPE:SUPPORT
G1 F2700 E89.63458
G1 F1168.1 X211.277 Y202.618 E89.6372
G1 X211.449 Y202.581 E89.64036
G1 X211.667 Y202.628 E89.64437
G1 X211.753 Y202.717 E89.64659
G1 X211.784 Y202.825 E89.64861
G1 X211.749 Y202.943 E89.65083
G1 X211.661 Y203.03 E89.65305
G1 X211.539 Y203.066 E89.65534
G1 X211.295 Y203.013 E89.65982
G1 X211.167 Y202.907 E89.66281
G1 X211.13 Y202.813 E89.66462
G1 X211.166 Y202.713 E89.66653
G1 F2700 E88.36653
G0 F15000 X211.26 Y204.367
G1 F2700 E89.66653
G1 F1143 X211.811 Y204.602 E89.67754
G1 F1121.3 X211.96 Y204.708 E89.68096
G1 F1130.8 X212.574 Y204.95 E89.69321
G1 F1098.1 X212.74 Y205.087 E89.69733
G1 F1102.7 X212.912 Y205.115 E89.70064
G1 F1165.5 X213.324 Y205.296 E89.70875
G1 F1121.3 X213.458 Y205.421 E89.71218
G1 F1065.1 X213.649 Y205.478 E89.71611
G1 X213.699 Y205.53 E89.71753
G1 X213.699 Y205.792 E89.72269
G1 X213.651 Y205.84 E89.72403
G1 X213.391 Y205.908 E89.72933
G1 X213.243 Y205.878 E89.7323
G1 X213.135 Y205.794 E89.735
G1 F1121.3 X213.042 Y205.637 E89.73842
G1 F1165.5 X212.831 Y205.551 E89.74252
G1 F1102.7 X212.533 Y205.558 E89.74819
G1 F1098.1 X212.331 Y205.348 E89.75376
G1 F1163 X212.037 Y205.197 E89.75973
G1 F1150.4 X211.763 Y205.148 E89.76481
G1 F1160.5 X211.37 Y204.884 E89.77337
G1 F1181.1 X211.023 Y204.792 E89.77975
G1 F1160.5 X210.908 Y204.699 E89.78243
G1 X210.875 Y204.606 E89.78421
G1 X210.912 Y204.507 E89.78613
G1 X211.023 Y204.41 E89.78879
G1 X211.26 Y204.367 E89.79315
G1 F2700 E88.49315
G0 F15000 X213.637 Y201.597
G0 X216.443 Y201.597
G0 X216.799 Y205.267
G1 F2700 E89.79315
G1 F1024.1 X216.538 Y205.335 E89.79868
G1 X216.388 Y205.25 E89.80221
G1 X216.387 Y205.008 E89.80717
G1 F1102.7 X216.515 Y204.608 E89.81517
G1 F1116.6 X216.769 Y204.191 E89.82435
G1 F1102.7 X216.873 Y203.854 E89.83106
G1 X217.125 Y203.429 E89.84047
G1 F1100.4 X217.225 Y203.096 E89.8471
G1 F1165.5 X217.35 Y202.889 E89.85146
G1 F1140.5 X217.686 Y202.144 E89.8665
G1 F1107.3 X217.765 Y202.062 E89.86866
G1 X217.986 Y202.01 E89.87296
G1 X218.149 Y202.046 E89.87613
G1 X218.253 Y202.135 E89.87872
G1 X218.285 Y202.23 E89.88062
G1 X218.255 Y202.315 E89.88233
G1 X218.046 Y202.464 E89.8872
G1 F1067.2 X217.945 Y202.714 E89.8925
G1 F1030 X217.984 Y202.835 E89.89509
G1 X217.957 Y202.909 E89.8967
G1 F1063 X217.757 Y203.063 E89.90168
G1 F1073.7 X217.598 Y203.475 E89.91031
G1 F1048.3 X217.635 Y203.588 E89.9127
G1 X217.605 Y203.672 E89.91448
G1 F1075.9 X217.403 Y203.826 E89.91944
G1 X217.243 Y204.235 E89.92801
G1 F1050.4 X217.283 Y204.349 E89.93042
G1 X217.251 Y204.432 E89.9322
G1 F1093.6 X217.017 Y204.615 E89.9379
G1 F1165.5 X216.928 Y204.766 E89.94106
G1 F1130.8 X216.911 Y204.88 E89.9432
G1 F1050.4 X216.957 Y205.07 E89.9471
G1 F1024.1 X216.916 Y205.169 E89.9493
G1 X216.799 Y205.267 E89.95243
G1 F2700 E88.65243
G0 F15000 X216.682 Y206.811
G1 F2700 E89.95243
G1 F1065.1 X216.847 Y206.839 E89.95573
G1 F1130.8 X217.192 Y207.126 E89.96406
G1 F1150.4 X217.572 Y207.209 E89.97116
G1 F1147.9 X217.948 Y207.476 E89.97959
G1 F1130.8 X218.316 Y207.568 E89.98663
G1 F1109.6 X218.577 Y207.757 E89.99273
G1 F1145.4 X218.863 Y207.807 E89.99805
G1 F1143 X218.963 Y207.891 E90.00045
G1 X218.994 Y207.987 E90.0023
G1 X218.955 Y208.092 E90.00436
G1 X218.84 Y208.188 E90.00711
G1 F1135.7 X218.544 Y208.25 E90.0127
G1 F1121.3 X217.971 Y207.974 E90.0246
G1 F1107.3 X217.373 Y207.655 E90.03745
G1 F1130.8 X217.193 Y207.612 E90.04089
G1 F1143 X216.774 Y207.418 E90.04937
G1 F1098.1 X216.63 Y207.298 E90.05295
G1 F1067.2 X216.437 Y207.238 E90.05693
G1 F1065.1 X216.377 Y207.179 E90.05859
G1 X216.377 Y206.926 E90.06357
G1 X216.428 Y206.872 E90.06504
G1 X216.682 Y206.811 E90.07019
G1 F2700 E88.77019
G0 F15000 X216.684 Y212.872
G1 F2700 E90.07019
G1 F1063 X216.847 Y212.899 E90.07345
G1 F1098.1 X217.032 Y213.09 E90.07853
G1 F1145.4 X217.311 Y213.237 E90.08431
G1 F1130.8 X217.572 Y213.272 E90.0892
G1 F1145.4 X218.016 Y213.573 E90.09903
G1 F995.3 X218.366 Y213.682 E90.10676
G1 F865.6 X218.694 Y213.581 E90.11508
G1 F874.2 X218.822 Y213.607 E90.11822
G1 X218.917 Y213.727 E90.1219
G1 X218.881 Y213.908 E90.12633
G1 X218.918 Y214.049 E90.12983
G1 X218.806 Y214.186 E90.13408
G1 F865.6 X218.59 Y214.249 E90.13953
G1 F855.9 X218.452 Y214.448 E90.14547
G1 F942.4 X218.506 Y214.466 E90.14674
G1 F1046.2 X218.537 Y214.655 E90.15058
G1 X218.507 Y214.732 E90.15224
G1 F1084.7 X218.307 Y214.895 E90.15724
G1 F1123.7 X218.044 Y215.444 E90.16861
G1 F1089.1 X218.03 Y215.716 E90.17386
G1 F1054.5 X217.911 Y215.81 E90.17688
G1 F1100.4 X217.677 Y216.21 E90.18572
G1 F1150.4 X217.658 Y216.462 E90.19033
G1 X217.58 Y216.556 E90.19256
G1 X217.483 Y216.584 E90.1944
G1 X217.378 Y216.545 E90.19644
G1 X217.267 Y216.414 E90.19958
G1 X217.205 Y216.198 E90.20368
G1 F1145.4 X217.424 Y215.678 E90.21402
G1 F1098.1 X217.562 Y215.501 E90.21831
G1 F1111.9 X217.771 Y214.921 E90.22995
G1 F1107.3 X218.089 Y214.341 E90.24249
G1 F942.4 X218.145 Y214.356 E90.24378
G1 F855.9 X218.14 Y214.113 E90.24974
G1 F995.3 X217.845 Y213.982 E90.25655
G1 F1150.4 X217.368 Y213.713 E90.26654
G1 F1135.7 X217.185 Y213.671 E90.27001
G1 F1145.4 X216.772 Y213.48 E90.27835
G1 F1098.1 X216.625 Y213.359 E90.28199
G1 F1063 X216.44 Y213.301 E90.28582
G1 X216.376 Y213.237 E90.28761
G1 X216.377 Y212.994 E90.2924
G1 X216.432 Y212.937 E90.29397
G1 X216.684 Y212.872 E90.29911
G1 F2700 E88.99911
G0 F15000 X218.054 Y219.442
G1 F2700 E90.29911
G1 F1175.9 X218.149 Y219.468 E90.30087
G1 X218.232 Y219.573 E90.30326
G1 X218.26 Y219.72 E90.30593
G1 X218.187 Y219.967 E90.31053
G1 F1173.3 X218.095 Y220.057 E90.31283
G1 X217.982 Y220.089 E90.31493
G1 X217.876 Y220.059 E90.3169
G1 X217.777 Y219.957 E90.31944
G1 X217.746 Y219.854 E90.32137
G1 F1175.9 X217.815 Y219.633 E90.3255
G1 X217.931 Y219.489 E90.3288
G1 X218.054 Y219.442 E90.33115
G1 F2700 E89.03115
G0 F15000 X216.847 Y225.024
G1 F2700 E90.33115
G1 F1128.4 X217.188 Y225.31 E90.33943
G1 F1150.4 X217.571 Y225.396 E90.3466
G1 X217.943 Y225.663 E90.35495
G1 F1133.2 X218.317 Y225.753 E90.36208
G1 F1098.1 X218.482 Y225.892 E90.3662
G1 F1107.3 X218.856 Y226.002 E90.37359
G1 F1086.9 X218.953 Y226.085 E90.37606
G1 X218.981 Y226.171 E90.3778
G1 X218.945 Y226.27 E90.37984
G1 X218.624 Y226.536 E90.38789
G1 X218.538 Y226.672 E90.391
G1 F1091.4 X218.541 Y226.765 E90.39279
G1 F1095.9 X218.621 Y226.908 E90.39593
G1 X218.771 Y227.036 E90.3997
G1 X218.8 Y227.12 E90.40141
G1 X218.762 Y227.22 E90.40346
G1 X218.65 Y227.315 E90.40627
G1 X218.405 Y227.366 E90.41106
G1 X218.299 Y227.336 E90.41317
G1 X218.204 Y227.241 E90.41575
G1 X218.176 Y227.143 E90.4177
G1 X218.205 Y227.04 E90.41975
G1 F1091.4 X218.538 Y226.672 E90.42929
G1 F1086.9 X218.542 Y226.51 E90.43242
G1 F1098.1 X218.449 Y226.362 E90.43577
G1 F1116.6 X217.531 Y225.954 E90.45465
G1 X217.367 Y225.84 E90.45841
G1 X216.769 Y225.602 E90.47051
G1 F1093.6 X216.626 Y225.483 E90.47408
G1 F1063 X216.442 Y225.422 E90.47791
G1 X216.379 Y225.36 E90.47965
G1 X216.378 Y225.112 E90.48455
G1 X216.427 Y225.06 E90.48596
G1 X216.683 Y224.996 E90.49117
G1 X216.847 Y225.024 E90.49446
G1 F2700 E89.19446
G0 F15000 X216.447 Y222.097
G0 X215.544 Y221.799
G0 X213.629 Y223.938
G0 X213.364 Y225.375
G1 F2700 E90.49446
G1 F1102.7 X213.192 Y225.855 E90.50416
G1 F1118.9 X212.966 Y226.229 E90.51236
G1 F1121.3 X212.86 Y226.562 E90.5189
G1 F1118.9 X212.614 Y226.986 E90.5281
G1 F1116.6 X212.507 Y227.324 E90.53477
G1 F1138.1 X212.339 Y227.651 E90.54155
G1 F1116.6 X212.259 Y227.73 E90.54366
G1 X212.047 Y227.78 E90.54776
G1 X211.887 Y227.743 E90.55084
G1 X211.774 Y227.652 E90.55357
G1 X211.748 Y227.567 E90.55524
G1 X211.779 Y227.482 E90.55694
G1 X211.986 Y227.327 E90.56181
G1 F1098.1 X212.142 Y226.948 E90.56964
G1 F1078.1 X212.124 Y226.874 E90.57112
G1 F1075.9 X212.172 Y226.758 E90.57357
G1 F1102.7 X212.33 Y226.598 E90.57785
G1 F1105 X212.495 Y226.185 E90.5863
G1 F1078.1 X212.475 Y226.114 E90.58774
G1 X212.523 Y225.999 E90.59016
G1 F1105 X212.687 Y225.837 E90.59454
G1 F1089.1 X212.821 Y225.477 E90.60195
G1 F1046.2 X212.768 Y225.33 E90.60508
G1 X212.792 Y225.251 E90.60674
G1 X212.881 Y225.172 E90.60913
G1 X213.036 Y225.141 E90.6123
G1 X213.257 Y225.2 E90.61689
G1 X213.364 Y225.375 E90.621
G1 F2700 E89.321
;MESH:lowerLeftPad.stl
G0 F15000 X214.73 Y225.375
G0 X215.038 Y224.563
M204 S1250
;TYPE:WALL-INNER
G1 F2700 E90.621
G1 F805.3 X215.038 Y226.998 E90.68782
M204 S2500
G0 F15000 X214.801 Y224.457
G0 X214.498 Y224.322
M204 S1250
;TYPE:WALL-OUTER
G1 F1265.4 X214.498 Y227.538 E90.74398
G1 X215.578 Y227.538 E90.76283
G1 X215.578 Y223.199 E90.8386
G1 X215.235 Y223.607 E90.84791
G1 X214.817 Y224.037 E90.85838
G1 X214.498 Y224.322 E90.86585
M204 S2500
G0 F15000 X214.498 Y224.522
G1 F2700 E89.56585
G0 F15000 X214.81 Y224.522
G0 X215.363 Y223.79
G0 X214.592 Y223.016
G0 X214.593 Y212.485
G0 X215.038 Y210.933
M204 S1250
;TYPE:WALL-INNER
G1 F2700 E90.86585
G1 F805.3 X215.038 Y202.998 E91.08358
M204 S2500
G0 F15000 X214.801 Y211.043
G0 X214.498 Y211.174
M204 S1250
;TYPE:WALL-OUTER
G1 F1265.4 X214.828 Y211.47 E91.09132
G1 X215.245 Y211.904 E91.10183
G1 X215.578 Y212.298 E91.11084
G1 X215.578 Y202.458 E91.28266
G1 X214.498 Y202.458 E91.30152
G1 X214.498 Y211.174 E91.45372
M204 S2500
G0 F15000 X214.646 Y211.307
;MESH:NONMESH
G0 F600 X214.646 Y211.307 Z2
G0 F15000 X214.853 Y211.078
G0 X215.038 Y202.998
;TIME_ELAPSED:163.311891
;LAYER:17
;note -- min layer time used
M204 S1250
;TYPE:WALL-INNER
;MESH:lowerLeftPad.stl
G1 F381.8 X215.038 Y210.933 E91.67145
M204 S2500
G0 F15000 X214.498 Y211.174
M204 S1250
;TYPE:WALL-OUTER
G1 F600 X214.831 Y211.473 E91.67926
G1 X215.25 Y211.904 E91.68976
G1 X215.578 Y212.297 E91.6987
G1 X215.578 Y202.458 E91.8705
G1 X214.498 Y202.458 E91.88936
G1 X214.498 Y211.174 E92.04156
M204 S2500
G0 F15000 X214.646 Y211.307
G1 F2700 E90.74156
G0 F15000 X214.854 Y211.079
G0 X215.363 Y211.711
G0 X214.595 Y212.487
G0 X214.594 Y223.014
G0 X215.038 Y224.563
M204 S1250
;TYPE:WALL-INNER
G1 F2700 E92.04156
G1 F381.8 X215.038 Y226.998 E92.10837
M204 S2500
G0 F15000 X214.801 Y224.457
G0 X214.498 Y224.322
M204 S1250
;TYPE:WALL-OUTER
G1 F600 X214.498 Y227.538 E92.16453
G1 X215.578 Y227.538 E92.18339
G1 X215.578 Y223.199 E92.25915
G1 X215.25 Y223.592 E92.26809
G1 X214.821 Y224.033 E92.27883
G1 X214.498 Y224.322 E92.2864
M204 S2500
G0 F15000 X214.498 Y224.522
G1 F2700 E90.9864
;MESH:NONMESH
G0 F600 X214.498 Y224.522 Z2.1
G0 F15000 X214.81 Y224.522
G0 X215.363 Y223.789
G0 X214.594 Y223.014
G0 X214.595 Y212.487
G0 X215.106 Y211.155
;TIME_ELAPSED:168.917272
;LAYER:18
;note -- min layer time used
M204 S1250
;TYPE:WALL-INNER
;MESH:lowerLeftPad.stl
G1 F2700 E92.2864
G1 F3428.8 X215.543 Y211.607 E92.29738
G1 X215.804 Y211.915 E92.30443
G1 X216.072 Y211.922 E92.30911
G1 X216.404 Y212.182 E92.31647
G1 X216.953 Y213.048 E92.33438
G1 X217.261 Y213.628 E92.34585
G1 X217.567 Y214.323 E92.35911
G1 X217.779 Y214.927 E92.37028
G1 X217.949 Y215.568 E92.38186
G1 X217.946 Y202.878 E92.60345
G1 X211.907 Y202.878 E92.7089
G1 X211.91 Y208.839 E92.81299
G1 X212.833 Y209.242 E92.83058
G1 X213.459 Y209.569 E92.84291
G1 X214.092 Y209.965 E92.85595
G1 X214.766 Y210.465 E92.8706
G1 X214.887 Y210.7 E92.87522
G1 X214.918 Y210.987 E92.88026
G1 X215.106 Y211.155 E92.88466
M204 S2500
G1 F2700 E91.58466
G0 F15000 X215.299 Y210.943
G0 X217.123 Y212.922
G0 X217.75 Y214.222
G0 X217.805 Y215.686
G0 X218.013 Y217.055
G0 X218.014 Y218.447
G0 X217.806 Y219.813
G0 X217.75 Y221.278
G0 X217.123 Y222.578
G0 X215.96 Y223.591
G0 X215.708 Y224.024
G0 X212.946 Y226.524
G0 X212.831 Y226.255
M204 S1250
G1 F2700 E92.88466
G1 F3428.8 X211.906 Y226.656 E92.90226
G1 X211.906 Y226.91 E92.9067
G1 X214.379 Y226.91 E92.94988
G1 X214.613 Y227 E92.95426
G1 X214.68 Y227.118 E92.95663
G1 X215.396 Y227.118 E92.96913
G1 X215.463 Y227 E92.9715
G1 X215.696 Y226.916 E92.97582
G1 X217.95 Y226.91 E93.01518
G1 X217.949 Y219.93 E93.13707
G1 X217.794 Y220.518 E93.14768
G1 X217.548 Y221.218 E93.16064
G1 X217.26 Y221.868 E93.17305
G1 X216.953 Y222.448 E93.18451
G1 X216.404 Y223.314 E93.20242
G1 X216.073 Y223.573 E93.20976
G1 X215.806 Y223.582 E93.21442
G1 X215.554 Y223.881 E93.22125
G1 X215.106 Y224.341 E93.23246
G1 X214.918 Y224.509 E93.23686
G1 X214.883 Y224.809 E93.24214
G1 X214.721 Y225.063 E93.2474
G1 X214.053 Y225.557 E93.26191
G1 X213.442 Y225.94 E93.2745
G1 X212.831 Y226.255 E93.2865
M204 S2500
G1 F2700 E91.9865
G0 F15000 X212.946 Y226.524
G0 X214.745 Y224.831
G0 X215.96 Y223.591
G0 X217.123 Y222.578
G0 X217.75 Y221.278
G0 X217.806 Y219.813
G0 X218.014 Y218.447
G0 X218.013 Y217.055
G0 X217.805 Y215.686
G0 X217.75 Y214.222
G0 X217.123 Y212.922
G0 X215.311 Y210.954
G0 X214.836 Y211.478
M204 S1250
;TYPE:WALL-OUTER
G1 F2700 E93.2865
G1 F3428.8 X215.249 Y211.908 E93.29691
G1 X215.642 Y212.373 E93.30754
G1 X215.939 Y212.32 E93.31281
G1 X216.05 Y212.407 E93.31527
G1 X216.582 Y213.245 E93.33261
G1 X216.89 Y213.825 E93.34407
G1 X217.171 Y214.462 E93.35623
G1 X217.383 Y215.066 E93.36741
G1 X217.563 Y215.748 E93.37972
G1 F2951 X217.752 Y216.379 E93.39309
G1 F2696.8 X217.809 Y217.073 E93.40855
G1 F2840.4 X217.83 Y217.757 E93.42297
G1 F2846.1 X217.811 Y218.442 E93.43739
G1 F2707 X217.754 Y219.1 E93.452
G1 F2963.2 X217.559 Y219.763 E93.46596
G1 F3428.8 X217.383 Y220.426 E93.47794
G1 X217.164 Y221.049 E93.48947
G1 X216.89 Y221.671 E93.50134
G1 X216.574 Y222.265 E93.51309
G1 X216.05 Y223.089 E93.53014
G1 X215.939 Y223.175 E93.53259
G1 X215.643 Y223.124 E93.53783
G1 X215.239 Y223.603 E93.54878
G1 X214.825 Y224.029 E93.55915
G1 X214.498 Y224.322 E93.56682
G1 X214.496 Y224.633 E93.57225
G1 X214.451 Y224.741 E93.57429
G1 X213.829 Y225.202 E93.58781
G1 X213.249 Y225.567 E93.59977
G1 X212.664 Y225.869 E93.61127
G1 X211.486 Y226.381 E93.6337
G1 X211.486 Y227.286 E93.6495
G1 X211.676 Y227.33 E93.65291
G1 X214.328 Y227.333 E93.69921
G1 X214.397 Y227.36 E93.70051
G1 X214.497 Y227.538 E93.70407
G1 X215.579 Y227.538 E93.72297
G1 X215.679 Y227.36 E93.72653
G1 X215.757 Y227.332 E93.72798
G1 X218.37 Y227.325 E93.77361
G1 X218.369 Y219.825 E93.90457
G1 F2963.2 X218.304 Y219.131 E93.91865
G1 F2707 X218.323 Y218.471 E93.93326
G1 F2846.1 X218.329 Y217.727 E93.94891
G1 F2834.9 X218.322 Y217.028 E93.96367
G1 F2691.8 X218.302 Y216.327 E93.97927
G1 F2951 X218.369 Y215.671 E93.99265
G1 F3428.8 X218.366 Y202.458 E94.22337
G1 X211.487 Y202.458 E94.34349
G1 X211.494 Y208.375 E94.44681
G1 X211.487 Y209.086 E94.45922
G1 X211.59 Y209.182 E94.46168
G1 X212.061 Y209.363 E94.47049
G1 X212.665 Y209.627 E94.482
G1 X213.264 Y209.941 E94.49381
G1 X213.828 Y210.293 E94.50542
G1 X214.45 Y210.754 E94.51894
G1 X214.496 Y210.863 E94.52101
G1 X214.498 Y211.174 E94.52644
G1 X214.836 Y211.478 E94.53437
M204 S2500
G0 F15000 X214.974 Y211.622
G0 X215.482 Y211.128
G0 X215.145 Y210.47
G0 X213.884 Y209.584
G0 X212.31 Y208.578
;TYPE:SKIN
G1 F3428.8 X212.307 Y203.274 E94.62699
G1 X217.546 Y203.274 E94.71847
G1 X217.55 Y213.325 E94.89398
G1 X217.302 Y212.857 E94.90323
G1 X216.722 Y211.941 E94.92216
G1 X216.218 Y211.542 E94.93338
G1 X216.012 Y211.522 E94.937
G1 X215.301 Y210.781 E94.95493
G1 X215.264 Y210.574 E94.9586
G1 X215.131 Y210.311 E94.96375
G1 X214.898 Y210.067 E94.96964
G1 X214.334 Y209.647 E94.98192
G1 X213.663 Y209.229 E94.99572
G1 X212.999 Y208.878 E95.00884
G1 X212.31 Y208.578 E95.02196
G0 F15000 X212.52 Y208.362
G1 F3428.8 X212.658 Y208.5 E95.02537
G0 F15000 X212.52 Y207.768
G1 F3428.8 X213.849 Y209.097 E95.05818
G1 X213.923 Y209.171
G0 F15000 X212.519 Y207.173
G1 F3428.8 X217.34 Y211.994 E95.17724
G0 F15000 X217.34 Y211.4
G1 F3428.8 X212.519 Y206.579 E95.29629
G0 F15000 X212.518 Y205.984
G1 F3428.8 X217.34 Y210.806 E95.41536
G0 F15000 X217.339 Y210.212
G1 F3428.8 X212.517 Y205.39 E95.53444
G0 F15000 X212.517 Y204.796
G1 F3428.8 X217.339 Y209.618 E95.65352
G0 F15000 X217.339 Y209.024
G1 F3428.8 X212.517 Y204.201 E95.77261
G0 F15000 X212.517 Y203.607
G1 F3428.8 X217.338 Y208.429 E95.89167
G0 F15000 X217.338 Y207.835
G1 F3428.8 X212.988 Y203.484 E95.9991
G0 F15000 X213.582 Y203.484
G1 F3428.8 X217.338 Y207.241 E96.09187
G0 F15000 X217.338 Y206.646
G1 F3428.8 X214.176 Y203.484 E96.16995
G0 F15000 X214.77 Y203.484
G1 F3428.8 X217.338 Y206.052 E96.23337
G0 F15000 X217.338 Y205.458
G1 F3428.8 X215.364 Y203.484 E96.28211
G0 F15000 X215.957 Y203.484
G1 F3428.8 X217.337 Y204.864 E96.31619
G0 F15000 X217.337 Y204.27
G1 F3428.8 X216.551 Y203.484 E96.3356
G0 F15000 X217.145 Y203.484
G1 F3428.8 X217.337 Y203.676 E96.34034
G1 F2700 E95.04034
G0 F15000 X218.041 Y217.75
G0 X217.937 Y219.134
G0 X217.627 Y220.483
G0 X217.46 Y221.939
G0 X216.737 Y223.187
G0 X216.359 Y223.703
G0 X213.198 Y226.51
G1 F2700 E96.34034
G1 F3428.8 X213.641 Y226.286 E96.34901
G1 X214.273 Y225.886 E96.36207
G1 X214.921 Y225.405 E96.37616
G1 X215.108 Y225.218 E96.38078
G1 X215.259 Y224.942 E96.38627
G1 X215.301 Y224.712 E96.39036
G1 X216.024 Y223.969 E96.40846
G1 X216.218 Y223.949 E96.41186
G1 X216.721 Y223.556 E96.42301
G1 X217.266 Y222.702 E96.4407
G1 X217.55 Y222.154 E96.45148
G1 X217.55 Y226.51 E96.52754
G1 X215.684 Y226.51 E96.56012
G1 X215.259 Y226.655 E96.56797
G1 X215.199 Y226.718 E96.56948
G1 X214.873 Y226.718 E96.57518
G1 X214.813 Y226.655 E96.5767
G1 X214.446 Y226.516 E96.58355
G1 X213.198 Y226.51 E96.60534
G0 F15000 X214.262 Y226.141
G1 F3428.8 X214.424 Y226.303 E96.60934
G0 F15000 X214.611 Y225.897
G1 F3428.8 X215.18 Y226.465 E96.62338
G0 F15000 X215.624 Y226.315
G1 F3428.8 X214.951 Y225.643 E96.63999
G0 F15000 X215.262 Y225.36
G1 F3428.8 X216.203 Y226.3 E96.66321
G0 F15000 X216.797 Y226.3
G1 F3428.8 X215.467 Y224.97 E96.69606
G0 F15000 X215.696 Y224.605
G1 F3428.8 X217.34 Y226.249 E96.73665
G0 F15000 X217.34 Y225.655
G1 F3428.8 X215.989 Y224.304 E96.77002
G0 F15000 X216.373 Y224.095
G1 F3428.8 X217.34 Y225.061 E96.79388
G0 F15000 X217.34 Y224.468
G1 F3428.8 X216.707 Y223.835 E96.80951
G0 F15000 X216.99 Y223.524
G1 F3428.8 X217.34 Y223.874 E96.81816
G0 F15000 X217.34 Y223.28
G1 F3428.8 X217.221 Y223.161 E96.8211
G0 F15000 X217.226 Y223.165
G1 F2700 E95.5211
;MESH:NONMESH
G0 F600 X217.226 Y223.165 Z2.2
G0 F15000 X218.014 Y218.447
G0 X218.013 Y217.055
G0 X217.805 Y215.686
G0 X217.75 Y214.222
G0 X217.123 Y212.922
G0 X215.96 Y211.909
G0 X215.13 Y210.794
G0 X212.184 Y208.672
G0 X211.847 Y208.942
;TIME_ELAPSED:178.021562
;LAYER:19
;note -- min layer time used
M204 S1250
;TYPE:WALL-INNER
;MESH:lowerLeftPad.stl
G1 F2700 E96.8211
G1 F3669.1 X212.822 Y209.398 E96.83989
G1 X213.387 Y209.696 E96.85105
G1 X214.01 Y210.088 E96.8639
G1 X214.662 Y210.568 E96.87804
G1 X214.849 Y210.786 E96.88305
G1 X214.896 Y210.969 E96.88635
G1 X215.147 Y211.198 E96.89228
G1 X215.543 Y211.602 E96.90216
G1 X215.953 Y212.087 E96.91325
G1 X216.088 Y212.101 E96.91562
G1 X216.321 Y212.319 E96.92119
G1 X216.826 Y213.121 E96.93774
G1 X217.126 Y213.689 E96.94896
G1 X217.419 Y214.35 E96.96158
G1 X217.649 Y215.006 E96.97372
G1 F3251.1 X218.013 Y216.368 E97.0015
G1 X218.067 Y215.684 E97.01503
G1 F3669.1 X218.069 Y202.879 E97.23862
G1 X211.847 Y202.879 E97.34727
G1 X211.847 Y208.942 E97.45314
M204 S2500
G0 F15000 X212.122 Y208.773
G0 X214.745 Y210.851
G0 X215.991 Y212.131
G0 X217.328 Y213.624
G0 X218.013 Y216.368
M204 S1250
G1 F3145 X218.051 Y217.021 E97.46646
G1 F3518.3 X218.065 Y217.725 E97.47928
G1 F3534.5 X218.053 Y218.424 E97.49196
G1 F3151.4 X218.012 Y219.142 E97.50658
M204 S2500
G0 F15000 X217.329 Y221.873
G0 X215.992 Y223.374
G0 X214.87 Y224.522
G0 X212.111 Y226.76
G0 X211.846 Y227
M204 S1250
G1 F3669.1 X212.26 Y227.03 E97.51382
G1 X214.347 Y227.028 E97.55027
G1 X214.495 Y227.06 E97.55291
G1 X214.536 Y227.118 E97.55415
G1 X215.545 Y227.118 E97.57177
G1 X215.588 Y227.058 E97.57306
G1 X215.719 Y227.029 E97.5754
G1 X218.066 Y227.029 E97.61638
G1 X218.067 Y219.802 E97.74258
G1 F3244.3 X218.012 Y219.142 E97.75566
G1 X217.662 Y220.446 E97.78232
G1 F3669.1 X217.42 Y221.139 E97.79514
G1 X217.129 Y221.805 E97.80783
G1 X216.811 Y222.399 E97.81959
G1 X216.322 Y223.179 E97.83567
G1 X216.084 Y223.401 E97.84135
G1 X215.95 Y223.414 E97.8437
G1 X215.543 Y223.889 E97.85463
G1 X215.132 Y224.316 E97.86498
G1 X214.895 Y224.53 E97.87055
G1 X214.863 Y224.679 E97.87321
G1 X214.746 Y224.866 E97.87706
G1 X213.97 Y225.439 E97.89391
G1 X213.438 Y225.771 E97.90486
G1 X212.801 Y226.106 E97.91743
G1 X211.85 Y226.557 E97.9358
G1 X211.846 Y227 E97.94354
M204 S2500
G1 F2700 E96.64354
G0 F15000 X212.111 Y226.76
G0 X214.745 Y224.649
G0 X215.992 Y223.374
G0 X217.329 Y221.873
G0 X217.856 Y220.528
G0 X217.794 Y219.088
G0 X217.894 Y217.75
G0 X217.791 Y216.387
G0 X217.84 Y214.922
G0 X217.328 Y213.624
G0 X215.991 Y212.131
G0 X214.87 Y210.979
G0 X212.122 Y208.773
G0 X211.427 Y209.113
M204 S1250
;TYPE:WALL-OUTER
G1 F2700 E97.94354
G1 F3669.1 X211.472 Y209.194 E97.94516
G1 X211.657 Y209.32 E97.94907
G1 X212.626 Y209.77 E97.96772
G1 X213.175 Y210.058 E97.97855
G1 X213.761 Y210.426 E97.99063
G1 X214.476 Y210.953 E98.00614
G1 X214.498 Y211.175 E98.01004
G1 X214.847 Y211.492 E98.01827
G1 X215.243 Y211.896 E98.02815
G1 X215.715 Y212.458 E98.04096
G1 X215.922 Y212.474 E98.04459
G1 X216.454 Y213.317 E98.06199
G1 X216.76 Y213.898 E98.07346
G1 X217.023 Y214.49 E98.08477
G1 X217.243 Y215.116 E98.09636
G1 X217.42 Y215.764 E98.10809
G1 X217.542 Y216.423 E98.11979
G1 X217.619 Y217.088 E98.13148
G1 X217.643 Y217.756 E98.14315
G1 X217.618 Y218.425 E98.15484
G1 X217.543 Y219.063 E98.16606
G1 X217.42 Y219.718 E98.1777
G1 X217.251 Y220.354 E98.18919
G1 X217.034 Y220.972 E98.20062
G1 X216.758 Y221.607 E98.21271
G1 X216.455 Y222.176 E98.22397
G1 X215.921 Y223.028 E98.24153
G1 X215.715 Y223.042 E98.24513
G1 X215.24 Y223.598 E98.2579
G1 X214.837 Y224.016 E98.26804
G1 X214.498 Y224.322 E98.27602
G1 X214.475 Y224.544 E98.27991
G1 X213.748 Y225.083 E98.29572
G1 X213.216 Y225.415 E98.30667
G1 X212.622 Y225.726 E98.31837
G1 X211.645 Y226.188 E98.33725
G1 X211.43 Y226.369 E98.34215
G1 X211.423 Y227.318 E98.35872
G1 X211.501 Y227.398 E98.36068
G1 X212.236 Y227.45 E98.37354
G1 X214.349 Y227.446 E98.41044
G1 X214.415 Y227.538 E98.41242
G1 X215.663 Y227.538 E98.43421
G1 X215.727 Y227.447 E98.43615
G1 X218.399 Y227.45 E98.48281
G1 X218.486 Y227.35 E98.48512
G1 X218.489 Y202.459 E98.91976
G1 X211.427 Y202.459 E99.04307
G1 X211.427 Y209.113 E99.15926
M204 S2500
G0 F15000 X211.472 Y209.194
G0 X211.56 Y209.254
G0 X212.243 Y208.689
;TYPE:SKIN
G1 F3669.1 X212.246 Y203.279 E99.25373
G1 X217.669 Y203.279 E99.34842
G1 X217.662 Y213.917 E99.53418
G1 X217.484 Y213.514 E99.54187
G1 X217.174 Y212.929 E99.55343
G1 X216.641 Y212.078 E99.57097
G1 X216.277 Y211.751 E99.57951
G1 X216.17 Y211.724 E99.58144
G1 X215.841 Y211.336 E99.59032
G1 X215.439 Y210.925 E99.60036
G1 X215.247 Y210.746 E99.60494
G1 X215.203 Y210.603 E99.60755
G1 X214.928 Y210.274 E99.61504
G1 X214.201 Y209.734 E99.63086
G1 X213.592 Y209.353 E99.6434
G1 X212.962 Y209.022 E99.65583
G1 X212.243 Y208.689 E99.66966
G0 F15000 X212.457 Y203.916
G1 F3669.1 X212.884 Y203.489 E99.68021
G0 F15000 X213.478 Y203.489
G1 F3669.1 X212.456 Y204.511 E99.70544
G0 F15000 X212.456 Y205.105
G1 F3669.1 X214.072 Y203.489 E99.74535
G0 F15000 X214.666 Y203.489
G1 F3669.1 X212.455 Y205.699 E99.79994
G0 F15000 X212.455 Y206.293
G1 F3669.1 X215.26 Y203.489 E99.86919
G0 F15000 X215.854 Y203.489
G1 F3669.1 X212.454 Y206.888 E99.95314
G0 F15000 X212.454 Y207.482
G1 F3669.1 X216.448 Y203.489 E100.05176
G0 F15000 X217.041 Y203.489
G1 F3669.1 X212.454 Y208.077 E100.16504
G0 F15000 X212.532 Y208.592
G1 F3669.1 X217.458 Y203.667 E100.28668
G0 F15000 X217.458 Y204.261
G1 F3669.1 X212.939 Y208.78 E100.39827
G0 F15000 X213.332 Y208.98
G1 F3669.1 X217.457 Y204.855 E100.50013
G0 F15000 X217.457 Y205.449
G1 F3669.1 X213.719 Y209.187 E100.59244
G0 F15000 X214.086 Y209.415
G1 F3669.1 X217.457 Y206.044 E100.67569
G0 F15000 X217.456 Y206.639
G1 F3669.1 X214.442 Y209.652 E100.7501
G0 F15000 X214.784 Y209.904
G1 F3669.1 X217.456 Y207.232 E100.81609
G0 F15000 X217.455 Y207.827
G1 F3669.1 X215.112 Y210.17 E100.87395
G0 F15000 X215.378 Y210.498
G1 F3669.1 X217.455 Y208.421 E100.92524
G0 F15000 X217.454 Y209.016
G1 F3669.1 X215.641 Y210.83 E100.97002
G0 F15000 X215.934 Y211.13
G1 F3669.1 X217.454 Y209.61 E101.00755
G0 F15000 X217.454 Y210.204
G1 F3669.1 X216.211 Y211.447 E101.03825
G0 F15000 X216.542 Y211.711
G1 F3669.1 X217.454 Y210.798 E101.06078
G0 F15000 X217.453 Y211.393
G1 F3669.1 X216.843 Y212.003 E101.07585
G0 F15000 X217.071 Y212.369
G1 F3669.1 X217.452 Y211.988 E101.08526
G0 F15000 X217.452 Y212.582
G1 F3669.1 X217.3 Y212.734 E101.08901
G1 F2700 E99.78901
G0 F15000 X217.866 Y217.065
G0 X217.866 Y218.435
G0 X217.663 Y219.781
G0 X217.622 Y221.199
G0 X217.007 Y222.481
G0 X215.992 Y223.374
G0 X215.821 Y223.892
G0 X212.665 Y226.63
G1 F2700 E101.08901
G1 F3669.1 X213.635 Y226.114 E101.10819
G1 X214.19 Y225.765 E101.11964
G1 X215.012 Y225.149 E101.13758
G1 X215.221 Y224.849 E101.14396
G1 X215.251 Y224.744 E101.14587
G1 X215.405 Y224.604 E101.1495
G1 X215.828 Y224.166 E101.16014
G1 X216.161 Y223.776 E101.16909
G1 X216.271 Y223.75 E101.17106
G1 X216.642 Y223.413 E101.17982
G1 X217.142 Y222.62 E101.19619
G1 X217.666 Y221.635 E101.21567
G1 X217.666 Y226.63 E101.30289
G1 X215.65 Y226.634 E101.33809
G1 X215.41 Y226.718 E101.34253
G1 X214.669 Y226.718 E101.35547
G1 X214.383 Y226.63 E101.3607
G1 X212.665 Y226.63 E101.39069
G0 F15000 X217.456 Y226.24
G1 F3669.1 X217.275 Y226.421 E101.39516
G0 F15000 X216.681 Y226.421
G1 F3669.1 X217.456 Y225.646 E101.4143
G0 F15000 X217.456 Y225.052
G1 F3669.1 X216.087 Y226.421 E101.44811
G0 F15000 X215.422 Y226.491
G1 F3669.1 X217.456 Y224.458 E101.49833
G0 F15000 X217.456 Y223.864
G1 F3669.1 X214.811 Y226.508 E101.56363
G0 F15000 X214.305 Y226.421
G1 F3669.1 X217.456 Y223.27 E101.64144
G0 F15000 X217.184 Y222.948
G1 F3669.1 X217.456 Y222.676 E101.64816
G0 F15000 X213.997 Y226.134
G1 F3669.1 X213.712 Y226.42 E101.65521
G0 F15000 X213.713 Y226.419
G1 F2700 E100.35521
;MESH:NONMESH
G0 F600 X213.713 Y226.419 Z2.3
G0 F15000 X215.992 Y223.374
G0 X217.329 Y221.873
G0 X217.856 Y220.528
G0 X217.794 Y219.088
G0 X217.894 Y217.75
G0 X217.791 Y216.387
G0 X217.84 Y214.922
G0 X217.328 Y213.624
G0 X215.991 Y212.131
G0 X214.87 Y210.979
G0 X212.122 Y208.773
G0 X211.85 Y208.961
;TIME_ELAPSED:187.266157
;LAYER:20
;note -- min layer time used
M204 S1250
;TYPE:WALL-INNER
;MESH:lowerLeftPad.stl
G1 F2700 E101.65521
G1 F3762.6 X212.708 Y209.411 E101.67213
G1 X213.385 Y209.785 E101.68563
G1 X213.964 Y210.147 E101.69756
G1 X214.66 Y210.654 E101.71259
G1 X214.814 Y210.816 E101.71649
G1 X214.846 Y210.922 E101.71843
G1 X215.143 Y211.191 E101.72542
G1 X215.573 Y211.64 E101.73628
G1 X216.126 Y212.295 E101.75125
G1 X216.319 Y212.468 E101.75577
G1 X216.757 Y213.155 E101.77
G1 X217.053 Y213.711 E101.781
G1 X217.359 Y214.415 E101.7944
G1 X217.581 Y215.051 E101.80617
G1 X217.76 Y215.716 E101.81819
G1 F2910.3 X218 Y216.318 E101.83282
G1 X218.123 Y215.682 E101.84745
G1 F3762.6 X218.125 Y202.879 E102.07101
G1 X211.847 Y202.879 E102.18063
G1 X211.85 Y208.961 E102.28683
M204 S2500
G0 F15000 X212.127 Y208.796
G0 X214.078 Y209.946
G0 X215.145 Y210.734
G0 X216.166 Y211.812
G0 X216.945 Y213.023
G0 X217.561 Y214.298
G0 X217.922 Y215.53
G0 X218 Y216.318
M204 S1250
G1 F2528.4 X218.041 Y217.025 E102.30523
G1 F2772.4 X218.055 Y217.722 E102.32175
G1 F2767.6 X218.04 Y218.475 E102.33963
G1 F2524.4 X218 Y219.17 E102.35775
M204 S2500
G0 F15000 X217.922 Y219.966
G0 X217.561 Y221.202
G0 X216.945 Y222.477
G0 X216.166 Y223.688
G0 X215.145 Y224.75
G0 X214.283 Y225.399
G0 X212.123 Y226.716
G0 X211.847 Y226.553
M204 S1250
G1 F3762.6 X211.847 Y227.039 E102.36624
G1 X212.557 Y227.086 E102.37866
G1 X214.404 Y227.088 E102.41091
G1 X214.429 Y227.118 E102.4116
G1 X215.655 Y227.118 E102.433
G1 X215.681 Y227.086 E102.43372
G1 X218.122 Y227.086 E102.47635
G1 X218.123 Y219.801 E102.60356
G1 F2910.3 X218 Y219.17 E102.61807
G1 X217.759 Y219.767 E102.6326
G1 F3762.6 X217.563 Y220.5 E102.64585
G1 X217.36 Y221.084 E102.65665
G1 X217.054 Y221.779 E102.66991
G1 X216.758 Y222.339 E102.68097
G1 X216.319 Y223.028 E102.69523
G1 X216.164 Y223.195 E102.69921
G1 X216.102 Y223.206 E102.70031
G1 X215.952 Y223.409 E102.70472
G1 X215.545 Y223.892 E102.71575
G1 X215.11 Y224.337 E102.72661
G1 X214.84 Y224.579 E102.73295
G1 X214.813 Y224.67 E102.7346
G1 X214.667 Y224.825 E102.73832
G1 X213.935 Y225.371 E102.75427
G1 X213.345 Y225.738 E102.7664
G1 X211.847 Y226.553 E102.79618
M204 S2500
G1 F2700 E101.49618
G0 F15000 X212.123 Y226.716
G0 X214.745 Y224.549
G0 X215.989 Y223.22
G0 X217.26 Y221.842
G0 X217.775 Y220.53
G0 X217.714 Y219.102
G0 X217.816 Y217.751
G0 X217.716 Y216.399
G0 X217.774 Y214.969
G0 X217.26 Y213.658
G0 X215.989 Y212.28
G0 X214.869 Y211.07
G0 X212.127 Y208.796
G0 X211.43 Y209.111
M204 S1250
;TYPE:WALL-OUTER
G1 F2700 E102.79618
G1 F3762.6 X211.566 Y209.287 E102.80006
G1 X212.506 Y209.779 E102.81859
G1 X213.163 Y210.141 E102.83169
G1 X213.716 Y210.486 E102.84307
G1 X214.459 Y211.028 E102.85913
G1 X214.498 Y211.174 E102.86177
G1 X214.84 Y211.482 E102.8698
G1 X215.253 Y211.912 E102.88021
G1 X215.617 Y212.342 E102.89005
G1 X215.826 Y212.623 E102.89617
G1 X215.932 Y212.642 E102.89805
G1 X216.386 Y213.353 E102.91278
G1 X216.689 Y213.924 E102.92406
G1 X216.963 Y214.554 E102.93606
G1 X217.171 Y215.146 E102.94702
G1 X217.344 Y215.78 E102.95849
G1 X217.47 Y216.436 E102.97016
G1 X217.543 Y217.096 E102.98175
G1 X217.567 Y217.756 E102.99328
G1 X217.541 Y218.417 E103.00484
G1 X217.463 Y219.08 E103.01649
G1 X217.344 Y219.703 E103.02757
G1 X217.167 Y220.362 E103.03948
G1 X216.957 Y220.961 E103.05057
G1 X216.682 Y221.583 E103.06244
G1 X216.377 Y222.158 E103.07381
G1 X215.932 Y222.854 E103.08823
G1 X215.826 Y222.873 E103.09011
G1 X215.613 Y223.16 E103.09635
G1 X215.243 Y223.599 E103.10638
G1 X214.829 Y224.025 E103.11675
G1 X214.498 Y224.322 E103.12452
G1 X214.457 Y224.458 E103.127
G1 X213.712 Y225.015 E103.14324
G1 X213.145 Y225.369 E103.15491
G1 X211.488 Y226.269 E103.18784
G1 X211.426 Y226.39 E103.19021
G1 X211.427 Y227.332 E103.20666
G1 X211.546 Y227.398 E103.20904
G1 X211.887 Y227.463 E103.2151
G1 X212.543 Y227.506 E103.22658
G1 X214.33 Y227.51 E103.25778
G1 X214.353 Y227.538 E103.25841
G1 X215.726 Y227.538 E103.28239
G1 X215.749 Y227.509 E103.28304
G1 X218.37 Y227.506 E103.3288
G1 X218.483 Y227.46 E103.33093
G1 X218.542 Y227.362 E103.33293
G1 X218.545 Y202.586 E103.76556
G1 X218.47 Y202.459 E103.76813
G1 X211.427 Y202.459 E103.89112
G1 X211.43 Y209.111 E104.00727
M204 S2500
G0 F15000 X211.552 Y209.269
G0 X212.246 Y208.716
;TYPE:SKIN
G1 F3762.6 X212.246 Y203.278 E104.10223
G1 X217.725 Y203.278 E104.1979
G1 X217.72 Y214.234 E104.38921
G1 X217.437 Y213.591 E104.40147
G1 X217.098 Y212.947 E104.41418
G1 X216.658 Y212.255 E104.4285
G1 X216.41 Y212.004 E104.43466
G1 X215.876 Y211.377 E104.44904
G1 X215.383 Y210.869 E104.4614
G1 X215.18 Y210.687 E104.46616
G1 X215.143 Y210.595 E104.4679
G1 X214.927 Y210.357 E104.47351
G1 X214.197 Y209.818 E104.48935
G1 X213.587 Y209.441 E104.50188
G1 X212.903 Y209.06 E104.51555
G1 X212.246 Y208.716 E104.5285
G0 F15000 X217.15 Y203.488
G1 F3762.6 X217.515 Y203.854 E104.53752
G0 F15000 X217.515 Y204.448
G1 F3762.6 X216.556 Y203.488 E104.56122
G0 F15000 X215.962 Y203.488
G1 F3762.6 X217.515 Y205.042 E104.59958
G0 F15000 X217.515 Y205.635
G1 F3762.6 X215.368 Y203.488 E104.6526
G0 F15000 X214.774 Y203.488
G1 F3762.6 X217.515 Y206.229 E104.72029
G0 F15000 X217.515 Y206.823
G1 F3762.6 X214.18 Y203.488 E104.80264
G0 F15000 X213.586 Y203.488
G1 F3762.6 X217.514 Y207.416 E104.89964
G0 F15000 X217.514 Y208.01
G1 F3762.6 X212.992 Y203.488 E105.01131
G0 F15000 X212.456 Y203.546
G1 F3762.6 X217.514 Y208.604 E105.13621
G0 F15000 X217.513 Y209.198
G1 F3762.6 X212.456 Y204.14 E105.26111
G0 F15000 X212.456 Y204.734
G1 F3762.6 X217.513 Y209.792 E105.386
G0 F15000 X217.512 Y210.385
G1 F3762.6 X212.456 Y205.328 E105.51086
G0 F15000 X212.456 Y205.922
G1 F3762.6 X217.512 Y210.979 E105.63573
G0 F15000 X217.512 Y211.573
G1 F3762.6 X212.456 Y206.516 E105.7606
G0 F15000 X212.456 Y207.11
G1 F3762.6 X217.512 Y212.166 E105.88545
G0 F15000 X217.512 Y212.76
G1 F3762.6 X216.283 Y211.531 E105.9158
G1 X216.209 Y211.457
G0 F15000 X214.615 Y209.863
G1 F3762.6 X212.456 Y207.704 E105.96912
G0 F15000 X212.456 Y208.298
G1 F3762.6 X213.072 Y208.914 E105.98433
G1 X213.146 Y208.988
G1 F2700 E104.68433
G0 F15000 X215.989 Y212.28
G0 X217.26 Y213.658
G0 X217.774 Y214.969
G0 X217.716 Y216.399
G0 X217.816 Y217.751
G0 X217.714 Y219.102
G0 X217.775 Y220.53
G0 X217.26 Y221.842
G0 X215.989 Y223.22
G0 X215.2 Y224.539
G0 X212.433 Y226.685
G1 F2700 E105.98433
G1 F3762.6 X213.533 Y226.085 E106.00621
G1 X214.204 Y225.667 E106.02001
G1 X214.902 Y225.145 E106.03523
G1 X215.377 Y224.632 E106.04744
G1 X215.872 Y224.118 E106.0599
G1 X216.397 Y223.497 E106.0741
G1 X216.625 Y223.281 E106.07958
G1 X217.07 Y222.593 E106.09389
G1 X217.409 Y221.958 E106.10646
G1 X217.722 Y221.24 E106.12014
G1 X217.722 Y226.686 E106.21523
G1 X215.607 Y226.69 E106.25217
G1 X215.562 Y226.718 E106.25309
G1 X214.492 Y226.718 E106.27177
G1 X214.399 Y226.693 E106.27346
G1 X212.433 Y226.685 E106.30779
G0 F15000 X213.734 Y226.208
G1 F3762.6 X214.005 Y226.479 E106.31448
G0 F15000 X214.1 Y225.979
G1 F3762.6 X214.629 Y226.508 E106.32754
G0 F15000 X215.223 Y226.508
G1 F3762.6 X214.455 Y225.74 E106.34651
G0 F15000 X214.795 Y225.486
G1 F3762.6 X215.785 Y226.476 E106.37095
G0 F15000 X216.379 Y226.476
G1 F3762.6 X215.119 Y225.216 E106.40207
G0 F15000 X215.408 Y224.912
G1 F3762.6 X216.973 Y226.476 E106.4407
G0 F15000 X217.512 Y226.422
G1 F3762.6 X215.697 Y224.607 E106.48552
G0 F15000 X215.986 Y224.302
G1 F3762.6 X217.512 Y225.828 E106.52321
G0 F15000 X217.512 Y225.234
G1 F3762.6 X216.262 Y223.983 E106.55409
G0 F15000 X216.533 Y223.661
G1 F3762.6 X217.512 Y224.64 E106.57826
G0 F15000 X217.512 Y224.046
G1 F3762.6 X216.828 Y223.362 E106.59515
G0 F15000 X217.06 Y223
G1 F3762.6 X217.512 Y223.452 E106.60632
G0 F15000 X217.512 Y222.858
G1 F3762.6 X217.288 Y222.633 E106.61186
G0 F15000 X217.292 Y222.636
G1 F2700 E105.31186
;MESH:NONMESH
G0 F600 X217.292 Y222.636 Z2.4
G0 F15000 X217.79 Y218.429
G0 X217.79 Y217.072
G0 X217.59 Y215.736
G0 X217.541 Y214.305
G0 X216.927 Y213.034
G0 X215.989 Y212.28
G0 X214.869 Y211.07
G0 X212.127 Y208.796
G0 X211.911 Y208.942
;TIME_ELAPSED:196.404163
;LAYER:21
;note -- min layer time used
M204 S1250
;TYPE:WALL-INNER
;MESH:lowerLeftPad.stl
G1 F2700 E106.61186
G1 F3621.1 X213.176 Y209.689 E106.63751
G1 X213.887 Y210.146 E106.65227
G1 X214.659 Y210.705 E106.66892
G1 X215.565 Y211.628 E106.6915
G1 X215.972 Y212.11 E106.70251
G1 X216.319 Y212.544 E106.71222
G1 X216.72 Y213.174 E106.72526
G1 X217.024 Y213.742 E106.73651
G1 X217.315 Y214.414 E106.74929
G1 X217.536 Y215.049 E106.76103
G1 X217.725 Y215.742 E106.77358
G1 F3860.1 X217.811 Y216.359 E106.78378
G1 F4357.8 X217.869 Y217.038 E106.79367
G1 F4752.7 X217.893 Y217.748 E106.80312
G1 X217.869 Y218.458 E106.81257
G1 F4370.3 X217.813 Y219.133 E106.82237
G1 F3860.1 X217.719 Y219.758 E106.83273
G1 F3621.1 X217.542 Y220.437 E106.84498
G1 X217.299 Y221.128 E106.85777
G1 X217.025 Y221.754 E106.8697
G1 X216.698 Y222.362 E106.88175
G1 X216.325 Y222.949 E106.8939
G1 X215.943 Y223.422 E106.90452
G1 X215.542 Y223.89 E106.91528
G1 X215.129 Y224.322 E106.92571
G1 X214.66 Y224.79 E106.93728
G1 X213.875 Y225.36 E106.95422
G1 X213.15 Y225.822 E106.96923
G1 X211.913 Y226.557 E106.99436
G1 X211.912 Y227.012 E107.0023
G1 X212.865 Y227.102 E107.01902
G1 X213.386 Y227.114 E107.02812
G1 X218.15 Y227.113 E107.11131
G1 X218.151 Y219.798 E107.23904
G1 F4066.5 X218.198 Y218.424 E107.26041
G1 F4752.7 X218.205 Y217.716 E107.26983
G1 F4737.9 X218.197 Y217.02 E107.27912
G1 F4066.5 X218.151 Y215.704 E107.2996
G1 F3621.1 X218.153 Y202.879 E107.52354
G1 X212.164 Y202.878 E107.62812
G1 X211.914 Y202.906 E107.63251
G1 X211.911 Y208.942 E107.73791
M204 S2500
G0 F15000 X211.491 Y209.094
M204 S1250
;TYPE:WALL-OUTER
G1 F3621.1 X211.692 Y209.301 E107.74295
G1 X212.95 Y210.043 E107.76845
G1 X213.64 Y210.486 E107.78277
G1 X214.449 Y211.072 E107.80021
G1 X214.478 Y211.156 E107.80176
G1 X214.859 Y211.501 E107.81074
G1 X215.245 Y211.9 E107.82043
G1 X215.883 Y212.652 E107.83765
G1 X216.35 Y213.372 E107.85264
G1 X216.654 Y213.94 E107.86389
G1 X216.919 Y214.554 E107.87557
G1 X217.131 Y215.16 E107.88678
G1 X217.311 Y215.818 E107.89869
G1 X217.425 Y216.444 E107.9098
G1 X217.498 Y217.095 E107.92124
G1 X217.527 Y217.748 E107.93265
G1 X217.497 Y218.416 E107.94433
G1 X217.423 Y219.068 E107.95579
G1 X217.307 Y219.68 E107.96666
G1 X217.136 Y220.33 E107.9784
G1 X216.913 Y220.96 E107.99007
G1 X216.654 Y221.556 E108.00142
G1 X216.342 Y222.137 E108.01293
G1 X215.946 Y222.763 E108.02587
G1 X215.9 Y222.773 E108.02669
G1 X215.624 Y223.149 E108.03483
G1 X215.237 Y223.601 E108.04522
G1 X214.849 Y224.009 E108.05505
G1 X214.478 Y224.341 E108.06375
G1 X214.452 Y224.421 E108.06522
G1 X213.649 Y225.006 E108.08256
G1 X212.936 Y225.461 E108.09733
G1 X211.575 Y226.269 E108.12497
G1 X211.494 Y226.386 E108.12746
G1 X211.491 Y227.294 E108.14331
G1 X211.661 Y227.374 E108.14659
G1 X212.05 Y227.447 E108.1535
G1 X212.841 Y227.522 E108.16738
G1 X213.386 Y227.534 E108.1769
G1 X218.407 Y227.534 E108.26457
G1 X218.508 Y227.475 E108.26661
G1 X218.57 Y227.342 E108.26918
G1 X218.573 Y202.656 E108.70023
G1 X218.409 Y202.458 E108.70472
G1 X212.14 Y202.458 E108.81419
G1 X211.489 Y202.565 E108.82571
G1 X211.491 Y209.094 E108.93971
M204 S2500
G0 F15000 X211.63 Y209.237
G0 X212.31 Y208.712
;TYPE:SKIN
G1 F3621.1 X212.311 Y203.282 E109.03453
G1 X217.753 Y203.279 E109.12956
G1 X217.75 Y214.417 E109.32404
G1 X217.422 Y213.652 E109.33858
G1 X217.075 Y212.99 E109.35163
G1 X216.65 Y212.319 E109.3655
G1 X216.293 Y211.869 E109.37553
G1 X215.877 Y211.376 E109.38679
G1 X215.444 Y210.926 E109.3977
G1 X214.908 Y210.394 E109.41088
G1 X214.087 Y209.801 E109.42857
G1 X213.387 Y209.347 E109.44314
G1 X212.31 Y208.712 E109.46497
G0 F15000 X212.881 Y203.492
G1 F3621.1 X212.521 Y203.852 E109.47386
G0 F15000 X212.521 Y204.446
G1 F3621.1 X213.475 Y203.492 E109.49742
G0 F15000 X214.07 Y203.491
G1 F3621.1 X212.521 Y205.04 E109.53567
G0 F15000 X212.521 Y205.634
G1 F3621.1 X214.664 Y203.49 E109.5886
G0 F15000 X215.258 Y203.49
G1 F3621.1 X212.521 Y206.228 E109.6562
G0 F15000 X212.521 Y206.822
G1 F3621.1 X215.853 Y203.49 E109.73848
G0 F15000 X216.447 Y203.49
G1 F3621.1 X212.521 Y207.416 E109.83543
G0 F15000 X212.521 Y208.01
G1 F3621.1 X217.041 Y203.489 E109.94706
G0 F15000 X217.543 Y203.582
G1 F3621.1 X212.528 Y208.597 E110.07091
G0 F15000 X212.901 Y208.817
G1 F3621.1 X217.543 Y204.176 E110.18553
G0 F15000 X217.543 Y204.77
G1 F3621.1 X213.275 Y209.038 E110.29092
G0 F15000 X213.643 Y209.263
G1 F3621.1 X217.542 Y205.364 E110.3872
G0 F15000 X217.542 Y205.958
G1 F3621.1 X214.003 Y209.497 E110.4746
G0 F15000 X214.357 Y209.737
G1 F3621.1 X217.542 Y206.552 E110.55325
G0 F15000 X217.541 Y207.147
G1 F3621.1 X214.703 Y209.985 E110.62333
G0 F15000 X215.043 Y210.239
G1 F3621.1 X217.541 Y207.741 E110.68502
G0 F15000 X217.541 Y208.335
G1 F3621.1 X215.343 Y210.533 E110.7393
G0 F15000 X215.642 Y210.828
G1 F3621.1 X217.541 Y208.93 E110.78618
G0 F15000 X217.541 Y209.524
G1 F3621.1 X215.933 Y211.131 E110.82588
G0 F15000 X216.212 Y211.446
G1 F3621.1 X217.541 Y210.117 E110.85869
G0 F15000 X217.54 Y210.712
G1 F3621.1 X216.483 Y211.769 E110.8848
G0 F15000 X216.745 Y212.101
G1 F3621.1 X217.54 Y211.306 E110.90443
G0 F15000 X217.54 Y211.9
G1 F3621.1 X216.986 Y212.454 E110.91811
G0 F15000 X217.215 Y212.819
G1 F3621.1 X217.54 Y212.494 E110.92614
G0 F15000 X217.54 Y213.088
G1 F3621.1 X217.425 Y213.203 E110.92898
G1 F2700 E109.62898
G0 F15000 X217.776 Y217.75
G0 X217.674 Y219.096
G0 X217.736 Y220.518
G0 X217.222 Y221.824
G0 X215.989 Y223.142
G0 X215.222 Y224.519
G0 X212.508 Y226.666
G1 F2700 E110.92898
G1 F3621.1 X213.351 Y226.169 E110.94606
G1 X214.09 Y225.693 E110.96141
G1 X214.888 Y225.114 E110.97863
G1 X215.404 Y224.61 E110.99122
G1 X215.865 Y224.125 E111.00291
G1 X216.248 Y223.677 E111.0132
G1 X216.661 Y223.157 E111.02479
G1 X217.034 Y222.573 E111.03689
G1 X217.381 Y221.929 E111.04967
G1 X217.75 Y221.092 E111.06564
G1 X217.75 Y226.714 E111.16381
G1 X213.393 Y226.714 E111.23989
G1 X212.885 Y226.702 E111.24876
G1 X212.508 Y226.666 E111.25538
G0 F15000 X217.191 Y226.505
G1 F3621.1 X217.54 Y226.155 E111.26401
G0 F15000 X217.54 Y225.561
G1 F3621.1 X216.597 Y226.504 E111.28729
G0 F15000 X216.004 Y226.503
G1 F3621.1 X217.54 Y224.967 E111.32522
G0 F15000 X217.54 Y224.373
G1 F3621.1 X215.411 Y226.503 E111.37781
G0 F15000 X214.818 Y226.501
G1 F3621.1 X217.54 Y223.779 E111.44503
G0 F15000 X217.54 Y223.186
G1 F3621.1 X214.225 Y226.5 E111.52688
G0 F15000 X213.632 Y226.5
G1 F3621.1 X214.42 Y225.711 E111.54635
G1 X214.494 Y225.637
G0 F15000 X216.748 Y223.384
G1 F3621.1 X217.54 Y222.592 E111.56591
G1 X217.614 Y222.518
G0 F15000 X217.543 Y222.518
G1 F2700 E110.26591
;MESH:NONMESH
G0 F600 X217.543 Y222.518 Z2.5
G0 F15000 X217.776 Y217.75
G0 X217.675 Y216.403
G0 X217.736 Y214.981
G0 X217.222 Y213.676
G0 X215.988 Y212.357
G0 X215.223 Y210.983
G0 X212.43 Y208.916
G0 X212.329 Y209.087
;TIME_ELAPSED:204.349129
;LAYER:22
;note -- min layer time used
M204 S1250
;TYPE:WALL-INNER
;MESH:lowerLeftPad.stl
G1 F2700 E111.56591
G1 F3498.3 X213.131 Y209.624 E111.58276
G1 X213.959 Y210.207 E111.60044
G1 X214.574 Y210.679 E111.61398
G1 X215.13 Y211.179 E111.62704
G1 X215.539 Y211.603 E111.63732
G1 X215.961 Y212.098 E111.64868
G1 X216.293 Y212.542 E111.65836
G1 X216.696 Y213.174 E111.67145
G1 X217.022 Y213.787 E111.68358
G1 X217.294 Y214.411 E111.69546
G1 X217.506 Y215.003 E111.70644
G1 X217.703 Y215.738 E111.71973
G1 F3673.2 X217.8 Y216.354 E111.7301
G1 F4081.4 X217.859 Y217.042 E111.74043
G1 F4412.3 X217.879 Y217.77 E111.75052
G1 F4399.1 X217.858 Y218.462 E111.76013
G1 F4070.1 X217.799 Y219.134 E111.77026
G1 F3673.2 X217.69 Y219.8 E111.78148
G1 F3498.3 X217.506 Y220.492 E111.79398
G1 X217.277 Y221.13 E111.80582
G1 X217 Y221.758 E111.8178
G1 X216.67 Y222.371 E111.82996
G1 X216.296 Y222.946 E111.84194
G1 X215.946 Y223.419 E111.85221
G1 X215.551 Y223.885 E111.86288
G1 X215.138 Y224.313 E111.87326
G1 X214.536 Y224.852 E111.88737
G1 X213.756 Y225.439 E111.90442
G1 X212.328 Y226.422 E111.93469
G1 X212.324 Y226.969 E111.94424
G1 X213.151 Y227.087 E111.95883
G1 X213.894 Y227.118 E111.97182
G1 X218.158 Y227.118 E112.04627
G1 X218.158 Y219.8 E112.17406
G1 F3876.8 X218.199 Y218.42 E112.19581
G1 F4425.6 X218.205 Y217.72 E112.20547
G1 F4412.3 X218.198 Y217.023 E112.21512
G1 F3866.5 X218.158 Y215.696 E112.2361
G1 F3498.3 X218.158 Y202.878 E112.45992
G1 X213.161 Y202.878 E112.54717
G1 X212.533 Y202.935 E112.55819
G1 X212.318 Y202.983 E112.56203
G1 X212.329 Y209.087 E112.66862
M204 S2500
G0 F15000 X211.91 Y209.216
M204 S1250
;TYPE:WALL-OUTER
G1 F3498.3 X212.138 Y209.464 E112.6745
G1 X212.889 Y209.968 E112.69029
G1 X213.704 Y210.541 E112.70769
G1 X214.293 Y210.991 E112.72063
G1 X214.86 Y211.502 E112.73396
G1 X215.244 Y211.903 E112.74366
G1 X215.625 Y212.35 E112.75391
G1 X215.957 Y212.794 E112.76359
G1 X216.326 Y213.372 E112.77557
G1 X216.637 Y213.955 E112.7871
G1 X216.893 Y214.539 E112.79824
G1 X217.115 Y215.161 E112.80977
G1 X217.291 Y215.816 E112.82161
G1 X217.409 Y216.444 E112.83277
G1 X217.482 Y217.1 E112.8443
G1 X217.506 Y217.756 E112.85576
G1 X217.481 Y218.417 E112.86731
G1 X217.403 Y219.068 E112.87876
G1 X217.284 Y219.694 E112.88989
G1 X217.11 Y220.351 E112.90175
G1 X216.893 Y220.961 E112.91306
G1 X216.63 Y221.56 E112.92448
G1 X216.317 Y222.143 E112.93604
G1 X215.958 Y222.697 E112.94756
G1 X215.625 Y223.148 E112.95735
G1 X215.248 Y223.594 E112.96755
G1 X214.857 Y224.001 E112.97741
G1 X214.297 Y224.505 E112.99056
G1 X213.495 Y225.109 E113.00809
G1 X212.103 Y226.067 E113.0376
G1 X211.91 Y226.28 E113.04262
G1 X211.9 Y227.267 E113.05985
G1 X212.254 Y227.39 E113.0664
G1 X213.115 Y227.506 E113.08157
G1 X213.869 Y227.538 E113.09475
G1 X218.413 Y227.537 E113.17409
G1 X218.513 Y227.481 E113.17609
G1 X218.578 Y227.365 E113.17841
G1 X218.578 Y202.735 E113.60849
G1 X218.479 Y202.54 E113.61231
G1 X218.348 Y202.458 E113.61501
G1 X213.142 Y202.458 E113.70592
G1 X212.469 Y202.52 E113.71772
G1 X211.898 Y202.654 E113.72796
G1 X211.91 Y209.216 E113.84254
M204 S2500
G0 F15000 X212.045 Y209.363
G0 X212.726 Y208.871
;TYPE:SKIN
G1 F3498.3 X212.715 Y203.319 E113.93949
G1 X213.175 Y203.274 E113.94756
G1 X217.758 Y203.274 E114.02758
G1 X217.758 Y214.479 E114.22324
G1 X217.393 Y213.636 E114.23928
G1 X217.042 Y212.973 E114.25238
G1 X216.616 Y212.305 E114.26622
G1 X216.244 Y211.813 E114.27699
G1 X215.84 Y211.339 E114.28786
G1 X215.448 Y210.93 E114.29775
G1 X214.841 Y210.383 E114.31202
G1 X214.197 Y209.885 E114.32624
G1 X213.353 Y209.292 E114.34425
G1 X212.726 Y208.871 E114.35744
G0 F15000 X217.548 Y203.887
G1 F3498.3 X217.145 Y203.484 E114.36739
G0 F15000 X216.551 Y203.484
G1 F3498.3 X217.548 Y204.481 E114.39201
G0 F15000 X217.548 Y205.075
G1 F3498.3 X215.957 Y203.484 E114.4313
G0 F15000 X215.364 Y203.484
G1 F3498.3 X217.548 Y205.669 E114.48524
G0 F15000 X217.548 Y206.263
G1 F3498.3 X214.77 Y203.484 E114.55386
G0 F15000 X214.176 Y203.484
G1 F3498.3 X217.548 Y206.857 E114.63714
G0 F15000 X217.548 Y207.451
G1 F3498.3 X213.582 Y203.484 E114.73509
G0 F15000 X213.006 Y203.503
G1 F3498.3 X217.548 Y208.045 E114.84725
G0 F15000 X217.548 Y208.639
G1 F3498.3 X212.925 Y204.016 E114.96141
G0 F15000 X212.927 Y204.611
G1 F3498.3 X217.548 Y209.233 E115.07554
G0 F15000 X217.548 Y209.827
G1 F3498.3 X212.928 Y205.207 E115.18962
G0 F15000 X212.929 Y205.801
G1 F3498.3 X217.548 Y210.421 E115.3037
G0 F15000 X217.548 Y211.015
G1 F3498.3 X212.93 Y206.397 E115.41774
G0 F15000 X212.932 Y206.992
G1 F3498.3 X217.548 Y211.609 E115.53174
G0 F15000 X217.548 Y212.203
G1 F3498.3 X212.933 Y207.587 E115.64572
G0 F15000 X212.935 Y208.183
G1 F3498.3 X214.969 Y210.217 E115.69595
G1 X215.043 Y210.291
G0 F15000 X216.264 Y211.512
G1 F3498.3 X217.548 Y212.797 E115.72767
G0 F15000 X217.448 Y213.29
G1 F3498.3 X217.548 Y213.391 E115.73015
G1 F2700 E114.43015
G0 F15000 X217.757 Y217.75
G0 X217.655 Y219.095
G0 X217.716 Y220.522
G0 X217.199 Y221.829
G0 X216.48 Y223.049
G0 X215.877 Y223.828
G0 X212.733 Y226.625
G1 F2700 E115.73015
G1 F3498.3 X213.992 Y225.76 E115.75682
G1 X214.832 Y225.12 E115.77526
G1 X215.445 Y224.569 E115.78965
G1 X215.845 Y224.149 E115.79978
G1 X216.257 Y223.664 E115.81089
G1 X216.653 Y223.134 E115.82245
G1 X217.014 Y222.572 E115.83411
G1 X217.353 Y221.942 E115.8466
G1 X217.758 Y221.021 E115.86417
G1 X217.758 Y226.718 E115.96365
G1 X213.913 Y226.718 E116.03079
G1 X213.19 Y226.686 E116.04343
G1 X212.733 Y226.625 E116.05148
G0 F15000 X213.726 Y226.199
G1 F3498.3 X214.035 Y226.508 E116.05911
G0 F15000 X214.077 Y225.957
G1 F3498.3 X214.629 Y226.508 E116.07273
G0 F15000 X215.223 Y226.508
G1 F3498.3 X214.416 Y225.701 E116.09265
G0 F15000 X214.753 Y225.445
G1 F3498.3 X215.817 Y226.508 E116.11892
G0 F15000 X216.411 Y226.508
G1 F3498.3 X215.081 Y225.178 E116.15176
G0 F15000 X215.394 Y224.897
G1 F3498.3 X217.005 Y226.508 E116.19154
G0 F15000 X217.548 Y226.457
G1 F3498.3 X215.697 Y224.607 E116.23724
G0 F15000 X215.988 Y224.303
G1 F3498.3 X217.548 Y225.863 E116.27576
G0 F15000 X217.548 Y225.269
G1 F3498.3 X216.261 Y223.982 E116.30754
G0 F15000 X216.526 Y223.654
G1 F3498.3 X217.548 Y224.675 E116.33277
G0 F15000 X217.548 Y224.081
G1 F3498.3 X216.78 Y223.314 E116.35172
G0 F15000 X217.017 Y222.956
G1 F3498.3 X217.548 Y223.487 E116.36484
G0 F15000 X217.547 Y222.893
G1 F3498.3 X217.243 Y222.589 E116.37234
G0 F15000 X217.546 Y222.298
G1 F3498.3 X217.451 Y222.203 E116.37469
G0 F15000 X217.452 Y222.205
G1 F2700 E115.07469
;MESH:NONMESH
G0 F600 X217.452 Y222.205 Z2.6
G0 F15000 X217.757 Y217.75
G0 X217.656 Y216.404
G0 X217.717 Y214.979
G0 X217.2 Y213.672
G0 X216.48 Y212.445
G0 X215.871 Y211.667
G0 X213.001 Y209.189
G0 X212.91 Y209.325
;TIME_ELAPSED:211.956779
;LAYER:23
;note -- min layer time used
M204 S1250
;TYPE:WALL-INNER
;MESH:lowerLeftPad.stl
G1 F2700 E116.37469
G1 F3427.6 X213.293 Y209.647 E116.38343
G1 X213.478 Y209.783 E116.38744
G1 X214.479 Y210.596 E116.40995
G1 X215.043 Y211.096 E116.42311
G1 X215.565 Y211.633 E116.43619
G1 X215.966 Y212.101 E116.44695
G1 X216.298 Y212.557 E116.4568
G1 X216.683 Y213.161 E116.46931
G1 X217.014 Y213.779 E116.48155
G1 X217.295 Y214.427 E116.49388
G1 X217.503 Y215.018 E116.50482
G1 X217.7 Y215.757 E116.51818
G1 F3563.4 X217.791 Y216.344 E116.52816
G1 F3954.9 X217.855 Y217.092 E116.53952
G1 F4284.5 X217.873 Y217.754 E116.54877
G1 F4271.8 X217.853 Y218.451 E116.55854
G1 F3954.9 X217.793 Y219.132 E116.56888
G1 F3581.1 X217.7 Y219.739 E116.57915
G1 F3427.6 X217.517 Y220.431 E116.59165
G1 X217.27 Y221.133 E116.60464
G1 X216.993 Y221.761 E116.61663
G1 X216.705 Y222.301 E116.62731
G1 X216.293 Y222.945 E116.64066
G1 X215.938 Y223.427 E116.65111
G1 X215.563 Y223.869 E116.66124
G1 X215.076 Y224.369 E116.67342
G1 X214.534 Y224.854 E116.68612
G1 X213.777 Y225.48 E116.70328
G1 X212.91 Y226.161 E116.72253
G1 X212.91 Y226.979 E116.73681
G1 X213.45 Y227.07 E116.74637
G1 X214.038 Y227.118 E116.75667
G1 X218.158 Y227.118 E116.82862
G1 X218.158 Y219.781 E116.95673
G1 F3778.5 X218.197 Y218.412 E116.97843
G1 F4284.5 X218.203 Y217.703 E116.98833
G1 F4259.2 X218.196 Y217.029 E116.9978
G1 F3768.6 X218.158 Y215.715 E117.01868
G1 F3427.6 X218.158 Y202.907 E117.24233
G1 X214.042 Y202.911 E117.3142
G1 X213.325 Y202.944 E117.32673
G1 X212.91 Y203.005 E117.33406
G1 X212.91 Y209.325 E117.44441
M204 S2500
G0 F15000 X212.49 Y209.454
M204 S1250
;TYPE:WALL-OUTER
G1 F3427.6 X212.526 Y209.551 E117.44622
G1 X213.034 Y209.978 E117.45781
G1 X213.213 Y210.109 E117.46168
G1 X214.2 Y210.91 E117.48388
G1 X214.775 Y211.421 E117.49731
G1 X215.272 Y211.935 E117.50979
G1 X215.626 Y212.348 E117.51929
G1 X215.965 Y212.814 E117.52936
G1 X216.313 Y213.36 E117.54066
G1 X216.629 Y213.947 E117.5523
G1 X216.899 Y214.566 E117.56409
G1 X217.107 Y215.158 E117.57505
G1 X217.287 Y215.833 E117.58725
G1 X217.397 Y216.431 E117.59787
G1 X217.474 Y217.107 E117.60975
G1 X217.498 Y217.74 E117.62081
G1 X217.473 Y218.408 E117.63248
G1 X217.399 Y219.059 E117.64392
G1 X217.283 Y219.679 E117.65494
G1 X217.106 Y220.338 E117.66685
G1 X216.885 Y220.965 E117.67846
G1 X216.622 Y221.563 E117.68987
G1 X216.325 Y222.118 E117.70086
G1 X215.954 Y222.697 E117.71287
G1 X215.617 Y223.156 E117.72281
G1 X215.263 Y223.575 E117.73239
G1 X214.765 Y224.085 E117.74483
G1 X214.266 Y224.53 E117.75651
G1 X213.518 Y225.15 E117.77347
G1 X212.768 Y225.738 E117.79011
G1 X212.49 Y226.048 E117.79739
G1 X212.49 Y227.278 E117.81886
G1 X212.805 Y227.387 E117.82468
G1 X213.398 Y227.487 E117.83518
G1 X214.021 Y227.538 E117.8461
G1 X218.364 Y227.538 E117.92193
G1 X218.479 Y227.507 E117.92401
G1 X218.578 Y227.381 E117.92681
G1 X218.578 Y202.753 E118.35686
G1 X218.435 Y202.535 E118.36141
G1 X218.259 Y202.486 E118.3646
G1 X214.023 Y202.491 E118.43857
G1 X213.285 Y202.526 E118.45147
G1 X212.789 Y202.598 E118.46022
G1 X212.49 Y202.685 E118.46566
G1 X212.49 Y209.454 E118.58385
M204 S2500
G0 F15000 X212.526 Y209.551
G0 X212.6 Y209.613
G1 F2700 E117.28385
G0 F15000 X213.191 Y209.195
G0 X216.121 Y211.964
G0 X216.851 Y213.032
G0 X217.481 Y214.33
G0 X217.898 Y215.678
G0 X217.725 Y217.083
G0 X217.724 Y218.417
G0 X217.897 Y219.823
G0 X217.472 Y221.193
G0 X216.868 Y222.438
G0 X216.271 Y223.333
G0 X213.306 Y226.355
;TYPE:SKIN
G1 F2700 E118.58385
G1 F3427.6 X214.026 Y225.79 E118.59984
G1 X214.807 Y225.142 E118.61756
G1 X215.317 Y224.685 E118.62951
G1 X215.886 Y224.108 E118.64366
G1 X216.242 Y223.683 E118.65334
G1 X216.606 Y223.189 E118.66406
G1 X217.021 Y222.551 E118.67735
G1 X217.349 Y221.941 E118.68944
G1 X217.758 Y221.013 E118.70715
G1 X217.758 Y226.718 E118.80677
G1 X214.041 Y226.718 E118.87167
G1 X213.306 Y226.658 E118.88455
G1 X213.306 Y226.355 E118.88984
G1 F2700 E117.58984
G0 F15000 X216.481 Y223.05
G0 X217.192 Y221.828
G0 X217.711 Y220.516
G0 X217.65 Y219.082
G0 X217.75 Y217.732
G0 X217.648 Y216.4
G0 X217.712 Y214.986
G0 X217.192 Y213.672
G0 X216.48 Y212.45
G0 X213.306 Y209.135
G1 F2700 E118.88984
G1 F3427.6 X213.306 Y203.345 E118.99094
G1 X214.046 Y203.31 E119.00388
G1 X217.758 Y203.303 E119.0687
G1 X217.758 Y214.496 E119.26415
G1 X217.386 Y213.625 E119.28068
G1 X217.026 Y212.959 E119.2939
G1 X216.65 Y212.364 E119.30619
G1 X216.286 Y211.864 E119.31699
G1 X215.864 Y211.371 E119.32832
G1 X215.359 Y210.849 E119.34101
G1 X214.741 Y210.296 E119.35549
G1 X213.306 Y209.135 E119.38772
G0 F15000 X213.517 Y204.044
G1 F3427.6 X214.041 Y203.52 E119.40066
G0 F15000 X214.636 Y203.519
G1 F3427.6 X213.517 Y204.638 E119.42829
G0 F15000 X213.517 Y205.232
G1 F3427.6 X215.231 Y203.517 E119.47063
G0 F15000 X215.827 Y203.516
G1 F3427.6 X213.517 Y205.826 E119.52767
G0 F15000 X213.517 Y206.42
G1 F3427.6 X216.421 Y203.515 E119.5994
G0 F15000 X217.017 Y203.514
G1 F3427.6 X213.517 Y207.014 E119.68583
G0 F15000 X213.517 Y207.608
G1 F3427.6 X217.548 Y203.577 E119.78537
G0 F15000 X217.548 Y204.171
G1 F3427.6 X213.517 Y208.202 E119.88492
G0 F15000 X213.517 Y208.796
G1 F3427.6 X217.548 Y204.765 E119.98446
G0 F15000 X217.548 Y205.359
G1 F3427.6 X213.712 Y209.194 E120.07917
G0 F15000 X214.041 Y209.46
G1 F3427.6 X217.548 Y205.953 E120.16578
G0 F15000 X217.548 Y206.547
G1 F3427.6 X214.369 Y209.725 E120.24427
G0 F15000 X214.697 Y209.991
G1 F3427.6 X217.548 Y207.141 E120.31466
G0 F15000 X217.548 Y207.735
G1 F3427.6 X215.018 Y210.264 E120.37712
G0 F15000 X215.332 Y210.545
G1 F3427.6 X217.548 Y208.329 E120.43185
G0 F15000 X217.548 Y208.922
G1 F3427.6 X215.636 Y210.834 E120.47906
G0 F15000 X215.928 Y211.136
G1 F3427.6 X217.548 Y209.516 E120.51907
G0 F15000 X217.548 Y210.11
G1 F3427.6 X216.209 Y211.45 E120.55215
G0 F15000 X216.48 Y211.772
G1 F3427.6 X217.548 Y210.704 E120.57852
G0 F15000 X217.548 Y211.298
G1 F3427.6 X216.73 Y212.116 E120.59872
G0 F15000 X216.967 Y212.473
G1 F3427.6 X217.548 Y211.892 E120.61307
G0 F15000 X217.548 Y212.486
G1 F3427.6 X217.197 Y212.837 E120.62173
G0 F15000 X217.548 Y213.08
G1 F3427.6 X217.407 Y213.221 E120.62522
G0 F15000 X217.75 Y217.732
G0 X217.544 Y222.587
G1 F3427.6 X216.655 Y223.476 E120.64717
G1 X216.581 Y223.55
G0 F15000 X217.545 Y223.181
G1 F3427.6 X214.217 Y226.508 E120.72934
G0 F15000 X213.657 Y226.475
G1 F3427.6 X214.28 Y225.851 E120.74474
G1 X214.354 Y225.777
G0 F15000 X214.811 Y226.508
G1 F3427.6 X217.545 Y223.775 E120.81224
G0 F15000 X217.546 Y224.368
G1 F3427.6 X215.405 Y226.508 E120.8651
G0 F15000 X215.999 Y226.508
G1 F3427.6 X217.546 Y224.961 E120.9033
G0 F15000 X217.546 Y225.555
G1 F3427.6 X216.593 Y226.508 E120.92683
G0 F15000 X217.187 Y226.508
G1 F3427.6 X217.547 Y226.148 E120.93572
G1 F2700 E119.63572
;MESH:NONMESH
G0 F600 X217.547 Y226.148 Z2.7
G0 F15000 X217.725 Y217.083
G0 X217.898 Y215.678
G0 X217.481 Y214.33
G0 X216.851 Y213.032
G0 X216.269 Y212.163
G0 X213.558 Y209.485
G0 X213.462 Y209.616
;TIME_ELAPSED:220.000884
;LAYER:24
;note -- min layer time used
M204 S1250
;TYPE:WALL-INNER
;MESH:lowerLeftPad.stl
G1 F2700 E120.93572
G1 F3148.2 X213.831 Y209.979 E120.94476
G1 X214 Y210.125 E120.94866
G1 X214.96 Y211.011 E120.97147
G1 X215.622 Y211.693 E120.98807
G1 X215.973 Y212.112 E120.99761
G1 X216.298 Y212.556 E121.00722
G1 X216.665 Y213.127 E121.01907
G1 X216.997 Y213.751 E121.03142
G1 X217.265 Y214.353 E121.04292
G1 X217.507 Y215.034 E121.05554
G1 X217.691 Y215.73 E121.06811
G1 F3272.9 X217.791 Y216.341 E121.07851
G1 F3632.5 X217.858 Y217.108 E121.09016
G1 F3947 X217.873 Y217.771 E121.0994
G1 F3923.5 X217.853 Y218.438 E121.10875
G1 F3612.7 X217.791 Y219.165 E121.11985
G1 F3272.9 X217.691 Y219.768 E121.13012
G1 F3148.2 X217.506 Y220.467 E121.14274
G1 X217.266 Y221.142 E121.15525
G1 X216.997 Y221.748 E121.16683
G1 X216.688 Y222.326 E121.17828
G1 X216.296 Y222.942 E121.19103
G1 X215.972 Y223.382 E121.20057
G1 X215.593 Y223.835 E121.21088
G1 X215.035 Y224.409 E121.22486
G1 X214.523 Y224.896 E121.2372
G1 X213.543 Y225.782 E121.26027
G1 X213.462 Y225.918 E121.26303
G1 X213.457 Y226.986 E121.28168
G1 X213.917 Y227.07 E121.28985
G1 X214.444 Y227.118 E121.29909
G1 X218.158 Y227.118 E121.36394
G1 X218.158 Y219.812 E121.49151
G1 F3470.4 X218.197 Y218.401 E121.51387
G1 F3935.2 X218.203 Y217.724 E121.52333
G1 X218.197 Y217.038 E121.53291
G1 F3461.3 X218.158 Y215.686 E121.55439
G1 F3148.2 X218.158 Y202.94 E121.77696
G1 X214.206 Y202.942 E121.84597
G1 X213.455 Y203.025 E121.85916
G1 X213.462 Y209.616 E121.97425
M204 S2500
G0 F15000 X213.042 Y209.722
M204 S1250
;TYPE:WALL-OUTER
G1 F3148.2 X213.076 Y209.826 E121.97616
G1 X213.547 Y210.289 E121.98769
G1 X213.715 Y210.433 E121.99156
G1 X214.659 Y211.305 E122.014
G1 X215.301 Y211.964 E122.03006
G1 X215.634 Y212.36 E122.0391
G1 X215.965 Y212.814 E122.04891
G1 X216.294 Y213.325 E122.05952
G1 X216.632 Y213.962 E122.07211
G1 X216.881 Y214.523 E122.08283
G1 X217.111 Y215.174 E122.09488
G1 X217.279 Y215.808 E122.10634
G1 X217.397 Y216.431 E122.11741
G1 X217.477 Y217.103 E122.12923
G1 X217.498 Y217.757 E122.14065
G1 X217.473 Y218.396 E122.15182
G1 X217.395 Y219.088 E122.16398
G1 X217.276 Y219.702 E122.1749
G1 X217.11 Y220.327 E122.18619
G1 X216.881 Y220.973 E122.19816
G1 X216.626 Y221.551 E122.20919
G1 X216.334 Y222.101 E122.22006
G1 X215.958 Y222.693 E122.23231
G1 X215.626 Y223.143 E122.24207
G1 X215.291 Y223.543 E122.25119
G1 X214.745 Y224.105 E122.26487
G1 X214.241 Y224.584 E122.27701
G1 X213.218 Y225.508 E122.30108
G1 X213.042 Y225.8 E122.30703
G1 X213.036 Y227.271 E122.33272
G1 X213.323 Y227.389 E122.33814
G1 X213.861 Y227.487 E122.34769
G1 X214.426 Y227.538 E122.35759
G1 X218.364 Y227.538 E122.42636
G1 X218.479 Y227.507 E122.42844
G1 X218.578 Y227.378 E122.43128
G1 X218.578 Y202.779 E122.86081
G1 X218.424 Y202.566 E122.8654
G1 X218.261 Y202.519 E122.86836
G1 X214.184 Y202.522 E122.93956
G1 X213.378 Y202.607 E122.95371
G1 X213.034 Y202.756 E122.96025
G1 X213.042 Y209.722 E123.08189
M204 S2500
G0 F15000 X213.076 Y209.826
G0 X213.14 Y209.889
G0 X213.858 Y209.444
;TYPE:SKIN
G1 F3148.2 X213.855 Y203.377 E123.18783
G1 X214.224 Y203.338 E123.19431
G1 X217.758 Y203.338 E123.25602
G1 X217.758 Y214.556 E123.4519
G1 X217.624 Y214.181 E123.45886
G1 X217.351 Y213.574 E123.47048
G1 X217.019 Y212.938 E123.48301
G1 X216.645 Y212.358 E123.49506
G1 X216.262 Y211.832 E123.50642
G1 X215.88 Y211.386 E123.51667
G1 X215.251 Y210.737 E123.53245
G1 X213.858 Y209.444 E123.56564
G0 F15000 X217.548 Y203.886
G1 F3148.2 X217.21 Y203.549 E123.57398
G0 F15000 X216.617 Y203.549
G1 F3148.2 X217.548 Y204.48 E123.59697
G0 F15000 X217.548 Y205.074
G1 F3148.2 X216.023 Y203.549 E123.63462
G0 F15000 X215.429 Y203.549
G1 F3148.2 X217.548 Y205.668 E123.68695
G0 F15000 X217.548 Y206.262
G1 F3148.2 X214.835 Y203.549 E123.75395
G0 F15000 X214.241 Y203.549
G1 F3148.2 X217.548 Y206.856 E123.83561
G0 F15000 X217.548 Y207.45
G1 F3148.2 X214.065 Y203.968 E123.92161
G0 F15000 X214.065 Y204.562
G1 F3148.2 X217.548 Y208.044 E124.00761
G0 F15000 X217.548 Y208.638
G1 F3148.2 X214.065 Y205.156 E124.09361
G0 F15000 X214.066 Y205.75
G1 F3148.2 X217.548 Y209.232 E124.17959
G0 F15000 X217.548 Y209.826
G1 F3148.2 X214.066 Y206.344 E124.26558
G0 F15000 X214.066 Y206.938
G1 F3148.2 X217.548 Y210.42 E124.35156
G0 F15000 X217.548 Y211.014
G1 F3148.2 X214.067 Y207.533 E124.43753
G0 F15000 X214.067 Y208.127
G1 F3148.2 X217.548 Y211.608 E124.52349
G0 F15000 X217.548 Y212.202
G1 F3148.2 X214.067 Y208.721 E124.60945
G0 F15000 X214.067 Y209.315
G1 F3148.2 X214.566 Y209.814 E124.62177
G0 F15000 X216.269 Y211.517
G1 F3148.2 X217.548 Y212.796 E124.65335
G0 F15000 X217.427 Y213.269
G1 F3148.2 X217.548 Y213.39 E124.65634
G1 F2700 E123.35634
G0 F15000 X217.75 Y217.75
G0 X217.646 Y219.114
G0 X217.717 Y220.499
G0 X217.196 Y221.821
G0 X213.857 Y226.653
G1 F2700 E124.65634
G1 F3148.2 X213.862 Y226.03 E124.66722
G1 X214.786 Y225.192 E124.689
G1 X215.313 Y224.693 E124.70168
G1 X215.871 Y224.119 E124.71565
G1 X216.289 Y223.624 E124.72697
G1 X216.622 Y223.168 E124.73683
G1 X217.026 Y222.533 E124.74997
G1 X217.35 Y221.932 E124.76189
G1 X217.758 Y221.004 E124.77959
G1 X217.758 Y226.718 E124.87937
G1 X214.454 Y226.718 E124.93706
G1 X213.857 Y226.653 E124.94755
G0 F15000 X214.162 Y226.042
G1 F3148.2 X214.629 Y226.508 E124.95907
G0 F15000 X215.223 Y226.508
G1 F3148.2 X214.474 Y225.759 E124.97756
G0 F15000 X214.785 Y225.477
G1 F3148.2 X215.817 Y226.508 E125.00304
G0 F15000 X216.411 Y226.508
G1 F3148.2 X215.093 Y225.191 E125.03557
G0 F15000 X215.398 Y224.902
G1 F3148.2 X217.005 Y226.508 E125.07524
G0 F15000 X217.548 Y226.457
G1 F3148.2 X215.693 Y224.603 E125.12104
G0 F15000 X215.986 Y224.301
G1 F3148.2 X217.548 Y225.863 E125.15961
G0 F15000 X217.548 Y225.269
G1 F3148.2 X216.261 Y223.982 E125.19139
G0 F15000 X216.527 Y223.654
G1 F3148.2 X217.548 Y224.675 E125.21661
G0 F15000 X217.548 Y224.081
G1 F3148.2 X216.777 Y223.311 E125.23563
G0 F15000 X217.01 Y222.949
G1 F3148.2 X217.548 Y223.487 E125.24892
G0 F15000 X217.548 Y222.893
G1 F3148.2 X217.238 Y222.584 E125.25656
G0 F15000 X217.548 Y222.3
G1 F3148.2 X217.444 Y222.196 E125.25913
G0 F15000 X217.448 Y222.199
G1 F2700 E123.95913
;MESH:NONMESH
G0 F600 X217.448 Y222.199 Z2.8
G0 F15000 X217.75 Y217.75
G0 X217.646 Y216.386
G0 X217.718 Y215.002
G0 X217.195 Y213.677
G0 X216.623 Y212.674
G0 X214.086 Y209.818
G0 X213.978 Y209.942
;TIME_ELAPSED:227.416969
;LAYER:25
;note -- min layer time used
M204 S1250
;TYPE:WALL-INNER
;MESH:lowerLeftPad.stl
G1 F2700 E125.25913
G1 F2955.7 X214.318 Y210.326 E125.26808
G1 X214.93 Y210.95 E125.28335
G1 X215.548 Y211.603 E125.29905
G1 X215.956 Y212.091 E125.31015
G1 X216.316 Y212.581 E125.32077
G1 X216.62 Y213.056 E125.33062
G1 X217.017 Y213.793 E125.34524
G1 X217.261 Y214.345 E125.35577
G1 X217.525 Y215.095 E125.36966
G1 X217.695 Y215.733 E125.38119
G1 F3072.7 X217.791 Y216.325 E125.39126
G1 F3410.4 X217.856 Y217.072 E125.40261
G1 F3694.6 X217.873 Y217.768 E125.41233
G1 X217.856 Y218.428 E125.42156
G1 F3410.4 X217.791 Y219.17 E125.43283
G1 F3080.4 X217.685 Y219.813 E125.44375
G1 F2955.7 X217.525 Y220.405 E125.45445
G1 X217.262 Y221.15 E125.46825
G1 X217.002 Y221.738 E125.47948
G1 X216.706 Y222.296 E125.49051
G1 X216.143 Y223.181 E125.50882
G1 X215.537 Y223.903 E125.52528
G1 X213.974 Y225.543 E125.56484
G1 X213.972 Y226.991 E125.59012
G1 X214.851 Y227.118 E125.60563
G1 X218.158 Y227.118 E125.66338
G1 X218.158 Y219.809 E125.791
G1 F3266.8 X218.198 Y218.385 E125.81351
G1 F3640.4 X218.197 Y217.053 E125.83239
G1 F3258.2 X218.158 Y215.69 E125.85399
G1 F2955.7 X218.158 Y202.967 E126.07616
G1 X214.907 Y202.975 E126.13293
G1 X214.275 Y203.008 E126.14398
G1 X213.971 Y203.06 E126.14936
G1 X213.978 Y209.942 E126.26953
M204 S2500
G0 F15000 X213.558 Y210.016
M204 S1250
;TYPE:WALL-OUTER
G1 F2955.7 X213.591 Y210.138 E126.27174
G1 X214.01 Y210.612 E126.28279
G1 X214.625 Y211.239 E126.29812
G1 X215.226 Y211.873 E126.31338
G1 X215.642 Y212.371 E126.32471
G1 X215.962 Y212.807 E126.33415
G1 X216.266 Y213.282 E126.344
G1 X216.633 Y213.963 E126.35751
G1 X216.877 Y214.515 E126.36804
G1 X217.115 Y215.19 E126.38054
G1 X217.283 Y215.812 E126.39179
G1 X217.395 Y216.4 E126.40224
G1 X217.478 Y217.133 E126.41513
G1 X217.498 Y217.755 E126.42599
G1 X217.477 Y218.384 E126.43698
G1 X217.395 Y219.096 E126.4495
G1 X217.283 Y219.688 E126.46002
G1 X217.114 Y220.31 E126.47127
G1 X216.877 Y220.981 E126.4837
G1 X216.637 Y221.529 E126.49414
G1 X216.35 Y222.072 E126.50487
G1 X215.838 Y222.888 E126.52169
G1 X215.233 Y223.613 E126.53818
G1 X213.789 Y225.128 E126.57472
G1 X213.554 Y225.483 E126.58216
G1 X213.551 Y227.282 E126.61357
G1 X213.802 Y227.385 E126.61831
G1 X214.307 Y227.487 E126.62731
G1 X214.831 Y227.538 E126.6365
G1 X218.364 Y227.538 E126.69819
G1 X218.479 Y227.507 E126.70027
G1 X218.578 Y227.378 E126.70311
G1 X218.578 Y202.807 E127.13216
G1 X218.428 Y202.595 E127.13669
G1 X218.255 Y202.546 E127.13983
G1 X214.886 Y202.555 E127.19866
G1 X214.228 Y202.59 E127.21017
G1 X213.798 Y202.664 E127.21779
G1 X213.551 Y202.785 E127.22259
G1 X213.558 Y210.016 E127.34885
M204 S2500
G0 F15000 X213.591 Y210.138
G0 X213.639 Y210.193
G0 X214.374 Y209.813
;TYPE:SKIN
G1 F2955.7 X214.37 Y203.403 E127.46078
G1 X214.916 Y203.371 E127.47033
G1 X217.758 Y203.363 E127.51996
G1 X217.758 Y214.492 E127.71429
G1 X217.381 Y213.627 E127.73076
G1 X216.965 Y212.856 E127.74606
G1 X216.645 Y212.354 E127.75646
G1 X216.27 Y211.843 E127.76752
G1 X215.857 Y211.352 E127.77873
G1 X215.217 Y210.672 E127.79503
G1 X214.374 Y209.813 E127.81605
G0 F15000 X214.58 Y204.169
G1 F2955.7 X215.169 Y203.58 E127.83059
G0 F15000 X215.764 Y203.578
G1 F2955.7 X214.581 Y204.762 E127.85982
G0 F15000 X214.581 Y205.356
G1 F2955.7 X216.36 Y203.577 E127.90375
G0 F15000 X216.956 Y203.575
G1 F2955.7 X214.581 Y205.949 E127.96239
G0 F15000 X214.581 Y206.543
G1 F2955.7 X217.548 Y203.577 E128.03564
G0 F15000 X217.548 Y204.171
G1 F2955.7 X214.582 Y207.136 E128.10888
G0 F15000 X214.583 Y207.73
G1 F2955.7 X217.548 Y204.765 E128.18209
G0 F15000 X217.548 Y205.359
G1 F2955.7 X214.583 Y208.324 E128.25531
G0 F15000 X214.584 Y208.917
G1 F2955.7 X217.548 Y205.953 E128.32851
G0 F15000 X217.548 Y206.547
G1 F2955.7 X214.584 Y209.511 E128.4017
G0 F15000 X214.771 Y209.917
G1 F2955.7 X217.548 Y207.141 E128.47027
G0 F15000 X217.548 Y207.735
G1 F2955.7 X215.066 Y210.216 E128.53154
G0 F15000 X215.36 Y210.516
G1 F2955.7 X217.548 Y208.329 E128.58556
G0 F15000 X217.548 Y208.922
G1 F2955.7 X215.648 Y210.822 E128.63248
G0 F15000 X215.936 Y211.129
G1 F2955.7 X217.548 Y209.516 E128.6723
G0 F15000 X217.548 Y210.11
G1 F2955.7 X216.212 Y211.446 E128.70529
G0 F15000 X216.479 Y211.774
G1 F2955.7 X217.548 Y210.704 E128.73171
G0 F15000 X217.548 Y211.298
G1 F2955.7 X216.73 Y212.116 E128.75191
G0 F15000 X216.969 Y212.471
G1 F2955.7 X217.548 Y211.892 E128.7662
G0 F15000 X217.548 Y212.486
G1 F2955.7 X217.195 Y212.839 E128.77492
G0 F15000 X217.548 Y213.08
G1 F2955.7 X217.403 Y213.225 E128.7785
G1 F2700 E127.4785
G0 F15000 X217.75 Y217.75
G0 X217.644 Y219.125
G0 X217.722 Y220.481
G0 X217.2 Y221.812
G0 X214.37 Y225.701
G1 F2700 E128.7785
G1 F2955.7 X215.821 Y224.18 E128.81521
G1 X216.507 Y223.364 E128.83382
G1 X217.075 Y222.452 E128.85258
G1 X217.391 Y221.85 E128.86446
G1 X217.758 Y221.01 E128.88046
G1 X217.758 Y226.718 E128.98013
G1 X214.878 Y226.718 E129.03042
G1 X214.37 Y226.651 E129.03937
G1 X214.37 Y225.701 E129.05596
G0 F15000 X217.548 Y226.148
G1 F2955.7 X217.187 Y226.508 E129.06486
G0 F15000 X216.593 Y226.508
G1 F2955.7 X217.548 Y225.554 E129.08843
G0 F15000 X217.548 Y224.96
G1 F2955.7 X215.999 Y226.508 E129.12667
G0 F15000 X215.405 Y226.508
G1 F2955.7 X217.548 Y224.366 E129.17958
G0 F15000 X217.548 Y223.772
G1 F2955.7 X214.82 Y226.499 E129.24693
G0 F15000 X214.58 Y226.145
G1 F2955.7 X217.548 Y223.178 E129.32021
G0 F15000 X217.548 Y222.584
G1 F2955.7 X216.732 Y223.4 E129.34036
G1 X216.658 Y223.474
G0 F15000 X216.662 Y223.478
G1 F2700 E128.04036
;MESH:NONMESH
G0 F600 X216.662 Y223.478 Z2.9
G0 F15000 X217.644 Y219.125
G0 X217.73 Y218.011
G0 X217.713 Y203.444
;TIME_ELAPSED:234.645199
;LAYER:26
;note -- min layer time used
;TYPE:FILL
;MESH:lowerLeftPad.stl
G1 F2700 E129.34036
G1 F2718.3 X217.414 Y203.445 E129.34621
G1 X217.414 Y204.121 E129.35941
G1 X217.713 Y204.42 E129.36768
G1 X217.713 Y205.639 E129.3915
G1 X217.415 Y205.937 E129.39973
G1 X217.415 Y212.584 E129.52962
G1 X217.713 Y212.285 E129.53787
G1 X217.713 Y211.066 E129.56168
G1 X217.414 Y210.767 E129.56995
G1 X217.34 Y210.693
G0 F15000 X217.75 Y217.75
G0 X217.713 Y221.228
G1 F2718.3 X217.426 Y221.883 E129.58392
G1 X217.161 Y222.379 E129.59491
G1 X217.415 Y222.462 E129.60013
G1 X217.415 Y225.877 E129.66686
G1 X217.713 Y225.58 E129.67508
G1 X217.713 Y224.36 E129.69892
G1 X217.414 Y224.061 E129.70718
G1 X217.34 Y223.987
G1 F2700 E128.40718
G0 F15000 X217.75 Y217.75
G0 X217.642 Y216.364
G0 X217.728 Y215.036
G0 X217.205 Y213.697
G0 X214.734 Y210.193
G0 X214.446 Y210.269
M204 S1250
;TYPE:WALL-INNER
G1 F2700 E129.70718
G1 F2718.3 X214.534 Y210.419 E129.71022
G1 X215.365 Y211.385 E129.73247
G1 X216.177 Y212.368 E129.75474
G1 X216.699 Y213.175 E129.77152
G1 X217.022 Y213.795 E129.78372
G1 X217.258 Y214.335 E129.79402
G1 X217.535 Y215.121 E129.80857
G1 X217.691 Y215.729 E129.81953
G1 F2826 X217.788 Y216.316 E129.82952
G1 F3136.5 X217.858 Y217.132 E129.84192
G1 F3408 X217.873 Y217.768 E129.85078
G1 F3397.9 X217.855 Y218.413 E129.85979
G1 F3119.4 X217.788 Y219.182 E129.87154
G1 F2826 X217.696 Y219.761 E129.88138
G1 F2718.3 X217.515 Y220.434 E129.89355
G1 X217.258 Y221.157 E129.90695
G1 X217.002 Y221.738 E129.91804
G1 X216.668 Y222.367 E129.93047
G1 X216.308 Y222.931 E129.94216
G1 X215.892 Y223.498 E129.95444
G1 X214.768 Y224.806 E129.98455
G1 X214.446 Y225.254 E129.99418
G1 X214.444 Y227.005 E130.02476
G1 X215.204 Y227.118 E130.03818
G1 X218.158 Y227.118 E130.08976
G1 X218.158 Y219.803 E130.21749
G1 F3004.5 X218.198 Y218.369 E130.24015
G1 F3338.3 X218.197 Y217.064 E130.25871
G1 F2988.7 X218.158 Y215.685 E130.28062
G1 F2718.3 X218.158 Y202.999 E130.50213
G1 X215.039 Y203.002 E130.5566
G1 X214.442 Y203.075 E130.5671
G1 X214.446 Y210.269 E130.69272
M204 S2500
G0 F15000 X214.026 Y210.384
M204 S1250
;TYPE:WALL-OUTER
G1 F2718.3 X214.192 Y210.665 E130.69842
G1 X215.042 Y211.653 E130.72118
G1 X215.825 Y212.597 E130.74259
G1 X216.327 Y213.37 E130.75869
G1 X216.637 Y213.963 E130.77037
G1 X216.873 Y214.503 E130.78066
G1 X217.128 Y215.227 E130.79406
G1 X217.279 Y215.808 E130.80455
G1 X217.393 Y216.407 E130.81519
G1 X217.477 Y217.127 E130.82785
G1 X217.498 Y217.755 E130.83882
G1 X217.477 Y218.369 E130.84955
G1 X217.391 Y219.107 E130.86252
G1 X217.279 Y219.699 E130.87304
G1 X217.119 Y220.294 E130.8838
G1 X216.873 Y220.989 E130.89668
G1 X216.637 Y221.529 E130.90697
G1 X216.314 Y222.141 E130.91905
G1 X215.954 Y222.705 E130.93073
G1 X215.544 Y223.261 E130.9428
G1 X214.438 Y224.546 E130.9724
G1 X214.026 Y225.12 E130.98474
G1 X214.023 Y227.288 E131.0226
G1 X214.245 Y227.391 E131.02687
G1 X214.682 Y227.488 E131.03469
G1 X215.183 Y227.538 E131.04348
G1 X218.364 Y227.538 E131.09902
G1 X218.479 Y227.507 E131.1011
G1 X218.578 Y227.378 E131.10394
G1 X218.578 Y202.848 E131.53227
G1 X218.486 Y202.673 E131.53573
G1 X218.32 Y202.578 E131.53907
G1 X215.013 Y202.582 E131.59681
G1 X214.298 Y202.669 E131.60939
G1 X214.022 Y202.813 E131.61483
G1 X214.026 Y210.384 E131.74703
M204 S2500
G0 F15000 X214.127 Y210.556
G0 X214.842 Y210.165
;TYPE:SKIN
G1 F2718.3 X214.839 Y203.426 E131.8647
G1 X215.066 Y203.398 E131.86869
G1 X216.99 Y203.398 E131.90229
G1 X216.99 Y212.694 E132.06461
G1 X216.887 Y212.73 E132.06652
G1 X216.513 Y212.15 E132.07857
G1 X215.671 Y211.126 E132.10172
G1 X214.842 Y210.165 E132.12388
G0 F15000 X216.78 Y212.028
G1 F2718.3 X216.235 Y211.484 E132.13733
G0 F15000 X216.78 Y211.434
G1 F2718.3 X215.052 Y209.706 E132.18
G0 F15000 X215.052 Y209.112
G1 F2718.3 X216.78 Y210.84 E132.22267
G0 F15000 X216.78 Y210.246
G1 F2718.3 X215.051 Y208.517 E132.26537
G0 F15000 X215.051 Y207.923
G1 F2718.3 X216.78 Y209.652 E132.30806
G0 F15000 X216.78 Y209.058
G1 F2718.3 X215.05 Y207.329 E132.35077
G0 F15000 X215.05 Y206.735
G1 F2718.3 X216.78 Y208.464 E132.39348
G0 F15000 X216.78 Y207.87
G1 F2718.3 X215.05 Y206.14 E132.4362
G0 F15000 X215.05 Y205.546
G1 F2718.3 X216.78 Y207.276 E132.47892
G0 F15000 X216.78 Y206.682
G1 F2718.3 X215.05 Y204.952 E132.52164
G0 F15000 X215.049 Y204.357
G1 F2718.3 X216.78 Y206.088 E132.56439
G0 F15000 X216.78 Y205.494
G1 F2718.3 X215.049 Y203.763 E132.60714
G0 F15000 X215.491 Y203.611
G1 F2718.3 X216.78 Y204.9 E132.63897
G0 F15000 X216.78 Y204.306
G1 F2718.3 X216.083 Y203.61 E132.65617
G0 F15000 X216.676 Y203.609
G1 F2718.3 X216.78 Y203.713 E132.65874
G1 F2700 E131.35874
G0 F15000 X217.75 Y217.75
G0 X217.641 Y219.137
G0 X217.727 Y220.465
G0 X217.316 Y221.551
G0 X214.842 Y225.38
G1 F2700 E132.65874
G1 F2718.3 X215.07 Y225.062 E132.66557
G1 X216.214 Y223.732 E132.6962
G1 X216.638 Y223.152 E132.70875
G1 X216.902 Y222.739 E132.71731
G1 X216.99 Y222.769 E132.71893
G1 X216.99 Y226.718 E132.78788
G1 X215.23 Y226.718 E132.81862
G1 X214.842 Y226.667 E132.82545
G1 X214.842 Y225.38 E132.84792
G0 F15000 X215.052 Y226.337
G1 F2718.3 X215.223 Y226.508 E132.85215
G0 F15000 X215.817 Y226.508
G1 F2718.3 X215.052 Y225.743 E132.87104
G0 F15000 X215.17 Y225.267
G1 F2718.3 X216.411 Y226.508 E132.90168
G0 F15000 X216.78 Y226.283
G1 F2718.3 X215.445 Y224.948 E132.93465
G0 F15000 X215.719 Y224.629
G1 F2718.3 X216.78 Y225.689 E132.96084
G0 F15000 X216.78 Y225.095
G1 F2718.3 X215.994 Y224.31 E132.98024
G0 F15000 X216.269 Y223.99
G1 F2718.3 X216.78 Y224.501 E132.99286
G0 F15000 X216.78 Y223.907
G1 F2718.3 X216.528 Y223.656 E132.99907
G0 F15000 X216.53 Y223.659
G1 F2700 E131.69907
;MESH:NONMESH
G0 F600 X216.53 Y223.659 Z3
G0 F15000 X217.641 Y219.137
G0 X217.729 Y218.014
G0 X217.713 Y203.475
;TIME_ELAPSED:242.061611
;LAYER:27
;note -- min layer time used
;TYPE:FILL
;MESH:lowerLeftPad.stl
G1 F2700 E132.99907
G1 F2642.3 X217.629 Y203.475 E133.00071
G1 X217.628 Y204.335 E133.01751
G1 X217.713 Y204.42 E133.01986
G1 X217.713 Y205.639 E133.04368
G1 X217.63 Y205.721 E133.04596
G1 X217.635 Y212.363 E133.17575
G1 X217.713 Y212.285 E133.1779
G1 X217.713 Y211.066 E133.20172
G1 X217.634 Y210.987 E133.20391
G1 X217.56 Y210.913
G0 F15000 X217.711 Y217.62
G0 X217.713 Y221.211
G1 F2642.3 X217.358 Y222.041 E133.22155
G1 X217.636 Y222.124 E133.22721
G1 X217.631 Y225.661 E133.29633
G1 X217.713 Y225.58 E133.29858
G1 X217.713 Y224.36 E133.32242
G1 X217.633 Y224.279 E133.32464
G1 X217.56 Y224.205
G1 F2700 E132.02464
G0 F15000 X217.729 Y217.134
G0 X217.895 Y215.666
G0 X217.457 Y214.269
G0 X215.165 Y210.56
G0 X214.874 Y210.56
M204 S1250
;TYPE:WALL-INNER
G1 F2700 E133.32464
G1 F2642.3 X214.982 Y210.816 E133.3295
G1 X216.221 Y212.433 E133.36507
G1 X216.701 Y213.18 E133.38057
G1 X217.02 Y213.802 E133.39278
G1 X217.276 Y214.379 E133.4038
G1 X217.523 Y215.087 E133.41689
G1 X217.695 Y215.733 E133.42857
G1 F2746.9 X217.788 Y216.3 E133.43822
G1 F3032.2 X217.856 Y217.098 E133.4504
G1 F3302.9 X217.873 Y217.769 E133.45978
G1 X217.856 Y218.399 E133.46858
G1 F3099.9 X217.806 Y219.009 E133.47769
G1 F2788.4 X217.692 Y219.765 E133.49035
G1 F2642.3 X217.523 Y220.414 E133.50206
G1 X217.254 Y221.169 E133.51605
G1 X217.015 Y221.713 E133.52643
G1 X216.661 Y222.383 E133.53966
G1 X216.189 Y223.108 E133.55476
G1 X215.17 Y224.436 E133.58399
G1 X214.874 Y224.909 E133.59374
G1 X214.864 Y227.009 E133.63041
G1 X215.533 Y227.118 E133.64224
G1 X218.158 Y227.118 E133.68808
G1 X218.158 Y219.806 E133.81576
G1 F2920.4 X218.198 Y218.362 E133.83858
G1 F3254.4 X218.197 Y217.079 E133.85677
G1 F2912.8 X218.158 Y215.69 E133.87878
G1 F2642.3 X218.158 Y203.03 E134.09984
G1 X215.61 Y203.03 E134.14434
G1 X215.078 Y203.065 E134.15364
G1 X214.866 Y203.11 E134.15743
G1 X214.874 Y210.56 E134.28752
M204 S2500
G0 F15000 X214.454 Y210.645
M204 S1250
;TYPE:WALL-OUTER
G1 F2642.3 X214.616 Y211.029 E134.2948
G1 X215.869 Y212.661 E134.33072
G1 X216.317 Y213.353 E134.34512
G1 X216.636 Y213.974 E134.35731
G1 X216.879 Y214.518 E134.36771
G1 X217.127 Y215.226 E134.38081
G1 X217.283 Y215.812 E134.3914
G1 X217.391 Y216.376 E134.40143
G1 X217.478 Y217.156 E134.41513
G1 X217.498 Y217.756 E134.42561
G1 X217.477 Y218.359 E134.43615
G1 X217.415 Y218.938 E134.44632
G1 X217.276 Y219.705 E134.45993
G1 X217.127 Y220.274 E134.4702
G1 X216.869 Y221.001 E134.48367
G1 X216.643 Y221.518 E134.49352
G1 X216.309 Y222.155 E134.50608
G1 X215.865 Y222.839 E134.52032
G1 X214.825 Y224.196 E134.55018
G1 X214.454 Y224.789 E134.56239
G1 X214.443 Y227.28 E134.60589
G1 X214.649 Y227.392 E134.60998
G1 X215.333 Y227.538 E134.62219
G1 X218.364 Y227.538 E134.67512
G1 X218.479 Y227.507 E134.6772
G1 X218.578 Y227.378 E134.68004
G1 X218.578 Y202.873 E135.10794
G1 X218.487 Y202.701 E135.11133
G1 X218.328 Y202.61 E135.11453
G1 X215.596 Y202.61 E135.16224
G1 X215.021 Y202.649 E135.1723
G1 X214.48 Y202.795 E135.18209
G1 X214.446 Y202.843 E135.18311
G1 X214.454 Y210.645 E135.31935
M204 S2500
G0 F15000 X214.531 Y210.829
G0 X215.27 Y210.477
;TYPE:SKIN
G1 F2642.3 X215.263 Y203.455 E135.44196
G1 X215.623 Y203.427 E135.44827
G1 X217.202 Y203.426 E135.47584
G1 X217.21 Y213.062 E135.6441
G1 X217.116 Y213.089 E135.64581
G1 X216.557 Y212.218 E135.66388
G1 X215.328 Y210.613 E135.69918
G1 X215.27 Y210.477 E135.70176
G0 F15000 X216.737 Y212.109
G1 F2642.3 X216.999 Y211.847 E135.70823
G0 F15000 X216.48 Y211.772
G1 F2642.3 X216.998 Y211.254 E135.72102
G0 F15000 X216.998 Y210.661
G1 F2642.3 X216.222 Y211.436 E135.74017
G0 F15000 X215.965 Y211.1
G1 F2642.3 X216.998 Y210.067 E135.76568
G0 F15000 X216.997 Y209.473
G1 F2642.3 X215.707 Y210.763 E135.79754
G0 F15000 X215.48 Y210.396
G1 F2642.3 X216.996 Y208.88 E135.83497
G0 F15000 X216.996 Y208.287
G1 F2642.3 X215.48 Y209.802 E135.8724
G0 F15000 X215.479 Y209.209
G1 F2642.3 X216.996 Y207.693 E135.90985
G0 F15000 X216.995 Y207.1
G1 F2642.3 X215.479 Y208.616 E135.94728
G0 F15000 X215.478 Y208.022
G1 F2642.3 X216.994 Y206.506 E135.98472
G0 F15000 X216.993 Y205.913
G1 F2642.3 X215.477 Y207.429 E136.02216
G0 F15000 X215.477 Y206.836
G1 F2642.3 X216.993 Y205.319 E136.05961
G0 F15000 X216.993 Y204.726
G1 F2642.3 X215.476 Y206.243 E136.09707
G0 F15000 X215.475 Y205.649
G1 F2642.3 X216.992 Y204.133 E136.13452
G0 F15000 X216.894 Y203.636
G1 F2642.3 X215.475 Y205.055 E136.16956
G0 F15000 X215.475 Y204.462
G1 F2642.3 X216.3 Y203.636 E136.18994
G0 F15000 X215.706 Y203.637
G1 F2642.3 X215.474 Y203.869 E136.19567
G1 F2700 E134.89567
G0 F15000 X217.64 Y216.353
G0 X217.75 Y217.75
G0 X217.664 Y218.978
G0 X217.732 Y220.448
G0 X217.466 Y221.205
G0 X215.27 Y225.026
G1 F2700 E136.19567
G1 F2642.3 X215.505 Y224.653 E136.20337
G1 X216.536 Y223.304 E136.23302
G1 X217.118 Y222.413 E136.2516
G1 X217.209 Y222.439 E136.25325
G1 X217.202 Y226.718 E136.32797
G1 X215.552 Y226.718 E136.35678
G1 X215.263 Y226.675 E136.36189
G1 X215.27 Y225.026 E136.39068
G0 F15000 X216.992 Y226.109
G1 F2642.3 X216.593 Y226.508 E136.40053
G0 F15000 X215.999 Y226.508
G1 F2642.3 X216.993 Y225.514 E136.42508
G0 F15000 X216.994 Y224.919
G1 F2642.3 X215.475 Y226.439 E136.4626
G0 F15000 X215.477 Y225.842
G1 F2642.3 X216.995 Y224.325 E136.50008
G0 F15000 X216.996 Y223.729
G1 F2642.3 X215.479 Y225.246 E136.53754
G1 X215.405 Y225.32
G0 F15000 X216.708 Y223.423
G1 F2642.3 X216.997 Y223.135 E136.54466
G1 F2700 E135.24466
;MESH:NONMESH
G0 F600 X216.997 Y223.135 Z3.1
G0 F15000 X217.728 Y218.365
G0 X217.729 Y217.134
G0 X217.895 Y215.666
G0 X217.457 Y214.269
G0 X215.363 Y210.838
G0 X215.262 Y210.914
;TIME_ELAPSED:249.434199
;LAYER:28
;note -- min layer time used
M204 S1250
;TYPE:WALL-INNER
;MESH:lowerLeftPad.stl
G1 F2700 E136.54466
G1 F2285.6 X215.335 Y211.126 E136.54858
G1 X215.696 Y211.682 E136.56015
G1 X216.497 Y212.842 E136.58477
G1 X216.765 Y213.302 E136.59406
G1 X217.033 Y213.821 E136.60426
G1 X217.245 Y214.301 E136.61343
G1 X217.515 Y215.046 E136.62726
G1 X217.691 Y215.731 E136.63961
G1 F2399.9 X217.8 Y216.391 E136.65074
G1 F2651.8 X217.856 Y217.107 E136.66155
G1 F2857 X217.873 Y217.769 E136.6708
G1 X217.856 Y218.384 E136.67939
G1 F2666.6 X217.802 Y219.098 E136.69011
G1 F2399.9 X217.686 Y219.805 E136.70202
G1 F2285.6 X217.497 Y220.513 E136.71482
G1 X217.249 Y221.187 E136.72736
G1 X217.033 Y221.675 E136.73668
G1 X216.65 Y222.4 E136.75099
G1 X216.009 Y223.372 E136.77133
G1 X215.87 Y223.566 E136.77549
G1 X215.368 Y224.33 E136.79146
G1 X215.262 Y224.548 E136.79569
G1 X215.255 Y227.023 E136.83891
G1 X215.82 Y227.118 E136.84891
G1 X218.158 Y227.118 E136.88974
G1 X218.158 Y219.805 E137.01743
G1 F2526.2 X218.198 Y218.35 E137.04043
G1 F2815.1 X218.197 Y217.09 E137.05829
G1 F2519.6 X218.158 Y215.686 E137.08054
G1 F2285.6 X218.158 Y203.058 E137.30104
G1 X215.905 Y203.058 E137.34038
G1 X215.254 Y203.129 E137.35182
G1 X215.262 Y210.914 E137.48776
M204 S2500
G0 F15000 X214.842 Y210.984
M204 S1250
;TYPE:WALL-OUTER
G1 F2285.6 X214.955 Y211.311 E137.4938
G1 X215.35 Y211.921 E137.50649
G1 X216.134 Y213.054 E137.53055
G1 X216.407 Y213.523 E137.54002
G1 X216.649 Y213.991 E137.54922
G1 X216.866 Y214.484 E137.55863
G1 X217.108 Y215.151 E137.57102
G1 X217.279 Y215.811 E137.58292
G1 X217.407 Y216.467 E137.59459
G1 X217.478 Y217.16 E137.60676
G1 X217.498 Y217.756 E137.61717
G1 X217.477 Y218.346 E137.62748
G1 X217.407 Y219.032 E137.63952
G1 X217.28 Y219.698 E137.65136
G1 X217.102 Y220.369 E137.66348
G1 X216.865 Y221.017 E137.67553
G1 X216.649 Y221.505 E137.68485
G1 X216.3 Y222.168 E137.69793
G1 X215.667 Y223.127 E137.718
G1 X215.538 Y223.307 E137.72186
G1 X215.003 Y224.121 E137.73887
G1 X214.842 Y224.5 E137.74606
G1 X214.835 Y227.298 E137.79492
G1 X215.006 Y227.394 E137.79834
G1 X215.794 Y227.538 E137.81233
G1 X218.364 Y227.538 E137.85721
G1 X218.479 Y227.507 E137.85929
G1 X218.578 Y227.378 E137.86213
G1 X218.578 Y202.896 E138.28962
G1 X218.419 Y202.674 E138.29439
G1 X218.334 Y202.638 E138.296
G1 X215.891 Y202.638 E138.33866
G1 X215.36 Y202.673 E138.34795
G1 X214.87 Y202.822 E138.3569
G1 X214.834 Y202.876 E138.35803
G1 X214.842 Y210.984 E138.49961
M204 S2500
G0 F15000 X214.907 Y211.173
G0 X215.658 Y210.894
;TYPE:SKIN
G1 F2285.6 X215.654 Y203.459 E138.62943
G1 X217.402 Y203.455 E138.65996
G1 X217.418 Y213.388 E138.8334
G1 X217.293 Y213.423 E138.83567
G1 X216.843 Y212.639 E138.85145
G1 X216.027 Y211.457 E138.87653
G1 X215.658 Y210.894 E138.88829
G0 F15000 X217.207 Y212.455
G1 F2285.6 X216.445 Y211.694 E138.90709
G0 F15000 X217.206 Y211.861
G1 F2285.6 X215.868 Y210.522 E138.94015
G0 F15000 X215.868 Y209.928
G1 F2285.6 X217.205 Y211.265 E138.97316
G0 F15000 X217.204 Y210.67
G1 F2285.6 X215.867 Y209.333 E139.00618
G0 F15000 X215.867 Y208.739
G1 F2285.6 X217.203 Y210.076 E139.03918
G0 F15000 X217.202 Y209.48
G1 F2285.6 X215.866 Y208.145 E139.07216
G0 F15000 X215.866 Y207.551
G1 F2285.6 X217.201 Y208.886 E139.10513
G0 F15000 X217.2 Y208.29
G1 F2285.6 X215.866 Y206.956 E139.13807
G0 F15000 X215.866 Y206.362
G1 F2285.6 X217.199 Y207.696 E139.171
G0 F15000 X217.198 Y207.101
G1 F2285.6 X215.865 Y205.767 E139.20393
G0 F15000 X215.865 Y205.173
G1 F2285.6 X217.197 Y206.506 E139.23684
G0 F15000 X217.196 Y205.911
G1 F2285.6 X215.864 Y204.579 E139.26973
G0 F15000 X215.864 Y203.985
G1 F2285.6 X217.195 Y205.316 E139.3026
G0 F15000 X217.194 Y204.721
G1 F2285.6 X216.143 Y203.67 E139.32855
G0 F15000 X216.735 Y203.667
G1 F2285.6 X217.194 Y204.126 E139.33989
G1 F2700 E138.03989
G0 F15000 X217.75 Y217.75
G0 X217.656 Y219.061
G0 X217.704 Y220.55
G0 X215.658 Y224.611
G1 F2700 E139.33989
G1 F2285.6 X216.193 Y223.792 E139.35697
G1 X216.334 Y223.601 E139.36112
G1 X216.995 Y222.598 E139.38209
G1 X217.27 Y222.076 E139.39239
G1 X217.417 Y222.121 E139.39508
G1 X217.402 Y226.717 E139.47533
G1 X215.847 Y226.718 E139.50248
G1 X215.652 Y226.692 E139.50592
G1 X215.658 Y224.611 E139.54226
G0 F15000 X215.865 Y225.962
G1 F2285.6 X216.409 Y226.507 E139.5557
G0 F15000 X217.003 Y226.507
G1 F2285.6 X215.866 Y225.37 E139.58378
G0 F15000 X215.868 Y224.777
G1 F2285.6 X217.194 Y226.104 E139.61654
G0 F15000 X217.196 Y225.512
G1 F2285.6 X216.061 Y224.377 E139.64457
G0 F15000 X216.296 Y224.018
G1 F2285.6 X217.198 Y224.92 E139.66684
G0 F15000 X217.201 Y224.328
G1 F2285.6 X216.532 Y223.659 E139.68336
G0 F15000 X216.777 Y223.311
G1 F2285.6 X217.203 Y223.736 E139.69387
G0 F15000 X217.204 Y223.144
G1 F2285.6 X217.013 Y222.953 E139.69858
G0 F15000 X217.016 Y222.956
G1 F2700 E138.39858
;MESH:NONMESH
G0 F600 X217.016 Y222.956 Z3.2
G0 F15000 X217.728 Y218.352
G0 X217.729 Y217.15
G0 X217.895 Y215.668
G0 X217.549 Y214.521
G0 X215.719 Y211.187
G0 X215.614 Y211.254
;TIME_ELAPSED:256.213164
;LAYER:29
;note -- min layer time used
M204 S1250
;TYPE:WALL-INNER
;MESH:lowerLeftPad.stl
G1 F2700 E139.69858
G1 F2246.2 X215.735 Y211.587 E139.70477
G1 X215.99 Y212.038 E139.71382
G1 X216.725 Y213.223 E139.73817
G1 X217.028 Y213.815 E139.74978
G1 X217.24 Y214.291 E139.75888
G1 X217.519 Y215.053 E139.77305
G1 X217.691 Y215.724 E139.78514
G1 F2358.5 X217.8 Y216.392 E139.7964
G1 F2620.6 X217.859 Y217.117 E139.80729
G1 F2816.2 X217.873 Y217.77 E139.81638
G1 F2791.2 X217.852 Y218.494 E139.82656
G1 F2563.6 X217.785 Y219.206 E139.8375
G1 F2323.7 X217.691 Y219.765 E139.84707
G1 F2246.2 X217.496 Y220.505 E139.86043
G1 X217.257 Y221.161 E139.87262
G1 X217.037 Y221.66 E139.88215
G1 X216.726 Y222.271 E139.89412
G1 X216.161 Y223.185 E139.91288
G1 X215.731 Y223.922 E139.92778
G1 X215.618 Y224.241 E139.93369
G1 X215.619 Y227.037 E139.98251
G1 X216.106 Y227.118 E139.99113
G1 X218.158 Y227.118 E140.02697
G1 X218.158 Y219.809 E140.15459
G1 F2469.7 X218.196 Y218.515 E140.17515
G1 F2758.5 X218.198 Y217.099 E140.19529
G1 F2482.7 X218.158 Y215.68 E140.21771
G1 F2246.2 X218.158 Y203.079 E140.43775
G1 X215.985 Y203.082 E140.47569
G1 X215.617 Y203.138 E140.48219
G1 X215.614 Y211.254 E140.62391
M204 S2500
G0 F15000 X215.194 Y211.327
M204 S1250
;TYPE:WALL-OUTER
G1 F2246.2 X215.352 Y211.763 E140.63201
G1 X215.629 Y212.252 E140.64182
G1 X216.351 Y213.415 E140.66572
G1 X216.644 Y213.986 E140.67693
G1 X216.861 Y214.475 E140.68627
G1 X217.106 Y215.139 E140.69863
G1 X217.279 Y215.804 E140.71063
G1 X217.407 Y216.468 E140.72244
G1 X217.482 Y217.174 E140.73483
G1 X217.498 Y217.756 E140.745
G1 X217.473 Y218.447 E140.75707
G1 X217.387 Y219.129 E140.76908
G1 X217.276 Y219.697 E140.77918
G1 X217.102 Y220.361 E140.79117
G1 X216.862 Y221.017 E140.80336
G1 X216.648 Y221.5 E140.81259
G1 X216.352 Y222.08 E140.82396
G1 X215.799 Y222.973 E140.8423
G1 X215.348 Y223.745 E140.85791
G1 X215.198 Y224.169 E140.86577
G1 X215.199 Y227.299 E140.92042
G1 X215.497 Y227.445 E140.92622
G1 X216.073 Y227.538 E140.9364
G1 X218.364 Y227.538 E140.97641
G1 X218.479 Y227.507 E140.97849
G1 X218.578 Y227.378 E140.98133
G1 X218.578 Y202.917 E141.40845
G1 X218.428 Y202.71 E141.41292
G1 X218.253 Y202.658 E141.41611
G1 X215.953 Y202.662 E141.45627
G1 X215.494 Y202.733 E141.46438
G1 X215.198 Y202.876 E141.47012
G1 X215.194 Y211.327 E141.61769
M204 S2500
G0 F15000 X215.262 Y211.514
G0 X216.01 Y211.182
;TYPE:SKIN
G1 F2246.2 X216.014 Y203.478 E141.75221
G1 X217.602 Y203.475 E141.77994
G1 X217.614 Y213.742 E141.95922
G1 X217.457 Y213.781 E141.96204
G1 X217.08 Y213.04 E141.97656
G1 X216.135 Y211.519 E142.00783
G1 X216.01 Y211.182 E142.0141
G0 F15000 X217.199 Y212.835
G1 F2246.2 X217.402 Y212.632 E142.01912
G0 F15000 X216.971 Y212.469
G1 F2246.2 X217.401 Y212.039 E142.02974
G0 F15000 X217.401 Y211.445
G1 F2246.2 X216.744 Y212.102 E142.04596
G0 F15000 X216.517 Y211.735
G1 F2246.2 X217.4 Y210.852 E142.06776
G0 F15000 X217.399 Y210.259
G1 F2246.2 X216.3 Y211.358 E142.0949
G0 F15000 X216.221 Y210.844
G1 F2246.2 X217.399 Y209.666 E142.12399
G0 F15000 X217.398 Y209.072
G1 F2246.2 X216.221 Y210.25 E142.15307
G0 F15000 X216.221 Y209.656
G1 F2246.2 X217.397 Y208.479 E142.18212
G0 F15000 X217.396 Y207.886
G1 F2246.2 X216.221 Y209.061 E142.21114
G0 F15000 X216.221 Y208.467
G1 F2246.2 X217.396 Y207.293 E142.24014
G0 F15000 X217.395 Y206.699
G1 F2246.2 X216.221 Y207.873 E142.26913
G0 F15000 X216.222 Y207.278
G1 F2246.2 X217.394 Y206.106 E142.29808
G0 F15000 X217.394 Y205.513
G1 F2246.2 X216.222 Y206.684 E142.32701
G0 F15000 X216.222 Y206.091
G1 F2246.2 X217.393 Y204.92 E142.35592
G0 F15000 X217.392 Y204.326
G1 F2246.2 X216.223 Y205.496 E142.3848
G0 F15000 X216.223 Y204.902
G1 F2246.2 X217.391 Y203.733 E142.41366
G0 F15000 X216.845 Y203.686
G1 F2246.2 X216.223 Y204.308 E142.42902
G1 X216.149 Y204.382
G1 F2700 E141.12902
G0 F15000 X217.73 Y217.162
G0 X217.725 Y218.451
G0 X217.895 Y219.829
G0 X216.015 Y224.312
G1 F2700 E142.42902
G1 F2246.2 X216.096 Y224.081 E142.43329
G1 X216.498 Y223.397 E142.44715
G1 X217.08 Y222.452 E142.46653
G1 X217.456 Y221.715 E142.48097
G1 X217.613 Y221.754 E142.4838
G1 X217.602 Y226.718 E142.57048
G1 X216.018 Y226.718 E142.59814
G1 X216.015 Y224.312 E142.64015
G0 F15000 X217.4 Y222.732
G1 F2246.2 X216.761 Y223.371 E142.65593
G0 F15000 X217.399 Y223.327
G1 F2246.2 X216.225 Y224.5 E142.68491
G0 F15000 X216.226 Y225.093
G1 F2246.2 X217.398 Y223.922 E142.71384
G0 F15000 X217.396 Y224.517
G1 F2246.2 X216.226 Y225.687 E142.74273
G0 F15000 X216.227 Y226.281
G1 F2246.2 X217.395 Y225.112 E142.77159
G0 F15000 X217.394 Y225.708
G1 F2246.2 X216.593 Y226.508 E142.79135
G0 F15000 X217.187 Y226.508
G1 F2246.2 X217.392 Y226.303 E142.79642
G1 F2700 E141.49642
;MESH:NONMESH
G0 F600 X217.392 Y226.303 Z3.3
G0 F15000 X217.75 Y217.75
G0 X217.657 Y216.437
G0 X217.781 Y215.231
G0 X216.082 Y211.615
G0 X215.938 Y211.697
;TIME_ELAPSED:263.031696
;LAYER:30
;note -- min layer time used
M204 S1250
;TYPE:WALL-INNER
;MESH:lowerLeftPad.stl
G1 F2700 E142.79642
G1 F2204.5 X216.055 Y212.006 E142.80219
G1 X216.417 Y212.682 E142.81558
G1 X216.956 Y213.652 E142.83495
G1 X217.305 Y214.436 E142.84994
G1 X217.54 Y215.149 E142.86305
G1 X217.691 Y215.725 E142.87344
G1 F2314.7 X217.802 Y216.397 E142.88477
G1 F2579.1 X217.861 Y217.174 E142.8964
G1 F2772.2 X217.873 Y217.766 E142.90462
G1 F2763.9 X217.859 Y218.363 E142.91294
G1 F2586.3 X217.805 Y219.085 E142.92372
G1 F2326.4 X217.695 Y219.767 E142.93515
G1 F2204.5 X217.5 Y220.501 E142.94841
G1 X217.24 Y221.203 E142.96148
G1 X216.935 Y221.888 E142.97457
G1 X216.417 Y222.814 E142.9931
G1 X216.06 Y223.489 E143.00643
G1 X215.938 Y223.808 E143.0124
G1 X215.938 Y227.047 E143.06896
G1 X216.35 Y227.118 E143.07626
G1 X218.158 Y227.118 E143.10783
G1 X218.158 Y219.811 E143.23542
G1 F2443 X218.199 Y218.326 E143.25883
G1 F2731.3 X218.198 Y217.116 E143.27588
G1 F2436.6 X218.158 Y215.68 E143.29858
G1 F2204.5 X218.158 Y203.103 E143.51819
G1 X216.393 Y203.107 E143.54901
G1 X215.938 Y203.163 E143.55702
G1 X215.938 Y211.697 E143.70603
M204 S2500
G0 F15000 X215.518 Y211.773
M204 S1250
;TYPE:WALL-OUTER
G1 F2204.5 X215.672 Y212.18 E143.71363
G1 X216.058 Y212.9 E143.7279
G1 X216.564 Y213.805 E143.746
G1 X216.921 Y214.606 E143.76131
G1 X217.144 Y215.29 E143.77388
G1 X217.279 Y215.807 E143.78321
G1 X217.413 Y216.495 E143.79545
G1 X217.482 Y217.185 E143.80755
G1 X217.498 Y217.755 E143.81751
G1 X217.481 Y218.325 E143.82747
G1 X217.411 Y219.02 E143.83967
G1 X217.28 Y219.702 E143.85179
G1 X217.106 Y220.357 E143.86363
G1 X216.856 Y221.033 E143.87621
G1 X216.568 Y221.683 E143.88863
G1 X216.047 Y222.617 E143.9073
G1 X215.676 Y223.315 E143.9211
G1 X215.518 Y223.731 E143.92887
G1 X215.518 Y227.305 E143.99128
G1 X215.782 Y227.446 E143.99651
G1 X216.314 Y227.538 E144.00594
G1 X218.364 Y227.538 E144.04173
G1 X218.479 Y227.507 E144.04381
G1 X218.578 Y227.378 E144.04665
G1 X218.578 Y202.949 E144.47322
G1 X218.486 Y202.775 E144.47666
G1 X218.33 Y202.682 E144.47983
G1 X216.394 Y202.686 E144.51363
G1 X215.957 Y202.724 E144.52129
G1 X215.651 Y202.805 E144.52682
G1 X215.518 Y202.882 E144.5295
G1 X215.518 Y211.773 E144.68475
M204 S2500
G0 F15000 X215.588 Y211.96
G0 X216.334 Y211.621
;TYPE:SKIN
G1 F2204.5 X216.334 Y203.506 E144.82646
G1 X217.758 Y203.503 E144.85132
G1 X217.758 Y214.136 E145.03699
G1 X217.619 Y214.165 E145.03947
G1 X217.317 Y213.487 E145.05243
G1 X216.416 Y211.836 E145.08527
G1 X216.334 Y211.621 E145.08929
G0 F15000 X217.548 Y213.391
G1 F2204.5 X217.452 Y213.295 E145.09166
G0 F15000 X217.548 Y212.797
G1 F2204.5 X216.737 Y211.985 E145.1117
G0 F15000 X216.544 Y211.199
G1 F2204.5 X217.548 Y212.203 E145.13649
G0 F15000 X217.548 Y211.609
G1 F2204.5 X216.544 Y210.605 E145.16129
G0 F15000 X216.544 Y210.011
G1 F2204.5 X217.548 Y211.015 E145.18608
G0 F15000 X217.548 Y210.421
G1 F2204.5 X216.544 Y209.417 E145.21087
G0 F15000 X216.544 Y208.823
G1 F2204.5 X217.548 Y209.827 E145.23567
G0 F15000 X217.548 Y209.233
G1 F2204.5 X216.544 Y208.229 E145.26046
G0 F15000 X216.544 Y207.635
G1 F2204.5 X217.548 Y208.639 E145.28525
G0 F15000 X217.548 Y208.045
G1 F2204.5 X216.544 Y207.041 E145.31005
G0 F15000 X216.544 Y206.447
G1 F2204.5 X217.548 Y207.451 E145.33484
G0 F15000 X217.548 Y206.857
G1 F2204.5 X216.544 Y205.853 E145.35963
G0 F15000 X216.544 Y205.259
G1 F2204.5 X217.548 Y206.263 E145.38443
G0 F15000 X217.548 Y205.669
G1 F2204.5 X216.544 Y204.665 E145.40922
G0 F15000 X216.544 Y204.071
G1 F2204.5 X217.548 Y205.075 E145.43401
G0 F15000 X217.548 Y204.481
G1 F2204.5 X216.783 Y203.716 E145.4529
G0 F15000 X217.375 Y203.714
G1 F2204.5 X217.548 Y203.887 E145.45717
G1 F2700 E144.15717
G0 F15000 X217.73 Y218.326
G0 X217.926 Y219.673
G0 X216.334 Y223.823
G1 F2700 E145.45717
G1 F2204.5 X216.762 Y223.01 E145.47322
G1 X217.292 Y222.062 E145.49218
G1 X217.616 Y221.337 E145.50605
G1 X217.758 Y221.367 E145.50858
G1 X217.758 Y226.718 E145.60202
G1 X216.334 Y226.718 E145.62689
G1 X216.334 Y223.823 E145.67744
G0 F15000 X216.544 Y226.047
G1 F2204.5 X217.005 Y226.508 E145.68882
G0 F15000 X217.548 Y226.457
G1 F2204.5 X216.544 Y225.453 E145.71361
G0 F15000 X216.544 Y224.859
G1 F2204.5 X217.548 Y225.863 E145.73841
G0 F15000 X217.548 Y225.269
G1 F2204.5 X216.544 Y224.265 E145.7632
G0 F15000 X216.614 Y223.741
G1 F2204.5 X217.548 Y224.675 E145.78627
G0 F15000 X217.548 Y224.081
G1 F2204.5 X216.819 Y223.352 E145.80427
G0 F15000 X217.027 Y222.966
G1 F2204.5 X217.548 Y223.487 E145.81713
G0 F15000 X217.548 Y222.893
G1 F2204.5 X217.239 Y222.585 E145.82475
G0 F15000 X217.548 Y222.3
G1 F2204.5 X217.452 Y222.204 E145.82712
G0 F15000 X217.455 Y222.208
;MESH:NONMESH
G0 F600 X217.455 Y222.208 Z3.4
G0 F15000 X217.75 Y217.75
G0 X217.66 Y216.446
G0 X217.891 Y215.65
G0 X216.379 Y211.994
G0 X216.23 Y212.072
;TIME_ELAPSED:269.814319
;LAYER:31
;note -- min layer time used
M204 S1250
;TYPE:WALL-INNER
;MESH:lowerLeftPad.stl
G1 F2075.6 X216.412 Y212.549 E145.83604
G1 X217.204 Y214.184 E145.86776
G1 X217.632 Y215.409 E145.89042
G1 F2179.4 X217.803 Y216.404 E145.90721
G1 F2435.1 X217.861 Y217.186 E145.91888
G1 F2610.1 X217.873 Y217.766 E145.92693
G1 X217.861 Y218.31 E145.93449
G1 F2435.1 X217.805 Y219.081 E145.946
G1 F2190.4 X217.695 Y219.763 E145.95743
G1 F2075.6 X217.496 Y220.514 E145.97099
G1 X217.167 Y221.396 E145.98743
G1 X216.424 Y222.925 E146.01712
G1 X216.23 Y223.443 E146.02677
G1 X216.227 Y227.058 E146.0899
G1 X216.547 Y227.118 E146.09558
G1 X218.158 Y227.118 E146.12371
G1 X218.158 Y219.807 E146.25137
G1 F2300.2 X218.199 Y218.314 E146.27491
G1 F2571.6 X218.198 Y217.129 E146.29161
G1 F2294.1 X218.158 Y215.402 E146.3189
G1 F2075.6 X218.158 Y203.13 E146.53319
G1 X216.513 Y203.13 E146.56191
G1 X216.226 Y203.194 E146.56705
G1 X216.23 Y212.072 E146.72207
M204 S2500
G0 F15000 X215.81 Y212.149
M204 S1250
;TYPE:WALL-OUTER
G1 F2075.6 X216.026 Y212.716 E146.73267
G1 X216.807 Y214.322 E146.76385
G1 X217.227 Y215.531 E146.7862
G1 X217.411 Y216.48 E146.80308
G1 X217.482 Y217.197 E146.81566
G1 X217.498 Y217.755 E146.82541
G1 X217.481 Y218.313 E146.83516
G1 X217.411 Y219.016 E146.84749
G1 X217.28 Y219.698 E146.85962
G1 X217.102 Y220.369 E146.87174
G1 X216.789 Y221.212 E146.88744
G1 X216.038 Y222.759 E146.91747
G1 X215.81 Y223.367 E146.92881
G1 X215.808 Y227.316 E146.99776
G1 X215.925 Y227.402 E147.0003
G1 X216.516 Y227.538 E147.01089
G1 X218.364 Y227.538 E147.04316
G1 X218.479 Y227.507 E147.04524
G1 X218.578 Y227.378 E147.04808
G1 X218.578 Y202.961 E147.47444
G1 X218.419 Y202.745 E147.47912
G1 X218.337 Y202.71 E147.48068
G1 X216.467 Y202.71 E147.51333
G1 X215.943 Y202.826 E147.5227
G1 X215.806 Y202.939 E147.5258
G1 X215.81 Y212.149 E147.68662
M204 S2500
G0 F15000 X215.881 Y212.335
G0 X216.547 Y212.086
G0 X217.014 Y211.979
;TYPE:SKIN
G1 F2441.9 X217.011 Y203.915 E147.80631
G1 F2435.1 X217.369 Y203.915 E147.81164
G1 F2441.9 X217.37 Y212.716 E147.94227
G1 F2448.8 X217.014 Y211.979 E147.95438
G0 F15000 X216.626 Y211.996
G1 F2075.6 X216.622 Y203.526 E148.10228
G1 X217.758 Y203.526 E148.12212
G1 X217.757 Y214.56 E148.31479
G1 X217.57 Y214.024 E148.3247
G1 X216.773 Y212.376 E148.35667
G1 X216.626 Y211.996 E148.36378
G0 F15000 X217.661 Y216.449
G0 X217.75 Y217.75
G0 X217.699 Y218.486
G0 X217.014 Y223.58
G1 F2448.8 X217.146 Y223.228 E148.36935
G1 X217.37 Y222.771 E148.37688
G1 X217.37 Y226.33 E148.42955
G1 X217.014 Y226.33 E148.43482
G1 X217.014 Y223.58 E148.47553
G0 F15000 X216.626 Y223.511
G1 F2075.6 X216.789 Y223.084 E148.48351
G1 X217.534 Y221.55 E148.51328
G1 X217.759 Y220.941 E148.52462
G1 X217.758 Y226.718 E148.6255
G1 X216.626 Y226.718 E148.64526
G1 X216.626 Y223.511 E148.70126
G0 F15000 X216.841 Y223.586
;MESH:NONMESH
G0 F600 X216.841 Y223.586 Z3.5
G0 F15000 X217.66 Y219.049
G0 X217.75 Y217.75
G0 X217.661 Y216.449
G0 X216.635 Y212.32
G0 X216.494 Y212.372
;TIME_ELAPSED:275.468199
;LAYER:32
;note -- min layer time used
M204 S1250
;TYPE:WALL-INNER
;MESH:lowerLeftPad.stl
G1 F1904.5 X216.555 Y212.69 E148.70692
G1 X217.228 Y214.259 E148.73673
G1 X217.639 Y215.453 E148.75878
G1 F2004.8 X217.805 Y216.409 E148.77487
G1 F2234.4 X217.861 Y217.198 E148.78665
G1 F2394.9 X217.873 Y217.766 E148.79454
G1 X217.861 Y218.294 E148.80187
G1 F2234.4 X217.805 Y219.073 E148.81349
G1 F2009.8 X217.636 Y220.074 E148.83029
G1 F1904.5 X217.232 Y221.23 E148.85167
G1 X216.558 Y222.795 E148.88143
G1 X216.494 Y223.125 E148.8873
G1 X216.491 Y227.058 E148.95597
G1 X216.797 Y227.118 E148.96142
G1 X218.158 Y227.118 E148.98518
G1 X218.158 Y220.079 E149.1081
G1 F2110.6 X218.199 Y218.299 E149.13615
G1 F2359.6 X218.198 Y217.146 E149.1524
G1 F2105 X218.158 Y215.403 E149.17995
G1 F1904.5 X218.158 Y203.151 E149.39388
G1 X216.757 Y203.154 E149.41835
G1 X216.49 Y203.216 E149.42313
G1 X216.494 Y212.372 E149.58301
M204 S2500
G0 F15000 X216.074 Y212.412
M204 S1250
;TYPE:WALL-OUTER
G1 F1904.5 X216.151 Y212.814 E149.59016
G1 X216.847 Y214.438 E149.62101
G1 X217.227 Y215.535 E149.64128
G1 X217.417 Y216.508 E149.6586
G1 X217.482 Y217.209 E149.67089
G1 X217.498 Y217.755 E149.68043
G1 X217.481 Y218.297 E149.6899
G1 X217.411 Y219.008 E149.70237
G1 X217.231 Y219.952 E149.71915
G1 X216.846 Y221.064 E149.7397
G1 X216.154 Y222.671 E149.77025
G1 X216.074 Y223.085 E149.77761
G1 X216.07 Y227.285 E149.85095
G1 X216.118 Y227.358 E149.85248
G1 X216.29 Y227.447 E149.85586
G1 X216.757 Y227.538 E149.86417
G1 X218.364 Y227.538 E149.89223
G1 X218.479 Y227.507 E149.89431
G1 X218.578 Y227.378 E149.89715
G1 X218.578 Y202.993 E150.32295
G1 X218.486 Y202.824 E150.32631
G1 X218.327 Y202.73 E150.32953
G1 X216.709 Y202.734 E150.35779
G1 X216.182 Y202.857 E150.36724
G1 X216.07 Y202.931 E150.36958
G1 X216.074 Y212.412 E150.53513
M204 S2500
G0 F15000 X216.111 Y212.608
G0 X216.811 Y212.479
G0 X217.322 Y203.986
;TYPE:SKIN
G1 F1777.6 X217.324 Y212.285 E150.6904
G0 F15000 X216.89 Y212.334
G1 F1904.5 X216.886 Y203.55 E150.84378
G1 X217.758 Y203.55 E150.85901
G1 X217.758 Y214.572 E151.05147
G1 X217.595 Y214.102 E151.06015
G1 X216.938 Y212.569 E151.08928
G1 X216.89 Y212.334 E151.09347
G1 F2700 E149.79347
G0 F15000 X217.663 Y216.458
G0 X217.733 Y217.505
G0 X217.324 Y226.284
G1 F2700 E151.09347
G1 F1785.5 X217.324 Y223.221 E151.15052
G0 F15000 X216.89 Y223.166
G1 F1904.5 X216.942 Y222.916 E151.15498
G1 X217.603 Y221.374 E151.18427
G1 X217.758 Y220.93 E151.19248
G1 X217.758 Y226.718 E151.29355
G1 X216.89 Y226.718 E151.30871
G1 X216.89 Y223.166 E151.37073
G0 F15000 X217.106 Y223.207
;MESH:NONMESH
G0 F600 X217.106 Y223.207 Z3.6
G0 F15000 X217.732 Y218.299
G0 X217.733 Y217.202
G0 X216.871 Y212.696
G0 X216.738 Y212.752
;TIME_ELAPSED:281.240998
;LAYER:33
;note -- min layer time used
M204 S1250
;TYPE:WALL-INNER
;MESH:lowerLeftPad.stl
G1 F1688 X216.792 Y213.056 E151.37612
G1 X216.999 Y213.647 E151.38706
G1 X217.431 Y214.795 E151.40847
G1 X217.695 Y215.732 E151.42547
G1 F1781.3 X217.806 Y216.42 E151.437
G1 F2014.1 X217.879 Y217.491 E151.45271
G1 F2141.9 X217.864 Y218.264 E151.46335
G1 F1991.5 X217.808 Y219.065 E151.47524
G1 F1781.3 X217.695 Y219.761 E151.48691
G1 F1688 X217.427 Y220.71 E151.50412
G1 X216.802 Y222.395 E151.53551
G1 X216.738 Y222.756 E151.54191
G1 X216.743 Y227.065 E151.61715
G1 X217 Y227.118 E151.62173
G1 X218.158 Y227.118 E151.64195
G1 X218.158 Y219.805 E151.76965
G1 F1875.6 X218.2 Y218.268 E151.79381
G1 F2141.9 X218.205 Y217.476 E151.80471
G1 F1900.7 X218.158 Y215.688 E151.83245
G1 F1688 X218.158 Y203.174 E152.05096
G1 X216.952 Y203.174 E152.07202
G1 X216.738 Y203.218 E152.07584
G1 X216.738 Y212.752 E152.24232
M204 S2500
G0 F15000 X216.318 Y212.789
M204 S1250
;TYPE:WALL-OUTER
G1 F1688 X216.384 Y213.162 E152.24893
G1 X216.606 Y213.795 E152.26064
G1 X217.027 Y214.91 E152.28145
G1 X217.283 Y215.812 E152.29783
G1 X217.415 Y216.496 E152.30999
G1 X217.506 Y217.482 E152.32728
G1 X217.485 Y218.268 E152.34101
G1 X217.415 Y219.001 E152.35387
G1 X217.283 Y219.681 E152.36596
G1 X217.023 Y220.594 E152.38254
G1 X216.396 Y222.284 E152.41402
G1 X216.318 Y222.719 E152.42173
G1 X216.323 Y227.316 E152.502
G1 X216.526 Y227.45 E152.50625
G1 X216.958 Y227.538 E152.51395
G1 X218.364 Y227.538 E152.5385
G1 X218.479 Y227.507 E152.54058
G1 X218.578 Y227.378 E152.54342
G1 X218.578 Y203.009 E152.96894
G1 X218.54 Y202.913 E152.97074
G1 X218.34 Y202.754 E152.9752
G1 X216.91 Y202.754 E153.00017
G1 X216.55 Y202.828 E153.00659
G1 X216.318 Y202.958 E153.01124
G1 X216.318 Y212.789 E153.1829
M204 S2500
G0 F15000 X216.352 Y212.985
G0 X217.185 Y212.716
;TYPE:SKIN
G1 F1358.2 X217.185 Y203.627 E153.38015
G1 X217.707 Y203.623 E153.39148
G1 X217.707 Y214.253 E153.62218
G1 X217.225 Y212.932 E153.65269
G1 X217.185 Y212.716 E153.65746
G0 F15000 X217.734 Y217.215
G0 X217.733 Y218.179
G0 X217.185 Y222.789
G1 F1358.2 X217.237 Y222.518 E153.66345
G1 X217.707 Y221.243 E153.69294
G1 F1360.8 X217.708 Y226.668 E153.81045
G1 F1363.4 X217.188 Y226.668 E153.82169
G1 F1360.8 X217.185 Y222.789 E153.90571
G0 F15000 X217.351 Y222.79
;MESH:NONMESH
G0 F600 X217.351 Y222.79 Z3.7
G0 F15000 X217.75 Y217.75
G0 X217.682 Y216.717
G0 X217.112 Y213.089
G0 X216.97 Y213.138
;TIME_ELAPSED:287.002505
;LAYER:34
;note -- min layer time used
M204 S1250
;TYPE:WALL-INNER
;MESH:lowerLeftPad.stl
G1 F1685.2 X217.05 Y213.566 E153.91332
G1 X217.211 Y214.098 E153.92302
G1 X217.397 Y214.652 E153.93323
G1 F1616 X217.688 Y215.582 E153.95097
G1 F1726.3 X217.825 Y216.666 E153.96959
G1 F2039.7 X217.873 Y217.748 E153.98522
G1 X217.825 Y218.834 E154.0009
G1 F1730.5 X217.691 Y219.896 E154.0191
G1 F1619.7 X217.032 Y221.959 E154.05845
G1 F1685.2 X216.97 Y222.353 E154.06542
G1 X216.969 Y227.08 E154.14796
G1 X217.172 Y227.118 E154.15156
G1 X218.158 Y227.118 E154.16878
G1 X218.158 Y221.08 E154.27421
G1 F1619.7 X218.141 Y219.934 E154.29504
G1 F1743.3 X218.189 Y218.776 E154.3146
G1 F2051.6 X218.203 Y217.705 E154.32996
G1 X218.189 Y216.724 E154.34403
G1 F1734.8 X218.14 Y215.544 E154.36407
G1 F1616 X218.158 Y214.506 E154.38297
G1 F1685.2 X218.158 Y203.194 E154.5805
G1 X217.16 Y203.194 E154.59792
G1 X216.967 Y203.236 E154.60137
G1 X216.97 Y213.138 E154.77428
M204 S2500
G0 F15000 X216.55 Y213.176
M204 S1250
;TYPE:WALL-OUTER
G1 F1685.2 X216.641 Y213.666 E154.78298
G1 X216.813 Y214.232 E154.79331
G1 X216.994 Y214.772 E154.80326
G1 X217.256 Y215.656 E154.81935
G1 X217.442 Y216.756 E154.83884
G1 X217.498 Y217.761 E154.85641
G1 X217.439 Y218.768 E154.87403
G1 X217.254 Y219.845 E154.89311
G1 X216.952 Y220.845 E154.91135
G1 X216.622 Y221.861 E154.93
G1 X216.55 Y222.321 E154.93813
G1 X216.551 Y227.328 E155.02556
G1 X216.646 Y227.408 E155.02773
G1 X217.135 Y227.538 E155.03656
G1 X218.364 Y227.538 E155.05802
G1 X218.479 Y227.507 E155.0601
G1 X218.578 Y227.378 E155.06294
G1 X218.578 Y203.027 E155.48815
G1 X218.424 Y202.823 E155.49261
G1 X218.258 Y202.774 E155.49564
G1 X217.115 Y202.774 E155.51559
G1 X216.769 Y202.848 E155.52177
G1 X216.546 Y202.987 E155.52636
G1 X216.55 Y213.176 E155.70428
M204 S2500
G0 F15000 X216.586 Y213.372
G0 X217.359 Y213.1
;TYPE:SKIN
G1 F1743.3 X217.359 Y203.586 E155.86487
G1 X217.765 Y203.584 E155.87172
G1 X217.765 Y214.523 E156.05637
G1 X217.582 Y213.967 E156.06625
G1 X217.432 Y213.475 E156.07493
G1 X217.359 Y213.1 E156.08138
G0 F15000 X217.751 Y217.75
G0 X217.359 Y222.385
G1 F1796.4 X217.402 Y222.045 E156.08699
G1 F1857.7 X217.778 Y220.894 E156.10617
G1 X217.778 Y222.09 E156.12512
G1 F1796.4 X217.765 Y222.401 E156.13022
G1 F1743.3 X217.765 Y226.724 E156.20319
G1 X217.359 Y226.722 E156.21004
G1 X217.359 Y222.385 E156.28325
G0 F15000 X217.55 Y222.42
;MESH:NONMESH
G0 F600 X217.55 Y222.42 Z3.8
G0 F15000 X217.751 Y217.75
G0 X217.334 Y213.508
G0 X217.189 Y213.552
;TIME_ELAPSED:292.460175
;LAYER:35
;note -- min layer time used
M204 S1250
;TYPE:WALL-INNER
;MESH:lowerLeftPad.stl
G1 F1456.9 X217.19 Y213.663 E156.28518
G1 X217.331 Y214.303 E156.29663
G1 F1419.7 X217.709 Y215.741 E156.32327
G1 F1561 X217.859 Y216.942 E156.343
G1 F1799.7 X217.862 Y218.3 E156.36219
G1 F1667.3 X217.777 Y219.279 E156.37719
G1 F1499.7 X217.635 Y220.043 E156.39037
G1 F1456.9 X217.247 Y221.528 E156.41717
G1 X217.19 Y221.94 E156.42443
G1 X217.183 Y227.085 E156.51427
G1 X217.371 Y227.118 E156.5176
G1 X218.158 Y227.118 E156.53135
G1 X218.158 Y220.061 E156.65457
G1 F1614.5 X218.199 Y218.319 E156.68203
G1 F1799.7 X218.198 Y216.914 E156.70189
G1 F1561 X218.147 Y215.705 E156.72161
G1 F1419.7 X218.158 Y215.032 E156.73367
G1 F1456.9 X218.158 Y203.211 E156.94008
G1 X217.356 Y203.214 E156.95409
G1 X217.183 Y203.252 E156.95718
G1 X217.189 Y213.552 E157.13704
M204 S2500
G0 F15000 X216.769 Y213.39
M204 S1250
;TYPE:WALL-OUTER
G1 F1456.9 X216.77 Y213.709 E157.14261
G1 X216.925 Y214.412 E157.15518
G1 X217.145 Y215.227 E157.16992
G1 X217.284 Y215.813 E157.18043
G1 X217.484 Y217.005 E157.20154
G1 X217.485 Y218.257 E157.2234
G1 X217.374 Y219.214 E157.24022
G1 X217.228 Y219.937 E157.2531
G1 X216.835 Y221.446 E157.28033
G1 X216.77 Y221.911 E157.28853
G1 X216.762 Y227.325 E157.38307
G1 X216.854 Y227.411 E157.38527
G1 X217.335 Y227.538 E157.39395
G1 X218.453 Y227.538 E157.41347
G1 X218.578 Y227.378 E157.41702
G1 X218.578 Y203.038 E157.84203
G1 X218.425 Y202.839 E157.84642
G1 X218.258 Y202.79 E157.84946
G1 X217.308 Y202.794 E157.86605
G1 X216.982 Y202.867 E157.87188
G1 X216.762 Y203.012 E157.87648
G1 X216.769 Y213.39 E158.0577
M204 S2500
G0 F15000 X216.769 Y213.59
G0 X217.482 Y213.59
G0 X217.668 Y203.7
;TYPE:SKIN
G1 F1026.7 X217.672 Y213.612 E158.3033
G1 F2700 E157.0033
G0 F15000 X217.708 Y216.248
G0 X217.67 Y226.63
G1 F2700 E158.3033
G1 F1030.1 X217.672 Y221.965 E158.41851
G1 F1077.3 X217.696 Y221.638 E158.42625
G0 F15000 X217.55 Y221.658
;MESH:NONMESH
G0 F600 X217.55 Y221.658 Z3.9
G0 F15000 X217.735 Y218.26
G0 X217.736 Y217.545
G0 X217.482 Y212.614
G0 X217.481 Y212.613
;TIME_ELAPSED:298.220052
;LAYER:36
;note -- min layer time used
M204 S1250
;TYPE:WALL-INNER
;MESH:lowerLeftPad.stl
G1 F863.9 X217.483 Y214.178 E158.46484
G1 F928.1 X217.601 Y214.938 E158.48249
G1 F1080.8 X217.718 Y215.698 E158.49764
G1 F1249.5 X217.795 Y216.335 E158.50858
G1 F1399.7 X217.846 Y216.89 E158.51706
G1 F1520.2 X217.879 Y217.928 E158.53161
G1 F1498 X217.832 Y218.861 E158.54489
G1 F1306.9 X217.733 Y219.726 E158.55908
G1 F1097 X217.483 Y221.304 E158.5901
G1 F979.6 X217.479 Y223.204 E158.63141
G1 F928.1 X217.476 Y225.104 E158.67502
G1 F880.3 X217.472 Y227.004 E158.72099
G1 F858.1 X218.07 Y227.03 E158.73585
G1 F880.3 X218.071 Y225.135 E158.7817
G1 F928.1 X218.072 Y223.24 E158.82519
G1 F981.4 X218.073 Y221.345 E158.86632
G1 F1099.4 X218.156 Y219.746 E158.89734
G1 F1313.6 X218.191 Y218.82 E158.91236
G1 F1506.8 X218.205 Y217.896 E158.92542
G1 F1515.7 X218.193 Y216.819 E158.94056
G1 F1297 X218.149 Y215.626 E158.96016
G1 F1074 X218.111 Y214.887 E158.97484
G1 F928.1 X218.073 Y214.148 E158.99182
G1 F862.5 X218.069 Y203.321 E159.2592
G1 F856.7 X217.471 Y203.356 E159.27409
G1 F858.1 X217.481 Y212.613 E159.50386
M204 S2500
G0 F15000 X216.974 Y211.914
M204 S1250
;TYPE:WALL-OUTER
G1 F1219.8 X216.978 Y214.23 E159.5443
G1 X217.296 Y215.766 E159.57169
G1 X217.397 Y216.385 E159.58264
G1 X217.461 Y216.889 E159.59151
G1 X217.506 Y217.943 E159.60993
G1 X217.448 Y218.801 E159.62495
G1 X217.314 Y219.66 E159.64013
G1 X217.02 Y221.053 E159.66499
G1 X216.978 Y221.464 E159.6722
G1 X216.962 Y227.296 E159.77404
G1 X217.003 Y227.373 E159.77556
G1 X217.131 Y227.449 E159.77816
G1 X217.527 Y227.538 E159.78525
G1 X218.453 Y227.538 E159.80142
G1 X218.578 Y227.378 E159.80496
G1 X218.578 Y203.061 E160.22958
G1 X218.541 Y202.971 E160.23128
G1 X218.329 Y202.81 E160.23592
G1 X217.529 Y202.814 E160.24989
G1 X217.075 Y202.936 E160.2581
G1 X216.962 Y203.071 E160.26118
G1 X216.974 Y211.914 E160.41559
M204 S2500
G0 F15000 X216.974 Y212.114
;MESH:NONMESH
G0 F600 X216.974 Y212.114 Z4
G0 F15000 X217.686 Y212.114
G0 X217.688 Y213.488
G0 X217.629 Y213.487
;TIME_ELAPSED:304.046367
;LAYER:37
;note -- min layer time used
M204 S1250
;TYPE:WALL-INNER
;MESH:lowerLeftPad.stl
G1 F1025.3 X217.63 Y214.705 E160.4406
G1 F1123 X217.755 Y215.731 E160.45999
G1 F1305.4 X217.82 Y216.371 E160.47036
G1 F1463.8 X217.88 Y217.165 E160.48182
G1 F1553.6 X217.881 Y218.178 E160.49555
G1 F1459.6 X217.817 Y219.254 E160.5111
G1 F1177.9 X217.63 Y220.775 E160.53849
G1 F1021.1 X217.618 Y227.046 E160.66781
G1 F1015 X218.119 Y227.079 E160.67823
G1 F1021.1 X218.122 Y220.795 E160.80781
G1 F1101.1 X218.154 Y220.006 E160.82291
G1 F1275.8 X218.186 Y219.216 E160.83596
G1 F1468.1 X218.206 Y218.19 E160.85068
G1 F1553.6 X218.205 Y217.149 E160.86479
G1 F1376.3 X218.163 Y215.682 E160.88724
G1 F1120.5 X218.122 Y214.686 E160.90598
G1 F1023.2 X218.119 Y203.293 E161.14044
G1 F1017 X217.622 Y203.322 E161.15075
G1 F1019.1 X217.629 Y213.487 E161.36079
M204 S2500
G0 F15000 X217.171 Y212.789
M204 S1250
;TYPE:WALL-OUTER
G1 F1205.9 X217.174 Y214.742 E161.39489
G1 X217.344 Y215.787 E161.41338
G1 X217.429 Y216.41 E161.42436
G1 X217.509 Y217.202 E161.43826
G1 X217.51 Y218.149 E161.45479
G1 X217.428 Y219.19 E161.47303
G1 X217.174 Y220.738 E161.50042
G1 X217.159 Y227.296 E161.61493
G1 X217.2 Y227.374 E161.61647
G1 X217.324 Y227.45 E161.61901
G1 X217.712 Y227.538 E161.62596
G1 X218.453 Y227.538 E161.63889
G1 X218.578 Y227.378 E161.64244
G1 X218.578 Y203.086 E162.06662
G1 X218.487 Y202.92 E162.06992
G1 X218.329 Y202.828 E162.07311
G1 X217.65 Y202.846 E162.08498
G1 X217.37 Y202.907 E162.08998
G1 X217.162 Y203.058 E162.09447
G1 X217.171 Y212.789 E162.26439
M204 S2500
G0 F15000 X217.171 Y212.989
;MESH:NONMESH
G0 F600 X217.171 Y212.989 Z4.1
G0 F15000 X217.776 Y213.383
;TIME_ELAPSED:309.495513
;LAYER:38
;note -- min layer time used
M204 S1250
;TYPE:WALL-INNER
;MESH:lowerLeftPad.stl
G1 F1270.8 X217.778 Y215.297 E162.2959
G1 F1375 X217.86 Y216.356 E162.31206
G1 F1543.7 X217.897 Y216.985 E162.3206
G1 F1633.9 X217.915 Y217.779 E162.33077
G1 X217.896 Y218.55 E162.34065
G1 F1497.8 X217.832 Y219.536 E162.35445
G1 F1334.9 X217.774 Y220.264 E162.3659
G1 F1264.4 X217.769 Y227.091 E162.47886
G1 F1258.1 X218.168 Y227.123 E162.48552
G1 F1264.4 X218.17 Y220.264 E162.59901
G1 F1417.6 X218.211 Y218.524 E162.6247
G1 F1633.9 X218.217 Y217.737 E162.63478
G1 X218.211 Y216.945 E162.64492
G1 F1421.6 X218.171 Y215.278 E162.66946
G1 F1267.6 X218.168 Y203.272 E162.86763
G1 F1258.1 X217.769 Y203.309 E162.87429
G1 F1261.3 X217.776 Y213.383 E163.0414
M204 S2500
G0 F15000 X217.367 Y212.891
M204 S1250
;TYPE:WALL-OUTER
G1 F1198.2 X217.37 Y215.309 E163.08362
G1 X217.482 Y216.387 E163.10255
G1 X217.53 Y216.997 E163.11323
G1 X217.554 Y217.767 E163.12669
G1 X217.53 Y218.518 E163.13981
G1 X217.445 Y219.495 E163.15693
G1 X217.366 Y220.232 E163.16987
G1 X217.358 Y227.3 E163.29329
G1 X217.394 Y227.375 E163.29474
G1 X217.529 Y227.455 E163.29748
G1 X217.82 Y227.526 E163.30271
G1 X218.364 Y227.537 E163.31222
G1 X218.479 Y227.504 E163.3143
G1 X218.578 Y227.378 E163.3171
G1 X218.578 Y203.106 E163.74093
G1 X218.483 Y202.932 E163.74439
G1 X218.363 Y202.862 E163.74682
G1 X217.834 Y202.862 E163.75605
G1 X217.461 Y202.972 E163.76285
G1 X217.358 Y203.062 E163.76523
G1 X217.367 Y212.891 E163.93686
M204 S2500
G0 F15000 X217.367 Y213.091
;MESH:NONMESH
G0 F600 X217.367 Y213.091 Z4.2
G0 F15000 X217.681 Y213.091
G0 X218.06 Y203.399
;TIME_ELAPSED:314.587054
;LAYER:39
;note -- min layer time used
M204 S1250
;TYPE:WALL-INNER
;MESH:lowerLeftPad.stl
G1 F634.6 X218.062 Y215.82 E164.24981
G1 F674.7 X218.096 Y217.737 E164.29524
G1 F706.9 X218.088 Y218.531 E164.3132
G1 F665.3 X218.062 Y219.523 E164.33705
G1 F637.7 X218.058 Y227.017 E164.52492
M204 S2500
G1 F2700 E163.22492
G0 F15000 X217.862 Y214.322
G0 X217.549 Y214.322
M204 S1250
;TYPE:WALL-OUTER
G1 F2700 E164.52492
G1 F915.6 X217.55 Y215.841 E164.55144
G1 X217.602 Y216.995 E164.57161
G1 X217.618 Y217.757 E164.58492
G1 X217.602 Y218.528 E164.59839
G1 X217.55 Y219.523 E164.61579
G1 X217.546 Y227.301 E164.7516
G1 X217.688 Y227.449 E164.75518
G1 X217.986 Y227.526 E164.76056
G1 X218.36 Y227.537 E164.76709
G1 X218.513 Y227.482 E164.76993
G1 X218.574 Y227.362 E164.77228
G1 X218.574 Y203.108 E165.19579
G1 X218.539 Y203.02 E165.19745
G1 X218.375 Y202.878 E165.20124
G1 X218.019 Y202.875 E165.20745
G1 X217.655 Y202.985 E165.21409
G1 X217.546 Y203.129 E165.21725
G1 X217.549 Y214.322 E165.41269
M204 S2500
G0 F15000 X217.549 Y214.522
;MESH:NONMESH
G0 F600 X217.549 Y214.522 Z4.3
G0 F15000 X217.862 Y214.522
G0 X218.14 Y203.337
;TIME_ELAPSED:320.605864
;LAYER:40
;note -- min layer time used
M204 S1250
;TYPE:WALL-INNER
;MESH:lowerLeftPad.stl
G1 F926.2 X218.142 Y227.093 E165.82159
M204 S2500
G1 F2700 E164.52159
G0 F15000 X218.044 Y214.465
G0 X217.725 Y214.465
M204 S1250
;TYPE:WALL-OUTER
G1 F2700 E165.82159
G1 F913 X217.729 Y227.333 E166.04628
G1 X217.868 Y227.449 E166.04944
G1 X218.138 Y227.522 E166.05433
G1 X218.38 Y227.525 E166.05855
G1 X218.506 Y227.457 E166.06105
G1 X218.558 Y227.357 E166.06302
G1 X218.558 Y203.184 E166.48512
G1 X218.501 Y202.996 E166.48855
G1 X218.297 Y202.892 E166.49255
G1 X217.977 Y202.939 E166.4982
G1 X217.787 Y203.037 E166.50193
G1 X217.723 Y203.157 E166.5043
G1 X217.725 Y214.465 E166.70176
M204 S2500
G0 F15000 X217.725 Y214.665
;MESH:NONMESH
G0 F600 X217.725 Y214.665 Z4.4
G0 F15000 X217.95 Y214.91
;TIME_ELAPSED:325.812005
;LAYER:41
;note -- min layer time used
M204 S1250
;TYPE:WALL-OUTER
;MESH:lowerLeftPad.stl
G1 F488.4 X217.95 Y203.138 E166.9543
G1 F487.4 X218.049 Y203.047 E166.95719
G1 X218.25 Y202.982 E166.96173
G1 X218.384 Y203.012 E166.96468
G1 X218.466 Y203.144 E166.96802
G1 F486.5 X218.469 Y227.331 E167.48891
G1 X218.42 Y227.418 E167.49106
G1 X218.294 Y227.461 E167.49393
G1 X218.059 Y227.397 E167.49918
G1 X217.951 Y227.306 E167.50222
G1 F487.4 X217.95 Y214.91 E167.76866
M204 S2500
G0 F15000 X217.95 Y214.71
;MESH:NONMESH
G0 F600 X217.95 Y214.71 Z4.5
G0 F15000 X218.067 Y214.466
;TIME_ELAPSED:331.998729
;LAYER:42
;note -- min layer time used
M204 S1250
;TYPE:WALL-OUTER
;MESH:lowerLeftPad.stl
G1 F639.6 X218.065 Y203.137 E167.95424
G1 X218.214 Y203.005 E167.9575
G1 X218.362 Y203.008 E167.95992
G1 X218.459 Y203.124 E167.9624
G1 X218.459 Y227.339 E168.35906
G1 X218.385 Y227.44 E168.36111
G1 X218.186 Y227.444 E168.36437
G1 X218.071 Y227.343 E168.36687
G1 X218.067 Y214.466 E168.57781
M204 S2500
G0 F15000 X218.067 Y214.266
G1 F2700 E167.27781
;MESH:NONMESH
G0 F600 X218.067 Y214.266 Z4.6
G0 F15000 X217.205 Y214.266
G0 X217.206 Y227.436
G0 X217.779 Y228.23
G0 X218.299 Y228.356
G0 X218.904 Y228.192
G0 X219.278 Y227.679
G0 X218.289 Y227.296
;TIME_ELAPSED:337.046520
;LAYER:43
;note -- min layer time used
M204 S1250
;TYPE:WALL-OUTER
;MESH:lowerLeftPad.stl
G1 F2700 E168.57781
G1 F522.8 X218.286 Y203.195 E169.06077
;TIME_ELAPSED:339.880386
G1 F2700 E167.76077
M140 S0
M204 S5000
M107
G91 ;Relative positioning
G1 E-2 F2700 ;Retract a bit
G1 E-2 Z0.2 F2400 ;Retract and raise Z
G1 X5 Y5 F3000 ;Wipe out
G1 Z2 ;Raise Z more
G90 ;Absolute positioning
G1 X0 Y425 ;Present print
M106 S0 ;Turn-off fan
M104 S0 ;Turn-off hotend
M140 S0 ;Turn-off bed
M84 X Y E ;Disable all steppers but Z
M82 ;absolute extrusion mode
M104 S0
;End of Gcode
;SETTING_3 {"global_quality": "[general]\\nversion = 4\\nname = Not supported #2
;SETTING_3 \\ndefinition = elegoo_neptune_4max\\n\\n[metadata]\\ntype = quality_
;SETTING_3 changes\\nquality_type = not_supported\\nsetting_version = None\\n\\n
;SETTING_3 [values]\\nadhesion_type = brim\\nsupport_enable = True\\nsupport_str
;SETTING_3 ucture = tree\\nsupport_type = everywhere\\n\\n", "extruder_quality":
;SETTING_3  ["[general]\\nversion = 4\\nname = Not supported #2\\ndefinition = e
;SETTING_3 legoo_neptune_4max\\n\\n[metadata]\\ntype = quality_changes\\nquality
;SETTING_3 _type = not_supported\\nsetting_version = None\\nposition = 0\\n\\n[v
;SETTING_3 alues]\\ninfill_sparse_density = 20\\n\\n"]}
