;FLAVOR:Marlin
;TIME:221
;Filament used: 0.173521m
;Layer height: 0.2
;MINX:200.192
;MINY:203.485
;MINZ:0.2
;MAXX:226.182
;MAXY:230.117
;MAXZ:5
;TARGET_MACHINE.NAME:ELEGOO NEPTUNE 4 Max
;Generated with Cura_SteamEngine 5.9.0
M82 ;absolute extrusion mode
;ELEGOO NEPTUNE 4 MAX
M220 S100 ;Set the feed speed to 100%
M221 S100 ;Set the flow rate to 100%
M104 S140 ;Start heating extruder
M190 S60 ;Wait for the bed to reach print temp
G90
G28 ;home
G1 Z10 F300
G1 X165 Y0 F6000
G1 Z0 F300
M109 S210 ;Wait for extruder to reach print temp
G92 E0 ;Reset Extruder
G1 X165 Y0 Z0.4 F300 ;Move to start position
G1 X265 E30 F400 ;Draw the first line
G1 Z0.6 F120.0 ;Move to side a little
G1 X260 F3000
G92 E0 ;Reset Extruder
G92 E0
G92 E0
G1 F2700 E-0.5
;LAYER_COUNT:25
;LAYER:0
M107
M204 S500
G0 F7200 X215.825 Y229.948 Z0.2
;TYPE:SKIRT
G1 F2700 E0
G1 F3600 X214.524 Y230.117 E0.05793
G1 X213.218 Y229.887 E0.11649
G1 X211.922 Y229.342 E0.17857
G1 X201.866 Y221.255 E0.74839
G1 X200.934 Y220.136 E0.8127
G1 X200.428 Y218.901 E0.87163
G1 X200.192 Y217.709 E0.92529
G1 X200.382 Y216.187 E0.99301
G1 X200.498 Y215.795 E1.01107
G1 X201.085 Y214.617 E1.06918
G1 X204.887 Y209.887 E1.33716
G1 X206.007 Y208.955 E1.4015
G1 X207.16 Y208.483 E1.45651
G1 X207.335 Y208.436 E1.46451
G1 X209.241 Y206.068 E1.59874
G1 X210.293 Y205.189 E1.65927
G1 X211.99 Y204.393 E1.74204
G1 X213.215 Y203.96 E1.79942
G1 X215.265 Y203.514 E1.89206
G1 X216.62 Y203.485 E1.9519
G1 X218.445 Y203.645 E2.0328
G1 X220.01 Y204.106 E2.10484
G1 X220.783 Y204.442 E2.14206
G1 X222.131 Y205.229 E2.21098
G1 X222.903 Y205.841 E2.25449
G1 X223.931 Y206.866 E2.31859
G1 X224.983 Y208.424 E2.4016
G1 X225.61 Y209.955 E2.47465
G1 X226.021 Y211.549 E2.54734
G1 X226.146 Y212.504 E2.58987
G1 X226.182 Y213.857 E2.64964
G1 X225.976 Y215.89 E2.73987
G1 X225.545 Y217.685 E2.82138
G1 X224.863 Y218.807 E2.87936
G1 X223.054 Y221.076 E3.0075
G1 X222.913 Y222.252 E3.0598
G1 X222.862 Y222.422 E3.06764
G1 X222.217 Y223.719 E3.1316
G1 X218.414 Y228.436 E3.39915
G1 X217.591 Y229.155 E3.44741
G1 X216.63 Y229.695 E3.49609
G1 X215.825 Y229.948 E3.53335
G0 F7200 X215.712 Y229.433
G1 F3600 X214.534 Y229.586 E3.5858
G1 X213.367 Y229.38 E3.63813
G1 X212.194 Y228.887 E3.69431
G1 X202.238 Y220.881 E4.25845
G1 X201.389 Y219.861 E4.31705
G1 X200.933 Y218.748 E4.37017
G1 X200.723 Y217.689 E4.41784
G1 X200.889 Y216.323 E4.4786
G1 X200.968 Y216.029 E4.49204
G1 X201.53 Y214.901 E4.54769
G1 X205.264 Y210.256 E4.81086
G1 X206.279 Y209.411 E4.86918
G1 X207.359 Y208.969 E4.92071
G1 X207.631 Y208.906 E4.93303
G1 X209.616 Y206.439 E5.07286
G1 X210.579 Y205.634 E5.12828
G1 X212.165 Y204.888 E5.20567
G1 X213.39 Y204.455 E5.26304
G1 X215.326 Y204.038 E5.35049
G1 X216.631 Y204.01 E5.40813
G1 X218.346 Y204.163 E5.48416
G1 X219.862 Y204.61 E5.55395
G1 X220.52 Y204.896 E5.58564
G1 X221.806 Y205.642 E5.65128
G1 X222.532 Y206.213 E5.69207
G1 X223.525 Y207.203 E5.75399
G1 X224.517 Y208.672 E5.83226
G1 X225.124 Y210.154 E5.90298
G1 X225.5 Y211.617 E5.96968
G1 X225.625 Y212.572 E6.01221
G1 X225.657 Y213.87 E6.06954
G1 X225.466 Y215.767 E6.15373
G1 X225.054 Y217.483 E6.23166
G1 X224.452 Y218.48 E6.28308
G1 X222.531 Y220.89 E6.41917
G1 X222.53 Y221.063 E6.42681
G1 X222.392 Y222.188 E6.47686
G1 X221.773 Y223.432 E6.53822
G1 X218.032 Y228.072 E6.80141
G1 X217.287 Y228.724 E6.84512
G1 X216.421 Y229.21 E6.88897
G1 X215.712 Y229.433 E6.92179
G0 F7200 X215.599 Y228.918
G1 F3600 X214.545 Y229.055 E6.96873
G1 X213.516 Y228.873 E7.01487
G1 X212.466 Y228.432 E7.06516
G1 X202.607 Y220.504 E7.6238
G1 X201.845 Y219.589 E7.67638
G1 X201.438 Y218.595 E7.72381
G1 X201.254 Y217.668 E7.76554
G1 X201.41 Y216.386 E7.82257
G1 X201.461 Y216.216 E7.8304
G1 X201.975 Y215.185 E7.88127
G1 X205.641 Y210.625 E8.13963
G1 X206.551 Y209.867 E8.19193
G1 X207.558 Y209.455 E8.23997
G1 X207.92 Y209.384 E8.25626
G1 X209.991 Y206.81 E8.40215
G1 X210.864 Y206.08 E8.4524
G1 X212.342 Y205.382 E8.52457
G1 X213.501 Y204.968 E8.57892
G1 X215.386 Y204.562 E8.66406
G1 X216.642 Y204.535 E8.71954
G1 X218.248 Y204.682 E8.79075
G1 X219.655 Y205.093 E8.85548
G1 X220.258 Y205.351 E8.88444
G1 X221.481 Y206.055 E8.94675
G1 X222.207 Y206.626 E8.98753
G1 X223.117 Y207.537 E9.04439
G1 X224.053 Y208.923 E9.11824
G1 X224.616 Y210.286 E9.18336
G1 X224.979 Y211.685 E9.24718
G1 X225.104 Y212.64 E9.28971
G1 X225.132 Y213.882 E9.34457
G1 X224.956 Y215.644 E9.42276
G1 X224.563 Y217.281 E9.4971
G1 X224.041 Y218.153 E9.54198
G1 X221.999 Y220.715 E9.68665
G1 X222.009 Y220.999 E9.6992
G1 X221.882 Y222.034 E9.74524
G1 X221.328 Y223.147 E9.80014
G1 X217.653 Y227.706 E10.05871
G1 X216.983 Y228.293 E10.09805
G1 X216.212 Y228.725 E10.13707
G1 X215.599 Y228.918 E10.16545
G0 F7200 X215.486 Y228.403
G1 F3600 X214.556 Y228.524 E10.20686
G1 X213.664 Y228.366 E10.24686
G1 X212.738 Y227.977 E10.29122
G1 X202.979 Y220.13 E10.84417
G1 X202.3 Y219.314 E10.89105
G1 X201.943 Y218.442 E10.93266
G1 X201.785 Y217.648 E10.9684
G1 X201.931 Y216.45 E11.0217
G1 X202.42 Y215.469 E11.0701
G1 X206.015 Y210.997 E11.32346
G1 X206.826 Y210.322 E11.37006
G1 X207.757 Y209.941 E11.41448
G1 X208.203 Y209.87 E11.43442
G1 X210.366 Y207.181 E11.5868
G1 X211.151 Y206.525 E11.63198
G1 X212.521 Y205.876 E11.69892
G1 X213.612 Y205.481 E11.75015
G1 X215.446 Y205.086 E11.83299
G1 X216.653 Y205.06 E11.8863
G1 X218.152 Y205.201 E11.95279
G1 X219.448 Y205.576 E12.01236
G1 X220.051 Y205.834 E12.04133
G1 X221.156 Y206.468 E12.09758
G1 X221.882 Y207.039 E12.13837
G1 X222.709 Y207.871 E12.19017
G1 X223.588 Y209.173 E12.25953
G1 X224.131 Y210.487 E12.32232
G1 X224.458 Y211.753 E12.38005
G1 X224.583 Y212.708 E12.42258
G1 X224.607 Y213.893 E12.47492
G1 X224.445 Y215.522 E12.54721
G1 X224.071 Y217.081 E12.618
G1 X223.63 Y217.826 E12.65623
G1 X221.461 Y220.548 E12.80992
G1 X221.488 Y220.935 E12.82705
G1 X221.372 Y221.88 E12.86909
G1 X220.883 Y222.862 E12.91753
G1 X217.274 Y227.34 E13.17149
G1 X216.677 Y227.863 E13.20654
G1 X216.005 Y228.239 E13.24054
G1 X215.486 Y228.403 E13.26458
G0 F7200 X215.418 Y227.882
G1 F3600 X214.567 Y227.993 E13.30247
G1 X213.812 Y227.859 E13.33633
G1 X213.01 Y227.522 E13.37475
G1 X203.348 Y219.753 E13.92221
G1 X202.756 Y219.042 E13.96306
G1 X202.448 Y218.29 E13.99894
G1 X202.316 Y217.627 E14.0288
G1 X202.441 Y216.604 E14.0743
G1 X202.865 Y215.753 E14.11629
G1 X206.392 Y211.366 E14.36485
G1 X207.098 Y210.778 E14.40542
G1 X207.956 Y210.427 E14.44635
G1 X208.477 Y210.367 E14.46951
G1 X210.741 Y207.552 E14.62903
G1 X211.438 Y206.969 E14.66915
G1 X212.7 Y206.37 E14.73084
G1 X213.791 Y205.975 E14.78207
G1 X215.504 Y205.61 E14.85941
G1 X216.664 Y205.585 E14.91065
G1 X218.055 Y205.72 E14.97236
G1 X219.244 Y206.06 E15.02696
G1 X219.792 Y206.291 E15.05323
G1 X220.831 Y206.881 E15.10599
G1 X221.557 Y207.452 E15.14677
G1 X222.301 Y208.204 E15.19348
G1 X223.123 Y209.423 E15.2584
G1 X223.646 Y210.688 E15.31885
G1 X223.937 Y211.821 E15.3705
G1 X224.062 Y212.776 E15.41303
G1 X224.082 Y213.902 E15.46276
G1 X223.934 Y215.4 E15.52923
G1 X223.579 Y216.881 E15.59648
G1 X223.178 Y217.558 E15.63123
G1 X220.916 Y220.388 E15.7912
G1 X220.967 Y220.871 E15.81265
G1 X220.862 Y221.726 E15.85069
G1 X220.438 Y222.578 E15.89271
G1 X216.895 Y226.974 E16.14202
G1 X216.371 Y227.433 E16.17278
G1 X215.794 Y227.756 E16.20198
G1 X215.418 Y227.882 E16.21949
G0 F7200 X215.538 Y227.298
G1 F3600 X215.35 Y227.361 E16.22825
G1 X214.578 Y227.462 E16.26263
G1 X213.96 Y227.352 E16.29035
G1 X213.282 Y227.067 E16.32282
G1 X203.717 Y219.376 E16.86479
G1 X203.212 Y218.77 E16.89962
G1 X202.953 Y218.138 E16.92978
G1 X202.847 Y217.606 E16.95373
G1 X202.951 Y216.758 E16.99146
G1 X203.31 Y216.037 E17.02703
G1 X206.766 Y211.738 E17.27059
G1 X207.373 Y211.233 E17.30546
G1 X208.155 Y210.913 E17.34277
G1 X208.741 Y210.876 E17.3687
G1 X211.116 Y207.923 E17.53603
G1 X211.724 Y207.414 E17.57105
G1 X212.879 Y206.864 E17.62754
G1 X213.97 Y206.469 E17.67877
G1 X215.565 Y206.134 E17.75074
G1 X216.613 Y206.108 E17.79703
G1 X217.96 Y206.239 E17.85679
G1 X219.04 Y206.544 E17.90634
G1 X219.588 Y206.775 E17.93261
G1 X220.506 Y207.294 E17.97917
G1 X221.232 Y207.865 E18.01996
G1 X221.894 Y208.54 E18.0617
G1 X222.66 Y209.675 E18.12217
G1 X223.138 Y210.82 E18.17696
G1 X223.416 Y211.889 E18.22573
G1 X223.541 Y212.844 E18.26826
G1 X223.557 Y213.91 E18.31534
G1 X223.423 Y215.278 E18.37603
G1 X223.087 Y216.681 E18.43974
G1 X222.726 Y217.29 E18.471
G1 X220.363 Y220.238 E18.63783
G1 X220.446 Y220.807 E18.66322
G1 X220.352 Y221.572 E18.69726
G1 X219.993 Y222.293 E18.73282
G1 X216.516 Y226.608 E18.97752
G1 X216.065 Y227.003 E19.004
G1 X215.538 Y227.298 E19.03066
G0 F7200 X215.282 Y226.84
G1 F3600 X214.51 Y226.941 E19.06504
G1 X214.164 Y226.868 E19.08066
G1 X213.553 Y226.611 E19.10993
G1 X204.086 Y218.999 E19.64634
G1 X203.668 Y218.497 E19.67518
G1 X203.439 Y217.939 E19.70182
G1 X203.378 Y217.587 E19.71759
G1 X203.461 Y216.912 E19.74762
G1 X203.755 Y216.321 E19.77677
G1 X207.143 Y212.107 E20.01553
G1 X207.645 Y211.689 E20.04437
G1 X208.275 Y211.431 E20.07444
G1 X208.665 Y211.397 E20.09172
G1 X208.972 Y211.427 E20.10534
G1 X211.494 Y208.291 E20.28305
G1 X212.008 Y207.86 E20.31267
G1 X213.058 Y207.358 E20.36406
G1 X214.149 Y206.963 E20.41529
G1 X215.624 Y206.658 E20.4818
G1 X216.626 Y206.633 E20.52606
G1 X217.859 Y206.756 E20.58078
G1 X218.839 Y207.029 E20.6257
G1 X219.332 Y207.233 E20.64926
G1 X220.181 Y207.707 E20.6922
G1 X220.907 Y208.278 E20.73298
G1 X221.485 Y208.872 E20.76958
G1 X222.195 Y209.924 E20.82562
G1 X222.653 Y211.022 E20.87815
G1 X222.895 Y211.957 E20.9208
G1 X223.02 Y212.912 E20.96333
G1 X223.034 Y213.861 E21.00524
G1 X222.912 Y215.156 E21.06268
G1 X222.595 Y216.481 E21.12284
G1 X222.274 Y217.022 E21.15062
G1 X219.764 Y220.146 E21.32757
G1 X219.864 Y220.39 E21.33922
G1 X219.925 Y220.743 E21.35503
G1 X219.842 Y221.418 E21.38507
G1 X219.548 Y222.009 E21.41421
G1 X216.16 Y226.222 E21.65294
G1 X215.809 Y226.545 E21.674
G1 X215.282 Y226.84 E21.70067
G0 F7200 X215.114 Y226.332
G1 F3600 X214.528 Y226.409 E21.72677
G1 X214.368 Y226.384 E21.73392
G1 X213.824 Y226.155 E21.75998
G1 X204.415 Y218.59 E22.29309
G1 X204.154 Y218.298 E22.31039
G1 X203.925 Y217.74 E22.33702
G1 X203.899 Y217.524 E22.34663
G1 X203.971 Y217.065 E22.36714
G1 X204.2 Y216.605 E22.38983
G1 X207.552 Y212.436 E22.62605
G1 X207.844 Y212.175 E22.64334
G1 X208.402 Y211.946 E22.66998
G1 X208.618 Y211.92 E22.67959
G1 X208.905 Y211.946 E22.69231
G1 X209.165 Y212.024 E22.7043
G1 X211.872 Y208.659 E22.895
G1 X212.294 Y208.305 E22.91932
G1 X213.237 Y207.852 E22.96552
G1 X214.328 Y207.457 E23.01675
G1 X215.681 Y207.182 E23.07772
G1 X216.639 Y207.158 E23.12003
G1 X217.762 Y207.274 E23.16989
G1 X218.642 Y207.516 E23.21019
G1 X219.079 Y207.693 E23.23101
G1 X219.856 Y208.12 E23.27016
G1 X220.582 Y208.691 E23.31094
G1 X221.075 Y209.203 E23.34233
G1 X221.73 Y210.174 E23.39405
G1 X222.145 Y211.156 E23.44112
G1 X222.374 Y212.025 E23.4808
G1 X222.499 Y212.98 E23.52333
G1 X222.511 Y213.812 E23.56008
G1 X222.389 Y215.107 E23.61751
G1 X222.103 Y216.282 E23.67091
G1 X221.865 Y216.693 E23.69188
G1 X219.16 Y220.06 E23.8826
G1 X219.378 Y220.59 E23.90791
G1 X219.404 Y220.806 E23.91751
G1 X219.332 Y221.265 E23.93803
G1 X219.103 Y221.725 E23.96072
G1 X215.751 Y225.893 E24.1969
G1 X215.459 Y226.154 E24.21419
G1 X215.114 Y226.332 E24.23134
G1 F2700 E23.73134
G0 F7200 X214.933 Y225.235
G1 F2700 E24.23134
G1 F3600 X214.799 Y225.338 E24.2388
G1 X214.633 Y225.37 E24.24626
G1 X214.424 Y225.29 E24.25615
G1 X205.073 Y217.772 E24.78596
G1 X204.97 Y217.638 E24.79342
G1 X204.938 Y217.472 E24.80089
G1 X205.018 Y217.263 E24.81077
G1 X208.37 Y213.094 E25.04699
G1 X208.504 Y212.991 E25.05445
G1 X208.67 Y212.959 E25.06191
G1 X208.879 Y213.039 E25.0718
G1 X209.376 Y213.437 E25.09991
G1 X212.69 Y209.317 E25.33339
G1 X212.814 Y209.219 E25.34037
G1 X213.599 Y208.838 E25.3789
G1 X214.613 Y208.465 E25.42661
G1 X215.8 Y208.23 E25.48004
G1 X216.665 Y208.208 E25.51825
G1 X217.605 Y208.314 E25.56002
G1 X218.252 Y208.491 E25.58964
G1 X218.631 Y208.641 E25.60764
G1 X219.247 Y208.976 E25.6386
G1 X219.826 Y209.419 E25.67079
G1 X220.255 Y209.864 E25.69809
G1 X220.801 Y210.675 E25.74126
G1 X221.154 Y211.497 E25.78076
G1 X221.333 Y212.163 E25.81121
G1 X221.453 Y213.057 E25.85104
G1 X221.465 Y213.721 E25.88037
G1 X221.369 Y214.859 E25.9308
G1 X221.117 Y215.894 E25.97783
G1 X221.047 Y216.035 E25.98479
G1 X217.734 Y220.158 E26.21834
G1 X218.23 Y220.558 E26.24648
G1 X218.333 Y220.692 E26.25394
G1 X218.365 Y220.858 E26.2614
G1 X218.285 Y221.067 E26.27129
G1 X214.933 Y225.235 E26.50747
G0 F7200 X215.119 Y225.754
G1 F3600 X214.898 Y225.854 E26.51818
G1 X214.528 Y225.884 E26.53457
G1 X214.095 Y225.699 E26.55536
G1 X204.744 Y218.181 E27.08518
G1 X204.554 Y217.958 E27.09811
G1 X204.422 Y217.571 E27.11617
G1 X204.448 Y217.284 E27.12889
G1 X204.609 Y216.934 E27.14591
G1 X207.961 Y212.765 E27.38212
G1 X208.184 Y212.575 E27.39506
G1 X208.571 Y212.443 E27.41311
G1 X208.858 Y212.469 E27.42584
G1 X209.067 Y212.549 E27.43572
G1 X209.295 Y212.7 E27.4478
G1 X212.281 Y208.988 E27.65816
G1 X212.522 Y208.778 E27.67227
G1 X213.418 Y208.345 E27.71622
G1 X214.432 Y207.972 E27.76393
G1 X215.742 Y207.706 E27.82295
G1 X216.652 Y207.683 E27.86315
G1 X217.664 Y207.792 E27.90809
G1 X218.445 Y208.003 E27.94382
G1 X218.882 Y208.18 E27.96464
G1 X219.566 Y208.559 E27.99917
G1 X220.204 Y209.055 E28.03485
G1 X220.667 Y209.535 E28.0643
G1 X221.263 Y210.42 E28.11141
G1 X221.661 Y211.361 E28.15653
G1 X221.853 Y212.093 E28.18995
G1 X221.978 Y213.048 E28.23248
G1 X221.988 Y213.765 E28.26414
G1 X221.879 Y214.983 E28.31814
G1 X221.611 Y216.083 E28.36813
G1 X221.456 Y216.364 E28.3823
G1 X218.472 Y220.078 E28.59268
G1 X218.749 Y220.372 E28.61051
G1 X218.881 Y220.759 E28.62857
G1 X218.855 Y221.046 E28.64129
G1 X218.694 Y221.396 E28.65831
G1 X215.342 Y225.564 E28.89449
G1 X215.119 Y225.754 E28.90742
G1 F2700 E28.40742
G0 F7200 X216.711 Y213.44
G1 F2700 E28.90742
G1 F3600 X216.628 Y213.424 E28.91116
G1 X216.193 Y213.42 E28.93037
G1 X215.766 Y213.496 E28.94952
G1 X215.564 Y213.571 E28.95903
G1 X216.079 Y212.931 E28.99531
G1 X216.711 Y213.44 E29.03114
G0 F7200 X217.025 Y214.046
G1 F3600 X216.906 Y214.011 E29.03662
G1 X216.529 Y213.942 E29.05354
G1 X216.147 Y213.953 E29.07041
G1 X215.774 Y214.043 E29.08736
G1 X215.429 Y214.208 E29.10424
G1 X215.399 Y214.232 E29.10594
G1 X214.767 Y213.723 E29.14177
G1 X215.998 Y212.193 E29.22849
G1 X217.527 Y213.422 E29.31511
G1 X217.025 Y214.046 E29.35047
G0 F7200 X217.215 Y214.649
G1 F3600 X216.758 Y214.515 E29.3715
G1 X216.439 Y214.463 E29.38578
G1 X216.117 Y214.491 E29.40005
G1 X215.811 Y214.596 E29.41433
G1 X215.495 Y214.823 E29.43151
G1 X215.347 Y214.864 E29.4383
G1 X214.029 Y213.803 E29.51301
G1 X215.918 Y211.455 E29.64608
G1 X218.265 Y213.343 E29.77909
G1 X217.215 Y214.649 E29.85308
G0 F7200 X217.404 Y215.252
G1 F3600 X216.611 Y215.019 E29.88958
G1 X216.362 Y214.987 E29.90066
G1 X216.117 Y215.036 E29.9117
G1 X215.832 Y215.218 E29.92663
G1 X215.756 Y215.294 E29.93137
G1 X215.229 Y215.442 E29.95555
G1 X213.292 Y213.883 E30.06534
G1 X215.838 Y210.717 E30.24474
G1 X219.003 Y213.263 E30.4241
G1 X217.404 Y215.252 E30.53679
G0 F7200 X217.676 Y215.751
G1 F3600 X217.454 Y215.814 E30.54698
G1 X216.463 Y215.523 E30.59259
G1 X216.319 Y215.521 E30.59895
G1 X216.203 Y215.589 E30.60489
G1 X216.028 Y215.764 E30.61582
G1 X215.111 Y216.021 E30.65787
G1 X212.554 Y213.963 E30.80281
G1 X215.757 Y209.979 E31.02853
G1 X219.741 Y213.182 E31.25426
G1 X217.676 Y215.751 E31.3998
G1 F2700 E30.8998
;MESH:boitierDown.stl
G0 F7200 X220.074 Y215.468
;TYPE:WALL-INNER
G1 F2700 E31.3998
G1 F4144.7 X217.18 Y219.06 E31.57672
G1 F2700 E31.07672
G0 F7200 X216.583 Y217.576
G0 X212.145 Y214.008
G0 X209.859 Y216.266
G1 F2700 E31.57672
G1 F3606.9 X208.098 Y218.457 E31.70061
G1 F3600 X207.824 Y218.512 E31.71295
G1 X213.135 Y222.78 E32.01381
G1 X213.102 Y222.482 E32.02705
G1 X214.982 Y220.143 E32.15956
G1 X215.279 Y219.915 E32.17609
G1 F3078.2 X215.82 Y219.789 E32.20478
G1 F2739.1 X216.025 Y219.886 E32.21794
G1 F2787.6 X216.522 Y220.272 E32.25383
G1 X216.422 Y219.888 E32.27645
G1 X216.55 Y219.67 E32.29087
G1 F3315.8 X217.18 Y219.06 E32.33291
G1 X216.44 Y219.322 E32.37055
G1 F2739.1 X216.13 Y219.175 E32.39046
G1 F3078.2 X215.465 Y218.525 E32.43848
G1 F3600 X211.452 Y215.298 E32.66587
G1 F3287 X210.699 Y214.757 E32.71071
G1 F2894.3 X210.604 Y214.708 E32.71658
G1 F2779.4 X210.466 Y214.519 E32.72997
G1 F3310 X210.561 Y213.739 E32.7677
G1 X210.102 Y214.486 E32.80981
G1 F2787.6 X209.917 Y214.657 E32.82418
G1 X209.56 Y214.674 E32.84456
G1 X210.068 Y215.097 E32.88226
G1 F2898.8 X210.109 Y215.239 E32.89036
G1 F3287 X210.136 Y215.777 E32.91641
G1 F3600 X209.978 Y216.118 E32.93301
G1 F3606.9 X209.859 Y216.266 E32.94138
G1 F2700 E32.44138
G0 F7200 X210.561 Y213.739
G1 F2700 E32.94138
G1 F4144.7 X213.451 Y210.14 E33.11841
G1 F2700 E32.61841
G0 F7200 X214.556 Y211.028
G0 X217.674 Y211.163
G0 X218.614 Y209.993
G1 F2700 E33.11841
G1 F3171.1 X219.359 Y210.623 E33.16732
G1 F2700 E32.66732
G0 F7200 X218.434 Y211.774
G0 X215.686 Y209.565
G0 X216.267 Y208.841
;TYPE:WALL-OUTER
G1 F2700 E33.16732
G1 F3600 X220.742 Y212.44 E33.4209
G1 X220.72 Y212.274 E33.42829
G1 X220.556 Y211.68 E33.4555
G1 X220.237 Y210.947 E33.4908
G1 X219.787 Y210.278 E33.5264
G1 X219.389 Y209.865 E33.55173
G1 X218.928 Y209.512 E33.57737
G1 X218.234 Y209.131 E33.61233
G1 X217.462 Y208.923 E33.64763
G1 X216.66 Y208.831 E33.68328
G1 X216.267 Y208.841 E33.70064
G0 F7200 X216.422 Y208.966
G1 F2700 E33.20064
G0 F7200 X207.257 Y216.25
G1 F2700 E33.70064
G1 F3780 X208.389 Y214.839 E33.77671
G1 F3139.5 X208.672 Y214.654 E33.79383
G1 F2727.3 X208.886 Y214.803 E33.80903
G1 F2948.5 X209.594 Y215.482 E33.86192
G1 F3351.1 X209.621 Y215.675 E33.87117
G1 F3600 X209.569 Y215.789 E33.8767
G1 X207.689 Y218.129 E34.00924
G1 F3677 X207.362 Y218.185 E34.02359
G1 F3764.9 X206.547 Y217.531 E34.06771
G1 F3474.3 X206.412 Y217.368 E34.07739
G1 F3461.5 X206.483 Y217.214 E34.08518
G1 F3764.9 X207.257 Y216.25 E34.13738
G0 F7200 X207.382 Y216.095
G0 X206.619 Y216.246
G1 F3764.9 X206.066 Y216.934 E34.17465
G1 F3461.5 X205.709 Y217.443 E34.2032
G1 F3474.3 X206.233 Y217.92 E34.23562
G1 F3772.5 X207.014 Y218.548 E34.27785
G1 F3684.2 X207.802 Y219.166 E34.32106
G1 F3600 X212.475 Y222.923 E34.58583
G1 F3691.4 X213.247 Y223.56 E34.62893
G1 F3764.9 X214.094 Y224.239 E34.67476
G1 F3461.5 X214.603 Y224.596 E34.70331
G1 F3467.9 X215.025 Y224.137 E34.7319
G1 F3750 X217.015 Y221.666 E34.86639
G1 F3113.7 X217.284 Y221.169 E34.89524
G1 F2669.5 X217.506 Y220.894 E34.91629
G1 F2731.2 X217.012 Y220.475 E34.95399
G1 F3150 X216.98 Y220.096 E34.97318
M104 S205
G1 F3600 X220.522 Y215.689 E35.22285
G1 X220.756 Y214.726 E35.26661
G1 X220.839 Y213.736 E35.31048
G1 X216.854 Y218.689 E35.59119
G1 X216.581 Y218.75 E35.60354
G1 X210.994 Y214.257 E35.92012
G1 X210.994 Y213.977 E35.93249
G1 X214.976 Y209.021 E36.21322
G1 X214.807 Y209.055 E36.22083
G1 X213.816 Y209.422 E36.26749
G1 X213.14 Y209.75 E36.30067
G1 X209.592 Y214.156 E36.55047
G1 F3139.5 X209.263 Y214.242 E36.56769
G1 F2727.3 X208.706 Y213.816 E36.60856
G1 F2677.1 X208.485 Y214.091 E36.62951
G1 F3139.5 X208.001 Y214.526 E36.66246
G1 F3780 X206.619 Y216.246 E36.75525
G0 F7200 X206.494 Y216.401
G1 F2700 E36.25525
G0 F7200 X205.781 Y215.829
G0 X204.381 Y217.589
G0 X212.469 Y224.108
G0 X213.511 Y222.811
G1 F2700 E36.75525
G1 F3600 X215.391 Y220.471 E36.88779
G1 X215.49 Y220.396 E36.89328
G1 F3363 X215.686 Y220.38 E36.90257
G1 F3014.4 X216.702 Y221.079 E36.96761
G1 F3258.6 X216.598 Y221.386 E36.98342
G1 F3750 X214.663 Y223.79 E37.11424
G1 F3467.9 X214.528 Y223.892 E37.122
G1 F3461.5 X214.374 Y223.822 E37.12976
G1 F3764.9 X213.56 Y223.171 E37.17377
G1 F3691.4 X213.511 Y222.811 E37.18942
G0 F7200 X213.636 Y222.656
G1 F2700 E36.68942
G0 F7200 X210.381 Y216.269
;TYPE:SKIN
G1 F2700 E37.18942
G1 F3606.9 X210.571 Y215.854 E37.20953
G1 F3600 X210.566 Y215.254 E37.23603
G1 X211.178 Y215.646 E37.26812
G1 X215.172 Y218.857 E37.49441
G1 X215.597 Y219.356 E37.52336
G1 X215.084 Y219.519 E37.54713
G1 X214.631 Y219.875 E37.57257
G1 X212.9 Y222.027 E37.69452
G1 X208.581 Y218.555 E37.93922
G1 X210.332 Y216.377 E38.06262
G1 F3606.9 X210.381 Y216.269 E38.06785
G1 F2700 E37.56785
G0 F7200 X209.241 Y218.151
G1 F2700 E38.06785
G1 F3600 X212.297 Y221.206 E38.25865
G0 F7200 X213.142 Y221.309
G1 F3600 X209.572 Y217.739 E38.48159
G0 F7200 X209.903 Y217.328
G1 F3600 X213.473 Y220.897 E38.7045
G0 F7200 X213.804 Y220.486
G1 F3600 X210.234 Y216.916 E38.92744
G0 F7200 X210.563 Y216.503
G1 F3600 X214.135 Y220.074 E39.15047
G0 F7200 X214.466 Y219.663
G1 F3600 X210.792 Y215.989 E39.3799
G1 X210.718 Y215.915
G1 F2700 E38.8799
G0 F7200 X212.96 Y217.415
G1 F2700 E39.3799
G1 F3600 X214.887 Y219.342 E39.50024
G1 X214.961 Y219.416
G1 F2700 E39.00024
;MESH:NONMESH
G0 F600 X214.961 Y219.416 Z0.4
G0 F7200 X210.189 Y207.018
;TIME_ELAPSED:34.658992
;LAYER:1
;note -- min layer time used
M106 S255
M204 S750
;TYPE:SUPPORT
G1 F2700 E39.50024
G1 F3904 X210.742 Y206.885 E39.51933
G1 X210.841 Y206.829 E39.52314
G1 X210.957 Y206.519 E39.53425
G1 X211.45 Y205.991 E39.55849
G1 X212.155 Y205.795 E39.58305
G1 X212.803 Y205.979 E39.60566
G1 X213.289 Y206.489 E39.6293
G1 X213.522 Y207.274 E39.65678
G1 X213.34 Y208.032 E39.68294
G1 X213.156 Y208.229 E39.69199
G1 X212.493 Y208.567 E39.71696
G1 X212.395 Y208.776 E39.72471
G1 X212.239 Y208.861 E39.73067
G1 X210.426 Y211.113 E39.82769
G1 X210.383 Y211.275 E39.83332
G1 X209.939 Y211.826 E39.85706
G1 X209.761 Y211.913 E39.86371
G1 X209.12 Y212.1 E39.88612
G1 X208.498 Y211.893 E39.90812
G1 X207.993 Y211.35 E39.93301
G1 X207.746 Y210.477 E39.96345
G1 X207.938 Y209.729 E39.98937
G1 X208.145 Y209.456 E40.00087
G1 X208.615 Y208.972 E40.02351
G1 X208.664 Y208.812 E40.02913
G1 X209.125 Y208.332 E40.05146
G1 X209.189 Y208.16 E40.05762
G1 X209.666 Y207.666 E40.08066
G1 X209.713 Y207.507 E40.08623
G1 X210.189 Y207.018 E40.10913
G1 F2700 E39.60913
G0 F8175 X214.976 Y210.861
G1 F2700 E40.10913
G1 F3904 X215.642 Y210.032 E40.14482
G1 X215.84 Y209.976 E40.15172
G1 X219.684 Y213.066 E40.31724
G1 X219.74 Y213.264 E40.32414
G1 X217.814 Y215.659 E40.42728
G1 X217.45 Y215.761 E40.43997
G1 X216.416 Y215.458 E40.47613
G1 X216.26 Y215.472 E40.48138
G1 X216.001 Y215.72 E40.49342
G1 X215 Y216 E40.5283
G1 X212.612 Y214.077 E40.63119
G1 X212.553 Y213.879 E40.63813
G1 X214.976 Y210.861 E40.76801
G1 F2700 E40.26801
G0 F8175 X221.942 Y215.428
G1 F2700 E40.76801
G1 F3904 X222.115 Y215.253 E40.77627
G1 X222.161 Y215.144 E40.78024
G1 X222.641 Y214.654 E40.80326
G1 X223.316 Y214.482 E40.82664
G1 X224.054 Y214.695 E40.85242
G1 X224.524 Y215.192 E40.87537
G1 X224.705 Y215.81 E40.89698
G1 X224.396 Y216.932 E40.93604
G1 X224.196 Y217.127 E40.94541
G1 X223.96 Y217.962 E40.97453
G1 X223.59 Y218.349 E40.9925
G1 X223.551 Y218.498 E40.99767
G1 X223.082 Y218.968 E41.01995
G1 X223.02 Y219.162 E41.02679
G1 X222.564 Y219.618 E41.04843
G1 X222.502 Y219.804 E41.05501
G1 X222.044 Y220.267 E41.07686
G1 X221.96 Y220.453 E41.08371
G1 X221.478 Y220.932 E41.10652
G1 X220.821 Y221.116 E41.12941
G1 X220.438 Y221.054 E41.14243
G1 X219.77 Y221.233 E41.16564
G1 X219.138 Y221.052 E41.18771
G1 X219.044 Y220.96 E41.19212
G1 X219.12 Y220.87 E41.19607
G1 X219.163 Y220.699 E41.20199
G1 X219.122 Y220.598 E41.20565
G1 X218.508 Y220.102 E41.23214
G1 X218.493 Y220.051 E41.23392
G1 X219.583 Y218.695 E41.29231
G1 X219.778 Y218.616 E41.29937
G1 X220.501 Y217.726 E41.33785
G1 X220.599 Y217.683 E41.34144
G1 X221.579 Y216.466 E41.39388
G1 X221.637 Y216.298 E41.39984
G1 X221.743 Y216.223 E41.4042
G1 X221.903 Y215.627 E41.42491
G1 X221.942 Y215.428 E41.43172
G1 F2700 E40.93172
;MESH:boitierDown.stl
G0 F8175 X220.477 Y215.148
G0 X220.081 Y215.461
M204 S594
;TYPE:WALL-INNER
G1 F2700 E41.43172
G1 F2462 X217.18 Y219.06 E41.69066
M204 S750
G0 F8175 X216.599 Y219.569
G0 X216.243 Y220.013
G0 X216.8 Y220.738
M204 S594
G1 F3014.1 X217.009 Y220.947 E41.70418
M204 S750
G0 F8175 X209.883 Y216.446
G0 X209.659 Y216.265
M204 S594
G1 F3904 X207.975 Y218.359 E41.79911
G1 X207.501 Y218.453 E41.81618
G1 X213.281 Y223.099 E42.07814
G1 X213.224 Y222.581 E42.09655
G1 X215.105 Y220.241 E42.20261
G1 X215.342 Y220.059 E42.21317
G1 X215.758 Y220.027 E42.22791
G1 X215.909 Y220.089 E42.23367
G1 F3518.6 X216.8 Y220.738 E42.27688
G1 F3099.6 X216.637 Y219.966 E42.31198
G1 F2692.4 X217.18 Y219.06 E42.36609
G1 F3003.1 X216.505 Y219.098 E42.39714
G1 F3904 X216.284 Y218.983 E42.40594
G1 X210.772 Y214.544 E42.65594
G1 X210.671 Y214.407 E42.66196
G1 F2997.6 X210.561 Y213.739 E42.6931
G1 F2688 X209.798 Y214.463 E42.74707
G1 F3070.6 X209.099 Y214.539 E42.77865
G1 F3488.7 X209.831 Y215.201 E42.81766
G1 F3904 X209.925 Y215.334 E42.82342
G1 X209.982 Y215.746 E42.83811
G1 X209.856 Y216.019 E42.84873
G1 X209.659 Y216.265 E42.85987
M204 S750
G0 F8175 X209.883 Y216.446
G0 X210.555 Y215.497
G0 X209.836 Y214.864
G0 X209.099 Y214.539
M204 S594
G1 F3003.1 X208.759 Y214.312 E42.87864
M204 S750
G0 F8175 X209.499 Y214.577
G0 X210.193 Y214.419
G0 X210.561 Y213.739
M204 S594
G1 F2462 X213.45 Y210.14 E43.13716
M204 S750
G1 F2700 E42.63716
G0 F8175 X214.518 Y209.335
G0 X216.732 Y209.006
G0 X217.339 Y209.252
M204 S594
G1 F2700 E43.13716
G1 F4215.1 X218.194 Y209.938 E43.17303
G1 F4048.6 X218.876 Y210.467 E43.20243
G1 F4058.6 X219.255 Y210.792 E43.21939
G1 F4247.9 X220.095 Y211.469 E43.25442
G1 X219.835 Y210.952 E43.27321
G1 X219.525 Y210.519 E43.2905
G1 F4140.6 X219.013 Y210.011 E43.31452
G1 F4130.2 X218.404 Y209.613 E43.33881
G1 F4215.1 X217.901 Y209.403 E43.35665
G1 X217.339 Y209.252 E43.37568
M204 S750
G0 F8175 X216.807 Y209.034
G0 X216.127 Y208.796
M204 S594
;TYPE:WALL-OUTER
G1 F3904 X220.818 Y212.567 E43.5883
G1 X220.727 Y212.086 E43.6056
G1 X220.458 Y211.286 E43.63541
G1 X220.18 Y210.742 E43.65699
G1 X219.837 Y210.262 E43.67783
G1 X219.437 Y209.839 E43.6984
G1 X219.083 Y209.553 E43.71448
G1 X218.588 Y209.252 E43.73494
G1 X218.032 Y209.02 E43.75622
G1 X217.263 Y208.813 E43.78436
G1 X216.475 Y208.775 E43.81223
G1 X216.127 Y208.796 E43.82454
M204 S750
G0 F8175 X216.282 Y208.921
G1 F2700 E43.32454
G0 F8175 X216.807 Y209.034
G0 X214.518 Y209.335
G0 X207.257 Y216.25
M204 S594
G1 F2700 E43.82454
G1 F3279.4 X208.389 Y214.839 E43.90062
G1 F3564.5 X208.661 Y214.788 E43.91132
G1 F3904 X209.547 Y215.501 E43.9515
G1 X209.575 Y215.698 E43.95853
G1 X207.648 Y218.096 E44.0672
G1 F3549.1 X207.362 Y218.185 E44.07884
G1 F3266.3 X206.547 Y217.531 E44.12296
G1 F3014.1 X206.412 Y217.368 E44.13264
G1 F3003.1 X206.483 Y217.214 E44.14043
G1 F3266.3 X207.257 Y216.25 E44.19263
M204 S750
G0 F8175 X207.382 Y216.095
G0 X206.619 Y216.246
M204 S594
G1 F3266.3 X206.066 Y216.934 E44.2299
G1 F3003.1 X205.709 Y217.443 E44.25845
G1 F3014.1 X206.233 Y217.92 E44.29087
G1 F3266.3 X207.083 Y218.602 E44.33689
G1 F3549.1 X207.769 Y219.206 E44.3724
G1 F3904 X212.442 Y222.964 E44.58424
G1 F3564.5 X213.247 Y223.56 E44.62299
G1 F3266.3 X214.094 Y224.239 E44.66883
G1 F3003.1 X214.603 Y224.596 E44.69738
G1 F3008.6 X215.025 Y224.137 E44.72596
G1 F3253.3 X217.015 Y221.666 E44.86045
G1 F3541.4 X217.395 Y221.26 E44.88211
G1 F3904 X217.708 Y220.872 E44.89972
G1 X217.092 Y220.376 E44.92766
G1 X217.027 Y220.124 E44.93685
G1 X220.572 Y215.71 E45.13684
G1 X220.674 Y215.329 E45.15077
G1 X220.816 Y214.581 E45.17767
G1 X220.89 Y213.892 E45.20215
G1 X220.887 Y213.597 E45.21257
G1 X216.819 Y218.65 E45.44173
G1 X216.601 Y218.698 E45.44961
G1 X211.039 Y214.224 E45.70177
G1 X211.04 Y214.002 E45.70961
G1 X215.101 Y208.945 E45.93873
G1 X214.744 Y209.022 E45.95163
G1 X213.799 Y209.374 E45.98725
G1 X213.107 Y209.709 E46.01441
G1 X209.556 Y214.118 E46.2144
G1 X209.326 Y214.128 E46.22253
G1 X208.684 Y213.616 E46.25154
G1 X208.374 Y214.001 E46.269
G1 F3564.5 X208.001 Y214.526 E46.29391
G1 F3279.4 X206.619 Y216.246 E46.3867
M204 S750
G0 F8175 X206.494 Y216.401
G0 X206.704 Y216.571
G0 X206.075 Y217.405
G0 X207.272 Y218.368
G0 X213.003 Y222.401
G0 X213.552 Y222.844
M204 S594
G1 F3904 X215.479 Y220.445 E46.49541
G1 X215.674 Y220.431 E46.50231
G1 X216.56 Y221.146 E46.54253
G1 F3541.4 X216.598 Y221.386 E46.55199
G1 F3253.3 X214.663 Y223.79 E46.68281
G1 F3008.6 X214.528 Y223.892 E46.69057
G1 F3003.1 X214.374 Y223.822 E46.69834
G1 F3266.3 X213.56 Y223.171 E46.74235
G1 F3564.5 X213.552 Y222.844 E46.755
M204 S750
G0 F8175 X213.677 Y222.689
G0 X213.127 Y222.246
G0 X210.112 Y216.236
;TYPE:SKIN
G1 F3904 X210.291 Y215.86 E46.76971
G1 X210.308 Y215.742 E46.77392
G1 F3752.1 X210.234 Y215.173 E46.79501
G1 F3627.6 X210.083 Y214.946 E46.80538
G1 F3643.7 X209.883 Y214.779 E46.81524
G1 X210.045 Y214.731 E46.82163
G1 X210.343 Y214.368 E46.83941
G1 X210.395 Y214.621 E46.84919
G1 F3595.8 X210.584 Y214.855 E46.86072
G1 F3718.1 X211.133 Y215.274 E46.88634
G1 F3904 X215.553 Y218.829 E47.08672
G1 F3726.5 X216.082 Y219.275 E47.11232
G1 F3603.7 X216.352 Y219.408 E47.12384
G1 F3643.7 X216.611 Y219.405 E47.13364
G1 X216.318 Y219.782 E47.15172
G1 X216.311 Y219.95 E47.15808
G1 X216.155 Y219.821 E47.16574
G1 F3635.7 X215.843 Y219.688 E47.17861
G1 F3760.7 X215.271 Y219.738 E47.19966
G1 F3904 X214.868 Y220.005 E47.21674
G1 X212.98 Y222.34 E47.32282
G1 X212.959 Y222.411 E47.32543
G1 X208.212 Y218.595 E47.54059
G1 X210.087 Y216.267 E47.64618
G1 X210.112 Y216.236 E47.64759
G0 F8175 X210.479 Y215.397
G1 F3904 X210.679 Y215.197 E47.65758
G0 F8175 X211.019 Y215.451
G1 F3904 X210.441 Y216.029 E47.68646
G0 F8175 X211.349 Y215.716
G1 F3904 X208.524 Y218.541 E47.82759
G0 F8175 X208.833 Y218.826
G1 F3904 X211.677 Y215.981 E47.96969
G0 F8175 X212.007 Y216.245
G1 F3904 X209.162 Y219.09 E48.11183
G0 F8175 X209.491 Y219.355
G1 F3904 X212.336 Y216.51 E48.25396
G0 F8175 X212.665 Y216.775
G1 F3904 X209.821 Y219.62 E48.39606
G0 F8175 X210.15 Y219.884
G1 F3904 X212.994 Y217.04 E48.53814
G0 F8175 X213.324 Y217.305
G1 F3904 X210.48 Y220.149 E48.68022
G0 F8175 X210.808 Y220.414
G1 F3904 X213.653 Y217.569 E48.82235
G0 F8175 X213.982 Y217.834
G1 F3904 X211.138 Y220.678 E48.96444
G0 F8175 X211.467 Y220.943
G1 F3904 X214.311 Y218.099 E49.10652
G0 F8175 X214.64 Y218.364
G1 F3904 X211.797 Y221.207 E49.24855
G0 F8175 X212.126 Y221.472
G1 F3904 X214.97 Y218.628 E49.39063
G0 F8175 X215.299 Y218.893
G1 F3904 X212.455 Y221.737 E49.53271
G0 F8175 X212.785 Y222.001
G1 F3904 X213.804 Y220.981 E49.58364
G1 X213.878 Y220.907
G0 F8175 X215.257 Y219.529
G1 F3904 X215.622 Y219.164 E49.60188
G0 F8175 X215.424 Y219.073
G1 F2700 E49.10188
;MESH:NONMESH
G0 F600 X215.424 Y219.073 Z0.6
G0 F8175 X210.598 Y214.175
G0 X213.25 Y209.896
G0 X212.39 Y209.206
G0 X210.444 Y207.283
;TIME_ELAPSED:48.856811
;LAYER:2
;note -- min layer time used
M204 S1000
;TYPE:SUPPORT
G1 F2700 E49.60188
G1 F3826.8 X210.933 Y207.163 E49.61877
G1 X211.038 Y207.053 E49.62388
G1 X211.14 Y206.653 E49.63773
G1 X211.601 Y206.127 E49.6612
G1 X212.162 Y205.976 E49.6807
G1 X212.749 Y206.167 E49.70142
G1 X213.224 Y206.698 E49.72532
G1 X213.47 Y207.519 E49.75409
G1 X213.306 Y208.219 E49.77822
G1 X212.599 Y208.577 E49.80481
G1 X212.514 Y208.748 E49.81122
G1 X212.304 Y208.862 E49.81924
G1 X210.501 Y211.104 E49.91579
G1 X210.457 Y211.246 E49.92078
G1 X209.896 Y211.941 E49.95075
G1 X209.683 Y212.01 E49.95827
G1 X209.613 Y212.083 E49.96166
G1 X209.173 Y212.212 E49.97705
G1 X208.626 Y212.029 E49.99641
G1 X208.173 Y211.538 E50.01882
G1 X207.938 Y210.712 E50.04764
G1 X208.108 Y210.03 E50.07123
G1 X208.601 Y209.481 E50.096
G1 X208.916 Y209.196 E50.11025
G1 X208.983 Y209.007 E50.11698
G1 X209.461 Y208.523 E50.13981
G1 X209.506 Y208.359 E50.14552
G1 X209.984 Y207.872 E50.16842
G1 X210.03 Y207.707 E50.17417
G1 X210.444 Y207.283 E50.19405
G1 F2700 E49.69405
G0 F9150 X214.947 Y210.898
G1 F2700 E50.19405
G1 F3826.8 X215.642 Y210.032 E50.23132
G1 X215.84 Y209.976 E50.23822
G1 X219.684 Y213.066 E50.40374
G1 X219.74 Y213.264 E50.41064
G1 X217.814 Y215.659 E50.51378
G1 X217.45 Y215.761 E50.52647
G1 X216.416 Y215.458 E50.56263
G1 X216.26 Y215.472 E50.56788
G1 X216.001 Y215.72 E50.57992
G1 X215 Y216 E50.6148
G1 X212.612 Y214.077 E50.71769
G1 X212.553 Y213.879 E50.72463
G1 X214.947 Y210.898 E50.85294
G1 F2700 E50.35294
G0 F9150 X221.907 Y215.323
G1 F2700 E50.85294
G1 F3826.8 X222.036 Y215.13 E50.86073
G1 X222.47 Y214.704 E50.88113
G1 X223.094 Y214.557 E50.90265
G1 X223.905 Y214.788 E50.93095
G1 X224.371 Y215.256 E50.95311
G1 X224.545 Y215.809 E50.97257
G1 X224.388 Y216.377 E50.99234
G1 X224.218 Y216.572 E51.00103
G1 X224.152 Y216.814 E51.00944
G1 X223.955 Y217.008 E51.01872
G1 X223.926 Y217.131 E51.02296
G1 X223.977 Y217.307 E51.02911
G1 X223.827 Y217.882 E51.04906
G1 X223.352 Y218.348 E51.07139
G1 X223.299 Y218.532 E51.07781
G1 X222.851 Y218.992 E51.09936
G1 X222.78 Y219.185 E51.10626
G1 X222.303 Y219.657 E51.12878
G1 X222.251 Y219.839 E51.13514
G1 X221.865 Y220.23 E51.15357
G1 X221.811 Y220.391 E51.15927
G1 X221.404 Y220.795 E51.17852
G1 X220.719 Y220.973 E51.20227
G1 X220.266 Y220.973 E51.21747
G1 X219.579 Y221.174 E51.24149
G1 X218.993 Y221.029 E51.26175
G1 X219.124 Y220.869 E51.26869
G1 X219.17 Y220.744 E51.27316
G1 X219.126 Y220.606 E51.27802
G1 X218.476 Y220.075 E51.30619
G1 X219.655 Y218.608 E51.36935
G1 X219.757 Y218.564 E51.37308
G1 X220.461 Y217.69 E51.41074
G1 X220.56 Y217.647 E51.41436
G1 X221.193 Y216.856 E51.44836
G1 X221.209 Y216.849 E51.44895
G1 X221.575 Y216.388 E51.4687
G1 X221.655 Y216.174 E51.47637
G1 X221.714 Y216.131 E51.47882
G1 X221.856 Y215.59 E51.49759
G1 X221.907 Y215.323 E51.50671
G1 F2700 E51.00671
;MESH:boitierDown.stl
G0 F9150 X220.496 Y215.052
G0 X220.076 Y215.469
M204 S688
;TYPE:WALL-INNER
G1 F2700 E51.50671
G1 F2413.3 X217.18 Y219.061 E51.76518
M204 S1000
G0 F9150 X216.599 Y219.569
G0 X216.243 Y220.013
G0 X216.8 Y220.738
M204 S688
G1 F2954.5 X217.009 Y220.947 E51.7787
M204 S1000
G0 F9150 X209.883 Y216.446
G0 X209.659 Y216.265
M204 S688
G1 F3826.8 X207.975 Y218.359 E51.87362
G1 X207.501 Y218.453 E51.89069
G1 X213.281 Y223.099 E52.15266
G1 X213.224 Y222.581 E52.17107
G1 X215.105 Y220.241 E52.27713
G1 X215.342 Y220.059 E52.28769
G1 X215.758 Y220.027 E52.30242
G1 X215.909 Y220.089 E52.30819
G1 F3449.1 X216.8 Y220.738 E52.3514
G1 F3044.1 X216.637 Y219.966 E52.38644
G1 F2643.5 X217.18 Y219.061 E52.44041
G1 F2949.1 X216.505 Y219.098 E52.47139
G1 F3826.8 X216.284 Y218.983 E52.4802
G1 X210.772 Y214.544 E52.7302
G1 X210.671 Y214.407 E52.73622
G1 F2938.3 X210.561 Y213.739 E52.76736
G1 F2634.9 X209.798 Y214.463 E52.82133
G1 F3009.9 X209.099 Y214.539 E52.85291
G1 F3419.7 X209.831 Y215.201 E52.89192
G1 F3826.8 X209.925 Y215.334 E52.89768
G1 X209.982 Y215.746 E52.91237
G1 X209.856 Y216.019 E52.92299
G1 X209.659 Y216.265 E52.93412
M204 S1000
G0 F9150 X209.883 Y216.446
G0 X210.555 Y215.497
G0 X209.836 Y214.864
G0 X209.099 Y214.539
M204 S688
G1 F2943.7 X208.759 Y214.312 E52.9529
M204 S1000
G0 F9150 X209.499 Y214.577
G0 X210.193 Y214.419
G0 X210.561 Y213.739
M204 S688
G1 F2413.3 X213.451 Y210.14 E53.21145
M204 S1000
G1 F2700 E52.71145
G0 F9150 X214.521 Y209.332
G0 X216.727 Y209.001
G0 X217.325 Y209.251
M204 S688
G1 F2700 E53.21145
G1 F4286.1 X218.065 Y209.844 E53.24136
G1 F4163.9 X218.73 Y210.342 E53.26834
G1 F4153.2 X219.337 Y210.866 E53.29444
G1 F4274.7 X220.104 Y211.484 E53.32559
G1 X219.933 Y211.09 E53.33917
G1 X219.602 Y210.603 E53.35779
G1 F4153.2 X219.024 Y210.02 E53.38452
G1 F4163.9 X218.262 Y209.527 E53.41398
G1 F4286.1 X217.518 Y209.275 E53.43876
G1 X217.325 Y209.251 E53.44489
M204 S1000
G0 F9150 X216.803 Y209.028
G0 X216.127 Y208.798
M204 S688
;TYPE:WALL-OUTER
G1 F3826.8 X220.814 Y212.565 E53.65731
G1 X220.793 Y212.392 E53.66347
G1 X220.635 Y211.711 E53.68816
G1 X220.283 Y210.898 E53.71946
G1 X219.915 Y210.355 E53.74263
G1 X219.448 Y209.851 E53.7669
G1 X219.071 Y209.549 E53.78397
G1 X218.43 Y209.164 E53.81038
G1 X217.613 Y208.886 E53.84087
G1 X216.797 Y208.786 E53.86991
G1 X216.294 Y208.779 E53.88768
G1 X216.127 Y208.798 E53.89362
M204 S1000
G0 F9150 X216.282 Y208.923
G1 F2700 E53.39362
G0 F9150 X216.803 Y209.028
G0 X214.521 Y209.332
G0 X207.257 Y216.25
M204 S688
G1 F2700 E53.89362
G1 F3214.5 X208.389 Y214.839 E53.96969
G1 F3494.1 X208.661 Y214.788 E53.9804
G1 F3826.8 X209.547 Y215.501 E54.02057
G1 X209.575 Y215.698 E54.0276
G1 X207.648 Y218.096 E54.13628
G1 F3478.9 X207.362 Y218.185 E54.14792
G1 F3201.7 X206.547 Y217.531 E54.19204
G1 F2954.5 X206.412 Y217.368 E54.20172
G1 F2943.7 X206.483 Y217.214 E54.20951
G1 F3201.7 X207.257 Y216.25 E54.26171
M204 S1000
G0 F9150 X207.382 Y216.095
G0 X206.619 Y216.246
M204 S688
G1 F3201.7 X206.066 Y216.934 E54.29898
G1 F2943.7 X205.709 Y217.443 E54.32753
G1 F2954.5 X206.233 Y217.92 E54.35995
G1 F3201.7 X207.083 Y218.602 E54.40596
G1 F3478.9 X207.769 Y219.206 E54.44148
G1 F3826.8 X212.442 Y222.964 E54.65331
G1 F3494.1 X213.247 Y223.56 E54.69207
G1 F3201.7 X214.094 Y224.239 E54.7379
G1 F2943.7 X214.603 Y224.596 E54.76645
G1 F2949.1 X215.025 Y224.137 E54.79504
G1 F3189 X217.015 Y221.666 E54.92953
G1 F3471.4 X217.395 Y221.26 E54.95118
G1 F3826.8 X217.708 Y220.872 E54.96879
G1 X217.092 Y220.376 E54.99673
G1 X217.027 Y220.124 E55.00593
G1 X220.606 Y215.673 E55.20769
G1 X220.812 Y214.608 E55.24601
G1 X220.898 Y213.807 E55.27446
G1 X220.892 Y213.592 E55.28206
G1 X216.82 Y218.651 E55.51147
G1 X216.601 Y218.698 E55.51939
G1 X211.039 Y214.224 E55.77155
G1 X211.04 Y214.002 E55.77939
G1 X215.104 Y208.945 E56.00857
G1 X214.711 Y209.03 E56.02277
G1 X213.787 Y209.377 E56.05764
G1 X213.107 Y209.709 E56.08437
G1 X209.556 Y214.118 E56.28436
G1 X209.326 Y214.128 E56.29249
G1 X208.684 Y213.616 E56.3215
G1 X208.374 Y214.001 E56.33896
G1 F3494.1 X208.001 Y214.526 E56.36387
G1 F3214.5 X206.619 Y216.246 E56.45666
M204 S1000
G0 F9150 X206.494 Y216.401
G0 X206.704 Y216.571
G0 X206.075 Y217.405
G0 X207.272 Y218.368
G0 X213.003 Y222.401
G0 X213.552 Y222.844
M204 S688
G1 F3826.8 X215.479 Y220.445 E56.56537
G1 X215.674 Y220.431 E56.57227
G1 X216.56 Y221.146 E56.61249
G1 F3471.4 X216.598 Y221.386 E56.62195
G1 F3189 X214.663 Y223.79 E56.75277
G1 F2949.1 X214.528 Y223.892 E56.76053
G1 F2943.7 X214.374 Y223.822 E56.7683
G1 F3201.7 X213.56 Y223.171 E56.8123
G1 F3494.1 X213.552 Y222.844 E56.82496
M204 S1000
G0 F9150 X213.677 Y222.689
G0 X213.127 Y222.246
G0 X210.112 Y216.236
;TYPE:SKIN
G1 F3826.8 X210.291 Y215.86 E56.83967
G1 X210.308 Y215.742 E56.84388
G1 F3678 X210.234 Y215.173 E56.86497
G1 F3555.9 X210.083 Y214.946 E56.87534
G1 F3571.7 X209.883 Y214.779 E56.8852
G1 X210.045 Y214.731 E56.89159
G1 X210.343 Y214.368 E56.90937
G1 X210.395 Y214.621 E56.91915
G1 F3524.7 X210.584 Y214.855 E56.93068
G1 F3644.6 X211.133 Y215.274 E56.9563
G1 F3826.8 X215.553 Y218.829 E57.15668
G1 F3636.4 X216.081 Y219.276 E57.18239
G1 F3524.7 X216.357 Y219.409 E57.19414
G1 F3571.7 X216.611 Y219.405 E57.20376
G1 X216.318 Y219.782 E57.22183
G1 X216.311 Y219.95 E57.2282
G1 X216.155 Y219.821 E57.23586
G1 F3603.7 X215.867 Y219.685 E57.2478
G1 F3737.8 X215.271 Y219.738 E57.26945
G1 F3826.8 X214.868 Y220.005 E57.28652
G1 X212.98 Y222.34 E57.3926
G1 X212.959 Y222.411 E57.39521
G1 X208.212 Y218.595 E57.61037
G1 X210.087 Y216.267 E57.71596
G1 X210.112 Y216.236 E57.71737
G0 F9150 X208.753 Y218.256
G1 F3826.8 X211.321 Y220.824 E57.84566
G1 X211.395 Y220.898
G0 F9150 X213.032 Y221.942
G1 F3826.8 X209.017 Y217.927 E58.04625
G0 F9150 X209.282 Y217.598
G1 F3826.8 X213.297 Y221.613 E58.24683
G0 F9150 X213.562 Y221.283
G1 F3826.8 X209.548 Y217.269 E58.44736
G0 F9150 X209.813 Y216.94
G1 F3826.8 X213.827 Y220.955 E58.64792
G0 F9150 X214.091 Y220.625
G1 F3826.8 X210.078 Y216.612 E58.8484
G0 F9150 X210.325 Y216.265
G1 F3826.8 X214.357 Y220.296 E59.0498
G0 F9150 X214.622 Y219.967
G1 F3826.8 X210.496 Y215.842 E59.25591
G0 F9150 X210.455 Y215.207
G1 F3826.8 X214.938 Y219.69 E59.47987
G0 F9150 X215.359 Y219.517
G1 F3826.8 X212.424 Y216.582 E59.6265
G1 X212.35 Y216.508
G0 F9150 X215.473 Y219.037
G1 F3826.8 X215.918 Y219.482 E59.64873
G0 F9150 X215.923 Y219.474
G1 F2700 E59.14873
;MESH:NONMESH
G0 F600 X215.923 Y219.474 Z0.8
G0 F9150 X210.598 Y214.175
G0 X213.25 Y209.897
G0 X212.767 Y208.905
G0 X211.773 Y206.498
;TIME_ELAPSED:61.586963
;LAYER:3
;note -- min layer time used
M204 S1250
;TYPE:SUPPORT
G1 F2700 E59.64873
G1 F3754.7 X212.257 Y206.368 E59.66555
G1 X212.767 Y206.538 E59.68359
G1 X213.192 Y207.021 E59.70518
G1 X213.419 Y207.776 E59.73164
G1 X213.305 Y208.281 E59.74901
G1 X212.716 Y208.581 E59.77119
G1 X212.636 Y208.711 E59.77631
G1 X212.4 Y208.835 E59.78526
G1 X210.576 Y211.101 E59.88288
G1 X210.444 Y211.635 E59.90134
G1 X210.096 Y211.989 E59.918
G1 X209.595 Y212.117 E59.93535
G1 X209.52 Y212.188 E59.93882
G1 X209.165 Y212.289 E59.95121
G1 X208.682 Y212.147 E59.9681
G1 X208.362 Y211.785 E59.98432
G1 X208.133 Y210.972 E60.01266
G1 X208.276 Y210.391 E60.03274
G1 X208.651 Y209.955 E60.05204
G1 X208.867 Y209.827 E60.06047
G1 X209.232 Y209.452 E60.07803
G1 X209.319 Y209.247 E60.0855
G1 X209.788 Y208.764 E60.1081
G1 X209.854 Y208.583 E60.11456
G1 X210.272 Y208.156 E60.13462
G1 X210.364 Y207.949 E60.14222
G1 X210.739 Y207.564 E60.16025
G1 X211.193 Y207.453 E60.17594
G1 X211.293 Y207.33 E60.18126
G1 X211.385 Y206.947 E60.19448
G1 X211.773 Y206.498 E60.21439
G1 F2700 E59.71439
G0 F10125 X215.642 Y210.032
G1 F2700 E60.21439
G1 F3754.7 X215.84 Y209.976 E60.2213
G1 X219.684 Y213.066 E60.38681
G1 X219.74 Y213.264 E60.39372
G1 X217.814 Y215.659 E60.49686
G1 X217.45 Y215.761 E60.50954
G1 X216.416 Y215.458 E60.5457
G1 X216.26 Y215.472 E60.55096
G1 X216.001 Y215.72 E60.56299
G1 X215 Y216 E60.59788
G1 X212.612 Y214.077 E60.70077
G1 X212.553 Y213.879 E60.7077
G1 X215.642 Y210.032 E60.87328
G1 F2700 E60.37328
G0 F10125 X221.958 Y215.066
G1 F2700 E60.87328
G1 F3754.7 X222.289 Y214.744 E60.88877
G1 X222.842 Y214.614 E60.90784
G1 X223.643 Y214.847 E60.93583
G1 X224.077 Y215.269 E60.95615
G1 X224.248 Y215.76 E60.9736
G1 X224.113 Y216.246 E60.99052
G1 X223.821 Y216.519 E61.00394
G1 X223.769 Y216.651 E61.0087
G1 X223.615 Y216.826 E61.01652
G1 X223.605 Y216.939 E61.02033
G1 X223.697 Y217.215 E61.03009
G1 X223.577 Y217.719 E61.04748
G1 X223.168 Y218.113 E61.06654
G1 X223.101 Y218.359 E61.07509
G1 X222.735 Y218.713 E61.09218
G1 X222.587 Y218.818 E61.09827
G1 X222.529 Y219.036 E61.10584
G1 X222.049 Y219.499 E61.12822
G1 X222.004 Y219.665 E61.134
G1 X221.628 Y220.052 E61.1521
G1 X221.583 Y220.214 E61.15775
G1 X221.175 Y220.605 E61.17671
G1 X220.414 Y220.795 E61.20303
G1 X220.279 Y220.783 E61.20758
G1 X219.926 Y220.968 E61.22096
G1 X219.346 Y221.139 E61.24125
G1 X218.823 Y221.015 E61.25929
G1 X218.677 Y220.882 E61.26592
G1 X218.71 Y220.8 E61.26888
G1 X218.67 Y220.66 E61.27377
G1 X218.346 Y220.355 E61.2887
G1 X218.3 Y220.181 E61.29474
G1 X218.471 Y219.679 E61.31254
G1 X218.885 Y219.269 E61.33209
G1 X219.037 Y219.161 E61.33835
G1 X219.074 Y219.053 E61.34218
G1 X219.461 Y218.68 E61.36022
G1 X219.666 Y218.591 E61.36772
G1 X220.438 Y217.633 E61.40901
G1 X220.531 Y217.591 E61.41243
G1 X221.621 Y216.233 E61.47087
G1 X221.807 Y215.56 E61.4943
G1 X221.874 Y215.215 E61.5061
G1 X221.958 Y215.066 E61.51184
G1 F2700 E61.01184
;MESH:boitierDown.stl
G0 F10125 X220.546 Y214.797
G0 X220.077 Y215.464
M204 S781
;TYPE:WALL-INNER
G1 F2700 E61.51184
G1 F2364.3 X217.18 Y219.06 E61.7709
M204 S1250
G0 F10125 X216.599 Y219.569
G0 X216.243 Y220.013
G0 X216.8 Y220.738
M204 S781
G1 F2898.8 X217.009 Y220.947 E61.78442
M204 S1250
G0 F10125 X209.883 Y216.446
G0 X209.659 Y216.265
M204 S781
G1 F3754.7 X207.975 Y218.359 E61.87935
G1 X207.501 Y218.453 E61.89642
G1 X213.281 Y223.099 E62.15838
G1 X213.224 Y222.581 E62.17679
G1 X215.105 Y220.241 E62.28285
G1 X215.342 Y220.059 E62.29341
G1 X215.758 Y220.027 E62.30815
G1 X215.909 Y220.089 E62.31391
G1 F3384 X216.8 Y220.738 E62.35712
G1 F2981 X216.637 Y219.966 E62.39222
G1 F2589.4 X217.18 Y219.06 E62.44633
G1 F2888.2 X216.505 Y219.098 E62.47738
G1 F3754.7 X216.284 Y218.983 E62.48618
G1 X210.772 Y214.544 E62.73618
G1 X210.671 Y214.407 E62.7422
G1 F2882.9 X210.561 Y213.739 E62.77334
G1 F2585.2 X209.798 Y214.463 E62.82731
G1 F2953.1 X209.099 Y214.539 E62.85889
G1 F3355.2 X209.831 Y215.201 E62.8979
G1 F3754.7 X209.925 Y215.334 E62.90366
G1 X209.982 Y215.746 E62.91835
G1 X209.856 Y216.019 E62.92897
G1 X209.659 Y216.265 E62.94011
M204 S1250
G0 F10125 X209.883 Y216.446
G0 X210.555 Y215.497
G0 X209.836 Y214.864
G0 X209.099 Y214.539
M204 S781
G1 F2888.2 X208.759 Y214.312 E62.95888
M204 S1250
G0 F10125 X209.499 Y214.577
G0 X210.193 Y214.419
G0 X210.561 Y213.739
M204 S781
G1 F2367.8 X213.456 Y210.136 E63.21779
M204 S1250
G1 F2700 E62.71779
G0 F10125 X214.522 Y209.329
G0 X216.73 Y209.003
G0 X217.341 Y209.259
M204 S781
G1 F2700 E63.21779
G1 F4205.2 X218.065 Y209.841 E63.24709
G1 F4085.4 X218.757 Y210.358 E63.27513
G1 F4096 X219.382 Y210.9 E63.30192
G1 F4216.5 X220.101 Y211.478 E63.33094
G1 X219.994 Y211.227 E63.33952
G1 X219.649 Y210.644 E63.36083
G1 F3982.2 X219.208 Y210.197 E63.38174
G1 F3772.6 X218.818 Y209.881 E63.39939
G1 F3972.2 X218.261 Y209.524 E63.42148
G1 F4205.2 X217.648 Y209.32 E63.44186
G1 X217.341 Y209.259 E63.45173
M204 S1250
G0 F10125 X216.806 Y209.029
G0 X216.136 Y208.8
M204 S781
;TYPE:WALL-OUTER
G1 F3754.7 X220.81 Y212.557 E63.66357
G1 X220.786 Y212.371 E63.6702
G1 X220.565 Y211.557 E63.69999
G1 X220.352 Y211.051 E63.71939
G1 X219.97 Y210.406 E63.74587
G1 X219.507 Y209.902 E63.77005
G1 X219.059 Y209.537 E63.79046
G1 X218.428 Y209.161 E63.81641
G1 X217.754 Y208.936 E63.84151
G1 X216.961 Y208.779 E63.87007
G1 X216.136 Y208.8 E63.89922
M204 S1250
G0 F10125 X216.291 Y208.925
G1 F2700 E63.39922
G0 F10125 X216.806 Y209.029
G0 X214.522 Y209.329
G0 X207.257 Y216.25
M204 S781
G1 F2700 E63.89922
G1 F3153.9 X208.389 Y214.839 E63.97529
G1 F3428.2 X208.661 Y214.788 E63.986
G1 F3754.7 X209.547 Y215.501 E64.02618
G1 X209.575 Y215.698 E64.0332
G1 X207.648 Y218.096 E64.14188
G1 F3413.3 X207.362 Y218.185 E64.15352
G1 F3141.4 X206.547 Y217.531 E64.19764
G1 F2898.8 X206.412 Y217.368 E64.20732
G1 F2888.2 X206.483 Y217.214 E64.21511
G1 F3141.4 X207.257 Y216.25 E64.26731
M204 S1250
G0 F10125 X207.382 Y216.095
G0 X206.619 Y216.246
M204 S781
G1 F3141.4 X206.066 Y216.934 E64.30458
G1 F2888.2 X205.709 Y217.443 E64.33313
G1 F2898.8 X206.233 Y217.92 E64.36555
G1 F3141.4 X207.083 Y218.602 E64.41156
G1 F3413.3 X207.769 Y219.206 E64.44708
G1 F3754.7 X212.442 Y222.964 E64.65892
G1 F3428.2 X213.247 Y223.56 E64.69767
G1 F3141.4 X214.094 Y224.239 E64.7435
G1 F2888.2 X214.603 Y224.596 E64.77206
G1 F2893.5 X215.025 Y224.137 E64.80064
G1 F3128.9 X217.015 Y221.666 E64.93513
G1 F3406 X217.395 Y221.26 E64.95679
G1 F3754.7 X217.708 Y220.872 E64.9744
G1 X217.092 Y220.376 E65.00233
G1 X217.027 Y220.124 E65.01153
G1 X220.571 Y215.711 E65.21147
G1 X220.693 Y215.235 E65.22883
G1 X220.809 Y214.621 E65.2509
G1 X220.878 Y213.962 E65.27431
G1 X220.88 Y213.601 E65.28706
G1 X216.819 Y218.65 E65.51595
G1 X216.601 Y218.698 E65.52384
G1 X211.039 Y214.224 E65.776
G1 X211.04 Y214.002 E65.78384
G1 X215.11 Y208.94 E66.01329
G1 X214.302 Y209.163 E66.0429
G1 X213.51 Y209.502 E66.07333
G1 X213.108 Y209.71 E66.08932
G1 X209.556 Y214.118 E66.2893
G1 X209.326 Y214.128 E66.29743
G1 X208.684 Y213.616 E66.32644
G1 X208.374 Y214.001 E66.3439
G1 F3428.2 X208.001 Y214.526 E66.36882
G1 F3153.9 X206.619 Y216.246 E66.46161
M204 S1250
G0 F10125 X206.494 Y216.401
G0 X206.704 Y216.571
G0 X206.075 Y217.405
G0 X207.272 Y218.368
G0 X213.003 Y222.401
G0 X213.552 Y222.844
M204 S781
G1 F3754.7 X215.479 Y220.445 E66.57031
G1 X215.674 Y220.431 E66.57722
G1 X216.56 Y221.146 E66.61744
G1 F3406 X216.598 Y221.386 E66.6269
G1 F3128.9 X214.663 Y223.79 E66.75772
G1 F2893.5 X214.528 Y223.892 E66.76547
G1 F2888.2 X214.374 Y223.822 E66.77324
G1 F3141.4 X213.56 Y223.171 E66.81725
G1 F3428.2 X213.552 Y222.844 E66.82991
M204 S1250
G0 F10125 X213.677 Y222.689
G0 X213.127 Y222.246
G0 X210.112 Y216.236
;TYPE:SKIN
G1 F3754.7 X210.291 Y215.86 E66.84462
G1 X210.308 Y215.742 E66.84883
G1 F3608.6 X210.234 Y215.173 E66.86992
G1 F3488.9 X210.083 Y214.946 E66.88028
G1 F3504.4 X209.883 Y214.779 E66.89015
G1 X210.045 Y214.731 E66.89654
G1 X210.343 Y214.368 E66.91432
G1 X210.395 Y214.621 E66.92409
G1 F3458.2 X210.584 Y214.855 E66.93563
G1 F3575.9 X211.133 Y215.274 E66.96125
G1 F3754.7 X215.553 Y218.829 E67.16162
G1 F3584 X216.082 Y219.275 E67.18723
G1 F3465.8 X216.352 Y219.408 E67.19875
G1 F3504.4 X216.611 Y219.405 E67.20855
G1 X216.318 Y219.782 E67.22662
G1 X216.311 Y219.95 E67.23299
G1 X216.155 Y219.821 E67.24065
G1 F3496.6 X215.843 Y219.688 E67.25351
G1 F3616.9 X215.271 Y219.738 E67.27457
G1 F3754.7 X214.868 Y220.005 E67.29165
G1 X212.98 Y222.34 E67.39772
G1 X212.959 Y222.411 E67.40034
G1 X208.212 Y218.595 E67.61549
G1 X210.087 Y216.267 E67.72109
G1 X210.112 Y216.236 E67.7225
G0 F10125 X210.479 Y215.397
G1 F3754.7 X210.679 Y215.197 E67.73249
G0 F10125 X211.019 Y215.451
G1 F3754.7 X210.441 Y216.029 E67.76136
G0 F10125 X211.349 Y215.716
G1 F3754.7 X208.524 Y218.541 E67.90249
G0 F10125 X208.833 Y218.826
G1 F3754.7 X211.677 Y215.981 E68.0446
G0 F10125 X212.007 Y216.245
G1 F3754.7 X209.162 Y219.09 E68.18673
G0 F10125 X209.491 Y219.355
G1 F3754.7 X212.336 Y216.51 E68.32886
G0 F10125 X212.665 Y216.775
G1 F3754.7 X209.821 Y219.62 E68.47097
G0 F10125 X210.15 Y219.884
G1 F3754.7 X212.994 Y217.04 E68.61305
G0 F10125 X213.324 Y217.305
G1 F3754.7 X210.48 Y220.149 E68.75513
G0 F10125 X210.808 Y220.414
G1 F3754.7 X213.653 Y217.569 E68.89726
G0 F10125 X213.982 Y217.834
G1 F3754.7 X211.138 Y220.678 E69.03934
G0 F10125 X211.467 Y220.943
G1 F3754.7 X214.311 Y218.099 E69.18142
G0 F10125 X214.64 Y218.364
G1 F3754.7 X211.797 Y221.207 E69.32345
G0 F10125 X212.126 Y221.472
G1 F3754.7 X214.97 Y218.628 E69.46553
G0 F10125 X215.299 Y218.893
G1 F3754.7 X212.455 Y221.737 E69.60761
G0 F10125 X212.785 Y222.001
G1 F3754.7 X213.804 Y220.981 E69.65855
G1 X213.878 Y220.907
G0 F10125 X215.257 Y219.529
G1 F3754.7 X215.622 Y219.164 E69.67678
G0 F10125 X215.424 Y219.073
G1 F2700 E69.17678
;MESH:NONMESH
G0 F600 X215.424 Y219.073 Z1
G0 F10125 X210.598 Y214.175
G0 X213.253 Y209.893
G0 X212.75 Y208.911
G0 X211.949 Y206.878
;TIME_ELAPSED:73.758513
;LAYER:4
;note -- min layer time used
M204 S1500
;TYPE:SUPPORT
G1 F2700 E69.67678
G1 F3776.8 X212.356 Y206.765 E69.69096
G1 X212.798 Y206.92 E69.70668
G1 X213.168 Y207.345 E69.72559
G1 X213.379 Y208.026 E69.74951
G1 X213.311 Y208.337 E69.7602
G1 X212.833 Y208.579 E69.77818
G1 X212.768 Y208.646 E69.78131
G1 X212.653 Y209.079 E69.79634
G1 X212.523 Y209.164 E69.80156
G1 X210.473 Y211.713 E69.91133
G1 X210.15 Y212.103 E69.92833
G1 X209.576 Y212.245 E69.94817
G1 X209.464 Y212.351 E69.95334
G1 X209.234 Y212.417 E69.96137
G1 X208.833 Y212.299 E69.9754
G1 X208.553 Y211.987 E69.98947
G1 X208.341 Y211.261 E70.01485
G1 X208.448 Y210.789 E70.03109
G1 X209.101 Y210.164 E70.06143
G1 X209.462 Y209.797 E70.07871
G1 X209.536 Y209.769 E70.08136
G1 X209.627 Y209.656 E70.08623
G1 X209.675 Y209.466 E70.09281
G1 X210.151 Y209.005 E70.11504
G1 X210.199 Y208.814 E70.12165
G1 X210.507 Y208.5 E70.13641
G1 X210.611 Y208.451 E70.14027
G1 X210.722 Y208.163 E70.15063
G1 X211.034 Y207.844 E70.1656
G1 X211.44 Y207.745 E70.17963
G1 X211.535 Y207.621 E70.18487
G1 X211.646 Y207.227 E70.19861
G1 X211.949 Y206.878 E70.21412
G1 F2700 E69.71412
G0 F11100 X215.642 Y210.032
G1 F2700 E70.21412
G1 F3776.8 X215.84 Y209.976 E70.22102
G1 X219.684 Y213.066 E70.38654
G1 X219.74 Y213.264 E70.39344
G1 X217.814 Y215.659 E70.49658
G1 X217.45 Y215.761 E70.50927
G1 X216.416 Y215.458 E70.54543
G1 X216.26 Y215.472 E70.55069
G1 X216.001 Y215.72 E70.56272
G1 X215 Y216 E70.5976
G1 X212.612 Y214.077 E70.7005
G1 X212.553 Y213.879 E70.70743
G1 X215.642 Y210.032 E70.873
G1 F2700 E70.373
G0 F11100 X221.911 Y215.005
G1 F2700 E70.873
G1 F3776.8 X222.129 Y214.792 E70.88323
G1 X222.601 Y214.682 E70.8995
G1 X223.319 Y214.892 E70.9246
G1 X223.699 Y215.258 E70.94231
G1 X223.847 Y215.669 E70.95697
G1 X223.733 Y216.084 E70.97141
G1 X223.45 Y216.341 E70.98424
G1 X223.39 Y216.486 E70.9895
G1 X223.24 Y216.661 E70.99724
G1 X223.235 Y216.778 E71.00117
G1 X223.333 Y217.053 E71.01097
G1 X223.229 Y217.487 E71.02594
G1 X222.868 Y217.84 E71.04289
G1 X222.758 Y218.118 E71.05292
G1 X222.439 Y218.418 E71.06762
G1 X222.28 Y218.5 E71.07362
G1 X222.186 Y218.807 E71.0844
G1 X221.726 Y219.216 E71.10505
G1 X221.673 Y219.412 E71.11187
G1 X221.285 Y219.789 E71.13002
G1 X221.23 Y219.993 E71.13711
G1 X220.685 Y220.5 E71.16209
G1 X220.114 Y220.64 E71.18182
G1 X219.753 Y220.909 E71.19693
G1 X219.1 Y221.107 E71.21983
G1 X218.653 Y221.007 E71.2352
G1 X218.591 Y220.95 E71.23803
G1 X218.658 Y220.745 E71.24527
G1 X218.533 Y220.545 E71.25318
G1 X218.208 Y220.281 E71.26723
G1 X218.354 Y219.873 E71.28178
G1 X218.785 Y219.448 E71.30209
G1 X218.932 Y219.081 E71.31536
G1 X219.105 Y218.897 E71.32383
G1 X219.16 Y218.714 E71.33025
G1 X219.62 Y218.145 E71.3548
G1 X219.635 Y218.139 E71.35534
G1 X220.054 Y217.615 E71.37786
G1 X220.54 Y217.507 E71.39457
G1 X221.578 Y216.22 E71.45005
G1 X221.76 Y215.521 E71.47429
G1 X221.831 Y215.156 E71.48677
G1 X221.911 Y215.005 E71.49251
G1 F2700 E70.99251
;MESH:boitierDown.stl
G0 F11100 X220.578 Y214.746
G0 X220.078 Y215.464
M204 S875
;TYPE:WALL-INNER
G1 F2700 E71.49251
G1 F2381.8 X217.18 Y219.06 E71.75121
M204 S1500
G0 F11100 X216.599 Y219.569
G0 X216.8 Y220.738
M204 S875
G1 F2915.9 X217.009 Y220.947 E71.76474
M204 S1500
G1 F2700 E71.26474
G0 F11100 X209.659 Y216.265
M204 S875
G1 F2700 E71.76474
G1 F3776.8 X207.975 Y218.359 E71.85966
G1 X207.501 Y218.453 E71.87673
G1 X213.281 Y223.099 E72.1387
G1 X213.224 Y222.581 E72.15711
G1 X215.105 Y220.241 E72.26317
G1 X215.342 Y220.059 E72.27372
G1 X215.758 Y220.027 E72.28846
G1 X215.909 Y220.089 E72.29423
G1 F3404 X216.8 Y220.738 E72.33743
G1 F2998.6 X216.637 Y219.966 E72.37254
G1 F2604.7 X217.18 Y219.06 E72.42665
G1 F2905.3 X216.505 Y219.098 E72.45769
G1 F3776.8 X216.284 Y218.983 E72.46649
G1 X210.772 Y214.544 E72.7165
G1 X210.671 Y214.407 E72.72251
G1 F2900 X210.561 Y213.739 E72.75366
G1 F2600.5 X209.798 Y214.463 E72.80763
G1 F2970.6 X209.099 Y214.539 E72.83921
G1 F3375.1 X209.831 Y215.201 E72.87822
G1 F3776.8 X209.925 Y215.334 E72.88397
G1 X209.982 Y215.746 E72.89867
G1 X209.856 Y216.019 E72.90929
G1 X209.659 Y216.265 E72.92042
M204 S1500
G1 F2700 E72.42042
G0 F11100 X210.715 Y214.954
G0 X209.099 Y214.539
M204 S875
G1 F2700 E72.92042
G1 F2905.3 X208.759 Y214.312 E72.9392
M204 S1500
G1 F2700 E72.4392
G0 F11100 X209.84 Y214.258
G0 X210.561 Y213.739
M204 S875
G1 F2700 E72.9392
G1 F2381.8 X213.455 Y210.135 E73.19811
M204 S1500
G1 F2700 E72.69811
G0 F11100 X214.513 Y209.341
G0 X216.727 Y209.001
G0 X217.352 Y209.261
M204 S875
G1 F2700 E73.19811
G1 F4141.7 X218.161 Y209.914 E73.2316
G1 F4067.4 X218.725 Y210.334 E73.25467
G1 F4120.2 X219.385 Y210.905 E73.28293
G1 F4241.4 X220.105 Y211.485 E73.31201
G1 X219.994 Y211.222 E73.32099
G1 X219.652 Y210.647 E73.34204
G1 F4005.7 X219.186 Y210.182 E73.36396
G1 F3794.9 X218.8 Y209.87 E73.38141
G1 F3965.7 X218.366 Y209.593 E73.39874
G1 F4141.7 X217.872 Y209.39 E73.41594
G1 X217.352 Y209.261 E73.4332
M204 S1500
G0 F11100 X216.803 Y209.027
G0 X216.128 Y208.797
M204 S875
;TYPE:WALL-OUTER
G1 F3776.8 X220.813 Y212.563 E73.64554
G1 X220.662 Y211.786 E73.6735
G1 X220.352 Y211.047 E73.70181
G1 X219.971 Y210.407 E73.72812
G1 X219.472 Y209.875 E73.75389
G1 X219.039 Y209.525 E73.77356
G1 X218.546 Y209.233 E73.7938
G1 X217.998 Y209.008 E73.81473
G1 X217.425 Y208.864 E73.8356
G1 X216.753 Y208.783 E73.85951
G1 X216.128 Y208.797 E73.88159
M204 S1500
G0 F11100 X216.283 Y208.922
G1 F2700 E73.38159
G0 F11100 X216.803 Y209.027
G0 X207.257 Y216.25
M204 S875
G1 F2700 E73.88159
G1 F3172.6 X208.389 Y214.839 E73.95767
G1 F3448.4 X208.661 Y214.788 E73.96838
G1 F3776.8 X209.547 Y215.501 E74.00855
G1 X209.575 Y215.698 E74.01558
G1 X207.648 Y218.096 E74.12425
G1 F3433.5 X207.362 Y218.185 E74.13589
G1 F3159.9 X206.547 Y217.531 E74.18001
G1 F2915.9 X206.412 Y217.368 E74.1897
G1 F2905.3 X206.483 Y217.214 E74.19748
G1 F3159.9 X207.257 Y216.25 E74.24968
M204 S1500
G0 F11100 X207.382 Y216.095
G0 X206.619 Y216.246
M204 S875
G1 F3159.9 X206.066 Y216.934 E74.28695
G1 F2905.3 X205.709 Y217.443 E74.3155
G1 F2915.9 X206.233 Y217.92 E74.34793
G1 F3159.9 X207.083 Y218.602 E74.39394
G1 F3433.5 X207.769 Y219.206 E74.42946
G1 F3776.8 X212.442 Y222.964 E74.64129
G1 F3448.4 X213.247 Y223.56 E74.68004
G1 F3159.9 X214.094 Y224.239 E74.72588
G1 F2905.3 X214.603 Y224.596 E74.75443
G1 F2910.6 X215.025 Y224.137 E74.78301
G1 F3147.4 X217.015 Y221.666 E74.9175
G1 F3426.1 X217.395 Y221.26 E74.93916
G1 F3776.8 X217.708 Y220.872 E74.95677
G1 X217.092 Y220.376 E74.98471
G1 X217.027 Y220.124 E74.9939
G1 X220.571 Y215.711 E75.19384
G1 X220.698 Y215.221 E75.21172
G1 X220.801 Y214.68 E75.23118
G1 X220.882 Y213.915 E75.25835
G1 X220.882 Y213.604 E75.26934
G1 X216.819 Y218.65 E75.49819
G1 X216.601 Y218.698 E75.50608
G1 X211.039 Y214.224 E75.75824
G1 X211.04 Y214.002 E75.76608
G1 X215.116 Y208.932 E75.99588
G1 X215.011 Y208.95 E75.99965
G1 X214.063 Y209.265 E76.03494
G1 X213.558 Y209.478 E76.0543
G1 X213.108 Y209.707 E76.07213
G1 X209.556 Y214.118 E76.2722
G1 X209.326 Y214.128 E76.28033
G1 X208.684 Y213.616 E76.30934
G1 X208.374 Y214.001 E76.3268
G1 F3448.4 X208.001 Y214.526 E76.35172
G1 F3172.6 X206.619 Y216.246 E76.44451
M204 S1500
G0 F11100 X206.494 Y216.401
G1 F2700 E75.94451
G0 F11100 X205.781 Y215.829
G0 X204.381 Y217.589
G0 X212.51 Y224.141
G0 X213.552 Y222.844
M204 S875
G1 F2700 E76.44451
G1 F3776.8 X215.479 Y220.445 E76.55321
G1 X215.674 Y220.431 E76.56011
G1 X216.56 Y221.146 E76.60033
G1 F3426.1 X216.598 Y221.386 E76.60979
G1 F3147.4 X214.663 Y223.79 E76.74061
G1 F2910.6 X214.528 Y223.892 E76.74837
G1 F2905.3 X214.374 Y223.822 E76.75614
G1 F3159.9 X213.56 Y223.171 E76.80015
G1 F3448.4 X213.552 Y222.844 E76.8128
M204 S1500
G0 F11100 X213.677 Y222.689
G1 F2700 E76.3128
G0 F11100 X210.112 Y216.236
;TYPE:SKIN
G1 F2700 E76.8128
G1 F3776.8 X210.291 Y215.86 E76.82751
G1 X210.308 Y215.742 E76.83172
G1 F3629.9 X210.234 Y215.173 E76.85281
G1 F3509.5 X210.083 Y214.946 E76.86318
G1 F3525.1 X209.883 Y214.779 E76.87304
G1 X210.045 Y214.731 E76.87944
G1 X210.343 Y214.368 E76.89721
G1 X210.395 Y214.621 E76.90699
G1 F3478.7 X210.584 Y214.855 E76.91852
G1 F3597 X211.133 Y215.274 E76.94414
G1 F3776.8 X215.553 Y218.829 E77.14452
G1 F3605.2 X216.082 Y219.275 E77.17012
G1 F3486.3 X216.352 Y219.408 E77.18164
G1 F3525.1 X216.611 Y219.405 E77.19145
G1 X216.318 Y219.782 E77.20952
G1 X216.311 Y219.95 E77.21588
G1 X216.155 Y219.821 E77.22354
G1 F3517.2 X215.843 Y219.688 E77.23641
G1 F3638.2 X215.271 Y219.738 E77.25746
G1 F3776.8 X214.868 Y220.005 E77.27454
G1 X212.98 Y222.34 E77.38062
G1 X212.959 Y222.411 E77.38323
G1 X208.212 Y218.595 E77.59839
G1 X210.087 Y216.267 E77.70398
G1 X210.112 Y216.236 E77.70539
G1 F2700 E77.20539
G0 F11100 X208.753 Y218.256
G1 F2700 E77.70539
G1 F3776.8 X211.321 Y220.824 E77.83368
G1 X211.395 Y220.898
G1 F2700 E77.33368
G0 F11100 X213.032 Y221.942
G1 F2700 E77.83368
G1 F3776.8 X209.017 Y217.927 E78.03427
G0 F11100 X209.282 Y217.598
G1 F3776.8 X213.297 Y221.613 E78.23485
G0 F11100 X213.562 Y221.283
G1 F3776.8 X209.548 Y217.269 E78.43538
G0 F11100 X209.813 Y216.94
G1 F3776.8 X213.827 Y220.955 E78.63594
G0 F11100 X214.091 Y220.625
G1 F3776.8 X210.078 Y216.612 E78.83642
G0 F11100 X210.325 Y216.265
G1 F3776.8 X214.357 Y220.296 E79.03782
G0 F11100 X214.622 Y219.967
G1 F3776.8 X210.497 Y215.843 E79.24388
G0 F11100 X210.455 Y215.207
G1 F3776.8 X214.938 Y219.69 E79.46784
G0 F11100 X215.359 Y219.517
G1 F3776.8 X212.424 Y216.582 E79.61446
G1 X212.35 Y216.508
G0 F11100 X212.517 Y216.301
G0 X215.648 Y218.819
G0 X215.472 Y219.036
G1 F3776.8 X215.919 Y219.483 E79.6368
G1 F2700 E79.1368
;MESH:NONMESH
G0 F600 X215.919 Y219.483 Z1.2
G0 F11100 X216.138 Y219.213
G0 X210.598 Y214.175
G0 X213.426 Y209.806
G0 X212.114 Y207.255
;TIME_ELAPSED:85.481474
;LAYER:5
;note -- min layer time used
M204 S1750
;TYPE:SUPPORT
G1 F2700 E79.6368
G1 F1464.3 X212.454 Y207.168 E79.64857
G1 X212.825 Y207.3 E79.66179
G1 X213.152 Y207.677 E79.67854
G1 X213.334 Y208.266 E79.69923
G1 X213.311 Y208.373 E79.7029
G1 X212.796 Y208.635 E79.72229
G1 X212.706 Y208.796 E79.72848
G1 X212.753 Y209.058 E79.73741
G1 X212.624 Y209.126 E79.74231
G1 X210.639 Y211.594 E79.8486
G1 X210.578 Y211.62 E79.85082
G1 X210.489 Y211.78 E79.85697
G1 X210.138 Y212.219 E79.87583
G1 X209.892 Y212.274 E79.88429
G1 X209.701 Y212.25 E79.89075
G1 X209.463 Y212.483 E79.90193
G1 X209.354 Y212.514 E79.90573
G1 X209.016 Y212.416 E79.91754
G1 X208.746 Y212.072 E79.93221
G1 X208.579 Y211.533 E79.95115
G1 X208.636 Y211.336 E79.95803
G1 X208.99 Y210.945 E79.97573
G1 X209.019 Y210.825 E79.97988
G1 X209.259 Y210.552 E79.99208
G1 X209.421 Y210.492 E79.99787
G1 X209.504 Y210.335 E80.00383
G1 X209.758 Y210.077 E80.01598
G1 X209.928 Y209.992 E80.02236
G1 X210.023 Y209.691 E80.03296
G1 X210.275 Y209.435 E80.04501
G1 X210.452 Y209.348 E80.05163
G1 X210.547 Y209.038 E80.06251
G1 X210.801 Y208.781 E80.07464
G1 X210.976 Y208.696 E80.08117
G1 X211.071 Y208.391 E80.09189
G1 X211.329 Y208.129 E80.10423
G1 X211.654 Y208.058 E80.11539
G1 X211.728 Y208.006 E80.11843
G1 X211.876 Y207.54 E80.13483
G1 X212.114 Y207.255 E80.14729
G1 F2700 E79.64729
G0 F12075 X215.486 Y210.224
G1 F2700 E80.14729
G1 F1464.3 X215.976 Y210.087 E80.16437
G1 X219.489 Y212.911 E80.31563
G1 X219.632 Y213.401 E80.33276
G1 X217.97 Y215.467 E80.42175
G1 X217.45 Y215.613 E80.43987
G1 X216.324 Y215.282 E80.47926
G1 X216.209 Y215.321 E80.48333
G1 X215.931 Y215.588 E80.49627
G1 X214.864 Y215.888 E80.53347
G1 X212.804 Y214.233 E80.62215
G1 X212.661 Y213.743 E80.63928
G1 X215.486 Y210.224 E80.79072
G1 F2700 E80.29072
G0 F12075 X221.301 Y216.034
G1 F2700 E80.79072
G1 F1464.3 X221.461 Y215.395 E80.81282
G1 X221.61 Y215.254 E80.81971
G1 X221.768 Y215.209 E80.82522
G1 X221.857 Y215.104 E80.82984
G1 X221.884 Y214.9 E80.83675
G1 X221.944 Y214.848 E80.83941
G1 X222.358 Y214.75 E80.85369
G1 X222.992 Y214.935 E80.87585
G1 X223.319 Y215.247 E80.89102
G1 X223.443 Y215.586 E80.90314
G1 X223.353 Y215.924 E80.91487
G1 X223.076 Y216.17 E80.92731
G1 X223.012 Y216.32 E80.93278
G1 X222.876 Y216.478 E80.93978
G1 X222.87 Y216.588 E80.94347
G1 X222.977 Y216.89 E80.95422
G1 X222.896 Y217.244 E80.96641
G1 X222.649 Y217.487 E80.97804
G1 X222.471 Y217.598 E80.98508
G1 X222.392 Y217.916 E80.99608
G1 X222.145 Y218.155 E81.00761
G1 X221.936 Y218.248 E81.01529
G1 X221.837 Y218.587 E81.02714
G1 X221.59 Y218.823 E81.0386
G1 X221.446 Y218.892 E81.04396
G1 X221.356 Y219.165 E81.05361
G1 X221.107 Y219.408 E81.06529
G1 X220.956 Y219.488 E81.07102
G1 X220.862 Y219.795 E81.08179
G1 X220.318 Y220.342 E81.10768
G1 X219.957 Y220.428 E81.12014
G1 X219.498 Y220.847 E81.14099
G1 X218.85 Y221.067 E81.16396
G1 X218.553 Y220.998 E81.17419
G1 X218.658 Y220.831 E81.18081
G1 X218.637 Y220.672 E81.1862
G1 X218.106 Y220.241 E81.20915
G1 X218.166 Y220.09 E81.2146
G1 X218.513 Y219.763 E81.2306
G1 X218.718 Y219.664 E81.23824
G1 X218.783 Y219.544 E81.24282
G1 X218.74 Y219.344 E81.24969
G1 X218.805 Y219.088 E81.25855
G1 X220.092 Y217.489 E81.32743
G1 X220.145 Y217.467 E81.32936
G1 X221.301 Y216.034 E81.39115
G1 F2700 E80.89115
;MESH:boitierDown.stl
G0 F12075 X220.473 Y212.013
G0 X217.337 Y209.26
M204 S969
;TYPE:WALL-INNER
G1 F2700 E81.39115
G1 F1640.1 X218.061 Y209.843 E81.42047
G1 F1529.9 X218.636 Y210.27 E81.44468
G1 F1478.4 X219.112 Y210.667 E81.46637
G1 F1522.3 X220.064 Y211.432 E81.50787
G1 X219.977 Y211.229 E81.51537
G1 X219.704 Y210.766 E81.53364
G1 X219.386 Y210.373 E81.55082
G1 F1478.4 X218.898 Y209.932 E81.57383
G1 F1529.9 X218.256 Y209.525 E81.59953
G1 F1640.1 X217.604 Y209.31 E81.62119
G1 X217.337 Y209.26 E81.62975
M204 S1750
G0 F12075 X216.818 Y209.043
G0 X216.126 Y208.798
M204 S969
;TYPE:WALL-OUTER
G1 F1464.3 X220.811 Y212.562 E81.84205
G1 X220.782 Y212.336 E81.8501
G1 X220.581 Y211.597 E81.87715
G1 X220.348 Y211.047 E81.89826
G1 X220.05 Y210.54 E81.91903
G1 X219.689 Y210.092 E81.93935
G1 X219.153 Y209.59 E81.9653
G1 X218.421 Y209.161 E81.99527
G1 X217.703 Y208.925 E82.02197
G1 X217.131 Y208.818 E82.04252
G1 X216.343 Y208.78 E82.07039
G1 X216.126 Y208.798 E82.07809
M204 S1750
G0 F12075 X216.281 Y208.923
G1 F2700 E81.57809
G0 F12075 X216.818 Y209.043
G0 X217.856 Y209.917
G0 X217.177 Y210.763
G0 X213.621 Y215.179
G0 X212.737 Y216.283
M204 S969
G1 F2700 E82.07809
G1 F1220.3 X216.278 Y219.131 E82.27072
G1 F1126.4 X216.787 Y219.488 E82.29927
G1 F1128.5 X217.209 Y219.029 E82.32785
G1 F1225.1 X220.77 Y214.605 E82.56764
G1 F1230 X220.842 Y213.892 E82.59778
G1 X220.842 Y213.717 E82.60514
G1 F1225.1 X216.847 Y218.682 E82.87421
G1 F1128.5 X216.712 Y218.784 E82.88196
G1 F1126.4 X216.558 Y218.714 E82.88973
G1 F1220.3 X211.067 Y214.299 E83.18841
G1 F1132.6 X210.933 Y214.138 E83.19798
G1 F1130.6 X211.004 Y213.982 E83.20582
G1 F1227.6 X215 Y209.012 E83.47455
G1 F1232.5 X214.823 Y209.05 E83.48214
G1 X214.145 Y209.278 E83.51216
G1 F1227.6 X210.589 Y213.704 E83.75141
G1 F1130.6 X210.231 Y214.215 E83.77996
G1 F1132.6 X210.753 Y214.688 E83.81213
G1 F1225.1 X212.737 Y216.283 E83.91961
M204 S1750
G0 F12075 X212.892 Y216.408
G1 F2700 E83.41961
;MESH:NONMESH
G0 F600 X212.892 Y216.408 Z1.4
G0 F12075 X213.06 Y216.2
G0 X210.598 Y214.175
G0 X214.259 Y209.44
G0 X212.298 Y207.619
;TIME_ELAPSED:92.300113
;LAYER:6
;note -- min layer time used
M204 S2000
;TYPE:SUPPORT
G1 F2700 E83.91961
G1 F1432 X212.559 Y207.552 E83.92865
G1 X212.851 Y207.662 E83.93913
G1 X213.081 Y207.93 E83.95098
G1 X213.309 Y208.508 E83.97183
G1 X213.258 Y208.762 E83.98052
G1 X212.8 Y209.022 E83.9982
G1 X212.699 Y209.49 E84.01427
G1 X212.518 Y209.685 E84.02319
G1 X212.346 Y209.729 E84.02915
G1 X212.232 Y209.865 E84.03511
G1 X212.177 Y210.14 E84.04452
G1 X211.995 Y210.336 E84.0535
G1 X211.828 Y210.375 E84.05925
G1 X211.739 Y210.447 E84.06309
G1 X211.653 Y210.791 E84.07499
G1 X211.466 Y210.989 E84.08413
G1 X211.239 Y211.074 E84.09227
G1 X211.129 Y211.443 E84.10519
G1 X210.943 Y211.64 E84.11428
G1 X210.727 Y211.69 E84.12172
G1 X210.641 Y211.75 E84.12524
G1 X210.552 Y212.036 E84.13529
G1 X210.354 Y212.226 E84.1445
G1 X210.042 Y212.302 E84.15528
G1 X209.803 Y212.531 E84.16639
G1 X209.528 Y212.605 E84.17594
G1 X209.275 Y212.53 E84.1848
G1 X209.046 Y212.3 E84.19569
G1 X208.923 Y212.007 E84.20636
G1 X208.996 Y211.759 E84.21503
G1 X209.192 Y211.531 E84.22512
G1 X209.279 Y211.128 E84.23896
G1 X209.466 Y210.911 E84.24857
G1 X209.685 Y210.862 E84.2561
G1 X209.771 Y210.802 E84.25962
G1 X209.855 Y210.553 E84.26844
G1 X210.046 Y210.358 E84.2776
G1 X210.188 Y210.323 E84.28251
G1 X210.272 Y210.254 E84.28616
G1 X210.371 Y209.916 E84.29798
G1 X210.57 Y209.716 E84.30745
G1 X210.774 Y209.641 E84.31474
G1 X210.895 Y209.263 E84.32806
G1 X211.097 Y209.061 E84.33765
G1 X211.293 Y208.985 E84.3447
G1 X211.418 Y208.611 E84.35793
G1 X211.617 Y208.409 E84.36745
G1 X211.953 Y208.305 E84.37925
G1 X212.104 Y207.852 E84.39528
G1 X212.298 Y207.619 E84.40545
G1 F2700 E83.90545
G0 F13050 X215.334 Y210.416
G1 F2700 E84.40545
G1 F1432 X216.005 Y210.227 E84.42885
G1 X216.233 Y210.291 E84.4368
G1 X219.292 Y212.755 E84.56862
G1 X219.489 Y213.426 E84.59208
G1 X219.425 Y213.658 E84.60016
G1 X218.122 Y215.275 E84.66985
G1 X217.45 Y215.465 E84.69329
G1 X216.292 Y215.125 E84.73379
G1 X216.163 Y215.174 E84.73842
G1 X215.86 Y215.463 E84.75247
G1 X214.837 Y215.749 E84.78812
G1 X214.603 Y215.682 E84.79629
G1 X213 Y214.39 E84.86538
G1 X212.803 Y213.711 E84.88911
G1 X212.867 Y213.483 E84.89706
G1 X215.334 Y210.416 E85.02915
G1 F2700 E84.52915
G0 F13050 X221.14 Y215.949
G1 F2700 E85.02915
G1 F1432 X221.11 Y215.854 E85.03249
G1 X221.201 Y215.597 E85.04164
G1 X221.452 Y215.37 E85.053
G1 X221.544 Y215.169 E85.06042
G1 X221.786 Y214.951 E85.07135
G1 X222.252 Y214.861 E85.08728
G1 X222.688 Y214.995 E85.10258
G1 X222.949 Y215.237 E85.11453
G1 X223.051 Y215.508 E85.12425
G1 X222.985 Y215.76 E85.13299
G1 X222.703 Y215.999 E85.14539
G1 X222.642 Y216.17 E85.15149
G1 X222.545 Y216.271 E85.15619
G1 X222.522 Y216.42 E85.16125
G1 X222.626 Y216.713 E85.17168
G1 X222.566 Y217.003 E85.18162
G1 X222.376 Y217.191 E85.19059
G1 X222.189 Y217.246 E85.19713
G1 X222.116 Y217.332 E85.20092
G1 X222.042 Y217.671 E85.21256
G1 X221.848 Y217.863 E85.22172
G1 X221.679 Y217.903 E85.22755
G1 X221.577 Y217.998 E85.23223
G1 X221.498 Y218.349 E85.2443
G1 X221.299 Y218.537 E85.25349
G1 X221.176 Y218.571 E85.25777
G1 X221.077 Y218.686 E85.26286
G1 X221.024 Y218.921 E85.27095
G1 X220.825 Y219.115 E85.28027
G1 X220.636 Y219.198 E85.2872
G1 X220.523 Y219.558 E85.29986
G1 X220.251 Y219.813 E85.31238
G1 X220.205 Y219.934 E85.31672
G1 X219.967 Y220.134 E85.32715
G1 X219.677 Y220.203 E85.33716
G1 X219.596 Y220.258 E85.34044
G1 X219.448 Y220.59 E85.35264
G1 X219.17 Y220.833 E85.36503
G1 X218.672 Y220.994 E85.3826
G1 X218.174 Y220.906 E85.39957
G1 X218.059 Y220.814 E85.40451
G1 X218.04 Y220.73 E85.4074
G1 X217.865 Y220.58 E85.41514
G1 X217.816 Y220.447 E85.41989
G1 X217.91 Y220.19 E85.42908
G1 X218.037 Y220.077 E85.43478
G1 X218.063 Y219.922 E85.44006
G1 X218.553 Y219.314 E85.46626
G1 X218.64 Y218.921 E85.47977
G1 X218.956 Y218.602 E85.49484
G1 X219.011 Y218.384 E85.50238
G1 X219.208 Y218.19 E85.51166
G1 X219.405 Y218.118 E85.5187
G1 X219.535 Y217.732 E85.53237
G1 X219.732 Y217.534 E85.54174
G1 X219.951 Y217.442 E85.54971
G1 X220.059 Y217.08 E85.56239
G1 X220.26 Y216.882 E85.57186
G1 X220.412 Y216.842 E85.57714
G1 X220.513 Y216.719 E85.58248
G1 X220.583 Y216.423 E85.59268
G1 X220.782 Y216.227 E85.60206
G1 X221.011 Y216.179 E85.60991
G1 X221.101 Y216.11 E85.61372
G1 X221.14 Y215.949 E85.61928
G1 F2700 E85.11928
;MESH:boitierDown.stl
G0 F13050 X220.473 Y212.013
G0 X217.337 Y209.26
M204 S1062
;TYPE:WALL-INNER
G1 F2700 E85.61928
G1 F1603.9 X218.061 Y209.843 E85.64859
G1 F1496.2 X218.636 Y210.27 E85.67281
G1 F1445.8 X219.112 Y210.667 E85.6945
G1 F1488.7 X220.064 Y211.432 E85.736
G1 X219.977 Y211.229 E85.7435
G1 X219.704 Y210.766 E85.76177
G1 X219.386 Y210.373 E85.77894
G1 F1445.8 X218.898 Y209.932 E85.80196
G1 F1496.2 X218.256 Y209.525 E85.82766
G1 F1603.9 X217.604 Y209.31 E85.84931
G1 X217.337 Y209.26 E85.85788
M204 S2000
G0 F13050 X216.818 Y209.043
G0 X216.126 Y208.798
M204 S1062
;TYPE:WALL-OUTER
G1 F1432 X220.811 Y212.562 E86.07018
G1 X220.781 Y212.33 E86.07844
G1 X220.581 Y211.597 E86.10528
G1 X220.348 Y211.047 E86.12638
G1 X220.05 Y210.54 E86.14716
G1 X219.689 Y210.092 E86.16748
G1 X219.153 Y209.59 E86.19343
G1 X218.421 Y209.161 E86.2234
G1 X217.703 Y208.925 E86.2501
G1 X217.131 Y208.818 E86.27065
G1 X216.343 Y208.78 E86.29852
G1 X216.126 Y208.798 E86.30621
M204 S2000
G0 F13050 X216.281 Y208.923
G1 F2700 E85.80621
G0 F13050 X216.818 Y209.043
G0 X217.856 Y209.917
G0 X217.177 Y210.763
G0 X213.621 Y215.179
G0 X212.737 Y216.283
M204 S1062
G1 F2700 E86.30621
G1 F1193.4 X216.278 Y219.131 E86.49885
G1 F1101.6 X216.787 Y219.488 E86.5274
G1 F1103.6 X217.209 Y219.029 E86.55598
G1 F1198.1 X220.77 Y214.605 E86.79577
G1 F1202.9 X220.842 Y213.892 E86.8259
G1 X220.842 Y213.717 E86.83326
G1 F1198.1 X216.847 Y218.682 E87.10234
G1 F1103.6 X216.712 Y218.784 E87.11009
G1 F1101.6 X216.558 Y218.714 E87.11786
G1 F1193.4 X211.067 Y214.299 E87.41654
G1 F1107.6 X210.933 Y214.138 E87.4261
G1 F1105.6 X211.004 Y213.982 E87.43395
G1 F1200.5 X215 Y209.012 E87.70267
G1 F1205.3 X214.823 Y209.05 E87.71027
G1 X214.145 Y209.278 E87.74029
G1 F1200.5 X210.589 Y213.704 E87.97954
G1 F1105.6 X210.231 Y214.215 E88.00809
G1 F1107.6 X210.753 Y214.688 E88.04026
G1 F1198.1 X212.737 Y216.283 E88.14774
M204 S2000
G0 F13050 X212.892 Y216.408
G1 F2700 E87.64774
;MESH:NONMESH
G0 F600 X212.892 Y216.408 Z1.6
G0 F13050 X213.06 Y216.2
G0 X210.598 Y214.175
G0 X214.259 Y209.44
G0 X212.478 Y207.988
;TIME_ELAPSED:99.045023
;LAYER:7
;note -- min layer time used
M204 S2250
;TYPE:SUPPORT
G1 F2700 E88.14774
G1 F1424.1 X212.664 Y207.944 E88.15416
G1 X212.882 Y208.028 E88.162
G1 X213.255 Y208.505 E88.18232
G1 X213.355 Y208.763 E88.1916
G1 X213.318 Y208.993 E88.19942
G1 X213.161 Y209.166 E88.20726
G1 X212.885 Y209.309 E88.21769
G1 X212.795 Y209.643 E88.2293
G1 X212.662 Y209.776 E88.23561
G1 X212.368 Y209.859 E88.24587
G1 X212.305 Y209.959 E88.24983
G1 X212.266 Y210.3 E88.26135
G1 X212.141 Y210.428 E88.26735
G1 X211.917 Y210.468 E88.27499
G1 X211.819 Y210.537 E88.27901
G1 X211.742 Y210.952 E88.29318
G1 X211.617 Y211.08 E88.29918
G1 X211.393 Y211.12 E88.30682
G1 X211.295 Y211.189 E88.31084
G1 X211.218 Y211.608 E88.32514
G1 X211.095 Y211.731 E88.33097
G1 X210.867 Y211.772 E88.33875
G1 X210.767 Y211.84 E88.34281
G1 X210.693 Y212.261 E88.35715
G1 X210.569 Y212.385 E88.36304
G1 X210.349 Y212.416 E88.37049
G1 X210.172 Y212.382 E88.37654
G1 X210.068 Y212.438 E88.38051
G1 X209.846 Y212.733 E88.3929
G1 X209.58 Y212.809 E88.40218
G1 X209.437 Y212.745 E88.40744
G1 X209.244 Y212.5 E88.4179
G1 X209.126 Y212.058 E88.43326
G1 X209.18 Y211.867 E88.43992
G1 X209.33 Y211.709 E88.44723
G1 X209.468 Y211.634 E88.4525
G1 X209.541 Y211.415 E88.46025
G1 X209.677 Y211.274 E88.46682
G1 X210.076 Y211.182 E88.48056
G1 X210.139 Y211.081 E88.48456
G1 X210.19 Y210.768 E88.4952
G1 X210.317 Y210.62 E88.50175
G1 X210.604 Y210.533 E88.51181
G1 X210.669 Y210.434 E88.51578
G1 X210.715 Y210.111 E88.52673
G1 X210.84 Y209.968 E88.53311
G1 X211.128 Y209.881 E88.5432
G1 X211.193 Y209.782 E88.54718
G1 X211.239 Y209.459 E88.55813
G1 X211.364 Y209.316 E88.5645
G1 X211.58 Y209.271 E88.57191
G1 X211.677 Y209.203 E88.57588
G1 X211.763 Y208.812 E88.58932
G1 X211.892 Y208.664 E88.59591
G1 X212.121 Y208.617 E88.60375
G1 X212.243 Y208.512 E88.60915
G1 X212.306 Y208.215 E88.61934
G1 X212.478 Y207.988 E88.6289
G1 F2700 E88.1289
G0 F14025 X215.178 Y210.608
G1 F2700 E88.6289
G1 F1424.1 X216.004 Y210.375 E88.6577
G1 X216.513 Y210.519 E88.67545
G1 X219.101 Y212.599 E88.78688
G1 X219.341 Y213.425 E88.81575
G1 X219.197 Y213.937 E88.8336
G1 X218.278 Y215.084 E88.88292
G1 X217.45 Y215.317 E88.91179
G1 X216.902 Y215.157 E88.93094
G1 X216.428 Y215.288 E88.94745
G1 X216.08 Y215.169 E88.95979
G1 X215.927 Y215.198 E88.96502
G1 X215.779 Y215.336 E88.97181
G1 X214.837 Y215.601 E89.00465
G1 X214.315 Y215.45 E89.02288
G1 X213.192 Y214.545 E89.07129
G1 X212.947 Y213.712 E89.10042
G1 X213.098 Y213.196 E89.11847
G1 X215.178 Y210.608 E89.22989
G1 F2700 E88.72989
G0 F14025 X217.924 Y220.019
G1 F2700 E89.22989
G1 F1424.1 X217.805 Y219.727 E89.24048
G1 X217.855 Y219.569 E89.24604
G1 X218.038 Y219.413 E89.25411
G1 X218.147 Y219.393 E89.25783
G1 X218.242 Y219.321 E89.26183
G1 X218.382 Y218.908 E89.27646
G1 X218.564 Y218.76 E89.28433
G1 X218.73 Y218.727 E89.29001
G1 X218.837 Y218.614 E89.29524
G1 X218.907 Y218.242 E89.30794
G1 X219.047 Y218.099 E89.31465
G1 X219.273 Y218.056 E89.32238
G1 X219.393 Y217.933 E89.32814
G1 X219.44 Y217.582 E89.34003
G1 X219.568 Y217.447 E89.34627
G1 X219.812 Y217.4 E89.35461
G1 X219.918 Y217.292 E89.35969
G1 X219.965 Y216.926 E89.37207
G1 X220.096 Y216.791 E89.37838
G1 X220.333 Y216.745 E89.38649
G1 X220.455 Y216.59 E89.39311
G1 X220.489 Y216.274 E89.40377
G1 X220.619 Y216.141 E89.41001
G1 X220.786 Y216.105 E89.41575
G1 X220.892 Y215.982 E89.4212
G1 X221.005 Y215.641 E89.43325
G1 X221.285 Y215.396 E89.44574
G1 X221.352 Y215.216 E89.45218
G1 X221.542 Y215.056 E89.46052
G1 X221.841 Y214.999 E89.47073
G1 X222.415 Y215.074 E89.49016
G1 X222.596 Y215.232 E89.49822
G1 X222.661 Y215.415 E89.50474
G1 X222.594 Y215.601 E89.51138
G1 X222.315 Y215.846 E89.52384
G1 X222.183 Y216.276 E89.53893
G1 X222.3 Y216.563 E89.54933
G1 X222.26 Y216.753 E89.55585
G1 X222.116 Y216.883 E89.56236
G1 X221.888 Y216.943 E89.57027
G1 X221.818 Y217.026 E89.57392
G1 X221.732 Y217.402 E89.58686
G1 X221.587 Y217.535 E89.59346
G1 X221.357 Y217.579 E89.60132
G1 X221.242 Y217.684 E89.60655
G1 X221.156 Y218.114 E89.62126
G1 X221.025 Y218.248 E89.62755
G1 X220.861 Y218.288 E89.63322
G1 X220.774 Y218.381 E89.63749
G1 X220.702 Y218.686 E89.64801
G1 X220.551 Y218.814 E89.65465
G1 X220.297 Y218.89 E89.66355
G1 X220.238 Y218.975 E89.66702
G1 X220.157 Y219.36 E89.68022
G1 X219.92 Y219.553 E89.69048
G1 X219.816 Y219.846 E89.70092
G1 X219.658 Y219.98 E89.70787
G1 X219.513 Y220.016 E89.71288
G1 X219.385 Y220.196 E89.72029
G1 X219.137 Y220.389 E89.73084
G1 X219.035 Y220.622 E89.73938
G1 X218.833 Y220.776 E89.7479
G1 X218.536 Y220.844 E89.75813
G1 X218.463 Y220.827 E89.76064
G1 X218.109 Y220.905 E89.77281
G1 X217.825 Y220.86 E89.78246
G1 X217.634 Y220.717 E89.79046
G1 X217.584 Y220.552 E89.79625
G1 X217.672 Y220.359 E89.80337
G1 X217.894 Y220.16 E89.81337
G1 X217.924 Y220.019 E89.81821
G1 F2700 E89.31821
;MESH:boitierDown.stl
G0 F14025 X220.473 Y212.013
G0 X217.337 Y209.26
M204 S1156
;TYPE:WALL-INNER
G1 F2700 E89.81821
G1 F1595 X218.061 Y209.843 E89.84753
G1 F1487.9 X218.636 Y210.27 E89.87175
G1 F1437.8 X219.112 Y210.667 E89.89343
G1 F1480.5 X220.064 Y211.432 E89.93493
G1 X219.977 Y211.229 E89.94244
G1 X219.704 Y210.766 E89.9607
G1 X219.386 Y210.373 E89.97788
G1 F1437.8 X218.898 Y209.932 E90.00089
G1 F1487.9 X218.256 Y209.525 E90.02659
G1 F1595 X217.604 Y209.31 E90.04825
G1 X217.337 Y209.26 E90.05682
M204 S2250
G0 F14025 X216.818 Y209.043
G0 X216.126 Y208.798
M204 S1156
;TYPE:WALL-OUTER
G1 F1424.1 X220.811 Y212.562 E90.26911
G1 X220.782 Y212.336 E90.27716
G1 X220.581 Y211.597 E90.30422
G1 X220.348 Y211.047 E90.32532
G1 X220.05 Y210.54 E90.34609
G1 X219.689 Y210.092 E90.36642
G1 X219.153 Y209.59 E90.39236
G1 X218.421 Y209.161 E90.42233
G1 X217.703 Y208.925 E90.44903
G1 X217.131 Y208.818 E90.46959
G1 X216.343 Y208.78 E90.49746
G1 X216.126 Y208.798 E90.50515
M204 S2250
G0 F14025 X216.281 Y208.923
G1 F2700 E90.00515
G0 F14025 X216.818 Y209.043
G0 X217.856 Y209.917
G0 X217.177 Y210.763
G0 X213.621 Y215.179
G0 X212.737 Y216.283
M204 S1156
G1 F2700 E90.50515
G1 F1186.8 X216.278 Y219.131 E90.69778
G1 F1095.5 X216.787 Y219.488 E90.72633
G1 F1097.5 X217.209 Y219.029 E90.75491
G1 F1191.5 X220.77 Y214.605 E90.9947
G1 F1196.3 X220.842 Y213.892 E91.02484
G1 X220.842 Y213.717 E91.0322
G1 F1191.5 X216.847 Y218.682 E91.30127
G1 F1097.5 X216.712 Y218.784 E91.30903
G1 F1095.5 X216.558 Y218.714 E91.31679
G1 F1186.8 X211.067 Y214.299 E91.61547
G1 F1101.5 X210.933 Y214.138 E91.62504
G1 F1099.5 X211.004 Y213.982 E91.63288
G1 F1193.9 X215 Y209.012 E91.90161
G1 F1198.7 X214.823 Y209.05 E91.90921
G1 X214.145 Y209.278 E91.93923
G1 F1193.9 X210.589 Y213.704 E92.17847
G1 F1099.5 X210.231 Y214.215 E92.20702
G1 F1101.5 X210.753 Y214.688 E92.23919
G1 F1191.5 X212.737 Y216.283 E92.34667
M204 S2250
G0 F14025 X212.892 Y216.408
G1 F2700 E91.84667
;MESH:NONMESH
G0 F600 X212.892 Y216.408 Z1.8
G0 F14025 X213.06 Y216.2
G0 X210.598 Y214.175
G0 X213.432 Y210.66
G0 X214.142 Y209.556
G0 X212.714 Y208.407
;TIME_ELAPSED:105.766835
;LAYER:8
;note -- min layer time used
M204 S2500
;TYPE:SUPPORT
G1 F2700 E92.34667
G1 F1035.9 X212.787 Y208.395 E92.34994
G1 X212.933 Y208.46 E92.35699
G1 X213.147 Y208.701 E92.3712
G1 X213.173 Y208.79 E92.37529
G1 X213.142 Y208.898 E92.38025
G1 F1097.5 X212.87 Y209.261 E92.39913
G1 F1078.9 X212.594 Y209.527 E92.41536
G1 X212.355 Y209.891 E92.4338
G1 X212.07 Y210.179 E92.45096
G1 F1074.8 X211.778 Y210.605 E92.47292
G1 F1072.8 X211.549 Y210.827 E92.4865
G1 F1074.8 X211.253 Y211.26 E92.5088
G1 X211.036 Y211.471 E92.52166
G1 F1047.3 X210.872 Y211.748 E92.53571
G1 F1021.1 X210.437 Y212.193 E92.56355
G1 F938.9 X210.296 Y212.229 E92.57063
G1 F943.6 X210.102 Y212.382 E92.5826
G1 F962.6 X209.827 Y212.491 E92.59664
G1 X209.702 Y212.587 E92.60412
G1 X209.558 Y212.588 E92.61095
G1 X209.483 Y212.511 E92.61605
G1 X209.398 Y212.195 E92.63159
G1 X209.422 Y212.01 E92.64044
G1 X209.482 Y211.918 E92.64565
G1 X209.664 Y211.925 E92.6543
G1 X209.786 Y211.876 E92.66054
G1 F943.6 X210.009 Y211.659 E92.6756
G1 F942 X210.25 Y211.625 E92.68741
G1 F1026.6 X210.386 Y211.528 E92.69484
G1 F1074.8 X210.492 Y211.367 E92.70304
G1 F1021.1 X210.543 Y211.088 E92.71573
G1 F997.9 X210.584 Y211.043 E92.71852
G1 X210.768 Y211.021 E92.727
G1 F1076.9 X210.927 Y210.889 E92.73577
G1 F1125.6 X210.996 Y210.773 E92.74125
G1 F1039.7 X211.067 Y210.436 E92.75638
G1 F997.9 X211.11 Y210.39 E92.75926
G1 F1003.2 X211.299 Y210.361 E92.76797
G1 F1078.9 X211.423 Y210.266 E92.77459
G1 F1121.2 X211.521 Y210.117 E92.78186
G1 F1041.6 X211.591 Y209.784 E92.79678
G1 F999.7 X211.632 Y209.739 E92.79957
G1 F1003.2 X211.819 Y209.715 E92.80815
G1 F1080.9 X211.975 Y209.585 E92.81674
G1 F1127.8 X212.044 Y209.469 E92.8222
G1 F1043.5 X212.114 Y209.131 E92.83732
G1 F1001.4 X212.156 Y209.086 E92.84013
G1 X212.338 Y209.065 E92.84848
G1 F1078.9 X212.499 Y208.941 E92.85709
G1 F1112.5 X212.579 Y208.813 E92.86329
G1 F1051.1 X212.622 Y208.528 E92.87582
G1 F1035.9 X212.714 Y208.407 E92.88252
G1 F2700 E92.38252
G0 F15000 X215.141 Y210.771
G1 F2700 E92.88252
G1 F1361.5 X216.005 Y210.527 E92.91265
G1 X216.802 Y210.747 E92.9404
G1 X217.414 Y211.24 E92.96677
G1 X217.974 Y211.816 E92.99373
G1 X218.253 Y211.919 E93.00371
G1 X218.465 Y212.088 E93.01281
G1 X218.952 Y212.6 E93.03653
G1 X219.193 Y213.426 E93.0654
G1 X218.969 Y214.225 E93.09325
G1 X218.755 Y214.486 E93.10458
G1 X218.318 Y214.924 E93.12534
G1 X217.502 Y215.159 E93.15384
G1 X217.419 Y215.229 E93.15748
G1 X216.551 Y215.472 E93.18773
G1 X215.741 Y215.196 E93.21645
G1 X214.838 Y215.453 E93.24796
G1 X214.015 Y215.209 E93.27676
G1 X213.343 Y214.537 E93.30866
G1 X213.099 Y213.711 E93.33756
G1 X213.34 Y212.888 E93.36634
G1 X213.977 Y212.215 E93.39744
G1 X214.174 Y212.118 E93.40481
G1 X214.315 Y211.683 E93.42015
G1 X214.554 Y211.387 E93.43292
G1 X215.141 Y210.771 E93.46148
G1 F2700 E92.96148
G0 F15000 X217.96 Y220.091
G1 F2700 E93.46148
G1 F1099.6 X217.984 Y219.58 E93.48273
G1 F1361.5 X218.657 Y218.798 E93.51736
G1 X218.713 Y218.694 E93.52132
G1 X219.168 Y218.161 E93.54484
G1 X219.236 Y218.043 E93.54941
G1 X219.696 Y217.505 E93.57316
G1 X219.909 Y217.214 E93.58527
G1 F1108.2 X220.293 Y216.911 E93.60543
G1 X220.474 Y216.515 E93.62339
G1 F1361.5 X220.741 Y216.201 E93.63722
G1 X220.832 Y216.034 E93.6436
G1 X221.021 Y215.814 E93.65333
G1 F1351.8 X221.158 Y215.654 E93.66045
G1 F1201.3 X221.601 Y215.214 E93.6842
G1 F1083 X221.695 Y215.188 E93.68832
G1 X222.021 Y215.251 E93.70232
G1 X222.147 Y215.352 E93.70914
G1 X222.164 Y215.489 E93.71496
G1 F1078.9 X221.882 Y215.697 E93.7298
G1 F1201.3 X221.808 Y216.133 E93.74662
G1 F1361.5 X221.916 Y216.406 E93.75647
G1 X221.897 Y216.544 E93.76115
G1 X221.824 Y216.615 E93.76457
G1 X221.478 Y216.66 E93.77628
G1 X221.362 Y216.753 E93.78126
G1 X221.334 Y216.851 E93.78469
G1 X221.392 Y217.05 E93.79164
G1 X221.373 Y217.196 E93.79658
G1 X221.3 Y217.267 E93.8
G1 F1108.2 X220.754 Y217.313 E93.82259
G1 F946.7 X220.728 Y217.364 E93.82535
G1 F1108.2 X220.856 Y217.736 E93.84157
G1 F1305.5 X220.841 Y217.843 E93.84536
G1 X220.771 Y217.911 E93.84877
G1 X220.431 Y217.958 E93.86078
G1 F1332.9 X220.315 Y218.061 E93.8661
G1 F1361.5 X220.286 Y218.16 E93.86956
G1 X220.344 Y218.355 E93.87639
G1 X220.325 Y218.501 E93.88133
G1 X220.251 Y218.575 E93.88484
G1 X219.919 Y218.616 E93.89607
G1 X219.791 Y218.713 E93.90146
G1 X219.762 Y218.84 E93.90583
G1 X219.82 Y219.009 E93.91183
G1 X219.798 Y219.155 E93.91678
G1 X219.54 Y219.345 E93.92754
G1 X219.443 Y219.661 E93.93863
G1 X219.321 Y219.746 E93.94362
G1 X219.14 Y219.773 E93.94976
G1 X219.036 Y219.839 E93.95389
G1 X218.879 Y220.131 E93.96502
G1 F1099.6 X218.538 Y220.308 E93.98098
G1 F931.3 X218.455 Y220.501 E93.99129
G1 F937.4 X218.309 Y220.608 E94.00011
G1 X217.977 Y220.699 E94.01689
G1 X217.906 Y220.678 E94.0205
G1 X217.819 Y220.547 E94.02817
G1 F931.3 X217.96 Y220.091 E94.05158
G1 F2700 E93.55158
;MESH:boitierDown.stl
G0 F15000 X220.473 Y212.013
G0 X217.337 Y209.26
M204 S1250
;TYPE:WALL-INNER
G1 F2700 E94.05158
G1 F1524.8 X218.061 Y209.843 E94.0809
G1 F1422.4 X218.636 Y210.27 E94.10512
G1 F1374.5 X219.112 Y210.667 E94.1268
G1 F1415.4 X220.064 Y211.432 E94.1683
G1 X219.977 Y211.229 E94.17581
G1 X219.704 Y210.766 E94.19407
G1 X219.386 Y210.373 E94.21125
G1 F1374.5 X218.898 Y209.932 E94.23426
G1 F1422.4 X218.256 Y209.525 E94.25997
G1 F1524.8 X217.604 Y209.31 E94.28162
G1 X217.337 Y209.26 E94.29019
M204 S2500
G0 F15000 X216.818 Y209.043
G0 X216.126 Y208.798
M204 S1250
;TYPE:WALL-OUTER
G1 F1361.5 X220.811 Y212.562 E94.50249
G1 X220.781 Y212.33 E94.51075
G1 X220.581 Y211.597 E94.53759
G1 X220.348 Y211.047 E94.55869
G1 X220.05 Y210.54 E94.57947
G1 X219.689 Y210.092 E94.59979
G1 X219.153 Y209.59 E94.62573
G1 X218.421 Y209.161 E94.6557
G1 X217.703 Y208.925 E94.6824
G1 X217.131 Y208.818 E94.70296
G1 X216.343 Y208.78 E94.73083
G1 X216.126 Y208.798 E94.73852
M204 S2500
G0 F15000 X216.281 Y208.923
G1 F2700 E94.23852
G0 F15000 X216.818 Y209.043
G0 X217.856 Y209.917
G0 X217.177 Y210.763
G0 X213.621 Y215.179
G0 X212.737 Y216.283
M204 S1250
G1 F2700 E94.73852
G1 F1134.5 X216.278 Y219.131 E94.93115
G1 F1047.3 X216.787 Y219.488 E94.95971
G1 F1049.2 X217.209 Y219.029 E94.98829
G1 F1139.1 X220.77 Y214.605 E95.22807
G1 F1143.6 X220.842 Y213.892 E95.25821
G1 X220.842 Y213.717 E95.26557
G1 F1139.1 X216.847 Y218.682 E95.53464
G1 F1049.2 X216.712 Y218.784 E95.5424
G1 F1047.3 X216.558 Y218.714 E95.55017
G1 F1134.5 X211.067 Y214.299 E95.84885
G1 F1053.1 X210.933 Y214.138 E95.85841
G1 F1051.1 X211.004 Y213.982 E95.86625
G1 F1141.3 X215 Y209.012 E96.13498
G1 F1145.9 X214.823 Y209.05 E96.14258
G1 X214.145 Y209.278 E96.1726
G1 F1141.3 X210.589 Y213.704 E96.41184
G1 F1051.1 X210.231 Y214.215 E96.44039
G1 F1053.1 X210.753 Y214.688 E96.47256
G1 F1139.1 X212.737 Y216.283 E96.58005
M204 S2500
G0 F15000 X212.892 Y216.408
G1 F2700 E96.08005
;MESH:NONMESH
G0 F600 X212.892 Y216.408 Z2
G0 F15000 X213.06 Y216.2
G0 X211.804 Y215.135
G0 X212.495 Y214.274
G0 X215.213 Y210.899
;TIME_ELAPSED:112.461198
;LAYER:9
;note -- min layer time used
;TYPE:SUPPORT
G1 F2700 E96.58005
G1 F977 X216.004 Y210.675 E96.60764
G1 X216.795 Y210.899 E96.63523
G1 X217.1 Y211.217 E96.65001
G1 X217.427 Y211.39 E96.66243
G1 X217.999 Y211.978 E96.68996
G1 X218.243 Y212.059 E96.69859
G1 X218.828 Y212.676 E96.72712
G1 X219.045 Y213.425 E96.75329
G1 X218.82 Y214.218 E96.78095
G1 X218.245 Y214.797 E96.80834
G1 X217.963 Y214.891 E96.81831
G1 X217.49 Y215.36 E96.84067
G1 X216.563 Y215.616 E96.87294
G1 X215.293 Y215.19 E96.91789
G1 X214.838 Y215.305 E96.93364
G1 X214.083 Y215.081 E96.96007
G1 X213.467 Y214.465 E96.98931
G1 X213.247 Y213.712 E97.01564
G1 X213.468 Y212.956 E97.04207
G1 X214.049 Y212.343 E97.07041
G1 X214.22 Y212.292 E97.0764
G1 X214.321 Y212.179 E97.08149
G1 X214.464 Y211.684 E97.09878
G1 X215.213 Y210.899 E97.13519
G1 F2700 E96.63519
;MESH:boitierDown.stl
G0 F15000 X216.787 Y209.031
G0 X217.331 Y209.256
M204 S1250
;TYPE:WALL-INNER
G1 F2700 E97.13519
G1 F1094.2 X218.061 Y209.843 E97.16474
G1 F1020.7 X218.636 Y210.27 E97.18895
G1 F986.4 X219.112 Y210.667 E97.21064
G1 F1015.7 X220.065 Y211.433 E97.25219
G1 X219.977 Y211.23 E97.2597
G1 X219.704 Y210.766 E97.278
G1 X219.386 Y210.373 E97.29518
G1 F986.4 X218.898 Y209.932 E97.31819
G1 F1020.7 X218.256 Y209.525 E97.34389
G1 F1094.2 X217.601 Y209.309 E97.36565
G1 X217.331 Y209.256 E97.37432
M204 S2500
G0 F15000 X216.818 Y209.043
G0 X216.125 Y208.798
M204 S1250
;TYPE:WALL-OUTER
G1 F977 X220.811 Y212.562 E97.58665
G1 X220.782 Y212.336 E97.5947
G1 X220.595 Y211.635 E97.62033
G1 X220.348 Y211.047 E97.64286
G1 X220.05 Y210.54 E97.66363
G1 X219.689 Y210.092 E97.68396
G1 X219.153 Y209.59 E97.7099
G1 X218.421 Y209.161 E97.73987
G1 X217.702 Y208.924 E97.76661
G1 X217.158 Y208.818 E97.78619
G1 X216.343 Y208.779 E97.81502
G1 X216.125 Y208.798 E97.82275
M204 S2500
G0 F15000 X216.28 Y208.923
G1 F2700 E97.32275
G0 F15000 X216.818 Y209.043
G0 X217.856 Y209.917
G0 X217.177 Y210.763
G0 X213.621 Y215.179
G0 X212.737 Y216.283
M204 S1250
G1 F2700 E97.82275
G1 F814.2 X216.278 Y219.131 E98.01538
G1 F751.5 X216.787 Y219.488 E98.04393
G1 F752.9 X217.209 Y219.029 E98.07251
G1 F817.4 X220.77 Y214.604 E98.31233
G1 X220.841 Y213.928 E98.34103
G1 X220.839 Y213.717 E98.34994
G1 X216.847 Y218.682 E98.61893
G1 F752.9 X216.712 Y218.784 E98.62669
G1 F751.5 X216.558 Y218.714 E98.63446
G1 F814.2 X211.067 Y214.299 E98.93314
G1 F755.7 X210.933 Y214.138 E98.9427
G1 F754.3 X211.004 Y213.982 E98.95055
G1 F819 X215 Y209.012 E99.21927
G1 F822.3 X214.823 Y209.05 E99.22687
G1 X214.145 Y209.278 E99.25689
G1 F819 X210.589 Y213.704 E99.49614
G1 F754.3 X210.231 Y214.215 E99.52468
G1 F755.7 X210.753 Y214.688 E99.55685
G1 F817.4 X212.737 Y216.283 E99.66434
M204 S2500
G0 F15000 X212.892 Y216.408
G1 F2700 E99.16434
;MESH:NONMESH
G0 F600 X212.892 Y216.408 Z2.2
G0 F15000 X213.06 Y216.2
G0 X211.91 Y215.22
G0 X212.601 Y214.359
G0 X215.285 Y211.027
;TIME_ELAPSED:118.649945
;LAYER:10
;note -- min layer time used
;TYPE:SUPPORT
G1 F2700 E99.66434
G1 F2093.2 X216.003 Y210.823 E99.68939
G1 X216.719 Y211.027 E99.71437
G1 X217.172 Y211.502 E99.7364
G1 X217.477 Y211.62 E99.74738
G1 X217.964 Y212.12 E99.7708
G1 X218.176 Y212.192 E99.77831
G1 X218.692 Y212.74 E99.80357
G1 X218.893 Y213.43 E99.82769
G1 X218.696 Y214.15 E99.85274
G1 X218.105 Y214.736 E99.88067
G1 X218.007 Y214.995 E99.88997
G1 X217.502 Y215.5 E99.91393
G1 X216.67 Y215.733 E99.94293
G1 X216.198 Y215.602 E99.95937
G1 X216.05 Y215.635 E99.96446
G1 X215.489 Y215.453 E99.98425
G1 X215.458 Y215.456 E99.98529
G1 X214.752 Y215.246 E100.01001
G1 X214.611 Y215.101 E100.0168
G1 X214.156 Y214.953 E100.03286
G1 X213.599 Y214.393 E100.05936
G1 X213.396 Y213.711 E100.08324
G1 X213.6 Y213.024 E100.1073
G1 X214.117 Y212.475 E100.1326
G1 X214.322 Y212.416 E100.13976
G1 X214.427 Y212.323 E100.14447
G1 X214.595 Y211.756 E100.16431
G1 X215.285 Y211.027 E100.198
G1 F2700 E99.698
;MESH:boitierDown.stl
G0 F15000 X216.85 Y209.083
G0 X216.705 Y208.438
G0 X216.077 Y208.218
M204 S1250
;TYPE:WALL-INNER
G1 F2700 E100.198
G1 F2093.2 X221.392 Y212.489 E100.43887
G1 X221.336 Y212.155 E100.45083
G1 X221.193 Y211.603 E100.47097
G1 X220.907 Y210.85 E100.49943
G1 X220.558 Y210.265 E100.52349
G1 X220.238 Y209.829 E100.5426
G1 X219.837 Y209.421 E100.5628
G1 X219.497 Y209.14 E100.57839
G1 X218.977 Y208.812 E100.6001
G1 X218.155 Y208.459 E100.63171
G1 X217.308 Y208.241 E100.6626
G1 X216.291 Y208.199 E100.69856
G1 X216.077 Y208.218 E100.70615
M204 S2500
G0 F15000 X216.705 Y208.438
G0 X215.786 Y208.213
G0 X214.336 Y208.901
G0 X210.512 Y213.529
G0 X210.733 Y213.708
M204 S1250
G1 F2093.2 X215.044 Y208.352 E100.94903
G1 X214.234 Y208.586 E100.97881
G1 X213.659 Y208.802 E101.00051
G1 X212.758 Y209.216 E101.03554
G1 X209.537 Y213.223 E101.21715
G1 X210.789 Y214.231 E101.27393
G1 X210.733 Y213.708 E101.29251
M204 S2500
G0 F15000 X210.512 Y213.529
G0 X210.598 Y214.175
G0 X216.75 Y219.124
G0 X217.307 Y219.138
G0 X216.697 Y218.981
M204 S1250
G1 F2093.2 X217.907 Y219.954 E101.34736
G1 X221.095 Y215.985 E101.5272
G1 X221.253 Y215.422 E101.54786
G1 X221.387 Y214.677 E101.5746
G1 X221.458 Y214.017 E101.59804
G1 X221.466 Y213.548 E101.61462
G1 X217.171 Y218.888 E101.8567
G1 X216.697 Y218.981 E101.87376
M204 S2500
G0 F15000 X217.307 Y219.138
G0 X216.75 Y219.124
G0 X213.372 Y216.497
G0 X213.541 Y216.288
M204 S1250
;TYPE:WALL-OUTER
G1 F1754.8 X211.067 Y214.299 E102.00753
G1 F1911.2 X211.06 Y213.972 E102.02018
G1 F2035.1 X213.3 Y211.19 E102.14996
G1 F1932.2 X215.539 Y208.407 E102.28665
G1 F1797.8 X215.587 Y208.397 E102.28867
G1 F1886.6 X215.744 Y208.488 E102.29578
G1 F2073.5 X221.221 Y212.884 E102.54624
G1 F1971.2 X221.322 Y213.078 E102.55444
G1 F1989 X220.845 Y213.65 E102.58213
G1 F2093.2 X216.844 Y218.624 E102.80763
G1 F1902.9 X216.558 Y218.713 E102.81927
G1 F1751.3 X213.541 Y216.288 E102.9827
M204 S2500
G0 F15000 X213.386 Y216.163
G0 X212.737 Y216.283
M204 S1250
G1 F1747.8 X216.279 Y219.13 E103.17496
G1 F1902.9 X216.964 Y219.734 E103.21045
G1 F2093.2 X217.971 Y220.544 E103.2561
G1 X221.477 Y216.181 E103.45382
G1 X221.663 Y215.516 E103.47822
G1 X221.803 Y214.737 E103.50618
G1 X221.878 Y214.05 E103.53059
G1 F2030.4 X221.877 Y213.352 E103.55601
G1 F1846.9 X221.826 Y213.07 E103.56748
G1 F1882.5 X221.831 Y212.59 E103.58634
G1 F2073.5 X221.751 Y212.09 E103.6044
G1 F2093.2 X221.599 Y211.492 E103.62619
G1 X221.382 Y210.919 E103.64784
G1 X221.05 Y210.226 E103.67498
G1 X220.559 Y209.557 E103.7043
G1 X220.121 Y209.111 E103.72638
G1 X219.744 Y208.799 E103.74367
G1 X219.173 Y208.439 E103.76751
G1 X218.291 Y208.06 E103.80142
G1 X217.601 Y207.883 E103.82659
G1 X217.151 Y207.814 E103.84267
G1 F1980.1 X216.127 Y207.773 E103.88094
G1 F1790.5 X215.38 Y207.919 E103.91238
G1 F1878.5 X214.802 Y207.985 E103.93527
G1 F2093.2 X214.138 Y208.175 E103.95967
G1 X213.497 Y208.414 E103.98384
G1 X212.491 Y208.877 E104.02296
G1 X208.947 Y213.287 E104.22282
G1 X209.948 Y214.092 E104.26819
G1 F1911.2 X210.753 Y214.688 E104.30695
G1 F1751.3 X212.737 Y216.283 E104.41443
M204 S2500
G0 F15000 X212.892 Y216.408
G0 X213.061 Y216.2
G0 X210.598 Y214.175
G0 X210.058 Y213.166
;TYPE:SKIN
G1 F1786.9 X212.992 Y209.519 E104.60813
G1 F1790.5 X213.806 Y209.143 E104.64515
G1 X213.981 Y209.076 E104.65289
G1 X210.442 Y213.473 E104.88599
G1 F1786.9 X210.058 Y213.166 E104.90633
G0 F15000 X214.456 Y208.752
G0 X215.545 Y208.023
G0 X217.296 Y208.677
G1 F1584 X217.433 Y208.691 E104.91276
G1 X218.021 Y208.84 E104.94108
G1 X218.786 Y209.17 E104.97997
G1 F1531.6 X219.397 Y209.577 E105.01541
G1 X219.928 Y210.088 E105.05099
G1 F1586.9 X220.216 Y210.481 E105.07369
G1 X220.538 Y211.022 E105.10303
G1 X220.685 Y211.403 E105.12206
G1 X219.543 Y210.483 E105.19039
G1 F1531.6 X219.023 Y210.041 E105.22334
G1 X218.483 Y209.631 E105.25607
G1 F1584 X217.296 Y208.677 E105.32716
G1 F2700 E104.82716
G0 F15000 X216.045 Y208.425
G0 X215.545 Y208.023
G0 X210.598 Y214.175
G0 X216.75 Y219.124
G0 X217.461 Y219.119
G1 F2700 E105.32716
G1 F1786.9 X220.999 Y214.718 E105.56083
G1 X220.893 Y215.313 E105.58584
G1 X220.753 Y215.809 E105.60717
G1 F1779.6 X217.849 Y219.428 E105.79996
G1 X217.461 Y219.119 E105.82057
G0 F15000 X217.798 Y219.084
G1 F2700 E105.32057
;MESH:NONMESH
G0 F600 X217.798 Y219.084 Z2.4
G0 F15000 X219.918 Y215.139
G0 X219.072 Y214.46
G0 X215.097 Y211.263
;TIME_ELAPSED:125.938112
;LAYER:11
;note -- min layer time used
;TYPE:SUPPORT
G1 F2700 E105.82057
G1 F2102.9 X215.281 Y211.198 E105.82712
G1 X215.453 Y211.02 E105.83543
G1 X216.024 Y210.836 E105.85556
G1 X216.723 Y211.035 E105.87995
G1 X217.239 Y211.576 E105.90504
G1 X217.346 Y211.848 E105.91485
G1 X217.607 Y211.955 E105.92432
G1 X217.74 Y212.078 E105.9304
G1 X218.171 Y212.203 E105.94546
G1 X218.688 Y212.745 E105.97059
G1 X218.889 Y213.426 E105.99442
G1 X218.688 Y214.146 E106.01951
G1 X218.167 Y214.668 E106.04426
G1 X218.101 Y214.834 E106.05025
G1 X218.008 Y214.928 E106.05469
G1 X217.911 Y215.235 E106.0655
G1 X217.494 Y215.656 E106.08538
G1 X216.78 Y215.854 E106.11025
G1 X216.403 Y215.751 E106.12336
G1 X216.043 Y215.84 E106.13581
G1 X215.389 Y215.628 E106.15888
G1 X214.741 Y215.439 E106.18153
G1 X214.361 Y215.021 E106.20049
G1 X214.147 Y214.944 E106.20812
G1 X213.619 Y214.417 E106.23316
G1 X213.416 Y213.668 E106.2592
G1 X213.604 Y213.024 E106.28172
G1 X214.117 Y212.483 E106.30674
G1 X214.371 Y212.396 E106.31575
G1 X214.431 Y212.326 E106.31884
G1 X214.588 Y211.804 E106.33714
G1 X215.097 Y211.263 E106.36206
G1 F2700 E105.86206
;MESH:boitierDown.stl
G0 F15000 X216.851 Y209.084
G0 X216.705 Y208.438
G0 X216.077 Y208.218
M204 S1250
;TYPE:WALL-INNER
G1 F2700 E106.36206
G1 F2102.9 X221.392 Y212.489 E106.60293
G1 X221.336 Y212.155 E106.61489
G1 X221.193 Y211.603 E106.63504
G1 X220.907 Y210.85 E106.66349
G1 X220.558 Y210.265 E106.68755
G1 X220.238 Y209.829 E106.70666
G1 X219.837 Y209.421 E106.72687
G1 X219.497 Y209.14 E106.74245
G1 X218.977 Y208.812 E106.76417
G1 X218.155 Y208.459 E106.79577
G1 X217.308 Y208.241 E106.82667
G1 X216.291 Y208.199 E106.86262
G1 X216.077 Y208.218 E106.87021
M204 S2500
G0 F15000 X216.705 Y208.438
G0 X215.779 Y208.207
G0 X214.923 Y208.804
G0 X209.904 Y213.185
G0 X209.537 Y213.223
M204 S1250
G1 F2102.9 X210.789 Y214.231 E106.92699
G1 X210.733 Y213.708 E106.94557
G1 X215.044 Y208.352 E107.18845
G1 X214.234 Y208.586 E107.21824
G1 X213.659 Y208.802 E107.23994
G1 X212.758 Y209.216 E107.27496
G1 X209.537 Y213.223 E107.45658
M204 S2500
G0 F15000 X209.904 Y213.185
G0 X210.598 Y214.175
G0 X216.75 Y219.124
G0 X217.307 Y219.138
G0 X216.697 Y218.981
M204 S1250
G1 F2102.9 X217.907 Y219.954 E107.51143
G1 X221.095 Y215.985 E107.69126
G1 X221.253 Y215.422 E107.71192
G1 X221.387 Y214.677 E107.73866
G1 X221.458 Y214.017 E107.76211
G1 X221.466 Y213.548 E107.77868
G1 X217.171 Y218.888 E108.02076
G1 X216.697 Y218.981 E108.03783
M204 S2500
G0 F15000 X217.307 Y219.138
G0 X216.75 Y219.124
G0 X213.372 Y216.497
G0 X213.541 Y216.288
M204 S1250
;TYPE:WALL-OUTER
G1 F1762.9 X211.067 Y214.299 E108.17159
G1 F1920 X211.06 Y213.972 E108.18425
G1 F2044.5 X213.3 Y211.19 E108.31402
G1 F1941.1 X215.539 Y208.407 E108.45072
G1 F1806.1 X215.587 Y208.397 E108.45273
G1 F1895.3 X215.744 Y208.488 E108.45985
G1 F2083 X221.221 Y212.884 E108.7103
G1 F1980.3 X221.322 Y213.078 E108.71851
G1 F1998.2 X220.845 Y213.65 E108.74619
G1 F2102.9 X216.844 Y218.624 E108.97169
G1 F1911.7 X216.558 Y218.713 E108.98333
G1 F1759.4 X213.541 Y216.288 E109.14677
M204 S2500
G0 F15000 X213.386 Y216.163
G0 X212.737 Y216.283
M204 S1250
G1 F1755.9 X216.279 Y219.13 E109.33902
G1 F1911.7 X216.964 Y219.734 E109.37451
G1 F2102.9 X217.971 Y220.544 E109.42017
G1 X221.477 Y216.181 E109.61789
G1 X221.663 Y215.516 E109.64228
G1 X221.803 Y214.737 E109.67024
G1 X221.878 Y214.05 E109.69465
G1 F2039.7 X221.877 Y213.352 E109.72007
G1 F1855.5 X221.826 Y213.07 E109.73155
G1 F1891.2 X221.831 Y212.59 E109.7504
G1 F2083 X221.751 Y212.09 E109.76846
G1 F2102.9 X221.599 Y211.492 E109.79026
G1 X221.382 Y210.919 E109.8119
G1 X221.05 Y210.226 E109.83905
G1 X220.559 Y209.557 E109.86836
G1 X220.121 Y209.111 E109.89044
G1 X219.744 Y208.799 E109.90773
G1 X219.173 Y208.439 E109.93158
G1 X218.291 Y208.06 E109.96549
G1 X217.601 Y207.883 E109.99065
G1 X217.151 Y207.814 E110.00673
G1 F1989.2 X216.127 Y207.773 E110.04501
G1 F1798.8 X215.38 Y207.919 E110.07644
G1 F1887.2 X214.802 Y207.985 E110.09934
G1 F2102.9 X214.138 Y208.175 E110.12374
G1 X213.497 Y208.414 E110.1479
G1 X212.491 Y208.877 E110.18702
G1 X208.947 Y213.287 E110.38688
G1 X209.948 Y214.092 E110.43226
G1 F1920 X210.753 Y214.688 E110.47101
G1 F1759.4 X212.737 Y216.283 E110.57849
M204 S2500
G0 F15000 X212.892 Y216.408
G0 X213.061 Y216.2
G0 X210.598 Y214.175
G0 X210.058 Y213.166
;TYPE:SKIN
G1 F1795.1 X212.992 Y209.519 E110.77219
G1 F1798.8 X213.806 Y209.143 E110.80922
G1 X213.981 Y209.076 E110.81696
G1 X210.442 Y213.473 E111.05005
G1 F1795.1 X210.058 Y213.166 E111.0704
G0 F15000 X210.598 Y214.175
G0 X216.75 Y219.124
G0 X217.461 Y219.119
G1 F1795.1 X220.999 Y214.718 E111.30407
G1 X220.893 Y215.313 E111.32908
G1 X220.753 Y215.809 E111.35041
G1 F1787.9 X217.849 Y219.428 E111.5432
G1 X217.461 Y219.119 E111.56381
G1 F2700 E111.06381
G0 F15000 X216.75 Y219.124
G0 X210.598 Y214.175
G0 X215.545 Y208.023
G0 X216.045 Y208.425
G0 X217.296 Y208.677
G1 F2700 E111.56381
G1 F1591.4 X217.433 Y208.691 E111.57024
G1 X218.021 Y208.84 E111.59855
G1 X218.786 Y209.17 E111.63744
G1 F1538.7 X219.397 Y209.577 E111.67289
G1 X219.928 Y210.088 E111.70847
G1 F1594.2 X220.216 Y210.481 E111.73117
G1 X220.538 Y211.022 E111.76051
G1 X220.685 Y211.403 E111.77953
G1 X219.543 Y210.483 E111.84787
G1 F1538.7 X219.023 Y210.041 E111.88082
G1 X218.483 Y209.631 E111.91355
G1 F1591.4 X217.296 Y208.677 E111.98464
G0 F15000 X217.368 Y208.888
G1 F2700 E111.48464
;MESH:NONMESH
G0 F600 X217.368 Y208.888 Z2.6
G0 F15000 X217.37 Y208.886
G0 X216.825 Y209.088
G0 X215.085 Y211.25
;TIME_ELAPSED:133.106713
;LAYER:12
;note -- min layer time used
;TYPE:SUPPORT
G1 F2700 E111.98464
G1 F2097.3 X215.486 Y211.128 E111.9987
G1 X215.602 Y211.015 E112.00414
G1 X216.131 Y210.867 E112.02257
G1 X216.883 Y211.079 E112.04879
G1 X217.34 Y211.56 E112.07106
G1 X217.447 Y211.917 E112.08357
G1 X217.556 Y212.019 E112.08858
G1 X218.131 Y212.183 E112.10864
G1 X218.648 Y212.728 E112.13385
G1 X218.829 Y213.339 E112.15524
G1 X218.782 Y213.675 E112.16662
G1 X218.813 Y213.796 E112.17081
G1 X218.656 Y214.35 E112.19014
G1 X218.111 Y214.899 E112.2161
G1 X218.064 Y215.042 E112.22115
G1 X217.861 Y215.259 E112.23112
G1 X217.824 Y215.378 E112.23531
G1 X217.382 Y215.82 E112.25628
G1 X216.778 Y215.985 E112.2773
G1 X216.444 Y215.908 E112.2888
G1 X216.029 Y216.039 E112.3034
G1 X215.347 Y215.82 E112.32744
G1 X215.312 Y215.823 E112.32862
G1 X214.746 Y215.652 E112.34846
G1 X214.251 Y215.101 E112.37332
G1 X214.182 Y215.068 E112.37589
G1 X213.715 Y214.601 E112.39805
G1 X213.563 Y214.085 E112.4161
G1 X213.459 Y213.613 E112.43232
G1 X213.499 Y213.449 E112.43799
G1 X213.476 Y213.348 E112.44146
G1 X213.632 Y212.82 E112.45994
G1 X214.073 Y212.356 E112.48142
G1 X214.425 Y212.253 E112.49373
G1 X214.524 Y212.133 E112.49895
G1 X214.644 Y211.716 E112.51352
G1 X215.085 Y211.25 E112.53505
G1 F2700 E112.03505
;MESH:boitierDown.stl
G0 F15000 X216.825 Y209.088
G0 X216.705 Y208.438
G0 X216.077 Y208.218
M204 S1250
;TYPE:WALL-INNER
G1 F2700 E112.53505
G1 F2097.3 X221.392 Y212.489 E112.77591
G1 X221.336 Y212.155 E112.78788
G1 X221.193 Y211.603 E112.80802
G1 X220.907 Y210.85 E112.83647
G1 X220.558 Y210.265 E112.86054
G1 X220.238 Y209.829 E112.87964
G1 X219.837 Y209.421 E112.89985
G1 X219.497 Y209.14 E112.91543
G1 X218.977 Y208.812 E112.93715
G1 X218.155 Y208.459 E112.96875
G1 X217.308 Y208.241 E112.99965
G1 X216.291 Y208.199 E113.03561
G1 X216.077 Y208.218 E113.0432
M204 S2500
G0 F15000 X216.705 Y208.438
G0 X215.779 Y208.207
G0 X214.923 Y208.804
G0 X209.904 Y213.185
G0 X209.537 Y213.223
M204 S1250
G1 F2097.3 X210.789 Y214.231 E113.09998
G1 X210.733 Y213.708 E113.11856
G1 X215.044 Y208.352 E113.36144
G1 X214.234 Y208.586 E113.39122
G1 X213.659 Y208.802 E113.41292
G1 X212.758 Y209.216 E113.44795
G1 X209.537 Y213.223 E113.62956
M204 S2500
G0 F15000 X209.904 Y213.185
G0 X210.598 Y214.175
G0 X216.75 Y219.124
G0 X217.307 Y219.138
G0 X216.697 Y218.981
M204 S1250
G1 F2097.3 X217.907 Y219.954 E113.68441
G1 X221.095 Y215.985 E113.86425
G1 X221.253 Y215.422 E113.8849
G1 X221.387 Y214.677 E113.91164
G1 X221.458 Y214.017 E113.93509
G1 X221.466 Y213.548 E113.95166
G1 X217.171 Y218.888 E114.19375
G1 X216.697 Y218.981 E114.21081
M204 S2500
G0 F15000 X217.307 Y219.138
G0 X216.75 Y219.124
G0 X213.372 Y216.497
G0 X213.541 Y216.288
M204 S1250
;TYPE:WALL-OUTER
G1 F1758.2 X211.067 Y214.299 E114.34457
G1 F1914.9 X211.06 Y213.972 E114.35723
G1 F2039 X213.3 Y211.19 E114.48701
G1 F1936 X215.539 Y208.407 E114.6237
G1 F1801.4 X215.587 Y208.397 E114.62572
G1 F1890.3 X215.744 Y208.488 E114.63283
G1 F2077.5 X221.221 Y212.884 E114.88328
G1 F1975 X221.322 Y213.078 E114.89149
G1 F1992.9 X220.845 Y213.65 E114.91918
G1 F2097.3 X216.844 Y218.624 E115.14468
G1 F1906.6 X216.558 Y218.713 E115.15632
G1 F1754.7 X213.541 Y216.288 E115.31975
M204 S2500
G0 F15000 X213.386 Y216.163
G0 X212.737 Y216.283
M204 S1250
G1 F1751.2 X216.279 Y219.13 E115.51201
G1 F1906.6 X216.964 Y219.734 E115.5475
G1 F2097.3 X217.971 Y220.544 E115.59315
G1 X221.477 Y216.181 E115.79087
G1 X221.663 Y215.516 E115.81526
G1 X221.803 Y214.737 E115.84322
G1 X221.878 Y214.05 E115.86764
G1 F2034.3 X221.877 Y213.352 E115.89306
G1 F1850.6 X221.826 Y213.07 E115.90453
G1 F1886.2 X221.831 Y212.59 E115.92339
G1 F2077.5 X221.751 Y212.09 E115.94144
G1 F2097.3 X221.599 Y211.492 E115.96324
G1 X221.382 Y210.919 E115.98488
G1 X221.05 Y210.226 E116.01203
G1 X220.559 Y209.557 E116.04134
G1 X220.121 Y209.111 E116.06343
G1 X219.744 Y208.799 E116.08071
G1 X219.173 Y208.439 E116.10456
G1 X218.291 Y208.06 E116.13847
G1 X217.601 Y207.883 E116.16364
G1 X217.151 Y207.814 E116.17972
G1 F1983.9 X216.127 Y207.773 E116.21799
G1 F1794 X215.38 Y207.919 E116.24942
G1 F1882.2 X214.802 Y207.985 E116.27232
G1 F2097.3 X214.138 Y208.175 E116.29672
G1 X213.497 Y208.414 E116.32089
G1 X212.491 Y208.877 E116.36001
G1 X208.947 Y213.287 E116.55986
G1 X209.948 Y214.092 E116.60524
G1 F1914.9 X210.753 Y214.688 E116.64399
G1 F1754.7 X212.737 Y216.283 E116.75148
M204 S2500
G0 F15000 X212.892 Y216.408
G0 X213.061 Y216.2
G0 X210.598 Y214.175
G0 X210.058 Y213.166
;TYPE:SKIN
G1 F1790.4 X212.992 Y209.519 E116.94517
G1 F1794 X213.806 Y209.143 E116.9822
G1 X213.981 Y209.076 E116.98994
G1 X210.442 Y213.473 E117.22303
G1 F1790.4 X210.058 Y213.166 E117.24338
G0 F15000 X210.598 Y214.175
G0 X216.75 Y219.124
G0 X217.461 Y219.119
G1 F1790.4 X220.999 Y214.718 E117.47705
G1 X220.893 Y215.313 E117.50206
G1 X220.753 Y215.809 E117.52339
G1 F1783.1 X217.849 Y219.428 E117.71618
G1 X217.461 Y219.119 E117.73679
G1 F2700 E117.23679
G0 F15000 X216.75 Y219.124
G0 X210.598 Y214.175
G0 X215.545 Y208.023
G0 X216.045 Y208.425
G0 X217.296 Y208.677
G1 F2700 E117.73679
G1 F1587.1 X217.433 Y208.691 E117.74322
G1 X218.021 Y208.84 E117.77154
G1 X218.786 Y209.17 E117.81043
G1 F1534.6 X219.397 Y209.577 E117.84587
G1 X219.928 Y210.088 E117.88145
G1 F1590 X220.216 Y210.481 E117.90415
G1 X220.538 Y211.022 E117.93349
G1 X220.685 Y211.403 E117.95252
G1 X219.543 Y210.483 E118.02085
G1 F1534.6 X219.023 Y210.041 E118.0538
G1 X218.483 Y209.631 E118.08653
G1 F1587.1 X217.296 Y208.677 E118.15762
G0 F15000 X217.368 Y208.888
G1 F2700 E117.65762
;MESH:NONMESH
G0 F600 X217.368 Y208.888 Z2.8
G0 F15000 X217.37 Y208.886
G0 X216.736 Y209.016
G0 X215.025 Y211.143
;TIME_ELAPSED:140.303167
;LAYER:13
;note -- min layer time used
;TYPE:SUPPORT
G1 F2700 E118.15762
G1 F2105.9 X215.521 Y211.006 E118.17489
G1 X215.648 Y211.038 E118.17928
G1 X215.777 Y211.008 E118.18373
G1 X215.841 Y210.95 E118.18663
G1 X216.332 Y210.814 E118.20372
G1 X216.829 Y210.952 E118.22103
G1 X216.975 Y211.093 E118.22785
G1 X217.099 Y211.135 E118.23224
G1 X217.467 Y211.523 E118.25019
G1 X217.555 Y211.821 E118.26061
G1 X217.627 Y211.912 E118.26451
G1 X218.199 Y212.075 E118.28447
G1 X218.7 Y212.604 E118.30892
G1 X218.837 Y213.074 E118.32535
G1 X218.775 Y213.356 E118.33504
G1 X218.881 Y213.715 E118.3476
G1 X218.656 Y214.518 E118.37559
G1 X218.26 Y214.915 E118.3944
G1 X218.096 Y215.018 E118.4009
G1 X218.024 Y215.247 E118.40896
G1 X217.302 Y215.98 E118.44349
G1 X216.811 Y216.117 E118.4606
G1 X216.706 Y216.099 E118.46417
G1 X216.094 Y216.283 E118.48562
G1 X215.62 Y216.112 E118.50253
G1 X215.506 Y216.033 E118.50718
G1 X215.278 Y216.07 E118.51493
G1 X214.948 Y215.957 E118.52664
G1 X214.643 Y215.712 E118.53977
G1 X214.428 Y215.461 E118.55086
G1 X214.338 Y215.269 E118.55798
G1 X214.144 Y215.194 E118.56496
G1 X213.755 Y214.805 E118.58342
G1 X213.615 Y214.325 E118.6002
G1 X213.633 Y214.068 E118.60884
G1 X213.511 Y213.913 E118.61546
G1 X213.375 Y213.443 E118.63188
G1 X213.511 Y212.971 E118.64837
G1 X213.568 Y212.906 E118.65127
G1 X213.66 Y212.616 E118.66148
G1 X214.026 Y212.23 E118.67933
G1 X214.413 Y212.097 E118.69306
G1 X214.639 Y211.55 E118.71293
G1 X215.025 Y211.143 E118.73175
G1 F2700 E118.23175
;MESH:boitierDown.stl
G0 F15000 X216.736 Y209.016
G0 X216.705 Y208.438
G0 X216.077 Y208.218
M204 S1250
;TYPE:WALL-INNER
G1 F2700 E118.73175
G1 F2105.9 X221.392 Y212.488 E118.97259
G1 X221.335 Y212.155 E118.98453
G1 X221.198 Y211.618 E119.00411
G1 X220.996 Y211.085 E119.02424
G1 X220.558 Y210.265 E119.05708
G1 X220.238 Y209.829 E119.07619
G1 X219.837 Y209.421 E119.0964
G1 X219.497 Y209.14 E119.11198
G1 X218.977 Y208.812 E119.1337
G1 X218.155 Y208.459 E119.1653
G1 X217.308 Y208.241 E119.19619
G1 X216.291 Y208.199 E119.23215
G1 X216.077 Y208.218 E119.23974
M204 S2500
G0 F15000 X216.705 Y208.438
G0 X215.779 Y208.207
G0 X214.923 Y208.804
G0 X209.904 Y213.185
G0 X209.537 Y213.223
M204 S1250
G1 F2105.9 X210.789 Y214.231 E119.29652
G1 X210.733 Y213.708 E119.3151
G1 X215.044 Y208.352 E119.55798
G1 X214.234 Y208.586 E119.58776
G1 X213.659 Y208.802 E119.60946
G1 X212.758 Y209.216 E119.64449
G1 X209.537 Y213.223 E119.8261
M204 S2500
G0 F15000 X209.904 Y213.185
G0 X210.598 Y214.175
G0 X216.75 Y219.124
G0 X217.307 Y219.138
G0 X216.697 Y218.981
M204 S1250
G1 F2105.9 X217.907 Y219.954 E119.88095
G1 X221.095 Y215.985 E120.06079
G1 X221.253 Y215.422 E120.08145
G1 X221.387 Y214.677 E120.10819
G1 X221.458 Y214.017 E120.13164
G1 X221.466 Y213.548 E120.14821
G1 X217.171 Y218.888 E120.39029
G1 X216.697 Y218.981 E120.40735
M204 S2500
G0 F15000 X217.307 Y219.138
G0 X216.75 Y219.124
G0 X213.372 Y216.497
G0 X213.541 Y216.288
M204 S1250
;TYPE:WALL-OUTER
G1 F1765.5 X211.067 Y214.299 E120.54112
G1 F1922.8 X211.06 Y213.972 E120.55377
G1 F2047.4 X213.3 Y211.19 E120.68355
G1 F1943.9 X215.539 Y208.407 E120.82024
G1 F1808.8 X215.587 Y208.397 E120.82226
G1 F1898.1 X215.744 Y208.488 E120.82937
G1 F2100.9 X221.21 Y212.881 E121.07769
G1 F1910.4 X221.319 Y213.017 E121.08447
G1 F1827.5 X221.322 Y213.076 E121.08688
G1 F2001.1 X220.845 Y213.65 E121.11462
G1 F2105.9 X216.844 Y218.624 E121.34012
G1 F1914.5 X216.558 Y218.713 E121.35176
G1 F1761.9 X213.541 Y216.288 E121.5152
M204 S2500
G0 F15000 X213.386 Y216.163
G0 X212.737 Y216.283
M204 S1250
G1 F1758.4 X216.279 Y219.13 E121.70746
G1 F1914.5 X216.964 Y219.734 E121.74294
G1 F2105.9 X217.971 Y220.544 E121.7886
G1 X221.477 Y216.181 E121.98632
G1 X221.663 Y215.516 E122.01071
G1 X221.803 Y214.737 E122.03867
G1 X221.878 Y214.05 E122.06308
G1 F2047.4 X221.877 Y213.352 E122.08845
G1 F1858.2 X221.825 Y213.068 E122.10001
G1 F1906.2 X221.832 Y212.581 E122.11901
G1 F2100.9 X221.751 Y212.094 E122.13649
G1 F2105.9 X221.599 Y211.492 E122.15843
G1 X221.382 Y210.919 E122.18007
G1 X221.05 Y210.226 E122.20722
G1 X220.559 Y209.557 E122.23653
G1 X220.121 Y209.111 E122.25861
G1 X219.744 Y208.799 E122.2759
G1 X219.173 Y208.439 E122.29975
G1 X218.291 Y208.06 E122.33366
G1 X217.601 Y207.883 E122.35882
G1 X217.151 Y207.814 E122.37491
G1 F1992.1 X216.127 Y207.773 E122.41318
G1 F1801.4 X215.38 Y207.919 E122.44461
G1 F1889.9 X214.802 Y207.985 E122.46751
G1 F2105.9 X214.138 Y208.175 E122.49191
G1 X213.497 Y208.414 E122.51607
G1 X212.491 Y208.877 E122.55519
G1 X208.947 Y213.287 E122.75505
G1 X209.948 Y214.092 E122.80043
G1 F1922.8 X210.753 Y214.688 E122.83918
G1 F1761.9 X212.737 Y216.283 E122.94667
M204 S2500
G0 F15000 X212.892 Y216.408
G0 X213.061 Y216.2
G0 X210.598 Y214.175
G0 X210.058 Y213.166
;TYPE:SKIN
G1 F1797.8 X212.992 Y209.519 E123.14036
G1 F1801.4 X213.806 Y209.143 E123.17739
G1 X213.981 Y209.076 E123.18513
G1 X210.442 Y213.473 E123.41822
G1 F1797.8 X210.058 Y213.166 E123.43857
G0 F15000 X210.598 Y214.175
G0 X216.75 Y219.124
G0 X217.461 Y219.119
G1 F1797.8 X220.999 Y214.718 E123.67224
G1 X220.893 Y215.313 E123.69725
G1 X220.753 Y215.809 E123.71858
G1 F1790.5 X217.849 Y219.428 E123.91137
G1 X217.461 Y219.119 E123.93198
G1 F2700 E123.43198
G0 F15000 X216.75 Y219.124
G0 X210.598 Y214.175
G0 X215.545 Y208.023
G0 X216.045 Y208.425
G0 X217.296 Y208.677
G1 F2700 E123.93198
G1 F1593.7 X217.433 Y208.691 E123.93841
G1 X218.021 Y208.84 E123.96672
G1 X218.786 Y209.17 E124.00562
G1 F1540.9 X219.397 Y209.577 E124.04106
G1 X219.928 Y210.088 E124.07664
G1 F1596.6 X220.216 Y210.481 E124.09934
G1 X220.537 Y211.021 E124.12861
G1 X220.682 Y211.4 E124.14752
G1 X219.543 Y210.483 E124.21566
G1 F1540.9 X219.023 Y210.041 E124.24861
G1 X218.483 Y209.631 E124.28134
G1 F1593.7 X217.296 Y208.677 E124.35243
G0 F15000 X217.368 Y208.888
G1 F2700 E123.85243
;MESH:NONMESH
G0 F600 X217.368 Y208.888 Z3
G0 F15000 X217.37 Y208.886
G0 X216.787 Y209.057
G0 X214.979 Y211.304
;TIME_ELAPSED:147.519640
;LAYER:14
;note -- min layer time used
;TYPE:SUPPORT
G1 F2700 E124.35243
G1 F2109.4 X215.517 Y211.15 E124.37121
G1 X215.596 Y211.162 E124.37389
G1 X216.338 Y210.957 E124.39972
G1 X216.857 Y211.078 E124.41761
G1 X217.476 Y211.578 E124.44431
G1 X217.57 Y211.861 E124.45432
G1 X217.65 Y211.926 E124.45778
G1 X217.909 Y212.003 E124.46685
G1 X218.581 Y212.539 E124.49569
G1 X218.667 Y212.834 E124.506
G1 X218.69 Y213.287 E124.52123
G1 X218.778 Y213.386 E124.52567
G1 X218.873 Y213.711 E124.53703
G1 X218.796 Y213.996 E124.54694
G1 X218.701 Y214.13 E124.55245
G1 X218.686 Y214.264 E124.55698
G1 X217.593 Y215.616 E124.61532
G1 X217.413 Y215.677 E124.6217
G1 X217.23 Y215.852 E124.6302
G1 X216.81 Y215.969 E124.64483
G1 X216.702 Y215.942 E124.64857
G1 X216.09 Y216.149 E124.67025
G1 X215.69 Y216.029 E124.68426
G1 X215.497 Y215.893 E124.69219
G1 X215.28 Y215.93 E124.69957
G1 X214.883 Y215.813 E124.71346
G1 X214.547 Y215.477 E124.72941
G1 X214.454 Y215.192 E124.73947
G1 X214.395 Y215.13 E124.74234
G1 X214.218 Y215.069 E124.74863
G1 X213.883 Y214.733 E124.76455
G1 X213.767 Y214.341 E124.77827
G1 X213.794 Y214.237 E124.78187
G1 X213.703 Y213.908 E124.79333
G1 X213.538 Y213.74 E124.80123
G1 X213.438 Y213.407 E124.8129
G1 X213.596 Y212.899 E124.83075
G1 X214.158 Y212.2 E124.86085
G1 X214.432 Y212.09 E124.87076
G1 X214.514 Y211.883 E124.87824
G1 X214.979 Y211.304 E124.90316
G1 F2700 E124.40316
;MESH:boitierDown.stl
G0 F15000 X216.787 Y209.057
G0 X216.698 Y208.431
G0 X216.077 Y208.218
M204 S1250
;TYPE:WALL-INNER
G1 F2700 E124.90316
G1 F2109.4 X221.392 Y212.489 E125.14402
G1 X221.336 Y212.155 E125.15599
G1 X221.193 Y211.603 E125.17613
G1 X220.996 Y211.085 E125.19571
G1 X220.788 Y210.651 E125.21271
G1 X220.305 Y209.918 E125.24372
G1 X219.848 Y209.429 E125.26736
G1 X219.531 Y209.17 E125.28182
G1 X218.981 Y208.814 E125.30497
G1 X218.185 Y208.47 E125.3356
G1 X217.535 Y208.299 E125.35934
G1 X216.905 Y208.21 E125.38182
G1 X216.298 Y208.199 E125.40326
G1 X216.077 Y208.218 E125.4111
M204 S2500
G1 F2700 E124.9111
G0 F15000 X216.698 Y208.431
G0 X215.785 Y208.211
G0 X214.639 Y209.159
G0 X210.23 Y213.782
G0 X209.537 Y213.223
M204 S1250
G1 F2700 E125.4111
G1 F2109.4 X210.789 Y214.231 E125.46788
G1 X210.733 Y213.708 E125.48646
G1 X215.044 Y208.352 E125.72934
G1 X214.234 Y208.586 E125.75912
G1 X213.659 Y208.802 E125.78082
G1 X212.758 Y209.216 E125.81585
G1 X209.537 Y213.223 E125.99746
M204 S2500
G1 F2700 E125.49746
G0 F15000 X210.23 Y213.782
G0 X210.598 Y214.175
G0 X216.75 Y219.124
G0 X217.307 Y219.138
G0 X216.697 Y218.981
M204 S1250
G1 F2700 E125.99746
G1 F2109.4 X217.907 Y219.954 E126.05231
G1 X221.095 Y215.985 E126.23215
G1 X221.245 Y215.449 E126.25181
G1 X221.383 Y214.704 E126.27858
G1 X221.454 Y214.047 E126.30192
G1 X221.464 Y213.551 E126.31945
G1 X217.171 Y218.888 E126.5614
G1 X216.697 Y218.981 E126.57847
M204 S2500
G0 F15000 X217.307 Y219.138
G0 X216.75 Y219.124
G0 X213.372 Y216.497
G0 X213.541 Y216.288
M204 S1250
;TYPE:WALL-OUTER
G1 F1768.4 X211.067 Y214.299 E126.71223
G1 F1926 X211.06 Y213.972 E126.72489
G1 F2050.8 X213.3 Y211.19 E126.85466
G1 F1947.1 X215.539 Y208.407 E126.99136
G1 F1811.8 X215.587 Y208.397 E126.99337
G1 F1901.2 X215.744 Y208.488 E127.00049
G1 F2089.5 X221.221 Y212.884 E127.25094
G1 F1986.4 X221.322 Y213.078 E127.25915
G1 F2004.4 X220.826 Y213.674 E127.28797
G1 F2109.4 X216.844 Y218.624 E127.51239
G1 F1917.6 X216.558 Y218.713 E127.52403
G1 F1764.8 X213.541 Y216.288 E127.68747
M204 S2500
G0 F15000 X213.386 Y216.163
G0 X212.737 Y216.283
M204 S1250
G1 F1761.3 X216.279 Y219.13 E127.87972
G1 F1917.6 X216.964 Y219.734 E127.91521
G1 F2109.4 X217.971 Y220.544 E127.96086
G1 X221.477 Y216.181 E128.15859
G1 X221.655 Y215.544 E128.18195
G1 X221.799 Y214.765 E128.20993
G1 X221.874 Y214.082 E128.23421
G1 F2046.1 X221.877 Y213.351 E128.26083
G1 F1861.2 X221.826 Y213.07 E128.27226
G1 F1897.1 X221.831 Y212.59 E128.29112
G1 F2089.5 X221.751 Y212.09 E128.30918
G1 F2109.4 X221.599 Y211.492 E128.33097
G1 X221.382 Y210.919 E128.35262
G1 X221.158 Y210.452 E128.37091
G1 X220.629 Y209.65 E128.40485
G1 X220.136 Y209.122 E128.43037
G1 X219.779 Y208.83 E128.44666
G1 X219.18 Y208.442 E128.47188
G1 X218.323 Y208.072 E128.50485
G1 X217.618 Y207.887 E128.5306
G1 X216.939 Y207.79 E128.55483
G1 X216.11 Y207.776 E128.58412
G1 F1893.1 X215.38 Y207.919 E128.6134
G1 X214.802 Y207.985 E128.6363
G1 F2109.4 X214.138 Y208.175 E128.6607
G1 X213.497 Y208.414 E128.68486
G1 X212.491 Y208.877 E128.72398
G1 X208.947 Y213.287 E128.92384
G1 X209.948 Y214.092 E128.96922
G1 F1926 X210.753 Y214.688 E129.00797
G1 F1764.8 X212.737 Y216.283 E129.11545
M204 S2500
G0 F15000 X212.892 Y216.408
G0 X213.061 Y216.2
G0 X210.598 Y214.175
G0 X210.525 Y213.543
G0 X210.058 Y213.166
;TYPE:SKIN
G1 F1800.7 X212.992 Y209.519 E129.30915
G1 F1804.4 X213.806 Y209.143 E129.34618
G1 X213.981 Y209.076 E129.35392
G1 X210.442 Y213.473 E129.58701
G1 F1800.7 X210.058 Y213.166 E129.60736
G0 F15000 X210.525 Y213.543
G0 X210.598 Y214.175
G0 X216.75 Y219.124
G0 X217.387 Y219.055
G0 X217.463 Y219.118
G1 F1793.4 X220.997 Y214.721 E129.84175
G1 X220.888 Y215.33 E129.86745
G1 X220.755 Y215.809 E129.88811
G1 F1789.8 X217.849 Y219.428 E130.08134
G1 F1786.2 X217.463 Y219.118 E130.102
G1 F2700 E129.602
G0 F15000 X217.387 Y219.055
G0 X216.75 Y219.124
G0 X210.598 Y214.175
G0 X215.545 Y208.023
G0 X216.017 Y208.401
G0 X217.2 Y208.772
G0 X217.284 Y208.67
G1 F2700 E130.102
G1 F1596.3 X217.439 Y208.692 E130.1093
G1 X218.061 Y208.855 E130.13932
G1 X218.784 Y209.166 E130.17606
G1 F1576.4 X219.45 Y209.622 E130.21421
G1 F1596.3 X219.99 Y210.165 E130.24996
G1 F1634.6 X220.529 Y210.977 E130.29439
G1 X220.7 Y211.423 E130.31617
G1 X219.607 Y210.544 E130.38011
G1 F1576.4 X219.178 Y210.173 E130.40692
G1 F1559.8 X218.479 Y209.628 E130.44926
G1 F1596.3 X217.284 Y208.67 E130.52076
G1 F2700 E130.02076
;MESH:NONMESH
G0 F600 X217.284 Y208.67 Z3.2
G0 F15000 X217.2 Y208.772
G0 X216.676 Y208.968
G0 X214.842 Y211.248
;TIME_ELAPSED:154.863524
;LAYER:15
;note -- min layer time used
;TYPE:SUPPORT
G1 F2700 E130.52076
G1 F971.1 X215.127 Y211.168 E130.53069
G1 X215.668 Y211.347 E130.54981
G1 X215.801 Y211.298 E130.55457
G1 X216.114 Y210.981 E130.56952
G1 X216.49 Y210.84 E130.583
G1 X216.826 Y210.92 E130.59459
G1 X217.616 Y211.555 E130.6286
G1 X217.708 Y211.805 E130.63754
G1 X217.789 Y211.863 E130.64089
G1 X218.026 Y211.91 E130.649
G1 X218.609 Y212.378 E130.67408
G1 X218.673 Y212.599 E130.68181
G1 X218.53 Y212.956 E130.69471
G1 X218.522 Y213.153 E130.70133
G1 X218.562 Y213.257 E130.70507
G1 X218.858 Y213.542 E130.71886
G1 X218.961 Y213.89 E130.73104
G1 X218.909 Y214.077 E130.73755
G1 X218.685 Y214.352 E130.74945
G1 X218.643 Y214.46 E130.75334
G1 X218.123 Y215.107 E130.7812
G1 X218.067 Y215.163 E130.78386
G1 X217.601 Y215.74 E130.80875
G1 X217.298 Y215.829 E130.81935
G1 X217.016 Y215.763 E130.82906
G1 X216.805 Y215.818 E130.83638
G1 X216.576 Y215.793 E130.84411
G1 X216.436 Y215.9 E130.85003
G1 X216.09 Y215.997 E130.86209
G1 X215.763 Y215.901 E130.87352
G1 X215.537 Y215.729 E130.88305
G1 X215.277 Y215.781 E130.89195
G1 X214.951 Y215.685 E130.90336
G1 X214.675 Y215.409 E130.91646
G1 X214.571 Y215.076 E130.92816
G1 X214.505 Y215.01 E130.9313
G1 X214.29 Y214.94 E130.93888
G1 X214.011 Y214.661 E130.95213
G1 X213.919 Y214.342 E130.96327
G1 X213.943 Y214.181 E130.96873
G1 X213.849 Y213.901 E130.97864
G1 X213.454 Y213.585 E130.99562
G1 X213.348 Y213.228 E131.00812
G1 X213.426 Y212.964 E131.01735
G1 X214.144 Y212.071 E131.05581
G1 X214.308 Y212.015 E131.06162
G1 X214.401 Y211.906 E131.06643
G1 X214.451 Y211.735 E131.07241
G1 X214.842 Y211.248 E131.09337
G1 F2700 E130.59337
;MESH:boitierDown.stl
G0 F15000 X212.441 Y214.23
G0 X212.737 Y216.283
M204 S1250
;TYPE:WALL-OUTER
G1 F2700 E131.09337
G1 F812.5 X210.753 Y214.688 E131.20085
G1 F751.1 X210.231 Y214.215 E131.23303
G1 F749.8 X210.589 Y213.704 E131.26157
G1 F804.5 X215.212 Y207.953 E131.57623
G1 F793.5 X215.828 Y207.865 E131.60313
G1 X221.786 Y212.653 E131.93357
G1 F798.2 X221.835 Y213.276 E131.96043
G1 F804.5 X217.208 Y219.03 E132.27529
G1 F748.4 X216.787 Y219.488 E132.30381
G1 F747 X216.278 Y219.131 E132.33236
G1 F809.3 X212.737 Y216.283 E132.52499
M204 S2500
G0 F15000 X212.582 Y216.158
G0 X213.541 Y216.288
M204 S1250
G1 F809.3 X216.558 Y218.714 E132.6891
G1 F747 X216.711 Y218.784 E132.69683
G1 F748.4 X216.847 Y218.682 E132.70462
G1 F804.5 X221.319 Y213.121 E133.00893
G1 F793.5 X221.301 Y212.902 E133.01843
G1 X215.691 Y208.395 E133.32953
G1 F798.2 X215.473 Y208.425 E133.33899
G1 F804.5 X211.004 Y213.982 E133.64308
G1 F749.8 X210.933 Y214.138 E133.65092
G1 F751.1 X211.067 Y214.299 E133.66049
G1 F812.5 X213.541 Y216.288 E133.79452
M204 S2500
G0 F15000 X213.696 Y216.413
G1 F2700 E133.29452
;MESH:NONMESH
G0 F600 X213.696 Y216.413 Z3.4
G0 F15000 X213.527 Y216.622
G0 X211.655 Y214.99
G0 X212.334 Y214.144
G0 X214.65 Y211.267
;TIME_ELAPSED:161.199095
;LAYER:16
;note -- min layer time used
;TYPE:SUPPORT
G1 F2700 E133.79452
G1 F981.9 X214.857 Y211.207 E133.80175
G1 X214.991 Y211.229 E133.80631
G1 X215.426 Y211.11 E133.82145
G1 X215.84 Y211.28 E133.83647
G1 X216.027 Y211.242 E133.84287
G1 X216.392 Y210.811 E133.86182
G1 X216.712 Y210.679 E133.87344
G1 X217.73 Y211.5 E133.91733
G1 X217.779 Y211.64 E133.92231
G1 X217.869 Y211.722 E133.92639
G1 X218.093 Y211.787 E133.93422
G1 X218.592 Y212.19 E133.95575
G1 X218.633 Y212.334 E133.96077
G1 X218.582 Y212.569 E133.96884
G1 X218.619 Y212.813 E133.97712
G1 X218.457 Y213.248 E133.9927
G1 X218.483 Y213.396 E133.99774
G1 X218.753 Y213.58 E134.00871
G1 X218.972 Y213.812 E134.01942
G1 X219.048 Y214.071 E134.02847
G1 X219.024 Y214.158 E134.0315
G1 X218.201 Y215.183 E134.07562
G1 X218.108 Y215.222 E134.079
G1 X218.005 Y215.426 E134.08667
G1 X217.651 Y215.863 E134.10554
G1 X217.472 Y215.912 E134.11177
G1 X217.329 Y215.892 E134.11662
G1 X216.846 Y216.026 E134.13344
G1 X216.645 Y215.942 E134.14075
G1 X216.509 Y215.797 E134.14742
G1 X216.426 Y215.77 E134.15035
G1 X216.09 Y215.849 E134.16193
G1 X215.834 Y215.773 E134.1709
G1 X215.602 Y215.579 E134.18105
G1 X215.279 Y215.634 E134.19204
G1 X215.019 Y215.557 E134.20114
G1 X214.715 Y215.266 E134.21526
G1 X214.233 Y215.141 E134.23198
G1 X214.07 Y214.934 E134.24082
G1 X214.004 Y214.583 E134.2528
G1 X214.086 Y214.167 E134.26703
G1 X213.981 Y213.841 E134.27853
G1 X213.816 Y213.678 E134.28631
G1 X213.563 Y213.549 E134.29584
G1 X213.33 Y213.317 E134.30687
G1 X213.255 Y213.062 E134.31579
G1 X213.283 Y212.967 E134.31912
G1 X214.09 Y211.964 E134.36232
G1 X214.206 Y211.921 E134.36647
G1 X214.287 Y211.825 E134.37069
G1 X214.335 Y211.659 E134.37649
G1 X214.65 Y211.267 E134.39336
G1 F2700 E133.89336
;MESH:boitierDown.stl
G0 F15000 X212.334 Y214.144
G0 X212.737 Y216.283
M204 S1250
;TYPE:WALL-OUTER
G1 F2700 E134.39336
G1 F821.5 X210.753 Y214.688 E134.50085
G1 F759.5 X210.231 Y214.215 E134.53302
G1 F758.1 X210.589 Y213.704 E134.56157
G1 F813.4 X215.212 Y207.953 E134.87622
G1 F802.3 X215.828 Y207.865 E134.90312
G1 X221.786 Y212.653 E135.23356
G1 F807 X221.835 Y213.276 E135.26042
G1 F813.4 X217.208 Y219.03 E135.57528
G1 F756.7 X216.787 Y219.488 E135.6038
G1 F755.3 X216.278 Y219.131 E135.63235
G1 F818.2 X212.737 Y216.283 E135.82498
M204 S2500
G0 F15000 X212.582 Y216.158
G0 X213.541 Y216.288
M204 S1250
G1 F818.2 X216.558 Y218.714 E135.9891
G1 F755.3 X216.711 Y218.784 E135.99682
G1 F756.7 X216.847 Y218.682 E136.00462
G1 F813.4 X221.318 Y213.122 E136.30886
G1 F802.3 X221.301 Y212.902 E136.3184
G1 X215.691 Y208.395 E136.62951
G1 F807 X215.473 Y208.425 E136.63896
G1 F813.4 X211.004 Y213.982 E136.94305
G1 F758.1 X210.933 Y214.138 E136.9509
G1 F759.5 X211.067 Y214.299 E136.96046
G1 F821.5 X213.541 Y216.288 E137.0945
M204 S2500
G0 F15000 X213.696 Y216.413
G1 F2700 E136.5945
;MESH:NONMESH
G0 F600 X213.696 Y216.413 Z3.6
G0 F15000 X213.527 Y216.622
G0 X211.675 Y215.031
G0 X213.261 Y213.062
;TIME_ELAPSED:167.498764
;LAYER:17
;note -- min layer time used
;TYPE:SUPPORT
G1 F2700 E137.0945
G1 F995.1 X213.151 Y212.797 E137.10412
G1 X213.43 Y212.448 E137.11912
G1 X213.634 Y212.362 E137.12655
G1 X213.697 Y212.119 E137.13497
G1 X213.967 Y211.78 E137.14952
G1 X214.166 Y211.677 E137.15704
G1 X214.211 Y211.479 E137.16385
G1 X214.482 Y211.139 E137.17844
G1 X214.59 Y211.127 E137.18209
G1 X215.017 Y211.332 E137.19799
G1 X215.393 Y211.229 E137.21107
G1 X215.587 Y211.286 E137.21785
G1 X215.842 Y211.54 E137.22993
G1 X215.966 Y211.57 E137.23421
G1 X216.123 Y211.483 E137.24024
G1 X216.247 Y211.186 E137.25104
G1 X216.532 Y210.849 E137.26585
G1 X216.724 Y210.795 E137.27254
G1 X216.919 Y210.85 E137.27934
G1 X217.156 Y211.106 E137.29105
G1 X217.311 Y211.134 E137.29634
G1 X217.533 Y211.069 E137.3041
G1 X217.879 Y211.347 E137.31899
G1 X217.901 Y211.448 E137.32246
G1 X218.013 Y211.562 E137.32783
G1 X218.192 Y211.601 E137.33398
G1 X218.506 Y211.854 E137.34751
G1 X218.545 Y212.083 E137.3553
G1 X218.446 Y212.483 E137.36913
G1 X218.517 Y212.778 E137.37932
G1 X218.459 Y212.984 E137.3865
G1 X218.272 Y213.193 E137.39591
G1 X218.251 Y213.312 E137.39996
G1 X218.294 Y213.418 E137.4038
G1 X218.523 Y213.649 E137.41472
G1 X218.695 Y213.726 E137.42104
G1 X219.029 Y214.073 E137.43721
G1 X219.134 Y214.359 E137.44743
G1 X218.853 Y214.703 E137.46234
G1 X218.75 Y214.721 E137.46585
G1 X218.624 Y214.843 E137.47173
G1 X218.594 Y215.026 E137.47796
G1 X218.32 Y215.369 E137.49269
G1 X218.129 Y215.464 E137.49985
G1 X218.079 Y215.671 E137.50699
G1 X217.8 Y216.016 E137.52188
G1 X217.721 Y216.027 E137.52456
G1 X217.463 Y215.916 E137.53399
G1 X217.388 Y215.839 E137.53759
G1 X217.221 Y215.796 E137.54338
G1 X216.892 Y215.914 E137.55511
G1 X216.715 Y215.861 E137.56131
G1 X216.485 Y215.647 E137.57185
G1 X216.404 Y215.626 E137.57466
G1 X216.091 Y215.701 E137.58546
G1 X215.907 Y215.645 E137.59192
G1 X215.689 Y215.438 E137.60201
G1 X215.549 Y215.407 E137.60682
G1 X215.277 Y215.481 E137.61628
G1 X215.091 Y215.429 E137.62276
G1 X214.728 Y215.101 E137.63918
G1 X214.517 Y215.129 E137.64632
G1 X214.335 Y215.077 E137.65267
G1 X214.175 Y214.917 E137.66027
G1 X214.119 Y214.725 E137.66698
G1 X214.246 Y214.158 E137.68648
G1 X214.123 Y213.777 E137.69992
G1 X213.76 Y213.464 E137.716
G1 X213.618 Y213.405 E137.72116
G1 X213.261 Y213.062 E137.73778
G1 F2700 E137.23778
;MESH:boitierDown.stl
G0 F15000 X211.675 Y215.031
G0 X212.737 Y216.283
M204 S1250
;TYPE:WALL-OUTER
G1 F2700 E137.73778
G1 F832.6 X210.753 Y214.688 E137.84526
G1 F769.7 X210.231 Y214.215 E137.87743
G1 F768.3 X210.589 Y213.704 E137.90598
G1 F824.3 X215.212 Y207.953 E138.22063
G1 F813.1 X215.829 Y207.866 E138.24757
G1 X221.787 Y212.657 E138.57809
G1 F819.5 X221.835 Y213.276 E138.60473
G1 F824.3 X217.208 Y219.03 E138.91959
G1 F766.9 X216.787 Y219.488 E138.9481
G1 F765.5 X216.278 Y219.131 E138.97665
G1 F829.3 X212.737 Y216.283 E139.16929
M204 S2500
G0 F15000 X212.582 Y216.158
G0 X213.541 Y216.288
M204 S1250
G1 F829.3 X216.558 Y218.714 E139.3334
G1 F765.5 X216.711 Y218.784 E139.34113
G1 F766.9 X216.847 Y218.682 E139.34892
G1 F824.3 X221.319 Y213.121 E139.65322
G1 F813.1 X221.301 Y212.904 E139.66264
G1 X215.692 Y208.395 E139.97376
G1 F817.9 X215.473 Y208.425 E139.98326
G1 F824.3 X211.004 Y213.982 E140.28735
G1 F768.3 X210.933 Y214.138 E140.2952
G1 F769.7 X211.067 Y214.299 E140.30476
G1 F832.6 X213.541 Y216.288 E140.4388
M204 S2500
G0 F15000 X213.696 Y216.413
G1 F2700 E139.9388
;MESH:NONMESH
G0 F600 X213.696 Y216.413 Z3.8
G0 F15000 X213.527 Y216.622
G0 X211.614 Y214.982
G0 X213.29 Y212.9
;TIME_ELAPSED:173.798424
;LAYER:18
;note -- min layer time used
;TYPE:SUPPORT
G1 F2700 E140.4388
G1 F977.1 X213.259 Y212.789 E140.44266
G1 X213.298 Y212.658 E140.44725
G1 X213.966 Y211.859 E140.4822
G1 X214.031 Y211.748 E140.48652
G1 X214.446 Y211.258 E140.50807
G1 X214.561 Y211.227 E140.51206
G1 X214.779 Y211.289 E140.51967
G1 X215.358 Y211.367 E140.53928
G1 X216.011 Y211.542 E140.56196
G1 X216.158 Y211.498 E140.56711
G1 X216.611 Y210.974 E140.59036
G1 X216.72 Y210.943 E140.59416
G1 X217.689 Y211.212 E140.62791
G1 X218.401 Y211.829 E140.65953
G1 X218.438 Y211.947 E140.66368
G1 X218.394 Y212.136 E140.67019
G1 X218.411 Y212.331 E140.67676
G1 X218.35 Y212.675 E140.68848
G1 X218.369 Y212.78 E140.69207
G1 X218.134 Y213.432 E140.71532
G1 X218.189 Y213.559 E140.71997
G1 X218.458 Y213.804 E140.73218
G1 X218.717 Y213.947 E140.74211
G1 X219 Y214.237 E140.75571
G1 X219.033 Y214.352 E140.75972
G1 X218.986 Y214.513 E140.76535
G1 X218.328 Y215.279 E140.79924
G1 X217.841 Y215.885 E140.82533
G1 X217.734 Y215.916 E140.82907
G1 X217.558 Y215.862 E140.83525
G1 X216.928 Y215.774 E140.85659
G1 X216.158 Y215.552 E140.88349
G1 X216.101 Y215.556 E140.8854
G1 X215.389 Y215.342 E140.91035
G1 X215.152 Y215.293 E140.91848
G1 X214.612 Y215.011 E140.93892
G1 X214.405 Y214.947 E140.94619
G1 X214.299 Y214.841 E140.95122
G1 X214.267 Y214.729 E140.95513
G1 X214.304 Y214.597 E140.95973
G1 X214.28 Y214.333 E140.96863
G1 X214.322 Y213.986 E140.98036
G1 X213.959 Y213.466 E141.00164
G1 X213.793 Y213.291 E141.00974
G1 X213.58 Y213.179 E141.01781
G1 X213.29 Y212.9 E141.03132
G1 F2700 E140.53132
;MESH:boitierDown.stl
G0 F15000 X211.614 Y214.982
G0 X212.737 Y216.283
M204 S1250
;TYPE:WALL-OUTER
G1 F2700 E141.03132
G1 F817.5 X210.753 Y214.688 E141.1388
G1 F755.8 X210.231 Y214.215 E141.17097
G1 F754.4 X210.589 Y213.704 E141.19952
G1 F809.4 X215.212 Y207.953 E141.51417
G1 F798.4 X215.829 Y207.866 E141.54111
G1 X221.787 Y212.657 E141.87164
G1 F804.7 X221.835 Y213.276 E141.89827
G1 F809.4 X217.208 Y219.03 E142.21313
G1 F753 X216.787 Y219.488 E142.24164
G1 F751.6 X216.278 Y219.131 E142.2702
G1 F814.2 X212.737 Y216.283 E142.46283
M204 S2500
G0 F15000 X212.582 Y216.158
G0 X213.541 Y216.288
M204 S1250
G1 F814.2 X216.558 Y218.714 E142.62694
G1 F751.6 X216.711 Y218.784 E142.63467
G1 F753 X216.847 Y218.682 E142.64246
G1 F809.4 X221.319 Y213.121 E142.94676
G1 F798.4 X221.301 Y212.904 E142.95618
G1 X215.692 Y208.395 E143.2673
G1 F803.1 X215.473 Y208.425 E143.2768
G1 F809.4 X211.004 Y213.982 E143.5809
G1 F754.4 X210.933 Y214.138 E143.58874
G1 F755.8 X211.067 Y214.299 E143.5983
G1 F817.5 X213.541 Y216.288 E143.73234
M204 S2500
G0 F15000 X213.696 Y216.413
;MESH:NONMESH
G0 F600 X213.696 Y216.413 Z4
G0 F15000 X213.541 Y216.288
;TIME_ELAPSED:179.947580
;LAYER:19
;note -- min layer time used
M204 S1250
;TYPE:WALL-OUTER
;MESH:boitierDown.stl
G1 F630.6 X216.558 Y218.714 E143.89645
G1 F582.1 X216.711 Y218.784 E143.90418
G1 F583.2 X216.847 Y218.682 E143.91197
G1 F626.9 X221.319 Y213.121 E144.21627
G1 F619.5 X221.302 Y212.904 E144.22566
G1 F620.7 X215.692 Y208.395 E144.53561
G1 F623.2 X215.473 Y208.425 E144.54509
G1 F626.9 X211.004 Y213.982 E144.84919
G1 F584.2 X210.933 Y214.138 E144.85703
G1 F585.3 X211.067 Y214.299 E144.8666
G1 F633.1 X213.541 Y216.288 E145.00063
M204 S2500
G0 F15000 X213.696 Y216.413
G0 X212.737 Y216.283
M204 S1250
G1 F633.1 X210.753 Y214.688 E145.10811
G1 F585.3 X210.231 Y214.215 E145.14028
G1 F584.2 X210.589 Y213.704 E145.16883
G1 F626.9 X215.212 Y207.953 E145.48348
G1 F623.2 X215.828 Y207.866 E145.51017
G1 F620.7 X221.787 Y212.658 E145.83947
G1 F619.5 X221.835 Y213.276 E145.86621
G1 F626.9 X217.208 Y219.03 E146.18107
G1 F583.2 X216.787 Y219.488 E146.20959
G1 F582.1 X216.278 Y219.131 E146.23814
G1 F630.6 X212.737 Y216.283 E146.43077
M204 S2500
G0 F15000 X212.582 Y216.158
;MESH:NONMESH
G0 F600 X212.582 Y216.158 Z4.2
G0 F15000 X213.344 Y216.287
;TIME_ELAPSED:186.172456
;LAYER:20
;note -- min layer time used
M204 S1250
;TYPE:WALL-INNER
;MESH:boitierDown.stl
G1 F1716.3 X214.493 Y217.211 E146.48286
G1 X214.436 Y216.69 E146.50137
G1 X215.844 Y214.934 E146.58089
G1 X216.073 Y214.755 E146.59115
G1 X216.267 Y214.701 E146.59827
G1 X216.47 Y214.712 E146.60545
G1 X216.732 Y214.837 E146.6157
G1 X218.487 Y216.248 E146.69525
G1 X218.58 Y216.723 E146.71235
G1 X219.781 Y215.226 E146.78015
G1 X219.26 Y215.283 E146.79866
G1 X217.508 Y213.871 E146.87815
G1 X217.331 Y213.643 E146.88835
G1 X217.276 Y213.449 E146.89547
G1 X217.288 Y213.246 E146.90265
G1 X217.38 Y213.029 E146.91098
G1 X218.82 Y211.233 E146.9923
G1 X219.295 Y211.14 E147.0094
G1 X217.799 Y209.939 E147.07717
G1 X217.856 Y210.455 E147.09551
G1 X216.412 Y212.252 E147.17694
G1 X216.219 Y212.389 E147.18531
G1 X216.024 Y212.443 E147.19245
G1 X215.821 Y212.432 E147.19963
G1 X215.604 Y212.34 E147.20796
G1 X213.805 Y210.895 E147.28947
G1 X213.711 Y210.422 E147.30651
G1 X212.513 Y211.917 E147.37419
G1 X213.032 Y211.861 E147.39263
G1 X214.824 Y213.309 E147.47401
G1 X214.961 Y213.501 E147.48235
G1 X215.015 Y213.695 E147.48946
G1 X215.004 Y213.898 E147.49664
G1 X214.879 Y214.159 E147.50686
G1 X213.472 Y215.911 E147.58624
G1 X212.994 Y216.005 E147.60345
G1 X213.344 Y216.287 E147.61933
M204 S2500
G0 F15000 X212.724 Y216.283
M204 S1250
;TYPE:WALL-OUTER
G1 F1553.5 X213.43 Y216.907 E147.6561
G1 F1501.7 X214.457 Y217.668 E147.70771
G1 F1430.2 X216.278 Y219.131 E147.80673
G1 F1320.2 X216.787 Y219.488 E147.83528
G1 F1322.6 X217.208 Y219.03 E147.86379
G1 F1430.2 X218.728 Y217.141 E147.96658
G1 F1495.5 X219.48 Y216.286 E148.01274
G1 F1501.7 X220.24 Y215.262 E148.06422
G1 F1430.2 X221.835 Y213.276 E148.1722
G1 F1413.4 X221.787 Y212.658 E148.19879
G1 F1419 X219.713 Y210.992 E148.31245
G1 F1560.3 X219.028 Y210.39 E148.34789
G1 F1716.3 X218.633 Y210.072 E148.3658
G1 F1567 X217.832 Y209.477 E148.40441
G1 F1427.4 X215.828 Y207.866 E148.51362
G1 F1407.9 X215.212 Y207.953 E148.54041
G1 F1419 X213.564 Y210.004 E148.65283
G1 F1560.3 X212.963 Y210.687 E148.68818
G1 F1716.3 X212.649 Y211.078 E148.7059
G1 F1567 X212.053 Y211.882 E148.74462
G1 F1438.8 X210.589 Y213.704 E148.84311
G1 F1325.1 X210.231 Y214.215 E148.87166
G1 F1327.5 X210.753 Y214.688 E148.90383
G1 F1433.1 X212.578 Y216.154 E149.00287
G1 F1483.2 X212.724 Y216.283 E149.01083
M204 S2500
G0 F15000 X212.873 Y216.415
G0 X213.605 Y216.161
G0 X214.166 Y216.611
G0 X214.771 Y217.279
M204 S1250
G1 F1567 X214.764 Y216.952 E149.02348
G1 F1716.3 X216.217 Y215.14 E149.10553
G1 X216.411 Y215.119 E149.11243
G1 X218.224 Y216.576 E149.19459
G1 F1560.3 X218.313 Y216.862 E149.20623
G1 F1430.2 X216.847 Y218.682 E149.3053
G1 F1322.6 X216.711 Y218.784 E149.31309
G1 F1320.2 X216.558 Y218.714 E149.32082
G1 F1430.2 X214.771 Y217.279 E149.41797
M204 S2500
G0 F15000 X214.767 Y217.079
G0 X214.151 Y216.583
G0 X217.144 Y212.862
G0 X217.695 Y213.306
M204 S1250
G1 F1716.3 X219.148 Y211.496 E149.49996
G1 F1560.3 X219.434 Y211.407 E149.5116
G1 F1419 X221.302 Y212.904 E149.61388
G1 F1413.4 X221.318 Y213.122 E149.62326
G1 F1430.2 X219.851 Y214.949 E149.72258
G1 F1567 X219.524 Y214.956 E149.73524
G1 F1716.3 X217.716 Y213.499 E149.81727
G1 X217.695 Y213.306 E149.82412
M204 S2500
G0 F15000 X217.82 Y213.151
G0 X217.269 Y212.707
G0 X216.087 Y213.008
G0 X213.559 Y211.031
G0 X213.979 Y210.282
M204 S1250
G1 F1419 X215.473 Y208.425 E149.92596
G1 F1407.9 X215.692 Y208.395 E149.93548
G1 F1427.4 X217.52 Y209.865 E150.03511
G1 F1567 X217.528 Y210.192 E150.04777
G1 F1716.3 X216.075 Y212.004 E150.12982
G1 X215.881 Y212.025 E150.13671
G1 X214.068 Y210.568 E150.21887
G1 F1560.3 X213.979 Y210.282 E150.23051
M204 S2500
G0 F15000 X214.104 Y210.127
G0 X213.897 Y209.959
G0 X210.693 Y213.944
G0 X210.933 Y214.138
M204 S1250
G1 F1325.1 X211.004 Y213.982 E150.23836
G1 F1438.8 X212.441 Y212.195 E150.33498
G1 F1567 X212.768 Y212.188 E150.34764
G1 F1716.3 X214.576 Y213.646 E150.42969
G1 X214.597 Y213.839 E150.43655
G1 X213.144 Y215.648 E150.51851
G1 F1560.3 X212.858 Y215.737 E150.53015
G1 F1433.1 X211.067 Y214.299 E150.62732
G1 F1327.5 X210.933 Y214.138 E150.63689
M204 S2500
G0 F15000 X211.004 Y213.982
G0 X211.022 Y213.96
G0 X210.815 Y213.792
G0 X212.568 Y211.724
G0 X213.266 Y211.572
;TYPE:SKIN
G1 F1456.2 X213.574 Y211.186 E150.65745
G1 F1453.3 X215.388 Y212.647 E150.75462
G1 F1570.5 X215.78 Y212.762 E150.77039
G1 F1716.3 X216.062 Y212.773 E150.78036
G1 X216.325 Y212.703 E150.78997
G1 F1567 X216.684 Y212.506 E150.80582
G1 F1447.5 X218.142 Y210.694 E150.90323
G1 F1450.4 X218.525 Y211.002 E150.92378
G1 F1447.5 X217.069 Y212.819 E151.02131
G1 F1567 X216.954 Y213.205 E151.03689
G1 F1716.3 X216.939 Y213.483 E151.04672
G1 X217.014 Y213.752 E151.05659
G1 F1577.3 X217.281 Y214.169 E151.07562
G1 F1459.2 X219.025 Y215.571 E151.1686
G1 F1462.1 X218.715 Y215.953 E151.18899
G1 F1459.2 X216.972 Y214.553 E151.28188
G1 F1577.3 X216.511 Y214.378 E151.30084
G1 F1716.3 X216.226 Y214.367 E151.31091
G1 X215.967 Y214.436 E151.32038
G1 F1580.8 X215.548 Y214.706 E151.3395
G1 F1465.1 X214.146 Y216.451 E151.43213
G1 F1462.1 X213.762 Y216.144 E151.45252
G1 F1465.1 X215.164 Y214.398 E151.54518
G1 F1580.8 X215.334 Y213.932 E151.5642
G1 F1716.3 X215.34 Y213.623 E151.57512
G1 X215.275 Y213.391 E151.58363
G1 F1570.5 X215.077 Y213.032 E151.59946
G1 F1453.3 X213.266 Y211.572 E151.69651
G0 F15000 X215.582 Y213.635
G0 X215.452 Y214.264
G1 F1716.3 X215.595 Y214.407 E151.70365
G0 F15000 X215.994 Y214.212
G1 F1716.3 X215.549 Y213.767 E151.72588
G0 F15000 X215.948 Y212.978
G1 F1716.3 X216.85 Y213.88 E151.77094
G0 F15000 X216.551 Y214.176
G1 F1716.3 X215.267 Y212.891 E151.83511
G1 X215.193 Y212.817
G0 F15000 X216.087 Y213.008
G0 X216.441 Y212.877
G1 F1716.3 X216.747 Y213.184 E151.85043
G0 F15000 X216.581 Y213.05
;MESH:NONMESH
G0 F600 X216.581 Y213.05 Z4.4
G0 F15000 X213.605 Y216.161
G0 X213.344 Y216.287
;TIME_ELAPSED:193.246450
;LAYER:21
;note -- min layer time used
M204 S1250
;TYPE:WALL-INNER
;MESH:boitierDown.stl
G1 F1717.4 X214.493 Y217.211 E151.90251
G1 X214.436 Y216.69 E151.92103
G1 X215.844 Y214.934 E152.00054
G1 X216.073 Y214.755 E152.0108
G1 X216.267 Y214.701 E152.01792
G1 X216.47 Y214.712 E152.0251
G1 X216.732 Y214.837 E152.03535
G1 X218.487 Y216.248 E152.1149
G1 X218.58 Y216.723 E152.132
G1 X219.781 Y215.226 E152.1998
G1 X219.26 Y215.283 E152.21831
G1 X217.508 Y213.871 E152.2978
G1 X217.331 Y213.643 E152.308
G1 X217.276 Y213.449 E152.31512
G1 X217.288 Y213.246 E152.32231
G1 X217.38 Y213.029 E152.33063
G1 X218.821 Y211.233 E152.41197
G1 X219.292 Y211.14 E152.42893
G1 X217.8 Y209.941 E152.49655
G1 X217.856 Y210.455 E152.51482
G1 X216.412 Y212.252 E152.59625
G1 X216.219 Y212.389 E152.60461
G1 X216.024 Y212.443 E152.61176
G1 X215.821 Y212.432 E152.61894
G1 X215.604 Y212.34 E152.62727
G1 X213.805 Y210.895 E152.70878
G1 X213.711 Y210.422 E152.72582
G1 X212.513 Y211.917 E152.79349
G1 X213.032 Y211.861 E152.81193
G1 X214.824 Y213.309 E152.89332
G1 X214.961 Y213.501 E152.90165
G1 X215.015 Y213.695 E152.90877
G1 X215.004 Y213.898 E152.91595
G1 X214.879 Y214.159 E152.92617
G1 X213.472 Y215.911 E153.00555
G1 X212.994 Y216.005 E153.02276
G1 X213.344 Y216.287 E153.03864
M204 S2500
G0 F15000 X212.724 Y216.283
M204 S1250
;TYPE:WALL-OUTER
G1 F1554.5 X213.43 Y216.907 E153.07541
G1 F1502.7 X214.457 Y217.668 E153.12701
G1 F1431.1 X216.278 Y219.131 E153.22603
G1 F1321.1 X216.787 Y219.488 E153.25458
G1 F1323.5 X217.208 Y219.03 E153.2831
G1 F1431.1 X218.728 Y217.141 E153.38588
G1 F1496.5 X219.48 Y216.286 E153.43204
G1 F1502.7 X220.24 Y215.262 E153.48353
G1 F1431.1 X221.835 Y213.276 E153.5915
G1 F1414.3 X221.788 Y212.663 E153.61788
G1 F1422.7 X219.712 Y210.994 E153.73147
G1 F1561.2 X219.03 Y210.393 E153.76679
G1 F1717.4 X218.631 Y210.073 E153.78486
G1 F1571.4 X217.833 Y209.479 E153.82326
G1 F1431.1 X215.829 Y207.866 E153.93231
G1 F1408.8 X215.212 Y207.953 E153.95915
G1 F1419.9 X213.564 Y210.004 E154.07156
G1 F1561.2 X212.963 Y210.687 E154.10692
G1 F1717.4 X212.649 Y211.078 E154.12463
G1 F1568 X212.053 Y211.882 E154.16335
G1 F1439.7 X210.589 Y213.704 E154.26184
G1 F1325.9 X210.231 Y214.215 E154.29039
G1 F1328.3 X210.753 Y214.688 E154.32256
G1 F1434 X212.578 Y216.154 E154.4216
G1 F1484.1 X212.724 Y216.283 E154.42956
M204 S2500
G0 F15000 X212.873 Y216.415
G0 X213.605 Y216.161
G0 X214.212 Y216.507
G0 X214.764 Y216.952
M204 S1250
G1 F1717.4 X216.217 Y215.14 E154.51161
G1 X216.411 Y215.119 E154.5185
G1 X218.224 Y216.576 E154.60067
G1 F1561.2 X218.313 Y216.862 E154.61231
G1 F1431.1 X216.847 Y218.682 E154.71138
G1 F1323.5 X216.711 Y218.784 E154.71917
G1 F1321.1 X216.558 Y218.714 E154.72689
G1 F1431.1 X214.771 Y217.279 E154.82405
G1 F1568 X214.764 Y216.952 E154.8367
M204 S2500
G0 F15000 X214.889 Y216.796
G0 X214.338 Y216.352
G0 X217.144 Y212.862
G0 X217.695 Y213.306
M204 S1250
G1 F1717.4 X219.148 Y211.496 E154.9187
G1 F1561.2 X219.434 Y211.408 E154.93032
G1 F1422.7 X221.302 Y212.906 E155.03243
G1 F1414.3 X221.318 Y213.122 E155.04172
G1 F1431.1 X219.851 Y214.949 E155.14105
G1 F1568 X219.524 Y214.956 E155.1537
G1 F1717.4 X217.716 Y213.499 E155.23573
G1 X217.695 Y213.306 E155.24259
M204 S2500
G0 F15000 X217.82 Y213.151
G0 X217.269 Y212.707
G0 X216.087 Y213.008
G0 X213.559 Y211.031
G0 X213.979 Y210.282
M204 S1250
G1 F1419.9 X215.473 Y208.425 E155.34442
G1 F1408.8 X215.692 Y208.395 E155.35394
G1 F1431.1 X217.52 Y209.866 E155.4534
G1 F1571.4 X217.528 Y210.192 E155.46599
G1 F1717.4 X216.075 Y212.004 E155.54804
G1 X215.881 Y212.025 E155.55494
G1 X214.068 Y210.568 E155.6371
G1 F1561.2 X213.979 Y210.282 E155.64874
M204 S2500
G0 F15000 X214.104 Y210.127
G0 X213.897 Y209.959
G0 X210.693 Y213.944
G0 X210.933 Y214.138
M204 S1250
G1 F1325.9 X211.004 Y213.982 E155.65658
G1 F1439.7 X212.441 Y212.195 E155.75321
G1 F1568 X212.768 Y212.188 E155.76586
G1 F1717.4 X214.576 Y213.646 E155.84791
G1 X214.597 Y213.84 E155.85481
G1 X213.144 Y215.648 E155.93674
G1 F1561.2 X212.858 Y215.737 E155.94838
G1 F1434 X211.067 Y214.299 E156.04555
G1 F1328.3 X210.933 Y214.138 E156.05512
M204 S2500
G0 F15000 X211.004 Y213.982
G0 X211.022 Y213.96
G0 X210.815 Y213.792
G0 X212.568 Y211.724
G0 X213.266 Y211.572
;TYPE:SKIN
G1 F1457.2 X213.574 Y211.186 E156.07568
G1 F1454.2 X215.388 Y212.647 E156.17285
G1 F1571.4 X215.78 Y212.762 E156.18862
G1 F1717.4 X216.062 Y212.773 E156.19859
G1 X216.325 Y212.703 E156.2082
G1 F1571.4 X216.684 Y212.505 E156.22403
G1 F1451.3 X218.14 Y210.695 E156.32114
G1 F1454.2 X218.525 Y211.004 E156.34173
G1 F1451.3 X217.069 Y212.816 E156.4389
G1 F1571.4 X216.954 Y213.205 E156.45456
G1 F1717.4 X216.939 Y213.483 E156.46439
G1 X217.014 Y213.752 E156.47426
G1 F1578.3 X217.281 Y214.169 E156.49329
G1 F1460.1 X219.025 Y215.571 E156.58627
G1 F1463.1 X218.715 Y215.953 E156.60667
G1 F1460.1 X216.972 Y214.553 E156.69956
G1 F1578.3 X216.511 Y214.378 E156.71851
G1 F1717.4 X216.226 Y214.367 E156.72859
G1 X215.967 Y214.436 E156.73805
G1 F1581.8 X215.548 Y214.706 E156.75717
G1 F1466 X214.146 Y216.451 E156.8498
G1 F1463.1 X213.762 Y216.144 E156.87019
G1 F1466 X215.164 Y214.398 E156.96285
G1 F1581.8 X215.334 Y213.932 E156.98188
G1 F1717.4 X215.34 Y213.623 E156.99279
G1 X215.275 Y213.391 E157.0013
G1 F1571.4 X215.077 Y213.032 E157.01713
G1 F1454.2 X213.266 Y211.572 E157.11418
G0 F15000 X215.371 Y212.881
G1 F1717.4 X215.298 Y212.954 E157.11782
G0 F15000 X215.484 Y213.362
G1 F1717.4 X215.872 Y212.974 E157.13721
G0 F15000 X216.673 Y212.767
G1 F1717.4 X215.545 Y213.895 E157.19356
G0 F15000 X215.668 Y214.366
G1 F1717.4 X216.74 Y213.294 E157.24712
G0 F15000 X216.812 Y213.816
G1 F1717.4 X216.462 Y214.166 E157.2646
G0 F15000 X216.931 Y214.291
G1 F1717.4 X217.024 Y214.198 E157.26925
G0 F15000 X216.991 Y214.238
;MESH:NONMESH
G0 F600 X216.991 Y214.238 Z4.6
G0 F15000 X216.209 Y214.138
G0 X213.605 Y216.161
G0 X213.344 Y216.287
;TIME_ELAPSED:200.285039
;LAYER:22
;note -- min layer time used
M204 S1250
;TYPE:WALL-INNER
;MESH:boitierDown.stl
G1 F1719.5 X214.493 Y217.211 E157.32133
G1 X214.436 Y216.69 E157.33985
G1 X215.844 Y214.934 E157.41936
G1 X216.073 Y214.755 E157.42963
G1 X216.267 Y214.701 E157.43674
G1 X216.47 Y214.712 E157.44392
G1 X216.732 Y214.837 E157.45418
G1 X218.487 Y216.248 E157.53372
G1 X218.58 Y216.723 E157.55082
G1 X219.781 Y215.226 E157.61862
G1 X219.26 Y215.283 E157.63714
G1 X217.508 Y213.871 E157.71662
G1 X217.331 Y213.643 E157.72682
G1 X217.276 Y213.449 E157.73394
G1 X217.288 Y213.246 E157.74113
G1 X217.38 Y213.029 E157.74945
G1 X218.821 Y211.233 E157.8308
G1 X219.292 Y211.14 E157.84775
G1 X217.8 Y209.941 E157.91537
G1 X217.856 Y210.455 E157.93364
G1 X216.412 Y212.252 E158.01507
G1 X216.219 Y212.389 E158.02343
G1 X216.024 Y212.443 E158.03058
G1 X215.821 Y212.432 E158.03776
G1 X215.604 Y212.34 E158.04609
G1 X213.805 Y210.895 E158.1276
G1 X213.711 Y210.422 E158.14464
G1 X212.513 Y211.917 E158.21231
G1 X213.032 Y211.861 E158.23075
G1 X214.824 Y213.309 E158.31214
G1 X214.961 Y213.501 E158.32047
G1 X215.015 Y213.695 E158.32759
G1 X215.004 Y213.898 E158.33477
G1 X214.879 Y214.159 E158.34499
G1 X213.472 Y215.911 E158.42437
G1 X212.994 Y216.005 E158.44158
G1 X213.344 Y216.287 E158.45746
M204 S2500
G0 F15000 X212.724 Y216.283
M204 S1250
;TYPE:WALL-OUTER
G1 F1556.4 X213.43 Y216.907 E158.49423
G1 F1504.5 X214.457 Y217.668 E158.54583
G1 F1432.9 X216.278 Y219.131 E158.64485
G1 F1322.7 X216.787 Y219.488 E158.67341
G1 F1325.1 X217.208 Y219.03 E158.70192
G1 F1432.9 X218.728 Y217.141 E158.8047
G1 F1498.3 X219.48 Y216.286 E158.85086
G1 F1504.5 X220.24 Y215.262 E158.90235
G1 F1432.9 X221.835 Y213.276 E159.01033
G1 F1416 X221.788 Y212.663 E159.0367
G1 F1424.4 X219.712 Y210.994 E159.15029
G1 F1563.2 X219.03 Y210.393 E159.18561
G1 F1719.5 X218.631 Y210.073 E159.20368
G1 F1573.4 X217.833 Y209.479 E159.24208
G1 F1432.9 X215.829 Y207.866 E159.35113
G1 F1410.5 X215.212 Y207.953 E159.37797
G1 F1421.6 X213.564 Y210.004 E159.49039
G1 F1563.2 X212.963 Y210.687 E159.52574
G1 F1719.5 X212.649 Y211.078 E159.54345
G1 F1570 X212.053 Y211.882 E159.58217
G1 F1441.5 X210.589 Y213.704 E159.68066
G1 F1327.5 X210.231 Y214.215 E159.70921
G1 F1330 X210.753 Y214.688 E159.74138
G1 F1435.7 X212.578 Y216.154 E159.84042
G1 F1486 X212.724 Y216.283 E159.84838
M204 S2500
G0 F15000 X212.873 Y216.415
G0 X213.605 Y216.161
G0 X214.212 Y216.507
G0 X214.764 Y216.952
M204 S1250
G1 F1719.5 X216.217 Y215.14 E159.93043
G1 X216.411 Y215.119 E159.93733
G1 X218.224 Y216.576 E160.01949
G1 F1563.2 X218.313 Y216.862 E160.03113
G1 F1432.9 X216.847 Y218.682 E160.1302
G1 F1325.1 X216.711 Y218.784 E160.13799
G1 F1322.7 X216.558 Y218.714 E160.14572
G1 F1432.9 X214.771 Y217.279 E160.24287
G1 F1570 X214.764 Y216.952 E160.25552
M204 S2500
G0 F15000 X214.889 Y216.796
G0 X214.338 Y216.352
G0 X217.144 Y212.862
G0 X217.695 Y213.306
M204 S1250
G1 F1719.5 X219.148 Y211.496 E160.33752
G1 F1563.2 X219.434 Y211.408 E160.34914
G1 F1424.4 X221.302 Y212.906 E160.45125
G1 F1416 X221.318 Y213.122 E160.46054
G1 F1432.9 X219.851 Y214.949 E160.55987
G1 F1570 X219.524 Y214.956 E160.57252
G1 F1719.5 X217.716 Y213.499 E160.65455
G1 X217.695 Y213.306 E160.66141
M204 S2500
G0 F15000 X217.82 Y213.151
G0 X217.269 Y212.707
G0 X216.087 Y213.008
G0 X213.559 Y211.031
G0 X213.979 Y210.282
M204 S1250
G1 F1421.6 X215.473 Y208.425 E160.76324
G1 F1410.5 X215.692 Y208.395 E160.77276
G1 F1432.9 X217.52 Y209.866 E160.87222
G1 F1573.4 X217.528 Y210.192 E160.88481
G1 F1719.5 X216.075 Y212.004 E160.96686
G1 X215.881 Y212.025 E160.97376
G1 X214.068 Y210.568 E161.05592
G1 F1563.2 X213.979 Y210.282 E161.06756
M204 S2500
G0 F15000 X214.104 Y210.127
G0 X213.897 Y209.959
G0 X210.693 Y213.944
G0 X210.933 Y214.138
M204 S1250
G1 F1327.5 X211.004 Y213.982 E161.0754
G1 F1441.5 X212.441 Y212.195 E161.17203
G1 F1570 X212.768 Y212.188 E161.18468
G1 F1719.5 X214.576 Y213.646 E161.26673
G1 X214.597 Y213.84 E161.27363
G1 X213.144 Y215.648 E161.35556
G1 F1563.2 X212.858 Y215.737 E161.3672
G1 F1435.7 X211.067 Y214.299 E161.46438
G1 F1330 X210.933 Y214.138 E161.47394
M204 S2500
G0 F15000 X211.004 Y213.982
G0 X211.022 Y213.96
G0 X210.815 Y213.792
G0 X212.568 Y211.724
G0 X213.266 Y211.572
;TYPE:SKIN
G1 F1458.9 X213.574 Y211.186 E161.4945
G1 F1456 X215.388 Y212.647 E161.59167
G1 F1573.4 X215.78 Y212.762 E161.60744
G1 F1719.5 X216.062 Y212.773 E161.61741
G1 X216.325 Y212.703 E161.62703
G1 F1573.4 X216.684 Y212.505 E161.64285
G1 F1453.1 X218.14 Y210.695 E161.73996
G1 F1456 X218.525 Y211.004 E161.76055
G1 F1453.1 X217.069 Y212.816 E161.85772
G1 F1573.4 X216.954 Y213.205 E161.87338
G1 F1719.5 X216.939 Y213.483 E161.88322
G1 X217.014 Y213.752 E161.89308
G1 F1580.3 X217.281 Y214.169 E161.91211
G1 F1461.9 X219.025 Y215.571 E162.00509
G1 F1464.9 X218.715 Y215.953 E162.02549
G1 F1461.9 X216.972 Y214.553 E162.11838
G1 F1580.3 X216.511 Y214.378 E162.13733
G1 F1719.5 X216.226 Y214.367 E162.14741
G1 X215.967 Y214.436 E162.15687
G1 F1583.7 X215.548 Y214.706 E162.17599
G1 F1467.8 X214.146 Y216.451 E162.26862
G1 F1464.9 X213.762 Y216.144 E162.28901
G1 F1467.8 X215.164 Y214.398 E162.38167
G1 F1583.7 X215.334 Y213.932 E162.4007
G1 F1719.5 X215.34 Y213.623 E162.41161
G1 X215.275 Y213.391 E162.42012
G1 F1573.4 X215.077 Y213.032 E162.43595
G1 F1456 X213.266 Y211.572 E162.533
G0 F15000 X215.582 Y213.635
G0 X215.452 Y214.264
G1 F1719.5 X215.594 Y214.406 E162.54009
G0 F15000 X215.994 Y214.212
G1 F1719.5 X215.549 Y213.767 E162.56232
G0 F15000 X215.948 Y212.978
G1 F1719.5 X216.823 Y213.853 E162.60604
G0 F15000 X216.544 Y214.168
G1 F1719.5 X215.267 Y212.891 E162.66983
G1 X215.193 Y212.817
G0 F15000 X216.087 Y213.008
G0 X216.441 Y212.877
G1 F1719.5 X216.747 Y213.184 E162.68514
G0 F15000 X216.581 Y213.05
;MESH:NONMESH
G0 F600 X216.581 Y213.05 Z4.8
G0 F15000 X213.605 Y216.161
G0 X213.344 Y216.287
;TIME_ELAPSED:207.342648
;LAYER:23
;note -- min layer time used
M204 S1250
;TYPE:WALL-INNER
;MESH:boitierDown.stl
G1 F1717.4 X214.493 Y217.211 E162.73723
G1 X214.436 Y216.69 E162.75575
G1 X215.844 Y214.934 E162.83526
G1 X216.073 Y214.755 E162.84552
G1 X216.267 Y214.701 E162.85264
G1 X216.47 Y214.712 E162.85982
G1 X216.732 Y214.837 E162.87007
G1 X218.487 Y216.248 E162.94962
G1 X218.58 Y216.723 E162.96672
G1 X219.781 Y215.226 E163.03452
G1 X219.26 Y215.283 E163.05303
G1 X217.508 Y213.871 E163.13252
G1 X217.331 Y213.643 E163.14272
G1 X217.276 Y213.449 E163.14984
G1 X217.288 Y213.246 E163.15703
G1 X217.38 Y213.029 E163.16535
G1 X218.821 Y211.233 E163.24669
G1 X219.292 Y211.14 E163.26365
G1 X217.8 Y209.941 E163.33127
G1 X217.856 Y210.455 E163.34953
G1 X216.412 Y212.252 E163.43097
G1 X216.219 Y212.389 E163.43933
G1 X216.024 Y212.443 E163.44648
G1 X215.821 Y212.432 E163.45366
G1 X215.604 Y212.34 E163.46199
G1 X213.805 Y210.895 E163.5435
G1 X213.711 Y210.422 E163.56053
G1 X212.513 Y211.917 E163.62821
G1 X213.032 Y211.861 E163.64665
G1 X214.824 Y213.309 E163.72804
G1 X214.961 Y213.501 E163.73637
G1 X215.015 Y213.695 E163.74348
G1 X215.004 Y213.898 E163.75067
G1 X214.879 Y214.159 E163.76089
G1 X213.472 Y215.911 E163.84027
G1 X212.994 Y216.005 E163.85748
G1 X213.344 Y216.287 E163.87335
M204 S2500
G0 F15000 X212.724 Y216.283
M204 S1250
;TYPE:WALL-OUTER
G1 F1554.5 X213.43 Y216.907 E163.91013
G1 F1502.7 X214.457 Y217.668 E163.96173
G1 F1431.1 X216.278 Y219.131 E164.06075
G1 F1321.1 X216.787 Y219.488 E164.0893
G1 F1323.5 X217.208 Y219.03 E164.11782
G1 F1431.1 X218.728 Y217.141 E164.2206
G1 F1496.5 X219.48 Y216.286 E164.26676
G1 F1502.7 X220.24 Y215.262 E164.31825
G1 F1431.1 X221.835 Y213.276 E164.42622
G1 F1414.3 X221.788 Y212.663 E164.4526
G1 F1422.7 X219.712 Y210.994 E164.56618
G1 F1561.2 X219.03 Y210.393 E164.60151
G1 F1717.4 X218.631 Y210.073 E164.61958
G1 F1571.4 X217.833 Y209.479 E164.65798
G1 F1431.1 X215.829 Y207.866 E164.76703
G1 F1408.8 X215.212 Y207.953 E164.79387
G1 F1419.9 X213.564 Y210.004 E164.90628
G1 F1561.2 X212.963 Y210.687 E164.94164
G1 F1717.4 X212.649 Y211.078 E164.95935
G1 F1568 X212.053 Y211.882 E164.99807
G1 F1439.7 X210.589 Y213.704 E165.09656
G1 F1325.9 X210.231 Y214.215 E165.12511
G1 F1328.3 X210.753 Y214.688 E165.15728
G1 F1434 X212.578 Y216.154 E165.25632
G1 F1484.1 X212.724 Y216.283 E165.26428
M204 S2500
G0 F15000 X212.873 Y216.415
G0 X213.605 Y216.161
G0 X214.212 Y216.507
G0 X214.764 Y216.952
M204 S1250
G1 F1717.4 X216.217 Y215.14 E165.34633
G1 X216.411 Y215.119 E165.35322
G1 X218.224 Y216.576 E165.43539
G1 F1561.2 X218.313 Y216.862 E165.44703
G1 F1431.1 X216.847 Y218.682 E165.54609
G1 F1323.5 X216.711 Y218.784 E165.55389
G1 F1321.1 X216.558 Y218.714 E165.56161
G1 F1431.1 X214.771 Y217.279 E165.65877
G1 F1568 X214.764 Y216.952 E165.67142
M204 S2500
G0 F15000 X214.889 Y216.796
G0 X214.338 Y216.352
G0 X217.144 Y212.862
G0 X217.695 Y213.306
M204 S1250
G1 F1717.4 X219.148 Y211.496 E165.75341
G1 F1561.2 X219.434 Y211.408 E165.76504
G1 F1422.7 X221.302 Y212.906 E165.86715
G1 F1414.3 X221.318 Y213.122 E165.87644
G1 F1431.1 X219.851 Y214.949 E165.97577
G1 F1568 X219.524 Y214.956 E165.98842
G1 F1717.4 X217.716 Y213.499 E166.07045
G1 X217.695 Y213.306 E166.0773
M204 S2500
G0 F15000 X217.82 Y213.151
G0 X217.269 Y212.707
G0 X216.087 Y213.008
G0 X213.559 Y211.031
G0 X213.979 Y210.282
M204 S1250
G1 F1419.9 X215.473 Y208.425 E166.17914
G1 F1408.8 X215.692 Y208.395 E166.18866
G1 F1431.1 X217.52 Y209.866 E166.28812
G1 F1571.4 X217.528 Y210.192 E166.30071
G1 F1717.4 X216.075 Y212.004 E166.38276
G1 X215.881 Y212.025 E166.38965
G1 X214.068 Y210.568 E166.47182
G1 F1561.2 X213.979 Y210.282 E166.48346
M204 S2500
G0 F15000 X214.104 Y210.127
G0 X213.897 Y209.959
G0 X210.693 Y213.944
G0 X210.933 Y214.138
M204 S1250
G1 F1325.9 X211.004 Y213.982 E166.4913
G1 F1439.7 X212.441 Y212.195 E166.58793
G1 F1568 X212.768 Y212.188 E166.60058
G1 F1717.4 X214.576 Y213.646 E166.68263
G1 X214.597 Y213.84 E166.68952
G1 X213.144 Y215.648 E166.77146
G1 F1561.2 X212.858 Y215.737 E166.7831
G1 F1434 X211.067 Y214.299 E166.88027
G1 F1328.3 X210.933 Y214.138 E166.88984
M204 S2500
G0 F15000 X211.004 Y213.982
G0 X211.022 Y213.96
G0 X210.815 Y213.792
G0 X212.568 Y211.724
G0 X213.266 Y211.572
;TYPE:SKIN
G1 F1457.2 X213.574 Y211.186 E166.9104
G1 F1454.2 X215.388 Y212.647 E167.00757
G1 F1571.4 X215.78 Y212.762 E167.02334
G1 F1717.4 X216.062 Y212.773 E167.03331
G1 X216.325 Y212.703 E167.04292
G1 F1571.4 X216.684 Y212.505 E167.05875
G1 F1451.3 X218.14 Y210.695 E167.15585
G1 F1454.2 X218.525 Y211.004 E167.17645
G1 F1451.3 X217.069 Y212.816 E167.27362
G1 F1571.4 X216.954 Y213.205 E167.28928
G1 F1717.4 X216.939 Y213.483 E167.29911
G1 X217.014 Y213.752 E167.30898
G1 F1578.3 X217.281 Y214.169 E167.32801
G1 F1460.1 X219.025 Y215.571 E167.42099
G1 F1463.1 X218.715 Y215.953 E167.44138
G1 F1460.1 X216.972 Y214.553 E167.53427
G1 F1578.3 X216.511 Y214.378 E167.55323
G1 F1717.4 X216.226 Y214.367 E167.5633
G1 X215.967 Y214.436 E167.57277
G1 F1581.8 X215.548 Y214.706 E167.59189
G1 F1466 X214.146 Y216.451 E167.68452
G1 F1463.1 X213.762 Y216.144 E167.70491
G1 F1466 X215.164 Y214.398 E167.79757
G1 F1581.8 X215.334 Y213.932 E167.81659
G1 F1717.4 X215.34 Y213.623 E167.82751
G1 X215.275 Y213.391 E167.83602
G1 F1571.4 X215.077 Y213.032 E167.85185
G1 F1454.2 X213.266 Y211.572 E167.9489
G0 F15000 X215.371 Y212.881
G1 F1717.4 X215.298 Y212.954 E167.95254
G0 F15000 X215.484 Y213.362
G1 F1717.4 X215.872 Y212.974 E167.97193
G0 F15000 X216.673 Y212.767
G1 F1717.4 X215.545 Y213.895 E168.02828
G0 F15000 X215.668 Y214.366
G1 F1717.4 X216.74 Y213.294 E168.08183
G0 F15000 X216.812 Y213.816
G1 F1717.4 X216.462 Y214.166 E168.09932
G0 F15000 X216.931 Y214.291
G1 F1717.4 X217.024 Y214.198 E168.10397
G0 F15000 X216.991 Y214.238
;MESH:NONMESH
G0 F600 X216.991 Y214.238 Z5
G0 F15000 X216.209 Y214.138
G0 X213.605 Y216.161
G0 X213.344 Y216.287
;TIME_ELAPSED:214.381237
;LAYER:24
;note -- min layer time used
M204 S1250
;TYPE:WALL-INNER
;MESH:boitierDown.stl
G1 F1742.4 X214.493 Y217.211 E168.15605
G1 X214.436 Y216.69 E168.17457
G1 X215.844 Y214.934 E168.25408
G1 X216.073 Y214.755 E168.26434
G1 X216.267 Y214.701 E168.27146
G1 X216.47 Y214.712 E168.27864
G1 X216.732 Y214.837 E168.28889
G1 X218.487 Y216.248 E168.36844
G1 X218.58 Y216.723 E168.38554
G1 X219.781 Y215.226 E168.45334
G1 X219.26 Y215.283 E168.47185
G1 X217.508 Y213.871 E168.55134
G1 X217.331 Y213.643 E168.56154
G1 X217.276 Y213.449 E168.56866
G1 X217.288 Y213.246 E168.57585
G1 X217.38 Y213.029 E168.58417
G1 X218.82 Y211.233 E168.66549
G1 X219.288 Y211.141 E168.68234
G1 X217.8 Y209.942 E168.74985
G1 X217.856 Y210.455 E168.76808
G1 X216.412 Y212.252 E168.84951
G1 X216.219 Y212.389 E168.85787
G1 X216.024 Y212.443 E168.86502
G1 X215.821 Y212.432 E168.8722
G1 X215.604 Y212.34 E168.88053
G1 X213.805 Y210.895 E168.96204
G1 X213.711 Y210.422 E168.97908
G1 X212.513 Y211.917 E169.04675
G1 X213.032 Y211.861 E169.06519
G1 X214.824 Y213.309 E169.14658
G1 X214.961 Y213.501 E169.15491
G1 X215.015 Y213.695 E169.16203
G1 X215.004 Y213.898 E169.16921
G1 X214.879 Y214.159 E169.17943
G1 X213.472 Y215.911 E169.25881
G1 X212.994 Y216.005 E169.27602
G1 X213.344 Y216.287 E169.2919
M204 S2500
G0 F15000 X212.724 Y216.283
M204 S1250
;TYPE:WALL-OUTER
G1 F1577.2 X213.43 Y216.907 E169.32867
G1 F1524.6 X214.457 Y217.668 E169.38027
G1 F1452 X216.278 Y219.131 E169.47929
G1 F1340.3 X216.787 Y219.488 E169.50785
G1 F1342.8 X217.208 Y219.03 E169.53636
G1 F1452 X218.728 Y217.141 E169.63914
G1 F1518.3 X219.48 Y216.286 E169.6853
G1 F1524.6 X220.24 Y215.262 E169.73679
G1 F1449.1 X221.834 Y213.277 E169.84492
G1 F1434.9 X221.788 Y212.666 E169.8712
G1 F1446.3 X219.712 Y210.996 E169.9846
G1 F1590.9 X219.029 Y210.395 E170.01979
G1 F1742.4 X218.629 Y210.073 E170.03793
G1 F1594.4 X217.832 Y209.479 E170.07631
G1 F1452 X215.828 Y207.865 E170.18539
G1 F1432.1 X215.212 Y207.953 E170.21213
G1 F1440.6 X213.564 Y210.004 E170.32455
G1 F1584 X212.963 Y210.687 E170.3599
G1 F1742.4 X212.649 Y211.078 E170.37762
G1 F1590.9 X212.053 Y211.882 E170.41634
G1 F1460.7 X210.589 Y213.704 E170.51483
G1 F1345.2 X210.231 Y214.215 E170.54338
G1 F1347.7 X210.753 Y214.688 E170.57555
G1 F1454.9 X212.578 Y216.154 E170.67458
G1 F1505.8 X212.724 Y216.283 E170.68255
M204 S2500
G0 F15000 X212.873 Y216.415
G1 F2700 E170.18255
G0 F15000 X214.764 Y216.952
M204 S1250
G1 F2700 E170.68255
G1 F1742.4 X216.217 Y215.14 E170.7646
G1 X216.411 Y215.119 E170.77149
G1 X218.224 Y216.576 E170.85365
G1 F1584 X218.313 Y216.862 E170.86529
G1 F1452 X216.847 Y218.682 E170.96436
G1 F1342.8 X216.711 Y218.784 E170.97215
G1 F1340.3 X216.558 Y218.714 E170.97988
G1 F1452 X214.771 Y217.279 E171.07703
G1 F1590.9 X214.764 Y216.952 E171.08969
M204 S2500
G0 F15000 X214.889 Y216.796
G1 F2700 E170.58969
G0 F15000 X217.695 Y213.306
M204 S1250
G1 F2700 E171.08969
G1 F1742.4 X219.148 Y211.496 E171.17168
G1 F1590.9 X219.434 Y211.409 E171.18325
G1 F1446.3 X221.303 Y212.907 E171.28518
G1 F1434.9 X221.318 Y213.122 E171.29443
G1 F1449.1 X219.851 Y214.949 E171.39395
G1 F1590.9 X219.524 Y214.956 E171.40661
G1 F1742.4 X217.716 Y213.499 E171.48863
G1 X217.695 Y213.306 E171.49549
M204 S2500
G0 F15000 X217.82 Y213.151
G1 F2700 E170.99549
G0 F15000 X213.979 Y210.282
M204 S1250
G1 F2700 E171.49549
G1 F1440.6 X215.473 Y208.425 E171.59733
G1 F1432.1 X215.692 Y208.395 E171.60683
G1 F1452 X217.52 Y209.866 E171.70629
G1 F1594.4 X217.528 Y210.192 E171.71888
G1 F1742.4 X216.075 Y212.004 E171.80093
G1 X215.881 Y212.025 E171.80782
G1 X214.068 Y210.568 E171.88999
G1 F1584 X213.979 Y210.282 E171.90163
M204 S2500
G0 F15000 X214.104 Y210.127
G1 F2700 E171.40163
G0 F15000 X210.933 Y214.138
M204 S1250
G1 F2700 E171.90163
G1 F1345.2 X211.004 Y213.982 E171.90947
G1 F1460.7 X212.441 Y212.195 E172.0061
G1 F1590.9 X212.768 Y212.188 E172.01875
G1 F1742.4 X214.576 Y213.646 E172.1008
G1 X214.597 Y213.84 E172.10769
G1 X213.144 Y215.648 E172.18963
G1 F1584 X212.858 Y215.737 E172.20127
G1 F1454.9 X211.067 Y214.299 E172.29844
G1 F1347.7 X210.933 Y214.138 E172.30801
M204 S2500
G0 F15000 X211.004 Y213.982
G0 X211.022 Y213.96
G1 F2700 E171.80801
G0 F15000 X212.145 Y214.008
G0 X212.736 Y213.272
G0 X213.266 Y211.572
;TYPE:SKIN
G1 F2700 E172.30801
G1 F1478.4 X213.574 Y211.186 E172.32857
G1 F1475.4 X215.388 Y212.647 E172.42574
G1 F1594.4 X215.78 Y212.762 E172.44151
G1 F1742.4 X216.062 Y212.773 E172.45148
G1 X216.325 Y212.703 E172.46109
G1 F1590.9 X216.684 Y212.506 E172.47694
G1 F1469.5 X218.14 Y210.697 E172.5742
G1 F1472.5 X218.524 Y211.005 E172.59478
G1 F1469.5 X217.069 Y212.819 E172.69218
G1 F1590.9 X216.954 Y213.205 E172.70777
G1 F1742.4 X216.939 Y213.483 E172.7176
G1 X217.014 Y213.752 E172.72747
G1 F1601.3 X217.281 Y214.169 E172.7465
G1 F1481.4 X219.025 Y215.571 E172.83947
G1 F1484.4 X218.715 Y215.953 E172.85987
G1 F1481.4 X216.972 Y214.553 E172.95276
G1 F1601.3 X216.511 Y214.378 E172.97172
G1 F1742.4 X216.226 Y214.367 E172.98179
G1 X215.967 Y214.436 E172.99126
G1 F1604.8 X215.548 Y214.706 E173.01038
G1 F1487.4 X214.146 Y216.451 E173.10301
G1 F1484.4 X213.762 Y216.144 E173.12339
G1 F1487.4 X215.164 Y214.398 E173.21606
G1 F1604.8 X215.334 Y213.932 E173.23508
G1 F1742.4 X215.34 Y213.623 E173.246
G1 X215.275 Y213.391 E173.25451
G1 F1594.4 X215.077 Y213.032 E173.27034
G1 F1475.4 X213.266 Y211.572 E173.36738
G1 F2700 E172.86738
G0 F15000 X215.452 Y214.264
G1 F2700 E173.36738
G1 F1742.4 X215.595 Y214.407 E173.37453
G0 F15000 X215.994 Y214.212
G1 F1742.4 X215.549 Y213.767 E173.39676
G0 F15000 X215.948 Y212.978
G1 F1742.4 X216.85 Y213.88 E173.44182
G0 F15000 X216.551 Y214.176
G1 F1742.4 X215.267 Y212.891 E173.50599
G1 X215.193 Y212.817
G1 F2700 E173.00599
G0 F15000 X216.441 Y212.877
G1 F2700 E173.50599
G1 F1742.4 X216.747 Y213.184 E173.5213
;TIME_ELAPSED:221.396681
G1 F2700 E173.0213
M140 S0
M204 S5000
M107
G91 ;Relative positioning
G1 E-2 F2700 ;Retract a bit
G1 E-2 Z0.2 F2400 ;Retract and raise Z
G1 X5 Y5 F3000 ;Wipe out
G1 Z2 ;Raise Z more
G90 ;Absolute positioning
G1 X0 Y425 ;Present print
M106 S0 ;Turn-off fan
M104 S0 ;Turn-off hotend
M140 S0 ;Turn-off bed
M84 X Y E ;Disable all steppers but Z
M82 ;absolute extrusion mode
M104 S0
;End of Gcode
;SETTING_3 {"global_quality": "[general]\\nversion = 4\\nname = Fast #2\\ndefini
;SETTING_3 tion = elegoo_neptune_4max\\n\\n[metadata]\\ntype = quality_changes\\
;SETTING_3 nquality_type = Elegoo_layer_020\\nsetting_version = 24\\n\\n[values]
;SETTING_3 \\nadhesion_type = brim\\nsupport_enable = True\\nsupport_structure =
;SETTING_3  tree\\nsupport_type = everywhere\\n\\n", "extruder_quality": ["[gene
;SETTING_3 ral]\\nversion = 4\\nname = Fast #2\\ndefinition = elegoo_neptune_4ma
;SETTING_3 x\\n\\n[metadata]\\ntype = quality_changes\\nquality_type = Elegoo_la
;SETTING_3 yer_020\\nsetting_version = 24\\nposition = 0\\n\\n[values]\\ninfill_
;SETTING_3 sparse_density = 20\\n\\n"]}
