;FLAVOR:Marlin
;TIME:144
;Filament used: 0.0856937m
;Layer height: 0.2
;MINX:206.098
;MINY:208.013
;MINZ:0.2
;MAXX:224.781
;MAXY:226.658
;MAXZ:8
;TARGET_MACHINE.NAME:ELEGOO NEPTUNE 4 Max
;Generated with Cura_SteamEngine 5.9.0
M82 ;absolute extrusion mode
;ELEGOO NEPTUNE 4 MAX
M220 S100 ;Set the feed speed to 100%
M221 S100 ;Set the flow rate to 100%
M104 S140 ;Start heating extruder
M190 S60 ;Wait for the bed to reach print temp
G90
G28 ;home
G1 Z10 F300
G1 X165 Y0 F6000
G1 Z0 F300
M109 S210 ;Wait for extruder to reach print temp
G92 E0 ;Reset Extruder
G1 X165 Y0 Z0.4 F300 ;Move to start position
G1 X265 E30 F400 ;Draw the first line
G1 Z0.6 F120.0 ;Move to side a little
G1 X260 F3000
G92 E0 ;Reset Extruder
G92 E0
G92 E0
G1 F2700 E-0.5
;LAYER_COUNT:40
;LAYER:0
M106 S84.9
M204 S500
G0 F7200 X217.054 Y226.502 Z0.2
;TYPE:SKIRT
G1 F2700 E0
G1 F3600 X215.971 Y226.658 E0.04832
G1 X214.916 Y226.628 E0.09492
G1 X213.387 Y226.422 E0.16305
G1 X212.489 Y226.224 E0.20365
G1 X210.95 Y225.505 E0.27866
G1 X210.112 Y225.003 E0.3218
G1 X209.54 Y224.562 E0.35369
G1 X208.532 Y223.624 E0.41449
G1 X208.05 Y223.074 E0.44678
G1 X207.559 Y222.344 E0.48563
G1 X206.99 Y221.317 E0.53747
G1 X206.584 Y220.442 E0.58007
G1 X206.248 Y218.942 E0.64795
G1 X206.1 Y217.807 E0.69849
G1 X206.098 Y216.865 E0.74008
G1 X206.276 Y215.512 E0.80034
G1 X206.51 Y214.411 E0.85005
G1 X207.204 Y212.918 E0.92275
G1 X207.643 Y212.163 E0.96131
G1 X208.285 Y211.327 E1.00786
G1 X208.694 Y210.891 E1.03426
G1 X209.311 Y210.278 E1.07266
G1 X209.984 Y209.699 E1.11186
G1 X211.549 Y208.833 E1.19084
G1 X212.287 Y208.519 E1.22626
G1 X212.967 Y208.324 E1.2575
G1 X214.053 Y208.108 E1.30639
G1 X214.872 Y208.013 E1.3428
G1 X216.048 Y208.024 E1.39473
G1 X217.076 Y208.146 E1.44044
G1 X218.136 Y208.382 E1.48839
G1 X218.732 Y208.605 E1.51649
G1 X219.82 Y209.109 E1.56944
G1 X220.557 Y209.535 E1.60703
G1 X221.438 Y210.208 E1.65598
G1 X222.431 Y211.186 E1.71753
G1 X223.049 Y211.899 E1.75919
G1 X223.809 Y213.273 E1.82853
G1 X224.209 Y214.195 E1.87291
G1 X224.497 Y215.241 E1.92081
G1 X224.7 Y216.483 E1.97638
G1 X224.781 Y217.383 E2.01629
G1 X224.572 Y219.122 E2.09363
G1 X224.362 Y220.032 E2.13487
G1 X224.104 Y220.715 E2.16711
G1 X223.599 Y221.79 E2.21955
G1 X223.137 Y222.565 E2.25939
G1 X222.565 Y223.304 E2.30066
G1 X221.826 Y224.095 E2.34846
G1 X221.105 Y224.764 E2.39189
G1 X219.549 Y225.676 E2.47153
G1 X218.613 Y226.137 E2.5176
G1 X217.054 Y226.502 E2.58831
G0 F7200 X216.979 Y225.982
G1 F3600 X215.94 Y226.132 E2.63466
G1 X214.931 Y226.103 E2.67923
G1 X213.5 Y225.909 E2.743
G1 X212.657 Y225.723 E2.78112
G1 X211.218 Y225.054 E2.85119
G1 X210.433 Y224.587 E2.89153
G1 X209.861 Y224.146 E2.92342
G1 X208.925 Y223.276 E2.97985
G1 X208.485 Y222.78 E3.00913
G1 X208.018 Y222.089 E3.04595
G1 X207.466 Y221.096 E3.09612
G1 X207.084 Y220.272 E3.13623
G1 X206.769 Y218.874 E3.1995
G1 X206.621 Y217.739 E3.25005
G1 X206.619 Y216.933 E3.28564
G1 X206.797 Y215.58 E3.3459
G1 X207.01 Y214.58 E3.39105
G1 X207.658 Y213.182 E3.45909
G1 X208.097 Y212.427 E3.49765
G1 X208.668 Y211.686 E3.53896
G1 X209.064 Y211.263 E3.56455
G1 X209.654 Y210.676 E3.6013
G1 X210.287 Y210.131 E3.63818
G1 X211.757 Y209.315 E3.71242
G1 X212.432 Y209.024 E3.74488
G1 X213.112 Y208.829 E3.77612
G1 X214.113 Y208.63 E3.82118
G1 X214.932 Y208.535 E3.85759
G1 X215.988 Y208.546 E3.90422
G1 X216.964 Y208.659 E3.94761
G1 X217.952 Y208.874 E3.99226
G1 X218.548 Y209.097 E4.02036
G1 X219.557 Y209.564 E4.06945
G1 X220.294 Y209.99 E4.10704
G1 X221.118 Y210.624 E4.15295
G1 X222.034 Y211.53 E4.20984
G1 X222.617 Y212.202 E4.24912
G1 X223.327 Y213.482 E4.31376
G1 X223.727 Y214.404 E4.35814
G1 X223.99 Y215.378 E4.40269
G1 X224.177 Y216.53 E4.45422
G1 X224.253 Y217.377 E4.49177
G1 X224.06 Y219.006 E4.56421
G1 X223.87 Y219.848 E4.60232
G1 X223.628 Y220.493 E4.63274
G1 X223.147 Y221.523 E4.68294
G1 X222.721 Y222.245 E4.71996
G1 X222.181 Y222.946 E4.75903
G1 X221.469 Y223.71 E4.80515
G1 X220.791 Y224.339 E4.84598
G1 X219.283 Y225.223 E4.92317
G1 X218.436 Y225.639 E4.96484
G1 X216.979 Y225.982 E5.03093
G0 F7200 X216.904 Y225.462
G1 F3600 X215.909 Y225.606 E5.07533
G1 X214.946 Y225.578 E5.11787
G1 X213.613 Y225.396 E5.17728
G1 X212.824 Y225.222 E5.21295
G1 X211.485 Y224.602 E5.27811
G1 X210.754 Y224.171 E5.31558
G1 X210.182 Y223.73 E5.34748
G1 X209.315 Y222.924 E5.39975
G1 X208.919 Y222.485 E5.42586
G1 X208.477 Y221.834 E5.4606
G1 X207.925 Y220.841 E5.51077
G1 X207.584 Y220.104 E5.54663
G1 X207.281 Y218.759 E5.60751
G1 X207.146 Y217.735 E5.65312
G1 X207.14 Y217.001 E5.68553
G1 X207.318 Y215.648 E5.74579
G1 X207.51 Y214.75 E5.78634
G1 X208.112 Y213.446 E5.84976
G1 X208.551 Y212.691 E5.88832
G1 X209.051 Y212.045 E5.92439
G1 X209.435 Y211.635 E5.9492
G1 X209.997 Y211.074 E5.98426
G1 X210.59 Y210.563 E6.01883
G1 X211.968 Y209.796 E6.08847
G1 X212.577 Y209.529 E6.11783
G1 X213.257 Y209.334 E6.14907
G1 X214.173 Y209.152 E6.19031
G1 X214.992 Y209.057 E6.22671
G1 X215.928 Y209.068 E6.26805
G1 X216.904 Y209.181 E6.31143
G1 X217.769 Y209.366 E6.35049
G1 X218.328 Y209.574 E6.37683
G1 X219.294 Y210.019 E6.42379
G1 X220.031 Y210.445 E6.46138
G1 X220.749 Y210.998 E6.5014
G1 X221.637 Y211.874 E6.55648
G1 X222.185 Y212.506 E6.59342
G1 X222.845 Y213.691 E6.65331
G1 X223.245 Y214.613 E6.69769
G1 X223.472 Y215.463 E6.73654
G1 X223.654 Y216.577 E6.78639
G1 X223.725 Y217.372 E6.82163
G1 X223.547 Y218.894 E6.8893
G1 X223.378 Y219.665 E6.92415
G1 X223.152 Y220.272 E6.95275
G1 X222.693 Y221.259 E7.00082
G1 X222.304 Y221.926 E7.03491
G1 X221.796 Y222.589 E7.07179
G1 X221.112 Y223.325 E7.11616
G1 X220.477 Y223.914 E7.15441
G1 X219.017 Y224.77 E7.22914
G1 X218.26 Y225.141 E7.26636
G1 X216.904 Y225.462 E7.3279
G0 F7200 X216.829 Y224.942
G1 F3600 X215.878 Y225.08 E7.37033
G1 X214.961 Y225.053 E7.41084
G1 X213.726 Y224.883 E7.46589
G1 X212.993 Y224.721 E7.49904
G1 X211.749 Y224.148 E7.55951
G1 X211.073 Y223.754 E7.59406
G1 X210.539 Y223.345 E7.62377
G1 X209.705 Y222.572 E7.67398
G1 X209.309 Y222.133 E7.70009
G1 X208.935 Y221.578 E7.72964
G1 X208.401 Y220.621 E7.77803
G1 X208.084 Y219.936 E7.81136
G1 X207.793 Y218.644 E7.86984
G1 X207.671 Y217.727 E7.91069
G1 X207.661 Y217.069 E7.93975
G1 X207.839 Y215.716 E8.00001
G1 X208.01 Y214.92 E8.03596
G1 X208.589 Y213.666 E8.09695
G1 X208.967 Y213.011 E8.13034
G1 X209.434 Y212.404 E8.16416
G1 X209.807 Y212.006 E8.18825
G1 X210.34 Y211.472 E8.22156
G1 X210.895 Y210.994 E8.25391
G1 X212.183 Y210.275 E8.31904
G1 X212.723 Y210.033 E8.34517
G1 X213.36 Y209.849 E8.37445
G1 X214.233 Y209.674 E8.41377
G1 X215.052 Y209.579 E8.45017
G1 X215.868 Y209.59 E8.48621
G1 X216.844 Y209.703 E8.52959
G1 X217.587 Y209.859 E8.56312
G1 X218.108 Y210.051 E8.58764
G1 X219.074 Y210.496 E8.6346
G1 X219.712 Y210.862 E8.66708
G1 X220.38 Y211.372 E8.70419
G1 X221.268 Y212.248 E8.75927
G1 X221.753 Y212.809 E8.79202
G1 X222.365 Y213.903 E8.84737
G1 X222.738 Y214.75 E8.88824
G1 X222.954 Y215.548 E8.92474
G1 X223.131 Y216.624 E8.97289
G1 X223.197 Y217.363 E9.00566
G1 X223.033 Y218.785 E9.06886
G1 X222.885 Y219.483 E9.10037
G1 X222.675 Y220.052 E9.12715
G1 X222.239 Y220.995 E9.17303
G1 X221.85 Y221.662 E9.20712
G1 X221.411 Y222.232 E9.23889
G1 X220.755 Y222.94 E9.28151
G1 X220.163 Y223.489 E9.31716
G1 X218.786 Y224.298 E9.38769
G1 X218.081 Y224.643 E9.42234
G1 X216.829 Y224.942 E9.47918
G0 F7200 X216.707 Y224.431
M104 S205
G1 F3600 X215.848 Y224.554 E9.5175
G1 X214.977 Y224.528 E9.55598
G1 X213.84 Y224.37 E9.60667
G1 X213.159 Y224.219 E9.63747
G1 X212.011 Y223.693 E9.69323
G1 X211.391 Y223.336 E9.72482
G1 X210.895 Y222.959 E9.75233
G1 X210.095 Y222.22 E9.80042
G1 X209.699 Y221.781 E9.82653
G1 X209.393 Y221.322 E9.85089
G1 X208.878 Y220.401 E9.89748
G1 X208.584 Y219.765 E9.92842
G1 X208.305 Y218.528 E9.98442
G1 X208.196 Y217.714 E10.02068
G1 X208.182 Y217.137 E10.04617
G1 X208.36 Y215.784 E10.10643
G1 X208.511 Y215.087 E10.13792
G1 X209.045 Y213.926 E10.19435
G1 X209.384 Y213.33 E10.22463
G1 X209.817 Y212.763 E10.25613
G1 X210.179 Y212.376 E10.27953
G1 X210.683 Y211.87 E10.31106
G1 X211.2 Y211.424 E10.34122
G1 X212.398 Y210.754 E10.40183
G1 X212.938 Y210.512 E10.42796
G1 X213.463 Y210.364 E10.45204
G1 X214.336 Y210.189 E10.49136
G1 X215.046 Y210.104 E10.52293
G1 X215.808 Y210.112 E10.55658
G1 X216.784 Y210.225 E10.59997
G1 X217.405 Y210.352 E10.62796
G1 X217.926 Y210.544 E10.65248
G1 X218.816 Y210.953 E10.69573
G1 X219.393 Y211.279 E10.72499
G1 X220.061 Y211.789 E10.7621
G1 X220.871 Y212.591 E10.81244
G1 X221.319 Y213.11 E10.84271
G1 X221.907 Y214.16 E10.89585
G1 X222.232 Y214.888 E10.93105
G1 X222.436 Y215.634 E10.96521
G1 X222.608 Y216.671 E11.01162
G1 X222.669 Y217.355 E11.04195
G1 X222.518 Y218.681 E11.10088
G1 X222.392 Y219.303 E11.1289
G1 X222.198 Y219.833 E11.15382
G1 X221.784 Y220.733 E11.19757
G1 X221.433 Y221.343 E11.22864
G1 X221.025 Y221.876 E11.25828
G1 X220.398 Y222.555 E11.29909
G1 X219.848 Y223.065 E11.33221
G1 X218.555 Y223.827 E11.39849
G1 X217.906 Y224.145 E11.4304
G1 X216.707 Y224.431 E11.48483
G0 F7200 X216.585 Y223.92
G1 F3600 X215.819 Y224.028 E11.51899
G1 X214.993 Y224.003 E11.55548
G1 X213.954 Y223.857 E11.60181
G1 X213.322 Y223.717 E11.63039
G1 X212.27 Y223.236 E11.68147
G1 X211.709 Y222.918 E11.70995
G1 X211.213 Y222.541 E11.73746
G1 X210.481 Y221.864 E11.78148
G1 X210.135 Y221.489 E11.80402
G1 X209.851 Y221.065 E11.82655
G1 X209.355 Y220.181 E11.87131
G1 X209.084 Y219.594 E11.89986
G1 X208.817 Y218.412 E11.95337
G1 X208.721 Y217.701 E11.98505
G1 X208.707 Y217.124 E12.01053
G1 X208.873 Y215.895 E12.0653
G1 X209.012 Y215.254 E12.09426
G1 X209.503 Y214.182 E12.14632
G1 X209.802 Y213.647 E12.17339
G1 X210.2 Y213.122 E12.20248
G1 X210.552 Y212.746 E12.22522
G1 X211.026 Y212.268 E12.25495
G1 X211.504 Y211.856 E12.28281
G1 X212.618 Y211.231 E12.33922
G1 X213.082 Y211.017 E12.36178
G1 X213.567 Y210.879 E12.38405
G1 X214.402 Y210.71 E12.42166
G1 X215.042 Y210.629 E12.45015
G1 X215.748 Y210.634 E12.48133
G1 X216.724 Y210.747 E12.52471
G1 X217.225 Y210.845 E12.54725
G1 X217.707 Y211.021 E12.56991
G1 X218.561 Y211.412 E12.61139
G1 X219.077 Y211.698 E12.63744
G1 X219.692 Y212.162 E12.67146
G1 X220.473 Y212.934 E12.71995
G1 X220.887 Y213.414 E12.74794
G1 X221.449 Y214.417 E12.79871
G1 X221.726 Y215.028 E12.82833
G1 X221.918 Y215.721 E12.86008
G1 X222.085 Y216.718 E12.90472
G1 X222.141 Y217.347 E12.93261
G1 X221.996 Y218.622 E12.98927
G1 X221.899 Y219.124 E13.01185
G1 X221.721 Y219.614 E13.03487
G1 X221.327 Y220.474 E13.07664
G1 X221.015 Y221.025 E13.1046
G1 X220.639 Y221.52 E13.13205
G1 X220.012 Y222.199 E13.17286
G1 X219.535 Y222.64 E13.20154
G1 X218.324 Y223.356 E13.26366
G1 X217.731 Y223.647 E13.29283
G1 X216.585 Y223.92 E13.34485
G1 F2700 E12.84485
;MESH:molette.stl
G0 F7200 X212.844 Y218.913
G0 X212.6 Y218.391
G0 X214.076 Y217.31
;TYPE:WALL-INNER
G1 F2700 E13.34485
G1 F3606.9 X214.08 Y217.461 E13.35151
G1 F3600 X214.035 Y217.585 E13.35733
G1 X214.123 Y217.684 E13.36318
G1 X214.185 Y217.853 E13.37113
G1 X214.183 Y217.989 E13.37714
G1 X214.302 Y218.056 E13.38317
G1 X214.44 Y218.233 E13.39308
G1 X214.473 Y218.354 E13.39862
G1 X214.595 Y218.383 E13.40415
G1 X214.744 Y218.485 E13.41213
G1 X214.818 Y218.589 E13.41776
G1 X214.945 Y218.577 E13.4234
G1 X215.147 Y218.634 E13.43267
G1 X215.253 Y218.707 E13.43835
G1 X215.546 Y218.664 E13.45142
G1 X215.669 Y218.709 E13.45721
G1 X215.768 Y218.62 E13.46309
G1 X215.946 Y218.552 E13.4715
G1 X216.084 Y218.554 E13.4776
G1 X216.152 Y218.434 E13.48369
G1 X216.315 Y218.306 E13.49284
G1 X216.443 Y218.27 E13.49871
G1 X216.473 Y218.141 E13.50456
G1 X216.574 Y217.995 E13.5124
G1 X216.686 Y217.922 E13.5183
G1 X216.672 Y217.789 E13.5242
G1 X216.731 Y217.595 E13.53316
G1 X216.812 Y217.496 E13.53881
G1 X216.761 Y217.38 E13.5444
G1 X216.755 Y217.195 E13.55258
G1 X216.799 Y217.073 E13.5583
G1 X216.71 Y216.977 E13.56408
G1 X216.638 Y216.789 E13.57297
G1 X216.641 Y216.646 E13.57929
G1 X216.518 Y216.572 E13.58563
G1 X216.397 Y216.413 E13.59445
G1 X216.366 Y216.293 E13.59992
G1 X216.245 Y216.267 E13.60539
G1 X216.095 Y216.165 E13.6134
G1 X216.018 Y216.059 E13.61918
G1 X215.887 Y216.072 E13.625
G1 X215.68 Y216.015 E13.63448
G1 X215.576 Y215.933 E13.64032
G1 X215.456 Y215.984 E13.64608
G1 X215.278 Y215.988 E13.65394
G1 X215.151 Y215.943 E13.65989
G1 X215.049 Y216.032 E13.66587
G1 X214.882 Y216.094 E13.67374
G1 X214.744 Y216.091 E13.67983
G1 X214.675 Y216.211 E13.68594
G1 X214.51 Y216.339 E13.69517
G1 X214.384 Y216.374 E13.70094
G1 X214.356 Y216.5 E13.70664
G1 X214.256 Y216.648 E13.71453
G1 X214.145 Y216.724 E13.72047
G1 X214.158 Y216.858 E13.72641
G1 X214.105 Y217.043 E13.73491
G1 X214.021 Y217.151 E13.74095
G1 X214.075 Y217.275 E13.74692
G1 F3606.9 X214.076 Y217.31 E13.74847
G0 F7200 X213.53 Y217.304
;TYPE:WALL-OUTER
G1 F3606.9 X213.556 Y217.35 E13.7508
G1 F3600 X213.512 Y217.538 E13.75932
G1 X213.388 Y217.68 E13.76765
G1 X213.566 Y217.821 E13.77767
G1 X213.675 Y217.977 E13.78608
G1 X213.673 Y218.109 E13.79191
G1 X213.599 Y218.289 E13.8005
G1 X213.938 Y218.435 E13.8168
G1 X214.018 Y218.62 E13.8257
G1 X213.992 Y218.804 E13.8339
G1 X214.222 Y218.818 E13.84408
G1 X214.4 Y218.881 E13.85242
G1 X214.473 Y218.986 E13.85806
G1 X214.514 Y219.173 E13.86652
G1 X214.87 Y219.096 E13.8826
G1 X215.02 Y219.172 E13.89003
G1 X215.125 Y219.343 E13.89889
G1 X215.343 Y219.219 E13.90996
G1 X215.497 Y219.187 E13.91691
G1 X215.618 Y219.23 E13.92258
G1 X215.769 Y219.352 E13.93115
G1 X215.917 Y219.17 E13.94151
G1 X216.073 Y219.061 E13.94991
G1 X216.207 Y219.064 E13.95583
G1 X216.382 Y219.14 E13.96425
G1 X216.462 Y218.917 E13.97472
G1 X216.582 Y218.758 E13.98351
G1 X216.716 Y218.721 E13.98965
G1 X216.894 Y218.746 E13.99759
G1 X216.906 Y218.524 E14.0074
G1 X216.97 Y218.339 E14.01605
G1 X217.088 Y218.262 E14.02227
G1 X217.265 Y218.224 E14.03026
G1 X217.189 Y217.876 E14.04599
G1 X217.295 Y217.707 E14.0548
G1 X217.451 Y217.61 E14.06291
G1 X217.334 Y217.427 E14.07251
G1 X217.278 Y217.241 E14.08108
G1 X217.323 Y217.117 E14.08691
G1 X217.444 Y216.969 E14.09535
G1 X217.262 Y216.825 E14.1056
G1 X217.149 Y216.666 E14.11421
G1 X217.151 Y216.533 E14.12008
G1 X217.229 Y216.357 E14.12858
G1 X217.006 Y216.272 E14.13912
G1 X216.852 Y216.151 E14.14777
G1 X216.818 Y216.019 E14.15379
G1 X216.84 Y215.843 E14.16162
G1 X216.487 Y215.801 E14.17732
G1 X216.365 Y215.668 E14.18529
G1 X216.315 Y215.474 E14.19414
G1 X215.957 Y215.552 E14.21031
G1 X215.781 Y215.449 E14.21932
G1 X215.697 Y215.288 E14.22734
G1 X215.384 Y215.464 E14.24319
G1 X215.201 Y215.421 E14.25149
G1 X215.058 Y215.299 E14.2598
G1 X214.814 Y215.563 E14.27567
G1 X214.625 Y215.581 E14.28405
G1 X214.45 Y215.508 E14.29243
G1 X214.366 Y215.729 E14.30287
G1 X214.245 Y215.887 E14.31165
G1 X214.112 Y215.922 E14.31773
G1 X213.935 Y215.898 E14.32561
G1 X213.922 Y216.121 E14.33548
G1 X213.859 Y216.304 E14.34402
G1 X213.753 Y216.377 E14.34971
G1 X213.566 Y216.422 E14.3582
G1 X213.627 Y216.648 E14.36854
G1 X213.622 Y216.839 E14.37697
G1 X213.537 Y216.947 E14.38304
G1 X213.38 Y217.038 E14.39106
G1 F3606.9 X213.53 Y217.304 E14.40451
G0 F7200 X213.556 Y217.35
G0 X213.523 Y217.493
G0 X214.495 Y217.314
;TYPE:SKIN
G1 F3606.9 X214.492 Y217.206 E14.40928
G1 F3600 X214.572 Y216.926 E14.42213
G1 X214.721 Y216.711 E14.43369
G1 X214.99 Y216.497 E14.44886
G1 X215.237 Y216.406 E14.46049
G1 X215.5 Y216.403 E14.4721
G1 X215.829 Y216.498 E14.48722
G1 X216.036 Y216.639 E14.49828
G1 X216.228 Y216.875 E14.51172
G1 X216.331 Y217.164 E14.52526
G1 X216.337 Y217.429 E14.53697
G1 X216.252 Y217.718 E14.55027
G1 X216.098 Y217.943 E14.56231
G1 X215.854 Y218.136 E14.57605
G1 X215.575 Y218.238 E14.58917
G1 X215.319 Y218.241 E14.60047
G1 X215.013 Y218.155 E14.61451
G1 X214.811 Y218.018 E14.62528
G1 X214.59 Y217.74 E14.64097
G1 X214.501 Y217.494 E14.65252
G1 F3606.9 X214.495 Y217.314 E14.66045
G1 F2700 E14.16045
G0 F7200 X215.689 Y217.917
G1 F2700 E14.66045
G1 F3600 X214.812 Y217.039 E14.71525
G0 F7200 X215.21 Y216.695
G1 F3600 X216.037 Y217.522 E14.7669
G1 X216.111 Y217.596
G1 F2700 E14.2669
;MESH:NONMESH
G0 F600 X216.111 Y217.596 Z0.4
G0 F7200 X217.769 Y219.06
G0 X216.585 Y223.92
;TIME_ELAPSED:13.905413
;LAYER:1
;note -- min layer time used
M106 S255
;TYPE:SKIRT
G1 F2700 E14.7669
G1 F1415.7 X215.819 Y224.028 E14.79422
G1 X214.993 Y224.003 E14.82342
G1 X213.954 Y223.857 E14.86048
G1 X213.322 Y223.717 E14.88335
G1 X212.27 Y223.236 E14.92421
G1 X211.709 Y222.918 E14.94699
G1 X211.213 Y222.541 E14.969
G1 X210.481 Y221.864 E15.00422
G1 X210.135 Y221.489 E15.02225
G1 X209.851 Y221.065 E15.04027
G1 X209.355 Y220.181 E15.07608
G1 X209.084 Y219.594 E15.09892
G1 X208.817 Y218.412 E15.14173
G1 X208.721 Y217.701 E15.16707
G1 X208.707 Y217.124 E15.18746
G1 X208.873 Y215.895 E15.23127
G1 X209.012 Y215.254 E15.25444
G1 X209.503 Y214.182 E15.29609
G1 X209.802 Y213.647 E15.31774
G1 X210.2 Y213.122 E15.34102
G1 X210.552 Y212.746 E15.35921
G1 X211.026 Y212.268 E15.38299
G1 X211.504 Y211.856 E15.40528
G1 X212.618 Y211.231 E15.45041
G1 X213.082 Y211.017 E15.46846
G1 X213.567 Y210.879 E15.48627
G1 X214.402 Y210.71 E15.51636
G1 X215.042 Y210.629 E15.53915
G1 X215.748 Y210.634 E15.56409
G1 X216.724 Y210.747 E15.5988
G1 X217.225 Y210.845 E15.61684
G1 X217.707 Y211.021 E15.63496
G1 X218.561 Y211.412 E15.66814
G1 X219.077 Y211.698 E15.68898
G1 X219.692 Y212.162 E15.7162
G1 X220.473 Y212.934 E15.75499
G1 X220.887 Y213.414 E15.77738
G1 X221.449 Y214.417 E15.818
G1 X221.726 Y215.028 E15.8417
G1 X221.918 Y215.721 E15.8671
G1 X222.085 Y216.718 E15.90281
G1 X222.141 Y217.347 E15.92512
G1 X221.996 Y218.622 E15.97045
G1 X221.899 Y219.124 E15.98851
G1 X221.721 Y219.614 E16.00693
G1 X221.327 Y220.474 E16.04034
G1 X221.015 Y221.025 E16.06271
G1 X220.639 Y221.52 E16.08467
G1 X220.012 Y222.199 E16.11732
G1 X219.535 Y222.64 E16.14027
G1 X218.324 Y223.356 E16.18996
G1 X217.731 Y223.647 E16.2133
G1 X216.585 Y223.92 E16.25491
M204 S750
G1 F2700 E15.75491
;MESH:molette.stl
G0 F8175 X215.059 Y220.97
G0 X214.859 Y219.885
G0 X213.459 Y216.913
G0 X213.169 Y217.003
M204 S594
;TYPE:WALL-INNER
G1 F2700 E16.25491
G1 F1415.7 X213.148 Y217.3 E16.26543
G1 X213.148 Y217.306 E16.26564
G1 X213.025 Y217.52 E16.27436
G1 X213.182 Y217.715 E16.28321
G1 X213.254 Y218.008 E16.29387
G1 X213.203 Y218.251 E16.30264
G1 X213.415 Y218.391 E16.31161
G1 X213.572 Y218.645 E16.32216
G1 X213.598 Y218.89 E16.33086
G1 X213.84 Y218.955 E16.33972
G1 X214.068 Y219.146 E16.35022
G1 X214.169 Y219.372 E16.35897
G1 X214.423 Y219.361 E16.36795
G1 X214.704 Y219.478 E16.3787
G1 X214.866 Y219.66 E16.38731
G1 X215.096 Y219.571 E16.39602
G1 X215.399 Y219.592 E16.40675
G1 X215.61 Y219.713 E16.41534
G1 X215.802 Y219.556 E16.4241
G1 X216.099 Y219.482 E16.43492
G1 X216.341 Y219.532 E16.44365
G1 X216.478 Y219.322 E16.4525
G1 X216.736 Y219.163 E16.46321
G1 X216.982 Y219.139 E16.47194
G1 X217.048 Y218.897 E16.4808
G1 X217.243 Y218.669 E16.4914
G1 X217.466 Y218.57 E16.50002
G1 X217.452 Y218.323 E16.50876
G1 X217.566 Y218.04 E16.51954
G1 X217.75 Y217.874 E16.52829
G1 X217.659 Y217.642 E16.53709
G1 X217.682 Y217.332 E16.54807
G1 X217.805 Y217.122 E16.55667
G1 X217.649 Y216.928 E16.56547
G1 X217.578 Y216.635 E16.57612
G1 X217.628 Y216.397 E16.58471
G1 X217.419 Y216.262 E16.5935
G1 X217.256 Y216.004 E16.60428
G1 X217.23 Y215.759 E16.61298
G1 X216.988 Y215.693 E16.62184
G1 X216.754 Y215.494 E16.63269
G1 X216.657 Y215.273 E16.64122
G1 X216.411 Y215.284 E16.64992
G1 X216.131 Y215.169 E16.66061
G1 X215.969 Y214.989 E16.66916
G1 X215.74 Y215.08 E16.67787
G1 X215.426 Y215.059 E16.68899
G1 X215.216 Y214.937 E16.69757
G1 X215.023 Y215.091 E16.70629
G1 X214.729 Y215.162 E16.71697
G1 X214.488 Y215.111 E16.72567
G1 X214.351 Y215.321 E16.73453
G1 X214.095 Y215.48 E16.74518
G1 X213.85 Y215.506 E16.75388
G1 X213.785 Y215.748 E16.76273
G1 X213.59 Y215.979 E16.77341
G1 X213.363 Y216.079 E16.78217
G1 X213.375 Y216.331 E16.79109
G1 X213.262 Y216.608 E16.80165
G1 X213.08 Y216.772 E16.81031
G1 X213.169 Y217.003 E16.81905
M204 S750
G0 F8175 X212.755 Y217.075
M204 S594
;TYPE:WALL-OUTER
G1 F1415.7 X212.713 Y217.242 E16.82514
G1 X212.651 Y217.294 E16.828
G1 X212.553 Y217.377 E16.83253
G1 X212.512 Y217.507 E16.83735
G1 X212.624 Y217.724 E16.84597
G1 X212.81 Y217.91 E16.85527
G1 X212.823 Y218.079 E16.86125
G1 X212.697 Y218.304 E16.87036
G1 X212.747 Y218.448 E16.87575
G1 X213.12 Y218.69 E16.89146
G1 X213.182 Y218.848 E16.89745
G1 X213.132 Y219.094 E16.90632
G1 X213.226 Y219.22 E16.91187
G1 X213.654 Y219.331 E16.92749
G1 X213.761 Y219.459 E16.93339
G1 X213.779 Y219.67 E16.94087
G1 X213.859 Y219.781 E16.9457
G1 X214.106 Y219.812 E16.95449
G1 X214.36 Y219.776 E16.96356
G1 X214.504 Y219.868 E16.96959
G1 X214.582 Y220.058 E16.97685
G1 X214.696 Y220.142 E16.98185
G1 X214.945 Y220.098 E16.99078
G1 X215.168 Y219.985 E16.99961
G1 X215.333 Y220.025 E17.00561
G1 X215.469 Y220.183 E17.01298
G1 X215.6 Y220.227 E17.01786
G1 X215.815 Y220.113 E17.02645
G1 X216 Y219.926 E17.03575
G1 X216.173 Y219.914 E17.04187
G1 X216.351 Y220.028 E17.04934
G1 X216.487 Y220.026 E17.05414
G1 X216.659 Y219.847 E17.06291
G1 X216.778 Y219.616 E17.07209
G1 X216.934 Y219.554 E17.07802
G1 X217.187 Y219.604 E17.08713
G1 X217.311 Y219.511 E17.09261
G1 X217.424 Y219.085 E17.10818
G1 X217.554 Y218.978 E17.11413
G1 X217.761 Y218.96 E17.12147
G1 X217.869 Y218.881 E17.12619
G1 X217.908 Y218.634 E17.13503
G1 X217.868 Y218.382 E17.14404
G1 X217.96 Y218.236 E17.15014
G1 X218.152 Y218.158 E17.15746
G1 X218.23 Y218.045 E17.16231
G1 X218.191 Y217.796 E17.17121
G1 X218.073 Y217.569 E17.18025
G1 X218.114 Y217.402 E17.18632
G1 X218.301 Y217.231 E17.19527
G1 X218.298 Y217.076 E17.20075
G1 X218.021 Y216.734 E17.2163
G1 X218.01 Y216.564 E17.22232
G1 X218.12 Y216.386 E17.22971
G1 X218.119 Y216.25 E17.23451
G1 X217.938 Y216.076 E17.24338
G1 X217.71 Y215.96 E17.25242
G1 X217.646 Y215.8 E17.25851
G1 X217.696 Y215.594 E17.26599
G1 X217.657 Y215.469 E17.27062
G1 X217.438 Y215.358 E17.27929
G1 X217.174 Y215.317 E17.28873
G1 X217.066 Y215.187 E17.2947
G1 X217.039 Y214.932 E17.30376
G1 X216.912 Y214.845 E17.3092
G1 X216.473 Y214.868 E17.32473
G1 X216.329 Y214.778 E17.33073
G1 X216.25 Y214.587 E17.33803
G1 X216.135 Y214.505 E17.34302
G1 X215.889 Y214.548 E17.35184
G1 X215.663 Y214.667 E17.36086
G1 X215.492 Y214.624 E17.36709
G1 X215.358 Y214.461 E17.37454
G1 X215.229 Y214.42 E17.37933
G1 X215.016 Y214.532 E17.38783
G1 X214.829 Y214.719 E17.39717
G1 X214.658 Y214.729 E17.40322
G1 X214.479 Y214.619 E17.41064
G1 X214.344 Y214.621 E17.41541
G1 X214.168 Y214.798 E17.42423
G1 X214.051 Y215.027 E17.43331
G1 X213.892 Y215.09 E17.43936
G1 X213.687 Y215.04 E17.44681
G1 X213.56 Y215.083 E17.45155
G1 X213.45 Y215.302 E17.4602
G1 X213.409 Y215.562 E17.4695
G1 X213.28 Y215.67 E17.47544
G1 X213.07 Y215.686 E17.48288
G1 X212.96 Y215.766 E17.48769
G1 X212.924 Y216.012 E17.49647
G1 X212.96 Y216.268 E17.5056
G1 X212.869 Y216.411 E17.51159
G1 X212.676 Y216.49 E17.51896
G1 X212.599 Y216.601 E17.52373
G1 X212.642 Y216.853 E17.53276
G1 X212.755 Y217.075 E17.54156
M204 S750
G0 F8175 X212.713 Y217.242
G0 X212.692 Y217.259
G0 X213.497 Y217.267
;TYPE:SKIN
G1 F1415.7 X213.469 Y216.854 E17.55618
G1 X213.587 Y216.713 E17.56268
G1 X213.705 Y216.283 E17.57843
G1 X213.863 Y216.184 E17.58502
G1 X214.112 Y215.811 E17.60086
G1 X214.212 Y215.789 E17.60448
G1 X214.575 Y215.566 E17.61953
G1 X214.646 Y215.476 E17.62358
G1 X214.878 Y215.486 E17.63178
G1 X215.256 Y215.331 E17.64621
G1 X215.546 Y215.422 E17.65695
G1 X215.866 Y215.374 E17.66838
G1 X216.154 Y215.559 E17.68047
G1 X216.449 Y215.605 E17.69102
G1 X216.635 Y215.865 E17.70231
G1 X216.929 Y216.011 E17.71391
G1 X217.029 Y216.319 E17.72535
G1 X217.263 Y216.546 E17.73686
G1 X217.261 Y216.828 E17.74683
G1 X217.409 Y217.161 E17.7597
G1 X217.314 Y217.455 E17.77061
G1 X217.368 Y217.778 E17.78218
G1 X217.194 Y218.009 E17.7924
G1 X217.119 Y218.359 E17.80504
G1 X216.848 Y218.584 E17.81749
G1 X216.725 Y218.838 E17.82745
G1 X216.429 Y218.932 E17.83843
G1 X216.189 Y219.17 E17.85037
G1 X215.875 Y219.173 E17.86146
G1 X215.578 Y219.319 E17.87315
G1 X215.315 Y219.231 E17.88295
G1 X214.95 Y219.27 E17.89591
G1 X214.726 Y219.103 E17.90578
G1 X214.37 Y219.027 E17.91864
G1 X214.204 Y218.798 E17.92863
G1 X213.891 Y218.623 E17.9413
G1 X213.786 Y218.321 E17.9526
G1 X213.573 Y218.106 E17.96329
G1 X213.534 Y217.689 E17.97808
G1 X213.418 Y217.487 E17.98631
G1 F1419 X213.484 Y217.303 E17.9932
G1 X213.497 Y217.267 E17.99455
G0 F8175 X213.654 Y217.176
G0 X214.946 Y215.682
G1 F1415.7 X213.703 Y216.926 E18.05667
G0 F8175 X213.688 Y217.534
G1 F1415.7 X215.603 Y215.619 E18.15234
G0 F8175 X216.066 Y215.75
G1 F1415.7 X213.791 Y218.025 E18.266
G0 F8175 X214.029 Y218.381
G1 F1415.7 X216.446 Y215.964 E18.38675
G0 F8175 X216.78 Y216.224
G1 F1415.7 X214.348 Y218.656 E18.50824
G0 F8175 X214.713 Y218.885
G1 F1415.7 X217.006 Y216.592 E18.6228
G0 F8175 X217.127 Y217.065
G1 F1415.7 X215.162 Y219.03 E18.72097
G0 F8175 X215.803 Y218.982
G1 F1415.7 X217.133 Y217.652 E18.78741
G1 X217.207 Y217.578
G0 F8175 X216.768 Y217.69
G1 F2700 E18.28741
;MESH:NONMESH
G0 F600 X216.768 Y217.69 Z0.6
G0 F8175 X215.671 Y219.936
G0 X216.2 Y220.904
G0 X216.585 Y223.92
;TIME_ELAPSED:21.367773
;LAYER:2
;note -- min layer time used
M204 S500
;TYPE:SKIRT
G1 F2700 E18.78741
G1 F1637.7 X215.819 Y224.028 E18.81474
G1 X214.993 Y224.003 E18.84393
G1 X213.954 Y223.857 E18.88099
G1 X213.322 Y223.717 E18.90386
G1 X212.27 Y223.236 E18.94472
G1 X211.709 Y222.918 E18.9675
G1 X211.213 Y222.541 E18.98951
G1 X210.481 Y221.864 E19.02473
G1 X210.135 Y221.489 E19.04276
G1 X209.851 Y221.065 E19.06079
G1 X209.355 Y220.181 E19.09659
G1 X209.084 Y219.594 E19.11943
G1 X208.817 Y218.412 E19.16224
G1 X208.721 Y217.701 E19.18759
G1 X208.707 Y217.124 E19.20797
G1 X208.873 Y215.895 E19.25178
G1 X209.012 Y215.254 E19.27495
G1 X209.503 Y214.182 E19.31661
G1 X209.802 Y213.647 E19.33826
G1 X210.2 Y213.122 E19.36153
G1 X210.552 Y212.746 E19.37972
G1 X211.026 Y212.268 E19.4035
G1 X211.504 Y211.856 E19.4258
G1 X212.618 Y211.231 E19.47092
G1 X213.082 Y211.017 E19.48897
G1 X213.567 Y210.879 E19.50678
G1 X214.402 Y210.71 E19.53688
G1 X215.042 Y210.629 E19.55967
G1 X215.748 Y210.634 E19.58461
G1 X216.724 Y210.747 E19.61932
G1 X217.225 Y210.845 E19.63735
G1 X217.707 Y211.021 E19.65548
G1 X218.561 Y211.412 E19.68866
G1 X219.077 Y211.698 E19.7095
G1 X219.692 Y212.162 E19.73671
G1 X220.473 Y212.934 E19.7755
G1 X220.887 Y213.414 E19.7979
G1 X221.449 Y214.417 E19.83851
G1 X221.726 Y215.028 E19.86221
G1 X221.918 Y215.721 E19.88761
G1 X222.085 Y216.718 E19.92332
G1 X222.141 Y217.347 E19.94563
G1 X221.996 Y218.622 E19.99096
G1 X221.899 Y219.124 E20.00902
G1 X221.721 Y219.614 E20.02744
G1 X221.327 Y220.474 E20.06086
G1 X221.015 Y221.025 E20.08322
G1 X220.639 Y221.52 E20.10518
G1 X220.012 Y222.199 E20.13783
G1 X219.535 Y222.64 E20.16078
G1 X218.324 Y223.356 E20.21048
G1 X217.731 Y223.647 E20.23381
G1 X216.585 Y223.92 E20.27543
M204 S1000
G1 F2700 E19.77543
;MESH:molette.stl
G0 F9150 X214.953 Y221.313
G0 X215.163 Y220.082
G0 X212.936 Y217.495
G0 X212.693 Y217.295
M204 S688
;TYPE:WALL-INNER
G1 F2700 E20.27543
G1 F1637.7 X212.591 Y217.456 E20.28216
G1 X212.795 Y217.74 E20.29451
G1 X212.85 Y218.005 E20.30407
G1 X212.783 Y218.323 E20.31555
G1 X213.052 Y218.533 E20.32761
G1 X213.185 Y218.765 E20.33706
G1 X213.208 Y219.078 E20.34814
G1 X213.54 Y219.204 E20.36069
G1 X213.739 Y219.382 E20.37012
G1 X213.866 Y219.685 E20.38173
G1 X214.214 Y219.691 E20.39402
G1 X214.394 Y219.758 E20.40081
G1 X214.558 Y219.892 E20.40829
G1 X214.659 Y220.036 E20.4145
G1 X215.012 Y219.944 E20.42739
G1 X215.268 Y219.973 E20.43649
G1 X215.545 Y220.144 E20.44799
G1 X215.835 Y219.942 E20.46047
G1 X216.026 Y219.889 E20.46747
G1 X216.414 Y219.953 E20.48137
G1 X216.619 Y219.686 E20.49326
G1 X216.844 Y219.554 E20.50247
G1 X217.176 Y219.517 E20.51427
G1 X217.299 Y219.188 E20.52668
G1 X217.472 Y218.999 E20.53573
G1 X217.778 Y218.872 E20.54744
G1 X217.783 Y218.522 E20.5598
G1 X217.893 Y218.277 E20.56929
G1 X218.139 Y218.071 E20.58062
G1 X218.038 Y217.739 E20.59288
G1 X218.036 Y217.601 E20.59776
G1 X218.123 Y217.344 E20.60734
G1 X218.229 Y217.205 E20.61352
G1 X218.033 Y216.897 E20.62641
G1 X217.985 Y216.716 E20.63303
G1 X218.056 Y216.336 E20.64668
G1 X217.732 Y216.057 E20.66179
G1 X217.647 Y215.892 E20.66835
G1 X217.619 Y215.566 E20.6799
G1 X217.279 Y215.439 E20.69273
G1 X217.087 Y215.263 E20.70193
G1 X216.965 Y214.961 E20.71343
G1 X216.617 Y214.958 E20.72573
G1 X216.431 Y214.888 E20.73275
G1 X216.163 Y214.601 E20.74662
G1 X215.828 Y214.703 E20.75899
G1 X215.555 Y214.674 E20.76869
G1 X215.281 Y214.502 E20.78012
G1 X214.996 Y214.702 E20.79242
G1 X214.805 Y214.755 E20.79942
G1 X214.427 Y214.682 E20.81302
G1 X214.206 Y214.961 E20.82559
G1 X213.984 Y215.093 E20.83471
G1 X213.659 Y215.119 E20.84623
G1 X213.53 Y215.461 E20.85914
G1 X213.353 Y215.654 E20.86839
G1 X213.053 Y215.775 E20.87982
G1 X213.05 Y216.119 E20.89197
G1 X212.946 Y216.357 E20.90115
G1 X212.701 Y216.568 E20.91257
G1 X212.796 Y216.919 E20.92542
G1 X212.766 Y217.18 E20.9347
G1 X212.693 Y217.295 E20.93951
M204 S1000
G0 F9150 X212.368 Y217.047
M204 S688
;TYPE:WALL-OUTER
G1 F1637.7 X212.219 Y217.245 E20.94826
G1 X212.205 Y217.289 E20.94989
G1 X212.166 Y217.409 E20.95435
G1 X212.238 Y217.696 E20.9648
G1 X212.412 Y217.913 E20.97463
G1 X212.421 Y218.065 E20.98001
G1 X212.344 Y218.332 E20.98983
G1 X212.376 Y218.482 E20.99524
G1 X212.516 Y218.666 E21.00341
G1 X212.767 Y218.851 E21.01443
G1 X212.784 Y219.14 E21.02465
G1 X212.874 Y219.356 E21.03292
G1 X213.073 Y219.497 E21.04153
G1 X213.353 Y219.582 E21.05187
G1 X213.425 Y219.678 E21.05611
G1 X213.474 Y219.864 E21.06291
G1 X213.574 Y219.999 E21.06884
G1 X213.705 Y220.082 E21.07432
G1 X214.128 Y220.102 E21.08928
G1 X214.242 Y220.169 E21.09395
G1 X214.356 Y220.34 E21.10121
G1 X214.484 Y220.432 E21.10678
G1 X214.714 Y220.472 E21.11502
G1 X215.052 Y220.362 E21.12758
G1 X215.138 Y220.372 E21.13064
G1 X215.336 Y220.517 E21.13931
G1 X215.501 Y220.571 E21.14544
G1 X215.79 Y220.498 E21.15597
G1 X216.051 Y220.31 E21.16733
G1 X216.424 Y220.394 E21.18084
G1 X216.572 Y220.361 E21.1862
G1 X216.76 Y220.217 E21.19456
G1 X216.902 Y219.996 E21.20384
G1 X216.977 Y219.952 E21.20691
G1 X217.309 Y219.935 E21.21866
G1 X217.541 Y219.759 E21.22895
G1 X217.659 Y219.404 E21.24216
G1 X217.717 Y219.341 E21.24519
G1 X217.955 Y219.263 E21.25403
G1 X218.095 Y219.161 E21.26015
G1 X218.173 Y219.036 E21.26536
G1 X218.194 Y218.608 E21.28049
G1 X218.273 Y218.484 E21.28569
G1 X218.433 Y218.383 E21.29237
G1 X218.53 Y218.248 E21.29824
G1 X218.552 Y217.945 E21.30898
G1 X218.455 Y217.692 E21.31855
G1 X218.483 Y217.56 E21.32332
G1 X218.612 Y217.401 E21.33055
G1 X218.66 Y217.247 E21.33625
G1 X218.624 Y217.016 E21.34451
G1 X218.411 Y216.711 E21.35765
G1 X218.41 Y216.59 E21.36192
G1 X218.478 Y216.409 E21.36875
G1 X218.458 Y216.17 E21.37722
G1 X218.315 Y215.982 E21.38557
G1 X218.088 Y215.83 E21.39522
G1 X218.035 Y215.709 E21.39989
G1 X218.044 Y215.502 E21.4072
G1 X217.998 Y215.351 E21.41278
G1 X217.842 Y215.193 E21.42062
G1 X217.493 Y215.077 E21.43362
G1 X217.429 Y215.019 E21.43667
G1 X217.354 Y214.782 E21.44545
G1 X217.258 Y214.646 E21.45133
G1 X216.98 Y214.532 E21.46194
G1 X216.701 Y214.546 E21.47181
G1 X216.619 Y214.51 E21.47498
G1 X216.475 Y214.306 E21.4838
G1 X216.337 Y214.206 E21.48982
G1 X216.037 Y214.188 E21.50043
G1 X215.78 Y214.285 E21.51014
G1 X215.689 Y214.276 E21.51337
G1 X215.491 Y214.127 E21.52212
G1 X215.327 Y214.074 E21.52821
G1 X215.039 Y214.146 E21.5387
G1 X214.823 Y214.32 E21.54849
G1 X214.676 Y214.33 E21.5537
G1 X214.501 Y214.258 E21.56038
G1 X214.264 Y214.28 E21.56879
G1 X214.07 Y214.425 E21.57735
G1 X213.893 Y214.674 E21.58814
G1 X213.444 Y214.741 E21.60418
G1 X213.285 Y214.898 E21.61207
G1 X213.144 Y215.282 E21.62652
G1 X212.874 Y215.383 E21.6367
G1 X212.737 Y215.482 E21.64268
G1 X212.624 Y215.756 E21.65315
G1 X212.638 Y216.035 E21.66301
G1 X212.604 Y216.114 E21.66605
G1 X212.399 Y216.264 E21.67503
G1 X212.304 Y216.392 E21.68066
G1 X212.268 Y216.621 E21.68885
G1 X212.378 Y216.959 E21.7014
G1 X212.368 Y217.047 E21.70453
M204 S1000
G0 F9150 X212.248 Y217.206
G0 X213.07 Y217.299
;TYPE:SKIN
G1 F1637.7 X213.093 Y217.248 E21.70651
G1 X213.126 Y216.908 E21.71857
G1 X213.083 Y216.693 E21.72632
G1 X213.228 Y216.535 E21.7339
G1 X213.372 Y216.203 E21.74668
G1 X213.391 Y216.007 E21.75364
G1 X213.565 Y215.909 E21.76069
G1 X213.804 Y215.648 E21.77319
G1 X213.897 Y215.443 E21.78114
G1 X214.111 Y215.398 E21.78887
G1 X214.426 Y215.211 E21.80181
G1 X214.548 Y215.068 E21.80845
G1 X214.738 Y215.09 E21.81521
G1 X214.994 Y215.056 E21.82433
G1 X215.28 Y214.909 E21.83569
G1 X215.459 Y214.996 E21.84272
G1 X215.846 Y215.034 E21.85646
G1 X216.042 Y214.99 E21.86355
G1 X216.192 Y215.127 E21.87073
G1 X216.526 Y215.279 E21.88369
G1 X216.728 Y215.299 E21.89086
G1 X216.829 Y215.479 E21.89815
G1 X217.09 Y215.717 E21.91063
G1 X217.293 Y215.807 E21.91848
G1 X217.338 Y216.019 E21.92613
G1 X217.514 Y216.32 E21.93845
G1 X217.67 Y216.459 E21.94583
G1 X217.647 Y216.663 E21.95308
G1 X217.715 Y217.006 E21.96543
G1 X217.828 Y217.203 E21.97346
G1 X217.737 Y217.401 E21.98116
G1 X217.702 Y217.777 E21.9945
G1 X217.748 Y217.954 E22.00096
G1 X217.569 Y218.158 E22.01054
G1 X217.463 Y218.426 E22.02072
G1 X217.438 Y218.647 E22.02858
G1 X217.197 Y218.791 E22.0385
G1 X217.019 Y219 E22.0482
G1 X216.931 Y219.199 E22.05588
G1 X216.726 Y219.238 E22.06325
G1 X216.409 Y219.425 E22.07626
G1 X216.277 Y219.574 E22.08329
G1 X216.081 Y219.551 E22.09026
G1 X215.719 Y219.626 E22.10332
G1 X215.539 Y219.731 E22.11068
G1 X215.348 Y219.645 E22.11808
G1 X215.003 Y219.61 E22.13033
G1 X214.784 Y219.656 E22.13823
G1 X214.623 Y219.508 E22.14596
G1 X214.305 Y219.365 E22.15828
G1 X214.097 Y219.345 E22.16566
G1 X213.997 Y219.167 E22.17287
G1 X213.722 Y218.923 E22.18586
G1 X213.536 Y218.841 E22.19304
G1 X213.496 Y218.642 E22.20021
G1 X213.312 Y218.326 E22.21313
G1 X213.162 Y218.188 E22.22033
G1 X213.186 Y217.987 E22.22748
G1 X213.105 Y217.62 E22.24075
G1 X213.003 Y217.448 E22.24782
G1 X213.07 Y217.299 E22.25359
G0 F9150 X213.454 Y218.206
G1 F1637.7 X214.448 Y219.2 E22.30325
G1 X214.522 Y219.274
G0 F9150 X215.269 Y219.427
G1 F1637.7 X213.254 Y217.412 E22.40391
G0 F9150 X213.313 Y216.877
G1 F1637.7 X215.835 Y219.399 E22.52991
G0 F9150 X216.303 Y219.273
G1 F1637.7 X213.479 Y216.449 E22.67099
G0 F9150 X213.68 Y216.056
G1 F1637.7 X216.664 Y219.04 E22.82006
G0 F9150 X216.972 Y218.754
G1 F1637.7 X213.978 Y215.759 E22.96966
G0 F9150 X214.32 Y215.508
G1 F1637.7 X217.261 Y218.449 E23.11659
G0 F9150 X217.42 Y218.014
G1 F1637.7 X214.693 Y215.287 E23.25283
G0 F9150 X215.191 Y215.191
G1 F1637.7 X217.527 Y217.527 E23.36953
G0 F9150 X217.492 Y216.898
G1 F1637.7 X215.811 Y215.217 E23.45351
G1 X215.737 Y215.143
G0 F9150 X215.835 Y215.386
;MESH:NONMESH
G0 F600 X215.835 Y215.386 Z0.8
G0 F9150 X212.936 Y217.46
G0 X212.453 Y217.292
;TIME_ELAPSED:28.681351
;LAYER:3
;note -- min layer time used
M204 S781
;TYPE:WALL-INNER
;MESH:molette.stl
G1 F1233.8 X212.395 Y217.403 E23.45793
G1 X212.398 Y217.495 E23.46118
G1 X212.569 Y217.77 E23.47262
G1 X212.618 Y218.012 E23.48135
G1 X212.566 Y218.333 E23.49283
G1 X212.6 Y218.423 E23.49623
G1 X212.889 Y218.678 E23.50985
G1 X212.971 Y218.843 E23.51636
G1 X213.021 Y219.168 E23.52797
G1 X213.14 Y219.265 E23.5334
G1 X213.382 Y219.362 E23.54261
G1 X213.555 Y219.519 E23.55086
G1 X213.677 Y219.779 E23.561
G1 X213.759 Y219.859 E23.56505
G1 X214.171 Y219.904 E23.57969
G1 X214.392 Y220.037 E23.5888
G1 X214.524 Y220.195 E23.59608
G1 X214.61 Y220.235 E23.59943
G1 X215.039 Y220.17 E23.61475
G1 X215.311 Y220.242 E23.62469
G1 X215.494 Y220.344 E23.63209
G1 X215.585 Y220.337 E23.63532
G1 X215.867 Y220.165 E23.64699
G1 X216.219 Y220.127 E23.65949
G1 X216.459 Y220.169 E23.6681
G1 X216.726 Y219.881 E23.68197
G1 X216.926 Y219.768 E23.69009
G1 X217.258 Y219.716 E23.70196
G1 X217.324 Y219.655 E23.70514
G1 X217.456 Y219.35 E23.71688
G1 X217.609 Y219.184 E23.72485
G1 X217.939 Y218.986 E23.73845
G1 X217.985 Y218.62 E23.75148
G1 X218.081 Y218.412 E23.75957
G1 X218.316 Y218.176 E23.77133
G1 X218.332 Y218.078 E23.77484
G1 X218.259 Y217.77 E23.78602
G1 X218.285 Y217.541 E23.79417
G1 X218.42 Y217.289 E23.80426
G1 X218.44 Y217.171 E23.80849
G1 X218.255 Y216.863 E23.82118
G1 X218.213 Y216.697 E23.82723
G1 X218.251 Y216.254 E23.84294
G1 X217.974 Y216.006 E23.85607
G1 X217.864 Y215.812 E23.86395
G1 X217.776 Y215.428 E23.87787
G1 X217.446 Y215.287 E23.89055
G1 X217.336 Y215.2 E23.8955
G1 X217.162 Y214.897 E23.90784
G1 X217.045 Y214.783 E23.91361
G1 X216.713 Y214.755 E23.92538
G1 X216.501 Y214.657 E23.93363
G1 X216.216 Y214.4 E23.94719
G1 X215.862 Y214.477 E23.95999
G1 X215.634 Y214.452 E23.96809
G1 X215.384 Y214.318 E23.97811
G1 X215.26 Y214.301 E23.98253
G1 X214.954 Y214.481 E23.99507
G1 X214.725 Y214.526 E24.00332
G1 X214.406 Y214.475 E24.01473
G1 X214.308 Y214.51 E24.01841
G1 X214.108 Y214.758 E24.02966
G1 X213.903 Y214.876 E24.03802
G1 X213.641 Y214.912 E24.04736
G1 X213.508 Y214.985 E24.05272
G1 X213.31 Y215.387 E24.06855
G1 X212.906 Y215.626 E24.08513
G1 X212.8 Y216.155 E24.10419
G1 X212.516 Y216.467 E24.11909
G1 X212.492 Y216.555 E24.12231
G1 X212.573 Y216.875 E24.13398
G1 X212.542 Y217.122 E24.14277
G1 X212.453 Y217.292 E24.14955
M204 S1250
G0 F10125 X211.996 Y217.287
M204 S781
;TYPE:WALL-OUTER
G1 F1233.8 X211.972 Y217.345 E24.15177
G1 X211.981 Y217.581 E24.16011
G1 X212.193 Y217.966 E24.17563
G1 X212.146 Y218.409 E24.19137
G1 X212.23 Y218.631 E24.19976
G1 X212.565 Y218.954 E24.2162
G1 X212.609 Y219.289 E24.22813
G1 X212.69 Y219.44 E24.23418
G1 X212.935 Y219.64 E24.24536
G1 X213.162 Y219.72 E24.25386
G1 X213.241 Y219.807 E24.25801
G1 X213.301 Y219.977 E24.26438
G1 X213.415 Y220.13 E24.27112
G1 X213.672 Y220.275 E24.28154
G1 X214.015 Y220.296 E24.29368
G1 X214.107 Y220.345 E24.29736
G1 X214.226 Y220.499 E24.30424
G1 X214.373 Y220.604 E24.31062
G1 X214.59 Y220.667 E24.3186
G1 X215.007 Y220.59 E24.33358
G1 X215.357 Y220.749 E24.34716
G1 X215.534 Y220.775 E24.35348
G1 X215.747 Y220.733 E24.36115
G1 X216.027 Y220.553 E24.37291
G1 X216.145 Y220.541 E24.3771
G1 X216.319 Y220.593 E24.38352
G1 X216.621 Y220.56 E24.39425
G1 X216.78 Y220.466 E24.40077
G1 X216.996 Y220.203 E24.4128
G1 X217.103 Y220.155 E24.41694
G1 X217.382 Y220.126 E24.42685
G1 X217.534 Y220.046 E24.43292
G1 X217.686 Y219.882 E24.44081
G1 X217.81 Y219.575 E24.45251
G1 X218.059 Y219.439 E24.46253
G1 X218.281 Y219.246 E24.47292
G1 X218.368 Y219.062 E24.48011
G1 X218.424 Y218.654 E24.49466
G1 X218.657 Y218.434 E24.50598
G1 X218.734 Y218.28 E24.51206
G1 X218.758 Y218.04 E24.52059
G1 X218.678 Y217.74 E24.53155
G1 X218.702 Y217.625 E24.5357
G1 X218.804 Y217.472 E24.5422
G1 X218.858 Y217.293 E24.5488
G1 X218.829 Y216.999 E24.55924
G1 X218.635 Y216.678 E24.57249
G1 X218.682 Y216.229 E24.58844
G1 X218.561 Y215.962 E24.59879
G1 X218.261 Y215.674 E24.61348
G1 X218.182 Y215.273 E24.62792
G1 X217.985 Y215.057 E24.63825
G1 X217.611 Y214.878 E24.6529
G1 X217.531 Y214.681 E24.66041
G1 X217.338 Y214.459 E24.6708
G1 X217.151 Y214.368 E24.67815
G1 X216.745 Y214.315 E24.69261
G1 X216.527 Y214.083 E24.70386
G1 X216.237 Y213.976 E24.71477
G1 X215.755 Y214.05 E24.732
G1 X215.385 Y213.878 E24.74641
G1 X215.09 Y213.911 E24.7569
G1 X214.77 Y214.101 E24.77005
G1 X214.33 Y214.055 E24.78568
G1 X214.104 Y214.138 E24.79418
G1 X213.834 Y214.44 E24.80849
G1 X213.724 Y214.489 E24.81274
G1 X213.553 Y214.494 E24.81879
G1 X213.288 Y214.605 E24.82894
G1 X213.143 Y214.761 E24.83646
G1 X213 Y215.103 E24.84956
G1 X212.606 Y215.324 E24.86551
G1 X212.464 Y215.578 E24.87579
G1 X212.44 Y215.924 E24.88805
G1 X212.132 Y216.281 E24.9047
G1 X212.066 Y216.6 E24.91621
G1 X212.154 Y216.907 E24.92749
G1 X211.996 Y217.287 E24.94203
M204 S1250
G0 F10125 X211.972 Y217.345
G0 X211.977 Y217.482
G0 X212.821 Y217.296
;TYPE:SKIN
G1 F1233.8 X212.866 Y217.203 E24.94568
G1 X212.906 Y216.864 E24.95774
G1 X212.852 Y216.603 E24.96715
G1 X213.03 Y216.418 E24.97622
G1 X213.17 Y216.116 E24.98798
G1 X213.202 Y215.847 E24.99755
G1 X213.43 Y215.723 E25.00672
G1 X213.602 Y215.555 E25.01521
G1 X213.766 Y215.229 E25.0281
G1 X214.143 Y215.134 E25.04184
G1 X214.321 Y215.016 E25.04938
G1 X214.487 Y214.826 E25.0583
G1 X214.75 Y214.861 E25.06767
G1 X215.06 Y214.798 E25.07884
G1 X215.311 Y214.662 E25.08893
G1 X215.555 Y214.774 E25.09841
G1 X215.865 Y214.81 E25.10944
G1 X216.121 Y214.756 E25.11868
G1 X216.319 Y214.938 E25.12818
G1 X216.61 Y215.075 E25.13954
G1 X216.883 Y215.107 E25.14925
G1 X217.017 Y215.342 E25.15881
G1 X217.25 Y215.558 E25.17003
G1 X217.502 Y215.675 E25.17985
G1 X217.553 Y215.94 E25.18938
G1 X217.707 Y216.208 E25.2003
G1 X217.91 Y216.4 E25.21017
G1 X217.875 Y216.665 E25.21961
G1 X217.942 Y216.991 E25.23137
G1 X218.074 Y217.224 E25.24083
G1 X217.931 Y217.59 E25.25471
G1 X217.922 Y217.784 E25.26157
G1 X217.975 Y218.036 E25.27067
G1 X217.799 Y218.225 E25.27979
G1 X217.666 Y218.517 E25.29112
G1 X217.627 Y218.79 E25.30087
G1 X217.394 Y218.924 E25.31036
G1 X217.182 Y219.155 E25.32144
G1 X217.065 Y219.403 E25.33112
G1 X216.798 Y219.456 E25.34074
G1 X216.525 Y219.61 E25.35181
G1 X216.334 Y219.815 E25.36171
G1 X216.067 Y219.783 E25.37121
G1 X215.752 Y219.847 E25.38256
G1 X215.52 Y219.978 E25.39198
G1 X215.277 Y219.87 E25.40137
G1 X214.958 Y219.835 E25.41271
G1 X214.698 Y219.878 E25.42202
G1 X214.588 Y219.767 E25.42754
G1 X214.214 Y219.567 E25.44252
G1 X213.936 Y219.533 E25.45241
G1 X213.806 Y219.296 E25.46196
G1 X213.572 Y219.085 E25.47309
G1 X213.329 Y218.97 E25.48259
G1 X213.28 Y218.717 E25.49169
G1 X213.113 Y218.424 E25.50361
G1 X212.916 Y218.246 E25.51298
G1 X212.953 Y217.99 E25.52212
G1 X212.886 Y217.659 E25.53405
G1 X212.754 Y217.432 E25.54333
G1 X212.821 Y217.296 E25.54868
G0 F10125 X214.079 Y215.361
G1 F1233.8 X213.777 Y215.663 E25.56377
G0 F10125 X213.543 Y215.897
G1 F1233.8 X213.389 Y216.051 E25.57146
G0 F10125 X213.11 Y216.924
G1 F1233.8 X215.016 Y215.018 E25.66668
G0 F10125 X215.635 Y214.993
G1 F1233.8 X213.068 Y217.56 E25.79493
G0 F10125 X213.154 Y218.068
G1 F1233.8 X216.154 Y215.068 E25.9448
G0 F10125 X216.543 Y215.273
G1 F1233.8 X213.368 Y218.448 E26.10342
G0 F10125 X213.563 Y218.847
G1 F1233.8 X216.895 Y215.515 E26.26988
G0 F10125 X217.227 Y215.776
G1 F1233.8 X213.903 Y219.101 E26.43596
G0 F10125 X214.236 Y219.362
G1 F1233.8 X217.437 Y216.16 E26.59591
G0 F10125 X217.682 Y216.51
G1 F1233.8 X214.625 Y219.567 E26.74863
G0 F10125 X215.139 Y219.647
G1 F1233.8 X217.742 Y217.044 E26.87867
G0 F10125 X217.727 Y217.652
G1 F1233.8 X215.745 Y219.635 E26.97771
G1 X215.671 Y219.709
G0 F10125 X216.706 Y219.267
G1 F1233.8 X217.455 Y218.519 E27.0151
G1 X217.529 Y218.445
G0 F10125 X217.371 Y218.437
;MESH:NONMESH
G0 F600 X217.371 Y218.437 Z1
G0 F10125 X214.96 Y216.868
;TIME_ELAPSED:34.828278
;LAYER:4
;note -- min layer time used
M204 S1500
;TYPE:FILL
;MESH:molette.stl
G1 F1349.4 X215.863 Y217.771 E27.06559
G1 X215.966 Y217.692 E27.07072
G1 X216.046 Y217.406 E27.08246
G1 X216.044 Y217.23 E27.08942
G1 X215.965 Y217.009 E27.09869
G1 X215.862 Y216.877 E27.10531
G1 X214.962 Y217.778 E27.15566
G1 X214.888 Y217.728 E27.15919
G1 X214.752 Y217.356 E27.17484
G1 X214.846 Y217.041 E27.18784
G1 X215 Y216.811 E27.19878
G1 X215.299 Y216.701 E27.21137
G1 X215.507 Y216.696 E27.2196
G1 X215.612 Y216.694
G0 F11100 X212.583 Y217.405
G0 X212.328 Y217.291
M204 S875
;TYPE:WALL-INNER
G1 F1349.4 X212.27 Y217.477 E27.22648
G1 X212.438 Y217.815 E27.23982
G1 X212.474 Y218 E27.24647
G1 X212.442 Y218.393 E27.2604
G1 X212.677 Y218.641 E27.27247
G1 X212.837 Y218.892 E27.28299
G1 X212.901 Y219.234 E27.29528
G1 X213.016 Y219.341 E27.30083
G1 X213.404 Y219.564 E27.31664
G1 X213.639 Y219.938 E27.33224
G1 X213.972 Y219.999 E27.3442
G1 X214.249 Y220.107 E27.3547
G1 X214.467 Y220.318 E27.36542
G1 X214.638 Y220.371 E27.37174
G1 X214.949 Y220.307 E27.38296
G1 X215.157 Y220.33 E27.39035
G1 X215.518 Y220.484 E27.40422
G1 X215.822 Y220.34 E27.4161
G1 X216.093 Y220.266 E27.42602
G1 X216.447 Y220.294 E27.43857
G1 X216.559 Y220.25 E27.44282
G1 X216.928 Y219.929 E27.4601
G1 X217.33 Y219.834 E27.47469
G1 X217.432 Y219.726 E27.47994
G1 X217.553 Y219.457 E27.49035
G1 X217.692 Y219.302 E27.49771
G1 X218.037 Y219.092 E27.51198
G1 X218.091 Y218.766 E27.52365
G1 X218.201 Y218.487 E27.53424
G1 X218.448 Y218.191 E27.54786
G1 X218.399 Y217.796 E27.56192
G1 X218.42 Y217.589 E27.56927
G1 X218.564 Y217.247 E27.58238
G1 X218.561 Y217.17 E27.5851
G1 X218.39 Y216.829 E27.59858
G1 X218.354 Y216.641 E27.60534
G1 X218.385 Y216.286 E27.61793
G1 X218.342 Y216.179 E27.622
G1 X218.095 Y215.937 E27.63422
G1 X217.996 Y215.755 E27.64154
G1 X217.927 Y215.414 E27.65383
G1 X217.812 Y215.303 E27.65947
G1 X217.445 Y215.101 E27.67427
G1 X217.204 Y214.721 E27.69017
G1 X217.086 Y214.665 E27.69478
G1 X216.784 Y214.635 E27.7055
G1 X216.574 Y214.537 E27.71369
G1 X216.285 Y214.291 E27.7271
G1 X215.889 Y214.341 E27.7412
G1 X215.679 Y214.32 E27.74865
G1 X215.336 Y214.175 E27.76181
G1 X214.735 Y214.382 E27.78426
G1 X214.346 Y214.351 E27.79805
G1 X213.931 Y214.706 E27.81734
G1 X213.512 Y214.816 E27.83264
G1 X213.421 Y214.892 E27.83683
G1 X213.267 Y215.201 E27.84903
G1 X213.136 Y215.342 E27.85583
G1 X212.798 Y215.548 E27.86981
G1 X212.754 Y215.643 E27.87351
G1 X212.737 Y215.883 E27.88201
G1 X212.638 Y216.144 E27.89187
G1 X212.377 Y216.448 E27.90602
G1 X212.43 Y216.967 E27.92445
G1 X212.328 Y217.291 E27.93645
M204 S1500
G0 F11100 X211.857 Y217.286
M204 S875
;TYPE:WALL-OUTER
G1 F1349.4 X211.844 Y217.318 E27.93767
G1 X211.853 Y217.585 E27.94711
G1 X212.047 Y217.971 E27.96237
G1 X212.017 Y218.431 E27.97865
G1 X212.05 Y218.567 E27.9836
G1 X212.237 Y218.831 E27.99503
G1 X212.433 Y219.01 E28.0044
G1 X212.484 Y219.337 E28.01609
G1 X212.559 Y219.488 E28.02205
G1 X212.784 Y219.7 E28.03297
G1 X213.095 Y219.849 E28.04515
G1 X213.315 Y220.217 E28.0603
G1 X213.426 Y220.307 E28.06535
G1 X213.69 Y220.407 E28.07532
G1 X214.009 Y220.451 E28.08669
G1 X214.217 Y220.666 E28.09726
G1 X214.459 Y220.777 E28.10667
G1 X214.671 Y220.795 E28.11418
G1 X214.972 Y220.726 E28.12509
G1 X215.417 Y220.899 E28.14196
G1 X215.787 Y220.851 E28.15514
G1 X216.095 Y220.687 E28.16747
G1 X216.509 Y220.722 E28.18214
G1 X216.799 Y220.606 E28.19318
G1 X217.071 Y220.329 E28.20689
G1 X217.424 Y220.257 E28.21962
G1 X217.584 Y220.176 E28.22595
G1 X217.792 Y219.956 E28.23665
G1 X217.917 Y219.667 E28.24777
G1 X218.31 Y219.421 E28.26415
G1 X218.485 Y219.106 E28.27688
G1 X218.544 Y218.73 E28.29032
G1 X218.758 Y218.523 E28.30084
G1 X218.866 Y218.287 E28.31001
G1 X218.873 Y217.973 E28.3211
G1 X218.818 Y217.77 E28.32853
G1 X218.988 Y217.327 E28.3453
G1 X218.976 Y217.06 E28.35474
G1 X218.781 Y216.673 E28.37005
G1 X218.813 Y216.226 E28.38588
G1 X218.698 Y215.937 E28.39686
G1 X218.426 Y215.678 E28.41013
G1 X218.348 Y215.316 E28.42321
G1 X218.269 Y215.16 E28.42939
G1 X218.046 Y214.947 E28.44028
G1 X217.774 Y214.829 E28.45076
G1 X217.582 Y214.507 E28.464
G1 X217.452 Y214.374 E28.47057
G1 X217.194 Y214.251 E28.48067
G1 X216.851 Y214.216 E28.49285
G1 X216.61 Y213.978 E28.50481
G1 X216.38 Y213.873 E28.51375
G1 X216.065 Y213.867 E28.52487
G1 X215.862 Y213.922 E28.5323
G1 X215.418 Y213.752 E28.5491
G1 X215.154 Y213.761 E28.55843
G1 X214.733 Y213.961 E28.5749
G1 X214.31 Y213.925 E28.58989
G1 X214.17 Y213.962 E28.59501
G1 X213.905 Y214.145 E28.60638
G1 X213.717 Y214.342 E28.616
G1 X213.323 Y214.427 E28.63024
G1 X213.082 Y214.628 E28.64133
G1 X212.919 Y214.966 E28.65458
G1 X212.522 Y215.223 E28.67129
G1 X212.426 Y215.339 E28.67661
G1 X212.34 Y215.545 E28.6845
G1 X212.315 Y215.854 E28.69545
G1 X212.014 Y216.224 E28.7123
G1 X211.941 Y216.574 E28.72493
G1 X212.014 Y216.88 E28.73604
G1 X211.857 Y217.286 E28.75142
M204 S1500
G0 F11100 X211.844 Y217.318
G0 X211.849 Y217.483
G0 X212.56 Y217.432
G0 X214.39 Y217.313
;TYPE:SKIN
G1 F1349.4 X214.374 Y217.371 E28.75354
G1 X214.584 Y217.957 E28.77553
G1 X214.985 Y218.222 E28.79251
G1 X215.337 Y218.318 E28.8054
G1 X215.574 Y218.31 E28.81378
G1 X215.916 Y218.186 E28.82663
G1 X216.247 Y217.927 E28.84148
G1 X216.41 Y217.42 E28.86029
G1 X216.399 Y217.151 E28.8698
G1 X216.266 Y216.804 E28.88293
G1 X215.959 Y216.45 E28.89948
G1 X215.537 Y216.331 E28.91497
G1 X215.225 Y216.341 E28.926
G1 X214.745 Y216.541 E28.94436
G1 X214.51 Y216.889 E28.9592
G1 X214.39 Y217.313 E28.97476
G0 F11100 X212.662 Y217.294
G1 F1349.4 X212.762 Y217 E28.98573
G1 X212.712 Y216.57 E29.00103
G1 X212.912 Y216.334 E29.01196
G1 X213.036 Y216.081 E29.02191
G1 X213.078 Y215.769 E29.03303
G1 X213.34 Y215.605 E29.04395
G1 X213.545 Y215.382 E29.05465
G1 X213.69 Y215.119 E29.06526
G1 X214.099 Y214.996 E29.08035
G1 X214.445 Y214.696 E29.09652
G1 X214.771 Y214.712 E29.10805
G1 X215.032 Y214.66 E29.11745
G1 X215.31 Y214.526 E29.12836
G1 X215.652 Y214.658 E29.14131
G1 X215.883 Y214.674 E29.14949
G1 X216.191 Y214.632 E29.16047
G1 X216.384 Y214.816 E29.16989
G1 X216.679 Y214.954 E29.18139
G1 X216.987 Y215.002 E29.1924
G1 X217.121 Y215.237 E29.20196
G1 X217.361 Y215.462 E29.21358
G1 X217.627 Y215.606 E29.22427
G1 X217.679 Y215.867 E29.23367
G1 X217.834 Y216.146 E29.24494
G1 X218.033 Y216.347 E29.25493
G1 X218.018 Y216.651 E29.26569
G1 X218.067 Y216.919 E29.27531
G1 X218.209 Y217.219 E29.28703
G1 X218.094 Y217.492 E29.2975
G1 X218.062 Y217.809 E29.30875
G1 X218.102 Y218.102 E29.3192
G1 X217.92 Y218.3 E29.3287
G1 X217.822 Y218.487 E29.33616
G1 X217.75 Y218.869 E29.34989
G1 X217.485 Y219.033 E29.3609
G1 X217.327 Y219.191 E29.36879
G1 X217.131 Y219.536 E29.38281
G1 X216.847 Y219.599 E29.39309
G1 X216.592 Y219.74 E29.40338
G1 X216.388 Y219.942 E29.41352
G1 X216.056 Y219.932 E29.42526
G1 X215.786 Y219.987 E29.43499
G1 X215.527 Y220.121 E29.44529
G1 X215.182 Y219.987 E29.45837
G1 X214.934 Y219.97 E29.46715
G1 X214.659 Y220.021 E29.47703
G1 X214.44 Y219.828 E29.48734
G1 X214.214 Y219.713 E29.4963
G1 X213.857 Y219.652 E29.50909
G1 X213.705 Y219.404 E29.51937
G1 X213.467 Y219.182 E29.53086
G1 X213.201 Y219.037 E29.54157
G1 X213.134 Y218.727 E29.55277
G1 X212.932 Y218.423 E29.56566
G1 X212.789 Y218.282 E29.57276
G1 X212.804 Y217.959 E29.58418
G1 X212.751 Y217.692 E29.5938
G1 X212.62 Y217.419 E29.60449
G1 X212.662 Y217.294 E29.60915
G0 F11100 X213.31 Y218.656
G1 F1349.4 X214.143 Y219.489 E29.65077
G1 X214.217 Y219.563
G0 F11100 X215.015 Y219.767
G1 F1349.4 X212.965 Y217.717 E29.75318
G0 F11100 X212.952 Y217.109
G1 F1349.4 X215.659 Y219.817 E29.88844
G0 F11100 X216.161 Y219.725
G1 F1349.4 X214.755 Y218.319 E29.95868
G0 F11100 X214.343 Y217.907
G1 F1349.4 X212.995 Y216.559 E30.02603
G0 F11100 X213.212 Y216.182
G1 F1349.4 X214.212 Y217.181 E30.07596
G0 F11100 X214.369 Y216.745
G1 F1349.4 X213.424 Y215.8 E30.12317
G0 F11100 X213.717 Y215.499
G1 F1349.4 X214.605 Y216.387 E30.16753
G0 F11100 X215.015 Y216.203
G1 F1349.4 X214.041 Y215.229 E30.21619
G0 F11100 X214.41 Y215.004
G1 F1349.4 X215.536 Y216.13 E30.27244
G1 X215.61 Y216.204
G0 F11100 X215.368 Y214.774
G1 F1349.4 X217.932 Y217.338 E30.40054
G0 F11100 X217.858 Y217.858
G1 F1349.4 X214.902 Y214.902 E30.54821
G1 X214.828 Y214.828
G0 F11100 X216.052 Y214.864
G1 F1349.4 X217.81 Y216.622 E30.63604
G1 X217.884 Y216.696
G0 F11100 X216.609 Y217.203
G1 F1349.4 X217.693 Y218.287 E30.69019
G0 F11100 X217.555 Y218.743
G1 F1349.4 X216.544 Y217.732 E30.7407
G0 F11100 X216.338 Y218.12
G1 F1349.4 X217.22 Y219.002 E30.78476
G0 F11100 X216.976 Y219.352
G1 F1349.4 X216.001 Y218.376 E30.8335
G0 F11100 X215.549 Y218.519
G1 F1349.4 X216.555 Y219.525 E30.88376
G1 X216.629 Y219.599
G0 F11100 X216.479 Y219.455
;MESH:NONMESH
G0 F600 X216.479 Y219.455 Z1.2
G0 F11100 X214.229 Y216.137
;TIME_ELAPSED:41.409561
;LAYER:5
;note -- min layer time used
M204 S1750
;TYPE:FILL
;MESH:molette.stl
G1 F1129.4 X216.61 Y218.518 E31.01687
G1 X216.653 Y218.155 E31.03132
G1 X216.923 Y218.141 E31.04201
G1 X216.837 Y217.734 E31.05845
G1 X217.093 Y217.636 E31.06929
G1 X216.882 Y217.279 E31.08568
G1 X217.113 Y217.094 E31.09738
G1 X216.816 Y216.821 E31.11333
G1 X216.968 Y216.583 E31.12449
G1 X216.578 Y216.404 E31.14145
G1 X216.649 Y216.147 E31.15199
G1 X216.598 Y216.141 E31.15402
G1 X214.224 Y218.516 E31.28677
G1 X214.18 Y218.51 E31.28853
G1 X214.253 Y218.244 E31.29943
G1 X213.877 Y218.071 E31.31579
G1 X214.039 Y217.829 E31.3273
G1 X213.726 Y217.549 E31.34391
G1 X213.952 Y217.369 E31.35533
G1 X213.737 Y217.009 E31.3719
G1 X213.984 Y216.913 E31.38238
G1 X213.904 Y216.513 E31.3985
G1 X214.189 Y216.499 E31.40978
G1 X214.235 Y216.089 E31.42609
G1 X214.506 Y216.163 E31.4372
G1 X214.676 Y215.783 E31.45366
G1 X214.912 Y215.938 E31.46482
G1 X215.19 Y215.631 E31.48119
G1 X215.26 Y215.554
G0 F12075 X212.478 Y217.406
G0 X212.208 Y217.289
M204 S969
;TYPE:WALL-INNER
G1 F1129.4 X212.165 Y217.401 E31.48543
G1 X212.184 Y217.52 E31.48968
G1 X212.343 Y217.818 E31.50162
G1 X212.375 Y217.96 E31.50676
G1 X212.338 Y218.326 E31.51975
G1 X212.408 Y218.512 E31.52677
G1 X212.639 Y218.728 E31.53795
G1 X212.745 Y218.92 E31.54569
G1 X212.799 Y219.231 E31.55684
G1 X212.93 Y219.389 E31.56409
G1 X213.209 Y219.523 E31.57503
G1 X213.361 Y219.665 E31.58238
G1 X213.552 Y219.983 E31.59548
G1 X213.69 Y220.054 E31.60096
G1 X214 Y220.096 E31.61201
G1 X214.189 Y220.184 E31.61938
G1 X214.418 Y220.4 E31.6305
G1 X214.616 Y220.452 E31.63773
G1 X214.927 Y220.398 E31.64888
G1 X215.203 Y220.449 E31.6588
G1 X215.487 Y220.573 E31.66974
G1 X215.612 Y220.553 E31.67421
G1 X215.908 Y220.394 E31.68608
G1 X216.105 Y220.358 E31.69316
G1 X216.42 Y220.4 E31.70438
G1 X216.61 Y220.324 E31.71161
G1 X216.933 Y220.03 E31.72704
G1 X217.368 Y219.916 E31.74293
G1 X217.477 Y219.807 E31.74837
G1 X217.614 Y219.524 E31.75948
G1 X217.75 Y219.376 E31.76658
G1 X218.1 Y219.156 E31.78118
G1 X218.173 Y218.809 E31.79371
G1 X218.278 Y218.549 E31.80362
G1 X218.493 Y218.319 E31.81474
G1 X218.546 Y218.121 E31.82198
G1 X218.49 Y217.812 E31.83307
G1 X218.541 Y217.533 E31.84309
G1 X218.664 Y217.249 E31.85402
G1 X218.643 Y217.119 E31.85868
G1 X218.461 Y216.738 E31.87359
G1 X218.488 Y216.268 E31.89022
G1 X218.417 Y216.129 E31.89574
G1 X218.122 Y215.806 E31.91119
G1 X218.032 Y215.414 E31.9254
G1 X217.899 Y215.259 E31.93261
G1 X217.615 Y215.121 E31.94377
G1 X217.46 Y214.975 E31.95129
G1 X217.325 Y214.728 E31.96123
G1 X217.178 Y214.602 E31.96807
G1 X216.732 Y214.516 E31.98412
G1 X216.409 Y214.241 E31.9991
G1 X216.213 Y214.192 E32.00624
G1 X215.901 Y214.246 E32.01743
G1 X215.707 Y214.223 E32.02433
G1 X215.338 Y214.074 E32.03838
G1 X215.221 Y214.091 E32.04256
G1 X214.879 Y214.264 E32.0561
G1 X214.727 Y214.286 E32.06153
G1 X214.407 Y214.246 E32.07292
G1 X214.22 Y214.323 E32.08006
G1 X213.96 Y214.578 E32.09293
G1 X213.46 Y214.728 E32.11137
G1 X213.351 Y214.84 E32.11689
G1 X213.213 Y215.122 E32.12798
G1 X213.067 Y215.277 E32.1355
G1 X212.817 Y215.411 E32.14552
G1 X212.696 Y215.554 E32.15214
G1 X212.645 Y215.9 E32.16449
G1 X212.583 Y216.05 E32.17023
G1 X212.335 Y216.323 E32.18326
G1 X212.284 Y216.52 E32.19044
G1 X212.335 Y216.96 E32.20609
G1 X212.208 Y217.289 E32.21855
M204 S1750
G0 F12075 X211.757 Y217.285
M204 S969
;TYPE:WALL-OUTER
G1 F1129.4 X211.751 Y217.299 E32.21909
G1 X211.787 Y217.672 E32.23233
G1 X211.956 Y217.995 E32.2452
G1 X211.913 Y218.322 E32.25685
G1 X211.943 Y218.53 E32.26428
G1 X212.072 Y218.776 E32.27409
G1 X212.341 Y219.039 E32.28738
G1 X212.392 Y219.357 E32.29876
G1 X212.477 Y219.528 E32.3055
G1 X212.686 Y219.74 E32.31602
G1 X213.027 Y219.92 E32.32964
G1 X213.169 Y220.192 E32.34048
G1 X213.299 Y220.325 E32.34705
G1 X213.566 Y220.463 E32.35767
G1 X213.888 Y220.501 E32.36912
G1 X214.166 Y220.744 E32.38216
G1 X214.349 Y220.837 E32.38942
G1 X214.626 Y220.878 E32.39931
G1 X215.009 Y220.825 E32.41297
G1 X215.389 Y220.988 E32.42757
G1 X215.764 Y220.949 E32.44089
G1 X216.064 Y220.785 E32.45297
G1 X216.418 Y220.826 E32.46556
G1 X216.617 Y220.794 E32.47268
G1 X216.87 Y220.662 E32.48276
G1 X217.089 Y220.427 E32.49411
G1 X217.448 Y220.345 E32.50712
G1 X217.616 Y220.262 E32.51373
G1 X217.828 Y220.05 E32.52433
G1 X217.964 Y219.756 E32.53577
G1 X218.362 Y219.497 E32.55254
G1 X218.465 Y219.374 E32.55821
G1 X218.572 Y219.105 E32.56844
G1 X218.608 Y218.812 E32.57887
G1 X218.836 Y218.57 E32.59061
G1 X218.929 Y218.389 E32.5978
G1 X218.974 Y218.11 E32.60778
G1 X218.917 Y217.727 E32.62146
G1 X219.08 Y217.347 E32.63607
G1 X219.038 Y216.963 E32.64971
G1 X218.87 Y216.625 E32.66305
G1 X218.919 Y216.317 E32.67407
G1 X218.893 Y216.14 E32.68038
G1 X218.757 Y215.87 E32.69106
G1 X218.519 Y215.651 E32.70249
G1 X218.437 Y215.288 E32.71564
G1 X218.355 Y215.12 E32.72224
G1 X218.142 Y214.908 E32.73286
G1 X217.847 Y214.771 E32.74435
G1 X217.663 Y214.464 E32.75699
G1 X217.39 Y214.23 E32.76969
G1 X216.903 Y214.131 E32.78725
G1 X216.661 Y213.899 E32.79909
G1 X216.482 Y213.807 E32.8062
G1 X216.202 Y213.766 E32.8162
G1 X215.819 Y213.819 E32.82985
G1 X215.438 Y213.66 E32.84444
G1 X215.284 Y213.648 E32.8499
G1 X215.069 Y213.695 E32.85767
G1 X214.768 Y213.859 E32.86978
G1 X214.41 Y213.821 E32.8825
G1 X214.229 Y213.848 E32.88896
G1 X213.962 Y213.983 E32.89953
G1 X213.742 Y214.217 E32.91088
G1 X213.376 Y214.303 E32.92416
G1 X213.212 Y214.382 E32.93059
G1 X213 Y214.598 E32.94128
G1 X212.815 Y214.941 E32.95505
G1 X212.553 Y215.073 E32.96541
G1 X212.323 Y215.345 E32.97799
G1 X212.26 Y215.533 E32.985
G1 X212.239 Y215.791 E32.99414
G1 X211.992 Y216.071 E33.00733
G1 X211.899 Y216.257 E33.01468
G1 X211.858 Y216.533 E33.02453
G1 X211.922 Y216.85 E33.03596
G1 X211.757 Y217.285 E33.05239
M204 S1750
G0 F12075 X211.751 Y217.299
G0 X211.768 Y217.483
G0 X212.459 Y217.44
G0 X213.322 Y217.301
;TYPE:SKIN
G1 F806.7 X213.249 Y217.368 E33.05729
G1 F808.1 X213.201 Y217.482 E33.0634
G1 F806.7 X213.286 Y217.755 E33.07754
G1 F804 X213.451 Y217.902 E33.08851
G1 F806.7 X213.359 Y218.14 E33.10113
G1 F809.5 X213.527 Y218.397 E33.11626
G1 X213.724 Y218.489 E33.12698
G1 F812.2 X213.716 Y218.741 E33.13936
G1 X213.951 Y218.927 E33.15408
G1 F809.5 X214.167 Y218.954 E33.16481
G1 F812.2 X214.235 Y219.193 E33.17702
G1 X214.52 Y219.3 E33.19197
G1 F809.5 X214.73 Y219.258 E33.20253
G1 F812.2 X214.87 Y219.462 E33.21468
G1 F810.9 X215.167 Y219.475 E33.22931
G1 F808.1 X215.353 Y219.364 E33.24
G1 X215.471 Y219.491 E33.24856
G1 F802.6 X215.703 Y219.538 E33.26033
G1 F797.2 X215.821 Y219.481 E33.26688
G1 X215.999 Y219.289 E33.27999
G1 F801.3 X216.229 Y219.378 E33.29227
G1 F809.5 X216.494 Y219.205 E33.30786
G1 F813.6 X216.581 Y219.012 E33.31825
G1 F817.8 X216.832 Y219.023 E33.3305
G1 F819.3 X217.02 Y218.788 E33.34516
G1 F817.8 X217.047 Y218.575 E33.35563
G1 F820.7 X217.291 Y218.5 E33.36804
G1 F817.8 X217.391 Y218.224 E33.38236
G1 F812.2 X217.347 Y218.012 E33.393
G1 F815 X217.558 Y217.866 E33.40556
G1 X217.569 Y217.572 E33.41996
G1 F810.9 X217.457 Y217.383 E33.43077
G1 X217.585 Y217.266 E33.4393
G1 F815 X217.627 Y217.165 E33.44466
G1 F812.2 X217.55 Y216.888 E33.45878
G1 F805.4 X217.391 Y216.743 E33.46944
G1 F809.5 X217.479 Y216.51 E33.48171
G1 F812.2 X217.303 Y216.247 E33.49726
G1 X217.105 Y216.156 E33.50796
G1 X217.111 Y215.909 E33.5201
G1 F810.9 X216.878 Y215.724 E33.53474
G1 F808.1 X216.661 Y215.702 E33.54551
G1 X216.64 Y215.534 E33.55386
G1 F809.5 X216.584 Y215.445 E33.55905
G1 F810.9 X216.311 Y215.348 E33.5733
G1 F809.5 X216.102 Y215.393 E33.58384
G1 X216.035 Y215.249 E33.59167
G1 F810.9 X215.947 Y215.172 E33.59742
G1 F809.5 X215.66 Y215.165 E33.61157
G1 F806.7 X215.474 Y215.271 E33.62216
G1 X215.365 Y215.155 E33.63003
G1 F809.5 X215.26 Y215.111 E33.63564
G1 F804 X214.981 Y215.188 E33.65001
G1 F794.6 X214.837 Y215.35 E33.66089
G1 F801.3 X214.603 Y215.262 E33.67334
G1 F808.1 X214.342 Y215.433 E33.68874
G1 F809.5 X214.254 Y215.633 E33.69951
G1 F812.2 X214 Y215.624 E33.712
G1 F813.6 X213.814 Y215.856 E33.72658
G1 F812.2 X213.789 Y216.071 E33.73721
G1 X213.622 Y216.092 E33.74548
G1 F815 X213.534 Y216.145 E33.75051
G1 X213.434 Y216.424 E33.76501
G1 F813.6 X213.476 Y216.635 E33.77556
G1 F815 X213.267 Y216.781 E33.78804
G1 F809.5 X213.257 Y217.073 E33.80244
G1 F805.4 X213.368 Y217.26 E33.81322
G1 F806.7 X213.322 Y217.301 E33.81626
G0 F12075 X212.653 Y217.294
G1 F806.7 X212.722 Y217.111 E33.82594
G1 F809.5 X212.719 Y216.523 E33.85492
G1 F815 X212.903 Y216.322 E33.86826
G1 X213.061 Y215.89 E33.89077
G1 F817.8 X213.077 Y215.745 E33.89789
G1 F815 X213.333 Y215.597 E33.91237
G1 F813.6 X213.645 Y215.206 E33.93689
G1 F815 X213.71 Y215.092 E33.94332
G1 F812.2 X213.97 Y215.038 E33.95636
G1 F808.1 X214.402 Y214.75 E33.982
G1 F806.7 X214.49 Y214.67 E33.98788
G1 F801.3 X214.776 Y214.683 E34.00213
G1 F804 X215.312 Y214.511 E34.03007
G1 F809.5 X215.62 Y214.629 E34.04632
G1 X216.203 Y214.625 E34.07506
G1 F810.9 X216.413 Y214.813 E34.08893
G1 X216.985 Y214.988 E34.11836
G1 F809.5 X217.136 Y215.239 E34.1328
G1 F810.9 X217.643 Y215.616 E34.16388
G1 F812.2 X217.696 Y215.875 E34.17687
G1 X217.986 Y216.31 E34.20255
G1 F813.6 X218.067 Y216.399 E34.20845
G1 F809.5 X218.049 Y216.692 E34.22292
G1 F812.2 X218.225 Y217.221 E34.2503
G1 F815 X218.109 Y217.506 E34.26537
G1 X218.105 Y218.118 E34.29533
G1 X217.926 Y218.32 E34.30854
G1 F817.8 X217.74 Y218.896 E34.33807
G1 F820.7 X217.49 Y219.05 E34.35234
G1 F819.3 X217.118 Y219.553 E34.38281
G1 F817.8 X216.861 Y219.605 E34.3956
G1 F809.5 X216.426 Y219.89 E34.42123
G1 F805.4 X216.336 Y219.972 E34.42726
G1 F801.3 X215.842 Y219.973 E34.45186
G1 F806.7 X215.513 Y220.131 E34.46991
G1 F812.2 X215.231 Y220.016 E34.48487
G1 F810.9 X214.613 Y220.012 E34.51528
G1 F812.2 X214.416 Y219.834 E34.52832
G1 X213.947 Y219.657 E34.55294
G1 F815 X213.818 Y219.63 E34.55939
G1 F812.2 X213.688 Y219.403 E34.57224
G1 X213.185 Y219.028 E34.60306
G1 X213.132 Y218.771 E34.61595
G1 F809.5 X212.852 Y218.346 E34.64103
G1 X212.763 Y218.251 E34.64745
G1 F806.7 X212.791 Y217.955 E34.66215
G1 X212.601 Y217.43 E34.68977
G1 F809.5 X212.653 Y217.294 E34.69694
G0 F12075 X212.84 Y217.374
;MESH:NONMESH
G0 F600 X212.84 Y217.374 Z1.4
G0 F12075 X213.48 Y215.388
;TIME_ELAPSED:47.705707
;LAYER:6
;note -- min layer time used
M204 S2000
;TYPE:FILL
;MESH:molette.stl
G1 F818 X217.343 Y219.251 E34.91291
G1 X217.509 Y219.086 E34.92216
G1 X217.761 Y218.929 E34.9339
G1 X217.819 Y218.631 E34.9459
G1 X217.95 Y218.356 E34.95794
G1 X218.149 Y218.12 E34.97014
G1 X218.102 Y217.765 E34.9843
G1 X218.149 Y217.498 E34.99501
G1 X218.259 Y217.261 E35.00534
G1 X218.079 Y216.789 E35.02531
G1 X218.105 Y216.399 E35.04076
G1 X217.894 Y216.164 E35.05325
G1 X217.73 Y215.864 E35.06677
G1 X217.682 Y215.607 E35.0771
G1 X217.342 Y215.397 E35.0929
G1 X213.486 Y219.253 E35.30847
G1 X213.158 Y219.069 E35.32334
G1 X213.095 Y218.789 E35.33468
G1 X212.981 Y218.554 E35.34501
G1 X212.736 Y218.273 E35.35974
G1 X212.757 Y217.915 E35.37392
G1 X212.696 Y217.651 E35.38463
G1 X212.573 Y217.372 E35.39669
G1 X212.679 Y217.137 E35.40688
G1 X212.72 Y216.814 E35.41975
G1 X212.694 Y216.497 E35.43232
G1 X212.871 Y216.305 E35.44264
G1 X213.015 Y216.004 E35.45584
G1 X213.082 Y215.698 E35.46822
G1 X213.311 Y215.568 E35.47863
G1 X213.541 Y215.325 E35.49185
G1 X213.701 Y215.054 E35.5043
G1 X213.949 Y215.006 E35.51428
G1 X214.184 Y214.891 E35.52462
G1 X214.464 Y214.645 E35.53936
G1 X214.756 Y214.669 E35.55094
G1 X215.075 Y214.608 E35.56378
G1 X215.361 Y214.481 E35.57615
G1 X215.456 Y214.439
G0 F13050 X212.392 Y217.394
G0 X212.133 Y217.289
M204 S1062
;TYPE:WALL-INNER
G1 F818 X212.102 Y217.362 E35.57895
G1 X212.121 Y217.51 E35.58422
G1 X212.291 Y217.847 E35.59756
G1 X212.314 Y218.001 E35.60306
G1 X212.278 Y218.402 E35.61728
G1 X212.379 Y218.567 E35.62411
G1 X212.606 Y218.798 E35.63555
G1 X212.729 Y219.22 E35.65108
G1 X212.831 Y219.388 E35.65802
G1 X213.154 Y219.559 E35.67093
G1 X213.356 Y219.778 E35.68146
G1 X213.504 Y220.031 E35.69181
G1 X213.632 Y220.098 E35.69692
G1 X213.962 Y220.151 E35.70872
G1 X214.142 Y220.237 E35.71577
G1 X214.432 Y220.489 E35.72934
G1 X214.574 Y220.515 E35.73444
G1 X214.955 Y220.458 E35.74805
G1 X215.205 Y220.522 E35.75717
G1 X215.408 Y220.629 E35.76527
G1 X215.601 Y220.619 E35.7721
G1 X215.897 Y220.463 E35.78392
G1 X216.089 Y220.426 E35.79083
G1 X216.457 Y220.455 E35.80387
G1 X216.585 Y220.41 E35.80866
G1 X216.934 Y220.106 E35.82501
G1 X217.342 Y220.005 E35.83986
G1 X217.505 Y219.871 E35.84731
G1 X217.654 Y219.578 E35.85893
G1 X217.786 Y219.436 E35.86577
G1 X218.142 Y219.211 E35.88065
G1 X218.204 Y219.064 E35.88629
G1 X218.227 Y218.845 E35.89407
G1 X218.324 Y218.601 E35.90334
G1 X218.58 Y218.3 E35.9173
G1 X218.609 Y218.177 E35.92176
G1 X218.55 Y217.78 E35.93594
G1 X218.576 Y217.63 E35.94132
G1 X218.721 Y217.327 E35.95319
G1 X218.708 Y217.134 E35.96002
G1 X218.555 Y216.838 E35.97179
G1 X218.518 Y216.638 E35.97898
G1 X218.552 Y216.258 E35.99245
G1 X218.488 Y216.127 E35.9976
G1 X218.252 Y215.898 E36.00922
G1 X218.152 Y215.715 E36.01659
G1 X218.094 Y215.389 E36.02828
G1 X217.965 Y215.233 E36.03543
G1 X217.67 Y215.086 E36.04708
G1 X217.528 Y214.953 E36.05395
G1 X217.316 Y214.604 E36.06838
G1 X217.158 Y214.535 E36.07447
G1 X216.94 Y214.514 E36.0822
G1 X216.686 Y214.411 E36.09189
G1 X216.398 Y214.156 E36.10547
G1 X216.257 Y214.132 E36.11053
G1 X215.924 Y214.186 E36.12244
G1 X215.724 Y214.16 E36.12957
G1 X215.373 Y214.01 E36.14305
G1 X215.229 Y214.029 E36.14818
G1 X214.884 Y214.2 E36.16179
G1 X214.327 Y214.19 E36.18147
G1 X213.898 Y214.542 E36.20107
G1 X213.485 Y214.641 E36.21607
G1 X213.325 Y214.771 E36.22335
G1 X213.178 Y215.066 E36.235
G1 X213.038 Y215.214 E36.24219
G1 X212.706 Y215.414 E36.25589
G1 X212.639 Y215.539 E36.2609
G1 X212.59 Y215.868 E36.27265
G1 X212.444 Y216.123 E36.28303
G1 X212.251 Y216.342 E36.29334
G1 X212.224 Y216.49 E36.29865
G1 X212.274 Y216.814 E36.31023
G1 X212.248 Y217.012 E36.31729
G1 X212.133 Y217.289 E36.32788
M204 S2000
G0 F13050 X211.689 Y217.284
M204 S1062
;TYPE:WALL-OUTER
G1 F818 X211.677 Y217.35 E36.33025
G1 X211.715 Y217.644 E36.34073
G1 X211.887 Y217.962 E36.3535
G1 X211.853 Y218.432 E36.37014
G1 X211.888 Y218.573 E36.37528
G1 X212.055 Y218.842 E36.38646
G1 X212.244 Y219.013 E36.39546
G1 X212.329 Y219.369 E36.40839
G1 X212.512 Y219.673 E36.42093
G1 X212.961 Y219.943 E36.43944
G1 X213.118 Y220.233 E36.45109
G1 X213.246 Y220.37 E36.45771
G1 X213.502 Y220.504 E36.46792
G1 X213.904 Y220.583 E36.48239
G1 X214.128 Y220.802 E36.49346
G1 X214.291 Y220.891 E36.50002
G1 X214.578 Y220.942 E36.51031
G1 X214.962 Y220.88 E36.52405
G1 X215.27 Y221.031 E36.53617
G1 X215.449 Y221.063 E36.54259
G1 X215.736 Y221.025 E36.55282
G1 X216.04 Y220.858 E36.56507
G1 X216.509 Y220.882 E36.58166
G1 X216.811 Y220.776 E36.59297
G1 X217.165 Y220.462 E36.60969
G1 X217.471 Y220.409 E36.62066
G1 X217.634 Y220.329 E36.62707
G1 X217.851 Y220.122 E36.63767
G1 X218.034 Y219.776 E36.65149
G1 X218.406 Y219.549 E36.66689
G1 X218.503 Y219.435 E36.67217
G1 X218.617 Y219.168 E36.68243
G1 X218.647 Y218.89 E36.69231
G1 X218.948 Y218.518 E36.70921
G1 X219.035 Y218.163 E36.72212
G1 X218.97 Y217.792 E36.73543
G1 X219.123 Y217.466 E36.74815
G1 X219.154 Y217.295 E36.75429
G1 X219.113 Y217 E36.76481
G1 X218.938 Y216.629 E36.7793
G1 X218.983 Y216.32 E36.79033
G1 X218.96 Y216.137 E36.79685
G1 X218.832 Y215.872 E36.80724
G1 X218.549 Y215.577 E36.82168
G1 X218.5 Y215.263 E36.83291
G1 X218.421 Y215.102 E36.83925
G1 X218.215 Y214.886 E36.84979
G1 X217.892 Y214.728 E36.86249
G1 X217.641 Y214.33 E36.87912
G1 X217.532 Y214.237 E36.88418
G1 X217.26 Y214.123 E36.8946
G1 X216.959 Y214.085 E36.90531
G1 X216.699 Y213.842 E36.91788
G1 X216.538 Y213.754 E36.92437
G1 X216.254 Y213.706 E36.93454
G1 X215.844 Y213.758 E36.94914
G1 X215.563 Y213.618 E36.96023
G1 X215.383 Y213.585 E36.96669
G1 X215.095 Y213.623 E36.97696
G1 X214.788 Y213.79 E36.9893
G1 X214.308 Y213.761 E37.00629
G1 X214.16 Y213.8 E37.0117
G1 X213.898 Y213.962 E37.02258
G1 X213.666 Y214.187 E37.034
G1 X213.359 Y214.235 E37.04497
G1 X213.19 Y214.319 E37.05164
G1 X212.978 Y214.521 E37.06198
G1 X212.784 Y214.88 E37.0764
G1 X212.506 Y215.026 E37.08749
G1 X212.369 Y215.154 E37.09411
G1 X212.232 Y215.409 E37.10434
G1 X212.166 Y215.799 E37.11831
G1 X211.939 Y216.035 E37.12988
G1 X211.849 Y216.202 E37.13658
G1 X211.798 Y216.489 E37.14688
G1 X211.846 Y216.892 E37.16122
G1 X211.71 Y217.175 E37.17231
G1 X211.689 Y217.284 E37.17623
M204 S2000
G0 F13050 X211.677 Y217.35
G0 X211.694 Y217.482
G0 X212.769 Y217.365
;MESH:NONMESH
G0 F600 X212.769 Y217.365 Z1.6
G0 F13050 X213.447 Y215.355
;TIME_ELAPSED:53.006715
;LAYER:7
;note -- min layer time used
M204 S2250
;TYPE:FILL
;MESH:molette.stl
G1 F829.7 X217.379 Y219.287 E37.39605
G1 X217.797 Y218.959 E37.41705
G1 X217.844 Y218.693 E37.42773
G1 X217.984 Y218.389 E37.44096
G1 X218.187 Y218.153 E37.45327
G1 X218.148 Y217.779 E37.46813
G1 X218.194 Y217.518 E37.47861
G1 X218.305 Y217.279 E37.48903
G1 X218.179 Y216.985 E37.50167
G1 X218.119 Y216.67 E37.51435
G1 X218.144 Y216.367 E37.52637
G1 X217.932 Y216.135 E37.53879
G1 X217.786 Y215.86 E37.5511
G1 X217.71 Y215.559 E37.56337
G1 X217.382 Y215.357 E37.5786
G1 X213.456 Y219.283 E37.79808
G1 X213.116 Y219.083 E37.81368
G1 X213.045 Y218.786 E37.82575
G1 X212.937 Y218.566 E37.83544
G1 X212.687 Y218.284 E37.85033
G1 X212.713 Y217.98 E37.8624
G1 X212.657 Y217.67 E37.87485
G1 X212.522 Y217.383 E37.88739
G1 X212.672 Y216.981 E37.90435
G1 X212.635 Y216.514 E37.92287
G1 X212.827 Y216.279 E37.93486
G1 X213.001 Y215.874 E37.95229
G1 X213.037 Y215.677 E37.9602
G1 X213.301 Y215.513 E37.97249
G1 X213.528 Y215.268 E37.98569
G1 X213.651 Y215.013 E37.99689
G1 X213.921 Y214.964 E38.00773
G1 X214.138 Y214.868 E38.01711
G1 X214.458 Y214.593 E38.03379
G1 X214.849 Y214.613 E38.04927
G1 X215.365 Y214.429 E38.07093
G1 X215.463 Y214.394
G0 F14025 X212.35 Y217.404
G0 X212.084 Y217.288
M204 S1156
;TYPE:WALL-INNER
G1 F829.7 X212.054 Y217.361 E38.07371
G1 X212.087 Y217.549 E38.08046
G1 X212.26 Y217.924 E38.09505
G1 X212.231 Y218.419 E38.11256
G1 X212.324 Y218.569 E38.1188
G1 X212.484 Y218.712 E38.12638
G1 X212.625 Y218.937 E38.13576
G1 X212.715 Y219.321 E38.14969
G1 X212.841 Y219.455 E38.15619
G1 X213.159 Y219.615 E38.16876
G1 X213.485 Y220.078 E38.18877
G1 X213.646 Y220.147 E38.19495
G1 X213.916 Y220.18 E38.20456
G1 X214.102 Y220.266 E38.2118
G1 X214.399 Y220.524 E38.2257
G1 X214.492 Y220.555 E38.22916
G1 X214.939 Y220.502 E38.24506
G1 X215.455 Y220.688 E38.26444
G1 X215.645 Y220.648 E38.2713
G1 X215.825 Y220.543 E38.27866
G1 X216.082 Y220.478 E38.28802
G1 X216.492 Y220.511 E38.30256
G1 X216.658 Y220.415 E38.30933
G1 X216.94 Y220.153 E38.32293
G1 X217.414 Y220.022 E38.3403
G1 X217.548 Y219.898 E38.34675
G1 X217.707 Y219.577 E38.3594
G1 X217.825 Y219.466 E38.36513
G1 X218.029 Y219.363 E38.3732
G1 X218.186 Y219.218 E38.38075
G1 X218.272 Y218.82 E38.39513
G1 X218.409 Y218.57 E38.4052
G1 X218.543 Y218.448 E38.4116
G1 X218.646 Y218.245 E38.41965
G1 X218.594 Y217.799 E38.43551
G1 X218.621 Y217.651 E38.44082
G1 X218.766 Y217.346 E38.45275
G1 X218.756 Y217.138 E38.46011
G1 X218.572 Y216.724 E38.47611
G1 X218.601 Y216.241 E38.49321
G1 X218.507 Y216.078 E38.49985
G1 X218.254 Y215.812 E38.51282
G1 X218.134 Y215.352 E38.52961
G1 X218.043 Y215.23 E38.53499
G1 X217.672 Y215.031 E38.54986
G1 X217.35 Y214.566 E38.56984
G1 X217.186 Y214.499 E38.5761
G1 X216.973 Y214.478 E38.58366
G1 X216.712 Y214.368 E38.59367
G1 X216.399 Y214.104 E38.60813
G1 X216.226 Y214.089 E38.61427
G1 X215.953 Y214.142 E38.62409
G1 X215.739 Y214.115 E38.63171
G1 X215.387 Y213.961 E38.64528
G1 X215.228 Y213.982 E38.65095
G1 X214.888 Y214.149 E38.66433
G1 X214.322 Y214.139 E38.68433
G1 X214.171 Y214.232 E38.69059
G1 X213.929 Y214.471 E38.70261
G1 X213.785 Y214.539 E38.70823
G1 X213.444 Y214.606 E38.72051
G1 X213.283 Y214.75 E38.72814
G1 X213.157 Y215.018 E38.7386
G1 X213.021 Y215.165 E38.74568
G1 X212.683 Y215.373 E38.7597
G1 X212.59 Y215.539 E38.76642
G1 X212.568 Y215.768 E38.77454
G1 X212.455 Y216.031 E38.78466
G1 X212.228 Y216.273 E38.79638
G1 X212.184 Y216.404 E38.80126
G1 X212.233 Y216.774 E38.81444
G1 X212.21 Y216.985 E38.82194
G1 X212.084 Y217.288 E38.83353
M204 S2250
G0 F14025 X211.64 Y217.259
M204 S1156
;TYPE:WALL-OUTER
G1 F829.7 X211.638 Y217.283 E38.83438
G1 X211.628 Y217.416 E38.8391
G1 X211.693 Y217.711 E38.84977
G1 X211.835 Y217.947 E38.8595
G1 X211.805 Y218.434 E38.87673
G1 X211.837 Y218.579 E38.88198
G1 X211.999 Y218.843 E38.89292
G1 X212.201 Y219.026 E38.90255
G1 X212.321 Y219.491 E38.91951
G1 X212.455 Y219.686 E38.92787
G1 X212.627 Y219.821 E38.9356
G1 X212.906 Y219.952 E38.94648
G1 X213.016 Y220.174 E38.95524
G1 X213.261 Y220.439 E38.96799
G1 X213.544 Y220.561 E38.97887
G1 X213.804 Y220.585 E38.9881
G1 X214.184 Y220.894 E39.0054
G1 X214.428 Y220.977 E39.0145
G1 X214.964 Y220.93 E39.03351
G1 X215.352 Y221.101 E39.04849
G1 X215.503 Y221.112 E39.05384
G1 X215.804 Y221.042 E39.06475
G1 X216.051 Y220.904 E39.07475
G1 X216.524 Y220.935 E39.09149
G1 X216.67 Y220.899 E39.09681
G1 X216.931 Y220.741 E39.10758
G1 X217.145 Y220.52 E39.11845
G1 X217.583 Y220.415 E39.13436
G1 X217.779 Y220.284 E39.14269
G1 X218.072 Y219.806 E39.16249
G1 X218.257 Y219.723 E39.16966
G1 X218.536 Y219.467 E39.18303
G1 X218.653 Y219.196 E39.19346
G1 X218.677 Y218.932 E39.20283
G1 X218.863 Y218.728 E39.21258
G1 X219.027 Y218.466 E39.2235
G1 X219.074 Y218.263 E39.23086
G1 X219.014 Y217.823 E39.24654
G1 X219.167 Y217.486 E39.25962
G1 X219.202 Y217.305 E39.26613
G1 X219.161 Y217.004 E39.27686
G1 X218.998 Y216.703 E39.28895
G1 X219.027 Y216.211 E39.30637
G1 X218.991 Y216.066 E39.31164
G1 X218.833 Y215.805 E39.32242
G1 X218.601 Y215.566 E39.33419
G1 X218.514 Y215.163 E39.34875
G1 X218.273 Y214.874 E39.36204
G1 X217.911 Y214.681 E39.37654
G1 X217.684 Y214.301 E39.39217
G1 X217.572 Y214.205 E39.39738
G1 X217.288 Y214.087 E39.40825
G1 X216.994 Y214.049 E39.41872
G1 X216.813 Y213.868 E39.42776
G1 X216.498 Y213.691 E39.44053
G1 X216.196 Y213.665 E39.45123
G1 X215.934 Y213.722 E39.46071
G1 X215.579 Y213.569 E39.47436
G1 X215.398 Y213.537 E39.48085
G1 X215.095 Y213.576 E39.49165
G1 X214.795 Y213.738 E39.50369
G1 X214.303 Y213.713 E39.52109
G1 X214.161 Y213.745 E39.52624
G1 X213.897 Y213.907 E39.53718
G1 X213.735 Y214.091 E39.54584
G1 X213.255 Y214.226 E39.56345
G1 X213.053 Y214.364 E39.57209
G1 X212.919 Y214.533 E39.57971
G1 X212.807 Y214.785 E39.58945
G1 X212.399 Y215.053 E39.6067
G1 X212.254 Y215.24 E39.61506
G1 X212.176 Y215.447 E39.62287
G1 X212.129 Y215.764 E39.63419
G1 X211.85 Y216.081 E39.64911
G1 X211.763 Y216.338 E39.6587
G1 X211.812 Y216.846 E39.67672
G1 X211.64 Y217.259 E39.69253
M204 S2250
G0 F14025 X211.638 Y217.283
G0 X211.628 Y217.416
G0 X211.637 Y217.458
G0 X212.712 Y217.401
;MESH:NONMESH
G0 F600 X212.712 Y217.401 Z1.8
G0 F14025 X213.417 Y215.325
;TIME_ELAPSED:58.296928
;LAYER:8
;note -- min layer time used
M204 S2500
;TYPE:FILL
;MESH:molette.stl
G1 F839.2 X217.416 Y219.323 E39.91607
G1 X217.56 Y219.155 E39.92481
G1 X217.802 Y219.021 E39.93575
G1 X217.88 Y218.696 E39.94896
G1 X218.033 Y218.387 E39.96259
G1 X218.219 Y218.174 E39.97377
G1 X218.183 Y217.889 E39.98513
G1 X218.231 Y217.532 E39.99937
G1 X218.339 Y217.257 E40.01105
G1 X218.221 Y217.003 E40.02212
G1 X218.158 Y216.659 E40.03594
G1 X218.191 Y216.389 E40.04669
G1 X217.976 Y216.139 E40.05973
G1 X217.822 Y215.858 E40.0724
G1 X217.753 Y215.561 E40.08445
G1 X217.423 Y215.316 E40.1007
G1 X213.424 Y219.316 E40.32429
G1 X213.065 Y219.07 E40.3415
G1 X213.015 Y218.801 E40.35231
G1 X212.856 Y218.504 E40.36563
G1 X212.645 Y218.265 E40.37823
G1 X212.673 Y217.99 E40.38916
G1 X212.637 Y217.723 E40.39981
G1 X212.488 Y217.425 E40.41298
G1 X212.605 Y217.079 E40.42742
G1 X212.645 Y216.76 E40.44013
G1 X212.606 Y216.464 E40.45193
G1 X212.909 Y216.079 E40.4713
G1 X213.009 Y215.65 E40.48871
G1 X213.285 Y215.482 E40.50148
G1 X213.554 Y215.163 E40.51798
G1 X213.648 Y214.985 E40.52594
G1 X213.954 Y214.912 E40.53837
G1 X214.23 Y214.762 E40.55079
G1 X214.479 Y214.546 E40.56382
G1 X214.839 Y214.58 E40.57812
G1 X215.374 Y214.391 E40.60055
G1 X215.473 Y214.356
G0 F15000 X212.308 Y217.405
G0 X212.04 Y217.288
M204 S1250
;TYPE:WALL-INNER
G1 F839.2 X212.024 Y217.327 E40.60204
G1 X212.04 Y217.525 E40.60905
G1 X212.217 Y217.896 E40.62357
G1 X212.192 Y218.393 E40.64115
G1 X212.254 Y218.529 E40.64643
G1 X212.496 Y218.767 E40.65842
G1 X212.574 Y218.9 E40.66387
G1 X212.651 Y219.283 E40.67767
G1 X212.781 Y219.446 E40.68504
G1 X213.087 Y219.601 E40.69715
G1 X213.242 Y219.754 E40.70485
G1 X213.405 Y220.059 E40.71706
G1 X213.501 Y220.133 E40.72134
G1 X213.996 Y220.249 E40.7393
G1 X214.275 Y220.493 E40.7524
G1 X214.456 Y220.586 E40.75959
G1 X214.861 Y220.538 E40.77399
G1 X215.079 Y220.568 E40.78177
G1 X215.39 Y220.714 E40.7939
G1 X215.569 Y220.714 E40.80023
G1 X215.877 Y220.55 E40.81255
G1 X216.082 Y220.51 E40.81993
G1 X216.505 Y220.547 E40.83493
G1 X216.661 Y220.454 E40.84135
G1 X216.803 Y220.294 E40.8489
G1 X217.032 Y220.15 E40.85846
G1 X217.442 Y220.054 E40.87334
G1 X217.57 Y219.913 E40.88006
G1 X217.73 Y219.61 E40.89217
G1 X218.175 Y219.306 E40.91121
G1 X218.251 Y219.17 E40.91671
G1 X218.304 Y218.836 E40.92866
G1 X218.399 Y218.643 E40.93625
G1 X218.585 Y218.462 E40.94542
G1 X218.673 Y218.291 E40.95222
G1 X218.63 Y217.821 E40.96889
G1 X218.66 Y217.657 E40.97478
G1 X218.766 Y217.448 E40.98306
G1 X218.81 Y217.25 E40.99022
G1 X218.778 Y217.103 E40.99554
G1 X218.644 Y216.858 E41.0054
G1 X218.612 Y216.547 E41.01645
G1 X218.65 Y216.317 E41.02468
G1 X218.575 Y216.113 E41.03236
G1 X218.336 Y215.877 E41.04422
G1 X218.242 Y215.704 E41.05118
G1 X218.152 Y215.303 E41.0657
G1 X218.006 Y215.17 E41.07267
G1 X217.809 Y215.082 E41.0803
G1 X217.606 Y214.911 E41.08967
G1 X217.398 Y214.568 E41.10384
G1 X217.229 Y214.474 E41.11067
G1 X216.997 Y214.453 E41.1189
G1 X216.735 Y214.341 E41.12897
G1 X216.416 Y214.068 E41.1438
G1 X215.973 Y214.11 E41.15952
G1 X215.758 Y214.083 E41.16717
G1 X215.398 Y213.923 E41.18109
G1 X215.244 Y213.945 E41.18659
G1 X214.893 Y214.114 E41.20035
G1 X214.641 Y214.128 E41.20926
G1 X214.403 Y214.089 E41.21778
G1 X214.207 Y214.161 E41.22516
G1 X213.839 Y214.477 E41.2423
G1 X213.406 Y214.585 E41.25806
G1 X213.27 Y214.713 E41.26466
G1 X213.104 Y215.036 E41.27749
G1 X212.661 Y215.339 E41.29645
G1 X212.562 Y215.543 E41.30446
G1 X212.49 Y215.911 E41.3177
G1 X212.186 Y216.284 E41.3347
G1 X212.15 Y216.49 E41.34209
G1 X212.198 Y216.771 E41.35216
G1 X212.174 Y216.968 E41.35917
G1 X212.04 Y217.288 E41.37142
M204 S2500
G0 F15000 X211.603 Y217.243
M204 S1250
;TYPE:WALL-OUTER
G1 F839.2 X211.603 Y217.283 E41.37284
G1 X211.606 Y217.539 E41.38188
G1 X211.806 Y217.987 E41.39921
G1 X211.764 Y218.216 E41.40744
G1 X211.776 Y218.493 E41.41723
G1 X211.906 Y218.779 E41.42833
G1 X212.163 Y219.023 E41.44085
G1 X212.244 Y219.406 E41.45468
G1 X212.327 Y219.578 E41.46142
G1 X212.53 Y219.791 E41.47182
G1 X212.888 Y219.982 E41.48615
G1 X213.101 Y220.355 E41.50133
G1 X213.301 Y220.508 E41.51022
G1 X213.547 Y220.592 E41.5194
G1 X213.777 Y220.613 E41.52756
G1 X214.151 Y220.92 E41.54466
G1 X214.366 Y221 E41.55276
G1 X214.581 Y221.016 E41.56038
G1 X214.913 Y220.959 E41.57228
G1 X215.325 Y221.134 E41.58809
G1 X215.632 Y221.134 E41.59893
G1 X216.025 Y220.943 E41.61437
G1 X216.525 Y220.975 E41.63207
G1 X216.667 Y220.939 E41.63724
G1 X216.935 Y220.78 E41.64825
G1 X217.159 Y220.551 E41.65957
G1 X217.6 Y220.45 E41.67555
G1 X217.727 Y220.373 E41.6808
G1 X217.928 Y220.141 E41.69164
G1 X218.076 Y219.854 E41.70305
G1 X218.377 Y219.694 E41.71509
G1 X218.511 Y219.566 E41.72163
G1 X218.657 Y219.304 E41.73223
G1 X218.738 Y218.891 E41.7471
G1 X219.012 Y218.585 E41.76161
G1 X219.091 Y218.374 E41.76957
G1 X219.101 Y218.086 E41.77975
G1 X219.052 Y217.823 E41.7892
G1 X219.162 Y217.605 E41.79782
G1 X219.24 Y217.251 E41.81063
G1 X219.174 Y216.947 E41.82162
G1 X219.026 Y216.661 E41.83299
G1 X219.075 Y216.321 E41.84513
G1 X219.048 Y216.133 E41.85184
G1 X218.922 Y215.862 E41.86239
G1 X218.669 Y215.621 E41.87474
G1 X218.546 Y215.141 E41.89224
G1 X218.463 Y215.011 E41.89769
G1 X218.234 Y214.812 E41.90841
G1 X217.947 Y214.665 E41.9198
G1 X217.719 Y214.286 E41.93542
G1 X217.528 Y214.138 E41.94396
G1 X217.321 Y214.06 E41.95177
G1 X217.045 Y214.033 E41.96157
G1 X216.836 Y213.84 E41.97162
G1 X216.473 Y213.646 E41.98616
G1 X216.18 Y213.639 E41.99651
G1 X215.954 Y213.69 E42.0047
G1 X215.41 Y213.497 E42.02509
G1 X215.111 Y213.539 E42.03575
G1 X214.752 Y213.714 E42.04986
G1 X214.411 Y213.665 E42.06203
G1 X214.224 Y213.689 E42.06869
G1 X213.957 Y213.814 E42.07911
G1 X213.656 Y214.098 E42.09372
G1 X213.237 Y214.193 E42.1089
G1 X213.038 Y214.328 E42.1174
G1 X212.745 Y214.803 E42.13711
G1 X212.378 Y215.017 E42.15212
G1 X212.232 Y215.208 E42.16061
G1 X212.11 Y215.732 E42.17962
G1 X211.933 Y215.904 E42.18834
G1 X211.788 Y216.127 E42.19773
G1 X211.722 Y216.496 E42.21098
G1 X211.776 Y216.828 E42.22286
G1 X211.603 Y217.243 E42.23874
M204 S2500
G0 F15000 X211.603 Y217.283
G0 X211.604 Y217.443
G0 X212.685 Y217.414
;MESH:NONMESH
G0 F600 X212.685 Y217.414 Z2
G0 F15000 X213.406 Y215.313
;TIME_ELAPSED:63.579031
;LAYER:9
;note -- min layer time used
;TYPE:FILL
;MESH:molette.stl
G1 F845.4 X217.425 Y219.333 E42.46345
G1 X217.578 Y219.176 E42.47212
G1 X217.821 Y219.042 E42.48309
G1 X217.901 Y218.713 E42.49647
G1 X218.044 Y218.421 E42.50933
G1 X218.249 Y218.165 E42.52229
G1 X218.206 Y217.799 E42.53686
G1 X218.375 Y217.237 E42.56006
G1 X218.214 Y216.91 E42.57447
G1 X218.214 Y216.343 E42.59688
G1 X217.928 Y216.024 E42.61382
G1 X217.785 Y215.546 E42.63354
G1 X217.425 Y215.315 E42.65045
G1 X213.403 Y219.337 E42.8753
G1 X213.054 Y219.117 E42.89161
G1 X212.903 Y218.618 E42.91222
G1 X212.621 Y218.308 E42.92879
G1 X212.632 Y217.837 E42.94741
G1 X212.452 Y217.372 E42.96712
G1 X212.598 Y217.007 E42.98266
G1 X212.585 Y216.455 E43.00449
G1 X212.835 Y216.153 E43.01999
G1 X212.961 Y215.816 E43.03421
G1 X212.979 Y215.657 E43.04054
G1 X213.271 Y215.453 E43.05462
G1 X213.475 Y215.241 E43.06625
G1 X213.649 Y214.955 E43.07948
G1 X213.954 Y214.884 E43.09186
G1 X214.308 Y214.664 E43.10834
G1 X214.458 Y214.525 E43.11642
G1 X214.776 Y214.554 E43.12904
G1 X215.196 Y214.452 E43.14613
G1 X215.335 Y214.37 E43.15251
G1 X215.425 Y214.317
G0 F15000 X212.273 Y217.404
G0 X212.012 Y217.287
M204 S1250
;TYPE:WALL-INNER
G1 F845.4 X211.983 Y217.358 E43.15522
G1 X212.021 Y217.534 E43.16158
G1 X212.132 Y217.725 E43.16938
G1 X212.194 Y217.982 E43.17872
G1 X212.16 Y218.373 E43.19259
G1 X212.204 Y218.517 E43.19791
G1 X212.417 Y218.718 E43.20825
G1 X212.559 Y218.948 E43.2178
G1 X212.648 Y219.345 E43.23217
G1 X212.732 Y219.452 E43.23698
G1 X212.995 Y219.581 E43.24733
G1 X213.194 Y219.749 E43.25653
G1 X213.4 Y220.089 E43.27057
G1 X213.49 Y220.154 E43.27449
G1 X213.932 Y220.249 E43.29046
G1 X214.379 Y220.596 E43.31045
G1 X214.482 Y220.618 E43.31417
G1 X214.781 Y220.568 E43.32488
G1 X215.049 Y220.588 E43.33438
G1 X215.426 Y220.753 E43.34891
G1 X215.626 Y220.716 E43.3561
G1 X215.812 Y220.607 E43.36371
G1 X216.031 Y220.544 E43.37176
G1 X216.469 Y220.58 E43.38729
G1 X216.586 Y220.548 E43.39157
G1 X216.873 Y220.269 E43.40571
G1 X217.114 Y220.16 E43.41506
G1 X217.299 Y220.137 E43.42164
G1 X217.512 Y220.034 E43.43
G1 X217.711 Y219.673 E43.44456
G1 X217.848 Y219.534 E43.45146
G1 X218.192 Y219.329 E43.4656
G1 X218.271 Y219.188 E43.47131
G1 X218.37 Y218.741 E43.48749
G1 X218.63 Y218.442 E43.50148
G1 X218.703 Y218.283 E43.50766
G1 X218.654 Y217.832 E43.52369
G1 X218.836 Y217.324 E43.54275
G1 X218.835 Y217.171 E43.54816
G1 X218.697 Y216.924 E43.55815
G1 X218.636 Y216.707 E43.56611
G1 X218.672 Y216.271 E43.58157
G1 X218.63 Y216.135 E43.5866
G1 X218.335 Y215.826 E43.60169
G1 X218.253 Y215.627 E43.60929
G1 X218.23 Y215.44 E43.61595
G1 X218.124 Y215.226 E43.62438
G1 X217.762 Y215.026 E43.63899
G1 X217.629 Y214.898 E43.64551
G1 X217.423 Y214.557 E43.65959
G1 X217.307 Y214.473 E43.66465
G1 X217.015 Y214.432 E43.67506
G1 X216.764 Y214.324 E43.68472
G1 X216.536 Y214.108 E43.69581
G1 X216.374 Y214.036 E43.70207
G1 X215.853 Y214.074 E43.72053
G1 X215.416 Y213.902 E43.73712
G1 X215.264 Y213.902 E43.74249
G1 X214.847 Y214.097 E43.75875
G1 X214.316 Y214.071 E43.77753
G1 X214.167 Y214.16 E43.78366
G1 X213.955 Y214.379 E43.79443
G1 X213.792 Y214.466 E43.80095
G1 X213.409 Y214.554 E43.81484
G1 X213.306 Y214.632 E43.8194
G1 X213.117 Y214.975 E43.83323
G1 X212.99 Y215.107 E43.8397
G1 X212.651 Y215.312 E43.8537
G1 X212.566 Y215.431 E43.85887
G1 X212.524 Y215.723 E43.86929
G1 X212.448 Y215.928 E43.87701
G1 X212.154 Y216.276 E43.8931
G1 X212.124 Y216.502 E43.90116
G1 X212.169 Y216.693 E43.90809
G1 X212.148 Y216.955 E43.91737
G1 X212.012 Y217.287 E43.93005
M204 S2500
G0 F15000 X211.568 Y217.282
M204 S1250
;TYPE:WALL-OUTER
G1 F845.4 X211.557 Y217.383 E43.93364
G1 X211.626 Y217.69 E43.94475
G1 X211.764 Y217.933 E43.95462
G1 X211.734 Y218.409 E43.97147
G1 X211.871 Y218.78 E43.98544
G1 X212.163 Y219.086 E44.00039
G1 X212.254 Y219.512 E44.01577
G1 X212.495 Y219.804 E44.02915
G1 X212.838 Y219.98 E44.04277
G1 X213.083 Y220.379 E44.05931
G1 X213.321 Y220.55 E44.06966
G1 X213.778 Y220.64 E44.08611
G1 X214.151 Y220.956 E44.10338
G1 X214.486 Y221.043 E44.11561
G1 X214.882 Y220.982 E44.12976
G1 X215.318 Y221.165 E44.14647
G1 X215.484 Y221.179 E44.15235
G1 X215.784 Y221.11 E44.16323
G1 X216.071 Y220.962 E44.17463
G1 X216.503 Y221.006 E44.18997
G1 X216.755 Y220.937 E44.1992
G1 X217.203 Y220.57 E44.21966
G1 X217.398 Y220.549 E44.22659
G1 X217.686 Y220.437 E44.23751
G1 X217.845 Y220.302 E44.24487
G1 X218.072 Y219.893 E44.2614
G1 X218.393 Y219.718 E44.27431
G1 X218.528 Y219.589 E44.28091
G1 X218.677 Y219.324 E44.29165
G1 X218.747 Y218.928 E44.30586
G1 X218.98 Y218.686 E44.31772
G1 X219.122 Y218.377 E44.32974
G1 X219.082 Y217.808 E44.34989
G1 X219.257 Y217.412 E44.36518
G1 X219.254 Y217.105 E44.37602
G1 X219.054 Y216.668 E44.393
G1 X219.098 Y216.237 E44.40831
G1 X218.962 Y215.872 E44.42207
G1 X218.685 Y215.593 E44.43596
G1 X218.642 Y215.339 E44.44506
G1 X218.526 Y215.05 E44.45606
G1 X218.393 Y214.894 E44.4633
G1 X217.961 Y214.641 E44.48098
G1 X217.741 Y214.269 E44.49625
G1 X217.497 Y214.091 E44.50692
G1 X217.033 Y213.998 E44.52364
G1 X216.778 Y213.756 E44.53606
G1 X216.468 Y213.618 E44.54804
G1 X216.189 Y213.611 E44.5579
G1 X215.924 Y213.66 E44.56742
G1 X215.504 Y213.482 E44.58354
G1 X215.198 Y213.482 E44.59435
G1 X214.76 Y213.686 E44.61141
G1 X214.323 Y213.641 E44.62693
G1 X214.162 Y213.675 E44.63275
G1 X213.896 Y213.832 E44.64366
G1 X213.665 Y214.065 E44.65525
G1 X213.23 Y214.164 E44.67101
G1 X212.98 Y214.352 E44.68206
G1 X212.733 Y214.775 E44.69936
G1 X212.361 Y214.995 E44.71463
G1 X212.184 Y215.243 E44.72539
G1 X212.086 Y215.715 E44.74242
G1 X211.788 Y216.055 E44.75839
G1 X211.71 Y216.265 E44.76631
G1 X211.703 Y216.551 E44.77641
G1 X211.75 Y216.822 E44.78613
G1 X211.574 Y217.228 E44.80176
G1 X211.568 Y217.282 E44.80368
M204 S2500
G0 F15000 X211.557 Y217.383
G0 X211.578 Y217.478
G0 X212.643 Y217.384
;MESH:NONMESH
G0 F600 X212.643 Y217.384 Z2.2
G0 F15000 X213.389 Y215.297
;TIME_ELAPSED:68.858462
;LAYER:10
;note -- min layer time used
;TYPE:FILL
;MESH:molette.stl
G1 F853.9 X217.43 Y219.337 E45.02957
G1 X217.86 Y219.026 E45.05054
G1 X217.912 Y218.747 E45.06176
G1 X218.078 Y218.413 E45.07651
G1 X218.274 Y218.21 E45.08766
G1 X218.226 Y217.93 E45.09889
G1 X218.279 Y217.542 E45.11437
G1 X218.413 Y217.274 E45.12622
G1 X218.247 Y216.936 E45.1411
G1 X218.211 Y216.655 E45.1523
G1 X218.256 Y216.367 E45.16383
G1 X218.03 Y216.142 E45.17643
G1 X217.866 Y215.834 E45.19023
G1 X217.815 Y215.555 E45.20144
G1 X217.441 Y215.298 E45.21938
G1 X213.389 Y219.35 E45.44591
G1 X213.302 Y219.263 E45.45077
G1 X213.033 Y219.122 E45.46278
G1 X212.932 Y218.734 E45.47863
G1 X212.791 Y218.496 E45.48956
G1 X212.582 Y218.266 E45.50185
G1 X212.622 Y217.896 E45.51656
G1 X212.426 Y217.359 E45.53916
G1 X212.552 Y217.108 E45.55026
G1 X212.605 Y216.753 E45.56445
G1 X212.573 Y216.42 E45.57767
G1 X212.769 Y216.214 E45.58891
G1 X212.927 Y215.881 E45.60348
G1 X212.964 Y215.598 E45.61477
G1 X213.216 Y215.47 E45.62594
G1 X213.476 Y215.211 E45.64045
G1 X213.619 Y214.937 E45.65266
G1 X214.087 Y214.808 E45.67185
G1 X214.43 Y214.504 E45.68997
G1 X214.766 Y214.529 E45.70329
G1 X215.106 Y214.466 E45.71696
G1 X215.386 Y214.339 E45.72912
G1 X215.481 Y214.296
G0 F15000 X212.251 Y217.347
G0 X211.986 Y217.287
M204 S1250
;TYPE:WALL-INNER
G1 F853.9 X211.957 Y217.354 E45.73169
G1 X212.169 Y217.91 E45.75271
G1 X212.139 Y218.424 E45.7709
G1 X212.225 Y218.569 E45.77686
G1 X212.436 Y218.766 E45.78706
G1 X212.561 Y219.047 E45.79792
G1 X212.603 Y219.319 E45.80764
G1 X212.685 Y219.439 E45.81278
G1 X213.042 Y219.627 E45.82703
G1 X213.192 Y219.776 E45.8345
G1 X213.301 Y219.993 E45.84308
G1 X213.448 Y220.156 E45.85083
G1 X213.911 Y220.259 E45.86759
G1 X214.052 Y220.336 E45.87326
G1 X214.3 Y220.578 E45.8855
G1 X214.5 Y220.639 E45.89289
G1 X214.845 Y220.582 E45.90524
G1 X215.041 Y220.608 E45.91223
G1 X215.439 Y220.78 E45.92754
G1 X216.003 Y220.567 E45.94884
G1 X216.434 Y220.612 E45.96415
G1 X216.612 Y220.552 E45.97078
G1 X216.858 Y220.303 E45.98315
G1 X217.042 Y220.201 E45.99058
G1 X217.441 Y220.112 E46.00502
G1 X217.576 Y219.994 E46.01136
G1 X217.676 Y219.763 E46.02025
G1 X217.866 Y219.546 E46.03044
G1 X218.081 Y219.44 E46.0389
G1 X218.249 Y219.287 E46.04693
G1 X218.338 Y218.88 E46.06165
G1 X218.44 Y218.677 E46.06967
G1 X218.685 Y218.417 E46.08229
G1 X218.724 Y218.15 E46.09183
G1 X218.674 Y217.913 E46.10038
G1 X218.69 Y217.734 E46.10673
G1 X218.861 Y217.354 E46.12145
G1 X218.839 Y217.13 E46.1294
G1 X218.695 Y216.868 E46.13996
G1 X218.66 Y216.709 E46.14572
G1 X218.705 Y216.382 E46.15738
G1 X218.643 Y216.122 E46.16682
G1 X218.388 Y215.872 E46.17943
G1 X218.29 Y215.689 E46.18677
G1 X218.23 Y215.345 E46.1991
G1 X218.103 Y215.181 E46.20643
G1 X217.789 Y215.023 E46.21885
G1 X217.629 Y214.863 E46.22684
G1 X217.48 Y214.567 E46.23855
G1 X217.322 Y214.455 E46.24539
G1 X216.98 Y214.405 E46.2576
G1 X216.821 Y214.338 E46.26369
G1 X216.528 Y214.066 E46.27782
G1 X216.334 Y214.01 E46.28495
G1 X215.988 Y214.066 E46.29733
G1 X215.768 Y214.033 E46.30519
G1 X215.382 Y213.866 E46.32005
G1 X215.214 Y213.904 E46.32613
G1 X214.963 Y214.043 E46.33627
G1 X214.651 Y214.076 E46.34735
G1 X214.384 Y214.034 E46.3569
G1 X214.226 Y214.087 E46.36278
G1 X213.963 Y214.353 E46.376
G1 X213.781 Y214.45 E46.38328
G1 X213.415 Y214.512 E46.3964
G1 X213.3 Y214.591 E46.40133
G1 X213.113 Y214.949 E46.41559
G1 X212.957 Y215.105 E46.42339
G1 X212.658 Y215.262 E46.43532
G1 X212.547 Y215.416 E46.44202
G1 X212.477 Y215.817 E46.4564
G1 X212.402 Y215.958 E46.46204
G1 X212.158 Y216.208 E46.47439
G1 X212.102 Y216.402 E46.48152
G1 X212.158 Y216.752 E46.49404
G1 X212.126 Y216.969 E46.50179
G1 X211.986 Y217.287 E46.51406
M204 S2500
G0 F15000 X211.554 Y217.282
M204 S1250
;TYPE:WALL-OUTER
G1 F853.9 X211.533 Y217.382 E46.51767
G1 X211.602 Y217.684 E46.52862
G1 X211.742 Y217.923 E46.5384
G1 X211.706 Y218.221 E46.549
G1 X211.745 Y218.584 E46.5619
G1 X211.899 Y218.843 E46.57254
G1 X212.134 Y219.073 E46.58416
G1 X212.223 Y219.506 E46.59978
G1 X212.465 Y219.803 E46.61331
G1 X212.851 Y220.021 E46.62897
G1 X212.941 Y220.221 E46.63672
G1 X213.198 Y220.505 E46.65025
G1 X213.457 Y220.617 E46.66022
G1 X213.76 Y220.651 E46.67099
G1 X214.042 Y220.915 E46.68463
G1 X214.21 Y221.008 E46.69142
G1 X214.498 Y221.066 E46.70179
G1 X214.906 Y221.006 E46.71636
G1 X215.329 Y221.193 E46.7327
G1 X215.471 Y221.204 E46.73773
G1 X215.772 Y221.134 E46.74865
G1 X216.059 Y220.983 E46.7601
G1 X216.504 Y221.03 E46.77591
G1 X216.814 Y220.928 E46.78744
G1 X217.12 Y220.631 E46.8025
G1 X217.605 Y220.506 E46.8202
G1 X217.813 Y220.37 E46.82898
G1 X217.941 Y220.211 E46.83619
G1 X218.076 Y219.918 E46.84758
G1 X218.309 Y219.8 E46.85681
G1 X218.597 Y219.538 E46.87056
G1 X218.71 Y219.282 E46.88045
G1 X218.742 Y218.997 E46.89058
G1 X219.06 Y218.616 E46.90811
G1 X219.142 Y218.39 E46.9166
G1 X219.104 Y217.813 E46.93703
G1 X219.279 Y217.427 E46.952
G1 X219.288 Y217.181 E46.9607
G1 X219.229 Y216.964 E46.96864
G1 X219.078 Y216.671 E46.98029
G1 X219.125 Y216.428 E46.98903
G1 X219.085 Y216.062 E47.00204
G1 X218.982 Y215.865 E47.00989
G1 X218.688 Y215.555 E47.02498
G1 X218.636 Y215.222 E47.03689
G1 X218.556 Y215.051 E47.04356
G1 X218.357 Y214.837 E47.05388
G1 X218.014 Y214.667 E47.0674
G1 X217.778 Y214.264 E47.0839
G1 X217.507 Y214.072 E47.09563
G1 X217.069 Y213.993 E47.11136
G1 X216.786 Y213.729 E47.12503
G1 X216.619 Y213.637 E47.13176
G1 X216.335 Y213.582 E47.14198
G1 X215.904 Y213.635 E47.15732
G1 X215.706 Y213.517 E47.16546
G1 X215.354 Y213.441 E47.17819
G1 X215.053 Y213.51 E47.18909
G1 X214.764 Y213.662 E47.20063
G1 X214.323 Y213.614 E47.2163
G1 X213.964 Y213.755 E47.22992
G1 X213.708 Y214.019 E47.24292
G1 X213.229 Y214.131 E47.26029
G1 X212.938 Y214.369 E47.27357
G1 X212.717 Y214.761 E47.28947
G1 X212.356 Y214.962 E47.30407
G1 X212.164 Y215.23 E47.31571
G1 X212.06 Y215.714 E47.3332
G1 X211.821 Y215.95 E47.34507
G1 X211.729 Y216.117 E47.3518
G1 X211.674 Y216.401 E47.36202
G1 X211.728 Y216.835 E47.37747
G1 X211.608 Y217.031 E47.38559
G1 X211.554 Y217.282 E47.39466
M204 S2500
G0 F15000 X211.533 Y217.382
G0 X211.554 Y217.477
G0 X212.649 Y217.31
;MESH:NONMESH
G0 F600 X212.649 Y217.31 Z2.4
G0 F15000 X213.382 Y215.29
;TIME_ELAPSED:74.142755
;LAYER:11
;note -- min layer time used
;TYPE:FILL
;MESH:molette.stl
G1 F856.8 X217.455 Y219.363 E47.62236
G1 X217.614 Y219.203 E47.63128
G1 X217.85 Y219.075 E47.64189
G1 X217.92 Y218.768 E47.65434
G1 X218.069 Y218.452 E47.66815
G1 X218.274 Y218.236 E47.67992
G1 X218.243 Y217.894 E47.6935
G1 X218.293 Y217.56 E47.70685
G1 X218.425 Y217.302 E47.7183
G1 X218.285 Y217.01 E47.7311
G1 X218.227 Y216.668 E47.74482
G1 X218.262 Y216.37 E47.75668
G1 X218.043 Y216.125 E47.76967
G1 X217.886 Y215.83 E47.78288
G1 X217.835 Y215.547 E47.79425
G1 X217.447 Y215.293 E47.81258
G1 X213.381 Y219.358 E48.03986
G1 X213.006 Y219.113 E48.05757
G1 X212.967 Y218.912 E48.06566
G1 X212.791 Y218.527 E48.0824
G1 X212.566 Y218.26 E48.0962
G1 X212.602 Y217.977 E48.10748
G1 X212.543 Y217.634 E48.12124
G1 X212.404 Y217.358 E48.13345
G1 X212.535 Y217.084 E48.14546
G1 X212.584 Y216.758 E48.15849
G1 X212.556 Y216.413 E48.17217
G1 X212.759 Y216.194 E48.18398
G1 X212.899 Y215.916 E48.19628
G1 X212.981 Y215.562 E48.21065
G1 X213.362 Y215.325 E48.22839
G1 X213.601 Y214.927 E48.24674
G1 X214.055 Y214.799 E48.26538
G1 X214.47 Y214.475 E48.2862
G1 X214.763 Y214.509 E48.29786
G1 X215.102 Y214.451 E48.31145
G1 X215.379 Y214.311 E48.32372
G1 X215.472 Y214.264
G0 F15000 X212.239 Y217.337
G0 X211.955 Y217.287
M204 S1250
;TYPE:WALL-INNER
G1 F856.8 X211.947 Y217.308 E48.32452
G1 X211.975 Y217.502 E48.33144
G1 X212.119 Y217.779 E48.34247
G1 X212.154 Y217.984 E48.34982
G1 X212.107 Y218.335 E48.36233
G1 X212.178 Y218.531 E48.36969
G1 X212.424 Y218.78 E48.38205
G1 X212.515 Y218.95 E48.38887
G1 X212.581 Y219.302 E48.40152
G1 X212.664 Y219.433 E48.407
G1 X213.029 Y219.636 E48.42175
G1 X213.208 Y219.835 E48.43121
G1 X213.336 Y220.086 E48.44116
G1 X213.475 Y220.184 E48.44717
G1 X213.904 Y220.275 E48.46266
G1 X214.098 Y220.399 E48.47079
G1 X214.289 Y220.594 E48.48043
G1 X214.459 Y220.648 E48.48674
G1 X214.891 Y220.599 E48.50209
G1 X215.043 Y220.628 E48.50756
G1 X215.352 Y220.781 E48.51974
G1 X215.5 Y220.791 E48.52498
G1 X215.972 Y220.59 E48.5431
G1 X216.431 Y220.63 E48.55938
G1 X216.622 Y220.559 E48.56658
G1 X216.914 Y220.283 E48.58077
G1 X217.054 Y220.217 E48.58624
G1 X217.395 Y220.158 E48.59846
G1 X217.567 Y220.025 E48.60614
G1 X217.723 Y219.719 E48.61828
G1 X217.877 Y219.565 E48.62597
G1 X218.235 Y219.347 E48.64078
G1 X218.385 Y218.792 E48.66109
G1 X218.687 Y218.448 E48.67726
G1 X218.743 Y218.281 E48.68348
G1 X218.69 Y217.899 E48.6971
G1 X218.761 Y217.599 E48.70799
G1 X218.853 Y217.444 E48.71436
G1 X218.885 Y217.286 E48.72006
G1 X218.86 Y217.154 E48.7248
G1 X218.709 Y216.866 E48.73629
G1 X218.674 Y216.66 E48.74367
G1 X218.722 Y216.305 E48.75633
G1 X218.652 Y216.114 E48.76351
G1 X218.404 Y215.864 E48.77595
G1 X218.31 Y215.685 E48.78309
G1 X218.251 Y215.343 E48.79535
G1 X218.116 Y215.172 E48.80305
G1 X217.807 Y215.013 E48.81533
G1 X217.623 Y214.814 E48.8249
G1 X217.498 Y214.562 E48.83484
G1 X217.374 Y214.466 E48.84038
G1 X216.965 Y214.384 E48.85511
G1 X216.797 Y214.3 E48.86175
G1 X216.54 Y214.053 E48.87434
G1 X216.369 Y213.996 E48.88071
G1 X215.94 Y214.045 E48.89596
G1 X215.426 Y213.854 E48.91533
G1 X215.234 Y213.883 E48.92219
G1 X214.835 Y214.057 E48.93757
G1 X214.401 Y214.018 E48.95296
G1 X214.209 Y214.085 E48.96014
G1 X213.959 Y214.332 E48.97256
G1 X213.781 Y214.426 E48.97967
G1 X213.407 Y214.499 E48.99313
G1 X213.275 Y214.599 E48.99898
G1 X213.104 Y214.931 E49.01217
G1 X212.906 Y215.113 E49.02167
G1 X212.653 Y215.242 E49.03171
G1 X212.559 Y215.361 E49.03706
G1 X212.476 Y215.771 E49.05184
G1 X212.392 Y215.938 E49.05844
G1 X212.146 Y216.198 E49.07109
G1 X212.088 Y216.37 E49.0775
G1 X212.137 Y216.799 E49.09275
G1 X211.955 Y217.287 E49.11115
M204 S2500
G0 F15000 X211.524 Y217.282
M204 S1250
;TYPE:WALL-OUTER
G1 F856.8 X211.521 Y217.3 E49.1118
G1 X211.571 Y217.639 E49.1239
G1 X211.723 Y217.918 E49.13513
G1 X211.681 Y218.338 E49.15004
G1 X211.718 Y218.55 E49.15764
G1 X211.833 Y218.782 E49.16679
G1 X212.119 Y219.09 E49.18163
G1 X212.175 Y219.426 E49.19367
G1 X212.259 Y219.605 E49.20065
G1 X212.395 Y219.765 E49.20807
G1 X212.843 Y220.043 E49.2267
G1 X213.04 Y220.391 E49.24082
G1 X213.308 Y220.581 E49.25243
G1 X213.756 Y220.668 E49.26855
G1 X214.033 Y220.934 E49.28212
G1 X214.201 Y221.024 E49.28885
G1 X214.447 Y221.074 E49.29772
G1 X214.863 Y221.018 E49.31254
G1 X215.214 Y221.183 E49.32624
G1 X215.582 Y221.207 E49.33927
G1 X216.061 Y221.002 E49.35768
G1 X216.431 Y221.055 E49.37088
G1 X216.638 Y221.021 E49.37829
G1 X216.874 Y220.903 E49.38761
G1 X217.125 Y220.648 E49.40025
G1 X217.518 Y220.564 E49.41445
G1 X217.696 Y220.48 E49.4214
G1 X217.911 Y220.277 E49.43185
G1 X218.067 Y219.959 E49.44436
G1 X218.33 Y219.812 E49.455
G1 X218.598 Y219.569 E49.46778
G1 X218.728 Y219.251 E49.47992
G1 X218.749 Y219.015 E49.48829
G1 X219.026 Y218.704 E49.503
G1 X219.117 Y218.538 E49.50969
G1 X219.17 Y218.293 E49.51854
G1 X219.11 Y217.878 E49.53336
G1 X219.239 Y217.617 E49.54364
G1 X219.308 Y217.261 E49.55645
G1 X219.26 Y217.009 E49.56551
G1 X219.094 Y216.675 E49.57869
G1 X219.147 Y216.305 E49.59189
G1 X219.113 Y216.098 E49.5993
G1 X218.996 Y215.862 E49.60861
G1 X218.74 Y215.611 E49.62127
G1 X218.657 Y215.219 E49.63543
G1 X218.573 Y215.045 E49.64225
G1 X218.369 Y214.828 E49.65277
G1 X218.047 Y214.669 E49.66546
G1 X217.846 Y214.318 E49.67975
G1 X217.715 Y214.182 E49.68642
G1 X217.527 Y214.068 E49.69419
G1 X217.06 Y213.97 E49.71104
G1 X216.796 Y213.714 E49.72403
G1 X216.629 Y213.623 E49.73075
G1 X216.384 Y213.57 E49.73961
G1 X215.969 Y213.626 E49.7544
G1 X215.615 Y213.462 E49.76818
G1 X215.432 Y213.429 E49.77475
G1 X215.097 Y213.479 E49.78672
G1 X214.818 Y213.631 E49.79794
G1 X214.398 Y213.593 E49.81284
G1 X214.189 Y213.627 E49.82032
G1 X213.958 Y213.741 E49.82942
G1 X213.647 Y214.028 E49.84437
G1 X213.219 Y214.119 E49.85982
G1 X212.924 Y214.363 E49.87335
G1 X212.728 Y214.726 E49.88792
G1 X212.41 Y214.894 E49.90063
G1 X212.273 Y215.022 E49.90725
G1 X212.16 Y215.209 E49.91497
G1 X212.062 Y215.676 E49.93182
G1 X211.806 Y215.944 E49.94492
G1 X211.715 Y216.111 E49.95163
G1 X211.662 Y216.356 E49.96049
G1 X211.718 Y216.771 E49.97528
G1 X211.553 Y217.125 E49.98908
G1 X211.524 Y217.282 E49.99472
M204 S2500
G0 F15000 X211.521 Y217.3
G0 X211.547 Y217.479
G0 X212.601 Y217.347
;MESH:NONMESH
G0 F600 X212.601 Y217.347 Z2.6
G0 F15000 X213.369 Y215.277
;TIME_ELAPSED:79.425092
;LAYER:12
;note -- min layer time used
;TYPE:FILL
;MESH:molette.stl
G1 F861.3 X217.454 Y219.361 E50.22307
G1 X217.872 Y219.068 E50.24325
G1 X217.91 Y218.862 E50.25153
G1 X218.071 Y218.476 E50.26806
G1 X218.293 Y218.221 E50.28142
G1 X218.256 Y217.831 E50.29691
G1 X218.301 Y217.59 E50.3066
G1 X218.432 Y217.283 E50.3198
G1 X218.25 Y216.843 E50.33862
G1 X218.267 Y216.343 E50.3584
G1 X218.057 Y216.131 E50.37019
G1 X217.896 Y215.821 E50.384
G1 X217.84 Y215.515 E50.3963
G1 X217.566 Y215.379 E50.40839
G1 X217.461 Y215.279 E50.41412
G1 X213.37 Y219.369 E50.64281
G1 X213.261 Y219.264 E50.64879
G1 X212.99 Y219.134 E50.66067
G1 X212.933 Y218.828 E50.67297
G1 X212.819 Y218.583 E50.68366
G1 X212.559 Y218.294 E50.69902
G1 X212.588 Y217.966 E50.71204
G1 X212.556 Y217.719 E50.72189
G1 X212.399 Y217.357 E50.73749
G1 X212.532 Y217.049 E50.75075
G1 X212.566 Y216.636 E50.76713
G1 X212.538 Y216.416 E50.7759
G1 X212.835 Y216.047 E50.79462
G1 X212.953 Y215.581 E50.81362
G1 X213.239 Y215.412 E50.82676
G1 X213.469 Y215.172 E50.8399
G1 X213.608 Y214.898 E50.85204
G1 X213.916 Y214.839 E50.86444
G1 X214.207 Y214.69 E50.87736
G1 X214.452 Y214.467 E50.89046
G1 X214.785 Y214.498 E50.90368
G1 X215.194 Y214.401 E50.9203
G1 X215.386 Y214.309 E50.92871
G1 X215.48 Y214.264
G0 F15000 X212.223 Y217.367
G0 X211.944 Y217.287
M204 S1250
;TYPE:WALL-INNER
G1 F861.3 X211.926 Y217.327 E50.93026
G1 X211.962 Y217.509 E50.93682
G1 X212.08 Y217.713 E50.94514
G1 X212.142 Y217.975 E50.95465
G1 X212.101 Y218.384 E50.96917
G1 X212.222 Y218.602 E50.97798
G1 X212.362 Y218.722 E50.9845
G1 X212.489 Y218.914 E50.99263
G1 X212.563 Y219.285 E51.00599
G1 X212.659 Y219.452 E51.0128
G1 X213.092 Y219.703 E51.03048
G1 X213.369 Y220.146 E51.04893
G1 X213.54 Y220.226 E51.0556
G1 X213.851 Y220.272 E51.06671
G1 X214.016 Y220.354 E51.07322
G1 X214.338 Y220.638 E51.08838
G1 X214.526 Y220.666 E51.0951
G1 X214.756 Y220.615 E51.10342
G1 X215.024 Y220.637 E51.11292
G1 X215.392 Y220.798 E51.12711
G1 X215.516 Y220.798 E51.13149
G1 X215.881 Y220.628 E51.14571
G1 X216.061 Y220.598 E51.15216
G1 X216.472 Y220.635 E51.16674
G1 X216.696 Y220.514 E51.17573
G1 X216.817 Y220.371 E51.18235
G1 X217.057 Y220.229 E51.1922
G1 X217.377 Y220.173 E51.20368
G1 X217.544 Y220.077 E51.21048
G1 X217.792 Y219.647 E51.22802
G1 X218.252 Y219.355 E51.24726
G1 X218.318 Y219.201 E51.25318
G1 X218.344 Y218.966 E51.26153
G1 X218.446 Y218.72 E51.27094
G1 X218.732 Y218.396 E51.28621
G1 X218.757 Y218.212 E51.29277
G1 X218.707 Y217.983 E51.30105
G1 X218.728 Y217.718 E51.31044
G1 X218.901 Y217.317 E51.32587
G1 X218.87 Y217.138 E51.33228
G1 X218.694 Y216.765 E51.34685
G1 X218.738 Y216.298 E51.36342
G1 X218.684 Y216.131 E51.36962
G1 X218.387 Y215.822 E51.38476
G1 X218.32 Y215.679 E51.39034
G1 X218.266 Y215.36 E51.40177
G1 X218.169 Y215.197 E51.40847
G1 X217.822 Y215.012 E51.42236
G1 X217.677 Y214.873 E51.42946
G1 X217.459 Y214.499 E51.44475
G1 X217.293 Y214.419 E51.45126
G1 X217.059 Y214.396 E51.45957
G1 X216.81 Y214.292 E51.4691
G1 X216.488 Y214.005 E51.48434
G1 X216.302 Y213.981 E51.49096
G1 X215.947 Y214.033 E51.50364
G1 X215.41 Y213.834 E51.52387
G1 X215.232 Y213.87 E51.53028
G1 X215.024 Y213.989 E51.53875
G1 X214.764 Y214.05 E51.54818
G1 X214.337 Y214.007 E51.56334
G1 X214.17 Y214.097 E51.57004
G1 X213.911 Y214.351 E51.58286
G1 X213.773 Y214.415 E51.58823
G1 X213.453 Y214.473 E51.59972
G1 X213.287 Y214.569 E51.60649
G1 X213.021 Y215.011 E51.62472
G1 X212.595 Y215.275 E51.64242
G1 X212.51 Y215.447 E51.6492
G1 X212.488 Y215.677 E51.65736
G1 X212.386 Y215.924 E51.6668
G1 X212.09 Y216.268 E51.68283
G1 X212.073 Y216.435 E51.68876
G1 X212.121 Y216.668 E51.69717
G1 X212.1 Y216.93 E51.70645
G1 X211.944 Y217.287 E51.72021
M204 S2500
G0 F15000 X211.509 Y217.282
M204 S1250
;TYPE:WALL-OUTER
G1 F865.4 X211.501 Y217.37 E51.72332
G1 F861.3 X211.566 Y217.665 E51.73399
G1 X211.72 Y217.952 E51.7455
G1 X211.674 Y218.418 E51.76204
G1 X211.74 Y218.654 E51.7707
G1 X212.098 Y219.068 E51.79003
G1 X212.159 Y219.425 E51.80282
G1 X212.335 Y219.729 E51.81523
G1 X212.497 Y219.861 E51.82262
G1 X212.768 Y219.979 E51.83306
G1 X213.038 Y220.414 E51.85114
G1 X213.158 Y220.52 E51.8568
G1 X213.434 Y220.638 E51.8674
G1 X213.764 Y220.691 E51.87921
G1 X214.11 Y220.999 E51.89557
G1 X214.253 Y221.058 E51.90104
G1 X214.551 Y221.091 E51.91163
G1 X214.887 Y221.035 E51.92366
G1 X215.302 Y221.218 E51.93969
G1 X215.612 Y221.218 E51.95064
G1 X216.04 Y221.02 E51.9673
G1 X216.509 Y221.062 E51.98393
G1 X216.743 Y220.995 E51.99253
G1 X216.989 Y220.822 E52.00315
G1 X217.16 Y220.638 E52.01202
G1 X217.517 Y220.577 E52.02482
G1 X217.821 Y220.401 E52.03723
G1 X217.953 Y220.239 E52.04461
G1 X218.071 Y219.968 E52.05505
G1 X218.509 Y219.698 E52.07323
G1 X218.612 Y219.582 E52.07871
G1 X218.73 Y219.307 E52.08928
G1 X218.778 Y218.98 E52.10095
G1 X219.092 Y218.625 E52.1177
G1 X219.15 Y218.486 E52.12302
G1 X219.183 Y218.186 E52.13368
G1 X219.13 Y217.839 E52.14608
G1 X219.313 Y217.425 E52.16207
G1 X219.327 Y217.273 E52.16746
G1 X219.266 Y216.98 E52.17803
G1 X219.126 Y216.751 E52.18751
G1 X219.158 Y216.238 E52.20567
G1 X219.02 Y215.871 E52.21952
G1 X218.752 Y215.611 E52.23271
G1 X218.67 Y215.219 E52.24686
G1 X218.493 Y214.919 E52.25917
G1 X218.329 Y214.786 E52.26662
G1 X218.06 Y214.666 E52.27703
G1 X217.79 Y214.231 E52.29512
G1 X217.673 Y214.128 E52.30062
G1 X217.399 Y214.007 E52.3112
G1 X217.064 Y213.957 E52.32317
G1 X216.72 Y213.647 E52.33953
G1 X216.578 Y213.586 E52.34499
G1 X216.277 Y213.557 E52.35567
G1 X215.931 Y213.606 E52.36801
G1 X215.518 Y213.422 E52.38399
G1 X215.366 Y213.409 E52.38937
G1 X215.075 Y213.474 E52.39991
G1 X214.781 Y213.629 E52.41165
G1 X214.313 Y213.581 E52.42827
G1 X214.156 Y213.618 E52.43397
G1 X213.9 Y213.769 E52.44447
G1 X213.642 Y214.016 E52.45708
G1 X213.311 Y214.07 E52.46893
G1 X213.011 Y214.243 E52.48116
G1 X212.878 Y214.406 E52.4886
G1 X212.757 Y214.676 E52.49905
G1 X212.324 Y214.945 E52.51705
G1 X212.22 Y215.066 E52.52269
G1 X212.098 Y215.341 E52.53332
G1 X212.049 Y215.672 E52.54514
G1 X211.74 Y216.02 E52.56158
G1 X211.678 Y216.162 E52.56705
G1 X211.649 Y216.459 E52.57759
G1 X211.698 Y216.809 E52.59008
G1 X211.514 Y217.219 E52.60595
G1 F865.4 X211.509 Y217.282 E52.60818
M204 S2500
G0 F15000 X211.501 Y217.37
G0 X211.525 Y217.479
G0 X212.59 Y217.373
;MESH:NONMESH
G0 F600 X212.59 Y217.373 Z2.8
G0 F15000 X213.36 Y215.267
;TIME_ELAPSED:84.709181
;LAYER:13
;note -- min layer time used
;TYPE:FILL
;MESH:molette.stl
G1 F864.2 X217.469 Y219.376 E52.83789
G1 X217.61 Y219.23 E52.84591
G1 X217.869 Y219.092 E52.85752
G1 X217.997 Y218.612 E52.87715
G1 X218.302 Y218.246 E52.89599
G1 X218.263 Y217.894 E52.90999
G1 X218.319 Y217.553 E52.92365
G1 X218.441 Y217.309 E52.93443
G1 X218.309 Y217.017 E52.9471
G1 X218.255 Y216.56 E52.96529
G1 X218.292 Y216.372 E52.97287
G1 X218.057 Y216.114 E52.98666
G1 X217.907 Y215.817 E52.99982
G1 X217.849 Y215.51 E53.01217
G1 X217.576 Y215.373 E53.02424
G1 X217.47 Y215.269 E53.03011
G1 X213.368 Y219.371 E53.25944
G1 X212.98 Y219.138 E53.27733
G1 X212.921 Y218.824 E53.28996
G1 X212.763 Y218.522 E53.30343
G1 X212.54 Y218.259 E53.31706
G1 X212.578 Y217.976 E53.32835
G1 X212.518 Y217.631 E53.34219
G1 X212.388 Y217.336 E53.35494
G1 X212.511 Y217.08 E53.36616
G1 X212.566 Y216.723 E53.38044
G1 X212.519 Y216.417 E53.39268
G1 X212.735 Y216.185 E53.40521
G1 X212.886 Y215.881 E53.41863
G1 X212.965 Y215.549 E53.43212
G1 X213.218 Y215.413 E53.44348
G1 X213.466 Y215.16 E53.45748
G1 X213.612 Y214.885 E53.46979
G1 X213.906 Y214.834 E53.48158
G1 X214.233 Y214.663 E53.49617
G1 X214.437 Y214.449 E53.50786
G1 X214.852 Y214.485 E53.52433
G1 X215.387 Y214.293 E53.5468
G1 X215.485 Y214.258
G0 F15000 X212.209 Y217.336
G0 X211.937 Y217.286
M204 S1250
;TYPE:WALL-INNER
G1 F864.2 X211.916 Y217.339 E53.54881
G1 X211.954 Y217.513 E53.5551
G1 X212.093 Y217.77 E53.56542
G1 X212.13 Y217.981 E53.57299
G1 X212.079 Y218.334 E53.58559
G1 X212.155 Y218.535 E53.59318
G1 X212.429 Y218.823 E53.60722
G1 X212.496 Y218.966 E53.6128
G1 X212.551 Y219.286 E53.62427
G1 X212.651 Y219.454 E53.63118
G1 X212.998 Y219.641 E53.6451
G1 X213.149 Y219.787 E53.65252
G1 X213.314 Y220.104 E53.66515
G1 X213.487 Y220.219 E53.67249
G1 X213.882 Y220.29 E53.68666
G1 X214.252 Y220.594 E53.70358
G1 X214.428 Y220.669 E53.71034
G1 X214.821 Y220.618 E53.72434
G1 X215.096 Y220.674 E53.73425
G1 X215.352 Y220.81 E53.74449
G1 X215.496 Y220.814 E53.74958
G1 X215.881 Y220.636 E53.76456
G1 X216.146 Y220.609 E53.77397
G1 X216.433 Y220.658 E53.78426
G1 X216.584 Y220.605 E53.78991
G1 X216.918 Y220.305 E53.80577
G1 X217.487 Y220.143 E53.82667
G1 X217.599 Y220.016 E53.83265
G1 X217.725 Y219.747 E53.84315
G1 X217.877 Y219.59 E53.85087
G1 X218.195 Y219.424 E53.86354
G1 X218.31 Y219.253 E53.87082
G1 X218.365 Y218.904 E53.8833
G1 X218.501 Y218.664 E53.89304
G1 X218.707 Y218.462 E53.90323
G1 X218.757 Y218.304 E53.90909
G1 X218.71 Y217.9 E53.92346
G1 X218.744 Y217.695 E53.9308
G1 X218.88 Y217.447 E53.94079
G1 X218.912 Y217.3 E53.9461
G1 X218.878 Y217.135 E53.95206
G1 X218.736 Y216.881 E53.96233
G1 X218.701 Y216.592 E53.97262
G1 X218.748 Y216.304 E53.98293
G1 X218.694 Y216.15 E53.98869
G1 X218.422 Y215.855 E54.00287
G1 X218.332 Y215.678 E54.00988
G1 X218.278 Y215.36 E54.02128
G1 X218.177 Y215.191 E54.02823
G1 X217.749 Y214.939 E54.04578
G1 X217.519 Y214.543 E54.06195
G1 X217.342 Y214.428 E54.06941
G1 X216.994 Y214.37 E54.08187
G1 X216.756 Y214.235 E54.09154
G1 X216.561 Y214.038 E54.10133
G1 X216.42 Y213.977 E54.10676
G1 X215.947 Y214.025 E54.12355
G1 X215.788 Y213.993 E54.12928
G1 X215.545 Y213.862 E54.13903
G1 X215.389 Y213.825 E54.1447
G1 X215.223 Y213.862 E54.15071
G1 X214.966 Y214.001 E54.16103
G1 X214.75 Y214.038 E54.16877
G1 X214.434 Y213.991 E54.18005
G1 X214.24 Y214.036 E54.18709
G1 X213.962 Y214.307 E54.2008
G1 X213.767 Y214.409 E54.20858
G1 X213.382 Y214.484 E54.22243
G1 X213.224 Y214.646 E54.23043
G1 X213.099 Y214.903 E54.24052
G1 X212.951 Y215.054 E54.24799
G1 X212.592 Y215.262 E54.26265
G1 X212.517 Y215.398 E54.26814
G1 X212.463 Y215.74 E54.28037
G1 X212.37 Y215.926 E54.28771
G1 X212.145 Y216.16 E54.29918
G1 X212.068 Y216.339 E54.30606
G1 X212.108 Y216.855 E54.32435
G1 X211.937 Y217.286 E54.34073
M204 S2500
G0 F15000 X211.499 Y217.282
M204 S1250
;TYPE:WALL-OUTER
G1 F864.2 X211.492 Y217.369 E54.34381
G1 X211.558 Y217.669 E54.35466
G1 X211.698 Y217.912 E54.36457
G1 X211.653 Y218.328 E54.37935
G1 X211.68 Y218.507 E54.38574
G1 X211.807 Y218.783 E54.39648
G1 X212.064 Y219.033 E54.40914
G1 X212.147 Y219.428 E54.4234
G1 X212.329 Y219.735 E54.43601
G1 X212.81 Y220.035 E54.45603
G1 X212.966 Y220.349 E54.46842
G1 X213.094 Y220.479 E54.47486
G1 X213.352 Y220.625 E54.48534
G1 X213.726 Y220.68 E54.49869
G1 X214.01 Y220.947 E54.51246
G1 X214.338 Y221.087 E54.52506
G1 X214.585 Y221.093 E54.53379
G1 X214.831 Y221.038 E54.54269
G1 X215.211 Y221.211 E54.55744
G1 X215.391 Y221.244 E54.56391
G1 X215.608 Y221.226 E54.5716
G1 X216.047 Y221.027 E54.58862
G1 X216.504 Y221.078 E54.60487
G1 X216.808 Y220.972 E54.61624
G1 X217.14 Y220.661 E54.63231
G1 X217.426 Y220.616 E54.64254
G1 X217.759 Y220.469 E54.6554
G1 X217.959 Y220.242 E54.66609
G1 X218.073 Y219.982 E54.67611
G1 X218.438 Y219.773 E54.69097
G1 X218.572 Y219.645 E54.69752
G1 X218.716 Y219.388 E54.70792
G1 X218.772 Y219.01 E54.72142
G1 X219.089 Y218.65 E54.73837
G1 X219.185 Y218.341 E54.7498
G1 X219.131 Y217.869 E54.76658
G1 X219.324 Y217.439 E54.78323
G1 X219.336 Y217.271 E54.78918
G1 X219.274 Y216.976 E54.79983
G1 X219.13 Y216.737 E54.80969
G1 X219.166 Y216.232 E54.82757
G1 X219.063 Y215.928 E54.83891
G1 X218.753 Y215.596 E54.85496
G1 X218.682 Y215.216 E54.86861
G1 X218.499 Y214.912 E54.88115
G1 X218.022 Y214.613 E54.90103
G1 X217.869 Y214.301 E54.91331
G1 X217.738 Y214.165 E54.91998
G1 X217.476 Y214.023 E54.93051
G1 X217.118 Y213.969 E54.9433
G1 X216.813 Y213.696 E54.95776
G1 X216.441 Y213.55 E54.97187
G1 X215.942 Y213.601 E54.98959
G1 X215.72 Y213.477 E54.99858
G1 X215.362 Y213.401 E55.0115
G1 X215.067 Y213.466 E55.02218
G1 X214.806 Y213.612 E55.03274
G1 X214.422 Y213.563 E55.04642
G1 X214.072 Y213.644 E55.05911
G1 X213.64 Y214.009 E55.07908
G1 X213.301 Y214.056 E55.09117
G1 X213.133 Y214.138 E55.09778
G1 X212.87 Y214.408 E55.11109
G1 X212.718 Y214.704 E55.12285
G1 X212.394 Y214.871 E55.13572
G1 X212.256 Y215.002 E55.14245
G1 X212.111 Y215.264 E55.15302
G1 X212.056 Y215.634 E55.16624
G1 X211.793 Y215.918 E55.17991
G1 X211.65 Y216.247 E55.19258
G1 X211.643 Y216.492 E55.20124
G1 X211.695 Y216.779 E55.21155
G1 X211.504 Y217.214 E55.22833
G1 X211.499 Y217.282 E55.23074
M204 S2500
G0 F15000 X211.492 Y217.369
G0 X211.516 Y217.479
G0 X212.597 Y217.308
;MESH:NONMESH
G0 F600 X212.597 Y217.308 Z3
G0 F15000 X213.357 Y215.265
;TIME_ELAPSED:89.993526
;LAYER:14
;note -- min layer time used
;TYPE:FILL
;MESH:molette.stl
G1 F866.6 X217.476 Y219.384 E55.46101
G1 X217.626 Y219.231 E55.46948
G1 X217.895 Y219.079 E55.4817
G1 X217.942 Y218.79 E55.49327
G1 X218.104 Y218.464 E55.50766
G1 X218.31 Y218.215 E55.52044
G1 X218.27 Y217.93 E55.53181
G1 X218.359 Y217.485 E55.54975
G1 X218.45 Y217.288 E55.55833
G1 X218.273 Y216.853 E55.5769
G1 X218.296 Y216.398 E55.59491
G1 X218.061 Y216.107 E55.60969
G1 X217.911 Y215.807 E55.62295
G1 X217.863 Y215.529 E55.6341
G1 X217.584 Y215.368 E55.64684
G1 X217.477 Y215.262 E55.65279
G1 X213.359 Y219.381 E55.88304
G1 X212.961 Y219.094 E55.90244
G1 X212.826 Y218.632 E55.92146
G1 X212.528 Y218.262 E55.94024
G1 X212.567 Y217.905 E55.95444
G1 X212.534 Y217.702 E55.96257
G1 X212.373 Y217.355 E55.97769
G1 X212.544 Y216.931 E55.99577
G1 X212.52 Y216.4 E56.01678
G1 X212.723 Y216.194 E56.02821
G1 X212.892 Y215.855 E56.04319
G1 X212.932 Y215.553 E56.05523
G1 X213.199 Y215.42 E56.06702
G1 X213.447 Y215.176 E56.08077
G1 X213.619 Y214.868 E56.09472
G1 X213.807 Y214.849 E56.10219
G1 X214.22 Y214.663 E56.12009
G1 X214.439 Y214.439 E56.13248
G1 X214.752 Y214.481 E56.14496
G1 X215.09 Y214.429 E56.15848
G1 X215.393 Y214.288 E56.17169
G1 X215.488 Y214.244
G0 F15000 X212.205 Y217.359
G0 X211.929 Y217.286
M204 S1250
;TYPE:WALL-INNER
G1 F866.6 X211.912 Y217.329 E56.17333
G1 X211.928 Y217.456 E56.17785
G1 X212.103 Y217.824 E56.19224
G1 X212.122 Y217.979 E56.19776
G1 X212.07 Y218.334 E56.21043
G1 X212.144 Y218.534 E56.21797
G1 X212.392 Y218.785 E56.23043
G1 X212.505 Y219.034 E56.24009
G1 X212.552 Y219.33 E56.25068
G1 X212.638 Y219.447 E56.25581
G1 X213.001 Y219.648 E56.27047
G1 X213.148 Y219.797 E56.27786
G1 X213.268 Y220.058 E56.28801
G1 X213.419 Y220.201 E56.29535
G1 X213.873 Y220.298 E56.31175
G1 X214.018 Y220.379 E56.31762
G1 X214.195 Y220.563 E56.32664
G1 X214.384 Y220.67 E56.33431
G1 X214.809 Y220.63 E56.34939
G1 X215.01 Y220.656 E56.35655
G1 X215.337 Y220.812 E56.36935
G1 X215.491 Y220.824 E56.37481
G1 X215.874 Y220.645 E56.38974
G1 X216.148 Y220.618 E56.39947
G1 X216.441 Y220.666 E56.40996
G1 X216.581 Y220.619 E56.41517
G1 X216.918 Y220.313 E56.43125
G1 X217.486 Y220.155 E56.45208
G1 X217.819 Y219.649 E56.47348
G1 X218.275 Y219.362 E56.49251
G1 X218.331 Y219.233 E56.49748
G1 X218.37 Y218.921 E56.50859
G1 X218.471 Y218.718 E56.5166
G1 X218.651 Y218.544 E56.52544
G1 X218.762 Y218.351 E56.53331
G1 X218.718 Y217.93 E56.54826
G1 X218.775 Y217.646 E56.55849
G1 X218.877 Y217.47 E56.56568
G1 X218.916 Y217.245 E56.57374
G1 X218.724 Y216.816 E56.59035
G1 X218.709 Y216.592 E56.59828
G1 X218.758 Y216.301 E56.6087
G1 X218.707 Y216.155 E56.61417
G1 X218.43 Y215.855 E56.62859
G1 X218.338 Y215.671 E56.63586
G1 X218.242 Y215.247 E56.65121
G1 X218.116 Y215.133 E56.65722
G1 X217.743 Y214.919 E56.67241
G1 X217.511 Y214.52 E56.68871
G1 X217.323 Y214.409 E56.69642
G1 X217.013 Y214.37 E56.70746
G1 X216.805 Y214.265 E56.71569
G1 X216.543 Y214.011 E56.72858
G1 X216.265 Y213.968 E56.73852
G1 X216.026 Y214.018 E56.74715
G1 X215.739 Y213.962 E56.75748
G1 X215.566 Y213.862 E56.76454
G1 X215.342 Y213.82 E56.77259
G1 X214.806 Y214.033 E56.79296
G1 X214.424 Y213.986 E56.80656
G1 X214.243 Y214.025 E56.8131
G1 X213.913 Y214.329 E56.82895
G1 X213.703 Y214.414 E56.83695
G1 X213.406 Y214.459 E56.84756
G1 X213.289 Y214.547 E56.85273
G1 X213.088 Y214.909 E56.86736
G1 X212.94 Y215.055 E56.8747
G1 X212.611 Y215.225 E56.88779
G1 X212.501 Y215.416 E56.89557
G1 X212.462 Y215.727 E56.90665
G1 X212.361 Y215.93 E56.91466
G1 X212.15 Y216.128 E56.92488
G1 X212.074 Y216.253 E56.93004
G1 X212.057 Y216.423 E56.93608
G1 X212.11 Y216.718 E56.94667
G1 X212.094 Y216.88 E56.95242
G1 X211.929 Y217.286 E56.9679
M204 S2500
G0 F15000 X211.492 Y217.282
M204 S1250
;TYPE:WALL-OUTER
G1 F866.6 X211.486 Y217.299 E56.96854
G1 X211.52 Y217.584 E56.97868
G1 X211.691 Y217.911 E56.99171
G1 X211.645 Y218.328 E57.00653
G1 X211.672 Y218.512 E57.0131
G1 X211.795 Y218.78 E57.02352
G1 X212.087 Y219.094 E57.03867
G1 X212.174 Y219.526 E57.05423
G1 X212.357 Y219.773 E57.06509
G1 X212.774 Y220.004 E57.08193
G1 X213.015 Y220.419 E57.09888
G1 X213.209 Y220.571 E57.10759
G1 X213.414 Y220.649 E57.11534
G1 X213.718 Y220.688 E57.12617
G1 X213.924 Y220.891 E57.13638
G1 X214.254 Y221.079 E57.1498
G1 X214.539 Y221.107 E57.15992
G1 X214.889 Y221.058 E57.1724
G1 X215.195 Y221.212 E57.1845
G1 X215.387 Y221.252 E57.19143
G1 X215.601 Y221.237 E57.19901
G1 X216.043 Y221.035 E57.21618
G1 X216.509 Y221.086 E57.23274
G1 X216.804 Y220.987 E57.24373
G1 X217.14 Y220.669 E57.26007
G1 X217.435 Y220.624 E57.27061
G1 X217.759 Y220.481 E57.28312
G1 X217.96 Y220.254 E57.29383
G1 X218.089 Y219.974 E57.30472
G1 X218.355 Y219.84 E57.31525
G1 X218.587 Y219.648 E57.32588
G1 X218.745 Y219.328 E57.33849
G1 X218.807 Y218.97 E57.35133
G1 X218.979 Y218.816 E57.35948
G1 X219.171 Y218.482 E57.37309
G1 X219.199 Y218.202 E57.38303
G1 X219.138 Y217.916 E57.39336
G1 X219.268 Y217.636 E57.40427
G1 X219.344 Y217.344 E57.41493
G1 X219.329 Y217.135 E57.42233
G1 X219.127 Y216.693 E57.43949
G1 X219.178 Y216.231 E57.45591
G1 X219.075 Y215.932 E57.46709
G1 X218.745 Y215.565 E57.48452
G1 X218.716 Y215.309 E57.49362
G1 X218.568 Y214.976 E57.50649
G1 X218.345 Y214.775 E57.5171
G1 X218.066 Y214.647 E57.52794
G1 X217.815 Y214.224 E57.54532
G1 X217.619 Y214.073 E57.55406
G1 X217.419 Y213.995 E57.56164
G1 X217.077 Y213.943 E57.57386
G1 X216.741 Y213.636 E57.58994
G1 X216.513 Y213.554 E57.5985
G1 X216.211 Y213.547 E57.60917
G1 X216.009 Y213.598 E57.61653
G1 X215.435 Y213.392 E57.63807
G1 X215.232 Y213.407 E57.64527
G1 X214.773 Y213.614 E57.66305
G1 X214.416 Y213.558 E57.67582
G1 X214.081 Y213.63 E57.68792
G1 X213.899 Y213.745 E57.69553
G1 X213.729 Y213.941 E57.70469
G1 X213.619 Y214.002 E57.70914
G1 X213.21 Y214.081 E57.72385
G1 X212.963 Y214.265 E57.73473
G1 X212.698 Y214.712 E57.75309
G1 X212.316 Y214.921 E57.76847
G1 X212.166 Y215.117 E57.77719
G1 X212.087 Y215.32 E57.78488
G1 X212.025 Y215.678 E57.79772
G1 X211.84 Y215.84 E57.80641
G1 X211.662 Y216.149 E57.819
G1 X211.633 Y216.447 E57.82958
G1 X211.69 Y216.73 E57.83978
G1 X211.492 Y217.282 E57.86049
M204 S2500
G0 F15000 X211.486 Y217.299
G0 X211.507 Y217.479
G0 X212.58 Y217.321
;MESH:NONMESH
G0 F600 X212.58 Y217.321 Z3.2
G0 F15000 X213.35 Y215.257
;TIME_ELAPSED:95.280165
;LAYER:15
;note -- min layer time used
;TYPE:FILL
;MESH:molette.stl
G1 F1366.6 X213.456 Y215.364 E57.86645
G1 X213.396 Y215.26
G1 X217.478 Y215.26 E58.02781
G1 X217.61 Y215.371
G1 X217.563 Y215.345 E58.02994
G1 X217.483 Y215.256 E58.03467
G1 X216.67 Y216.069 E58.08012
G1 X216.538 Y216.2
G1 X216.67 Y216.069 E58.08747
G1 X216.67 Y218.577 E58.18662
G1 X216.67 Y220.255 E58.25295
G0 F15000 X216.2 Y220.422
G1 F1366.6 X216.2 Y218.109 E58.34438
G0 F15000 X216.67 Y218.577
G0 X217.61 Y219.256
G1 F1366.6 X217.882 Y219.103 E58.35672
G1 X218.027 Y218.588 E58.37787
G1 X218.08 Y218.527 E58.38107
G0 F15000 X218.08 Y216.108
G1 F1366.6 X218.314 Y216.377 E58.39516
G1 X218.266 Y216.685 E58.40748
G1 X218.317 Y216.995 E58.4199
G1 X218.461 Y217.312 E58.43367
G1 X218.369 Y217.47 E58.44089
G1 X218.276 Y217.834 E58.45574
G1 X218.311 Y218.262 E58.47272
G1 X218.08 Y218.527 E58.48662
G1 X218.08 Y216.108 E58.58224
G1 X218.036 Y216.058 E58.58488
G1 X217.928 Y215.83 E58.59485
G1 X217.862 Y215.513 E58.60765
G1 X217.61 Y215.371 E58.61908
G1 X217.61 Y219.256 E58.77266
G1 X217.48 Y219.388 E58.77999
G1 X214.559 Y216.467 E58.94329
G1 X213.604 Y219.135 E59.05531
G1 X213.352 Y219.388 E59.06942
G1 X213.248 Y219.284 E59.07524
G1 X212.955 Y219.132 E59.08829
G1 X212.911 Y218.828 E59.10043
G1 X212.795 Y218.606 E59.11033
G1 X213.823 Y215.732 E59.23099
G1 X214.293 Y216.2 E59.25721
G0 F15000 X214.559 Y216.467
G1 F1366.6 X214.293 Y216.2 E59.27211
G1 X216.538 Y216.2 E59.36086
G1 X213.604 Y219.135 E59.52491
G1 X213.53 Y219.209
G0 F15000 X212.795 Y218.606
G1 F1366.6 X212.749 Y218.518 E59.52884
G1 X212.526 Y218.265 E59.54217
G1 X212.566 Y217.978 E59.55363
G1 X212.552 Y217.891 E59.55711
G1 X213.456 Y215.364 E59.66321
G1 X213.823 Y215.732 E59.68375
G1 X213.897 Y215.806
G0 F15000 X213.958 Y214.79
G1 F1366.6 X217.424 Y214.79 E59.82077
G1 X217.529 Y214.79
G0 F15000 X217.372 Y214.867
G0 X215.403 Y214.277
G1 F1366.6 X215.085 Y214.422 E59.83458
G1 X214.764 Y214.472 E59.84742
G1 X214.433 Y214.446 E59.86055
G1 X214.229 Y214.648 E59.8719
G1 X214.03 Y214.77 E59.88113
G1 X213.591 Y214.888 E59.8991
G1 X213.452 Y215.155 E59.911
G1 X213.207 Y215.403 E59.92478
G1 X212.952 Y215.539 E59.9362
G1 X212.821 Y216.025 E59.9561
G1 X212.645 Y216.277 E59.96825
G1 X212.514 Y216.392 E59.97514
G1 X212.553 Y216.738 E59.9889
G1 X212.502 Y217.065 E60.00199
G1 X212.376 Y217.323 E60.01334
G1 X212.508 Y217.637 E60.0268
G1 X212.552 Y217.891 E60.03699
G1 X212.569 Y217.994
G0 F15000 X214.32 Y218.42
G1 F1366.6 X214.32 Y220.377 E60.11436
G1 X214.32 Y220.482
G0 F15000 X215.26 Y220.548
G1 F1366.6 X215.26 Y217.48 E60.23564
G0 F15000 X215.73 Y217.639
G1 F1366.6 X215.73 Y220.486 E60.34818
G1 X215.73 Y220.591
G0 F15000 X215.648 Y220.437
G0 X212.196 Y217.334
G0 X211.917 Y217.286
M204 S1250
;TYPE:WALL-INNER
G1 F1366.6 X211.924 Y217.463 E60.35444
G1 X212.083 Y217.772 E60.36672
G1 X212.118 Y217.981 E60.3742
G1 X212.065 Y218.341 E60.38706
G1 X212.137 Y218.532 E60.39427
G1 X212.417 Y218.823 E60.40853
G1 X212.484 Y218.966 E60.41411
G1 X212.523 Y219.266 E60.4248
G1 X212.659 Y219.481 E60.43379
G1 X212.987 Y219.648 E60.44679
G1 X213.135 Y219.795 E60.45416
G1 X213.336 Y220.151 E60.4686
G1 X213.49 Y220.233 E60.47476
G1 X213.821 Y220.285 E60.4866
G1 X214.058 Y220.419 E60.49622
G1 X214.264 Y220.627 E60.50656
G1 X214.405 Y220.68 E60.51188
G1 X214.831 Y220.634 E60.52701
G1 X215.022 Y220.664 E60.53384
G1 X215.401 Y220.835 E60.54853
G1 X215.555 Y220.814 E60.55402
G1 X215.867 Y220.656 E60.56638
G1 X216.086 Y220.622 E60.57421
G1 X216.358 Y220.673 E60.58398
G1 X216.562 Y220.639 E60.59129
G1 X216.86 Y220.362 E60.60566
G1 X217.067 Y220.253 E60.61392
G1 X217.352 Y220.214 E60.62409
G1 X217.491 Y220.155 E60.62942
G1 X217.61 Y220.024 E60.63567
G1 X217.735 Y219.761 E60.64596
G1 X217.841 Y219.641 E60.65162
G1 X218.204 Y219.436 E60.66634
G1 X218.303 Y219.302 E60.67223
G1 X218.415 Y218.819 E60.68974
G1 X218.72 Y218.473 E60.70604
G1 X218.775 Y218.313 E60.71201
G1 X218.723 Y217.869 E60.7278
G1 X218.779 Y217.648 E60.73586
G1 X218.916 Y217.391 E60.74615
G1 X218.913 Y217.228 E60.75191
G1 X218.725 Y216.79 E60.76874
G1 X218.764 Y216.305 E60.78593
G1 X218.711 Y216.153 E60.79162
G1 X218.437 Y215.854 E60.80594
G1 X218.351 Y215.688 E60.81255
G1 X218.29 Y215.325 E60.82555
G1 X218.205 Y215.196 E60.83101
G1 X217.801 Y214.962 E60.8475
G1 X217.656 Y214.786 E60.85556
G1 X217.534 Y214.538 E60.86532
G1 X217.396 Y214.434 E60.87143
G1 X216.958 Y214.346 E60.88721
G1 X216.819 Y214.269 E60.89282
G1 X216.515 Y213.991 E60.90737
G1 X216.343 Y213.962 E60.91353
G1 X216.017 Y214.014 E60.9252
G1 X215.742 Y213.957 E60.93512
G1 X215.479 Y213.823 E60.94554
G1 X215.319 Y213.825 E60.9512
G1 X214.952 Y213.995 E60.96549
G1 X214.755 Y214.026 E60.97253
G1 X214.381 Y213.974 E60.98587
G1 X214.23 Y214.018 E60.99142
G1 X213.957 Y214.295 E61.00516
G1 X213.673 Y214.415 E61.01606
G1 X213.395 Y214.458 E61.02599
G1 X213.26 Y214.559 E61.03195
G1 X213.057 Y214.936 E61.04707
G1 X212.942 Y215.043 E61.05262
G1 X212.63 Y215.206 E61.06506
G1 X212.505 Y215.398 E61.07315
G1 X212.456 Y215.728 E61.08494
G1 X212.315 Y215.977 E61.09505
G1 X212.109 Y216.173 E61.10509
G1 X212.059 Y216.335 E61.11108
G1 X212.105 Y216.779 E61.12685
G1 X212.075 Y216.929 E61.13225
G1 X211.916 Y217.249 E61.14487
G1 X211.917 Y217.286 E61.14618
M204 S2500
G0 F15000 X211.483 Y217.282
M204 S1250
;TYPE:WALL-OUTER
G1 F1366.6 X211.481 Y217.295 E61.14665
G1 X211.516 Y217.594 E61.15728
G1 X211.687 Y217.91 E61.16997
G1 X211.641 Y218.333 E61.185
G1 X211.664 Y218.512 E61.19138
G1 X211.79 Y218.782 E61.2019
G1 X212.052 Y219.033 E61.21472
G1 X212.108 Y219.347 E61.22599
G1 X212.258 Y219.676 E61.23876
G1 X212.415 Y219.829 E61.24651
G1 X212.759 Y220.002 E61.26011
G1 X212.951 Y220.355 E61.2743
G1 X213.078 Y220.49 E61.28085
G1 X213.361 Y220.64 E61.29217
G1 X213.698 Y220.687 E61.30419
G1 X214.008 Y220.966 E61.31892
G1 X214.177 Y221.058 E61.32572
G1 X214.381 Y221.106 E61.33312
G1 X214.844 Y221.054 E61.34958
G1 X215.206 Y221.224 E61.36371
G1 X215.387 Y221.259 E61.37022
G1 X215.686 Y221.22 E61.38087
G1 X216.077 Y221.042 E61.39605
G1 X216.509 Y221.09 E61.4114
G1 X216.747 Y221.023 E61.42014
G1 X217.172 Y220.661 E61.43986
G1 X217.622 Y220.568 E61.45609
G1 X217.763 Y220.481 E61.46194
G1 X217.968 Y220.253 E61.47277
G1 X218.082 Y219.997 E61.48267
G1 X218.446 Y219.785 E61.49755
G1 X218.582 Y219.659 E61.5041
G1 X218.703 Y219.45 E61.51263
G1 X218.794 Y219 E61.52885
G1 X219.058 Y218.731 E61.54217
G1 X219.149 Y218.565 E61.54885
G1 X219.202 Y218.328 E61.55743
G1 X219.147 Y217.864 E61.57394
G1 X219.337 Y217.453 E61.58993
G1 X219.331 Y217.13 E61.60135
G1 X219.135 Y216.697 E61.61814
G1 X219.182 Y216.233 E61.63461
G1 X219.079 Y215.931 E61.64588
G1 X218.777 Y215.608 E61.6615
G1 X218.696 Y215.202 E61.67613
G1 X218.476 Y214.866 E61.69032
G1 X218.049 Y214.619 E61.70774
G1 X217.882 Y214.294 E61.72065
G1 X217.748 Y214.155 E61.72747
G1 X217.542 Y214.033 E61.73593
G1 X217.082 Y213.94 E61.75251
G1 X216.822 Y213.681 E61.76547
G1 X216.657 Y213.589 E61.77214
G1 X216.339 Y213.534 E61.78354
G1 X216.009 Y213.594 E61.79539
G1 X215.541 Y213.403 E61.81325
G1 X215.221 Y213.406 E61.82455
G1 X214.822 Y213.596 E61.84017
G1 X214.322 Y213.554 E61.85789
G1 X213.964 Y213.687 E61.87138
G1 X213.703 Y213.96 E61.88472
G1 X213.207 Y214.078 E61.90273
G1 X212.908 Y214.323 E61.91639
G1 X212.734 Y214.667 E61.93001
G1 X212.386 Y214.858 E61.94403
G1 X212.245 Y214.993 E61.95093
G1 X212.097 Y215.269 E61.96199
G1 X212.054 Y215.608 E61.97406
G1 X211.727 Y215.986 E61.99172
G1 X211.631 Y216.299 E62.00328
G1 X211.686 Y216.748 E62.01926
G1 X211.514 Y217.11 E62.03342
G1 X211.483 Y217.282 E62.0396
M204 S2500
G0 F15000 X211.481 Y217.295
G0 X211.502 Y217.48
G0 X212.551 Y217.343
;MESH:NONMESH
G0 F600 X212.551 Y217.343 Z3.4
G0 F15000 X215.2 Y216.978
;TIME_ELAPSED:101.219898
;LAYER:16
;note -- min layer time used
;MESH:molette.stl
G0 X215.806 Y217.462
;TYPE:FILL
G1 F1609.7 X215.814 Y217.207 E62.04968
G1 X215.699 Y217.04 E62.0577
G1 X215.133 Y217.606 E62.08934
G1 X215.055 Y217.535 E62.09351
G1 X215.015 Y217.415 E62.09851
G1 X215.047 Y217.139 E62.10949
G1 X215.2 Y216.978 E62.11827
G1 X215.424 Y216.907 E62.12756
G1 X215.137 Y217.044 E62.14013
G1 X215.703 Y217.611 E62.1718
G1 X215.742 Y217.585 E62.17366
G1 X215.806 Y217.462 E62.17914
G0 F15000 X212.187 Y217.346
G0 X211.911 Y217.251
M204 S1250
;TYPE:WALL-INNER
G1 F1609.7 X211.91 Y217.286 E62.18037
G1 X211.905 Y217.401 E62.18444
G1 X212.08 Y217.787 E62.19941
G1 X212.11 Y217.979 E62.20628
G1 X212.061 Y218.338 E62.21908
G1 X212.134 Y218.534 E62.22647
G1 X212.445 Y218.887 E62.24308
G1 X212.557 Y219.365 E62.26043
G1 X212.701 Y219.508 E62.2676
G1 X213.022 Y219.678 E62.28043
G1 X213.179 Y219.872 E62.28924
G1 X213.317 Y220.14 E62.29989
G1 X213.434 Y220.22 E62.3049
G1 X213.822 Y220.287 E62.31881
G1 X213.995 Y220.372 E62.32562
G1 X214.263 Y220.632 E62.33881
G1 X214.4 Y220.684 E62.34399
G1 X214.872 Y220.639 E62.36073
G1 X215.028 Y220.671 E62.36636
G1 X215.277 Y220.807 E62.37638
G1 X215.431 Y220.841 E62.38195
G1 X215.988 Y220.631 E62.40298
G1 X216.399 Y220.673 E62.41758
G1 X216.578 Y220.633 E62.42406
G1 X216.919 Y220.327 E62.44024
G1 X217.07 Y220.258 E62.44611
G1 X217.345 Y220.221 E62.45591
G1 X217.495 Y220.159 E62.46164
G1 X217.608 Y220.033 E62.46762
G1 X217.734 Y219.766 E62.47805
G1 X217.889 Y219.607 E62.48589
G1 X218.18 Y219.456 E62.49748
G1 X218.304 Y219.315 E62.50411
G1 X218.398 Y218.871 E62.52014
G1 X218.475 Y218.732 E62.52575
G1 X218.706 Y218.495 E62.53745
G1 X218.781 Y218.326 E62.54398
G1 X218.726 Y217.929 E62.55814
G1 X218.757 Y217.715 E62.56577
G1 X218.922 Y217.388 E62.57871
G1 X218.91 Y217.185 E62.5859
G1 X218.751 Y216.872 E62.5983
G1 X218.718 Y216.665 E62.6057
G1 X218.768 Y216.322 E62.61795
G1 X218.672 Y216.076 E62.62728
G1 X218.449 Y215.865 E62.63812
G1 X218.349 Y215.67 E62.64586
G1 X218.313 Y215.391 E62.6558
G1 X218.25 Y215.241 E62.66155
G1 X218.125 Y215.13 E62.66745
G1 X217.856 Y215 E62.67801
G1 X217.7 Y214.849 E62.68568
G1 X217.549 Y214.558 E62.69726
G1 X217.41 Y214.436 E62.70379
G1 X216.934 Y214.33 E62.72102
G1 X216.573 Y214.02 E62.73783
G1 X216.398 Y213.956 E62.74441
G1 X216.015 Y214.01 E62.75807
G1 X215.812 Y213.98 E62.76532
G1 X215.484 Y213.819 E62.77823
G1 X215.276 Y213.828 E62.78558
G1 X214.966 Y213.988 E62.79791
G1 X214.756 Y214.022 E62.80542
G1 X214.429 Y213.975 E62.81709
G1 X214.235 Y214.018 E62.82411
G1 X214.033 Y214.219 E62.83418
G1 X213.768 Y214.385 E62.84523
G1 X213.449 Y214.439 E62.85665
G1 X213.277 Y214.542 E62.86374
G1 X213.038 Y214.954 E62.88056
G1 X212.617 Y215.214 E62.89804
G1 X212.524 Y215.344 E62.90369
G1 X212.448 Y215.738 E62.91786
G1 X212.364 Y215.906 E62.9245
G1 X212.104 Y216.176 E62.93774
G1 X212.056 Y216.332 E62.94351
G1 X212.101 Y216.779 E62.95938
G1 X212.075 Y216.918 E62.96437
G1 X211.911 Y217.251 E62.97748
M204 S2500
G0 F15000 X211.501 Y217.282
M204 S1250
;TYPE:WALL-OUTER
G1 F1609.7 X211.491 Y217.509 E62.98551
G1 X211.689 Y217.952 E63.00265
G1 X211.637 Y218.332 E63.0162
G1 X211.661 Y218.512 E63.02262
G1 X211.786 Y218.783 E63.03316
G1 X212.044 Y219.033 E63.04585
G1 X212.128 Y219.442 E63.0606
G1 X212.21 Y219.612 E63.06727
G1 X212.458 Y219.86 E63.07966
G1 X212.79 Y220.039 E63.09298
G1 X212.889 Y220.268 E63.10179
G1 X213.142 Y220.543 E63.11499
G1 X213.305 Y220.625 E63.12144
G1 X213.696 Y220.687 E63.13542
G1 X214.005 Y220.97 E63.15023
G1 X214.173 Y221.062 E63.15699
G1 X214.376 Y221.11 E63.16436
G1 X214.84 Y221.058 E63.18086
G1 X215.101 Y221.191 E63.1912
G1 X215.461 Y221.264 E63.20418
G1 X215.753 Y221.201 E63.21473
G1 X216.018 Y221.052 E63.22547
G1 X216.41 Y221.101 E63.23943
G1 X216.752 Y221.024 E63.25181
G1 X216.993 Y220.854 E63.26223
G1 X217.175 Y220.665 E63.2715
G1 X217.427 Y220.636 E63.28046
G1 X217.767 Y220.485 E63.2936
G1 X217.968 Y220.261 E63.30423
G1 X218.093 Y219.986 E63.3149
G1 X218.438 Y219.797 E63.3288
G1 X218.674 Y219.531 E63.34136
G1 X218.804 Y218.994 E63.36088
G1 X219.056 Y218.741 E63.37349
G1 X219.193 Y218.434 E63.38537
G1 X219.211 Y218.23 E63.3926
G1 X219.146 Y217.918 E63.40386
G1 X219.323 Y217.529 E63.41896
G1 X219.355 Y217.354 E63.42524
G1 X219.316 Y217.054 E63.43593
G1 X219.138 Y216.685 E63.4504
G1 X219.194 Y216.321 E63.46341
G1 X219.147 Y216.058 E63.47285
G1 X219 Y215.804 E63.48322
G1 X218.757 Y215.564 E63.49528
G1 X218.728 Y215.309 E63.50435
G1 X218.576 Y214.969 E63.51751
G1 X218.353 Y214.772 E63.52802
G1 X218.093 Y214.654 E63.5381
G1 X217.889 Y214.298 E63.5526
G1 X217.624 Y214.066 E63.56504
G1 X217.373 Y213.98 E63.57441
G1 X217.135 Y213.958 E63.58286
G1 X216.825 Y213.676 E63.59766
G1 X216.605 Y213.566 E63.60635
G1 X216.402 Y213.53 E63.61363
G1 X215.993 Y213.59 E63.62824
G1 X215.622 Y213.417 E63.6427
G1 X215.448 Y213.385 E63.64895
G1 X215.146 Y213.42 E63.65969
G1 X214.829 Y213.591 E63.67241
G1 X214.418 Y213.547 E63.68701
G1 X214.071 Y213.625 E63.69958
G1 X213.895 Y213.737 E63.70694
G1 X213.703 Y213.952 E63.71713
G1 X213.305 Y214.035 E63.73149
G1 X212.997 Y214.221 E63.7442
G1 X212.865 Y214.383 E63.75158
G1 X212.745 Y214.648 E63.76186
G1 X212.315 Y214.914 E63.77972
G1 X212.127 Y215.176 E63.79111
G1 X212.003 Y215.687 E63.80969
G1 X211.723 Y215.987 E63.82418
G1 X211.627 Y216.295 E63.83558
G1 X211.677 Y216.78 E63.8528
G1 X211.509 Y217.113 E63.86598
G1 X211.501 Y217.282 E63.87196
M204 S2500
G0 F15000 X211.493 Y217.482
G0 X212.187 Y217.326
G0 X214.658 Y217.316
;TYPE:SKIN
G1 F1613.5 X214.65 Y217.453 E63.87679
G1 F1609.7 X214.72 Y217.692 E63.88559
G1 X214.896 Y217.905 E63.89535
G1 X215.131 Y218.055 E63.9052
G1 X215.604 Y218.085 E63.92194
G1 X216.023 Y217.815 E63.93955
G1 X216.165 Y217.521 E63.95108
G1 X216.172 Y217.12 E63.96525
G1 X215.836 Y216.662 E63.98532
G1 X215.374 Y216.544 E64.00216
G1 X214.979 Y216.681 E64.01693
G1 X214.727 Y216.954 E64.03006
G1 X214.671 Y217.093 E64.03535
G1 F1613.5 X214.658 Y217.316 E64.04322
G0 F15000 X212.268 Y217.29
G1 F1609.7 X212.42 Y216.905 E64.05784
G1 X212.395 Y216.345 E64.07765
G1 X212.581 Y216.164 E64.08681
G1 X212.767 Y215.84 E64.10001
G1 X212.85 Y215.464 E64.11361
G1 X213.153 Y215.299 E64.1258
G1 X213.364 Y215.083 E64.13647
G1 X213.504 Y214.798 E64.14769
G1 X213.864 Y214.706 E64.16081
G1 X214.16 Y214.553 E64.17258
G1 X214.374 Y214.333 E64.18342
G1 X214.758 Y214.354 E64.19701
G1 X215.074 Y214.305 E64.20831
G1 X215.415 Y214.159 E64.22141
G1 X215.715 Y214.299 E64.2331
G1 X215.925 Y214.341 E64.24067
G1 X216.351 Y214.299 E64.25579
G1 X216.633 Y214.542 E64.26894
G1 X216.895 Y214.671 E64.27926
G1 X217.245 Y214.738 E64.29185
G1 X217.464 Y215.094 E64.30661
G1 X217.665 Y215.278 E64.31624
G1 X217.97 Y215.454 E64.32868
G1 X218.027 Y215.768 E64.33995
G1 X218.169 Y216.048 E64.35104
G1 X218.42 Y216.337 E64.36456
G1 X218.382 Y216.65 E64.3757
G1 X218.433 Y216.99 E64.38785
G1 X218.576 Y217.321 E64.40058
G1 X218.433 Y217.615 E64.41213
G1 X218.39 Y217.915 E64.42284
G1 X218.441 Y218.257 E64.43505
G1 X218.208 Y218.528 E64.44768
G1 X218.057 Y218.827 E64.45951
G1 X217.999 Y219.146 E64.47097
G1 X217.714 Y219.319 E64.48274
G1 X217.477 Y219.549 E64.49441
G1 X217.279 Y219.881 E64.50807
G1 X216.968 Y219.935 E64.51922
G1 X216.7 Y220.068 E64.52978
G1 X216.429 Y220.319 E64.54283
G1 X216.041 Y220.292 E64.55657
G1 X215.742 Y220.345 E64.5673
G1 X215.418 Y220.488 E64.57981
G1 X215.138 Y220.352 E64.59081
G1 X214.823 Y220.302 E64.60207
G1 X214.456 Y220.337 E64.6151
G1 X214.266 Y220.16 E64.62427
G1 X213.97 Y219.981 E64.63649
G1 X213.57 Y219.9 E64.65091
G1 X213.284 Y219.463 E64.66936
G1 X212.851 Y219.17 E64.68783
G1 X212.79 Y218.857 E64.69909
G1 X212.664 Y218.604 E64.70907
G1 X212.405 Y218.298 E64.72324
G1 X212.446 Y217.996 E64.734
G1 X212.403 Y217.69 E64.74492
G1 X212.249 Y217.339 E64.75846
G1 X212.268 Y217.29 E64.76032
G0 F15000 X213.791 Y219.731
G1 F1609.7 X213.543 Y219.482 E64.77273
G0 F15000 X213.241 Y219.18
G1 F1609.7 X213.024 Y218.964 E64.78355
G0 F15000 X212.648 Y217.993
G1 F1609.7 X214.752 Y220.098 E64.88868
G0 F15000 X215.479 Y220.231
G1 F1609.7 X212.506 Y217.258 E65.03721
G0 F15000 X212.621 Y216.779
G1 F1609.7 X215.942 Y220.1 E65.20312
G0 F15000 X216.448 Y220.012
G1 F1609.7 X212.735 Y216.299 E65.38861
G0 F15000 X212.955 Y215.925
G1 F1609.7 X214.444 Y217.414 E65.463
G0 F15000 X214.531 Y216.907
G1 F1609.7 X213.157 Y215.533 E65.53164
G0 F15000 X213.48 Y215.262
G1 F1609.7 X214.801 Y216.583 E65.59764
G0 F15000 X215.195 Y216.383
G1 F1609.7 X213.751 Y214.939 E65.66978
G0 F15000 X214.183 Y214.777
G1 F1609.7 X215.858 Y216.452 E65.75346
G0 F15000 X216.233 Y216.827
G1 F1609.7 X217.961 Y218.555 E65.83979
G0 F15000 X218.215 Y218.215
G1 F1609.7 X214.54 Y214.54 E66.02338
G0 F15000 X215.105 Y214.511
G1 F1609.7 X218.222 Y217.628 E66.1791
G0 F15000 X218.228 Y217.04
G1 F1609.7 X215.692 Y214.504 E66.30579
G0 F15000 X216.399 Y214.617
G1 F1609.7 X218.199 Y216.417 E66.39572
G1 X218.273 Y216.491
G0 F15000 X216.357 Y217.545
G1 F1609.7 X217.812 Y219 E66.46841
G0 F15000 X217.475 Y219.257
G1 F1609.7 X216.165 Y217.947 E66.53385
G0 F15000 X215.825 Y218.2
G1 F1609.7 X217.211 Y219.587 E66.60312
G0 F15000 X216.811 Y219.781
G1 F1609.7 X215.298 Y218.268 E66.67871
G1 X215.224 Y218.194
;MESH:NONMESH
G0 F600 X215.224 Y218.194 Z3.6
G0 F15000 X215.136 Y217.023
;TIME_ELAPSED:107.660037
;LAYER:17
;note -- min layer time used
;MESH:molette.stl
G0 X215.76 Y217.551
;TYPE:FILL
G1 F1608.9 X215.83 Y217.326 E66.68802
G1 X215.715 Y217.045 E66.70002
G1 X215.704 Y217.036 E66.70059
G1 X215.124 Y217.616 E66.73301
G1 X215.015 Y217.409 E66.74226
G1 X215.024 Y217.22 E66.74974
G1 X215.136 Y217.023 E66.7587
G1 X215.372 Y216.921 E66.76886
G1 X215.129 Y217.037 E66.77951
G1 X215.704 Y217.611 E66.81162
G1 X215.76 Y217.551 E66.81487
G0 F15000 X212.183 Y217.343
G0 X211.913 Y217.286
M204 S1250
;TYPE:WALL-INNER
G1 F1612.8 X211.892 Y217.333 E66.81668
G1 F1608.9 X211.929 Y217.5 E66.82272
G1 X212.091 Y217.818 E66.83533
G1 X212.066 Y218.418 E66.85655
G1 X212.156 Y218.571 E66.86282
G1 X212.374 Y218.777 E66.87341
G1 X212.477 Y218.974 E66.88126
G1 X212.528 Y219.289 E66.89254
G1 X212.625 Y219.456 E66.89936
G1 X212.976 Y219.65 E66.91353
G1 X213.12 Y219.788 E66.92057
G1 X213.328 Y220.145 E66.93517
G1 X213.428 Y220.215 E66.93948
G1 X213.827 Y220.292 E66.95383
G1 X214.005 Y220.383 E66.9609
G1 X214.258 Y220.631 E66.97341
G1 X214.467 Y220.695 E66.98113
G1 X214.867 Y220.643 E66.99538
G1 X215.395 Y220.837 E67.01525
G1 X215.527 Y220.836 E67.01992
G1 X215.965 Y220.638 E67.0369
G1 X216.436 Y220.682 E67.05361
G1 X216.586 Y220.631 E67.0592
G1 X216.923 Y220.328 E67.07521
G1 X217.062 Y220.264 E67.08062
G1 X217.398 Y220.207 E67.09266
G1 X217.611 Y220.038 E67.10226
G1 X217.742 Y219.76 E67.11312
G1 X217.891 Y219.609 E67.12061
G1 X218.208 Y219.445 E67.13322
G1 X218.326 Y219.273 E67.14059
G1 X218.381 Y218.923 E67.15311
G1 X218.467 Y218.747 E67.16003
G1 X218.752 Y218.426 E67.17519
G1 X218.79 Y218.305 E67.17967
G1 X218.736 Y217.823 E67.1968
G1 X218.928 Y217.377 E67.21396
G1 X218.929 Y217.216 E67.21964
G1 X218.719 Y216.718 E67.23874
G1 X218.775 Y216.313 E67.25318
G1 X218.703 Y216.115 E67.26062
G1 X218.451 Y215.862 E67.27324
G1 X218.374 Y215.727 E67.27873
G1 X218.269 Y215.266 E67.29543
G1 X218.166 Y215.156 E67.30075
G1 X217.853 Y214.996 E67.31317
G1 X217.706 Y214.851 E67.32046
G1 X217.54 Y214.535 E67.33307
G1 X217.362 Y214.412 E67.34072
G1 X216.9 Y214.307 E67.35745
G1 X216.513 Y213.98 E67.37535
G1 X216.368 Y213.953 E67.38056
G1 X216.018 Y214.006 E67.39307
G1 X215.813 Y213.976 E67.40039
G1 X215.499 Y213.817 E67.41282
G1 X215.279 Y213.824 E67.42059
G1 X214.864 Y214.011 E67.43667
G1 X214.34 Y213.971 E67.45524
G1 X214.209 Y214.034 E67.46037
G1 X213.955 Y214.288 E67.47306
G1 X213.767 Y214.385 E67.48054
G1 X213.451 Y214.436 E67.49184
G1 X213.286 Y214.532 E67.49859
G1 X213.057 Y214.927 E67.51472
G1 X212.876 Y215.077 E67.52302
G1 X212.611 Y215.214 E67.53356
G1 X212.52 Y215.34 E67.53905
G1 X212.444 Y215.733 E67.55319
G1 X212.354 Y215.91 E67.5602
G1 X212.105 Y216.165 E67.57279
G1 X212.045 Y216.365 E67.58017
G1 X212.102 Y216.714 E67.59266
G1 X212.067 Y216.935 E67.60057
G1 F1612.8 X211.913 Y217.286 E67.61407
M204 S2500
G0 F15000 X211.474 Y217.281
M204 S1250
;TYPE:WALL-OUTER
G1 F1608.9 X211.468 Y217.364 E67.61701
G1 X211.534 Y217.66 E67.62773
G1 X211.678 Y217.904 E67.63774
G1 X211.634 Y218.237 E67.6496
G1 X211.673 Y218.579 E67.66176
G1 X211.828 Y218.843 E67.67258
G1 X212.042 Y219.035 E67.68273
G1 X212.123 Y219.427 E67.69687
G1 X212.305 Y219.741 E67.70969
G1 X212.541 Y219.917 E67.72009
G1 X212.775 Y220.029 E67.72926
G1 X213.008 Y220.435 E67.74579
G1 X213.263 Y220.613 E67.75678
G1 X213.742 Y220.712 E67.77406
G1 X213.998 Y220.967 E67.78682
G1 X214.17 Y221.064 E67.7938
G1 X214.463 Y221.122 E67.80435
G1 X214.821 Y221.062 E67.81717
G1 X215.3 Y221.255 E67.83542
G1 X215.671 Y221.236 E67.84854
G1 X216.033 Y221.052 E67.86288
G1 X216.505 Y221.102 E67.87965
G1 X216.808 Y220.999 E67.89096
G1 X217.153 Y220.68 E67.90755
G1 X217.527 Y220.613 E67.92098
G1 X217.773 Y220.486 E67.93076
G1 X217.971 Y220.266 E67.94121
G1 X218.115 Y219.967 E67.95294
G1 X218.448 Y219.796 E67.96616
G1 X218.588 Y219.664 E67.97296
G1 X218.732 Y219.408 E67.98333
G1 X218.811 Y218.987 E67.99846
G1 X219.12 Y218.646 E68.01472
G1 X219.215 Y218.289 E68.02777
G1 X219.16 Y217.85 E68.0434
G1 X219.346 Y217.448 E68.05905
G1 X219.328 Y217.07 E68.07242
G1 X219.149 Y216.737 E68.08577
G1 X219.199 Y216.328 E68.10033
G1 X219.175 Y216.131 E68.10734
G1 X219.05 Y215.865 E68.11772
G1 X218.756 Y215.549 E68.13297
G1 X218.704 Y215.208 E68.14515
G1 X218.623 Y215.03 E68.15206
G1 X218.42 Y214.812 E68.16258
G1 X218.081 Y214.642 E68.17598
G1 X217.889 Y214.293 E68.19005
G1 X217.756 Y214.152 E68.1969
G1 X217.499 Y214.007 E68.20732
G1 X217.076 Y213.923 E68.22256
G1 X216.834 Y213.68 E68.23467
G1 X216.661 Y213.58 E68.24173
G1 X216.37 Y213.526 E68.25219
G1 X216.012 Y213.586 E68.26501
G1 X215.641 Y213.417 E68.27941
G1 X215.448 Y213.381 E68.28635
G1 X215.149 Y213.416 E68.29698
G1 X214.829 Y213.587 E68.3098
G1 X214.42 Y213.541 E68.32434
G1 X214.223 Y213.561 E68.33133
G1 X213.958 Y213.689 E68.34173
G1 X213.64 Y213.985 E68.35708
G1 X213.313 Y214.031 E68.36874
G1 X213 Y214.212 E68.38151
G1 X212.823 Y214.453 E68.39208
G1 X212.763 Y214.613 E68.39811
G1 X212.674 Y214.709 E68.40274
G1 X212.311 Y214.912 E68.41743
G1 X212.123 Y215.172 E68.42876
G1 X212.039 Y215.619 E68.44483
G1 X211.769 Y215.906 E68.45875
G1 X211.673 Y216.077 E68.46568
G1 X211.618 Y216.365 E68.47604
G1 X211.671 Y216.797 E68.49141
G1 X211.48 Y217.203 E68.50726
G1 X211.474 Y217.281 E68.51002
M204 S2500
G0 F15000 X211.468 Y217.364
G0 X211.493 Y217.478
G0 X212.187 Y217.326
G0 X214.669 Y217.316
;TYPE:SKIN
G1 F1608.9 X214.662 Y217.501 E68.51656
G1 X214.739 Y217.704 E68.52423
G1 X214.882 Y217.892 E68.53258
G1 X215.147 Y218.054 E68.54355
G1 X215.536 Y218.088 E68.55734
G1 X215.802 Y217.994 E68.56731
G1 X216.055 Y217.767 E68.57932
G1 X216.162 Y217.54 E68.58818
G1 X216.162 Y217.111 E68.60334
G1 X215.991 Y216.805 E68.61572
G1 X215.691 Y216.599 E68.62858
G1 X215.328 Y216.558 E68.64148
G1 X214.905 Y216.745 E68.65782
G1 X214.679 Y217.08 E68.67209
G1 X214.669 Y217.316 E68.68044
G0 F15000 X212.262 Y217.29
G1 F1608.9 X212.39 Y217.021 E68.69096
G1 X212.434 Y216.691 E68.70272
G1 X212.405 Y216.341 E68.71513
G1 X212.637 Y216.088 E68.72725
G1 X212.762 Y215.835 E68.73722
G1 X212.866 Y215.452 E68.75124
G1 X213.065 Y215.348 E68.75918
G1 X213.367 Y215.07 E68.77368
G1 X213.522 Y214.783 E68.7852
G1 X213.873 Y214.702 E68.79792
G1 X214.156 Y214.554 E68.8092
G1 X214.438 Y214.309 E68.8224
G1 X214.765 Y214.35 E68.83404
G1 X215.072 Y214.302 E68.84502
G1 X215.421 Y214.158 E68.85836
G1 X215.726 Y214.301 E68.87026
G1 X215.942 Y214.338 E68.878
G1 X216.391 Y214.308 E68.89389
G1 X216.638 Y214.535 E68.90575
G1 X216.895 Y214.665 E68.91592
G1 X217.278 Y214.76 E68.92986
G1 X217.485 Y215.116 E68.94441
G1 X217.973 Y215.456 E68.96542
G1 X218.036 Y215.779 E68.97704
G1 X218.179 Y216.061 E68.98821
G1 X218.429 Y216.346 E69.0016
G1 X218.386 Y216.783 E69.01712
G1 X218.591 Y217.293 E69.03653
G1 X218.398 Y217.812 E69.05609
G1 X218.442 Y218.253 E69.07175
G1 X218.177 Y218.574 E69.08645
G1 X218.061 Y218.818 E69.096
G1 X217.976 Y219.183 E69.10924
G1 X217.689 Y219.339 E69.12078
G1 X217.51 Y219.506 E69.12942
G1 X217.271 Y219.886 E69.14528
G1 X216.948 Y219.946 E69.15689
G1 X216.683 Y220.082 E69.16741
G1 X216.407 Y220.334 E69.18061
G1 X216.139 Y220.298 E69.19016
G1 X215.763 Y220.341 E69.20353
G1 X215.459 Y220.493 E69.21554
G1 X214.935 Y220.316 E69.23508
G1 X214.438 Y220.332 E69.25264
G1 X214.205 Y220.114 E69.26392
G1 X213.936 Y219.974 E69.27463
G1 X213.567 Y219.887 E69.28802
G1 X213.375 Y219.573 E69.30102
G1 X213.159 Y219.37 E69.31149
G1 X212.875 Y219.214 E69.32294
G1 X212.794 Y218.86 E69.33577
G1 X212.642 Y218.577 E69.34712
G1 X212.396 Y218.301 E69.36018
G1 X212.442 Y218.007 E69.37069
G1 X212.387 Y217.646 E69.38359
G1 X212.245 Y217.326 E69.39596
G1 X212.262 Y217.29 E69.39736
G0 F15000 X212.97 Y215.876
G1 F1608.9 X213.949 Y214.897 E69.44627
G1 X214.023 Y214.823
G0 F15000 X214.901 Y214.539
G1 F1608.9 X212.631 Y216.81 E69.5597
G0 F15000 X212.546 Y217.488
G1 F1608.9 X215.575 Y214.459 E69.71103
G0 F15000 X216.091 Y214.537
G1 F1608.9 X212.651 Y217.977 E69.88288
G0 F15000 X212.792 Y218.43
G1 F1608.9 X216.517 Y214.705 E70.06898
G0 F15000 X216.926 Y214.89
G1 F1608.9 X215.448 Y216.368 E70.14281
G0 F15000 X215.91 Y216.5
G1 F1608.9 X217.262 Y215.148 E70.21036
G0 F15000 X217.577 Y215.427
G1 F1608.9 X216.216 Y216.788 E70.27835
G0 F15000 X216.362 Y217.236
G1 F1608.9 X217.822 Y215.776 E70.35129
G0 F15000 X218.01 Y216.182
G1 F1608.9 X214.275 Y219.917 E70.53788
G0 F15000 X214.674 Y220.112
G1 F1608.9 X218.192 Y216.594 E70.71363
G0 F15000 X218.28 Y217.1
G1 F1608.9 X215.195 Y220.185 E70.86776
G0 F15000 X215.849 Y220.124
G1 F1608.9 X218.199 Y217.775 E70.98513
G1 X218.273 Y217.701
G0 F15000 X217.906 Y218.662
G1 F1608.9 X216.758 Y219.81 E71.04248
G1 X216.684 Y219.884
G0 F15000 X215.325 Y218.273
G1 F1608.9 X213.857 Y219.741 E71.11582
G0 F15000 X213.547 Y219.457
G1 F1608.9 X214.876 Y218.128 E71.18222
G0 F15000 X214.572 Y217.838
G1 F1608.9 X213.234 Y219.176 E71.24906
G0 F15000 X212.998 Y218.818
G1 F1608.9 X214.451 Y217.365 E71.32165
G1 X214.525 Y217.291
;MESH:NONMESH
G0 F600 X214.525 Y217.291 Z3.8
G0 F15000 X215.138 Y217.02
;TIME_ELAPSED:114.025510
;LAYER:18
;note -- min layer time used
;MESH:molette.stl
G0 X215.806 Y217.49
;TYPE:FILL
G1 F1612.3 X215.822 Y217.248 E71.33124
G1 X215.698 Y217.041 E71.34078
G1 X215.129 Y217.611 E71.37261
G1 X215.128 Y217.61 E71.37267
G1 X215.017 Y217.397 E71.38216
G1 X215.025 Y217.221 E71.38913
G1 X215.138 Y217.02 E71.39824
G1 X215.372 Y216.921 E71.40829
G1 X215.129 Y217.037 E71.41893
G1 X215.694 Y217.602 E71.45052
G1 X215.806 Y217.49 E71.45678
G0 F15000 X212.179 Y217.35
G0 X211.903 Y217.249
M204 S1250
;TYPE:WALL-INNER
G1 F1612.3 X211.902 Y217.286 E71.45809
G1 X211.899 Y217.433 E71.46328
G1 X212.101 Y217.893 E71.48103
G1 X212.053 Y218.333 E71.49667
G1 X212.083 Y218.469 E71.50159
G1 X212.375 Y218.783 E71.51673
G1 X212.49 Y219.038 E71.52661
G1 X212.531 Y219.325 E71.53686
G1 X212.606 Y219.445 E71.54185
G1 X213.019 Y219.686 E71.55875
G1 X213.116 Y219.788 E71.56372
G1 X213.292 Y220.116 E71.57687
G1 X213.403 Y220.209 E71.58198
G1 X213.868 Y220.307 E71.59877
G1 X214.013 Y220.389 E71.60466
G1 X214.195 Y220.581 E71.614
G1 X214.349 Y220.679 E71.62045
G1 X214.508 Y220.695 E71.62609
G1 X214.798 Y220.638 E71.63654
G1 X215.018 Y220.669 E71.64438
G1 X215.334 Y220.827 E71.65686
G1 X215.53 Y220.836 E71.6638
G1 X215.985 Y220.635 E71.68137
G1 X216.504 Y220.676 E71.69976
G1 X216.652 Y220.599 E71.70565
G1 X216.946 Y220.314 E71.72012
G1 X217.481 Y220.178 E71.73962
G1 X217.608 Y220.049 E71.74601
G1 X217.741 Y219.765 E71.75709
G1 X217.89 Y219.613 E71.76461
G1 X218.214 Y219.443 E71.77753
G1 X218.326 Y219.277 E71.78461
G1 X218.419 Y218.826 E71.80088
G1 X218.751 Y218.444 E71.81875
G1 X218.789 Y218.298 E71.82408
G1 X218.73 Y217.927 E71.83735
G1 X218.8 Y217.625 E71.84831
G1 X218.918 Y217.411 E71.85694
G1 X218.926 Y217.214 E71.8639
G1 X218.723 Y216.723 E71.88267
G1 X218.768 Y216.236 E71.89995
G1 X218.69 Y216.085 E71.90595
G1 X218.396 Y215.777 E71.92099
G1 X218.297 Y215.321 E71.93748
G1 X218.15 Y215.133 E71.94591
G1 X217.949 Y215.051 E71.95358
G1 X217.706 Y214.851 E71.96469
G1 X217.498 Y214.483 E71.97963
G1 X217.367 Y214.412 E71.98489
G1 X216.965 Y214.337 E71.99934
G1 X216.829 Y214.262 E72.00482
G1 X216.58 Y214.019 E72.01711
G1 X216.391 Y213.947 E72.02426
G1 X216.02 Y214.006 E72.03753
G1 X215.807 Y213.974 E72.04514
G1 X215.499 Y213.816 E72.05737
G1 X215.226 Y213.842 E72.06705
G1 X214.968 Y213.979 E72.07737
G1 X214.757 Y214.014 E72.08493
G1 X214.331 Y213.971 E72.10005
G1 X214.177 Y214.049 E72.10615
G1 X213.914 Y214.313 E72.11932
G1 X213.702 Y214.398 E72.12738
G1 X213.413 Y214.439 E72.1377
G1 X213.296 Y214.511 E72.14255
G1 X213.081 Y214.892 E72.158
G1 X212.941 Y215.032 E72.165
G1 X212.567 Y215.246 E72.18022
G1 X212.49 Y215.398 E72.18624
G1 X212.41 Y215.824 E72.20155
G1 X212.114 Y216.156 E72.21726
G1 X212.038 Y216.349 E72.22459
G1 X212.098 Y216.717 E72.23776
G1 X212.066 Y216.928 E72.2453
G1 X211.903 Y217.249 E72.25802
M204 S2500
G0 F15000 X211.494 Y217.282
M204 S1250
;TYPE:WALL-OUTER
G1 F1612.3 X211.484 Y217.515 E72.26626
G1 X211.675 Y217.906 E72.28163
G1 X211.629 Y218.322 E72.29641
G1 X211.708 Y218.665 E72.30885
G1 X211.835 Y218.851 E72.3168
G1 X212.056 Y219.06 E72.32755
G1 X212.124 Y219.447 E72.34143
G1 X212.333 Y219.775 E72.35517
G1 X212.771 Y220.029 E72.37305
G1 X212.943 Y220.358 E72.38617
G1 X213.247 Y220.608 E72.40007
G1 X213.759 Y220.724 E72.41862
G1 X214.085 Y221.027 E72.43434
G1 X214.25 Y221.093 E72.44062
G1 X214.54 Y221.119 E72.4509
G1 X214.812 Y221.058 E72.46075
G1 X215.202 Y221.233 E72.47585
G1 X215.476 Y221.271 E72.48562
G1 X215.67 Y221.238 E72.49258
G1 X215.999 Y221.061 E72.50577
G1 X216.416 Y221.108 E72.5206
G1 X216.61 Y221.086 E72.52749
G1 X216.937 Y220.911 E72.5406
G1 X217.192 Y220.663 E72.55316
G1 X217.54 Y220.615 E72.56557
G1 X217.712 Y220.534 E72.57229
G1 X217.976 Y220.259 E72.58575
G1 X218.136 Y219.953 E72.59795
G1 X218.455 Y219.793 E72.61056
G1 X218.589 Y219.668 E72.61703
G1 X218.732 Y219.412 E72.62739
G1 X218.788 Y219.03 E72.64103
G1 X219.119 Y218.654 E72.65873
G1 X219.215 Y218.289 E72.67206
G1 X219.15 Y217.92 E72.68529
G1 X219.324 Y217.545 E72.6999
G1 X219.363 Y217.258 E72.71013
G1 X219.327 Y217.072 E72.71682
G1 X219.142 Y216.689 E72.73185
G1 X219.2 Y216.321 E72.74501
G1 X219.178 Y216.13 E72.7518
G1 X219.003 Y215.799 E72.76503
G1 X218.755 Y215.548 E72.77749
G1 X218.704 Y215.198 E72.78999
G1 X218.622 Y215.027 E72.79668
G1 X218.359 Y214.765 E72.8098
G1 X218.095 Y214.653 E72.81993
G1 X217.884 Y214.284 E72.83494
G1 X217.76 Y214.148 E72.84145
G1 X217.501 Y214.007 E72.85186
G1 X217.09 Y213.932 E72.86662
G1 X216.83 Y213.673 E72.87959
G1 X216.574 Y213.548 E72.88965
G1 X216.381 Y213.521 E72.89653
G1 X215.941 Y213.576 E72.9122
G1 X215.633 Y213.411 E72.92454
G1 X215.364 Y213.374 E72.93413
G1 X215.065 Y213.449 E72.94502
G1 X214.83 Y213.583 E72.95458
G1 X214.414 Y213.537 E72.96937
G1 X214.223 Y213.561 E72.97617
G1 X213.891 Y213.737 E72.98944
G1 X213.704 Y213.948 E72.9994
G1 X213.29 Y214.032 E73.01432
G1 X212.966 Y214.24 E73.02792
G1 X212.733 Y214.656 E73.04477
G1 X212.374 Y214.851 E73.0592
G1 X212.124 Y215.162 E73.07329
G1 X212.024 Y215.65 E73.09089
G1 X211.769 Y215.906 E73.10366
G1 X211.64 Y216.171 E73.11407
G1 X211.613 Y216.359 E73.12078
G1 X211.678 Y216.724 E73.13387
G1 X211.501 Y217.107 E73.14878
G1 X211.494 Y217.282 E73.15497
M204 S2500
G0 F15000 X211.486 Y217.482
G0 X212.186 Y217.378
G0 X214.66 Y217.316
;TYPE:SKIN
G1 F1612.3 X214.654 Y217.46 E73.16006
G1 X214.862 Y217.868 E73.17623
G1 X215.13 Y218.047 E73.18762
G1 X215.523 Y218.091 E73.20159
G1 X215.961 Y217.877 E73.21881
G1 X216.152 Y217.62 E73.23012
G1 X216.173 Y217.138 E73.24716
G1 X215.903 Y216.723 E73.26465
G1 X215.627 Y216.58 E73.27563
G1 X215.292 Y216.566 E73.28748
G1 X214.991 Y216.673 E73.29876
G1 X214.873 Y216.765 E73.30405
G1 X214.669 Y217.116 E73.31839
G1 X214.66 Y217.316 E73.32546
G0 F15000 X212.258 Y217.29
G1 F1612.3 X212.39 Y217.013 E73.3363
G1 X212.43 Y216.694 E73.34766
G1 X212.386 Y216.392 E73.35844
G1 X212.627 Y216.106 E73.37165
G1 X212.765 Y215.827 E73.38265
G1 X212.845 Y215.457 E73.39602
G1 X213.156 Y215.286 E73.40856
G1 X213.348 Y215.091 E73.41823
G1 X213.539 Y214.76 E73.43173
G1 X213.905 Y214.685 E73.44492
G1 X214.17 Y214.54 E73.45559
G1 X214.416 Y214.303 E73.46766
G1 X214.855 Y214.348 E73.48325
G1 X215.39 Y214.148 E73.50343
G1 X215.701 Y214.293 E73.51555
G1 X216.004 Y214.342 E73.52639
G1 X216.352 Y214.295 E73.5388
G1 X216.626 Y214.529 E73.55153
G1 X216.895 Y214.667 E73.56221
G1 X217.278 Y214.757 E73.5761
G1 X217.483 Y215.115 E73.59068
G1 X217.973 Y215.442 E73.61149
G1 X218.036 Y215.782 E73.6237
G1 X218.174 Y216.054 E73.63448
G1 X218.43 Y216.34 E73.64804
G1 X218.386 Y216.646 E73.65896
G1 X218.432 Y216.97 E73.67052
G1 X218.584 Y217.286 E73.6829
G1 X218.441 Y217.611 E73.69545
G1 X218.396 Y217.821 E73.70303
G1 X218.444 Y218.265 E73.71881
G1 X218.116 Y218.676 E73.73739
G1 X217.976 Y219.186 E73.75607
G1 X217.688 Y219.345 E73.76769
G1 X217.459 Y219.575 E73.77916
G1 X217.281 Y219.892 E73.792
G1 X216.815 Y220.002 E73.80891
G1 X216.398 Y220.34 E73.82787
G1 X216.01 Y220.294 E73.84168
G1 X215.762 Y220.343 E73.85061
G1 X215.455 Y220.493 E73.86268
G1 X215.06 Y220.332 E73.87775
G1 X214.809 Y220.302 E73.88668
G1 X214.442 Y220.34 E73.89971
G1 X214.213 Y220.122 E73.91088
G1 X213.909 Y219.965 E73.92297
G1 X213.559 Y219.895 E73.93557
G1 X213.302 Y219.496 E73.95234
G1 X212.854 Y219.2 E73.97131
G1 X212.775 Y218.826 E73.98481
G1 X212.633 Y218.568 E73.99521
G1 X212.399 Y218.321 E74.00723
G1 X212.435 Y217.879 E74.0229
G1 X212.237 Y217.333 E74.04342
G1 X212.258 Y217.29 E74.04511
G0 F15000 X213.018 Y218.958
G1 F1612.3 X213.316 Y219.255 E74.05997
G0 F15000 X213.532 Y219.472
G1 F1612.3 X213.787 Y219.727 E74.07271
G0 F15000 X214.753 Y220.099
G1 F1612.3 X212.628 Y217.973 E74.17889
G0 F15000 X212.505 Y217.256
G1 F1612.3 X215.489 Y220.241 E74.32799
G0 F15000 X215.941 Y220.099
G1 F1612.3 X212.626 Y216.784 E74.49361
G0 F15000 X212.734 Y216.298
G1 F1612.3 X216.459 Y220.023 E74.6797
G0 F15000 X216.817 Y219.786
G1 F1612.3 X215.3 Y218.27 E74.75546
G0 F15000 X215.815 Y218.191
G1 F1612.3 X217.212 Y219.588 E74.82525
G0 F15000 X217.478 Y219.26
G1 F1612.3 X216.165 Y217.947 E74.89085
G0 F15000 X216.362 Y217.55
G1 F1612.3 X217.809 Y218.997 E74.96314
G0 F15000 X217.959 Y218.553
G1 F1612.3 X216.2 Y216.794 E75.05101
G0 F15000 X215.885 Y216.479
G1 F1612.3 X214.177 Y214.771 E75.13634
G0 F15000 X214.526 Y214.526
G1 F1612.3 X218.215 Y218.215 E75.32064
G0 F15000 X218.228 Y217.634
G1 F1612.3 X215.076 Y214.482 E75.47811
G0 F15000 X215.694 Y214.506
G1 F1612.3 X218.245 Y217.057 E75.60555
G0 F15000 X218.207 Y216.425
G1 F1612.3 X216.358 Y214.577 E75.6979
G1 X216.284 Y214.503
G0 F15000 X215.2 Y216.388
G1 F1612.3 X213.746 Y214.934 E75.77053
G0 F15000 X213.473 Y215.255
G1 F1612.3 X214.788 Y216.57 E75.83623
G0 F15000 X214.539 Y216.915
G1 F1612.3 X213.153 Y215.529 E75.90547
G0 F15000 X212.951 Y215.921
G1 F1612.3 X214.45 Y217.42 E75.98036
G1 X214.524 Y217.494
;MESH:NONMESH
G0 F600 X214.524 Y217.494 Z4
G0 F15000 X215.376 Y216.92
;TIME_ELAPSED:120.483273
;LAYER:19
;note -- min layer time used
;TYPE:FILL
;MESH:molette.stl
G1 F1624.6 X215.213 Y216.975 E75.98716
G1 X215.139 Y217.046 E75.99121
G1 X215.703 Y217.611 E76.02277
G1 X215.807 Y217.446 E76.03048
G1 X215.79 Y217.162 E76.04173
G1 X215.689 Y217.05 E76.04769
G1 X215.129 Y217.61 E76.079
G1 X215.055 Y217.684
G1 F2700 E75.579
G0 F15000 X213.959 Y217.382
G0 X211.905 Y217.286
M204 S1250
;TYPE:WALL-INNER
G1 F2700 E76.079
G1 F1624.6 X211.912 Y217.457 E76.08504
G1 X212.072 Y217.771 E76.09749
G1 X212.106 Y217.979 E76.10494
G1 X212.053 Y218.333 E76.11758
G1 X212.093 Y218.494 E76.12344
G1 X212.374 Y218.778 E76.13756
G1 X212.473 Y218.968 E76.14513
G1 X212.531 Y219.333 E76.15818
G1 X212.621 Y219.469 E76.16394
G1 X212.976 Y219.65 E76.17802
G1 X213.129 Y219.801 E76.18561
G1 X213.294 Y220.126 E76.19849
G1 X213.412 Y220.222 E76.20386
G1 X213.81 Y220.288 E76.21811
G1 X214.001 Y220.383 E76.22565
G1 X214.247 Y220.629 E76.23794
G1 X214.442 Y220.7 E76.24527
G1 X214.863 Y220.643 E76.26028
G1 X215.117 Y220.715 E76.2696
G1 X215.342 Y220.836 E76.27863
G1 X215.546 Y220.829 E76.28584
G1 X215.984 Y220.635 E76.30276
G1 X216.428 Y220.686 E76.31855
G1 X216.62 Y220.616 E76.32577
G1 X216.871 Y220.361 E76.33841
G1 X217.061 Y220.263 E76.34596
G1 X217.421 Y220.207 E76.35883
G1 X217.583 Y220.077 E76.36617
G1 X217.743 Y219.762 E76.37865
G1 X217.892 Y219.612 E76.38612
G1 X218.212 Y219.447 E76.39884
G1 X218.315 Y219.326 E76.40445
G1 X218.38 Y218.928 E76.4187
G1 X218.474 Y218.736 E76.42625
G1 X218.721 Y218.488 E76.43861
G1 X218.79 Y218.3 E76.44569
G1 X218.73 Y217.928 E76.459
G1 X218.762 Y217.717 E76.46654
G1 X218.917 Y217.412 E76.47862
G1 X218.93 Y217.21 E76.48577
G1 X218.756 Y216.874 E76.49914
G1 X218.722 Y216.662 E76.50672
G1 X218.778 Y216.308 E76.51938
G1 X218.732 Y216.145 E76.52537
G1 X218.395 Y215.777 E76.543
G1 X218.3 Y215.317 E76.55959
G1 X218.172 Y215.156 E76.56685
G1 X217.854 Y214.997 E76.57941
G1 X217.703 Y214.847 E76.58693
G1 X217.537 Y214.525 E76.59973
G1 X217.416 Y214.424 E76.6053
G1 X216.899 Y214.307 E76.62402
G1 X216.582 Y214.02 E76.63913
G1 X216.387 Y213.947 E76.64648
G1 X215.914 Y214 E76.6633
G1 X215.453 Y213.804 E76.68099
G1 X215.298 Y213.811 E76.68647
G1 X214.914 Y213.996 E76.70153
G1 X214.319 Y213.972 E76.72257
G1 X214.173 Y214.053 E76.72847
G1 X213.958 Y214.282 E76.73956
G1 X213.77 Y214.38 E76.74705
G1 X213.409 Y214.439 E76.75997
G1 X213.248 Y214.569 E76.76728
G1 X213.056 Y214.925 E76.78157
G1 X212.943 Y215.03 E76.78702
G1 X212.633 Y215.192 E76.79938
G1 X212.506 Y215.351 E76.80657
G1 X212.399 Y215.837 E76.82414
G1 X212.112 Y216.154 E76.83925
G1 X212.04 Y216.351 E76.84666
G1 X212.098 Y216.715 E76.85968
G1 X212.067 Y216.926 E76.86721
G1 X211.903 Y217.248 E76.87998
G1 X211.905 Y217.286 E76.88132
M204 S2500
G0 F15000 X211.47 Y217.281
M204 S1250
;TYPE:WALL-OUTER
G1 F1624.6 X211.469 Y217.287 E76.88154
G1 X211.504 Y217.587 E76.89221
G1 X211.675 Y217.907 E76.90503
G1 X211.629 Y218.322 E76.91978
G1 X211.722 Y218.698 E76.93346
G1 X211.835 Y218.855 E76.94029
G1 X212.04 Y219.032 E76.94986
G1 X212.124 Y219.452 E76.96499
G1 X212.333 Y219.78 E76.97873
G1 X212.769 Y220.023 E76.99636
G1 X212.944 Y220.367 E77.01
G1 X213.228 Y220.604 E77.02306
G1 X213.738 Y220.712 E77.04148
G1 X213.997 Y220.975 E77.05452
G1 X214.26 Y221.1 E77.0648
G1 X214.454 Y221.124 E77.07171
G1 X214.816 Y221.062 E77.08468
G1 X215.2 Y221.236 E77.09958
G1 X215.381 Y221.271 E77.10609
G1 X215.678 Y221.236 E77.11665
G1 X215.998 Y221.061 E77.12954
G1 X216.415 Y221.111 E77.14437
G1 X216.601 Y221.087 E77.151
G1 X216.87 Y220.962 E77.16148
G1 X217.172 Y220.669 E77.17634
G1 X217.543 Y220.615 E77.18959
G1 X217.704 Y220.536 E77.19592
G1 X217.927 Y220.332 E77.2066
G1 X218.137 Y219.953 E77.2219
G1 X218.454 Y219.797 E77.23438
G1 X218.697 Y219.511 E77.24764
G1 X218.804 Y218.999 E77.26612
G1 X219.067 Y218.738 E77.27921
G1 X219.191 Y218.476 E77.28945
G1 X219.215 Y218.287 E77.29618
G1 X219.16 Y217.849 E77.31177
G1 X219.324 Y217.545 E77.32397
G1 X219.363 Y217.246 E77.33463
G1 X219.331 Y217.068 E77.34102
G1 X219.153 Y216.737 E77.35429
G1 X219.203 Y216.321 E77.36909
G1 X219.179 Y216.13 E77.37589
G1 X218.996 Y215.792 E77.38947
G1 X218.769 Y215.582 E77.40039
G1 X218.708 Y215.197 E77.41416
G1 X218.628 Y215.032 E77.42064
G1 X218.425 Y214.812 E77.43122
G1 X218.045 Y214.603 E77.44654
G1 X217.888 Y214.285 E77.45907
G1 X217.6 Y214.043 E77.47235
G1 X217.09 Y213.932 E77.49079
G1 X216.831 Y213.674 E77.50371
G1 X216.566 Y213.548 E77.51407
G1 X216.377 Y213.521 E77.52082
G1 X215.976 Y213.584 E77.53516
G1 X215.54 Y213.388 E77.55204
G1 X215.158 Y213.409 E77.56556
G1 X214.777 Y213.594 E77.58052
G1 X214.414 Y213.537 E77.5935
G1 X214.039 Y213.631 E77.60716
G1 X213.704 Y213.948 E77.62345
G1 X213.286 Y214.032 E77.63851
G1 X213.128 Y214.108 E77.6447
G1 X212.904 Y214.315 E77.65548
G1 X212.734 Y214.655 E77.66891
G1 X212.379 Y214.848 E77.68318
G1 X212.18 Y215.06 E77.69345
G1 X212.1 Y215.229 E77.70006
G1 X212.024 Y215.646 E77.71503
G1 X211.766 Y215.905 E77.72795
G1 X211.64 Y216.169 E77.73828
G1 X211.614 Y216.362 E77.74516
G1 X211.668 Y216.794 E77.76054
G1 X211.501 Y217.107 E77.77307
G1 X211.47 Y217.281 E77.77931
M204 S2500
G0 F15000 X211.469 Y217.287
G0 X211.491 Y217.479
G1 F2700 E77.27931
G0 F15000 X213.952 Y217.544
G0 X214.662 Y217.316
;TYPE:SKIN
G1 F2700 E77.77931
G1 F1624.6 X214.656 Y217.477 E77.785
G1 X214.851 Y217.857 E77.80009
G1 X215.122 Y218.037 E77.81159
G1 X215.471 Y218.112 E77.8242
G1 X215.791 Y218.002 E77.83615
G1 X216.072 Y217.74 E77.84972
G1 X216.157 Y217.556 E77.85688
G1 X216.167 Y217.152 E77.87116
G1 X215.997 Y216.817 E77.88443
G1 X215.785 Y216.637 E77.89425
G1 X215.461 Y216.505 E77.90661
G1 X215.28 Y216.537 E77.9131
G1 X215.251 Y216.594 E77.91536
G1 X215.004 Y216.664 E77.92443
G1 X214.768 Y216.901 E77.93625
G1 X214.669 Y217.119 E77.94471
G1 X214.662 Y217.316 E77.95167
G1 F2700 E77.45167
G0 F15000 X213.96 Y217.369
G0 X212.257 Y217.29
G1 F2700 E77.95167
G1 F1624.6 X212.379 Y217.044 E77.96137
G1 X212.43 Y216.718 E77.97303
G1 X212.386 Y216.389 E77.98475
G1 X212.627 Y216.106 E77.99788
G1 X212.77 Y215.801 E78.00978
G1 X212.823 Y215.491 E78.02089
G1 X213.142 Y215.298 E78.03406
G1 X213.356 Y215.079 E78.04488
G1 X213.555 Y214.755 E78.05831
G1 X213.877 Y214.694 E78.06989
G1 X214.153 Y214.553 E78.08084
G1 X214.415 Y214.303 E78.09363
G1 X214.847 Y214.35 E78.10898
G1 X215.402 Y214.146 E78.12987
G1 X215.852 Y214.331 E78.14706
G1 X216.35 Y214.29 E78.16471
G1 X216.802 Y214.632 E78.18473
G1 X217.277 Y214.755 E78.20206
G1 X217.423 Y215.037 E78.21328
G1 X217.668 Y215.277 E78.2254
G1 X217.981 Y215.463 E78.23826
G1 X218.038 Y215.785 E78.24981
G1 X218.197 Y216.079 E78.26162
G1 X218.435 Y216.324 E78.27368
G1 X218.393 Y216.786 E78.29007
G1 X218.588 Y217.265 E78.30834
G1 X218.439 Y217.608 E78.32155
G1 X218.394 Y217.911 E78.33237
G1 X218.441 Y218.259 E78.34478
G1 X218.197 Y218.542 E78.35798
G1 X218.057 Y218.823 E78.36907
G1 X218.006 Y219.154 E78.3809
G1 X217.698 Y219.336 E78.39354
G1 X217.472 Y219.559 E78.40475
G1 X217.273 Y219.888 E78.41834
G1 X216.948 Y219.946 E78.43
G1 X216.672 Y220.091 E78.44101
G1 X216.387 Y220.337 E78.45431
G1 X216.088 Y220.294 E78.46498
G1 X215.738 Y220.349 E78.4775
G1 X215.41 Y220.492 E78.49014
G1 X215.114 Y220.349 E78.50175
G1 X214.81 Y220.305 E78.5126
G1 X214.475 Y220.353 E78.52456
G1 X214.073 Y220.016 E78.54309
G1 X213.553 Y219.892 E78.56197
G1 X213.395 Y219.599 E78.57373
G1 X213.169 Y219.374 E78.585
G1 X212.847 Y219.199 E78.59794
G1 X212.696 Y218.659 E78.61775
G1 X212.393 Y218.316 E78.63392
G1 X212.438 Y217.985 E78.64572
G1 X212.392 Y217.671 E78.65693
G1 X212.244 Y217.316 E78.67052
G1 X212.257 Y217.29 E78.67154
G1 F2700 E78.17154
G0 F15000 X213.962 Y214.884
G1 F2700 E78.67154
G1 F1624.6 X212.966 Y215.88 E78.7213
G1 X212.892 Y215.954
G0 F15000 X212.621 Y216.819
G1 F1624.6 X214.896 Y214.544 E78.83496
G0 F15000 X215.585 Y214.449
G1 F1624.6 X212.544 Y217.49 E78.98688
G0 F15000 X212.647 Y217.981
G1 F1624.6 X216.114 Y214.514 E79.16008
G0 F15000 X216.532 Y214.69
G1 F1624.6 X212.768 Y218.454 E79.34813
G0 F15000 X212.976 Y218.84
G1 F1624.6 X214.448 Y217.368 E79.42166
G0 F15000 X214.594 Y217.816
G1 F1624.6 X213.237 Y219.173 E79.48946
G0 F15000 X213.546 Y219.458
G1 F1624.6 X214.881 Y218.123 E79.55615
G0 F15000 X215.308 Y218.29
G1 F1624.6 X213.85 Y219.748 E79.62899
G0 F15000 X214.271 Y219.921
G1 F1624.6 X218.01 Y216.182 E79.81578
G0 F15000 X218.203 Y216.583
G1 F1624.6 X214.672 Y220.114 E79.99219
G0 F15000 X215.211 Y220.169
G1 F1624.6 X218.29 Y217.09 E80.14601
G0 F15000 X218.205 Y217.769
G1 F1624.6 X215.85 Y220.124 E80.26366
G1 X215.776 Y220.198
G1 F2700 E79.76366
G0 F15000 X216.756 Y219.812
G1 F2700 E80.26366
G1 F1624.6 X217.908 Y218.659 E80.32123
G1 X217.982 Y218.585
G1 F2700 E79.82123
G0 F15000 X216.726 Y217.986
G0 X216.373 Y217.225
G1 F2700 E80.32123
G1 F1624.6 X217.824 Y215.774 E80.39372
G0 F15000 X217.553 Y215.45
G1 F1624.6 X216.214 Y216.79 E80.46064
G0 F15000 X215.931 Y216.479
G1 F1624.6 X217.252 Y215.158 E80.52664
G0 F15000 X216.93 Y214.886
G1 F1624.6 X215.51 Y216.306 E80.59758
G1 X215.436 Y216.38
;MESH:NONMESH
G0 F600 X215.436 Y216.38 Z4.2
G0 F15000 X215.135 Y217.02
;TIME_ELAPSED:127.127961
;LAYER:20
;note -- min layer time used
;MESH:molette.stl
G0 X215.738 Y217.589
;TYPE:FILL
G1 F600 X215.831 Y217.344 E80.60794
G1 X215.812 Y217.204 E80.61352
G1 X215.699 Y217.041 E80.62136
G1 X215.136 Y217.604 E80.65284
G1 X215.052 Y217.523 E80.65745
G1 X215.015 Y217.411 E80.66211
G1 X215.025 Y217.206 E80.67023
G1 X215.135 Y217.02 E80.67877
G1 X215.413 Y216.909 E80.6906
G1 X215.127 Y217.034 E80.70294
G1 X215.703 Y217.611 E80.73517
G1 X215.738 Y217.589 E80.7368
G0 F15000 X214.863 Y217.329
G0 X214.574 Y217.315
M204 S1250
;TYPE:WALL-INNER
G1 F600 X214.567 Y217.466 E80.74214
G1 X214.632 Y217.694 E80.75052
G1 X214.829 Y217.96 E80.76221
G1 X214.999 Y218.078 E80.76952
G1 X215.366 Y218.184 E80.78302
G1 X215.681 Y218.145 E80.79423
G1 X215.896 Y218.042 E80.80265
G1 X216.084 Y217.876 E80.81151
G1 X216.239 Y217.583 E80.82322
G1 X216.28 Y217.359 E80.83127
G1 X216.233 Y217.038 E80.84273
G1 X216.121 Y216.824 E80.85126
G1 X215.97 Y216.663 E80.85906
G1 X215.629 Y216.488 E80.8726
G1 X215.351 Y216.461 E80.88246
G1 X214.972 Y216.586 E80.89656
G1 X214.806 Y216.71 E80.90388
G1 X214.659 Y216.908 E80.91259
G1 X214.585 Y217.092 E80.9196
G1 X214.574 Y217.315 E80.92748
M204 S2500
G0 F15000 X214.154 Y217.31
M204 S1250
;TYPE:WALL-OUTER
G1 F601.4 X214.144 Y217.515 E80.93472
G1 F600 X214.24 Y217.852 E80.9471
G1 X214.541 Y218.272 E80.96535
G1 X214.816 Y218.463 E80.97718
G1 X215.32 Y218.608 E80.9957
G1 X215.827 Y218.541 E81.01377
G1 X216.13 Y218.395 E81.02565
G1 X216.396 Y218.161 E81.03817
G1 X216.642 Y217.714 E81.05619
G1 X216.704 Y217.378 E81.06826
G1 X216.624 Y216.88 E81.08608
G1 X216.467 Y216.579 E81.09807
G1 X216.227 Y216.323 E81.11047
G1 X215.759 Y216.083 E81.12905
G1 X215.272 Y216.045 E81.1463
G1 X214.775 Y216.209 E81.16479
G1 X214.506 Y216.41 E81.17665
G1 X214.289 Y216.7 E81.18945
G1 X214.169 Y217.002 E81.20093
G1 F601.4 X214.154 Y217.31 E81.21179
M204 S2500
G0 F15000 X214.145 Y217.51
G0 X215.181 Y217.397
;MESH:NONMESH
G0 F600 X215.181 Y217.397 Z4.4
G0 F15000 X215.091 Y217.066
;TIME_ELAPSED:129.071756
;LAYER:21
;note -- min layer time used
;MESH:molette.stl
G0 X215.757 Y217.543
;TYPE:FILL
G1 F600 X215.825 Y217.333 E81.22052
G1 X215.781 Y217.136 E81.2285
G1 X215.715 Y217.043 E81.23301
G1 X215.704 Y217.036 E81.23352
G1 X215.134 Y217.605 E81.26536
G1 X215.015 Y217.434 E81.2736
G1 X215.001 Y217.276 E81.27987
G1 X215.091 Y217.066 E81.2889
G1 X215.278 Y216.938 E81.29786
G1 X215.132 Y217.039 E81.30487
G1 X215.693 Y217.601 E81.33627
G1 X215.757 Y217.543 E81.33968
G0 F15000 X214.847 Y217.311
G0 X214.56 Y217.315
M204 S1250
;TYPE:WALL-INNER
G1 F600 X214.583 Y217.561 E81.34841
G1 X214.685 Y217.782 E81.35701
G1 X214.911 Y218.028 E81.36881
G1 X215.13 Y218.139 E81.37748
G1 X215.355 Y218.186 E81.3856
G1 X215.551 Y218.175 E81.39253
G1 X215.807 Y218.092 E81.40204
G1 X215.989 Y217.968 E81.40982
G1 X216.14 Y217.789 E81.41809
G1 X216.237 Y217.587 E81.42601
G1 X216.28 Y217.352 E81.43445
G1 X216.257 Y217.126 E81.44247
G1 X216.189 Y216.94 E81.44947
G1 X216.034 Y216.722 E81.45892
G1 X215.857 Y216.582 E81.46689
G1 X215.658 Y216.496 E81.47455
G1 X215.316 Y216.469 E81.48667
G1 X215.091 Y216.525 E81.49486
G1 X214.77 Y216.745 E81.50861
G1 X214.608 Y217.014 E81.5197
G1 X214.553 Y217.235 E81.52774
G1 X214.56 Y217.315 E81.53058
M204 S2500
G0 F15000 X214.143 Y217.31
M204 S1250
;TYPE:WALL-OUTER
G1 F600 X214.181 Y217.693 E81.54418
G1 X214.327 Y218.01 E81.55651
G1 X214.68 Y218.382 E81.57462
G1 X214.99 Y218.539 E81.5869
G1 X215.324 Y218.608 E81.59895
G1 X215.629 Y218.591 E81.60974
G1 X215.994 Y218.473 E81.62329
G1 X216.273 Y218.282 E81.63523
G1 X216.497 Y218.017 E81.64749
G1 X216.641 Y217.715 E81.65931
G1 X216.704 Y217.368 E81.67177
G1 X216.669 Y217.032 E81.6837
G1 X216.564 Y216.743 E81.69456
G1 X216.342 Y216.43 E81.70812
G1 X216.075 Y216.218 E81.72016
G1 X215.76 Y216.083 E81.73227
G1 X215.282 Y216.045 E81.74921
G1 X214.916 Y216.135 E81.76252
G1 X214.484 Y216.433 E81.78106
G1 X214.214 Y216.858 E81.79885
G1 X214.131 Y217.191 E81.81097
G1 X214.143 Y217.31 E81.8152
M204 S2500
G0 F15000 X214.162 Y217.508
G0 X215.171 Y217.381
;MESH:NONMESH
G0 F600 X215.171 Y217.381 Z4.6
G0 F15000 X215.073 Y217.094
;TIME_ELAPSED:130.986737
;LAYER:22
;note -- min layer time used
;MESH:molette.stl
G0 X215.706 Y217.614
;TYPE:FILL
G1 F600 X215.823 Y217.336 E81.82712
G1 X215.771 Y217.122 E81.83583
G1 X215.694 Y217.045 E81.84013
G1 X215.132 Y217.607 E81.87155
G1 X215.092 Y217.58 E81.87346
G1 X215.008 Y217.305 E81.88482
G1 X215.073 Y217.094 E81.89355
G1 X215.271 Y216.942 E81.90342
G1 X215.494 Y216.916 E81.91229
G1 X215.137 Y217.045 E81.9273
G1 X215.706 Y217.614 E81.95911
G0 F15000 X214.849 Y217.304
G0 X214.556 Y217.315
M204 S1250
;TYPE:WALL-INNER
G1 F600 X214.563 Y217.464 E81.96438
G1 X214.636 Y217.69 E81.97277
G1 X214.758 Y217.885 E81.9809
G1 X214.929 Y218.037 E81.98898
G1 X215.132 Y218.139 E81.997
G1 X215.358 Y218.185 E82.00515
G1 X215.585 Y218.169 E82.01319
G1 X215.807 Y218.09 E82.02151
G1 X215.997 Y217.96 E82.02965
G1 X216.143 Y217.787 E82.03764
G1 X216.241 Y217.575 E82.04589
G1 X216.279 Y217.349 E82.05399
G1 X216.254 Y217.126 E82.06192
G1 X216.169 Y216.901 E82.07041
G1 X216.037 Y216.721 E82.0783
G1 X215.852 Y216.578 E82.08656
G1 X215.545 Y216.466 E82.0981
G1 X215.299 Y216.466 E82.10679
G1 X215.095 Y216.523 E82.11427
G1 X214.782 Y216.738 E82.12769
G1 X214.671 Y216.892 E82.13439
G1 X214.554 Y217.264 E82.14817
G1 X214.556 Y217.315 E82.14997
M204 S2500
G0 F15000 X214.136 Y217.31
M204 S1250
;TYPE:WALL-OUTER
G1 F600 X214.145 Y217.538 E82.15803
G1 X214.252 Y217.87 E82.17036
G1 X214.434 Y218.159 E82.18242
G1 X214.691 Y218.388 E82.19458
G1 X214.994 Y218.539 E82.20654
G1 X215.33 Y218.608 E82.21866
G1 X215.672 Y218.584 E82.23077
G1 X215.999 Y218.467 E82.24304
G1 X216.281 Y218.274 E82.25511
G1 X216.501 Y218.014 E82.26714
G1 X216.645 Y217.701 E82.27931
G1 X216.703 Y217.361 E82.29149
G1 X216.666 Y217.026 E82.3034
G1 X216.541 Y216.698 E82.3158
G1 X216.34 Y216.425 E82.32778
G1 X216.065 Y216.212 E82.34006
G1 X215.587 Y216.046 E82.35794
G1 X215.241 Y216.046 E82.37016
G1 X214.915 Y216.137 E82.38212
G1 X214.485 Y216.433 E82.40056
G1 X214.291 Y216.7 E82.41222
G1 X214.132 Y217.208 E82.43102
G1 X214.136 Y217.31 E82.43463
M204 S2500
G0 F15000 X214.143 Y217.51
G0 X215.172 Y217.366
;MESH:NONMESH
G0 F600 X215.172 Y217.366 Z4.8
G0 F15000 X214.557 Y217.315
;TIME_ELAPSED:132.954035
;LAYER:23
;note -- min layer time used
M204 S1250
;TYPE:WALL-INNER
;MESH:molette.stl
G1 F600 X214.565 Y217.475 E82.44029
G1 X214.635 Y217.696 E82.44848
G1 X214.759 Y217.886 E82.45649
G1 X214.932 Y218.04 E82.46467
G1 X215.141 Y218.142 E82.47289
G1 X215.37 Y218.188 E82.48114
G1 X215.59 Y218.17 E82.48894
G1 X215.81 Y218.092 E82.49718
G1 X215.996 Y217.961 E82.50522
G1 X216.148 Y217.778 E82.51362
G1 X216.267 Y217.478 E82.52502
G1 X216.272 Y217.23 E82.53379
G1 X216.216 Y217.001 E82.54212
G1 X216.107 Y216.806 E82.55001
G1 X215.957 Y216.654 E82.55755
G1 X215.598 Y216.476 E82.57171
G1 X215.293 Y216.47 E82.58248
G1 X215.067 Y216.532 E82.59076
G1 X214.876 Y216.65 E82.59869
G1 X214.713 Y216.821 E82.60704
G1 X214.608 Y217.019 E82.61495
G1 X214.554 Y217.247 E82.62323
G1 X214.557 Y217.315 E82.62564
M204 S2500
G0 F15000 X214.137 Y217.31
M204 S1250
;TYPE:WALL-OUTER
G1 F600 X214.149 Y217.55 E82.63412
G1 X214.252 Y217.877 E82.64624
G1 X214.437 Y218.162 E82.65824
G1 X214.695 Y218.392 E82.67045
G1 X215.005 Y218.543 E82.68263
G1 X215.345 Y218.612 E82.69489
G1 X215.679 Y218.584 E82.70673
G1 X216.006 Y218.468 E82.71898
G1 X216.284 Y218.272 E82.731
G1 X216.508 Y218.003 E82.74336
G1 X216.686 Y217.532 E82.76115
G1 X216.693 Y217.184 E82.77345
G1 X216.61 Y216.846 E82.78574
G1 X216.446 Y216.552 E82.79763
G1 X216.207 Y216.309 E82.80967
G1 X215.732 Y216.074 E82.8284
G1 X215.234 Y216.05 E82.84601
G1 X214.897 Y216.143 E82.85836
G1 X214.61 Y216.321 E82.87029
G1 X214.369 Y216.573 E82.88261
G1 X214.211 Y216.871 E82.89452
G1 X214.132 Y217.208 E82.90675
G1 X214.137 Y217.31 E82.91036
M204 S2500
G0 F15000 X214.147 Y217.51
G0 X214.852 Y217.423
G0 X215.472 Y217.321
;TYPE:SKIN
G1 F445.2 X215.437 Y217.382 E82.9137
G1 X215.367 Y217.382 E82.91704
G1 X215.332 Y217.321 E82.92038
G1 X215.367 Y217.26 E82.92373
G1 X215.437 Y217.26 E82.92706
G1 X215.472 Y217.321 E82.93041
G0 F15000 X214.901 Y217.318
G1 F600 X214.894 Y217.28 E82.93178
G1 X214.993 Y217.019 E82.94164
G1 X215.203 Y216.845 E82.95127
G1 X215.507 Y216.808 E82.96209
G1 X215.745 Y216.926 E82.97147
G1 X215.897 Y217.128 E82.98041
G1 X215.929 Y217.432 E82.9912
G1 X215.863 Y217.589 E82.99722
G1 X215.651 Y217.786 E83.00744
G1 X215.388 Y217.842 E83.01694
G1 X215.122 Y217.754 E83.02684
G1 X214.945 Y217.546 E83.03649
G1 X214.901 Y217.318 E83.04469
G0 F15000 X215.169 Y217.306
;MESH:NONMESH
G0 F600 X215.169 Y217.306 Z5
G0 F15000 X214.557 Y217.315
;TIME_ELAPSED:134.904547
;LAYER:24
;note -- min layer time used
M204 S1250
;TYPE:WALL-INNER
;MESH:molette.stl
G1 F600 X214.565 Y217.479 E83.05049
G1 X214.636 Y217.695 E83.05852
G1 X214.767 Y217.892 E83.06688
G1 X214.941 Y218.043 E83.07502
G1 X215.144 Y218.145 E83.08304
G1 X215.371 Y218.188 E83.09121
G1 X215.697 Y218.143 E83.10283
G1 X215.913 Y218.028 E83.11148
G1 X216.069 Y217.885 E83.11895
G1 X216.249 Y217.544 E83.13257
G1 X216.28 Y217.341 E83.13983
G1 X216.252 Y217.109 E83.14808
G1 X216.167 Y216.895 E83.15622
G1 X216.026 Y216.714 E83.16432
G1 X215.842 Y216.572 E83.17253
G1 X215.631 Y216.486 E83.18058
G1 X215.402 Y216.46 E83.18872
G1 X215.171 Y216.498 E83.19699
G1 X214.96 Y216.587 E83.20508
G1 X214.784 Y216.731 E83.21311
G1 X214.606 Y217.009 E83.22478
G1 X214.554 Y217.245 E83.23331
G1 X214.557 Y217.315 E83.23579
M204 S2500
G0 F15000 X214.137 Y217.31
M204 S1250
;TYPE:WALL-OUTER
G1 F600 X214.149 Y217.557 E83.24452
G1 X214.255 Y217.879 E83.2565
G1 X214.448 Y218.172 E83.26889
G1 X214.706 Y218.395 E83.28094
G1 X215.008 Y218.547 E83.29288
G1 X215.351 Y218.612 E83.30522
G1 X215.853 Y218.535 E83.32316
G1 X216.157 Y218.374 E83.33531
G1 X216.407 Y218.145 E83.34729
G1 X216.653 Y217.677 E83.36596
G1 X216.704 Y217.348 E83.37772
G1 X216.662 Y217.005 E83.38993
G1 X216.535 Y216.685 E83.40209
G1 X216.326 Y216.414 E83.41418
G1 X216.054 Y216.204 E83.42632
G1 X215.735 Y216.074 E83.43849
G1 X215.393 Y216.036 E83.45065
G1 X215.055 Y216.089 E83.46273
G1 X214.739 Y216.225 E83.47488
G1 X214.475 Y216.441 E83.48693
G1 X214.205 Y216.875 E83.50499
G1 X214.132 Y217.21 E83.5171
G1 X214.137 Y217.31 E83.52064
M204 S2500
G0 F15000 X214.146 Y217.51
G0 X214.853 Y217.428
G0 X215.484 Y217.318
;TYPE:SKIN
G1 F440.6 X215.449 Y217.379 E83.52402
G1 X215.378 Y217.379 E83.52744
G1 X215.342 Y217.318 E83.53085
G1 X215.377 Y217.257 E83.53423
G1 X215.448 Y217.257 E83.53765
G1 X215.484 Y217.318 E83.54105
G0 F15000 X214.901 Y217.318
G1 F600 X214.891 Y217.265 E83.54296
G1 X214.921 Y217.128 E83.54791
G1 X215.128 Y216.882 E83.55927
G1 X215.409 Y216.802 E83.56959
G1 X215.673 Y216.867 E83.5792
G1 X215.875 Y217.07 E83.58931
G1 X215.918 Y217.18 E83.59348
G1 X215.917 Y217.445 E83.60285
G1 X215.801 Y217.668 E83.61173
G1 X215.571 Y217.825 E83.62156
G1 X215.258 Y217.822 E83.63262
G1 X215.016 Y217.66 E83.64291
G1 X214.943 Y217.551 E83.64754
G1 X214.901 Y217.318 E83.65591
G0 F15000 X215.17 Y217.307
;MESH:NONMESH
G0 F600 X215.17 Y217.307 Z5.2
G0 F15000 X214.559 Y217.315
;TIME_ELAPSED:136.858884
;LAYER:25
;note -- min layer time used
M204 S1250
;TYPE:WALL-INNER
;MESH:molette.stl
G1 F600 X214.569 Y217.482 E83.66182
G1 X214.642 Y217.708 E83.67021
G1 X214.765 Y217.894 E83.67808
G1 X214.94 Y218.044 E83.68622
G1 X215.154 Y218.148 E83.69463
G1 X215.378 Y218.188 E83.70267
G1 X215.581 Y218.17 E83.70987
G1 X215.936 Y218.009 E83.72364
G1 X216.087 Y217.866 E83.73098
G1 X216.21 Y217.666 E83.73928
G1 X216.276 Y217.439 E83.74763
G1 X216.252 Y217.128 E83.75865
G1 X216.084 Y216.781 E83.77227
G1 X215.936 Y216.635 E83.77961
G1 X215.731 Y216.518 E83.78795
G1 X215.512 Y216.464 E83.79592
G1 X215.278 Y216.469 E83.80419
G1 X215.047 Y216.537 E83.81269
G1 X214.798 Y216.721 E83.82363
G1 X214.598 Y217.05 E83.83723
G1 X214.555 Y217.249 E83.84442
G1 X214.559 Y217.315 E83.84676
M204 S2500
G0 F15000 X214.138 Y217.31
M204 S1250
;TYPE:WALL-OUTER
G1 F601.4 X214.153 Y217.56 E83.85558
G1 F600 X214.26 Y217.892 E83.86791
G1 X214.447 Y218.175 E83.87989
G1 X214.708 Y218.398 E83.89202
G1 X215.022 Y218.55 E83.90434
G1 X215.358 Y218.612 E83.91641
G1 X215.689 Y218.582 E83.92815
G1 X216.173 Y218.363 E83.94692
G1 X216.415 Y218.134 E83.95869
G1 X216.598 Y217.838 E83.97098
G1 X216.692 Y217.514 E83.9829
G1 X216.66 Y217.006 E84.00088
G1 X216.43 Y216.533 E84.01946
G1 X216.192 Y216.297 E84.0313
G1 X215.889 Y216.125 E84.04361
G1 X215.56 Y216.043 E84.05558
G1 X215.213 Y216.05 E84.06784
G1 X214.885 Y216.147 E84.07993
G1 X214.477 Y216.441 E84.09769
G1 X214.202 Y216.892 E84.11635
G1 X214.132 Y217.217 E84.1281
G1 F601.4 X214.138 Y217.31 E84.13138
M204 S2500
G0 F15000 X214.15 Y217.51
G0 X214.855 Y217.434
G0 X215.485 Y217.325
;TYPE:SKIN
G1 F433 X215.449 Y217.387 E84.13489
G1 X215.377 Y217.387 E84.13841
G1 X215.341 Y217.325 E84.14192
G1 X215.377 Y217.263 E84.14543
G1 X215.449 Y217.263 E84.14896
G1 X215.485 Y217.325 E84.15247
G0 F15000 X214.911 Y217.319
G1 F600 X214.919 Y217.164 E84.15795
G1 X215.052 Y216.944 E84.16703
G1 X215.184 Y216.844 E84.17288
G1 X215.319 Y216.806 E84.17784
G1 X215.605 Y216.836 E84.18799
G1 X215.81 Y216.987 E84.19699
G1 X215.926 Y217.222 E84.20625
G1 X215.939 Y217.386 E84.21206
G1 X215.901 Y217.518 E84.21691
G1 X215.734 Y217.73 E84.22644
G1 X215.504 Y217.835 E84.23538
G1 X215.256 Y217.821 E84.24415
G1 X215.022 Y217.668 E84.25403
G1 X214.905 Y217.419 E84.26375
G1 X214.911 Y217.319 E84.26728
G0 F15000 X215.17 Y217.304
;MESH:NONMESH
G0 F600 X215.17 Y217.304 Z5.4
G0 F15000 X214.574 Y217.315
;TIME_ELAPSED:138.812637
;LAYER:26
;note -- min layer time used
M204 S1250
;TYPE:WALL-INNER
;MESH:molette.stl
G1 F600 X214.574 Y217.537 E84.27513
G1 X214.787 Y217.915 E84.29045
G1 X214.945 Y218.049 E84.29777
G1 X215.153 Y218.146 E84.30588
G1 X215.382 Y218.188 E84.3141
G1 X215.608 Y218.165 E84.32213
G1 X215.817 Y218.085 E84.33004
G1 X216.014 Y217.942 E84.33863
G1 X216.155 Y217.767 E84.34657
G1 X216.248 Y217.551 E84.35488
G1 X216.28 Y217.334 E84.36263
G1 X216.25 Y217.097 E84.37107
G1 X216.163 Y216.888 E84.37907
G1 X216.019 Y216.704 E84.38732
G1 X215.836 Y216.568 E84.39537
G1 X215.618 Y216.482 E84.40365
G1 X215.398 Y216.46 E84.41146
G1 X215.161 Y216.5 E84.41995
G1 X214.956 Y216.593 E84.42791
G1 X214.774 Y216.742 E84.43621
G1 X214.646 Y216.93 E84.44425
G1 X214.574 Y217.127 E84.45166
G1 X214.574 Y217.315 E84.4583
M204 S2500
G0 F15000 X214.154 Y217.31
M204 S1250
;TYPE:WALL-OUTER
G1 F600 X214.154 Y217.592 E84.46826
G1 X214.188 Y217.718 E84.47287
G1 X214.46 Y218.187 E84.49202
G1 X214.715 Y218.405 E84.50388
G1 X215.025 Y218.55 E84.51597
G1 X215.365 Y218.612 E84.52817
G1 X215.706 Y218.577 E84.54028
G1 X216.019 Y218.457 E84.55212
G1 X216.306 Y218.25 E84.56463
G1 X216.518 Y217.986 E84.57659
G1 X216.656 Y217.666 E84.5889
G1 X216.704 Y217.338 E84.60061
G1 X216.659 Y216.987 E84.61311
G1 X216.529 Y216.675 E84.62505
G1 X216.315 Y216.4 E84.63736
G1 X216.041 Y216.198 E84.64938
G1 X215.718 Y216.07 E84.66166
G1 X215.384 Y216.036 E84.67352
G1 X215.038 Y216.095 E84.68591
G1 X214.732 Y216.233 E84.69777
G1 X214.461 Y216.456 E84.71017
G1 X214.269 Y216.737 E84.72219
G1 X214.154 Y217.053 E84.73407
G1 X214.154 Y217.31 E84.74315
M204 S2500
G0 F15000 X214.154 Y217.51
G0 X215.019 Y217.372
G0 X215.484 Y217.324
;TYPE:SKIN
G1 F439 X215.449 Y217.385 E84.74655
G1 X215.378 Y217.385 E84.74997
G1 X215.342 Y217.324 E84.75339
G1 X215.377 Y217.263 E84.75679
G1 X215.448 Y217.263 E84.76022
G1 X215.484 Y217.324 E84.76364
G0 F15000 X214.91 Y217.319
G1 F600 X214.91 Y217.192 E84.76812
G1 X215.031 Y216.964 E84.77724
G1 X215.125 Y216.885 E84.78158
G1 X215.417 Y216.798 E84.79234
G1 X215.527 Y216.809 E84.79625
G1 X215.788 Y216.955 E84.80681
G1 X215.859 Y217.047 E84.81092
G1 X215.934 Y217.333 E84.82136
G1 X215.862 Y217.586 E84.83065
G1 X215.649 Y217.784 E84.84093
G1 X215.386 Y217.845 E84.85046
G1 X215.266 Y217.824 E84.85477
G1 X215.045 Y217.686 E84.86397
G1 X214.91 Y217.455 E84.87342
G1 X214.91 Y217.319 E84.87823
G0 F15000 X215.361 Y217.365
;MESH:NONMESH
G0 F600 X215.361 Y217.365 Z5.6
G0 F15000 X215.176 Y217.321
;TIME_ELAPSED:140.758347
;LAYER:27
;note -- min layer time used
M204 S1250
;TYPE:WALL-OUTER
;MESH:molette.stl
G1 F525 X215.232 Y217.152 E84.88542
G1 X215.416 Y217.073 E84.8935
G1 X215.607 Y217.162 E84.90201
G1 X215.66 Y217.268 E84.90679
G1 X215.66 Y217.382 E84.91139
G1 X215.607 Y217.486 E84.91611
G1 X215.512 Y217.557 E84.92089
G1 X215.403 Y217.577 E84.92537
G1 X215.287 Y217.542 E84.93026
G1 X215.204 Y217.465 E84.93483
G1 X215.166 Y217.353 E84.93961
G1 X215.176 Y217.321 E84.94096
M204 S2500
G0 F15000 X215.232 Y217.152
G0 X215.252 Y217.144
;MESH:NONMESH
G0 F600 X215.252 Y217.144 Z5.8
G0 F15000 X215.176 Y217.321
;TIME_ELAPSED:141.027702
;LAYER:28
;note -- min layer time used
M204 S1250
;TYPE:WALL-OUTER
;MESH:molette.stl
G1 F525 X215.232 Y217.152 E84.94815
G1 X215.416 Y217.073 E84.95623
G1 X215.607 Y217.162 E84.96474
G1 X215.66 Y217.268 E84.96952
G1 X215.66 Y217.382 E84.97413
G1 X215.607 Y217.486 E84.97884
G1 X215.512 Y217.557 E84.98363
G1 X215.403 Y217.577 E84.9881
G1 X215.287 Y217.542 E84.99299
G1 X215.204 Y217.465 E84.99756
G1 X215.166 Y217.353 E85.00234
G1 X215.176 Y217.321 E85.00369
M204 S2500
G0 F15000 X215.232 Y217.152
G0 X215.252 Y217.144
;MESH:NONMESH
G0 F600 X215.252 Y217.144 Z6
G0 F15000 X215.176 Y217.321
;TIME_ELAPSED:141.297058
;LAYER:29
;note -- min layer time used
M204 S1250
;TYPE:WALL-OUTER
;MESH:molette.stl
G1 F525 X215.232 Y217.152 E85.01088
G1 X215.416 Y217.073 E85.01896
G1 X215.607 Y217.162 E85.02747
G1 X215.66 Y217.268 E85.03225
G1 X215.66 Y217.382 E85.03686
G1 X215.607 Y217.486 E85.04157
G1 X215.512 Y217.557 E85.04636
G1 X215.403 Y217.577 E85.05083
G1 X215.287 Y217.542 E85.05572
G1 X215.204 Y217.465 E85.06029
G1 X215.166 Y217.353 E85.06507
G1 X215.176 Y217.321 E85.06642
M204 S2500
G0 F15000 X215.232 Y217.152
G0 X215.252 Y217.144
;MESH:NONMESH
G0 F600 X215.252 Y217.144 Z6.2
G0 F15000 X215.176 Y217.321
;TIME_ELAPSED:141.566414
;LAYER:30
;note -- min layer time used
M204 S1250
;TYPE:WALL-OUTER
;MESH:molette.stl
G1 F525 X215.232 Y217.152 E85.07361
G1 X215.416 Y217.073 E85.08169
G1 X215.607 Y217.162 E85.0902
G1 X215.66 Y217.268 E85.09499
G1 X215.66 Y217.382 E85.09959
G1 X215.607 Y217.486 E85.1043
G1 X215.512 Y217.557 E85.10909
G1 X215.403 Y217.577 E85.11356
G1 X215.287 Y217.542 E85.11846
G1 X215.204 Y217.465 E85.12303
G1 X215.166 Y217.353 E85.1278
G1 X215.176 Y217.321 E85.12915
M204 S2500
G0 F15000 X215.232 Y217.152
G0 X215.252 Y217.144
;MESH:NONMESH
G0 F600 X215.252 Y217.144 Z6.4
G0 F15000 X215.176 Y217.321
;TIME_ELAPSED:141.835769
;LAYER:31
;note -- min layer time used
M204 S1250
;TYPE:WALL-OUTER
;MESH:molette.stl
G1 F525 X215.232 Y217.152 E85.13634
G1 X215.416 Y217.073 E85.14443
G1 X215.607 Y217.162 E85.15293
G1 X215.66 Y217.268 E85.15772
G1 X215.66 Y217.382 E85.16232
G1 X215.607 Y217.486 E85.16703
G1 X215.512 Y217.557 E85.17182
G1 X215.403 Y217.577 E85.1763
G1 X215.287 Y217.542 E85.18119
G1 X215.204 Y217.465 E85.18576
G1 X215.166 Y217.353 E85.19053
G1 X215.176 Y217.321 E85.19189
M204 S2500
G0 F15000 X215.232 Y217.152
G0 X215.252 Y217.144
;MESH:NONMESH
G0 F600 X215.252 Y217.144 Z6.6
G0 F15000 X215.176 Y217.321
;TIME_ELAPSED:142.105125
;LAYER:32
;note -- min layer time used
M204 S1250
;TYPE:WALL-OUTER
;MESH:molette.stl
G1 F525 X215.232 Y217.152 E85.19907
G1 X215.416 Y217.073 E85.20716
G1 X215.607 Y217.162 E85.21567
G1 X215.66 Y217.268 E85.22045
G1 X215.66 Y217.382 E85.22505
G1 X215.607 Y217.486 E85.22977
G1 X215.512 Y217.557 E85.23455
G1 X215.403 Y217.577 E85.23903
G1 X215.287 Y217.542 E85.24392
G1 X215.204 Y217.465 E85.24849
G1 X215.166 Y217.353 E85.25326
G1 X215.176 Y217.321 E85.25462
M204 S2500
G0 F15000 X215.232 Y217.152
G0 X215.252 Y217.144
;MESH:NONMESH
G0 F600 X215.252 Y217.144 Z6.8
G0 F15000 X215.176 Y217.321
;TIME_ELAPSED:142.374481
;LAYER:33
;note -- min layer time used
M204 S1250
;TYPE:WALL-OUTER
;MESH:molette.stl
G1 F525 X215.232 Y217.152 E85.26181
G1 X215.416 Y217.073 E85.26989
G1 X215.607 Y217.162 E85.2784
G1 X215.66 Y217.268 E85.28318
G1 X215.66 Y217.382 E85.28778
G1 X215.607 Y217.486 E85.2925
G1 X215.512 Y217.557 E85.29728
G1 X215.403 Y217.577 E85.30176
G1 X215.287 Y217.542 E85.30665
G1 X215.204 Y217.465 E85.31122
G1 X215.166 Y217.353 E85.316
G1 X215.176 Y217.321 E85.31735
M204 S2500
G0 F15000 X215.232 Y217.152
G0 X215.252 Y217.144
;MESH:NONMESH
G0 F600 X215.252 Y217.144 Z7
G0 F15000 X215.176 Y217.321
;TIME_ELAPSED:142.643837
;LAYER:34
;note -- min layer time used
M204 S1250
;TYPE:WALL-OUTER
;MESH:molette.stl
G1 F525 X215.232 Y217.152 E85.32454
G1 X215.416 Y217.073 E85.33262
G1 X215.607 Y217.162 E85.34113
G1 X215.66 Y217.268 E85.34591
G1 X215.66 Y217.382 E85.35052
G1 X215.607 Y217.486 E85.35523
G1 X215.512 Y217.557 E85.36002
G1 X215.403 Y217.577 E85.36449
G1 X215.287 Y217.542 E85.36938
G1 X215.204 Y217.465 E85.37395
G1 X215.166 Y217.353 E85.37873
G1 X215.176 Y217.321 E85.38008
M204 S2500
G0 F15000 X215.232 Y217.152
G0 X215.252 Y217.144
;MESH:NONMESH
G0 F600 X215.252 Y217.144 Z7.2
G0 F15000 X215.176 Y217.321
;TIME_ELAPSED:142.913192
;LAYER:35
;note -- min layer time used
M204 S1250
;TYPE:WALL-OUTER
;MESH:molette.stl
G1 F525 X215.232 Y217.152 E85.38727
G1 X215.416 Y217.073 E85.39535
G1 X215.607 Y217.162 E85.40386
G1 X215.66 Y217.268 E85.40865
G1 X215.66 Y217.382 E85.41325
G1 X215.607 Y217.486 E85.41796
G1 X215.512 Y217.557 E85.42275
G1 X215.403 Y217.577 E85.42722
G1 X215.287 Y217.542 E85.43211
G1 X215.204 Y217.465 E85.43668
G1 X215.166 Y217.353 E85.44146
G1 X215.176 Y217.321 E85.44281
M204 S2500
G0 F15000 X215.232 Y217.152
G0 X215.252 Y217.144
;MESH:NONMESH
G0 F600 X215.252 Y217.144 Z7.4
G0 F15000 X215.176 Y217.321
;TIME_ELAPSED:143.182548
;LAYER:36
;note -- min layer time used
M204 S1250
;TYPE:WALL-OUTER
;MESH:molette.stl
G1 F525 X215.232 Y217.152 E85.45
G1 X215.416 Y217.073 E85.45809
G1 X215.607 Y217.162 E85.46659
G1 X215.66 Y217.268 E85.47138
G1 X215.66 Y217.382 E85.47598
G1 X215.607 Y217.486 E85.48069
G1 X215.512 Y217.557 E85.48548
G1 X215.403 Y217.577 E85.48995
G1 X215.287 Y217.542 E85.49485
G1 X215.204 Y217.465 E85.49942
G1 X215.166 Y217.353 E85.50419
G1 X215.176 Y217.321 E85.50555
M204 S2500
G0 F15000 X215.232 Y217.152
G0 X215.252 Y217.144
;MESH:NONMESH
G0 F600 X215.252 Y217.144 Z7.6
G0 F15000 X215.176 Y217.321
;TIME_ELAPSED:143.451904
;LAYER:37
;note -- min layer time used
M204 S1250
;TYPE:WALL-OUTER
;MESH:molette.stl
G1 F525 X215.232 Y217.152 E85.51273
G1 X215.416 Y217.073 E85.52082
G1 X215.607 Y217.162 E85.52932
G1 X215.66 Y217.268 E85.53411
G1 X215.66 Y217.382 E85.53871
G1 X215.607 Y217.486 E85.54342
G1 X215.512 Y217.557 E85.54821
G1 X215.403 Y217.577 E85.55269
G1 X215.287 Y217.542 E85.55758
G1 X215.204 Y217.465 E85.56215
G1 X215.166 Y217.353 E85.56692
G1 X215.176 Y217.321 E85.56828
M204 S2500
G0 F15000 X215.232 Y217.152
G0 X215.252 Y217.144
;MESH:NONMESH
G0 F600 X215.252 Y217.144 Z7.8
G0 F15000 X215.176 Y217.321
;TIME_ELAPSED:143.721259
;LAYER:38
;note -- min layer time used
M204 S1250
;TYPE:WALL-OUTER
;MESH:molette.stl
G1 F525 X215.232 Y217.152 E85.57546
G1 X215.416 Y217.073 E85.58355
G1 X215.607 Y217.162 E85.59206
G1 X215.66 Y217.268 E85.59684
G1 X215.66 Y217.382 E85.60144
G1 X215.607 Y217.486 E85.60616
G1 X215.512 Y217.557 E85.61094
G1 X215.403 Y217.577 E85.61542
G1 X215.287 Y217.542 E85.62031
G1 X215.204 Y217.465 E85.62488
G1 X215.166 Y217.353 E85.62965
G1 X215.176 Y217.321 E85.63101
M204 S2500
G0 F15000 X215.232 Y217.152
G0 X215.252 Y217.144
;MESH:NONMESH
G0 F600 X215.252 Y217.144 Z8
G0 F15000 X215.176 Y217.321
;TIME_ELAPSED:143.990615
;LAYER:39
;note -- min layer time used
M204 S1250
;TYPE:WALL-OUTER
;MESH:molette.stl
G1 F525 X215.232 Y217.152 E85.6382
G1 X215.416 Y217.073 E85.64628
G1 X215.607 Y217.162 E85.65479
G1 X215.66 Y217.268 E85.65957
G1 X215.66 Y217.382 E85.66417
G1 X215.607 Y217.486 E85.66889
G1 X215.512 Y217.557 E85.67368
G1 X215.403 Y217.577 E85.67815
G1 X215.287 Y217.542 E85.68304
G1 X215.204 Y217.465 E85.68761
G1 X215.166 Y217.353 E85.69239
G1 X215.176 Y217.321 E85.69374
M204 S2500
G0 F15000 X215.232 Y217.152
G0 X215.252 Y217.144
;TIME_ELAPSED:144.184586
G1 F2700 E85.19374
M140 S0
M204 S5000
M107
G91 ;Relative positioning
G1 E-2 F2700 ;Retract a bit
G1 E-2 Z0.2 F2400 ;Retract and raise Z
G1 X5 Y5 F3000 ;Wipe out
G1 Z2 ;Raise Z more
G90 ;Absolute positioning
G1 X0 Y425 ;Present print
M106 S0 ;Turn-off fan
M104 S0 ;Turn-off hotend
M140 S0 ;Turn-off bed
M84 X Y E ;Disable all steppers but Z
M82 ;absolute extrusion mode
M104 S0
;End of Gcode
;SETTING_3 {"global_quality": "[general]\\nversion = 4\\nname = Fast #2\\ndefini
;SETTING_3 tion = elegoo_neptune_4max\\n\\n[metadata]\\ntype = quality_changes\\
;SETTING_3 nquality_type = Elegoo_layer_020\\nsetting_version = 24\\n\\n[values]
;SETTING_3 \\nadhesion_type = skirt\\nsupport_enable = False\\nsupport_structure
;SETTING_3  = tree\\nsupport_type = everywhere\\n\\n", "extruder_quality": ["[ge
;SETTING_3 neral]\\nversion = 4\\nname = Fast #2\\ndefinition = elegoo_neptune_4
;SETTING_3 max\\n\\n[metadata]\\ntype = quality_changes\\nquality_type = Elegoo_
;SETTING_3 layer_020\\nsetting_version = 24\\nposition = 0\\n\\n[values]\\ninfil
;SETTING_3 l_sparse_density = 20\\n\\n"]}
