;FLAVOR:Marlin
;TIME:299
;Filament used: 0.188772m
;Layer height: 0.2
;MINX:200.362
;MINY:200.147
;MINZ:0.2
;MAXX:230.165
;MAXY:230.363
;MAXZ:8
;TARGET_MACHINE.NAME:ELEGOO NEPTUNE 4 Max
;Generated with Cura_SteamEngine 5.9.0
M82 ;absolute extrusion mode
;ELEGOO NEPTUNE 4 MAX
M220 S100 ;Set the feed speed to 100%
M221 S100 ;Set the flow rate to 100%
M104 S140 ;Start heating extruder
M190 S60 ;Wait for the bed to reach print temp
G90
G28 ;home
G1 Z10 F300
G1 X165 Y0 F6000
G1 Z0 F300
M109 S210 ;Wait for extruder to reach print temp
G92 E0 ;Reset Extruder
G1 X165 Y0 Z0.4 F300 ;Move to start position
G1 X265 E30 F400 ;Draw the first line
G1 Z0.6 F120.0 ;Move to side a little
G1 X260 F3000
G92 E0 ;Reset Extruder
G92 E0
G92 E0
G1 F2700 E-0.5
;LAYER_COUNT:40
;LAYER:0
M107
M204 S500
G0 F7200 X209.528 Y230.29 Z0.2
;TYPE:SKIRT
G1 F2700 E0
G1 F3600 X208.567 Y230.363 E0.04256
G1 X207.532 Y230.302 E0.08834
G1 X205.225 Y229.628 E0.19447
G1 X203.875 Y228.882 E0.26258
G1 X201.927 Y226.934 E0.38422
G1 X201.151 Y225.663 E0.44998
G1 X200.462 Y223.306 E0.55842
G1 X200.362 Y222.129 E0.61058
G1 X200.459 Y221.149 E0.65406
G1 X200.845 Y219.83 E0.71475
G1 X201.52 Y218.548 E0.77872
G1 X202.484 Y217.596 E0.83855
G1 X202.969 Y217.242 E0.86506
G1 X203.157 Y217.145 E0.87441
G1 X202.877 Y215.936 E0.9292
G1 X202.759 Y215.218 E0.96134
G1 X202.663 Y214.236 E1.0049
G1 X202.647 Y213.142 E1.05322
G1 X202.704 Y212.27 E1.0918
G1 X202.993 Y210.641 E1.16486
G1 X203.437 Y209.264 E1.22875
G1 X204.058 Y207.897 E1.29505
G1 X205.07 Y206.477 E1.37204
G1 X205.93 Y205.546 E1.42801
G1 X206.598 Y204.968 E1.46702
G1 X207.787 Y204.15 E1.53074
G1 X208.603 Y203.725 E1.57137
G1 X209.836 Y203.232 E1.63001
G1 X210.609 Y203.008 E1.66554
G1 X211.624 Y202.799 E1.7113
G1 X212.698 Y202.675 E1.75904
G1 X214.169 Y202.672 E1.824
G1 X215.167 Y202.766 E1.86826
G1 X216.829 Y203.106 E1.94317
G1 X217.324 Y202.33 E1.98382
G1 X218.321 Y201.333 E2.04608
G1 X219.543 Y200.662 E2.10764
G1 X220.974 Y200.254 E2.17334
G1 X222.247 Y200.147 E2.22975
G1 X223.138 Y200.269 E2.26946
G1 X225.259 Y200.863 E2.36673
G1 X226.393 Y201.441 E2.42293
G1 X226.934 Y201.843 E2.45269
G1 X228.627 Y203.63 E2.56139
G1 X229.387 Y204.874 E2.62576
G1 X230.08 Y207.25 E2.73505
G1 X230.165 Y208.535 E2.79192
G1 X230.11 Y209.275 E2.82468
G1 X229.667 Y210.778 E2.89387
G1 X229.216 Y211.673 E2.93813
G1 X228.586 Y212.481 E2.98337
G1 X228.388 Y212.662 E2.99522
G1 X228.75 Y213.037 E3.01823
G1 X229.535 Y214.207 E3.08045
G1 X229.95 Y215.636 E3.14615
G1 X229.987 Y216.861 E3.20027
G1 X229.68 Y218.204 E3.2611
G1 X229.544 Y218.532 E3.27678
G1 X228.808 Y219.696 E3.3376
G1 X220.08 Y228.492 E3.88477
G1 X219.067 Y229.297 E3.9419
G1 X217.937 Y229.779 E3.99615
G1 X217.128 Y229.942 E4.03259
G1 X216.077 Y229.967 E4.07901
G1 X215.374 Y229.877 E4.11031
G1 X214.336 Y229.511 E4.15891
G1 X213.249 Y228.86 E4.21486
G1 X212.894 Y228.53 E4.23626
G1 X212.247 Y229.178 E4.27669
G1 X210.983 Y229.886 E4.34067
G1 X209.528 Y230.29 E4.40735
G0 F7200 X209.438 Y229.77
G1 F3600 X208.527 Y229.839 E4.44769
G1 X207.622 Y229.781 E4.48773
G1 X205.43 Y229.141 E4.58857
G1 X204.192 Y228.457 E4.65102
G1 X202.342 Y226.607 E4.76655
G1 X201.636 Y225.45 E4.8264
G1 X200.981 Y223.209 E4.9295
G1 X200.889 Y222.131 E4.97727
G1 X200.976 Y221.253 E5.01623
G1 X201.335 Y220.027 E5.07264
G1 X201.946 Y218.865 E5.13061
G1 X202.853 Y217.97 E5.18688
G1 X203.274 Y217.669 E5.20973
G1 X203.798 Y217.424 E5.23528
G1 X203.622 Y216.828 E5.26272
G1 X203.395 Y215.85 E5.30705
G1 X203.282 Y215.167 E5.33762
G1 X203.186 Y214.185 E5.38119
G1 X203.171 Y213.176 E5.42575
G1 X203.228 Y212.304 E5.46433
G1 X203.493 Y210.801 E5.53173
G1 X203.915 Y209.481 E5.59292
G1 X204.514 Y208.163 E5.65685
G1 X205.498 Y206.782 E5.73173
G1 X206.274 Y205.943 E5.78219
G1 X206.942 Y205.365 E5.8212
G1 X208.03 Y204.616 E5.87952
G1 X208.846 Y204.191 E5.92015
G1 X209.983 Y203.736 E5.97423
G1 X210.716 Y203.522 E6.00795
G1 X211.684 Y203.321 E6.0516
G1 X212.758 Y203.197 E6.09934
G1 X214.12 Y203.195 E6.15948
G1 X215.118 Y203.289 E6.20375
G1 X217.146 Y203.707 E6.29518
G1 X217.264 Y203.4 E6.3097
G1 X217.737 Y202.659 E6.34852
G1 X218.638 Y201.758 E6.40479
G1 X219.743 Y201.151 E6.46046
G1 X221.07 Y200.773 E6.52139
G1 X222.231 Y200.675 E6.57283
G1 X222.996 Y200.775 E6.6069
G1 X225.069 Y201.356 E6.70197
G1 X226.114 Y201.888 E6.75375
G1 X226.587 Y202.239 E6.77976
G1 X228.207 Y203.95 E6.8838
G1 X228.903 Y205.089 E6.94274
G1 X229.56 Y207.341 E7.04633
G1 X229.641 Y208.496 E7.09746
G1 X229.59 Y209.181 E7.12779
G1 X229.176 Y210.585 E7.19242
G1 X228.77 Y211.39 E7.23224
G1 X228.172 Y212.158 E7.27522
G1 X227.61 Y212.63 E7.30762
G1 X228.314 Y213.329 E7.35143
G1 X229.053 Y214.431 E7.41002
G1 X229.427 Y215.718 E7.4692
G1 X229.46 Y216.81 E7.51744
G1 X229.168 Y218.087 E7.57529
G1 X229.1 Y218.251 E7.58313
G1 X228.394 Y219.367 E7.64144
G1 X219.707 Y228.122 E8.18605
G1 X218.797 Y228.841 E8.23726
G1 X217.782 Y229.274 E8.28599
G1 X217.068 Y229.418 E8.31815
G1 X216.064 Y229.442 E8.3625
G1 X215.495 Y229.363 E8.38786
G1 X214.561 Y229.034 E8.43159
G1 X213.519 Y228.41 E8.48522
G1 X212.893 Y227.789 E8.52416
G1 X211.927 Y228.756 E8.58451
G1 X210.784 Y229.396 E8.64236
G1 X209.438 Y229.77 E8.70405
G0 F7200 X209.348 Y229.25
G1 F3600 X208.487 Y229.315 E8.74217
G1 X207.712 Y229.26 E8.77648
G1 X205.631 Y228.653 E8.8722
G1 X204.511 Y228.034 E8.92871
G1 X202.759 Y226.282 E9.03812
G1 X202.12 Y225.235 E9.09228
G1 X201.499 Y223.111 E9.19
G1 X201.416 Y222.133 E9.23334
G1 X201.493 Y221.356 E9.26782
G1 X201.824 Y220.225 E9.31985
G1 X202.372 Y219.182 E9.37188
G1 X203.222 Y218.344 E9.42459
G1 X203.573 Y218.101 E9.44344
G1 X204.431 Y217.713 E9.48502
G1 X204.126 Y216.679 E9.53262
G1 X203.907 Y215.732 E9.57554
G1 X203.805 Y215.116 E9.60311
G1 X203.709 Y214.134 E9.64668
G1 X203.695 Y213.21 E9.68749
G1 X203.752 Y212.338 E9.72607
G1 X203.993 Y210.96 E9.78785
G1 X204.393 Y209.698 E9.8463
G1 X204.97 Y208.429 E9.90786
G1 X205.926 Y207.087 E9.98062
G1 X206.658 Y206.301 E10.02805
G1 X207.241 Y205.797 E10.06208
G1 X208.273 Y205.082 E10.11751
G1 X209.089 Y204.657 E10.15814
G1 X210.131 Y204.24 E10.2077
G1 X210.824 Y204.036 E10.2396
G1 X211.744 Y203.843 E10.28111
G1 X212.818 Y203.719 E10.32885
G1 X214.071 Y203.718 E10.38418
G1 X215.069 Y203.812 E10.42844
G1 X216.757 Y204.16 E10.50455
G1 X217.47 Y204.382 E10.53752
G1 X217.707 Y203.682 E10.57015
G1 X218.15 Y202.988 E10.60651
G1 X218.955 Y202.183 E10.65678
G1 X219.943 Y201.64 E10.70656
G1 X221.166 Y201.292 E10.76271
G1 X222.219 Y201.203 E10.80937
G1 X222.854 Y201.281 E10.83762
G1 X224.88 Y201.849 E10.93054
G1 X225.808 Y202.315 E10.97639
G1 X226.206 Y202.6 E10.99801
G1 X227.787 Y204.27 E11.09955
G1 X228.419 Y205.304 E11.15306
G1 X229.04 Y207.432 E11.25095
G1 X229.117 Y208.457 E11.29634
G1 X229.07 Y209.087 E11.32423
G1 X228.686 Y210.39 E11.38422
G1 X228.323 Y211.109 E11.41978
G1 X227.791 Y211.792 E11.45801
G1 X227.312 Y212.2 E11.4858
G1 X226.76 Y212.527 E11.51413
G1 X227.909 Y213.667 E11.5856
G1 X228.571 Y214.655 E11.63811
G1 X228.904 Y215.8 E11.69077
G1 X228.933 Y216.759 E11.73314
G1 X228.656 Y217.97 E11.78799
G1 X227.98 Y219.038 E11.8438
G1 X219.334 Y227.752 E12.38585
G1 X218.527 Y228.385 E12.43114
G1 X217.627 Y228.769 E12.47435
G1 X217.008 Y228.894 E12.50224
G1 X216.051 Y228.917 E12.54451
G1 X215.618 Y228.85 E12.56385
G1 X214.786 Y228.557 E12.6028
G1 X213.843 Y227.992 E12.65135
G1 X212.766 Y226.925 E12.71829
G1 X212.403 Y227.537 E12.74971
G1 X211.607 Y228.334 E12.79945
G1 X210.585 Y228.906 E12.85117
G1 X209.348 Y229.25 E12.90786
G0 F7200 X209.258 Y228.73
G1 F3600 X208.448 Y228.791 E12.94373
G1 X207.807 Y228.741 E12.97212
G1 X205.836 Y228.166 E13.06278
G1 X204.828 Y227.609 E13.11364
G1 X203.174 Y225.955 E13.21692
G1 X202.605 Y225.022 E13.26518
G1 X202.018 Y223.014 E13.35756
G1 X201.943 Y222.135 E13.39651
G1 X202.01 Y221.46 E13.42647
G1 X202.314 Y220.422 E13.47423
G1 X202.8 Y219.497 E13.52037
G1 X203.532 Y218.768 E13.56599
G1 X203.79 Y218.579 E13.58011
G1 X204.51 Y218.253 E13.61501
G1 X205.153 Y218.107 E13.64412
G1 X204.804 Y217.12 E13.69035
G1 X204.63 Y216.53 E13.71751
G1 X204.425 Y215.646 E13.75758
G1 X204.328 Y215.065 E13.78359
G1 X204.232 Y214.083 E13.82716
G1 X204.219 Y213.244 E13.86422
G1 X204.276 Y212.372 E13.9028
G1 X204.494 Y211.117 E13.95905
G1 X204.871 Y209.915 E14.01468
G1 X205.426 Y208.695 E14.07386
G1 X206.354 Y207.392 E14.1445
G1 X207.003 Y206.697 E14.18649
G1 X207.541 Y206.228 E14.218
G1 X208.516 Y205.548 E14.27049
G1 X209.332 Y205.123 E14.31112
G1 X210.28 Y204.743 E14.35622
G1 X210.933 Y204.55 E14.38629
G1 X211.804 Y204.365 E14.4256
G1 X212.878 Y204.241 E14.47334
G1 X214.022 Y204.241 E14.52386
G1 X215.02 Y204.335 E14.56812
G1 X216.601 Y204.661 E14.63941
G1 X217.493 Y204.939 E14.68066
G1 X217.87 Y205.085 E14.69851
G1 X217.907 Y204.727 E14.71441
G1 X218.183 Y203.911 E14.75244
G1 X218.562 Y203.318 E14.78352
G1 X219.272 Y202.608 E14.82786
G1 X220.143 Y202.129 E14.87175
G1 X221.262 Y201.811 E14.92312
G1 X222.207 Y201.731 E14.965
G1 X222.712 Y201.787 E14.98743
G1 X224.692 Y202.342 E15.07823
G1 X225.572 Y202.784 E15.12172
G1 X225.825 Y202.961 E15.13535
G1 X227.367 Y204.59 E15.2344
G1 X227.935 Y205.519 E15.28248
G1 X228.521 Y207.528 E15.37489
G1 X228.593 Y208.418 E15.41432
G1 X228.55 Y208.992 E15.43974
G1 X228.194 Y210.199 E15.4953
G1 X227.878 Y210.826 E15.52631
G1 X227.411 Y211.425 E15.55985
G1 X227.005 Y211.771 E15.5834
G1 X226.29 Y212.195 E15.62011
G1 X225.821 Y212.335 E15.64172
G1 X227.504 Y214.005 E15.74642
G1 X228.089 Y214.879 E15.79286
G1 X228.381 Y215.882 E15.83898
G1 X228.406 Y216.708 E15.87548
G1 X228.164 Y217.767 E15.92344
G1 X227.569 Y218.706 E15.97253
G1 X218.961 Y227.382 E16.51221
G1 X218.257 Y227.929 E16.55157
G1 X217.472 Y228.264 E16.58926
G1 X216.948 Y228.37 E16.61287
G1 X216.117 Y228.396 E16.64958
G1 X215.792 Y228.355 E16.66405
G1 X215.011 Y228.08 E16.70061
G1 X214.169 Y227.576 E16.74394
G1 X212.572 Y225.992 E16.84326
G1 X212.349 Y226.6 E16.87186
G1 X211.985 Y227.213 E16.90334
G1 X211.287 Y227.912 E16.94696
G1 X210.386 Y228.416 E16.99255
G1 X209.258 Y228.73 E17.04425
G0 F7200 X209.168 Y228.21
G1 F3600 X208.409 Y228.267 E17.07786
G1 X207.902 Y228.222 E17.10034
G1 X206.041 Y227.679 E17.18594
G1 X205.145 Y227.184 E17.23114
G1 X203.589 Y225.628 E17.32831
G1 X203.09 Y224.809 E17.37066
G1 X202.536 Y222.916 E17.45775
G1 X202.47 Y222.137 E17.49228
G1 X202.527 Y221.563 E17.51775
G1 X202.803 Y220.62 E17.56113
G1 X203.228 Y219.811 E17.60149
G1 X203.902 Y219.14 E17.64348
G1 X204.056 Y219.034 E17.65174
G1 X204.675 Y218.754 E17.68174
G1 X205.215 Y218.626 E17.70624
G1 X205.798 Y218.598 E17.73202
G1 X206.02 Y218.63 E17.74192
G1 X205.734 Y218.174 E17.76569
G1 X205.308 Y216.971 E17.82204
G1 X205.134 Y216.381 E17.8492
G1 X204.943 Y215.558 E17.88651
G1 X204.851 Y215.014 E17.91087
G1 X204.755 Y214.032 E17.95444
G1 X204.743 Y213.278 E17.98774
G1 X204.8 Y212.406 E18.02633
G1 X204.995 Y211.273 E18.07709
G1 X205.349 Y210.132 E18.12985
G1 X205.882 Y208.961 E18.18666
G1 X206.782 Y207.697 E18.25518
G1 X207.348 Y207.093 E18.29173
G1 X207.886 Y206.624 E18.32324
G1 X208.759 Y206.014 E18.37027
G1 X209.575 Y205.589 E18.4109
G1 X210.43 Y205.246 E18.45158
G1 X211.043 Y205.063 E18.47983
G1 X211.866 Y204.886 E18.517
G1 X212.879 Y204.766 E18.56204
G1 X213.973 Y204.764 E18.61035
G1 X214.971 Y204.858 E18.65461
G1 X216.445 Y205.162 E18.72107
G1 X217.304 Y205.429 E18.76079
G1 X218.211 Y205.78 E18.80374
G1 X218.402 Y205.89 E18.81347
G1 X218.369 Y205.659 E18.82377
G1 X218.404 Y204.895 E18.85754
G1 X218.659 Y204.142 E18.89265
G1 X218.975 Y203.647 E18.91858
G1 X219.589 Y203.033 E18.95692
G1 X220.344 Y202.617 E18.99499
G1 X221.357 Y202.33 E19.04148
G1 X222.251 Y202.254 E19.0811
G1 X222.57 Y202.293 E19.09529
G1 X224.504 Y202.835 E19.18398
G1 X225.336 Y203.253 E19.2251
G1 X225.481 Y203.361 E19.23308
G1 X226.947 Y204.91 E19.32725
G1 X227.451 Y205.734 E19.36991
G1 X228.002 Y207.624 E19.45684
G1 X228.069 Y208.379 E19.49031
G1 X228.03 Y208.898 E19.51329
G1 X227.704 Y210.004 E19.56421
G1 X227.431 Y210.545 E19.59096
G1 X227.029 Y211.061 E19.61985
G1 X226.737 Y211.319 E19.63705
G1 X226.022 Y211.743 E19.67376
G1 X225.346 Y211.913 E19.70454
G1 X224.688 Y211.95 E19.73364
G1 X227.099 Y214.343 E19.88364
G1 X227.607 Y215.103 E19.92401
G1 X227.858 Y215.964 E19.96361
G1 X227.879 Y216.657 E19.99422
G1 X227.672 Y217.564 E20.0353
G1 X227.158 Y218.374 E20.07766
G1 X218.588 Y227.012 E20.61497
G1 X217.989 Y227.472 E20.64832
G1 X217.312 Y227.761 E20.68082
G1 X216.932 Y227.845 E20.69801
G1 X216.101 Y227.871 E20.73472
G1 X215.911 Y227.841 E20.74321
G1 X215.235 Y227.603 E20.77486
G1 X214.495 Y227.16 E20.81294
G1 X212.169 Y224.853 E20.9576
G1 X212.122 Y225.694 E20.9948
G1 X211.873 Y226.375 E21.02682
G1 X211.569 Y226.886 E21.05307
G1 X210.965 Y227.491 E21.09082
G1 X210.187 Y227.926 E21.13018
G1 X209.168 Y228.21 E21.17689
G0 F7200 X209.078 Y227.69
G1 F3600 X208.37 Y227.743 E21.20824
G1 X208.049 Y227.718 E21.22246
G1 X206.242 Y227.191 E21.30558
G1 X205.464 Y226.761 E21.34483
G1 X204.004 Y225.301 E21.436
G1 X203.575 Y224.596 E21.47244
G1 X203.055 Y222.819 E21.5542
G1 X202.993 Y222.092 E21.58642
G1 X203.031 Y221.71 E21.60337
G1 X203.292 Y220.818 E21.64441
G1 X203.656 Y220.125 E21.67898
G1 X204.272 Y219.512 E21.71735
G1 X204.842 Y219.254 E21.74498
G1 X205.336 Y219.137 E21.7674
G1 X205.813 Y219.123 E21.78847
G1 X206.574 Y219.284 E21.82282
G1 X207.294 Y219.731 E21.86024
G1 X211.012 Y223.421 E22.09154
G1 X211.472 Y224.123 E22.12861
G1 X211.648 Y224.858 E22.16198
G1 X211.602 Y225.588 E22.19428
G1 X211.38 Y226.195 E22.22282
G1 X211.153 Y226.559 E22.24176
G1 X210.643 Y227.07 E22.27364
G1 X209.988 Y227.436 E22.30677
G1 X209.078 Y227.69 E22.34849
G1 F2700 E21.84849
G0 F7200 X216.085 Y227.346
G1 F2700 E22.34849
G1 F3600 X215.459 Y227.126 E22.37779
G1 X214.821 Y226.744 E22.41063
G1 X206.673 Y218.661 E22.91742
G1 X206.229 Y217.999 E22.95262
G1 X205.812 Y216.822 E23.00776
G1 X205.638 Y216.232 E23.03492
G1 X205.461 Y215.47 E23.06947
G1 X205.369 Y214.926 E23.09383
G1 X205.28 Y214.022 E23.13394
G1 X205.267 Y213.311 E23.16534
G1 X205.318 Y212.493 E23.20153
G1 X205.497 Y211.427 E23.24926
G1 X205.827 Y210.349 E23.29904
G1 X206.338 Y209.226 E23.35352
G1 X207.166 Y208.055 E23.41685
G1 X207.693 Y207.489 E23.451
G1 X208.231 Y207.02 E23.48252
G1 X209.002 Y206.48 E23.52408
G1 X209.818 Y206.055 E23.56471
G1 X210.582 Y205.749 E23.60105
G1 X211.155 Y205.576 E23.62748
G1 X211.93 Y205.407 E23.66251
G1 X212.881 Y205.291 E23.70481
G1 X213.924 Y205.287 E23.75087
G1 X214.922 Y205.381 E23.79513
G1 X216.29 Y205.664 E23.85682
G1 X217.115 Y205.919 E23.89495
G1 X218.022 Y206.27 E23.93789
G1 X218.568 Y206.616 E23.96644
G1 X226.691 Y214.678 E24.4718
G1 X227.126 Y215.329 E24.50637
G1 X227.335 Y216.046 E24.53935
G1 X227.352 Y216.606 E24.56409
G1 X227.18 Y217.358 E24.59815
G1 X226.745 Y218.045 E24.63406
G1 X218.215 Y226.642 E25.16883
G1 X217.724 Y227.014 E25.19603
G1 X217.106 Y227.278 E25.22571
G1 X216.916 Y227.32 E25.2343
G1 X216.085 Y227.346 E25.27101
G1 F2700 E24.77101
G0 F7200 X209.785 Y226.947
G1 F2700 E25.27101
G1 F3600 X208.988 Y227.17 E25.30756
G1 X208.331 Y227.219 E25.33665
G1 X208.145 Y227.199 E25.34491
G1 X206.447 Y226.704 E25.42301
G1 X205.781 Y226.336 E25.45661
G1 X204.422 Y224.977 E25.54148
G1 X204.06 Y224.381 E25.57227
G1 X203.573 Y222.72 E25.6487
G1 X203.516 Y222.048 E25.67848
G1 X203.535 Y221.857 E25.68696
G1 X203.781 Y221.016 E25.72565
G1 X204.084 Y220.439 E25.75443
G1 X204.575 Y219.951 E25.78499
G1 X204.971 Y219.763 E25.80435
G1 X205.374 Y219.661 E25.82271
G1 X205.704 Y219.637 E25.83732
G1 X206.376 Y219.779 E25.86765
G1 X206.965 Y220.145 E25.89827
G1 X210.604 Y223.756 E26.12464
G1 X210.982 Y224.333 E26.1551
G1 X211.119 Y224.905 E26.18107
G1 X211.083 Y225.479 E26.20647
G1 X210.887 Y226.014 E26.23163
G1 X210.781 Y226.188 E26.24063
G1 X210.323 Y226.647 E26.26926
G1 X209.785 Y226.947 E26.29646
G0 F7200 X208.896 Y226.65
G1 F3600 X208.292 Y226.695 E26.3232
G1 X206.648 Y226.216 E26.39882
G1 X206.1 Y225.913 E26.42647
G1 X204.84 Y224.653 E26.50515
G1 X204.544 Y224.166 E26.53032
G1 X204.091 Y222.621 E26.60141
G1 X204.039 Y222.004 E26.62875
G1 X204.285 Y221.163 E26.66744
G1 X204.454 Y220.812 E26.68465
G1 X204.883 Y220.386 E26.71134
G1 X205.1 Y220.272 E26.72217
G1 X205.503 Y220.17 E26.74052
G1 X205.723 Y220.162 E26.75024
G1 X206.178 Y220.274 E26.77094
G1 X206.635 Y220.557 E26.79467
G1 X210.198 Y224.093 E27.01633
G1 X210.493 Y224.544 E27.04013
G1 X210.594 Y224.9 E27.05647
G1 X210.59 Y225.298 E27.07404
G1 X210.394 Y225.833 E27.0992
G1 X210.068 Y226.188 E27.12049
G1 X209.585 Y226.457 E27.1449
G1 X208.896 Y226.65 E27.17649
G1 F2700 E26.67649
G0 F7200 X209.301 Y225.445
G1 F2700 E27.17649
G1 F3600 X208.612 Y225.638 E27.20809
G1 X208.413 Y225.637 E27.21688
G1 X206.942 Y225.208 E27.28454
G1 X206.787 Y225.116 E27.2925
G1 X205.622 Y223.951 E27.36525
G1 X205.531 Y223.797 E27.37315
G1 X205.099 Y222.325 E27.44089
G1 X205.099 Y222.121 E27.4499
G1 X205.293 Y221.458 E27.4804
G1 X205.377 Y221.312 E27.48784
G1 X205.519 Y221.219 E27.49533
G1 X205.686 Y221.201 E27.50275
G1 X205.895 Y221.303 E27.51302
G1 X209.458 Y224.839 E27.73468
G1 X209.547 Y224.983 E27.74215
G1 X209.561 Y225.152 E27.74964
G1 X209.497 Y225.308 E27.75709
G1 X209.301 Y225.445 E27.76765
G0 F7200 X208.754 Y226.144
G1 F3600 X208.349 Y226.165 E27.78555
G1 X206.795 Y225.712 E27.85703
G1 X206.471 Y225.542 E27.87319
G1 X205.251 Y224.322 E27.94937
G1 X205.048 Y224.018 E27.96551
G1 X204.595 Y222.473 E28.03661
G1 X204.57 Y222.059 E28.05492
G1 X204.789 Y221.311 E28.08934
G1 X204.922 Y221.05 E28.10228
G1 X205.229 Y220.781 E28.1203
G1 X205.632 Y220.679 E28.13866
G1 X205.916 Y220.729 E28.15139
G1 X206.265 Y220.93 E28.16917
G1 X209.828 Y224.466 E28.39083
G1 X209.994 Y224.707 E28.40375
G1 X210.07 Y224.939 E28.41453
G1 X210.086 Y225.152 E28.42397
G1 X209.984 Y225.505 E28.44019
G1 X209.798 Y225.738 E28.45336
G1 X209.443 Y225.951 E28.47164
G1 X208.754 Y226.144 E28.50323
G1 F2700 E28.00323
G0 F7200 X216.469 Y225.831
G0 X225.842 Y216.386
G0 X225.818 Y211.253
G1 F2700 E28.50323
G1 F3600 X225.218 Y211.404 E28.53055
G1 X224.778 Y211.419 E28.54999
G1 X224.13 Y211.312 E28.579
G1 X223.333 Y210.888 E28.61886
G1 X219.528 Y207.114 E28.85551
G1 X219.068 Y206.413 E28.89253
G1 X218.893 Y205.683 E28.92568
G1 X218.925 Y204.993 E28.95618
G1 X219.134 Y204.375 E28.98499
G1 X219.39 Y203.974 E29.00599
G1 X219.905 Y203.459 E29.03815
G1 X220.547 Y203.105 E29.07053
G1 X221.452 Y202.849 E29.11206
G1 X222.241 Y202.782 E29.14702
G1 X222.428 Y202.799 E29.15531
G1 X224.316 Y203.328 E29.24189
G1 X225.1 Y203.722 E29.28064
G1 X226.527 Y205.23 E29.37232
G1 X226.967 Y205.949 E29.40954
G1 X227.483 Y207.721 E29.49103
G1 X227.546 Y208.426 E29.52229
G1 X227.526 Y208.75 E29.53662
G1 X227.214 Y209.809 E29.58537
G1 X226.984 Y210.264 E29.60789
G1 X226.615 Y210.738 E29.63441
G1 X226.469 Y210.867 E29.64301
G1 X225.818 Y211.253 E29.67643
G0 F7200 X225.55 Y210.801
G1 F3600 X225.2 Y210.879 E29.69227
G1 X224.76 Y210.894 E29.71171
G1 X224.301 Y210.808 E29.73233
G1 X223.648 Y210.461 E29.76498
G1 X219.936 Y206.779 E29.99585
G1 X219.558 Y206.202 E30.02631
G1 X219.421 Y205.63 E30.05228
G1 X219.446 Y205.091 E30.07611
G1 X219.586 Y204.642 E30.09688
G1 X219.761 Y204.345 E30.1121
G1 X220.221 Y203.885 E30.14083
G1 X220.75 Y203.593 E30.16751
G1 X221.546 Y203.368 E30.20403
G1 X222.286 Y203.305 E30.23683
G1 X224.128 Y203.821 E30.3213
G1 X224.782 Y204.15 E30.35362
G1 X226.107 Y205.55 E30.43874
G1 X226.483 Y206.164 E30.47053
G1 X226.965 Y207.818 E30.54661
G1 X227.023 Y208.472 E30.5756
G1 X227.005 Y208.661 E30.58398
G1 X226.739 Y209.584 E30.6264
G1 X226.57 Y209.941 E30.64384
G1 X226.201 Y210.415 E30.67036
G1 X225.55 Y210.801 E30.70378
G0 F7200 X225.355 Y210.307
G1 F3600 X225.182 Y210.354 E30.7117
G1 X224.742 Y210.369 E30.73114
G1 X224.479 Y210.308 E30.74306
G1 X223.963 Y210.034 E30.76886
G1 X220.342 Y206.442 E30.99408
G1 X220.047 Y205.991 E31.01788
G1 X219.946 Y205.635 E31.03422
G1 X219.95 Y205.237 E31.05179
G1 X220.052 Y204.884 E31.06802
G1 X220.147 Y204.701 E31.07712
G1 X220.475 Y204.345 E31.0985
G1 X220.953 Y204.081 E31.12261
G1 X221.64 Y203.887 E31.15413
G1 X222.234 Y203.836 E31.18046
G1 X223.94 Y204.314 E31.25869
G1 X224.464 Y204.578 E31.2846
G1 X225.687 Y205.87 E31.36316
G1 X225.999 Y206.379 E31.38952
G1 X226.446 Y207.915 E31.46016
G1 X226.5 Y208.519 E31.48694
G1 X226.264 Y209.359 E31.52546
G1 X226.095 Y209.716 E31.54291
G1 X225.848 Y210.014 E31.56
G1 X225.355 Y210.307 E31.58532
G1 F2700 E31.08532
G0 F7200 X225.169 Y209.222
G1 F2700 E31.58532
G1 F3600 X225.028 Y209.316 E31.5928
G1 X224.861 Y209.337 E31.60024
G1 X224.648 Y209.234 E31.61068
G1 X221.082 Y205.696 E31.8325
G1 X220.993 Y205.552 E31.83997
G1 X220.979 Y205.383 E31.84746
G1 X221.043 Y205.227 E31.85491
G1 X221.239 Y205.091 E31.86544
G1 X221.926 Y204.897 E31.89696
G1 X222.122 Y204.896 E31.90562
G1 X223.656 Y205.326 E31.97597
G1 X223.821 Y205.426 E31.98449
G1 X224.925 Y206.592 E32.05539
G1 X225.01 Y206.74 E32.06293
G1 X225.438 Y208.209 E32.13049
G1 X225.439 Y208.408 E32.13928
G1 X225.252 Y209.075 E32.16987
G1 X225.169 Y209.222 E32.17732
G0 F7200 X225.462 Y209.658
G1 F3600 X225.133 Y209.831 E32.19374
G1 X224.725 Y209.844 E32.21176
G1 X224.278 Y209.607 E32.2341
G1 X220.712 Y206.069 E32.45592
G1 X220.546 Y205.828 E32.46884
G1 X220.47 Y205.596 E32.47962
G1 X220.454 Y205.383 E32.48905
G1 X220.556 Y205.03 E32.50528
G1 X220.744 Y204.796 E32.51853
G1 X221.096 Y204.586 E32.53663
G1 X221.783 Y204.392 E32.56815
G1 X222.182 Y204.367 E32.58581
G1 X223.798 Y204.82 E32.65991
G1 X224.145 Y205.005 E32.67728
G1 X225.306 Y206.231 E32.75184
G1 X225.514 Y206.593 E32.77027
G1 X225.942 Y208.062 E32.83784
G1 X225.968 Y208.468 E32.8558
G1 X225.758 Y209.217 E32.89015
G1 X225.626 Y209.48 E32.90314
G1 X225.462 Y209.658 E32.91383
G1 F2700 E32.41383
G0 F7200 X226.84 Y216.489
G1 F2700 E32.91383
G1 F3600 X226.688 Y217.155 E32.944
G1 X226.334 Y217.713 E32.97318
G1 X217.842 Y226.272 E33.50558
G1 X217.46 Y226.556 E33.5266
G1 X216.9 Y226.795 E33.55348
G1 X216.165 Y226.818 E33.58595
G1 X215.728 Y226.675 E33.60626
G1 X215.146 Y226.327 E33.6362
G1 X207.08 Y218.324 E34.13794
G1 X206.701 Y217.76 E34.16795
G1 X206.316 Y216.673 E34.21887
G1 X206.142 Y216.083 E34.24603
G1 X205.979 Y215.382 E34.27781
G1 X205.887 Y214.838 E34.30217
G1 X205.805 Y214.011 E34.33887
G1 X205.791 Y213.342 E34.36842
G1 X205.836 Y212.578 E34.40221
G1 X206 Y211.578 E34.44696
G1 X206.305 Y210.566 E34.49363
G1 X206.794 Y209.491 E34.54578
G1 X207.552 Y208.411 E34.60404
G1 X208.04 Y207.883 E34.63579
G1 X208.534 Y207.449 E34.66483
G1 X209.245 Y206.946 E34.70328
G1 X210.061 Y206.521 E34.74391
G1 X210.735 Y206.251 E34.77597
G1 X211.267 Y206.089 E34.80053
G1 X212.042 Y205.92 E34.83555
G1 X212.883 Y205.816 E34.87297
G1 X213.926 Y205.812 E34.91903
G1 X214.871 Y205.904 E34.96096
G1 X216.135 Y206.166 E35.01796
G1 X216.96 Y206.421 E35.05609
G1 X217.785 Y206.741 E35.09516
G1 X218.236 Y207.027 E35.11874
G1 X226.283 Y215.013 E35.61936
G1 X226.645 Y215.555 E35.64814
G1 X226.815 Y216.138 E35.67495
G1 X226.84 Y216.489 E35.69049
G1 F2700 E35.19049
G0 F7200 X225.921 Y217.384
G1 F2700 E35.69049
G1 F3600 X217.469 Y225.902 E36.22036
G1 X217.153 Y226.13 E36.23757
G1 X216.786 Y226.273 E36.25496
G1 X216.239 Y226.29 E36.27913
G1 X215.997 Y226.224 E36.29021
G1 X215.471 Y225.91 E36.31726
G1 X207.487 Y217.987 E36.81394
G1 X207.174 Y217.522 E36.83869
G1 X206.82 Y216.524 E36.88545
G1 X206.646 Y215.934 E36.91261
G1 X206.497 Y215.294 E36.94163
G1 X206.405 Y214.75 E36.96599
G1 X206.33 Y213.998 E36.99936
G1 X206.315 Y213.371 E37.02705
G1 X206.354 Y212.661 E37.05845
G1 X206.503 Y211.727 E37.10022
G1 X206.783 Y210.784 E37.14365
G1 X207.253 Y209.752 E37.19373
G1 X207.939 Y208.766 E37.24677
G1 X208.388 Y208.276 E37.27611
G1 X208.837 Y207.878 E37.30261
G1 X209.548 Y207.375 E37.34107
G1 X210.257 Y207.008 E37.37632
G1 X210.89 Y206.753 E37.40645
G1 X211.38 Y206.602 E37.4291
G1 X212.109 Y206.441 E37.46206
G1 X212.886 Y206.341 E37.49665
G1 X213.875 Y206.335 E37.54033
G1 X214.82 Y206.427 E37.58225
G1 X215.98 Y206.668 E37.63457
G1 X216.805 Y206.923 E37.6727
G1 X217.552 Y207.213 E37.70808
G1 X217.866 Y207.4 E37.72422
G1 X225.913 Y215.386 E38.22484
G1 X226.141 Y215.702 E38.24204
G1 X226.311 Y216.285 E38.26886
G1 X226.315 Y216.499 E38.27831
G1 X226.197 Y216.948 E38.29881
G1 X225.921 Y217.384 E38.32159
G1 F2700 E37.82159
G0 F7200 X225.276 Y216.444
G1 F2700 E38.32159
G1 F3600 X225.175 Y216.644 E38.33149
G1 X216.723 Y225.162 E38.86136
G1 X216.579 Y225.251 E38.86884
G1 X216.411 Y225.265 E38.87628
G1 X216.211 Y225.164 E38.88617
G1 X208.227 Y217.241 E39.38285
G1 X208.141 Y217.105 E39.38996
G1 X207.819 Y216.199 E39.43242
G1 X207.661 Y215.666 E39.45697
G1 X207.533 Y215.118 E39.48181
G1 X207.441 Y214.574 E39.50618
G1 X207.38 Y213.97 E39.53298
G1 X207.364 Y213.384 E39.55887
G1 X207.392 Y212.819 E39.58385
G1 X207.512 Y212.018 E39.61961
G1 X207.739 Y211.22 E39.65625
G1 X208.172 Y210.27 E39.70235
G1 X208.757 Y209.421 E39.74788
G1 X209.09 Y209.058 E39.76963
G1 X209.491 Y208.698 E39.79343
G1 X210.09 Y208.271 E39.82591
G1 X210.692 Y207.963 E39.85577
G1 X211.2 Y207.757 E39.87997
G1 X211.69 Y207.606 E39.90261
G1 X212.25 Y207.481 E39.92795
G1 X212.896 Y207.391 E39.95675
G1 X213.773 Y207.381 E39.99548
G1 X214.718 Y207.473 E40.03741
G1 X215.67 Y207.672 E40.08035
G1 X216.495 Y207.927 E40.11848
G1 X217.171 Y208.191 E40.15053
G1 X225.173 Y216.132 E40.64833
G1 X225.262 Y216.276 E40.65581
G1 X225.276 Y216.444 E40.66325
G0 F7200 X225.745 Y216.681
G1 F3600 X225.548 Y217.014 E40.68034
G1 X217.096 Y225.532 E41.21021
G1 X216.855 Y225.698 E41.22313
G1 X216.623 Y225.774 E41.23391
G1 X216.252 Y225.765 E41.2503
G1 X215.841 Y225.537 E41.27105
G1 X207.857 Y217.614 E41.76773
G1 X207.669 Y217.346 E41.78219
G1 X207.324 Y216.375 E41.82769
G1 X207.15 Y215.785 E41.85485
G1 X207.015 Y215.206 E41.88111
G1 X206.923 Y214.662 E41.90547
G1 X206.855 Y213.984 E41.93556
G1 X206.839 Y213.398 E41.96144
G1 X206.873 Y212.741 E41.99049
G1 X207.007 Y211.874 E42.02923
G1 X207.261 Y211.002 E42.06934
G1 X207.712 Y210.012 E42.11738
G1 X208.37 Y209.066 E42.16826
G1 X208.739 Y208.667 E42.19226
G1 X209.14 Y208.307 E42.21605
G1 X209.851 Y207.804 E42.25451
G1 X210.495 Y207.476 E42.28642
G1 X211.045 Y207.255 E42.3126
G1 X211.535 Y207.104 E42.33524
G1 X212.178 Y206.961 E42.36433
G1 X212.89 Y206.866 E42.39604
G1 X213.824 Y206.858 E42.43729
G1 X214.769 Y206.95 E42.47922
G1 X215.825 Y207.17 E42.52685
G1 X216.65 Y207.425 E42.56498
G1 X217.362 Y207.702 E42.59871
G1 X217.541 Y207.818 E42.60813
G1 X225.543 Y215.759 E43.10594
G1 X225.709 Y216 E43.11886
G1 X225.799 Y216.4 E43.13696
G1 X225.745 Y216.681 E43.1496
G1 F2700 E42.6496
G0 F7200 X224.817 Y208.31
G1 F2700 E43.1496
G1 F3600 X224.771 Y208.475 E43.15716
G1 X221.842 Y205.57 E43.33932
G1 X222.024 Y205.519 E43.34767
G1 X223.417 Y205.909 E43.41154
G1 X224.427 Y206.976 E43.47642
G1 X224.817 Y208.31 E43.53779
G1 F2700 E43.03779
G0 F7200 X225.842 Y216.386
G0 X216.469 Y225.831
G0 X208.697 Y224.965
G1 F2700 E43.53779
G1 F3600 X208.514 Y225.016 E43.54618
G1 X207.183 Y224.627 E43.60741
G1 X206.111 Y223.555 E43.67436
G1 X205.72 Y222.223 E43.73566
G1 X205.768 Y222.058 E43.74324
G1 X208.697 Y224.965 E43.92547
G1 F2700 E43.42547
;MESH:boitierUp.stl
G0 F7200 X207.955 Y217.396
G0 X209.064 Y216.278
;TYPE:WALL-INNER
G1 F2700 E43.92547
G1 F3606.9 X209.159 Y216.548 E43.93808
G1 F3600 X213.769 Y221.125 E44.22494
G1 X213.768 Y220.826 E44.23814
G1 X214.472 Y220.114 E44.28235
G1 X214.814 Y219.911 E44.29992
G1 X215.122 Y219.885 E44.31356
G1 X215.318 Y219.934 E44.32248
G1 X215.527 Y220.048 E44.333
G1 X217.718 Y222.22 E44.46923
G1 X217.744 Y222.501 E44.48169
G1 X222.543 Y217.662 E44.78263
G1 X222.245 Y217.663 E44.79579
G1 X220.063 Y215.496 E44.93158
G1 X219.894 Y215.136 E44.94914
G1 X219.883 Y214.928 E44.95834
G1 X219.971 Y214.624 E44.97231
G1 X220.108 Y214.438 E44.98251
G1 X220.812 Y213.726 E45.02673
G1 X221.093 Y213.7 E45.03919
G1 X216.529 Y209.174 E45.32301
G1 X216.127 Y209.016 E45.34209
G1 X215.347 Y208.775 E45.37814
G1 X214.563 Y208.611 E45.41351
G1 X213.743 Y208.528 E45.4499
G1 X212.995 Y208.535 E45.48293
G1 X212.219 Y208.644 E45.51753
G1 X211.344 Y208.916 E45.55799
G1 X210.66 Y209.27 E45.592
G1 X210.226 Y209.579 E45.61553
G1 X209.633 Y210.164 E45.65231
G1 X209.161 Y210.855 E45.68926
G1 X208.811 Y211.634 E45.72697
G1 X208.639 Y212.244 E45.75496
G1 X208.536 Y212.909 E45.78467
G1 X208.512 Y213.42 E45.80726
G1 X208.534 Y214.136 E45.83889
G1 X208.66 Y214.888 E45.87256
G1 X208.832 Y215.62 E45.90577
G1 F3606.9 X209.064 Y216.278 E45.93652
G1 F2700 E45.43652
G0 F7200 X211.057 Y213.691
G1 F2700 E45.93652
G1 F3600 X211.106 Y213.108 E45.96235
G1 X211.314 Y212.492 E45.99106
G1 X211.494 Y212.18 E46.00697
G1 X211.904 Y211.698 E46.03491
G1 X212.441 Y211.343 E46.06333
G1 X213.005 Y211.134 E46.08989
G1 X213.651 Y211.057 E46.11862
G1 X214.305 Y211.159 E46.14785
G1 X214.876 Y211.408 E46.17536
G1 X215.305 Y211.736 E46.1992
G1 X215.739 Y212.252 E46.22897
G1 X215.993 Y212.79 E46.25525
G1 X216.118 Y213.422 E46.28369
G1 X216.119 Y213.854 E46.30277
G1 X215.993 Y214.461 E46.33014
G1 X215.691 Y215.03 E46.35859
G1 X215.271 Y215.505 E46.38659
G1 X214.792 Y215.842 E46.41245
G1 X214.198 Y216.065 E46.44047
G1 X213.587 Y216.138 E46.46764
G1 X212.892 Y216.055 E46.49854
G1 X212.258 Y215.758 E46.52946
G1 X211.805 Y215.403 E46.55487
G1 X211.535 Y215.083 E46.57336
G1 X211.253 Y214.588 E46.59852
G1 X211.087 Y214.013 E46.62494
G1 X211.057 Y213.691 E46.63923
G0 F7200 X211.582 Y213.689
;TYPE:WALL-OUTER
G1 F3600 X211.625 Y213.188 E46.66143
G1 X211.805 Y212.683 E46.6851
G1 X211.927 Y212.476 E46.69571
G1 X212.262 Y212.092 E46.71821
G1 X212.644 Y211.831 E46.73864
G1 X213.137 Y211.642 E46.76196
G1 X213.681 Y211.593 E46.78608
G1 X214.174 Y211.676 E46.80815
G1 X214.623 Y211.874 E46.82982
G1 X215.031 Y212.198 E46.85283
G1 X215.31 Y212.556 E46.87287
G1 X215.531 Y213.067 E46.89745
G1 X215.602 Y213.549 E46.91897
G1 X215.597 Y213.794 E46.92979
G1 X215.5 Y214.253 E46.9505
G1 X215.26 Y214.73 E46.97408
G1 X214.925 Y215.11 E46.99645
G1 X214.514 Y215.393 E47.01849
G1 X214.053 Y215.56 E47.04014
G1 X213.558 Y215.614 E47.06212
G1 X213.007 Y215.529 E47.08674
G1 X212.558 Y215.328 E47.10847
G1 X212.165 Y215.02 E47.13051
G1 X211.986 Y214.815 E47.14253
G1 X211.762 Y214.439 E47.16186
G1 X211.612 Y213.959 E47.18406
G1 X211.582 Y213.689 E47.19606
G0 F7200 X211.599 Y213.49
G1 F2700 E46.69606
G0 F7200 X208.506 Y216.274
G1 F2700 E47.19606
G1 F3606.9 X208.704 Y216.836 E47.22232
G1 F3600 X213.101 Y221.2 E47.49587
G1 F3691.4 X213.8 Y221.912 E47.53884
G1 F3757.5 X215.993 Y224.085 E47.66945
G1 F3461.5 X216.462 Y224.493 E47.698
G1 F3467.9 X216.93 Y224.08 E47.72661
G1 F3750 X217.757 Y223.247 E47.77637
G1 F3662.8 X218.394 Y222.59 E47.81609
G1 F3600 X222.619 Y218.33 E48.08102
G1 F3691.4 X223.331 Y217.631 E48.12399
G1 F3764.9 X224.096 Y216.858 E48.16991
G1 F3467.9 X224.503 Y216.39 E48.19834
G1 F3487.1 X224.031 Y215.862 E48.23063
G1 F3780 X221.9 Y213.748 E48.35686
G1 F3691.4 X221.181 Y213.051 E48.39998
G1 F3600 X216.821 Y208.725 E48.6712
G1 X216.301 Y208.52 E48.69588
G1 X215.478 Y208.266 E48.73391
G1 X214.643 Y208.092 E48.77157
G1 X213.767 Y208.003 E48.81045
G1 X212.956 Y208.01 E48.84627
G1 X212.111 Y208.13 E48.88395
G1 X211.144 Y208.428 E48.92864
G1 X210.385 Y208.821 E48.96638
G1 X209.897 Y209.169 E48.99284
G1 X209.222 Y209.836 E49.03475
G1 X208.702 Y210.597 E49.07545
G1 X208.316 Y211.454 E49.11695
G1 X208.125 Y212.132 E49.14805
G1 X208.013 Y212.855 E49.18036
G1 X207.987 Y213.415 E49.20512
G1 X208.002 Y213.946 E49.22857
G1 X208.056 Y214.464 E49.25157
G1 X208.145 Y214.992 E49.27521
G1 X208.27 Y215.524 E49.29934
G1 X208.418 Y216.023 E49.32233
G1 F3606.9 X208.506 Y216.274 E49.33405
G0 F7200 X208.572 Y216.462
G1 F2700 E48.83405
G0 F7200 X207.702 Y216.772
G0 X207.886 Y217.29
G0 X212.971 Y222.375
G0 X214.141 Y221.195
G1 F2700 E49.33405
G1 F3600 X214.889 Y220.438 E49.38104
G1 X215.02 Y220.406 E49.387
G1 X215.185 Y220.455 E49.3946
G1 X217.349 Y222.593 E49.52893
G1 F3662.8 X217.372 Y222.925 E49.54337
G1 F3750 X216.606 Y223.698 E49.5895
G1 F3467.9 X216.461 Y223.785 E49.59725
G1 F3461.5 X216.315 Y223.7 E49.60501
G1 F3757.5 X214.152 Y221.558 E49.7338
G1 F3691.4 X214.141 Y221.195 E49.74944
G0 F7200 X214.281 Y221.053
G1 F2700 E49.24944
G0 F7200 X212.97 Y222.374
G0 X216.469 Y225.831
G0 X225.842 Y216.386
G0 X222.44 Y212.994
G0 X220.41 Y215.04
G1 F2700 E49.74944
G1 F3600 X220.443 Y214.845 E49.75817
G1 X221.185 Y214.095 E49.80476
G1 F3669.9 X221.516 Y214.072 E49.81913
G1 F3764.9 X223.68 Y216.215 E49.94772
G1 F3487.1 X223.796 Y216.391 E49.95733
G1 F3467.9 X223.711 Y216.537 E49.96507
G1 F3764.9 X222.978 Y217.28 E50.00914
G1 F3691.4 X222.615 Y217.291 E50.02478
G1 F3600 X220.466 Y215.16 E50.15842
G1 X220.41 Y215.04 E50.16427
G0 F7200 X220.443 Y214.845
G0 X220.444 Y214.844
G1 F2700 E49.66427
G0 F7200 X222.359 Y212.914
G0 X217.337 Y207.932
G0 X215.729 Y207.373
G0 X214.784 Y207.175
G0 X213.806 Y207.079
G0 X212.896 Y207.086
G0 X211.628 Y207.308
G0 X210.552 Y207.693
G0 X209.909 Y208.024
G0 X208.889 Y208.829
G0 X208.503 Y209.25
G0 X207.891 Y210.147
G0 X207.444 Y211.14
G0 X207.219 Y211.932
G0 X207.062 Y213.394
G0 X207.139 Y214.603
G0 X207.534 Y216.303
G0 X207.87 Y217.243
G0 X208.21 Y217.649
G0 X209.54 Y216.308
;TYPE:SKIN
G1 F2700 E50.16427
G1 F3600 X209.53 Y216.28 E50.16558
G1 X209.348 Y215.757 E50.19003
G1 X209.132 Y215.04 E50.2231
G1 X209.013 Y214.333 E50.25476
G1 X208.951 Y213.417 E50.2953
G1 X208.974 Y212.947 E50.31608
G1 X209.069 Y212.344 E50.34303
G1 X209.224 Y211.786 E50.3686
G1 X209.55 Y211.065 E50.40354
G1 X209.975 Y210.441 E50.43688
G1 X210.498 Y209.922 E50.46942
G1 X210.889 Y209.645 E50.49058
G1 X211.513 Y209.324 E50.52156
G1 X212.31 Y209.073 E50.55846
G1 X213.02 Y208.974 E50.59012
G1 X213.724 Y208.967 E50.6212
G1 X214.479 Y209.044 E50.65472
G1 X215.238 Y209.203 E50.68896
G1 X216.245 Y209.516 E50.73552
G1 X220.341 Y213.578 E50.99025
G1 X219.766 Y214.164 E51.0265
G1 X219.516 Y214.566 E51.0474
G1 X219.442 Y215.029 E51.06811
G1 X219.506 Y215.391 E51.08434
G1 X219.729 Y215.785 E51.10433
G1 X221.773 Y217.814 E51.23151
G1 X217.866 Y221.749 E51.47637
G1 X215.791 Y219.692 E51.60539
G1 X215.468 Y219.519 E51.62157
G1 X215.19 Y219.449 E51.63422
G1 X214.683 Y219.489 E51.65668
G1 X214.465 Y219.576 E51.66705
G1 X214.186 Y219.778 E51.68226
G1 X213.614 Y220.353 E51.71807
G1 X209.54 Y216.308 E51.97158
G1 F2700 E51.47158
G0 F7200 X212.377 Y216.298
G1 F2700 E51.97158
G1 F3606.9 X212.606 Y216.409 E51.98279
G1 F3600 X212.903 Y216.494 E51.99643
G1 X213.613 Y216.574 E52.02798
G1 X214.306 Y216.489 E52.05881
G1 X214.941 Y216.265 E52.08855
G1 X215.592 Y215.811 E52.12359
G1 X216.084 Y215.24 E52.15688
G1 X216.423 Y214.544 E52.19106
G1 X216.549 Y213.929 E52.21878
G1 X216.566 Y213.57 E52.23465
G1 X216.488 Y212.934 E52.26295
G1 X216.389 Y212.602 E52.27824
G1 X216.091 Y211.988 E52.30838
G1 X215.653 Y211.449 E52.33905
G1 X215.088 Y211.022 E52.37032
G1 X214.41 Y210.727 E52.40297
G1 X213.656 Y210.61 E52.43667
G1 X212.875 Y210.71 E52.47143
G1 X212.262 Y210.931 E52.50021
G1 X211.628 Y211.353 E52.53384
G1 X211.127 Y211.928 E52.56751
G1 X210.913 Y212.307 E52.58673
G1 X210.677 Y212.959 E52.61735
G1 X210.614 Y213.674 E52.64905
G1 X210.659 Y214.111 E52.66844
G1 X210.854 Y214.79 E52.69964
G1 X211.177 Y215.335 E52.72761
G1 X211.491 Y215.715 E52.74938
G1 X212.002 Y216.116 E52.77806
G1 F3606.9 X212.377 Y216.298 E52.79643
G1 F2700 E52.29643
G0 F7200 X209.536 Y215.476
G1 F2700 E52.79643
G1 F3600 X213.828 Y219.767 E53.06443
G0 F7200 X214.227 Y219.424
G1 F3600 X209.307 Y214.504 E53.37167
G0 F7200 X209.231 Y213.686
G1 F3600 X210.856 Y215.311 E53.47315
G1 X210.93 Y215.385
G1 F2700 E52.97315
G0 F7200 X210.393 Y214.106
G1 F2700 E53.47315
G1 F3600 X209.239 Y212.951 E53.54524
G0 F7200 X209.348 Y212.318
G1 F3600 X210.378 Y213.348 E53.60956
G0 F7200 X210.484 Y212.711
G1 F3600 X209.526 Y211.753 E53.66939
G0 F7200 X209.757 Y211.242
G1 F3600 X210.689 Y212.174 E53.72759
G0 F7200 X210.97 Y211.712
M104 S205
G1 F3600 X210.051 Y210.793 E53.78498
G0 F7200 X210.394 Y210.394
G1 F3600 X211.312 Y211.312 E53.84231
G0 F7200 X211.72 Y210.977
G1 F3600 X210.784 Y210.041 E53.90076
G0 F7200 X211.243 Y209.758
G1 F3600 X212.172 Y210.687 E53.95877
G0 F7200 X212.716 Y210.489
G1 F3600 X211.751 Y209.524 E54.01903
G0 F7200 X212.316 Y209.346
G1 F3600 X213.353 Y210.383 E54.08379
G0 F7200 X214.13 Y210.418
G1 F3600 X212.959 Y209.247 E54.15692
G0 F7200 X213.684 Y209.229
G1 F3600 X215.315 Y210.861 E54.2588
G1 X215.389 Y210.935
G1 F2700 E53.7588
G0 F7200 X215.499 Y209.559
G1 F2700 E54.2588
G1 F3600 X219.745 Y213.805 E54.52395
G0 F7200 X219.422 Y214.224
G1 F3600 X214.516 Y209.319 E54.83029
G1 X214.442 Y209.245
G1 F2700 E54.33029
G0 F7200 X216.318 Y211.863
G1 F2700 E54.83029
G1 F3600 X219.221 Y214.767 E55.01161
G0 F7200 X219.348 Y215.636
G1 F3600 X216.768 Y213.056 E55.17272
G0 F7200 X216.811 Y213.841
G1 F3600 X221.095 Y218.125 E55.44025
G0 F7200 X220.725 Y218.497
G1 F3600 X216.701 Y214.474 E55.69151
G0 F7200 X216.491 Y215.006
G1 F3600 X220.355 Y218.87 E55.9328
G0 F7200 X219.985 Y219.243
G1 F3600 X216.221 Y215.478 E56.16789
G0 F7200 X215.88 Y215.88
G1 F3600 X219.615 Y219.615 E56.40113
G0 F7200 X219.246 Y219.988
G1 F3600 X215.474 Y216.216 E56.63668
G0 F7200 X215.027 Y216.512
G1 F3600 X218.876 Y220.361 E56.87704
G0 F7200 X218.506 Y220.733
G1 F3600 X214.478 Y216.705 E57.12858
G0 F7200 X213.84 Y216.81
G1 F3600 X218.136 Y221.106 E57.39686
G1 X218.21 Y221.18
G1 F2700 E56.89686
G0 F7200 X215.566 Y219.279
G1 F2700 E57.39686
G1 F3600 X213.063 Y216.775 E57.55319
G1 X212.989 Y216.701
G1 F2700 E57.05319
G0 F7200 X211.899 Y216.354
G1 F2700 E57.55319
G1 F3600 X214.771 Y219.226 E57.73254
G1 X214.845 Y219.3
G1 F2700 E57.23254
;MESH:NONMESH
G0 F600 X214.845 Y219.3 Z0.4
G0 F7200 X212.378 Y221.786
G0 X207.907 Y217.347
G0 X207.371 Y215.754
G0 X207.139 Y214.603
G0 X207.062 Y213.394
G0 X207.219 Y211.932
G0 X207.444 Y211.14
G0 X207.891 Y210.147
G0 X208.503 Y209.25
G0 X209.318 Y208.448
G0 X209.909 Y208.024
G0 X211.083 Y207.477
G0 X212.182 Y207.185
G0 X219.572 Y206.948
;TIME_ELAPSED:50.771691
;LAYER:1
M106 S255
M204 S750
;TYPE:SUPPORT
G1 F2700 E57.73254
G1 F4387.5 X220.601 Y205.863 E57.78273
G1 X222.023 Y205.463 E57.8323
G1 X223.447 Y205.863 E57.88194
G1 X224.472 Y206.948 E57.93203
G1 X224.869 Y208.306 E57.97951
G1 X224.472 Y209.73 E58.02912
G1 X223.442 Y210.76 E58.07801
G1 X222.022 Y211.157 E58.12749
G1 X220.667 Y210.761 E58.17486
G1 X219.571 Y209.665 E58.22688
G1 X219.171 Y208.308 E58.27436
G1 X219.572 Y206.948 E58.32194
G1 F2700 E57.82194
G0 F8175 X212.896 Y207.086
G0 X211.628 Y207.308
G0 X210.552 Y207.693
G0 X209.909 Y208.024
G0 X208.889 Y208.829
G0 X208.503 Y209.25
G0 X207.891 Y210.147
G0 X207.44 Y211.149
G0 X207.216 Y211.943
G0 X207.062 Y213.394
G0 X207.139 Y214.603
G0 X207.531 Y216.296
G0 X207.869 Y217.243
G0 X209.931 Y219.775
G1 F2700 E58.32194
G1 F4387.5 X210.964 Y220.864 E58.37231
G1 X211.361 Y222.218 E58.41967
G1 X210.96 Y223.642 E58.46931
G1 X209.93 Y224.672 E58.5182
G1 X208.51 Y225.069 E58.56768
G1 X207.155 Y224.673 E58.61505
G1 X206.063 Y223.581 E58.66688
G1 X205.663 Y222.219 E58.71452
G1 X206.06 Y220.864 E58.7619
G1 X207.093 Y219.775 E58.81228
G1 X208.512 Y219.375 E58.86175
G1 X209.931 Y219.775 E58.91123
G1 F2700 E58.41123
;MESH:boitierUp.stl
G0 F8175 X210.918 Y218.782
G0 X209.172 Y216.181
G0 X208.899 Y216.277
M204 S594
;TYPE:WALL-INNER
G1 F2700 E58.91123
G1 F4556.2 X209.027 Y216.638 E58.92476
G1 X213.882 Y221.458 E59.16643
G1 X213.879 Y220.937 E59.18484
G1 X214.584 Y220.225 E59.22023
G1 X214.857 Y220.062 E59.23147
G1 X215.104 Y220.041 E59.24022
G1 X215.425 Y220.168 E59.25242
G1 X217.608 Y222.332 E59.361
G1 X217.652 Y222.818 E59.37824
G1 X222.876 Y217.549 E59.64035
G1 X222.356 Y217.552 E59.65872
G1 X220.183 Y215.396 E59.76685
G1 X220.071 Y215.196 E59.77495
G1 X220.038 Y215.027 E59.78103
G1 X220.073 Y214.782 E59.78978
G1 X220.219 Y214.548 E59.79952
G1 X220.924 Y213.837 E59.83489
G1 X221.408 Y213.792 E59.85206
G1 X216.616 Y209.039 E60.09049
G1 X216.179 Y208.868 E60.10707
G1 X215.397 Y208.627 E60.13597
G1 X214.586 Y208.456 E60.16525
G1 X213.75 Y208.371 E60.19494
G1 X212.983 Y208.378 E60.22203
G1 X212.188 Y208.49 E60.25039
G1 X211.284 Y208.77 E60.28383
G1 X210.578 Y209.136 E60.31192
G1 X210.127 Y209.456 E60.33145
G1 X209.51 Y210.066 E60.3621
G1 X209.024 Y210.778 E60.39255
G1 X208.658 Y211.588 E60.42395
G1 X208.482 Y212.221 E60.44716
G1 X208.38 Y212.887 E60.47096
G1 X208.355 Y213.418 E60.48974
G1 X208.377 Y214.154 E60.51576
G1 X208.507 Y214.921 E60.54324
G1 X208.669 Y215.626 E60.56879
G1 X208.899 Y216.277 E60.59318
M204 S750
G0 F8175 X209.172 Y216.181
G0 X210.925 Y213.714
G0 X211.214 Y213.687
M204 S594
G1 F4556.2 X211.261 Y213.133 E60.61282
G1 X211.457 Y212.556 E60.63435
G1 X211.623 Y212.268 E60.64609
G1 X212.007 Y211.819 E60.66696
G1 X212.511 Y211.483 E60.68836
G1 X213.072 Y211.276 E60.70948
G1 X213.654 Y211.222 E60.73013
G1 X214.26 Y211.311 E60.75177
G1 X214.828 Y211.568 E60.77379
G1 X215.321 Y211.971 E60.79629
G1 X215.611 Y212.343 E60.81295
G1 X215.884 Y212.929 E60.83578
G1 X215.97 Y213.556 E60.85814
G1 X215.963 Y213.836 E60.86804
G1 X215.837 Y214.407 E60.88869
G1 X215.562 Y214.94 E60.90988
G1 X215.174 Y215.388 E60.93081
G1 X214.684 Y215.719 E60.9517
G1 X214.155 Y215.914 E60.97162
G1 X213.578 Y215.982 E60.99214
G1 X212.938 Y215.902 E61.01493
G1 X212.348 Y215.63 E61.03788
G1 X211.916 Y215.292 E61.05726
G1 X211.67 Y215.003 E61.07066
G1 X211.402 Y214.548 E61.08932
G1 X211.242 Y213.988 E61.10989
G1 X211.214 Y213.687 E61.12057
M204 S750
G0 F8175 X211.634 Y213.648
M204 S594
;TYPE:WALL-OUTER
G1 F4087.5 X211.676 Y213.196 E61.13661
G1 X211.84 Y212.729 E61.15409
G1 X211.97 Y212.505 E61.16324
G1 X212.275 Y212.151 E61.17975
G1 X212.698 Y211.859 E61.1979
G1 X213.151 Y211.692 E61.21496
G1 X213.645 Y211.642 E61.2325
G1 X214.12 Y211.714 E61.24947
G1 X214.572 Y211.904 E61.26679
G1 X214.953 Y212.193 E61.28368
G1 X215.268 Y212.586 E61.30148
G1 X215.48 Y213.075 E61.3203
G1 X215.548 Y213.511 E61.33589
G1 X215.545 Y213.788 E61.34568
G1 X215.442 Y214.264 E61.36288
G1 X215.217 Y214.7 E61.38021
G1 X214.891 Y215.071 E61.39766
G1 X214.49 Y215.347 E61.41486
G1 X214.039 Y215.51 E61.4318
G1 X213.566 Y215.562 E61.44861
G1 X213.028 Y215.481 E61.46783
G1 X212.579 Y215.279 E61.48522
G1 X212.231 Y215.011 E61.50074
G1 X212.031 Y214.788 E61.51132
G1 X211.8 Y214.399 E61.5273
G1 X211.656 Y213.919 E61.545
G1 X211.634 Y213.648 E61.55461
M204 S750
G0 F8175 X211.652 Y213.449
G0 X210.947 Y213.384
G0 X209.122 Y216.038
G0 X208.453 Y216.274
M204 S594
G1 F4087.5 X208.663 Y216.868 E61.57686
G1 X213.064 Y221.237 E61.79593
G1 F3732.1 X213.8 Y221.911 E61.83454
G1 F3413 X215.993 Y224.085 E61.96518
G1 F3144.2 X216.462 Y224.493 E61.99373
G1 F3150 X216.93 Y224.08 E62.02234
G1 F3406.2 X217.757 Y223.247 E62.0721
G1 F3707.9 X218.43 Y222.626 E62.10776
G1 F4087.5 X222.656 Y218.366 E62.31974
G1 F3732.1 X223.331 Y217.631 E62.35835
G1 F3419.8 X224.096 Y216.858 E62.40427
G1 F3150 X224.503 Y216.39 E62.4327
G1 F3167.4 X224.031 Y215.862 E62.46498
G1 F3419.8 X221.837 Y213.687 E62.59542
G1 F3715.9 X221.217 Y213.014 E62.63098
G1 F4087.5 X216.85 Y208.68 E62.84833
G1 X216.318 Y208.471 E62.86852
G1 X215.503 Y208.22 E62.89864
G1 X214.651 Y208.04 E62.9294
G1 X213.77 Y207.951 E62.96068
G1 X212.952 Y207.958 E62.98958
G1 X212.1 Y208.077 E63.01997
G1 X211.124 Y208.38 E63.05607
G1 X210.358 Y208.776 E63.08653
G1 X209.864 Y209.128 E63.10796
G1 X209.181 Y209.804 E63.14191
G1 X208.656 Y210.572 E63.17477
G1 X208.262 Y211.444 E63.20857
G1 X208.07 Y212.133 E63.23384
G1 X207.962 Y212.845 E63.25928
G1 X207.935 Y213.414 E63.2794
G1 X207.95 Y213.95 E63.29835
G1 X208.005 Y214.471 E63.31685
G1 X208.095 Y215.003 E63.33591
G1 X208.216 Y215.53 E63.35501
G1 X208.364 Y216.022 E63.37316
G1 X208.453 Y216.274 E63.3826
M204 S750
G0 F8175 X208.519 Y216.462
G0 X209.188 Y216.226
G0 X213.623 Y220.83
G0 X214.152 Y221.558
M204 S594
G1 F3732.1 X214.178 Y221.232 E63.39526
G1 F4087.5 X214.913 Y220.488 E63.4322
G1 X215.056 Y220.459 E63.43736
G1 X215.155 Y220.497 E63.4411
G1 X217.312 Y222.63 E63.54826
G1 F3707.9 X217.372 Y222.925 E63.55999
G1 F3406.2 X216.606 Y223.698 E63.60612
G1 F3150 X216.461 Y223.785 E63.61387
G1 F3144.2 X216.315 Y223.7 E63.62163
G1 F3413 X214.152 Y221.558 E63.75042
M204 S750
G0 F8175 X214.167 Y221.359
G0 X213.608 Y220.804
G0 X214.76 Y219.723
G0 X219.937 Y215.558
G0 X220.461 Y215.031
M204 S594
G1 F4087.5 X220.471 Y214.891 E63.75537
G1 X221.222 Y214.132 E63.79309
G1 F3715.9 X221.516 Y214.072 E63.80475
G1 F3419.8 X223.68 Y216.215 E63.93334
G1 F3167.4 X223.796 Y216.391 E63.94295
G1 F3150 X223.711 Y216.537 E63.9507
G1 F3419.8 X222.978 Y217.28 E63.99477
G1 F3732.1 X222.652 Y217.254 E64.00742
G1 F4087.5 X220.506 Y215.127 E64.11416
G1 X220.461 Y215.031 E64.1179
M204 S750
G0 F8175 X220.471 Y214.891
G0 X220.513 Y214.849
G0 X220.012 Y214.35
G0 X214.173 Y216.156
G0 X209.257 Y216.279
;TYPE:SKIN
G1 F4087.5 X208.99 Y215.521 E64.14629
G1 X208.841 Y214.875 E64.16971
G1 X208.714 Y214.119 E64.19679
G1 X208.691 Y213.434 E64.221
G1 X208.714 Y212.913 E64.23943
G1 X208.81 Y212.293 E64.26159
G1 X208.974 Y211.7 E64.28332
G1 X209.316 Y210.944 E64.31263
G1 X209.771 Y210.28 E64.34107
G1 X210.336 Y209.718 E64.36922
G1 X210.75 Y209.424 E64.38716
G1 X211.413 Y209.083 E64.4135
G1 X212.266 Y208.814 E64.44509
G1 X213 Y208.714 E64.47126
G1 X213.738 Y208.707 E64.49733
G1 X214.539 Y208.788 E64.52577
G1 X215.295 Y208.948 E64.55307
G1 X216.07 Y209.187 E64.58172
G1 X216.43 Y209.328 E64.59538
G1 X220.725 Y213.589 E64.8091
G1 X220.657 Y213.62 E64.81174
G1 X219.962 Y214.331 E64.84686
G1 X219.813 Y214.538 E64.85587
G1 X219.702 Y214.92 E64.86992
G1 X219.73 Y215.21 E64.88022
G1 X219.913 Y215.598 E64.89537
G1 X222.091 Y217.765 E65.00391
G1 X222.158 Y217.794 E65.00648
G1 X217.868 Y222.118 E65.22166
G1 X215.704 Y219.971 E65.32934
G1 X215.509 Y219.828 E65.33788
G1 X215.278 Y219.729 E65.34676
G1 X214.966 Y219.704 E65.35782
G1 X214.491 Y219.838 E65.37525
G1 X213.615 Y220.723 E65.41924
G1 X209.319 Y216.456 E65.63314
G1 X209.257 Y216.279 E65.63976
G0 F8175 X213.516 Y216.305
G1 F4087.5 X213.598 Y216.314 E65.64268
G1 X214.241 Y216.236 E65.66556
G1 X214.875 Y215.998 E65.68948
G1 X215.399 Y215.631 E65.71208
G1 X215.868 Y215.09 E65.73737
G1 X216.161 Y214.505 E65.76049
G1 X216.293 Y213.875 E65.78322
G1 X216.291 Y213.379 E65.80075
G1 X216.15 Y212.705 E65.82507
G1 X215.88 Y212.146 E65.847
G1 X215.5 Y211.67 E65.86852
G1 X214.96 Y211.248 E65.89273
G1 X214.371 Y210.992 E65.91541
G1 X213.742 Y210.89 E65.93792
G1 X212.999 Y210.943 E65.96424
G1 X212.319 Y211.197 E65.98988
G1 X211.771 Y211.583 E66.01356
G1 X211.346 Y212.065 E66.03626
G1 X211.152 Y212.413 E66.05033
G1 X210.932 Y213.023 E66.07324
G1 X210.878 Y213.67 E66.09618
G1 X210.908 Y214.039 E66.10926
G1 X211.096 Y214.695 E66.13336
G1 X211.395 Y215.196 E66.15397
G1 X211.676 Y215.526 E66.16928
G1 X212.178 Y215.919 E66.1918
G1 X212.84 Y216.229 E66.21763
G1 X213.516 Y216.305 E66.24166
G0 F8175 X212.873 Y216.12
G0 X212.271 Y215.861
G0 X211.772 Y215.479
G0 X211.336 Y214.887
G0 X209.534 Y210.996
G1 F4087.5 X210.999 Y209.532 E66.31482
G1 X211.073 Y209.458
G0 F8175 X212.01 Y209.114
G1 F4087.5 X209.103 Y212.021 E66.46005
G0 F8175 X208.949 Y212.769
G1 F4087.5 X212.761 Y208.958 E66.65047
G0 F8175 X213.393 Y208.92
G1 F4087.5 X208.903 Y213.41 E66.87478
G0 F8175 X208.92 Y213.987
G1 F4087.5 X213.966 Y208.941 E67.12687
G0 F8175 X214.505 Y208.995
G1 F4087.5 X212.657 Y210.844 E67.21921
G0 F8175 X213.388 Y210.707
G1 F4087.5 X214.995 Y209.099 E67.29952
G0 F8175 X215.467 Y209.221
G1 F4087.5 X213.974 Y210.714 E67.37411
G0 F8175 X214.474 Y210.808
G1 F4087.5 X215.921 Y209.361 E67.4464
G0 F8175 X216.341 Y209.536
G1 F4087.5 X214.888 Y210.989 E67.51899
G0 F8175 X215.258 Y211.212
G1 F4087.5 X216.639 Y209.831 E67.58798
G0 F8175 X216.937 Y210.127
G1 F4087.5 X215.589 Y211.475 E67.65532
G0 F8175 X215.866 Y211.792
G1 F4087.5 X217.235 Y210.423 E67.72372
G0 F8175 X217.534 Y210.719
G1 F4087.5 X216.11 Y212.143 E67.79486
G0 F8175 X216.305 Y212.541
G1 F4087.5 X217.831 Y211.015 E67.87109
G0 F8175 X218.13 Y211.31
G1 F4087.5 X216.431 Y213.009 E67.95597
G0 F8175 X216.499 Y213.535
G1 F4087.5 X218.427 Y211.607 E68.05229
G0 F8175 X218.726 Y211.902
G1 F4087.5 X216.445 Y214.183 E68.16624
G1 X216.371 Y214.257
G0 F8175 X216.074 Y215.148
G1 F4087.5 X219.024 Y212.198 E68.31362
G0 F8175 X219.322 Y212.494
G1 F4087.5 X212.498 Y219.318 E68.65453
G0 F8175 X212.796 Y219.614
G1 F4087.5 X219.62 Y212.79 E68.99545
G0 F8175 X219.919 Y213.085
G1 F4087.5 X213.094 Y219.91 E69.33641
G0 F8175 X213.391 Y220.206
G1 F4087.5 X220.216 Y213.381 E69.67738
G1 X220.29 Y213.307
G0 F8175 X219.57 Y214.622
G1 F4087.5 X214.597 Y219.595 E69.92582
G0 F8175 X215.265 Y219.521
G1 F4087.5 X219.533 Y215.253 E70.13904
G0 F8175 X219.722 Y215.658
G1 F4087.5 X215.683 Y219.697 E70.34082
G0 F8175 X216.001 Y219.972
G1 F4087.5 X219.996 Y215.977 E70.5404
G0 F8175 X220.295 Y216.273
G1 F4087.5 X216.3 Y220.268 E70.73999
G0 F8175 X216.598 Y220.564
G1 F4087.5 X220.593 Y216.569 E70.93957
G0 F8175 X220.89 Y216.865
G1 F4087.5 X216.897 Y220.859 E71.13908
G0 F8175 X217.195 Y221.155
G1 F4087.5 X221.188 Y217.162 E71.33856
G0 F8175 X221.486 Y217.458
G1 F4087.5 X217.493 Y221.451 E71.53804
G0 F8175 X217.791 Y221.747
G1 F4087.5 X221.783 Y217.754 E71.7375
G1 X221.857 Y217.68
G0 F8175 X215.182 Y216.04
G1 F4087.5 X212.2 Y219.022 E71.88647
G0 F8175 X211.902 Y218.727
G1 F4087.5 X214.176 Y216.452 E72.0001
G0 F8175 X213.52 Y216.514
G1 F4087.5 X211.604 Y218.43 E72.09582
G0 F8175 X211.305 Y218.135
G1 F4087.5 X212.984 Y216.456 E72.1797
G0 F8175 X212.531 Y216.315
G1 F4087.5 X211.008 Y217.838 E72.25579
G0 F8175 X210.709 Y217.543
G1 F4087.5 X212.126 Y216.126 E72.32658
G0 F8175 X211.781 Y215.877
G1 F4087.5 X210.412 Y217.247 E72.395
G0 F8175 X210.113 Y216.951
G1 F4087.5 X211.465 Y215.6 E72.46252
G0 F8175 X211.194 Y215.276
G1 F4087.5 X209.816 Y216.655 E72.53138
G0 F8175 X209.518 Y216.358
G1 F4087.5 X210.975 Y214.902 E72.60415
G0 F8175 X210.811 Y214.471
G1 F4087.5 X209.356 Y215.926 E72.67684
G0 F8175 X209.201 Y215.487
G1 F4087.5 X210.693 Y213.995 E72.75137
G0 F8175 X210.692 Y213.403
G1 F4087.5 X209.088 Y215.006 E72.83148
G0 F8175 X208.992 Y214.508
G1 F4087.5 X210.834 Y212.666 E72.9235
G1 X210.908 Y212.592
G0 F8175 X210.809 Y212.555
G1 F2700 E72.4235
;MESH:NONMESH
G0 F600 X210.809 Y212.555 Z0.6
G0 F8175 X217.193 Y209.343
G0 X217.971 Y208.559
G0 X219.572 Y206.948
;TIME_ELAPSED:68.858914
;LAYER:2
M204 S1000
;TYPE:SUPPORT
G1 F2700 E72.9235
G1 F5175 X220.601 Y205.863 E72.97369
G1 X222.023 Y205.463 E73.02326
G1 X223.447 Y205.863 E73.0729
G1 X224.472 Y206.948 E73.12299
G1 X224.869 Y208.306 E73.17047
G1 X224.472 Y209.73 E73.22008
G1 X223.442 Y210.76 E73.26897
G1 X222.022 Y211.157 E73.31845
G1 X220.667 Y210.761 E73.36582
G1 X219.571 Y209.665 E73.41784
G1 X219.171 Y208.308 E73.46532
G1 X219.572 Y206.948 E73.5129
G1 F2700 E73.0129
G0 F9150 X212.743 Y207.108
G0 X211.628 Y207.308
G0 X210.552 Y207.693
G0 X209.909 Y208.024
G0 X208.889 Y208.829
G0 X208.503 Y209.25
G0 X207.891 Y210.147
G0 X207.444 Y211.14
G0 X207.219 Y211.932
G0 X207.062 Y213.394
G0 X207.139 Y214.603
G0 X207.529 Y216.289
G0 X207.869 Y217.241
G0 X209.931 Y219.775
G1 F2700 E73.5129
G1 F5175 X210.964 Y220.864 E73.56327
G1 X211.361 Y222.218 E73.61063
G1 X210.96 Y223.642 E73.66027
G1 X209.93 Y224.672 E73.70916
G1 X208.51 Y225.069 E73.75864
G1 X207.155 Y224.673 E73.80601
G1 X206.063 Y223.581 E73.85784
G1 X205.663 Y222.219 E73.90548
G1 X206.06 Y220.864 E73.95286
G1 X207.093 Y219.775 E74.00324
G1 X208.512 Y219.375 E74.05271
G1 X209.931 Y219.775 E74.10219
G1 F2700 E73.60219
;MESH:boitierUp.stl
G0 F9150 X210.904 Y218.795
G0 X209.172 Y216.181
G0 X208.898 Y216.277
M204 S688
;TYPE:WALL-INNER
G1 F2700 E74.10219
G1 F5525.7 X209.026 Y216.637 E74.11565
G1 F5512.5 X213.882 Y221.458 E74.35738
G1 X213.879 Y220.937 E74.37578
G1 X214.584 Y220.225 E74.41118
G1 X214.857 Y220.062 E74.42241
G1 X215.104 Y220.041 E74.43117
G1 X215.425 Y220.168 E74.44336
G1 X217.608 Y222.332 E74.55195
G1 X217.652 Y222.818 E74.56919
G1 X222.876 Y217.549 E74.83129
G1 X222.356 Y217.552 E74.84966
G1 X220.183 Y215.396 E74.9578
G1 X220.071 Y215.196 E74.9659
G1 X220.038 Y215.027 E74.97198
G1 X220.073 Y214.782 E74.98072
G1 X220.219 Y214.548 E74.99046
G1 X220.924 Y213.837 E75.02584
G1 X221.408 Y213.792 E75.04301
G1 X216.617 Y209.04 E75.28138
G1 X215.961 Y208.785 E75.30625
G1 X214.776 Y208.475 E75.34952
G1 X213.571 Y208.356 E75.39229
G1 X212.643 Y208.41 E75.42513
G1 X211.969 Y208.558 E75.44951
G1 X211.284 Y208.77 E75.47484
G1 X210.578 Y209.136 E75.50293
G1 X210.127 Y209.456 E75.52246
G1 X209.51 Y210.066 E75.55311
G1 X209.024 Y210.778 E75.58357
G1 X208.663 Y211.58 E75.61463
G1 X208.486 Y212.211 E75.63779
G1 X208.38 Y212.893 E75.66217
G1 X208.355 Y213.419 E75.68077
G1 X208.377 Y214.152 E75.70667
G1 X208.506 Y214.919 E75.73415
G1 X208.681 Y215.667 E75.76129
G1 F5525.7 X208.898 Y216.277 E75.7841
M204 S1000
G0 F9150 X209.172 Y216.181
G0 X210.925 Y213.714
G0 X211.214 Y213.687
M204 S688
G1 F5512.5 X211.261 Y213.131 E75.80382
G1 X211.44 Y212.597 E75.82371
G1 X211.623 Y212.268 E75.83701
G1 X212.007 Y211.819 E75.85788
G1 X212.511 Y211.483 E75.87928
G1 X213.05 Y211.28 E75.89962
G1 X213.654 Y211.217 E75.92108
G1 X214.263 Y211.312 E75.94285
G1 X214.803 Y211.552 E75.96373
G1 X215.271 Y211.907 E75.98448
G1 X215.611 Y212.343 E76.00401
G1 X215.884 Y212.929 E76.02684
G1 X215.97 Y213.556 E76.0492
G1 X215.963 Y213.836 E76.0591
G1 X215.837 Y214.407 E76.07975
G1 X215.562 Y214.94 E76.10094
G1 X215.174 Y215.388 E76.12188
G1 X214.684 Y215.719 E76.14276
G1 X214.155 Y215.914 E76.16268
G1 X213.578 Y215.982 E76.1832
G1 X212.938 Y215.902 E76.20599
G1 X212.348 Y215.63 E76.22894
G1 X211.916 Y215.292 E76.24832
G1 X211.67 Y215.003 E76.26172
G1 X211.398 Y214.528 E76.28106
G1 X211.242 Y213.988 E76.30091
G1 X211.214 Y213.687 E76.31159
M204 S1000
G0 F9150 X211.634 Y213.648
M204 S688
;TYPE:WALL-OUTER
G1 F4575 X211.676 Y213.195 E76.32767
G1 X211.84 Y212.729 E76.34512
G1 X211.97 Y212.505 E76.35427
G1 X212.275 Y212.151 E76.37077
G1 X212.698 Y211.859 E76.38893
G1 X213.158 Y211.69 E76.40624
G1 X213.63 Y211.642 E76.423
G1 X214.13 Y211.716 E76.44086
G1 X214.564 Y211.9 E76.45751
G1 X214.953 Y212.193 E76.47471
G1 X215.268 Y212.586 E76.4925
G1 X215.48 Y213.075 E76.51133
G1 X215.548 Y213.511 E76.52692
G1 X215.545 Y213.788 E76.53671
G1 X215.442 Y214.264 E76.55391
G1 X215.217 Y214.7 E76.57124
G1 X214.891 Y215.071 E76.58869
G1 X214.49 Y215.347 E76.60589
G1 X214.039 Y215.51 E76.62283
G1 X213.566 Y215.562 E76.63964
G1 X213.028 Y215.481 E76.65886
G1 X212.579 Y215.279 E76.67625
G1 X212.231 Y215.011 E76.69176
G1 X212.031 Y214.788 E76.70235
G1 X211.799 Y214.397 E76.71841
G1 X211.656 Y213.919 E76.73603
G1 X211.634 Y213.648 E76.74564
M204 S1000
G0 F9150 X211.652 Y213.449
G0 X210.947 Y213.384
G0 X209.121 Y216.037
G0 X208.451 Y216.274
M204 S688
G1 F4575 X208.662 Y216.868 E76.7679
G1 X213.064 Y221.237 E76.987
G1 F4177.2 X213.8 Y221.911 E77.02561
G1 F3820.1 X215.993 Y224.085 E77.15625
G1 F3519.2 X216.462 Y224.493 E77.1848
G1 F3525.7 X216.93 Y224.08 E77.21341
G1 F3812.5 X217.757 Y223.247 E77.26317
G1 F4150.1 X218.43 Y222.626 E77.29883
G1 F4575 X222.656 Y218.366 E77.5108
G1 F4177.2 X223.331 Y217.631 E77.54941
G1 F3827.7 X224.096 Y216.858 E77.59533
G1 F3525.7 X224.503 Y216.39 E77.62376
G1 F3545.2 X224.031 Y215.862 E77.65605
G1 F3827.7 X221.837 Y213.687 E77.78649
G1 F4159.1 X221.217 Y213.014 E77.82205
G1 F4575 X216.851 Y208.68 E78.03937
G1 X216.091 Y208.385 E78.06817
G1 X214.85 Y208.06 E78.11348
G1 X213.579 Y207.935 E78.1586
G1 X212.585 Y207.993 E78.19377
G1 X211.862 Y208.152 E78.21992
G1 X211.124 Y208.38 E78.24721
G1 X210.358 Y208.776 E78.27767
G1 X209.864 Y209.128 E78.2991
G1 X209.181 Y209.804 E78.33305
G1 X208.656 Y210.572 E78.36591
G1 X208.267 Y211.436 E78.39938
G1 X208.074 Y212.121 E78.42452
G1 X207.962 Y212.85 E78.45058
G1 X207.935 Y213.415 E78.47056
G1 X207.95 Y213.95 E78.48946
G1 X208.005 Y214.471 E78.50797
G1 X208.094 Y215.002 E78.52699
G1 X208.216 Y215.522 E78.54586
G1 X208.36 Y216.019 E78.56414
G1 X208.451 Y216.274 E78.5737
M204 S1000
G0 F9150 X208.517 Y216.462
G0 X209.188 Y216.225
G0 X213.623 Y220.83
G0 X214.152 Y221.558
M204 S688
G1 F4177.2 X214.178 Y221.232 E78.58636
G1 F4575 X214.913 Y220.488 E78.6233
G1 X215.056 Y220.459 E78.62846
G1 X215.155 Y220.497 E78.6322
G1 X217.312 Y222.63 E78.73936
G1 F4150.1 X217.372 Y222.925 E78.75109
G1 F3812.5 X216.606 Y223.698 E78.79722
G1 F3525.7 X216.461 Y223.785 E78.80497
G1 F3519.2 X216.315 Y223.7 E78.81273
G1 F3820.1 X214.152 Y221.558 E78.94151
M204 S1000
G0 F9150 X214.167 Y221.359
G0 X213.608 Y220.804
G0 X214.76 Y219.723
G0 X219.937 Y215.558
G0 X220.461 Y215.031
M204 S688
G1 F4575 X220.471 Y214.891 E78.94647
G1 X221.222 Y214.132 E78.98419
G1 F4159.1 X221.516 Y214.072 E78.99585
G1 F3827.7 X223.68 Y216.215 E79.12444
G1 F3545.2 X223.796 Y216.391 E79.13405
G1 F3525.7 X223.711 Y216.537 E79.1418
G1 F3827.7 X222.978 Y217.28 E79.18586
G1 F4177.2 X222.652 Y217.254 E79.19852
G1 F4575 X220.506 Y215.127 E79.30525
G1 X220.461 Y215.031 E79.309
M204 S1000
G0 F9150 X220.471 Y214.891
G0 X220.513 Y214.849
G0 X220.012 Y214.35
G0 X214.173 Y216.156
G0 X209.253 Y216.279
;TYPE:SKIN
G1 F4575 X209.081 Y215.794 E79.32718
G1 X208.835 Y214.843 E79.36188
G1 X208.679 Y213.698 E79.4027
G1 X208.714 Y212.922 E79.43014
G1 X208.814 Y212.285 E79.45292
G1 X208.979 Y211.696 E79.47453
G1 X209.32 Y210.936 E79.50395
G1 X209.771 Y210.28 E79.53207
G1 X210.336 Y209.718 E79.56023
G1 X210.75 Y209.424 E79.57816
G1 X211.416 Y209.08 E79.60464
G1 X212.058 Y208.884 E79.62836
G1 X212.685 Y208.745 E79.65104
G1 X213.571 Y208.695 E79.68239
G1 X214.707 Y208.804 E79.72271
G1 X215.859 Y209.105 E79.76477
G1 X216.431 Y209.328 E79.78645
G1 X220.725 Y213.589 E80.00015
G1 X220.657 Y213.62 E80.00279
G1 X219.962 Y214.331 E80.03791
G1 X219.813 Y214.538 E80.04692
G1 X219.702 Y214.92 E80.06098
G1 X219.73 Y215.21 E80.07127
G1 X219.913 Y215.598 E80.08642
G1 X222.091 Y217.765 E80.19496
G1 X222.158 Y217.794 E80.19754
G1 X217.868 Y222.118 E80.41271
G1 X215.704 Y219.971 E80.52039
G1 X215.509 Y219.828 E80.52894
G1 X215.278 Y219.729 E80.53781
G1 X214.966 Y219.704 E80.54887
G1 X214.491 Y219.838 E80.56631
G1 X213.615 Y220.723 E80.61029
G1 X209.314 Y216.452 E80.82442
G1 X209.253 Y216.279 E80.8309
G0 F9150 X213.516 Y216.305
G1 F4575 X213.598 Y216.314 E80.83381
G1 X214.241 Y216.236 E80.85669
G1 X214.875 Y215.998 E80.88061
G1 X215.399 Y215.631 E80.90321
G1 X215.868 Y215.09 E80.92851
G1 X216.161 Y214.505 E80.95162
G1 X216.293 Y213.875 E80.97436
G1 X216.291 Y213.379 E80.99188
G1 X216.15 Y212.705 E81.0162
G1 X215.88 Y212.146 E81.03813
G1 X215.5 Y211.67 E81.05965
G1 X214.962 Y211.245 E81.08387
G1 X214.317 Y210.984 E81.10845
G1 X213.684 Y210.878 E81.13112
G1 X212.958 Y210.954 E81.15691
G1 X212.319 Y211.197 E81.18106
G1 X211.767 Y211.587 E81.20493
G1 X211.346 Y212.073 E81.22765
G1 X211.135 Y212.454 E81.24303
G1 X210.928 Y213.079 E81.26629
G1 X210.878 Y213.67 E81.28724
G1 X210.906 Y214.027 E81.29989
G1 X211.096 Y214.692 E81.32433
G1 X211.374 Y215.167 E81.34377
G1 X211.676 Y215.526 E81.36034
G1 X212.178 Y215.919 E81.38286
G1 X212.84 Y216.229 E81.40868
G1 X213.516 Y216.305 E81.43271
G0 F9150 X209.326 Y215.86
G1 F4575 X213.753 Y220.287 E81.65388
G0 F9150 X214.049 Y219.989
G1 F4575 X209.103 Y215.042 E81.901
G0 F9150 X208.975 Y214.321
G1 F4575 X214.345 Y219.69 E82.16925
G0 F9150 X214.788 Y219.54
G1 F4575 X208.891 Y213.642 E82.46387
G0 F9150 X208.916 Y213.074
G1 F4575 X215.395 Y219.552 E82.78753
G1 X215.469 Y219.626
G0 F9150 X214.56 Y216.342
G1 F4575 X218.949 Y220.73 E83.00677
G0 F9150 X219.244 Y220.432
G1 F4575 X214.989 Y216.177 E83.21934
G0 F9150 X215.337 Y215.931
G1 F4575 X219.54 Y220.134 E83.42932
G0 F9150 X219.836 Y219.836
G1 F4575 X215.656 Y215.656 E83.63814
G0 F9150 X215.934 Y215.34
G1 F4575 X220.132 Y219.538 E83.84786
G0 F9150 X220.428 Y219.24
G1 F4575 X216.161 Y214.973 E84.06104
G0 F9150 X216.359 Y214.577
G1 F4575 X220.723 Y218.941 E84.27905
G0 F9150 X221.02 Y218.644
G1 F4575 X216.463 Y214.087 E84.50671
G0 F9150 X216.498 Y213.529
G1 F4575 X221.315 Y218.345 E84.74733
G0 F9150 X221.612 Y218.048
G1 F4575 X216.394 Y212.831 E85.00799
G1 X216.32 Y212.757
G0 F9150 X215.604 Y211.939
G0 X214.339 Y210.775
G1 F4575 X212.553 Y208.99 E85.09719
G0 F9150 X212.07 Y209.1
G1 F4575 X213.637 Y210.668 E85.1755
G0 F9150 X213.104 Y210.728
G1 F4575 X211.615 Y209.239 E85.24989
G0 F9150 X211.207 Y209.425
G1 F4575 X212.635 Y210.854 E85.32125
G0 F9150 X212.208 Y211.02
G1 F4575 X210.82 Y209.632 E85.3906
G0 F9150 X210.473 Y209.879
G1 F4575 X211.861 Y211.267 E85.45994
G0 F9150 X211.535 Y211.535
G1 F4575 X210.175 Y210.175 E85.52788
G0 F9150 X209.887 Y210.481
G1 F4575 X211.26 Y211.854 E85.59647
G0 F9150 X211.03 Y212.218
G1 F4575 X209.645 Y210.833 E85.66566
G0 F9150 X209.427 Y211.209
G1 F4575 X210.854 Y212.635 E85.73693
G0 F9150 X210.718 Y213.094
G1 F4575 X209.244 Y211.619 E85.81059
G0 F9150 X209.094 Y212.063
G1 F4575 X210.671 Y213.641 E85.8894
G0 F9150 X210.78 Y214.344
G1 F4575 X208.985 Y212.549 E85.97908
G1 X208.911 Y212.475
G0 F9150 X213.09 Y208.932
G1 F4575 X219.628 Y215.47 E86.3057
G0 F9150 X219.523 Y214.772
G1 F4575 X213.666 Y208.915 E86.59831
G0 F9150 X214.324 Y208.978
G1 F4575 X219.695 Y214.349 E86.86663
G0 F9150 X219.965 Y214.026
G1 F4575 X215.051 Y209.111 E87.11215
G1 X214.977 Y209.037
G0 F9150 X215.868 Y209.334
G1 F4575 X220.26 Y213.727 E87.33159
G1 X220.334 Y213.801
G0 F9150 X214.088 Y216.464
G1 F4575 X218.652 Y221.028 E87.5596
G0 F9150 X218.357 Y221.327
G1 F4575 X213.548 Y216.518 E87.79985
G0 F9150 X212.882 Y216.445
G1 F4575 X218.06 Y221.624 E88.05856
G1 X218.134 Y221.698
G0 F9150 X218.018 Y221.583
G1 F2700 E87.55856
;MESH:NONMESH
G0 F600 X218.018 Y221.583 Z0.8
G0 F9150 X217.193 Y209.343
G0 X217.971 Y208.559
G0 X219.572 Y206.948
;TIME_ELAPSED:84.552308
;LAYER:3
M204 S1250
;TYPE:SUPPORT
G1 F2700 E88.05856
G1 F5962.5 X220.601 Y205.863 E88.10874
G1 X222.023 Y205.463 E88.15831
G1 X223.447 Y205.863 E88.20795
G1 X224.472 Y206.948 E88.25804
G1 X224.869 Y208.306 E88.30552
G1 X224.472 Y209.73 E88.35514
G1 X223.442 Y210.76 E88.40402
G1 X222.022 Y211.157 E88.4535
G1 X220.667 Y210.761 E88.50088
G1 X219.571 Y209.665 E88.55289
G1 X219.171 Y208.308 E88.60037
G1 X219.572 Y206.948 E88.64795
G1 F2700 E88.14795
G0 F10125 X212.748 Y207.107
G0 X211.628 Y207.308
G0 X210.552 Y207.693
G0 X209.909 Y208.024
G0 X208.878 Y208.84
G0 X208.18 Y209.679
G0 X207.647 Y210.633
G0 X207.35 Y211.428
G0 X207.092 Y212.777
G0 X207.079 Y214.003
G0 X207.365 Y215.734
G0 X207.904 Y217.345
G0 X209.931 Y219.775
G1 F2700 E88.64795
G1 F5962.5 X210.964 Y220.864 E88.69833
G1 X211.361 Y222.218 E88.74568
G1 X210.96 Y223.642 E88.79533
G1 X209.93 Y224.672 E88.84421
G1 X208.51 Y225.069 E88.89369
G1 X207.155 Y224.673 E88.94107
G1 X206.063 Y223.581 E88.99289
G1 X205.663 Y222.219 E89.04053
G1 X206.06 Y220.864 E89.08792
G1 X207.093 Y219.775 E89.13829
G1 X208.512 Y219.375 E89.18777
G1 X209.931 Y219.775 E89.23724
G1 F2700 E88.73724
;MESH:boitierUp.stl
G0 F10125 X210.904 Y218.796
G0 X209.172 Y216.181
G0 X208.898 Y216.277
M204 S781
;TYPE:WALL-INNER
G1 F2700 E89.23724
G1 F6468.8 X209.026 Y216.638 E89.25077
G1 X213.882 Y221.458 E89.49247
G1 X213.879 Y220.937 E89.51088
G1 X214.584 Y220.225 E89.54627
G1 X214.857 Y220.062 E89.5575
G1 X215.104 Y220.041 E89.56626
G1 X215.425 Y220.168 E89.57846
G1 X217.608 Y222.332 E89.68704
G1 X217.652 Y222.818 E89.70428
G1 X222.876 Y217.549 E89.96639
G1 X222.356 Y217.552 E89.98476
G1 X220.183 Y215.396 E90.09289
G1 X220.071 Y215.196 E90.10099
G1 X220.038 Y215.027 E90.10707
G1 X220.073 Y214.782 E90.11582
G1 X220.219 Y214.548 E90.12556
G1 X220.924 Y213.837 E90.16093
G1 X221.408 Y213.792 E90.1781
G1 X216.616 Y209.039 E90.41653
G1 X216.179 Y208.868 E90.4331
G1 X215.401 Y208.627 E90.46188
G1 X214.374 Y208.411 E90.49895
G1 X213.541 Y208.367 E90.52842
G1 X212.655 Y208.408 E90.55975
G1 X211.97 Y208.558 E90.58452
G1 X211.284 Y208.77 E90.60989
G1 X210.578 Y209.136 E90.63798
G1 X210.126 Y209.457 E90.65756
G1 X209.811 Y209.739 E90.6725
G1 X209.25 Y210.415 E90.70353
G1 X208.829 Y211.167 E90.73397
G1 X208.589 Y211.804 E90.75802
G1 X208.392 Y212.653 E90.78881
G1 X208.355 Y213.419 E90.8159
G1 X208.377 Y214.15 E90.84173
G1 X208.506 Y214.924 E90.86945
G1 X208.756 Y215.874 E90.90416
G1 X208.898 Y216.277 E90.91925
M204 S1250
G0 F10125 X209.172 Y216.181
G0 X210.925 Y213.714
G0 X211.214 Y213.687
M204 S781
G1 F6468.8 X211.263 Y213.097 E90.94016
G1 X211.442 Y212.593 E90.95906
G1 X211.667 Y212.211 E90.97472
G1 X212.028 Y211.808 E90.99383
G1 X212.511 Y211.483 E91.0144
G1 X213.051 Y211.279 E91.03479
G1 X213.673 Y211.222 E91.05685
G1 X214.206 Y211.303 E91.0759
G1 X214.764 Y211.53 E91.09718
G1 X215.209 Y211.86 E91.11675
G1 X215.611 Y212.343 E91.13895
G1 X215.884 Y212.929 E91.16178
G1 X215.97 Y213.556 E91.18414
G1 X215.963 Y213.836 E91.19404
G1 X215.837 Y214.407 E91.21469
G1 X215.562 Y214.94 E91.23588
G1 X215.174 Y215.388 E91.25682
G1 X214.684 Y215.719 E91.2777
G1 X214.155 Y215.914 E91.29762
G1 X213.578 Y215.982 E91.31814
G1 X212.938 Y215.902 E91.34093
G1 X212.348 Y215.63 E91.36388
G1 X211.916 Y215.292 E91.38326
G1 X211.67 Y215.003 E91.39666
G1 X211.397 Y214.524 E91.41614
G1 X211.242 Y213.988 E91.43585
G1 X211.214 Y213.687 E91.44653
M204 S1250
G0 F10125 X211.634 Y213.648
M204 S781
;TYPE:WALL-OUTER
G1 F5062.5 X211.675 Y213.2 E91.46242
G1 X211.835 Y212.741 E91.47959
G1 X211.985 Y212.486 E91.49004
G1 X212.294 Y212.133 E91.50662
G1 X212.698 Y211.859 E91.52386
G1 X213.158 Y211.69 E91.54117
G1 X213.629 Y211.642 E91.5579
G1 X214.12 Y211.714 E91.57543
G1 X214.572 Y211.904 E91.59275
G1 X214.953 Y212.193 E91.60964
G1 X215.268 Y212.586 E91.62743
G1 X215.48 Y213.075 E91.64626
G1 X215.548 Y213.511 E91.66185
G1 X215.545 Y213.788 E91.67163
G1 X215.442 Y214.264 E91.68884
G1 X215.217 Y214.7 E91.70617
G1 X214.891 Y215.071 E91.72362
G1 X214.49 Y215.347 E91.74081
G1 X214.039 Y215.51 E91.75775
G1 X213.566 Y215.562 E91.77456
G1 X213.028 Y215.481 E91.79378
G1 X212.579 Y215.279 E91.81118
G1 X212.212 Y214.994 E91.82759
G1 X212.031 Y214.788 E91.83728
G1 X211.799 Y214.398 E91.85331
G1 X211.656 Y213.919 E91.87097
G1 X211.634 Y213.648 E91.88057
M204 S1250
G0 F10125 X211.652 Y213.449
G0 X210.947 Y213.384
G0 X209.121 Y216.038
G0 X208.452 Y216.274
M204 S781
G1 F5062.5 X208.662 Y216.868 E91.90283
G1 X213.064 Y221.237 E92.12192
G1 F4622.3 X213.8 Y221.911 E92.16053
G1 F4227.1 X215.993 Y224.085 E92.29117
G1 F3894.2 X216.462 Y224.493 E92.31972
G1 F3901.4 X216.93 Y224.08 E92.34833
G1 F4218.8 X217.757 Y223.247 E92.39809
G1 F4592.3 X218.43 Y222.626 E92.43375
G1 F5062.5 X222.656 Y218.366 E92.64573
G1 F4622.3 X223.331 Y217.631 E92.68434
G1 F4235.6 X224.096 Y216.858 E92.73026
G1 F3901.4 X224.503 Y216.39 E92.75869
G1 F3923 X224.031 Y215.862 E92.79097
G1 F4235.6 X221.837 Y213.687 E92.92141
G1 F4602.3 X221.217 Y213.014 E92.95697
G1 F5062.5 X216.85 Y208.68 E93.17432
G1 X216.318 Y208.471 E93.19451
G1 X215.507 Y208.22 E93.2245
G1 X214.428 Y207.993 E93.26345
G1 X213.543 Y207.947 E93.29475
G1 X212.6 Y207.99 E93.3281
G1 X211.862 Y208.152 E93.35479
G1 X211.124 Y208.38 E93.38208
G1 X210.358 Y208.776 E93.41254
G1 X209.864 Y209.129 E93.43399
G1 X209.508 Y209.447 E93.45085
G1 X208.902 Y210.176 E93.48434
G1 X208.447 Y210.989 E93.51725
G1 X208.186 Y211.682 E93.54341
G1 X208.031 Y212.35 E93.56763
G1 X207.962 Y212.868 E93.58609
G1 X207.935 Y213.415 E93.60544
G1 X207.95 Y213.95 E93.62435
G1 X208.005 Y214.471 E93.64285
G1 X208.094 Y215.006 E93.66201
G1 X208.212 Y215.51 E93.6803
G1 X208.356 Y216.003 E93.69844
G1 X208.452 Y216.274 E93.7086
M204 S1250
G0 F10125 X208.518 Y216.462
G0 X209.188 Y216.226
G0 X213.623 Y220.83
G0 X214.152 Y221.558
M204 S781
G1 F4622.3 X214.178 Y221.232 E93.72125
G1 F5062.5 X214.913 Y220.488 E93.7582
G1 X215.056 Y220.459 E93.76335
G1 X215.155 Y220.497 E93.7671
G1 X217.312 Y222.63 E93.87426
G1 F4592.3 X217.372 Y222.925 E93.88598
G1 F4218.8 X216.606 Y223.698 E93.93211
G1 F3901.4 X216.461 Y223.785 E93.93986
G1 F3894.2 X216.315 Y223.7 E93.94762
G1 F4227.1 X214.152 Y221.558 E94.07641
M204 S1250
G0 F10125 X214.167 Y221.359
G0 X213.608 Y220.804
G0 X214.76 Y219.723
G0 X219.937 Y215.558
G0 X220.461 Y215.031
M204 S781
G1 F5062.5 X220.471 Y214.891 E94.08137
G1 X221.222 Y214.132 E94.11909
G1 F4602.3 X221.516 Y214.072 E94.13075
G1 F4235.6 X223.68 Y216.215 E94.25934
G1 F3923 X223.796 Y216.391 E94.26895
G1 F3901.4 X223.711 Y216.537 E94.27669
G1 F4235.6 X222.978 Y217.28 E94.32076
G1 F4622.3 X222.652 Y217.254 E94.33341
G1 F5062.5 X220.506 Y215.127 E94.44015
G1 X220.461 Y215.031 E94.44389
M204 S1250
G0 F10125 X220.471 Y214.891
G0 X220.513 Y214.849
G0 X220.012 Y214.35
G0 X214.173 Y216.156
G0 X209.255 Y216.279
;TYPE:SKIN
G1 F5062.5 X209.002 Y215.564 E94.47069
G1 X208.842 Y214.881 E94.49547
G1 X208.714 Y214.119 E94.52276
G1 X208.691 Y213.415 E94.54765
G1 X208.776 Y212.49 E94.58046
G1 X208.914 Y211.889 E94.60224
G1 X209.132 Y211.309 E94.62413
G1 X209.527 Y210.604 E94.65268
G1 X210.048 Y209.975 E94.68153
G1 X210.746 Y209.428 E94.71286
G1 X211.416 Y209.08 E94.73953
G1 X212.058 Y208.884 E94.76324
G1 X212.696 Y208.741 E94.78634
G1 X213.535 Y208.703 E94.81601
G1 X214.336 Y208.746 E94.84434
G1 X215.299 Y208.948 E94.8791
G1 X216.387 Y209.285 E94.91934
G1 X220.725 Y213.589 E95.13521
G1 X220.657 Y213.62 E95.13785
G1 X219.962 Y214.331 E95.17297
G1 X219.813 Y214.538 E95.18198
G1 X219.702 Y214.92 E95.19603
G1 X219.73 Y215.21 E95.20633
G1 X219.913 Y215.598 E95.22148
G1 X222.091 Y217.765 E95.33001
G1 X222.158 Y217.794 E95.33259
G1 X217.868 Y222.118 E95.54776
G1 X215.704 Y219.971 E95.65545
G1 X215.509 Y219.828 E95.66399
G1 X215.278 Y219.729 E95.67287
G1 X214.966 Y219.704 E95.68393
G1 X214.491 Y219.838 E95.70136
G1 X213.615 Y220.723 E95.74535
G1 X209.318 Y216.456 E95.95927
G1 X209.255 Y216.279 E95.96591
G0 F10125 X213.516 Y216.305
G1 F5062.5 X213.598 Y216.314 E95.96882
G1 X214.241 Y216.236 E95.9917
G1 X214.875 Y215.998 E96.01563
G1 X215.399 Y215.631 E96.03823
G1 X215.868 Y215.09 E96.06352
G1 X216.161 Y214.505 E96.08663
G1 X216.293 Y213.875 E96.10937
G1 X216.291 Y213.379 E96.12689
G1 X216.15 Y212.705 E96.15122
G1 X215.88 Y212.146 E96.17315
G1 X215.5 Y211.67 E96.19466
G1 X214.956 Y211.244 E96.21907
G1 X214.367 Y210.988 E96.24176
G1 X213.66 Y210.882 E96.26701
G1 X212.948 Y210.954 E96.29229
G1 X212.347 Y211.185 E96.31504
G1 X211.79 Y211.56 E96.33876
G1 X211.409 Y211.99 E96.35905
G1 X211.141 Y212.447 E96.37777
G1 X210.922 Y213.112 E96.4025
G1 X210.878 Y213.671 E96.42231
G1 X210.908 Y214.047 E96.43563
G1 X211.094 Y214.687 E96.45918
G1 X211.374 Y215.167 E96.47881
G1 X211.676 Y215.526 E96.49538
G1 X212.178 Y215.919 E96.5179
G1 X212.84 Y216.229 E96.54372
G1 X213.516 Y216.305 E96.56775
G0 F10125 X212.873 Y216.12
G0 X212.271 Y215.861
G0 X211.772 Y215.479
G0 X211.197 Y214.654
G0 X211.018 Y214.048
G0 X210.994 Y209.536
G1 F5062.5 X209.565 Y210.965 E96.63914
G1 X209.491 Y211.039
G0 F10125 X209.099 Y212.025
G1 F5062.5 X212.005 Y209.12 E96.7843
G0 F10125 X212.77 Y208.949
G1 F5062.5 X208.963 Y212.756 E96.97449
G0 F10125 X208.903 Y213.41
G1 F5062.5 X213.392 Y208.92 E97.19878
G0 F10125 X213.97 Y208.937
G1 F5062.5 X208.92 Y213.987 E97.45106
G0 F10125 X208.992 Y214.509
G1 F5062.5 X210.847 Y212.653 E97.54376
G0 F10125 X210.69 Y213.404
G1 F5062.5 X209.089 Y215.005 E97.62374
G0 F10125 X209.201 Y215.487
G1 F5062.5 X210.697 Y213.991 E97.69848
G0 F10125 X210.812 Y214.47
G1 F5062.5 X209.355 Y215.928 E97.7713
G0 F10125 X209.518 Y216.358
G1 F5062.5 X210.976 Y214.9 E97.84413
G0 F10125 X211.194 Y215.276
G1 F5062.5 X209.816 Y216.655 E97.913
G0 F10125 X210.113 Y216.951
G1 F5062.5 X211.465 Y215.599 E97.98054
G0 F10125 X211.781 Y215.877
G1 F5062.5 X210.412 Y217.247 E98.04896
G0 F10125 X210.709 Y217.543
G1 F5062.5 X212.126 Y216.126 E98.11975
G0 F10125 X212.531 Y216.315
G1 F5062.5 X211.008 Y217.838 E98.19584
G0 F10125 X211.305 Y218.135
G1 F5062.5 X212.984 Y216.456 E98.27972
G0 F10125 X213.52 Y216.514
G1 F5062.5 X211.604 Y218.43 E98.37544
G0 F10125 X211.902 Y218.727
G1 F5062.5 X214.176 Y216.452 E98.48907
G1 X214.25 Y216.378
G0 F10125 X215.182 Y216.04
G1 F5062.5 X212.2 Y219.022 E98.63804
G0 F10125 X212.498 Y219.318
G1 F5062.5 X219.323 Y212.493 E98.97901
G0 F10125 X219.62 Y212.79
G1 F5062.5 X212.796 Y219.614 E99.31992
G0 F10125 X213.094 Y219.91
G1 F5062.5 X219.919 Y213.085 E99.66089
G0 F10125 X220.216 Y213.381
G1 F5062.5 X213.391 Y220.206 E100.00185
G1 X213.317 Y220.28
G0 F10125 X214.597 Y219.595
G1 F5062.5 X219.57 Y214.622 E100.25029
G0 F10125 X219.533 Y215.253
G1 F5062.5 X215.265 Y219.521 E100.46351
G0 F10125 X215.683 Y219.697
G1 F5062.5 X219.722 Y215.658 E100.66529
G0 F10125 X219.996 Y215.977
G1 F5062.5 X216.001 Y219.972 E100.86488
G0 F10125 X216.3 Y220.268
G1 F5062.5 X220.295 Y216.273 E101.06446
G0 F10125 X220.593 Y216.569
G1 F5062.5 X216.598 Y220.564 E101.26404
G0 F10125 X216.897 Y220.859
G1 F5062.5 X220.89 Y216.865 E101.46355
G0 F10125 X221.188 Y217.162
G1 F5062.5 X217.195 Y221.155 E101.66303
G0 F10125 X217.493 Y221.451
G1 F5062.5 X221.486 Y217.458 E101.86251
G0 F10125 X221.783 Y217.754
G1 F5062.5 X217.791 Y221.747 E102.06197
G1 X217.717 Y221.821
G0 F10125 X216.074 Y215.148
G1 F5062.5 X219.024 Y212.198 E102.20935
G0 F10125 X218.727 Y211.902
G1 F5062.5 X216.445 Y214.183 E102.32333
G0 F10125 X216.499 Y213.535
G1 F5062.5 X218.428 Y211.606 E102.4197
G0 F10125 X218.13 Y211.31
G1 F5062.5 X216.431 Y213.009 E102.50458
G0 F10125 X216.305 Y212.541
G1 F5062.5 X217.832 Y211.014 E102.58086
G0 F10125 X217.534 Y210.719
G1 F5062.5 X216.11 Y212.143 E102.652
G0 F10125 X215.866 Y211.792
G1 F5062.5 X217.236 Y210.422 E102.72044
G0 F10125 X216.938 Y210.127
G1 F5062.5 X215.589 Y211.475 E102.78781
G0 F10125 X215.258 Y211.212
G1 F5062.5 X216.639 Y209.831 E102.85681
G0 F10125 X216.341 Y209.535
G1 F5062.5 X214.89 Y210.987 E102.92932
G0 F10125 X214.477 Y210.806
G1 F5062.5 X215.922 Y209.36 E103.00153
G0 F10125 X215.468 Y209.22
G1 F5062.5 X213.973 Y210.715 E103.07622
G0 F10125 X213.394 Y210.7
G1 F5062.5 X214.995 Y209.099 E103.1562
G0 F10125 X214.504 Y208.996
G1 F5062.5 X212.655 Y210.846 E103.2486
G1 X212.581 Y210.92
G0 F10125 X212.546 Y210.819
G1 F2700 E102.7486
;MESH:NONMESH
G0 F600 X212.546 Y210.819 Z1
G0 F10125 X217.193 Y209.343
G0 X217.971 Y208.559
G0 X219.572 Y206.948
;TIME_ELAPSED:99.828182
;LAYER:4
M204 S1500
;TYPE:SUPPORT
G1 F2700 E103.2486
G1 F6750 X220.601 Y205.863 E103.29878
G1 X222.023 Y205.463 E103.34836
G1 X223.447 Y205.863 E103.398
G1 X224.472 Y206.948 E103.44809
G1 X224.869 Y208.306 E103.49557
G1 X224.472 Y209.73 E103.54518
G1 X223.442 Y210.76 E103.59406
G1 X222.022 Y211.157 E103.64355
G1 X220.667 Y210.761 E103.69092
G1 X219.571 Y209.665 E103.74294
G1 X219.171 Y208.308 E103.79041
G1 X219.572 Y206.948 E103.838
G1 F2700 E103.338
G0 F11100 X212.896 Y207.086
G0 X211.628 Y207.308
G0 X210.552 Y207.693
G0 X209.909 Y208.024
G0 X208.889 Y208.829
G0 X208.503 Y209.25
G0 X207.891 Y210.147
G0 X207.444 Y211.139
G0 X207.154 Y212.163
G0 X207.064 Y213.856
G0 X207.238 Y215.188
G0 X207.525 Y216.277
G0 X207.866 Y217.238
G0 X209.931 Y219.775
G1 F2700 E103.838
G1 F6750 X210.964 Y220.864 E103.88837
G1 X211.361 Y222.218 E103.93572
G1 X210.96 Y223.642 E103.98537
G1 X209.93 Y224.672 E104.03425
G1 X208.51 Y225.069 E104.08374
G1 X207.155 Y224.673 E104.13111
G1 X206.063 Y223.581 E104.18294
G1 X205.663 Y222.219 E104.23058
G1 X206.06 Y220.864 E104.27796
G1 X207.093 Y219.775 E104.32833
G1 X208.512 Y219.375 E104.37781
G1 X209.931 Y219.775 E104.42729
G1 F2700 E103.92729
;MESH:boitierUp.stl
G0 F11100 X210.904 Y218.796
G0 X209.159 Y216.186
G0 X208.899 Y216.277
M204 S875
;TYPE:WALL-INNER
G1 F2700 E104.42729
G1 F7425 X209.027 Y216.638 E104.44082
G1 X213.882 Y221.458 E104.68249
G1 X213.879 Y220.937 E104.7009
G1 X214.584 Y220.225 E104.73629
G1 X214.857 Y220.062 E104.74752
G1 X215.104 Y220.041 E104.75628
G1 X215.425 Y220.168 E104.76848
G1 X217.608 Y222.332 E104.87706
G1 X217.652 Y222.818 E104.8943
G1 X222.876 Y217.549 E105.15641
G1 X222.356 Y217.552 E105.17478
G1 X220.183 Y215.396 E105.28291
G1 X220.071 Y215.196 E105.29101
G1 X220.038 Y215.027 E105.29709
G1 X220.073 Y214.782 E105.30583
G1 X220.219 Y214.548 E105.31558
G1 X220.924 Y213.837 E105.35095
G1 X221.408 Y213.792 E105.36812
G1 X216.616 Y209.039 E105.60655
G1 X216.18 Y208.868 E105.62309
G1 X215.382 Y208.623 E105.65258
G1 X214.586 Y208.456 E105.68131
G1 X213.75 Y208.371 E105.711
G1 X212.983 Y208.378 E105.73809
G1 X212.188 Y208.49 E105.76645
G1 X211.284 Y208.77 E105.79988
G1 X210.578 Y209.136 E105.82798
G1 X210.127 Y209.456 E105.84751
G1 X209.51 Y210.066 E105.87816
G1 X209.024 Y210.778 E105.90861
G1 X208.662 Y211.581 E105.93973
G1 X208.43 Y212.403 E105.9699
G1 X208.362 Y213.167 E105.997
G1 X208.359 Y213.794 E106.01915
G1 X208.422 Y214.415 E106.0412
G1 X208.506 Y214.919 E106.05925
G1 X208.674 Y215.639 E106.08536
G1 X208.899 Y216.277 E106.10926
M204 S1500
G1 F2700 E105.60926
G0 F11100 X209.159 Y216.186
G0 X209.057 Y215.668
G0 X211.214 Y213.687
M204 S875
G1 F2700 E106.10926
G1 F7425 X211.262 Y213.101 E106.13003
G1 X211.457 Y212.557 E106.15045
G1 X211.623 Y212.268 E106.16222
G1 X212.007 Y211.819 E106.18309
G1 X212.511 Y211.483 E106.20449
G1 X213.072 Y211.276 E106.22561
G1 X213.654 Y211.222 E106.24626
G1 X214.206 Y211.303 E106.26597
G1 X214.763 Y211.529 E106.2872
G1 X215.209 Y211.86 E106.30682
G1 X215.611 Y212.343 E106.32902
G1 X215.884 Y212.929 E106.35186
G1 X215.97 Y213.556 E106.37422
G1 X215.963 Y213.836 E106.38411
G1 X215.837 Y214.407 E106.40477
G1 X215.562 Y214.94 E106.42595
G1 X215.174 Y215.388 E106.44689
G1 X214.684 Y215.719 E106.46778
G1 X214.155 Y215.914 E106.4877
G1 X213.578 Y215.982 E106.50822
G1 X212.938 Y215.902 E106.531
G1 X212.348 Y215.63 E106.55395
G1 X211.916 Y215.292 E106.57333
G1 X211.67 Y215.003 E106.58674
G1 X211.401 Y214.546 E106.60547
G1 X211.242 Y213.989 E106.62593
G1 X211.214 Y213.687 E106.63665
M204 S1500
G0 F11100 X211.634 Y213.648
M204 S875
;TYPE:WALL-OUTER
G1 F5550 X211.681 Y213.171 E106.65358
G1 X211.84 Y212.729 E106.67017
G1 X211.97 Y212.505 E106.67932
G1 X212.275 Y212.151 E106.69583
G1 X212.698 Y211.859 E106.71399
G1 X213.151 Y211.692 E106.73104
G1 X213.645 Y211.642 E106.74858
G1 X214.12 Y211.714 E106.76555
G1 X214.572 Y211.904 E106.78287
G1 X214.953 Y212.193 E106.79977
G1 X215.268 Y212.586 E106.81756
G1 X215.48 Y213.075 E106.83639
G1 X215.548 Y213.511 E106.85197
G1 X215.545 Y213.788 E106.86176
G1 X215.442 Y214.264 E106.87896
G1 X215.217 Y214.7 E106.8963
G1 X214.891 Y215.071 E106.91374
G1 X214.49 Y215.347 E106.93094
G1 X214.039 Y215.51 E106.94788
G1 X213.566 Y215.562 E106.96469
G1 X213.028 Y215.481 E106.98391
G1 X212.579 Y215.279 E107.0013
G1 X212.231 Y215.011 E107.01682
G1 X212.031 Y214.788 E107.0274
G1 X211.794 Y214.387 E107.04385
G1 X211.656 Y213.919 E107.06109
G1 X211.634 Y213.648 E107.0707
M204 S1500
G0 F11100 X211.653 Y213.449
G1 F2700 E106.5707
G0 F11100 X209.057 Y215.668
G0 X208.453 Y216.274
M204 S875
G1 F2700 E107.0707
G1 F5550 X208.663 Y216.868 E107.09295
G1 X213.064 Y221.237 E107.31202
G1 F5067.4 X213.8 Y221.911 E107.35063
G1 F4634.2 X215.993 Y224.085 E107.48127
G1 F4269.2 X216.462 Y224.493 E107.50982
G1 F4277.1 X216.93 Y224.08 E107.53843
G1 F4625 X217.757 Y223.247 E107.58819
G1 F5034.6 X218.43 Y222.626 E107.62385
G1 F5550 X222.656 Y218.366 E107.83583
G1 F5067.4 X223.331 Y217.631 E107.87443
G1 F4643.4 X224.096 Y216.858 E107.92035
G1 F4277.1 X224.503 Y216.39 E107.94878
G1 F4300.7 X224.031 Y215.862 E107.98107
G1 F4643.4 X221.837 Y213.687 E108.11151
G1 F5045.5 X221.217 Y213.014 E108.14707
G1 F5550 X216.85 Y208.68 E108.36441
G1 X216.318 Y208.471 E108.3846
G1 X215.487 Y208.216 E108.41531
G1 X214.651 Y208.04 E108.44549
G1 X213.77 Y207.951 E108.47677
G1 X212.952 Y207.958 E108.50567
G1 X212.1 Y208.077 E108.53606
G1 X211.124 Y208.38 E108.57216
G1 X210.358 Y208.776 E108.60262
G1 X209.864 Y209.128 E108.62405
G1 X209.181 Y209.804 E108.658
G1 X208.656 Y210.572 E108.69086
G1 X208.266 Y211.437 E108.72438
G1 X208.016 Y212.327 E108.75704
G1 X207.942 Y213.147 E108.78612
G1 X207.939 Y213.814 E108.80968
G1 X208.005 Y214.471 E108.83301
G1 X208.094 Y215.002 E108.85203
G1 X208.27 Y215.757 E108.87941
G1 X208.453 Y216.274 E108.89879
M204 S1500
G0 F11100 X208.519 Y216.462
G1 F2700 E108.39879
G0 F11100 X209.176 Y216.231
G0 X211.386 Y218.825
G0 X210.398 Y219.822
G0 X213.158 Y222.561
G0 X214.152 Y221.558
M204 S875
G1 F2700 E108.89879
G1 F5067.4 X214.178 Y221.232 E108.91144
G1 F5550 X214.913 Y220.488 E108.94839
G1 X215.056 Y220.459 E108.95354
G1 X215.155 Y220.497 E108.95729
G1 X217.312 Y222.63 E109.06445
G1 F5034.6 X217.372 Y222.925 E109.07617
G1 F4625 X216.606 Y223.698 E109.1223
G1 F4277.1 X216.461 Y223.785 E109.13005
G1 F4269.2 X216.315 Y223.7 E109.13781
G1 F4634.2 X214.152 Y221.558 E109.2666
M204 S1500
G0 F11100 X214.167 Y221.359
G1 F2700 E108.7666
G0 F11100 X213.066 Y222.469
G0 X216.469 Y225.831
G0 X225.842 Y216.386
G0 X222.461 Y213.015
G0 X220.461 Y215.031
M204 S875
G1 F2700 E109.2666
G1 F5550 X220.471 Y214.891 E109.27156
G1 X221.222 Y214.132 E109.30928
G1 F5045.5 X221.516 Y214.072 E109.32094
G1 F4643.4 X223.68 Y216.215 E109.44953
G1 F4300.7 X223.796 Y216.391 E109.45914
G1 F4277.1 X223.711 Y216.537 E109.46688
G1 F4643.4 X222.978 Y217.28 E109.51095
G1 F5067.4 X222.652 Y217.254 E109.5236
G1 F5550 X220.506 Y215.127 E109.63034
G1 X220.461 Y215.031 E109.63408
M204 S1500
G0 F11100 X220.471 Y214.891
G0 X220.513 Y214.849
G1 F2700 E109.13408
G0 F11100 X222.396 Y212.95
G0 X225.842 Y216.386
G0 X216.469 Y225.831
G0 X210.387 Y219.811
G0 X211.549 Y218.64
G0 X209.2 Y216.298
G0 X209.255 Y216.279
;TYPE:SKIN
G1 F2700 E109.63408
G1 F5550 X208.994 Y215.541 E109.66174
G1 X208.78 Y214.605 E109.69565
G1 X208.694 Y213.777 E109.72506
G1 X208.698 Y213.166 E109.74665
G1 X208.76 Y212.471 E109.7713
G1 X208.979 Y211.7 E109.79961
G1 X209.32 Y210.936 E109.82916
G1 X209.771 Y210.28 E109.85729
G1 X210.336 Y209.718 E109.88544
G1 X210.75 Y209.424 E109.90337
G1 X211.413 Y209.083 E109.92971
G1 X212.266 Y208.814 E109.96131
G1 X213 Y208.714 E109.98748
G1 X213.738 Y208.707 E110.01355
G1 X214.539 Y208.788 E110.04199
G1 X215.283 Y208.944 E110.06884
G1 X216.07 Y209.187 E110.09794
G1 X216.426 Y209.328 E110.11146
G1 X220.725 Y213.589 E110.32529
G1 X220.657 Y213.62 E110.32793
G1 X219.962 Y214.331 E110.36305
G1 X219.813 Y214.538 E110.37206
G1 X219.702 Y214.92 E110.38611
G1 X219.73 Y215.21 E110.3964
G1 X219.913 Y215.598 E110.41156
G1 X222.091 Y217.765 E110.52009
G1 X222.158 Y217.794 E110.52267
G1 X217.868 Y222.118 E110.73784
G1 X215.704 Y219.971 E110.84553
G1 X215.509 Y219.828 E110.85407
G1 X215.278 Y219.729 E110.86295
G1 X214.966 Y219.704 E110.87401
G1 X214.491 Y219.838 E110.89144
G1 X213.615 Y220.723 E110.93543
G1 X209.318 Y216.456 E111.14935
G1 X209.255 Y216.279 E111.15599
G1 F2700 E110.65599
G0 F11100 X209.2 Y216.298
G0 X211.367 Y218.468
G0 X213.516 Y216.305
G1 F2700 E111.15599
G1 F5550 X213.598 Y216.314 E111.1589
G1 X214.241 Y216.236 E111.18178
G1 X214.875 Y215.998 E111.20571
G1 X215.399 Y215.631 E111.22831
G1 X215.868 Y215.09 E111.2536
G1 X216.161 Y214.505 E111.27671
G1 X216.293 Y213.875 E111.29945
G1 X216.294 Y213.42 E111.31552
G1 X216.167 Y212.755 E111.33944
G1 X215.88 Y212.146 E111.36322
G1 X215.5 Y211.67 E111.38474
G1 X214.96 Y211.248 E111.40895
G1 X214.37 Y210.992 E111.43167
G1 X213.746 Y210.89 E111.454
G1 X212.999 Y210.943 E111.48046
G1 X212.319 Y211.197 E111.5061
G1 X211.767 Y211.587 E111.52998
G1 X211.346 Y212.077 E111.5528
G1 X211.148 Y212.422 E111.56685
G1 X210.928 Y213.023 E111.58946
G1 X210.878 Y213.671 E111.61242
G1 X210.906 Y214.023 E111.62489
G1 X211.105 Y214.697 E111.64972
G1 X211.399 Y215.2 E111.6703
G1 X211.676 Y215.526 E111.68541
G1 X212.178 Y215.919 E111.70793
G1 X212.84 Y216.229 E111.73375
G1 X213.516 Y216.305 E111.75778
G1 F2700 E111.25778
G0 F11100 X211.367 Y218.468
G0 X209.329 Y216.47
G0 X209.076 Y215.957
G0 X209.331 Y215.865
G1 F2700 E111.75778
G1 F5550 X213.753 Y220.287 E111.9787
G0 F11100 X214.049 Y219.989
G1 F5550 X209.093 Y215.033 E112.22629
G0 F11100 X208.96 Y214.306
G1 F5550 X214.345 Y219.69 E112.49529
G0 F11100 X214.788 Y219.54
G1 F5550 X208.904 Y213.656 E112.78924
G0 F11100 X208.916 Y213.074
G1 F5550 X215.395 Y219.552 E113.1129
G1 X215.469 Y219.626
G1 F2700 E112.6129
G0 F11100 X214.56 Y216.342
G1 F2700 E113.1129
G1 F5550 X218.949 Y220.73 E113.33214
G0 F11100 X219.244 Y220.432
G1 F5550 X214.989 Y216.177 E113.54471
G0 F11100 X215.337 Y215.931
G1 F5550 X219.54 Y220.134 E113.75468
G0 F11100 X219.836 Y219.836
G1 F5550 X215.656 Y215.656 E113.96351
G0 F11100 X215.934 Y215.34
G1 F5550 X220.132 Y219.538 E114.17323
G0 F11100 X220.428 Y219.24
G1 F5550 X216.161 Y214.973 E114.3864
G0 F11100 X216.359 Y214.577
G1 F5550 X220.723 Y218.941 E114.60442
G0 F11100 X221.02 Y218.644
G1 F5550 X216.463 Y214.087 E114.83208
G0 F11100 X216.503 Y213.534
G1 F5550 X221.315 Y218.345 E115.07245
G0 F11100 X221.612 Y218.048
G1 F5550 X216.397 Y212.833 E115.33299
G1 X216.323 Y212.759
G1 F2700 E114.83299
G0 F11100 X214.332 Y210.768
G1 F2700 E115.33299
G1 F5550 X212.551 Y208.987 E115.42196
G0 F11100 X212.067 Y209.097
G1 F5550 X213.658 Y210.688 E115.50144
G0 F11100 X213.101 Y210.726
G1 F5550 X211.616 Y209.24 E115.57566
G0 F11100 X211.207 Y209.425
G1 F5550 X212.634 Y210.852 E115.64695
G0 F11100 X212.208 Y211.02
G1 F5550 X210.82 Y209.632 E115.71629
G0 F11100 X210.473 Y209.879
G1 F5550 X211.861 Y211.267 E115.78563
G0 F11100 X211.535 Y211.535
G1 F5550 X210.175 Y210.175 E115.85357
G0 F11100 X209.887 Y210.481
G1 F5550 X211.262 Y211.856 E115.92227
G0 F11100 X211.027 Y212.215
G1 F5550 X209.645 Y210.833 E115.99131
G0 F11100 X209.427 Y211.209
G1 F5550 X210.849 Y212.631 E116.06235
G0 F11100 X210.714 Y213.09
G1 F5550 X209.244 Y211.62 E116.13579
G0 F11100 X209.094 Y212.063
G1 F5550 X210.675 Y213.645 E116.2148
G0 F11100 X210.779 Y214.342
G1 F5550 X208.965 Y212.529 E116.30539
G1 X208.891 Y212.455
G0 F11100 X208.728 Y212.433
G0 X209.069 Y211.425
G0 X209.462 Y210.678
G0 X209.989 Y210.028
G0 X210.815 Y209.383
G0 X211.434 Y209.088
G0 X213.079 Y208.65
G0 X213.082 Y208.924
G1 F5550 X219.627 Y215.47 E116.6324
G0 F11100 X219.524 Y214.772
G1 F5550 X213.669 Y208.918 E116.92488
G0 F11100 X214.323 Y208.978
G1 F5550 X219.695 Y214.349 E117.19323
G0 F11100 X219.965 Y214.026
G1 F5550 X215.05 Y209.111 E117.43877
G1 X214.976 Y209.037
G0 F11100 X215.883 Y209.349
G1 F5550 X220.26 Y213.726 E117.65744
G1 X220.334 Y213.8
G1 F2700 E117.15744
G0 F11100 X214.088 Y216.464
G1 F2700 E117.65744
G1 F5550 X218.652 Y221.028 E117.88544
G0 F11100 X218.357 Y221.327
G1 F5550 X213.548 Y216.518 E118.12569
G0 F11100 X212.882 Y216.445
G1 F5550 X218.06 Y221.624 E118.3844
G1 X218.134 Y221.698
G1 F2700 E117.8844
;MESH:NONMESH
G0 F600 X218.134 Y221.698 Z1.2
G0 F11100 X219.37 Y222.924
G0 X225.842 Y216.386
G0 X219.572 Y206.948
;TIME_ELAPSED:115.378974
;LAYER:5
;note -- min layer time used
M204 S1750
;TYPE:SUPPORT
G1 F2700 E118.3844
G1 F978.3 X220.601 Y205.863 E118.43458
G1 X222.023 Y205.463 E118.48416
G1 X223.447 Y205.863 E118.5338
G1 X224.472 Y206.948 E118.58389
G1 X224.869 Y208.306 E118.63137
G1 X224.472 Y209.73 E118.68098
G1 X223.442 Y210.76 E118.72986
G1 X222.022 Y211.157 E118.77934
G1 X220.667 Y210.761 E118.82672
G1 X219.571 Y209.665 E118.87874
G1 X219.171 Y208.308 E118.92621
G1 X219.572 Y206.948 E118.9738
G1 F2700 E118.4738
G0 F12075 X220.24 Y210.828
G0 X210.87 Y220.276
G0 X209.931 Y219.775
G1 F2700 E118.9738
G1 F978.3 X211.008 Y220.904 E119.02616
G1 X211.405 Y222.262 E119.07364
G1 X211.008 Y223.682 E119.12312
G1 X209.978 Y224.712 E119.17201
G1 X208.554 Y225.113 E119.22165
G1 X207.199 Y224.717 E119.26903
G1 X206.063 Y223.577 E119.32304
G1 X205.663 Y222.22 E119.37052
G1 X206.064 Y220.86 E119.4181
G1 X207.089 Y219.775 E119.46819
G1 X208.511 Y219.375 E119.51776
G1 X209.931 Y219.775 E119.56727
G1 F2700 E119.06727
;MESH:boitierUp.stl
G0 F12075 X210.812 Y218.685
G0 X208.494 Y216.282
M204 S969
;TYPE:WALL-OUTER
G1 F2700 E119.56727
G1 F815.3 X208.491 Y216.274 E119.56764
G1 F818.5 X208.323 Y215.755 E119.59067
G1 F821.8 X208.104 Y214.92 E119.62697
G1 F818.5 X208.016 Y214.231 E119.6563
G1 F815.3 X207.979 Y213.661 E119.68051
G1 F818.5 X207.983 Y213.127 E119.70306
G1 F813.7 X208.068 Y212.274 E119.73947
G1 F810.5 X208.33 Y211.367 E119.77973
G1 F812.1 X208.73 Y210.513 E119.81986
G1 F810.5 X209.215 Y209.831 E119.85555
G1 F812.1 X209.89 Y209.161 E119.89603
G1 F816.9 X210.38 Y208.811 E119.9215
G1 F812.1 X211.141 Y208.421 E119.9579
G1 X212.113 Y208.116 E120.00125
G1 F815.3 X212.951 Y208 E120.03711
G1 F818.5 X213.737 Y207.99 E120.0703
G1 F825.1 X214.646 Y208.077 E120.10855
G1 F821.8 X215.477 Y208.257 E120.14431
G1 F815.3 X216.296 Y208.508 E120.18062
G1 X216.827 Y208.716 E120.2048
G1 F820.2 X218.963 Y210.833 E120.33152
G1 F823.4 X218.611 Y211.187 E120.35248
G1 X216.525 Y209.118 E120.47579
G1 F826.8 X215.603 Y208.803 E120.51652
G1 F831.8 X214.602 Y208.57 E120.55922
G1 F826.8 X213.715 Y208.49 E120.59645
G1 F820.2 X213.016 Y208.499 E120.6259
G1 F821.8 X212.311 Y208.59 E120.6558
G1 F825.1 X211.484 Y208.827 E120.69183
G1 F823.4 X210.694 Y209.207 E120.72863
G1 F825.1 X210.335 Y209.446 E120.74669
G1 F831.8 X209.788 Y209.922 E120.77682
G1 F835.2 X209.244 Y210.621 E120.81347
G1 X208.843 Y211.421 E120.8505
G1 F826.8 X208.588 Y212.266 E120.8874
G1 F821.8 X208.488 Y213.07 E120.92147
G1 X208.483 Y213.768 E120.95083
G1 F828.4 X208.567 Y214.659 E120.98816
G1 X208.834 Y215.726 E121.03405
G1 F821.8 X209.145 Y216.58 E121.07227
G1 F818.5 X211.215 Y218.642 E121.19563
G1 F820.2 X210.862 Y218.998 E121.21676
G1 F816.9 X208.728 Y216.874 E121.34414
G1 F812.1 X208.494 Y216.282 E121.37123
M204 S1750
G0 F12075 X208.491 Y216.274
G0 X208.433 Y216.093
G1 F2700 E120.87123
;MESH:NONMESH
G0 F600 X208.433 Y216.093 Z1.4
G0 F12075 X208.688 Y216.012
G0 X208.357 Y214.699
G0 X208.273 Y213.775
G0 X208.277 Y213.073
G0 X208.403 Y212.152
G0 X208.679 Y211.263
G0 X209.11 Y210.446
G0 X209.686 Y209.735
G0 X210.607 Y209.017
G0 X211.432 Y208.623
G0 X212.325 Y208.379
G0 X213.724 Y208.282
G0 X214.65 Y208.36
G0 X215.749 Y208.63
G0 X216.656 Y208.954
G0 X217.195 Y209.514
G0 X218.057 Y208.645
G0 X219.68 Y207.012
;TIME_ELAPSED:121.822890
;LAYER:6
;note -- min layer time used
M204 S2000
;TYPE:SUPPORT
G1 F2700 E121.37123
G1 F933 X220.669 Y205.975 E121.41932
G1 X222.023 Y205.591 E121.46655
G1 X223.379 Y205.975 E121.51385
G1 X224.364 Y207.012 E121.56185
G1 X224.741 Y208.306 E121.60708
G1 X224.36 Y209.666 E121.65448
G1 X223.378 Y210.648 E121.70108
G1 X222.022 Y211.029 E121.74835
G1 X220.727 Y210.649 E121.79364
G1 X219.683 Y209.605 E121.84319
G1 X219.299 Y208.307 E121.88862
G1 X219.68 Y207.012 E121.93392
G1 F2700 E121.43392
G0 F13050 X219.891 Y210.481
G0 X210.521 Y219.929
G0 X209.866 Y219.883
G1 F2700 E121.93392
G1 F933 X210.98 Y221.071 E121.98858
G1 X211.353 Y222.365 E122.03377
G1 X210.972 Y223.722 E122.08107
G1 X209.99 Y224.708 E122.12777
G1 X208.634 Y225.085 E122.175
G1 X207.339 Y224.709 E122.22026
G1 X206.183 Y223.553 E122.27512
G1 X205.791 Y222.22 E122.32175
G1 X206.172 Y220.924 E122.36708
G1 X207.157 Y219.887 E122.41508
G1 X208.513 Y219.503 E122.46238
G1 X209.866 Y219.883 E122.50954
G1 F2700 E122.00954
;MESH:boitierUp.stl
G0 F13050 X210.514 Y218.389
G0 X208.494 Y216.274
M204 S1062
;TYPE:WALL-OUTER
G1 F2700 E122.50954
G1 F777.5 X208.473 Y216.222 E122.51192
G1 F771.4 X208.243 Y215.491 E122.54466
G1 X208.087 Y214.741 E122.57739
G1 F776 X208.016 Y214.231 E122.59926
G1 F779.1 X207.98 Y213.669 E122.62309
G1 F786.9 X207.979 Y213.127 E122.64579
G1 F780.6 X208.066 Y212.278 E122.68183
G1 F774.4 X208.331 Y211.367 E122.72221
G1 X208.73 Y210.513 E122.76232
G1 F772.9 X209.215 Y209.831 E122.79801
G1 F774.4 X209.89 Y209.161 E122.83849
G1 F779.1 X210.38 Y208.811 E122.86396
G1 F774.4 X211.141 Y208.421 E122.90035
G1 X212.113 Y208.116 E122.94371
G1 F777.5 X212.951 Y208 E122.97957
G1 F780.6 X213.729 Y207.99 E123.01242
G1 F788.5 X214.646 Y208.077 E123.05093
G1 F783.7 X215.477 Y208.257 E123.08669
G1 F777.5 X216.296 Y208.508 E123.123
G1 X216.827 Y208.716 E123.14717
G1 F780.6 X218.615 Y210.486 E123.2534
G1 F782.2 X218.262 Y210.842 E123.27453
G1 F783.7 X216.525 Y209.118 E123.37745
G1 F788.5 X215.603 Y208.803 E123.41818
G1 F793.3 X214.602 Y208.57 E123.46088
G1 F790.1 X213.711 Y208.49 E123.4982
G1 F783.7 X213.016 Y208.499 E123.52743
G1 X212.311 Y208.59 E123.55732
G1 F786.9 X211.484 Y208.827 E123.59336
G1 F785.3 X210.694 Y209.207 E123.63015
G1 F786.9 X210.335 Y209.446 E123.64822
G1 F793.3 X209.788 Y209.922 E123.67834
G1 F798.1 X209.244 Y210.621 E123.71492
G1 X208.843 Y211.421 E123.75188
G1 F793.3 X208.586 Y212.273 E123.78886
G1 X208.474 Y213.094 E123.82328
G1 X208.492 Y213.972 E123.85977
G1 F788.5 X208.617 Y214.867 E123.89755
G1 F786.9 X208.834 Y215.726 E123.93466
G1 F783.7 X209.152 Y216.591 E123.97342
G1 F780.6 X210.866 Y218.294 E124.07543
G1 F783.7 X210.514 Y218.65 E124.09649
G1 F780.6 X208.731 Y216.874 E124.20275
G1 X208.494 Y216.274 E124.22998
M204 S2000
G0 F13050 X208.473 Y216.222
G0 X208.43 Y216.085
G1 F2700 E123.72998
;MESH:NONMESH
G0 F600 X208.43 Y216.085 Z1.6
G0 F13050 X208.686 Y216.004
G0 X208.412 Y214.92
G0 X208.285 Y213.996
G0 X208.261 Y213.063
G0 X208.405 Y212.147
G0 X208.679 Y211.263
G0 X209.11 Y210.446
G0 X209.686 Y209.735
G0 X210.607 Y209.017
G0 X211.432 Y208.623
G0 X212.325 Y208.379
G0 X213.724 Y208.282
G0 X214.65 Y208.36
G0 X215.749 Y208.63
G0 X216.565 Y208.922
G0 X217.381 Y209.502
G0 X218.145 Y208.732
G0 X219.792 Y207.076
;TIME_ELAPSED:128.201031
;LAYER:7
;note -- min layer time used
M204 S2250
;TYPE:SUPPORT
G1 F2700 E124.22998
G1 F898.4 X220.733 Y206.083 E124.27589
G1 X222.023 Y205.723 E124.32084
G1 X223.311 Y206.083 E124.36572
G1 X224.256 Y207.076 E124.41172
G1 X224.613 Y208.306 E124.45471
G1 X224.252 Y209.598 E124.49973
G1 X223.314 Y210.536 E124.54424
G1 X222.021 Y210.901 E124.58933
G1 X220.787 Y210.541 E124.63247
G1 X219.791 Y209.545 E124.67974
G1 X219.431 Y208.309 E124.72294
G1 X219.792 Y207.076 E124.76606
G1 F2700 E124.26606
G0 F14025 X219.666 Y210.258
G0 X210.296 Y219.706
G0 X209.823 Y219.999
G1 F2700 E124.76606
G1 F898.4 X210.98 Y221.22 E124.82251
G1 X211.337 Y222.454 E124.86562
G1 X210.976 Y223.746 E124.91064
G1 X210.038 Y224.684 E124.95516
G1 X208.746 Y225.045 E125.00018
G1 X207.495 Y224.681 E125.0439
G1 X206.291 Y223.485 E125.10085
G1 X205.919 Y222.219 E125.14514
G1 X206.28 Y220.988 E125.18819
G1 X207.221 Y219.995 E125.2341
G1 X208.513 Y219.634 E125.27912
G1 X209.823 Y219.999 E125.32476
G1 F2700 E124.82476
;MESH:boitierUp.stl
G0 F14025 X210.289 Y218.166
G0 X208.493 Y216.281
M204 S1156
;TYPE:WALL-OUTER
G1 F2700 E125.32476
G1 F748.7 X208.491 Y216.274 E125.32506
G1 F751.7 X208.327 Y215.772 E125.34736
G1 F748.7 X208.102 Y214.907 E125.38525
G1 X208.016 Y214.232 E125.4141
G1 X207.979 Y213.661 E125.43835
G1 F751.7 X207.983 Y213.127 E125.4609
G1 F747.2 X208.068 Y212.274 E125.49731
G1 F744.3 X208.33 Y211.367 E125.53757
G1 F745.7 X208.73 Y210.513 E125.5777
G1 F744.3 X209.215 Y209.831 E125.61339
G1 F745.7 X209.89 Y209.161 E125.65387
G1 F750.2 X210.38 Y208.811 E125.67934
G1 F747.2 X211.186 Y208.398 E125.71781
G1 X212.145 Y208.111 E125.76033
G1 X212.955 Y208.001 E125.79505
G1 F748.7 X213.768 Y207.99 E125.82952
G1 F757.7 X214.646 Y208.077 E125.86647
G1 F754.7 X215.477 Y208.257 E125.90223
G1 F748.7 X216.296 Y208.508 E125.93854
G1 X216.827 Y208.716 E125.96272
G1 F751.7 X218.388 Y210.262 E126.05548
G1 F756.2 X218.038 Y210.618 E126.07643
G1 X216.525 Y209.118 E126.16585
G1 F759.2 X215.603 Y208.803 E126.20658
G1 F763.9 X214.602 Y208.57 E126.24928
G1 F757.7 X213.735 Y208.49 E126.28575
G1 F754.7 X212.827 Y208.517 E126.32396
G1 F757.7 X212.353 Y208.589 E126.34404
G1 X211.467 Y208.828 E126.38247
G1 F756.2 X210.694 Y209.207 E126.41861
G1 F757.7 X210.335 Y209.446 E126.43667
G1 F763.9 X209.788 Y209.922 E126.4668
G1 F767 X209.244 Y210.621 E126.50345
G1 X208.843 Y211.421 E126.54049
G1 F759.2 X208.588 Y212.266 E126.57738
G1 F754.7 X208.488 Y213.07 E126.61145
G1 X208.483 Y213.768 E126.64081
G1 F760.8 X208.572 Y214.693 E126.67958
G1 X208.838 Y215.741 E126.72468
G1 F753.2 X209.145 Y216.58 E126.76233
G1 F751.7 X210.639 Y218.07 E126.85142
G1 F754.7 X210.289 Y218.426 E126.87241
G1 F751.7 X208.727 Y216.874 E126.96539
G1 F745.7 X208.493 Y216.281 E126.99252
M204 S2250
G0 F14025 X208.491 Y216.274
G0 X208.432 Y216.091
G1 F2700 E126.49252
;MESH:NONMESH
G0 F600 X208.432 Y216.091 Z1.8
G0 F14025 X208.687 Y216.009
G0 X208.359 Y214.71
G0 X208.273 Y213.775
G0 X208.277 Y213.073
G0 X208.403 Y212.152
G0 X208.679 Y211.263
G0 X209.11 Y210.446
G0 X209.686 Y209.735
G0 X210.607 Y209.017
G0 X211.432 Y208.623
G0 X212.321 Y208.38
G0 X213.72 Y208.281
G0 X214.65 Y208.36
G0 X215.749 Y208.63
G0 X216.656 Y208.954
G0 X217.368 Y209.658
G0 X218.23 Y208.816
G0 X219.9 Y207.136
;TIME_ELAPSED:134.537197
;LAYER:8
;note -- min layer time used
M204 S2500
;TYPE:SUPPORT
G1 F2700 E126.99252
G1 F880.4 X220.797 Y206.195 E127.03615
G1 X222.023 Y205.851 E127.07888
G1 X223.247 Y206.195 E127.12155
G1 X224.144 Y207.136 E127.16518
G1 X224.485 Y208.306 E127.20607
G1 X224.14 Y209.538 E127.24901
G1 X224.082 Y209.612 E127.25216
G1 X223.979 Y209.982 E127.26505
G1 X223.129 Y210.883 E127.30662
G1 X221.959 Y211.24 E127.34767
G1 X220.847 Y210.903 E127.38667
G1 X219.962 Y209.962 E127.43002
G1 X219.643 Y208.776 E127.47124
G1 X219.662 Y208.666 E127.47498
G1 X219.559 Y208.306 E127.48755
G1 X219.9 Y207.136 E127.52845
G1 F2700 E127.02845
G0 F15000 X219.501 Y210.094
G0 X209.739 Y220.107
G1 F2700 E127.52845
G1 F880.4 X210.945 Y221.377 E127.58722
G1 X211.333 Y222.652 E127.63195
G1 X211.007 Y223.867 E127.67416
G1 X210.123 Y224.751 E127.71612
G1 X208.908 Y225.077 E127.75834
G1 X207.676 Y224.706 E127.80152
G1 X206.403 Y223.433 E127.86193
G1 X206.047 Y222.221 E127.90432
G1 X206.392 Y221.048 E127.94536
G1 X207.285 Y220.107 E127.98889
G1 X208.512 Y219.763 E128.03166
G1 X209.739 Y220.107 E128.07442
G1 F2700 E127.57442
;MESH:boitierUp.stl
G0 F15000 X210.124 Y218.002
G0 X208.494 Y216.274
M204 S1250
;TYPE:WALL-OUTER
G1 F2700 E128.07442
G1 F733.6 X208.36 Y215.9 E128.09126
G1 X208.12 Y214.974 E128.13182
G1 F732.2 X208.016 Y214.232 E128.16364
G1 F733.6 X207.979 Y213.661 E128.1879
G1 F741 X207.979 Y213.125 E128.21039
G1 F736.6 X208.058 Y212.319 E128.24459
G1 F729.3 X208.328 Y211.371 E128.28662
G1 F730.7 X208.721 Y210.528 E128.3262
G1 X209.215 Y209.831 E128.36256
G1 X209.89 Y209.161 E128.40304
G1 F727.9 X210.382 Y208.815 E128.42874
G1 F722.2 X211.085 Y208.44 E128.46305
G1 F730.7 X212.077 Y208.123 E128.50737
G1 F738 X212.955 Y207.999 E128.54474
G1 F736.6 X213.768 Y207.99 E128.57907
G1 F742.5 X214.646 Y208.077 E128.61602
G1 F739.5 X215.477 Y208.257 E128.65178
G1 F733.6 X216.296 Y208.508 E128.68809
G1 X216.827 Y208.716 E128.71227
G1 F736.6 X218.223 Y210.098 E128.79521
G1 F738 X217.87 Y210.454 E128.81633
G1 F739.5 X216.525 Y209.118 E128.89606
G1 F744 X215.603 Y208.803 E128.93679
G1 F748.5 X214.602 Y208.57 E128.97949
G1 F742.5 X213.735 Y208.49 E129.01596
G1 X212.829 Y208.501 E129.05391
G1 F747 X211.949 Y208.681 E129.09131
G1 F745.5 X211.161 Y208.958 E129.12615
G1 X210.394 Y209.397 E129.16302
G1 F747 X209.78 Y209.928 E129.19682
G1 F753.1 X209.234 Y210.64 E129.23387
G1 F754.6 X208.848 Y211.404 E129.26915
G1 F748.5 X208.583 Y212.276 E129.30702
G1 X208.474 Y213.094 E129.34131
G1 F745.5 X208.493 Y213.974 E129.37803
G1 F736.6 X208.616 Y214.879 E129.41659
G1 F733.6 X208.836 Y215.741 E129.4543
G1 F730.7 X209.138 Y216.574 E129.49201
G1 X210.475 Y217.906 E129.57233
G1 F738 X210.122 Y218.262 E129.59346
G1 F730.7 X208.697 Y216.84 E129.67913
G1 F727.9 X208.494 Y216.274 E129.70483
M204 S2500
G0 F15000 X208.427 Y216.086
G1 F2700 E129.20483
;MESH:NONMESH
G0 F600 X208.427 Y216.086 Z2
G0 F15000 X208.682 Y215.996
G0 X208.412 Y214.92
G0 X208.284 Y213.979
G0 X208.261 Y213.06
G0 X208.405 Y212.147
G0 X208.679 Y211.263
G0 X209.11 Y210.446
G0 X209.686 Y209.735
G0 X210.217 Y209.275
G0 X211.004 Y208.803
G0 X211.871 Y208.483
G0 X212.777 Y208.297
G0 X213.724 Y208.282
G0 X214.65 Y208.36
G0 X215.749 Y208.63
G0 X216.656 Y208.954
G0 X217.525 Y209.645
G0 X218.289 Y208.875
G0 X219.98 Y207.176
;TIME_ELAPSED:140.826534
;LAYER:9
;note -- min layer time used
;TYPE:SUPPORT
G1 F2700 E129.70483
G1 F875.7 X220.849 Y206.263 E129.74713
G1 X222.031 Y205.935 E129.78829
G1 X223.231 Y206.275 E129.83015
G1 X224.109 Y207.197 E129.87288
G1 X224.473 Y208.424 E129.91583
G1 X224.158 Y209.602 E129.95675
G1 X224.118 Y209.661 E129.95914
G1 X223.951 Y210.265 E129.98017
G1 X223.102 Y211.15 E130.02133
G1 X221.941 Y211.496 E130.06199
G1 X220.716 Y211.126 E130.10493
G1 X219.781 Y210.191 E130.1493
G1 X219.475 Y209.065 E130.18846
G1 X219.67 Y208.428 E130.21082
G1 X219.651 Y208.315 E130.21467
G1 X219.98 Y207.176 E130.25445
G1 F2700 E129.75445
G0 F15000 X219.369 Y209.963
G0 X209.699 Y220.175
G1 F2700 E130.25445
G1 F875.7 X209.991 Y220.477 E130.26855
G1 X210.076 Y220.516 E130.27169
G1 X211.061 Y221.557 E130.31978
G1 X211.421 Y222.744 E130.36141
G1 X211.099 Y223.95 E130.4033
G1 X210.227 Y224.815 E130.44452
G1 X209.016 Y225.141 E130.48661
G1 X207.76 Y224.758 E130.53067
G1 X206.777 Y223.771 E130.57742
G1 X206.727 Y223.637 E130.58222
G1 X206.467 Y223.366 E130.59483
G1 X206.131 Y222.209 E130.63526
G1 X206.46 Y221.088 E130.67447
G1 X207.325 Y220.175 E130.71667
G1 X208.512 Y219.843 E130.75804
G1 X209.699 Y220.175 E130.7994
G1 F2700 E130.2994
;MESH:boitierUp.stl
G0 F15000 X209.992 Y217.872
G0 X208.494 Y216.274
M204 S1250
;TYPE:WALL-OUTER
G1 F2700 E130.7994
G1 F729.7 X208.36 Y215.9 E130.81624
G1 X208.12 Y214.974 E130.85679
G1 F728.3 X208.016 Y214.232 E130.88862
G1 F729.7 X207.98 Y213.669 E130.91253
G1 F737 X207.979 Y213.13 E130.93515
G1 F734.1 X208.078 Y212.268 E130.97172
G1 F726.9 X208.328 Y211.371 E131.01135
G1 X208.73 Y210.513 E131.05167
G1 F725.4 X209.215 Y209.831 E131.08736
G1 F726.9 X209.89 Y209.161 E131.12783
G1 F731.2 X210.38 Y208.811 E131.15331
G1 F726.9 X211.141 Y208.421 E131.1897
G1 X212.114 Y208.115 E131.23311
G1 F729.7 X212.955 Y208 E131.2691
G1 F732.6 X213.768 Y207.99 E131.30342
G1 F738.5 X214.646 Y208.077 E131.34038
G1 F735.6 X215.477 Y208.257 E131.37614
G1 F729.7 X216.296 Y208.508 E131.41245
G1 X216.827 Y208.716 E131.43663
G1 F732.6 X218.091 Y209.966 E131.51168
G1 F734.1 X217.738 Y210.322 E131.53281
G1 F735.6 X216.525 Y209.118 E131.60469
G1 F740 X215.603 Y208.803 E131.64541
G1 F744.5 X214.602 Y208.57 E131.68812
G1 F738.5 X213.735 Y208.49 E131.72459
G1 F732.6 X213.016 Y208.499 E131.75495
G1 F735.6 X212.311 Y208.59 E131.78484
G1 F738.5 X211.484 Y208.827 E131.82088
G1 F737 X210.694 Y209.207 E131.85767
G1 F738.5 X210.335 Y209.446 E131.87573
G1 F744.5 X209.788 Y209.922 E131.90586
G1 F747.5 X209.244 Y210.621 E131.94251
G1 X208.842 Y211.423 E131.97964
G1 F741.5 X208.605 Y212.209 E132.01389
G1 X208.474 Y213.099 E132.05142
G1 F743 X208.495 Y213.988 E132.08844
G1 F732.6 X208.616 Y214.879 E132.1264
G1 F729.7 X208.836 Y215.741 E132.16412
G1 F726.9 X209.138 Y216.574 E132.20183
G1 F728.3 X210.342 Y217.774 E132.27403
G1 F735.6 X209.99 Y218.13 E132.29508
G1 F728.3 X208.697 Y216.84 E132.37266
G1 F724 X208.494 Y216.274 E132.39835
M204 S2500
G0 F15000 X208.427 Y216.086
G1 F2700 E131.89835
;MESH:NONMESH
G0 F600 X208.427 Y216.086 Z2.2
G0 F15000 X208.682 Y215.996
G0 X208.412 Y214.92
G0 X208.287 Y214.011
G0 X208.261 Y213.066
G0 X208.405 Y212.147
G0 X208.679 Y211.263
G0 X209.11 Y210.446
G0 X209.686 Y209.735
G0 X210.607 Y209.017
G0 X211.432 Y208.623
G0 X212.325 Y208.379
G0 X213.724 Y208.282
G0 X214.65 Y208.36
G0 X215.749 Y208.63
G0 X216.656 Y208.954
G0 X217.467 Y209.758
G0 X218.331 Y208.917
G0 X220.028 Y207.212
;TIME_ELAPSED:147.118706
;LAYER:10
;note -- min layer time used
;TYPE:SUPPORT
G1 F2700 E132.39835
G1 F885.3 X220.885 Y206.311 E132.44008
G1 X222.06 Y205.979 E132.48106
G1 X223.235 Y206.311 E132.52204
G1 X224.156 Y207.28 E132.5669
G1 X224.494 Y208.443 E132.60755
G1 X223.922 Y210.578 E132.68172
G1 X223.073 Y211.479 E132.72327
G1 X221.905 Y211.832 E132.76422
G1 X220.793 Y211.495 E132.80321
G1 X220.7 Y211.409 E132.80746
G1 X220.428 Y211.331 E132.81696
G1 X219.533 Y210.439 E132.85936
G1 X219.47 Y210.195 E132.86782
G1 X219.569 Y210.091 E132.87264
G1 X219.614 Y209.941 E132.87789
G1 X219.587 Y209.855 E132.88092
G1 X219.431 Y209.688 E132.88859
G1 X219.462 Y209.603 E132.89163
G1 X219.427 Y209.495 E132.89544
G1 X219.301 Y209.353 E132.90181
G1 X219.33 Y209.278 E132.90451
G1 X219.279 Y209.155 E132.90897
G1 X219.606 Y208.135 E132.94492
G1 X219.831 Y207.885 E132.95621
G1 X220.028 Y207.212 E132.97974
G1 F2700 E132.47974
G0 F15000 X219.262 Y209.857
G0 X210.052 Y220.198
G1 F2700 E132.97974
G1 F885.3 X210.912 Y221.07 E133.02084
G1 X211.057 Y221.543 E133.03745
G1 X211.183 Y221.701 E133.04423
G1 X211.553 Y222.89 E133.08602
G1 X211.239 Y224.095 E133.12781
G1 X210.384 Y224.947 E133.16831
G1 X209.177 Y225.261 E133.21017
G1 X207.928 Y224.877 E133.25402
G1 X206.89 Y223.851 E133.303
G1 X206.839 Y223.709 E133.30806
G1 X206.483 Y223.345 E133.32515
G1 X206.151 Y222.223 E133.36442
G1 X206.48 Y221.1 E133.40369
G1 X207.337 Y220.199 E133.44542
G1 X208.513 Y219.867 E133.48643
G1 X208.709 Y219.914 E133.49319
G1 X208.823 Y219.894 E133.49708
G1 X210.052 Y220.198 E133.53956
G1 F2700 E133.03956
;MESH:boitierUp.stl
G0 F15000 X209.885 Y217.765
G0 X208.494 Y216.274
M204 S1250
;TYPE:WALL-OUTER
G1 F2700 E133.53956
G1 F737.7 X208.36 Y215.9 E133.5564
G1 X208.12 Y214.974 E133.59696
G1 F734.8 X208.017 Y214.231 E133.62888
G1 X207.981 Y213.669 E133.65285
G1 F737.7 X207.983 Y213.127 E133.67582
G1 F734.8 X208.068 Y212.274 E133.71231
G1 F733.4 X208.33 Y211.367 E133.75256
G1 F734.8 X208.73 Y210.513 E133.7927
G1 F733.4 X209.215 Y209.831 E133.82839
G1 F734.8 X209.89 Y209.161 E133.86886
G1 F739.2 X210.38 Y208.811 E133.89434
G1 F734.8 X211.141 Y208.421 E133.93073
G1 X212.114 Y208.115 E133.97414
G1 F737.7 X212.955 Y208 E134.01012
G1 F740.7 X213.768 Y207.99 E134.04445
G1 F746.6 X214.646 Y208.077 E134.08141
G1 F743.6 X215.477 Y208.257 E134.11717
G1 F737.7 X216.296 Y208.508 E134.15348
G1 X216.827 Y208.716 E134.17765
G1 F740.7 X217.983 Y209.862 E134.24638
G1 F742.1 X217.63 Y210.218 E134.26751
G1 F743.6 X216.525 Y209.119 E134.33305
G1 F748.1 X215.603 Y208.803 E134.37379
G1 F752.7 X214.602 Y208.57 E134.41649
G1 F746.6 X213.735 Y208.49 E134.45296
G1 F740.7 X213.016 Y208.499 E134.48332
G1 F743.6 X212.311 Y208.59 E134.51322
G1 F746.6 X211.484 Y208.827 E134.54925
G1 F745.1 X210.694 Y209.207 E134.58604
G1 F746.6 X210.335 Y209.446 E134.60411
G1 F752.7 X209.788 Y209.922 E134.63424
G1 F755.7 X209.244 Y210.621 E134.67089
G1 X208.843 Y211.421 E134.70792
G1 F748.1 X208.588 Y212.266 E134.74482
G1 F743.6 X208.488 Y213.07 E134.77889
G1 X208.493 Y213.958 E134.81624
G1 F740.7 X208.616 Y214.879 E134.85547
G1 F737.7 X208.836 Y215.741 E134.89318
G1 F734.8 X209.138 Y216.575 E134.93093
G1 X210.235 Y217.67 E134.9969
G1 F742.1 X209.882 Y218.026 E135.01802
G1 F734.8 X208.697 Y216.84 E135.08937
G1 F731.9 X208.494 Y216.274 E135.11507
M204 S2500
G0 F15000 X208.427 Y216.086
G1 F2700 E134.61507
;MESH:NONMESH
G0 F600 X208.427 Y216.086 Z2.4
G0 F15000 X208.682 Y215.996
G0 X208.412 Y214.919
G0 X208.282 Y213.957
G0 X208.277 Y213.076
G0 X208.403 Y212.152
G0 X208.679 Y211.263
G0 X209.11 Y210.446
G0 X209.686 Y209.735
G0 X210.607 Y209.017
G0 X211.432 Y208.623
G0 X212.325 Y208.379
G0 X213.724 Y208.282
G0 X214.65 Y208.36
G0 X215.749 Y208.63
G0 X216.656 Y208.954
G0 X217.482 Y209.774
G0 X218.347 Y208.933
G0 X220.032 Y207.24
;TIME_ELAPSED:153.400526
;LAYER:11
;note -- min layer time used
;TYPE:SUPPORT
G1 F2700 E135.11507
G1 F897.6 X220.897 Y206.331 E135.15718
G1 X222.059 Y206.003 E135.1977
G1 X223.223 Y206.331 E135.23828
G1 X224.118 Y207.277 E135.28198
G1 X224.466 Y208.606 E135.32809
G1 X224.236 Y209.441 E135.35715
G1 X224.239 Y209.49 E135.3588
G1 X223.844 Y210.873 E135.40707
G1 X222.98 Y211.787 E135.44928
G1 X221.798 Y212.156 E135.49083
G1 X220.699 Y211.834 E135.52927
G1 X220.527 Y211.657 E135.53755
G1 X220.18 Y211.551 E135.54973
G1 X219.273 Y210.658 E135.59244
G1 X219.174 Y210.28 E135.60555
G1 X219.505 Y209.904 E135.62237
G1 X219.479 Y209.744 E135.62781
G1 X219.344 Y209.604 E135.63433
G1 X219.374 Y209.53 E135.63701
G1 X219.351 Y209.43 E135.64046
G1 X219.191 Y209.26 E135.64829
G1 X219.199 Y209.215 E135.64982
G1 X219.12 Y209.113 E135.65415
G1 X219.354 Y208.375 E135.68014
G1 X219.853 Y207.851 E135.70442
G1 X220.032 Y207.24 E135.72579
G1 F2700 E135.22579
G0 F15000 X219.175 Y209.77
G0 X210.372 Y220.07
G1 F2700 E135.72579
G1 F897.6 X211.192 Y220.897 E135.76487
G1 X211.508 Y222.04 E135.80467
G1 X211.439 Y222.283 E135.81314
G1 X211.673 Y223.045 E135.83989
G1 X211.362 Y224.247 E135.88156
G1 X210.523 Y225.087 E135.9214
G1 X209.329 Y225.405 E135.96287
G1 X208.14 Y225.034 E136.00467
G1 X206.894 Y223.792 E136.06371
G1 X206.854 Y223.693 E136.06729
G1 X206.527 Y223.357 E136.08303
G1 X206.191 Y222.238 E136.12224
G1 X206.516 Y221.112 E136.16157
G1 X207.357 Y220.223 E136.20264
G1 X208.575 Y219.888 E136.24503
G1 X209.133 Y219.764 E136.26421
G1 X210.372 Y220.07 E136.30704
G1 F2700 E135.80704
;MESH:boitierUp.stl
G0 F15000 X209.798 Y217.679
G0 X208.494 Y216.274
M204 S1250
;TYPE:WALL-OUTER
G1 F2700 E136.30704
G1 F748 X208.36 Y215.9 E136.32388
G1 X208.12 Y214.974 E136.36444
G1 F746.5 X208.016 Y214.232 E136.39626
G1 F748 X207.98 Y213.669 E136.42017
G1 F755.5 X207.979 Y213.127 E136.44292
G1 F751 X208.066 Y212.278 E136.47896
G1 F745.1 X208.331 Y211.367 E136.51934
G1 X208.73 Y210.513 E136.55945
G1 F743.6 X209.215 Y209.831 E136.59514
G1 F745.1 X209.89 Y209.161 E136.63562
G1 F749.5 X210.38 Y208.811 E136.66109
G1 F746.5 X211.186 Y208.398 E136.69956
G1 F745.1 X212.136 Y208.114 E136.74176
G1 F746.5 X212.955 Y208.001 E136.77687
G1 F748 X213.768 Y207.99 E136.81134
G1 F757 X214.646 Y208.077 E136.8483
G1 F754 X215.477 Y208.257 E136.88406
G1 F748 X216.296 Y208.508 E136.92037
G1 X216.827 Y208.716 E136.94454
G1 F751 X217.898 Y209.774 E137.00811
G1 F754 X217.546 Y210.13 E137.02916
G1 X216.525 Y209.118 E137.08962
G1 F758.6 X215.603 Y208.803 E137.13035
G1 F763.2 X214.602 Y208.57 E137.17305
G1 F757 X213.735 Y208.49 E137.20952
G1 F752.5 X213.085 Y208.495 E137.23691
G1 F755.5 X212.353 Y208.589 E137.26788
G1 F757 X211.467 Y208.828 E137.30632
G1 F755.5 X210.694 Y209.207 E137.34245
G1 F757 X210.335 Y209.446 E137.36052
G1 F763.2 X209.788 Y209.922 E137.39065
G1 F767.8 X209.244 Y210.621 E137.42723
G1 X208.843 Y211.421 E137.46418
G1 F763.2 X208.587 Y212.269 E137.50099
G1 X208.475 Y213.069 E137.53455
G1 F761.6 X208.495 Y213.988 E137.57282
G1 F751 X208.616 Y214.879 E137.61079
G1 F748 X208.836 Y215.741 E137.6485
G1 F745.1 X209.138 Y216.574 E137.68621
G1 X210.15 Y217.582 E137.747
G1 F752.5 X209.798 Y217.938 E137.76809
G1 F745.1 X208.697 Y216.84 E137.83427
G1 F742.1 X208.494 Y216.274 E137.85996
M204 S2500
G0 F15000 X208.427 Y216.086
G1 F2700 E137.35996
;MESH:NONMESH
G0 F600 X208.427 Y216.086 Z2.6
G0 F15000 X208.682 Y215.996
G0 X208.412 Y214.92
G0 X208.287 Y214.011
G0 X208.261 Y213.066
G0 X208.405 Y212.147
G0 X208.679 Y211.263
G0 X209.11 Y210.446
G0 X209.686 Y209.735
G0 X210.607 Y209.017
G0 X211.432 Y208.623
G0 X212.326 Y208.379
G0 X213.725 Y208.282
G0 X214.65 Y208.36
G0 X215.749 Y208.63
G0 X216.656 Y208.954
G0 X217.477 Y209.767
G0 X218.341 Y208.926
G0 X220.876 Y206.377
;TIME_ELAPSED:159.673158
;LAYER:12
;note -- min layer time used
;TYPE:SUPPORT
G1 F2700 E137.85996
G1 F902.9 X222.055 Y206.023 E137.90127
G1 X223.218 Y206.343 E137.94175
G1 X224.054 Y207.249 E137.98313
G1 X224.365 Y208.397 E138.02304
G1 X224.31 Y208.61 E138.03042
G1 X224.37 Y208.881 E138.03974
G1 X224.186 Y209.531 E138.06241
G1 X224.198 Y209.628 E138.06569
G1 X223.808 Y211.005 E138.11372
G1 X222.864 Y211.946 E138.15845
G1 X221.579 Y212.337 E138.20352
G1 X220.444 Y212.039 E138.24291
G1 X219.211 Y210.825 E138.30098
G1 X219.047 Y210.231 E138.32166
G1 X219.385 Y209.888 E138.33782
G1 X219.42 Y209.734 E138.34312
G1 X219.231 Y209.492 E138.35342
G1 X219.239 Y209.447 E138.35495
G1 X219.11 Y209.3 E138.36152
G1 X219.077 Y209.197 E138.36515
G1 X219.25 Y208.643 E138.38462
G1 X219.705 Y208.172 E138.4066
G1 X219.893 Y207.549 E138.42844
G1 X220 Y207.328 E138.43668
G1 X220.876 Y206.377 E138.48007
G1 F2700 E137.98007
G0 F15000 X219.104 Y209.7
G0 X210.538 Y220.033
G1 F2700 E138.48007
G1 F902.9 X211.327 Y220.855 E138.51831
G1 X211.613 Y221.913 E138.55509
G1 X211.528 Y222.251 E138.56679
G1 X211.825 Y223.205 E138.60032
G1 X211.515 Y224.387 E138.64133
G1 X210.68 Y225.215 E138.68079
G1 X209.489 Y225.525 E138.72209
G1 X208.272 Y225.15 E138.76483
G1 X206.915 Y223.785 E138.82942
G1 X206.875 Y223.682 E138.83313
G1 X206.575 Y223.388 E138.84723
G1 X206.26 Y222.269 E138.88624
G1 X206.633 Y221.121 E138.92675
G1 X207.556 Y220.187 E138.97081
G1 X207.823 Y220.062 E138.98071
G1 X209.148 Y219.678 E139.027
G1 X210.538 Y220.033 E139.07515
G1 F2700 E138.57515
;MESH:boitierUp.stl
G0 F15000 X209.727 Y217.608
G0 X208.494 Y216.274
M204 S1250
;TYPE:WALL-OUTER
G1 F2700 E139.07515
G1 F752.4 X208.36 Y215.9 E139.09199
G1 X208.12 Y214.974 E139.13254
G1 F751 X208.016 Y214.232 E139.16437
G1 F752.4 X207.98 Y213.669 E139.18828
G1 F760 X207.979 Y213.127 E139.21103
G1 F755.4 X208.066 Y212.278 E139.24706
G1 F749.5 X208.331 Y211.367 E139.28744
G1 X208.73 Y210.513 E139.32756
G1 F748 X209.215 Y209.831 E139.36325
G1 F749.5 X209.89 Y209.161 E139.40372
G1 F753.9 X210.38 Y208.811 E139.4292
G1 F749.5 X211.141 Y208.421 E139.46559
G1 X212.114 Y208.115 E139.509
G1 F752.4 X212.955 Y208 E139.54498
G1 F755.4 X213.768 Y207.99 E139.57931
G1 F761.5 X214.646 Y208.077 E139.61627
G1 F758.5 X215.477 Y208.257 E139.65203
G1 F752.4 X216.296 Y208.508 E139.68834
G1 X216.827 Y208.716 E139.71251
G1 F755.4 X217.827 Y209.706 E139.77193
G1 F757 X217.474 Y210.062 E139.79305
G1 F758.5 X216.525 Y209.119 E139.84931
G1 F763 X215.603 Y208.803 E139.89006
G1 F767.7 X214.602 Y208.57 E139.93276
G1 F761.5 X213.735 Y208.49 E139.96923
G1 F755.4 X213.016 Y208.499 E139.99959
G1 F758.5 X212.311 Y208.59 E140.02948
G1 F761.5 X211.484 Y208.827 E140.06552
G1 F760 X210.694 Y209.207 E140.10231
G1 F761.5 X210.335 Y209.446 E140.12038
G1 F767.7 X209.788 Y209.922 E140.1505
G1 F772.4 X209.244 Y210.621 E140.18708
G1 X208.843 Y211.421 E140.22404
G1 F767.7 X208.587 Y212.269 E140.26084
G1 X208.475 Y213.069 E140.29441
G1 F766.1 X208.495 Y213.988 E140.33268
G1 F755.4 X208.616 Y214.879 E140.37064
G1 F752.4 X208.836 Y215.741 E140.40836
G1 F749.5 X209.138 Y216.574 E140.44607
G1 X210.079 Y217.514 E140.50267
G1 F757 X209.726 Y217.87 E140.5238
G1 F749.5 X208.697 Y216.84 E140.58576
G1 F746.5 X208.494 Y216.274 E140.61145
M204 S2500
G0 F15000 X208.427 Y216.086
G1 F2700 E140.11145
;MESH:NONMESH
G0 F600 X208.427 Y216.086 Z2.8
G0 F15000 X208.682 Y215.996
G0 X208.412 Y214.92
G0 X208.287 Y214.011
G0 X208.261 Y213.066
G0 X208.405 Y212.147
G0 X208.679 Y211.263
G0 X209.11 Y210.446
G0 X209.686 Y209.735
G0 X210.607 Y209.017
G0 X211.432 Y208.623
G0 X212.325 Y208.379
G0 X213.724 Y208.282
G0 X214.65 Y208.36
G0 X215.749 Y208.63
G0 X216.656 Y208.954
G0 X217.475 Y209.792
G0 X218.337 Y208.923
G0 X220.769 Y206.616
;TIME_ELAPSED:165.923508
;LAYER:13
;note -- min layer time used
;TYPE:SUPPORT
G1 F2700 E140.61145
G1 F891.6 X221.95 Y206.247 E140.65298
G1 X223.126 Y206.556 E140.69378
G1 X223.949 Y207.463 E140.73488
G1 X224.254 Y208.64 E140.77569
G1 X224.15 Y209.008 E140.78852
G1 X224.194 Y209.221 E140.79582
G1 X223.853 Y210.393 E140.83678
G1 X223.785 Y210.476 E140.84038
G1 X223.595 Y210.994 E140.8589
G1 X222.712 Y211.858 E140.90036
G1 X222.506 Y212.004 E140.90883
G1 X221.352 Y212.346 E140.94923
G1 X220.272 Y212.062 E140.9867
G1 X219.421 Y211.227 E141.02671
G1 X219.389 Y211.149 E141.02954
G1 X219.1 Y210.854 E141.0434
G1 X218.923 Y210.214 E141.06569
G1 X219.302 Y209.831 E141.08377
G1 X219.35 Y209.677 E141.08918
G1 X219.06 Y209.177 E141.10858
G1 X219.154 Y208.879 E141.11907
G1 X219.601 Y208.409 E141.14083
G1 X219.829 Y207.643 E141.16765
G1 X220.769 Y206.616 E141.21438
G1 F2700 E140.71438
G0 F15000 X219.05 Y209.646
G0 X210.687 Y220.057
G1 F2700 E141.21438
G1 F891.6 X211.444 Y220.825 E141.25057
G1 X211.697 Y221.734 E141.28223
G1 X211.674 Y221.957 E141.28975
G1 X211.815 Y222.124 E141.29709
G1 X212.116 Y223.084 E141.33085
G1 X211.717 Y224.499 E141.38019
G1 X210.938 Y225.242 E141.41632
G1 X209.614 Y225.587 E141.46224
G1 X208.395 Y225.229 E141.50487
G1 X207.863 Y224.703 E141.52998
G1 X207.819 Y224.682 E141.53161
G1 X206.915 Y223.777 E141.57454
G1 X206.591 Y222.669 E141.61328
G1 X206.723 Y222.108 E141.63262
G1 X207.069 Y221.049 E141.67001
G1 X207.935 Y220.172 E141.71138
G1 X208.186 Y220.058 E141.72063
G1 X209.36 Y219.718 E141.76164
G1 X210.687 Y220.057 E141.80761
G1 F2700 E141.30761
;MESH:boitierUp.stl
G0 F15000 X209.673 Y217.555
G0 X208.494 Y216.274
M204 S1250
;TYPE:WALL-OUTER
G1 F2700 E141.80761
G1 F743 X208.36 Y215.9 E141.82445
G1 X208.12 Y214.974 E141.865
G1 F741.5 X208.016 Y214.232 E141.89682
G1 F743 X207.98 Y213.669 E141.92074
G1 F750.4 X207.979 Y213.127 E141.94349
G1 F745.9 X208.066 Y212.278 E141.97952
G1 F740 X208.331 Y211.367 E142.0199
G1 X208.73 Y210.513 E142.06002
G1 F738.6 X209.215 Y209.831 E142.0957
G1 F740 X209.89 Y209.161 E142.13618
G1 F744.5 X210.38 Y208.811 E142.16166
G1 F740 X211.141 Y208.421 E142.19805
G1 X212.114 Y208.115 E142.24146
G1 F743 X212.955 Y208 E142.27744
G1 F745.9 X213.768 Y207.99 E142.31177
G1 F751.9 X214.646 Y208.077 E142.34873
G1 F748.9 X215.477 Y208.257 E142.38448
G1 F743 X216.296 Y208.508 E142.4208
G1 X216.827 Y208.716 E142.44497
G1 F745.9 X217.771 Y209.65 E142.50104
G1 F747.4 X217.418 Y210.006 E142.52217
G1 F748.9 X216.525 Y209.119 E142.5751
G1 F753.4 X215.603 Y208.803 E142.61584
G1 F758 X214.602 Y208.57 E142.65854
G1 F751.9 X213.735 Y208.49 E142.69501
G1 F745.9 X213.016 Y208.499 E142.72537
G1 F748.9 X212.311 Y208.59 E142.75527
G1 F751.9 X211.484 Y208.827 E142.7913
G1 F750.4 X210.694 Y209.207 E142.8281
G1 F751.9 X210.335 Y209.446 E142.84616
G1 F758 X209.788 Y209.922 E142.87629
G1 F762.6 X209.244 Y210.621 E142.91287
G1 X208.843 Y211.421 E142.94982
G1 F758 X208.587 Y212.269 E142.98663
G1 X208.475 Y213.069 E143.02019
G1 F756.5 X208.495 Y213.988 E143.05846
G1 F745.9 X208.616 Y214.879 E143.09643
G1 F743 X208.836 Y215.741 E143.13414
G1 F740 X209.138 Y216.574 E143.17185
G1 X210.023 Y217.458 E143.22509
G1 F747.4 X209.67 Y217.814 E143.24621
G1 F740 X208.697 Y216.84 E143.30481
G1 F737.1 X208.494 Y216.274 E143.3305
M204 S2500
G0 F15000 X208.427 Y216.086
G1 F2700 E142.8305
;MESH:NONMESH
G0 F600 X208.427 Y216.086 Z3
G0 F15000 X208.682 Y215.996
G0 X208.412 Y214.92
G0 X208.287 Y214.011
G0 X208.261 Y213.066
G0 X208.405 Y212.147
G0 X208.679 Y211.263
G0 X209.11 Y210.446
G0 X209.686 Y209.735
G0 X210.607 Y209.017
G0 X211.432 Y208.623
G0 X212.325 Y208.379
G0 X213.724 Y208.282
G0 X214.65 Y208.36
G0 X215.749 Y208.63
G0 X216.656 Y208.954
G0 X217.42 Y209.739
G0 X218.283 Y208.869
G0 X220.606 Y206.944
;TIME_ELAPSED:172.161906
;LAYER:14
;note -- min layer time used
;TYPE:SUPPORT
G1 F2700 E143.3305
G1 F876.7 X221.812 Y206.571 E143.37286
G1 X222.98 Y206.891 E143.4135
G1 X223.789 Y207.799 E143.45432
G1 X224.102 Y208.985 E143.49548
G1 X223.595 Y210.763 E143.55753
G1 X222.71 Y211.644 E143.59943
G1 X222.222 Y212.001 E143.61973
G1 X221.129 Y212.318 E143.65792
G1 X220.111 Y212.046 E143.69328
G1 X219.02 Y210.996 E143.7441
G1 X218.811 Y210.222 E143.771
G1 X219.284 Y209.746 E143.79352
G1 X219.297 Y209.618 E143.79784
G1 X219.024 Y209.208 E143.81437
G1 X219.058 Y209.103 E143.81807
G1 X219.51 Y208.635 E143.83991
G1 X219.758 Y207.884 E143.86645
G1 X220.606 Y206.944 E143.90893
G1 F2700 E143.40893
G0 F15000 X219.009 Y209.605
G0 X210.804 Y219.973
G1 F2700 E143.90893
G1 F876.7 X211.474 Y220.693 E143.94194
G1 X211.744 Y221.702 E143.97699
G1 X211.913 Y221.914 E143.98609
G1 X212.23 Y223.078 E144.02658
G1 X211.856 Y224.406 E144.07288
G1 X211.01 Y225.252 E144.11303
G1 X209.782 Y225.596 E144.15583
G1 X208.503 Y225.235 E144.20043
G1 X207.679 Y224.459 E144.23841
G1 X207.608 Y224.227 E144.24655
G1 X207.062 Y223.676 E144.27259
G1 X206.791 Y222.623 E144.30908
G1 X207.142 Y221.526 E144.34773
G1 X207.407 Y221.241 E144.36079
G1 X207.497 Y220.988 E144.3698
G1 X208.305 Y220.158 E144.40867
G1 X208.491 Y220.069 E144.41559
G1 X209.593 Y219.75 E144.4541
G1 X209.846 Y219.727 E144.46262
G1 X210.804 Y219.973 E144.49581
G1 F2700 E143.99581
;MESH:boitierUp.stl
G0 F15000 X209.632 Y217.514
G0 X208.494 Y216.274
M204 S1250
;TYPE:WALL-OUTER
G1 F2700 E144.49581
G1 F730.6 X208.36 Y215.9 E144.51266
G1 X208.12 Y214.974 E144.55321
G1 F729.2 X208.016 Y214.232 E144.58503
G1 F730.6 X207.98 Y213.669 E144.60895
G1 F737.9 X207.979 Y213.127 E144.63169
G1 F733.5 X208.066 Y212.278 E144.66773
G1 F727.7 X208.331 Y211.367 E144.70811
G1 X208.73 Y210.513 E144.74822
G1 F726.3 X209.215 Y209.831 E144.78391
G1 F727.7 X209.89 Y209.161 E144.82439
G1 F724.9 X210.382 Y208.815 E144.85009
G1 F719.2 X211.085 Y208.44 E144.8844
G1 F726.3 X212.073 Y208.124 E144.92863
G1 F730.6 X212.955 Y208.001 E144.96638
G1 F727.7 X213.673 Y207.981 E144.99695
G1 F736.5 X214.646 Y208.077 E145.03807
G1 X215.477 Y208.257 E145.07383
G1 F730.6 X216.296 Y208.508 E145.11014
G1 X216.827 Y208.716 E145.13431
G1 F733.5 X217.731 Y209.61 E145.188
G1 F735 X217.378 Y209.966 E145.20912
G1 F736.5 X216.525 Y209.119 E145.25967
G1 F740.9 X215.603 Y208.803 E145.30042
G1 F745.4 X214.602 Y208.57 E145.34312
G1 F748.4 X213.51 Y208.476 E145.38848
G1 X212.773 Y208.519 E145.41903
G1 F745.4 X211.922 Y208.688 E145.45507
G1 X211.158 Y208.96 E145.48877
G1 F742.4 X210.395 Y209.397 E145.52545
G1 F745.4 X209.789 Y209.921 E145.55874
G1 F750 X209.244 Y210.621 E145.59538
G1 X208.843 Y211.421 E145.63233
G1 F745.4 X208.587 Y212.269 E145.66914
G1 X208.475 Y213.069 E145.7027
G1 F743.9 X208.495 Y213.988 E145.74097
G1 F733.5 X208.616 Y214.879 E145.77894
G1 F730.6 X208.836 Y215.741 E145.81665
G1 F727.7 X209.138 Y216.574 E145.85436
G1 X209.983 Y217.418 E145.90519
G1 F735 X209.63 Y217.774 E145.92631
G1 F727.7 X208.697 Y216.84 E145.9825
G1 F724.9 X208.494 Y216.274 E146.00819
M204 S2500
G0 F15000 X208.427 Y216.086
G1 F2700 E145.50819
;MESH:NONMESH
G0 F600 X208.427 Y216.086 Z3.2
G0 F15000 X208.682 Y215.996
G0 X208.412 Y214.92
G0 X208.287 Y214.011
G0 X208.261 Y213.066
G0 X208.405 Y212.147
G0 X208.679 Y211.263
G0 X209.11 Y210.446
G0 X209.686 Y209.735
G0 X210.217 Y209.275
G0 X211.004 Y208.803
G0 X211.873 Y208.482
G0 X212.645 Y208.329
G0 X213.493 Y208.262
G0 X214.65 Y208.36
G0 X215.749 Y208.63
G0 X216.656 Y208.954
G0 X217.379 Y209.698
G0 X218.242 Y208.828
G0 X220.593 Y207.376
;TIME_ELAPSED:178.391221
;LAYER:15
;note -- min layer time used
;TYPE:SUPPORT
G1 F2700 E146.00819
G1 F848.5 X221.704 Y207.035 E146.04719
G1 X222.786 Y207.331 E146.08484
G1 X223.562 Y208.18 E146.12344
G1 X223.85 Y209.273 E146.16137
G1 X223.437 Y210.701 E146.21126
G1 X222.498 Y211.628 E146.25554
G1 X222.293 Y211.724 E146.26314
G1 X222.108 Y211.892 E146.27152
G1 X221.903 Y212 E146.2793
G1 X220.884 Y212.305 E146.31499
G1 X219.939 Y212.058 E146.34777
G1 X218.941 Y211.089 E146.39445
G1 X218.714 Y210.235 E146.42411
G1 X219.234 Y209.716 E146.44877
G1 X219.258 Y209.596 E146.45287
G1 X219.063 Y209.247 E146.46629
G1 X219.621 Y208.664 E146.49337
G1 X219.769 Y208.274 E146.50737
G1 X220.593 Y207.376 E146.54827
G1 F2700 E146.04827
G0 F15000 X219.288 Y209.159
G0 X210.854 Y219.872
G1 F2700 E146.54827
G1 F848.5 X211.469 Y220.548 E146.57894
G1 X211.738 Y221.584 E146.61486
G1 X211.862 Y221.731 E146.62132
G1 X212.158 Y222.826 E146.65938
G1 X211.756 Y224.24 E146.70872
G1 X210.954 Y225.071 E146.74747
G1 X209.846 Y225.412 E146.78638
G1 X208.813 Y225.11 E146.8225
G1 X207.982 Y224.245 E146.86275
G1 X207.859 Y223.801 E146.87821
G1 X207.433 Y223.371 E146.89852
G1 X207.171 Y222.382 E146.93286
G1 X207.49 Y221.37 E146.96847
G1 X207.867 Y220.972 E146.98687
G1 X207.94 Y220.862 E146.9913
G1 X208.793 Y219.997 E147.03207
G1 X209.957 Y219.635 E147.07298
G1 X210.854 Y219.872 E147.10411
G1 F2700 E146.60411
;MESH:boitierUp.stl
G0 F15000 X209.604 Y217.486
G0 X208.494 Y216.274
M204 S1250
;TYPE:WALL-OUTER
G1 F2700 E147.10411
G1 F707.1 X208.36 Y215.9 E147.12095
G1 X208.12 Y214.974 E147.1615
G1 F705.7 X208.016 Y214.232 E147.19333
G1 F707.1 X207.98 Y213.669 E147.21724
G1 F714.2 X207.979 Y213.127 E147.23999
G1 F709.9 X208.066 Y212.278 E147.27602
G1 F704.3 X208.331 Y211.367 E147.3164
G1 X208.73 Y210.513 E147.35652
G1 F702.9 X209.215 Y209.831 E147.39221
G1 F704.3 X209.89 Y209.161 E147.43268
G1 F708.5 X210.38 Y208.811 E147.45816
G1 F704.3 X211.141 Y208.421 E147.49455
G1 X212.114 Y208.115 E147.53796
G1 F707.1 X212.955 Y208 E147.57394
G1 F709.9 X213.768 Y207.99 E147.60827
G1 F715.6 X214.646 Y208.077 E147.64523
G1 F712.7 X215.477 Y208.257 E147.68099
G1 F707.1 X216.296 Y208.508 E147.7173
G1 X216.827 Y208.716 E147.74147
G1 F709.9 X217.703 Y209.582 E147.79348
G1 F711.3 X217.35 Y209.938 E147.81461
G1 F712.7 X216.525 Y209.119 E147.8635
G1 F717 X215.603 Y208.803 E147.90424
G1 F721.4 X214.602 Y208.57 E147.94694
G1 F715.6 X213.735 Y208.49 E147.98341
G1 F709.9 X213.016 Y208.499 E148.01377
G1 F712.7 X212.311 Y208.59 E148.04367
G1 F715.6 X211.484 Y208.827 E148.0797
G1 F714.2 X210.694 Y209.207 E148.11649
G1 F715.6 X210.335 Y209.446 E148.13456
G1 F721.4 X209.788 Y209.922 E148.16469
G1 F725.8 X209.244 Y210.621 E148.20127
G1 X208.843 Y211.421 E148.23822
G1 F721.4 X208.587 Y212.269 E148.27503
G1 X208.475 Y213.069 E148.30859
G1 F719.9 X208.495 Y213.988 E148.34686
G1 F709.9 X208.616 Y214.879 E148.38483
G1 F707.1 X208.836 Y215.741 E148.42254
G1 F704.3 X209.138 Y216.574 E148.46025
G1 X209.955 Y217.39 E148.50939
G1 F711.3 X209.602 Y217.746 E148.53052
G1 F704.3 X208.697 Y216.84 E148.58502
G1 F701.5 X208.494 Y216.274 E148.61071
M204 S2500
G0 F15000 X208.427 Y216.086
G1 F2700 E148.11071
;MESH:NONMESH
G0 F600 X208.427 Y216.086 Z3.4
G0 F15000 X208.682 Y215.996
G0 X208.432 Y214.916
G0 X209.517 Y214.702
G0 X217.358 Y211.216
G0 X218.982 Y209.577
G0 X219.106 Y209.314
;TIME_ELAPSED:184.472067
;LAYER:16
;note -- min layer time used
;TYPE:SUPPORT
G1 F2700 E148.61071
G1 F818.6 X219.525 Y208.889 E148.63074
G1 X219.734 Y208.755 E148.63907
G1 X219.817 Y208.594 E148.64515
G1 X220.603 Y207.765 E148.68349
G1 X221.651 Y207.44 E148.72031
G1 X222.604 Y207.714 E148.75359
G1 X223.334 Y208.524 E148.79018
G1 X223.618 Y209.579 E148.82685
G1 X223.296 Y210.738 E148.86722
G1 X222.451 Y211.591 E148.90751
G1 X221.905 Y211.796 E148.92708
G1 X221.59 Y212.003 E148.93973
G1 X220.656 Y212.274 E148.97237
G1 X219.77 Y212.046 E149.00307
G1 X218.828 Y211.136 E149.04703
G1 X218.608 Y210.339 E149.07477
G1 X218.636 Y210.258 E149.07765
G1 X219.199 Y209.687 E149.10456
G1 X219.23 Y209.564 E149.10882
G1 X219.106 Y209.314 E149.11818
G1 F2700 E148.61818
G0 F15000 X210.873 Y219.751
G1 F2700 E149.11818
G1 F818.6 X211.441 Y220.382 E149.14667
G1 X211.688 Y221.358 E149.18046
G1 X211.846 Y221.541 E149.18857
G1 X212.11 Y222.561 E149.22393
G1 X211.732 Y223.88 E149.26998
G1 X210.954 Y224.691 E149.30769
G1 X209.926 Y225.008 E149.3438
G1 X208.961 Y224.726 E149.37754
G1 X208.19 Y223.921 E149.41494
G1 X208.058 Y223.437 E149.43178
G1 X207.745 Y223.107 E149.44704
G1 X207.503 Y222.194 E149.47874
G1 X207.806 Y221.249 E149.51204
G1 X209.037 Y219.92 E149.57284
G1 X209.206 Y219.86 E149.57886
G1 X209.283 Y219.787 E149.58242
G1 X210.085 Y219.535 E149.61063
G1 X210.873 Y219.751 E149.63805
G1 F2700 E149.13805
;MESH:boitierUp.stl
G0 F15000 X209.586 Y217.468
G0 X208.494 Y216.274
M204 S1250
;TYPE:WALL-OUTER
G1 F2700 E149.63805
G1 F682.2 X208.36 Y215.9 E149.65489
G1 X208.12 Y214.974 E149.69544
G1 F680.8 X208.016 Y214.232 E149.72727
G1 F682.2 X207.98 Y213.669 E149.75118
G1 F689 X207.979 Y213.127 E149.77393
G1 F684.9 X208.066 Y212.278 E149.80996
G1 F679.5 X208.331 Y211.367 E149.85034
G1 X208.73 Y210.513 E149.89046
G1 F678.1 X209.215 Y209.831 E149.92615
G1 F679.5 X209.89 Y209.161 E149.96662
G1 F683.5 X210.38 Y208.811 E149.9921
G1 F679.5 X211.141 Y208.421 E150.02849
G1 X212.114 Y208.115 E150.0719
G1 F682.2 X212.955 Y208 E150.10788
G1 F684.9 X213.768 Y207.99 E150.14221
G1 F690.4 X214.646 Y208.077 E150.17917
G1 F687.6 X215.477 Y208.257 E150.21493
G1 F682.2 X216.296 Y208.508 E150.25124
G1 X216.827 Y208.716 E150.27541
G1 F684.9 X217.686 Y209.565 E150.32641
G1 F687.6 X217.334 Y209.919 E150.3474
G1 X216.525 Y209.118 E150.39528
G1 F691.8 X215.603 Y208.803 E150.43601
G1 F696 X214.602 Y208.57 E150.47871
G1 F690.4 X213.735 Y208.49 E150.51518
G1 F684.9 X213.016 Y208.499 E150.54554
G1 F687.6 X212.311 Y208.59 E150.57543
G1 F690.4 X211.484 Y208.827 E150.61147
G1 F689 X210.694 Y209.207 E150.64826
G1 F690.4 X210.335 Y209.446 E150.66633
G1 F696 X209.788 Y209.922 E150.69645
G1 F700.2 X209.244 Y210.621 E150.73303
G1 X208.843 Y211.421 E150.76999
G1 F696 X208.587 Y212.269 E150.80679
G1 X208.475 Y213.069 E150.84036
G1 F694.6 X208.495 Y213.988 E150.87863
G1 F684.9 X208.616 Y214.879 E150.91659
G1 F682.2 X208.836 Y215.741 E150.95431
G1 F679.5 X209.138 Y216.574 E150.99202
G1 F680.8 X209.938 Y217.374 E151.04007
G1 F687.6 X209.586 Y217.73 E151.06113
G1 F680.8 X208.697 Y216.84 E151.11456
G1 F676.8 X208.494 Y216.274 E151.14025
M204 S2500
G0 F15000 X208.427 Y216.086
G1 F2700 E150.64025
;MESH:NONMESH
G0 F600 X208.427 Y216.086 Z3.6
G0 F15000 X208.682 Y215.996
G0 X208.432 Y214.916
G0 X209.517 Y214.702
G0 X217.34 Y211.198
G0 X219.138 Y209.375
;TIME_ELAPSED:190.563407
;LAYER:17
;note -- min layer time used
;TYPE:SUPPORT
G1 F2700 E151.14025
G1 F793.9 X219.349 Y209.161 E151.15033
G1 X219.77 Y208.975 E151.16578
G1 X220.548 Y208.153 E151.20376
G1 X221.534 Y207.851 E151.23837
G1 X222.484 Y208.093 E151.27127
G1 X223.154 Y208.813 E151.30428
G1 X223.401 Y209.743 E151.33657
G1 X223.082 Y210.789 E151.37327
G1 X222.211 Y211.675 E151.41496
G1 X221.31 Y211.957 E151.44665
G1 X221.261 Y211.992 E151.44867
G1 X220.412 Y212.242 E151.47837
G1 X219.602 Y212.034 E151.50643
G1 X218.72 Y211.188 E151.54745
G1 X218.52 Y210.468 E151.57253
G1 X218.587 Y210.274 E151.57941
G1 X219.166 Y209.687 E151.60708
G1 X219.207 Y209.517 E151.61295
G1 X219.138 Y209.375 E151.61825
G1 F2700 E151.11825
G0 F15000 X210.893 Y219.639
G1 F2700 E151.61825
G1 F793.9 X211.424 Y220.228 E151.64486
G1 X211.503 Y220.367 E151.65023
G1 X211.724 Y221.223 E151.6799
G1 X211.841 Y221.367 E151.68612
G1 X212.09 Y222.32 E151.71918
G1 X211.791 Y223.34 E151.75485
G1 X211.689 Y223.554 E151.76281
G1 X210.966 Y224.303 E151.79774
G1 X210.008 Y224.601 E151.83141
G1 X209.101 Y224.345 E151.86304
G1 X208.398 Y223.61 E151.89717
G1 X208.25 Y223.057 E151.91638
G1 X208.07 Y222.85 E151.92559
G1 X207.847 Y221.986 E151.95554
G1 X208.131 Y221.073 E151.98762
G1 X209.448 Y219.676 E152.05205
G1 X210.181 Y219.447 E152.07783
G1 X210.893 Y219.639 E152.10257
G1 F2700 E151.60257
;MESH:boitierUp.stl
G0 F15000 X209.578 Y217.46
G0 X208.494 Y216.274
M204 S1250
;TYPE:WALL-OUTER
G1 F2700 E152.10257
G1 F661.6 X208.36 Y215.9 E152.11942
G1 X208.12 Y214.974 E152.15997
G1 F660.3 X208.016 Y214.232 E152.19179
G1 F661.6 X207.98 Y213.669 E152.21571
G1 F668.2 X207.979 Y213.127 E152.23845
G1 F664.2 X208.066 Y212.278 E152.27449
G1 F658.9 X208.331 Y211.367 E152.31487
G1 X208.73 Y210.513 E152.35498
G1 F657.6 X209.215 Y209.831 E152.39067
G1 F658.9 X209.89 Y209.161 E152.43115
G1 F662.9 X210.38 Y208.811 E152.45662
G1 F658.9 X211.141 Y208.421 E152.49301
G1 X212.114 Y208.115 E152.53642
G1 F661.6 X212.955 Y208 E152.57241
G1 F664.2 X213.768 Y207.99 E152.60674
G1 F669.5 X214.646 Y208.077 E152.64369
G1 F666.9 X215.477 Y208.257 E152.67945
G1 F661.6 X216.304 Y208.511 E152.71612
G1 F658.9 X216.827 Y208.716 E152.74003
G1 F662.9 X217.678 Y209.557 E152.79065
G1 F666.9 X217.326 Y209.911 E152.81164
G1 F662.9 X216.545 Y209.142 E152.85801
G1 F666.9 X215.615 Y208.806 E152.8996
G1 F675 X214.602 Y208.57 E152.94282
G1 F669.5 X213.735 Y208.49 E152.97928
G1 F664.2 X213.016 Y208.499 E153.00965
G1 F666.9 X212.311 Y208.59 E153.03954
G1 F669.5 X211.484 Y208.827 E153.07557
G1 F668.2 X210.694 Y209.207 E153.11237
G1 F669.5 X210.335 Y209.446 E153.13043
G1 F675 X209.788 Y209.922 E153.16056
G1 F679.1 X209.244 Y210.621 E153.19714
G1 X208.843 Y211.421 E153.23409
G1 F675 X208.587 Y212.269 E153.2709
G1 X208.475 Y213.069 E153.30446
G1 F673.6 X208.495 Y213.988 E153.34273
G1 F664.2 X208.616 Y214.879 E153.3807
G1 F661.6 X208.836 Y215.741 E153.41841
G1 F658.9 X209.138 Y216.574 E153.45612
G1 F661.6 X209.931 Y217.366 E153.50363
G1 F668.2 X209.578 Y217.72 E153.52461
G1 F661.6 X208.697 Y216.84 E153.5774
G1 F656.4 X208.494 Y216.274 E153.60309
M204 S2500
G0 F15000 X208.427 Y216.086
G1 F2700 E153.10309
;MESH:NONMESH
G0 F600 X208.427 Y216.086 Z3.8
G0 F15000 X208.682 Y215.996
G0 X208.432 Y214.916
G0 X209.517 Y214.702
G0 X217.333 Y211.189
G0 X219.175 Y209.441
;TIME_ELAPSED:196.664863
;LAYER:18
;note -- min layer time used
;TYPE:SUPPORT
G1 F2700 E153.60309
G1 F771.8 X219.388 Y209.306 E153.61155
G1 X219.807 Y209.177 E153.62627
G1 X220.464 Y208.48 E153.65841
G1 X221.362 Y208.199 E153.68999
G1 X222.239 Y208.424 E153.72037
G1 X222.853 Y209.088 E153.75072
G1 X223.077 Y209.955 E153.78078
G1 X222.781 Y210.937 E153.8152
G1 X221.975 Y211.755 E153.85373
G1 X220.735 Y212.145 E153.89736
G1 X220.572 Y212.114 E153.90293
G1 X220.162 Y212.234 E153.91726
G1 X219.446 Y212.054 E153.94204
G1 X218.616 Y211.249 E153.98084
G1 X218.444 Y210.607 E154.00315
G1 X218.54 Y210.322 E154.01324
G1 X219.185 Y209.677 E154.04385
G1 X219.214 Y209.566 E154.0477
G1 X219.175 Y209.441 E154.0521
G1 F2700 E153.5521
G0 F15000 X210.916 Y219.515
G1 F2700 E154.0521
G1 F771.8 X211.478 Y220.152 E154.0806
G1 X211.7 Y221.037 E154.11122
G1 X211.837 Y221.194 E154.11822
G1 X212.066 Y222.076 E154.1488
G1 X211.792 Y223.017 E154.18169
G1 X211.683 Y223.223 E154.18951
G1 X211.005 Y223.927 E154.22231
G1 X210.124 Y224.205 E154.25331
G1 X209.288 Y223.972 E154.28244
G1 X208.634 Y223.298 E154.31396
G1 X208.498 Y222.754 E154.33277
G1 X208.353 Y222.575 E154.3405
G1 X208.147 Y221.799 E154.36745
G1 X208.41 Y220.997 E154.39577
G1 X208.925 Y220.438 E154.42128
G1 X209.103 Y220.137 E154.43302
G1 X209.62 Y219.559 E154.45904
G1 X210.282 Y219.343 E154.48241
G1 X210.916 Y219.515 E154.50446
G1 F2700 E154.00446
;MESH:boitierUp.stl
G0 F15000 X209.585 Y217.468
G0 X208.494 Y216.274
M204 S1250
;TYPE:WALL-OUTER
G1 F2700 E154.50446
G1 F643.2 X208.36 Y215.9 E154.5213
G1 X208.12 Y214.974 E154.56185
G1 F641.9 X208.016 Y214.232 E154.59367
G1 F643.2 X207.98 Y213.669 E154.61759
G1 F649.6 X207.979 Y213.127 E154.64034
G1 F645.7 X208.066 Y212.278 E154.67637
G1 F640.6 X208.331 Y211.367 E154.71675
G1 X208.73 Y210.513 E154.75687
G1 F639.4 X209.215 Y209.831 E154.79255
G1 F640.6 X209.89 Y209.161 E154.83303
G1 F638.1 X210.382 Y208.815 E154.85873
G1 F633.1 X211.085 Y208.44 E154.89304
G1 F639.4 X212.057 Y208.129 E154.93656
G1 F643.2 X212.955 Y208.001 E154.97501
G1 F648.3 X213.768 Y207.986 E155.00921
G1 F650.9 X214.645 Y208.082 E155.04616
G1 F643.2 X215.477 Y208.256 E155.08219
G1 X216.296 Y208.508 E155.11852
G1 X216.827 Y208.716 E155.14269
G1 F645.7 X217.686 Y209.565 E155.19369
G1 F647 X217.331 Y209.919 E155.21481
G1 F645.7 X216.546 Y209.139 E155.26154
G1 F648.3 X215.685 Y208.831 E155.29999
G1 F653.5 X214.839 Y208.621 E155.33636
G1 F656.2 X213.739 Y208.478 E155.38245
G1 F653.5 X212.827 Y208.518 E155.42053
G1 X211.922 Y208.688 E155.45895
G1 F656.2 X211.158 Y208.96 E155.49264
G1 F653.5 X210.395 Y209.397 E155.52932
G1 F656.2 X209.789 Y209.921 E155.56261
G1 F660.2 X209.244 Y210.621 E155.59925
G1 X208.843 Y211.421 E155.6362
G1 F656.2 X208.587 Y212.269 E155.67301
G1 X208.475 Y213.069 E155.70657
G1 F654.9 X208.495 Y213.988 E155.74484
G1 F645.7 X208.616 Y214.879 E155.78281
G1 F643.2 X208.836 Y215.741 E155.82052
G1 F640.6 X209.138 Y216.574 E155.85823
G1 F641.9 X209.937 Y217.373 E155.90622
G1 F648.3 X209.583 Y217.727 E155.92728
G1 F641.9 X208.697 Y216.84 E155.98053
G1 F638.1 X208.494 Y216.274 E156.00622
M204 S2500
G0 F15000 X208.427 Y216.086
G1 F2700 E155.50622
;MESH:NONMESH
G0 F600 X208.427 Y216.086 Z4
G0 F15000 X208.682 Y215.996
G0 X208.432 Y214.916
G0 X209.517 Y214.702
G0 X217.339 Y211.197
G0 X219.233 Y209.569
;TIME_ELAPSED:202.772966
;LAYER:19
;note -- min layer time used
;TYPE:SUPPORT
G1 F2700 E156.00622
G1 F747.9 X219.823 Y209.384 E156.02697
G1 X220.378 Y208.813 E156.05369
G1 X221.198 Y208.555 E156.08254
G1 X222.004 Y208.761 E156.11046
G1 X222.57 Y209.369 E156.13834
G1 X222.773 Y210.159 E156.16571
G1 X222.502 Y211.044 E156.19677
G1 X221.78 Y211.766 E156.23104
G1 X220.535 Y212.145 E156.27471
G1 X220.342 Y212.098 E156.28138
G1 X219.939 Y212.202 E156.29535
G1 X219.277 Y212.037 E156.31824
G1 X218.521 Y211.317 E156.35328
G1 X218.38 Y210.761 E156.37253
G1 X218.5 Y210.402 E156.38523
G1 X219.174 Y209.725 E156.41729
G1 X219.233 Y209.569 E156.42289
G1 F2700 E155.92289
G0 F15000 X211.004 Y219.429
G1 F2700 E156.42289
G1 F747.9 X211.391 Y219.853 E156.44215
G1 X211.488 Y220.053 E156.44961
G1 X211.701 Y220.894 E156.47873
G1 X211.809 Y221.025 E156.48443
G1 X212.018 Y221.836 E156.51253
G1 X211.719 Y222.871 E156.54869
G1 X211.061 Y223.56 E156.58066
G1 X210.248 Y223.817 E156.60927
G1 X209.484 Y223.605 E156.63588
G1 X208.89 Y222.982 E156.66477
G1 X208.734 Y222.384 E156.68551
G1 X208.682 Y222.316 E156.68838
G1 X208.499 Y221.599 E156.71322
G1 X208.736 Y220.856 E156.73939
G1 X209.083 Y220.439 E156.75759
G1 X209.215 Y220.149 E156.76829
G1 X209.803 Y219.502 E156.79763
G1 X210.434 Y219.291 E156.81996
G1 X211.004 Y219.429 E156.83964
G1 F2700 E156.33964
;MESH:boitierUp.stl
G0 F15000 X209.603 Y217.486
G0 X208.494 Y216.274
M204 S1250
;TYPE:WALL-OUTER
G1 F2700 E156.83964
G1 F623.3 X208.36 Y215.9 E156.85648
G1 X208.12 Y214.974 E156.89703
G1 F622 X208.016 Y214.232 E156.92885
G1 F623.3 X207.98 Y213.669 E156.95277
G1 F629.5 X207.979 Y213.127 E156.97552
G1 F625.8 X208.066 Y212.278 E157.01155
G1 F620.8 X208.331 Y211.367 E157.05193
G1 X208.73 Y210.513 E157.09205
G1 F619.6 X209.215 Y209.831 E157.12773
G1 F620.8 X209.89 Y209.161 E157.16821
G1 F624.5 X210.38 Y208.811 E157.19369
G1 F620.8 X211.141 Y208.421 E157.23008
G1 X212.114 Y208.115 E157.27349
G1 F623.3 X212.955 Y208 E157.30947
G1 F625.8 X213.768 Y207.99 E157.3438
G1 F630.8 X214.646 Y208.077 E157.38076
G1 F628.3 X215.477 Y208.257 E157.41651
G1 F623.3 X216.296 Y208.508 E157.45283
G1 X216.827 Y208.716 E157.477
G1 F625.8 X217.703 Y209.581 E157.52898
G1 F629.5 X217.351 Y209.935 E157.54993
G1 X216.525 Y209.118 E157.59869
G1 F632 X215.603 Y208.803 E157.63942
G1 F635.9 X214.602 Y208.57 E157.68213
G1 F630.8 X213.735 Y208.49 E157.7186
G1 F625.8 X213.016 Y208.499 E157.74896
G1 F628.3 X212.311 Y208.59 E157.77885
G1 F630.8 X211.484 Y208.827 E157.81488
G1 F629.5 X210.694 Y209.207 E157.85168
G1 F630.8 X210.335 Y209.446 E157.86974
G1 F635.9 X209.788 Y209.922 E157.89987
G1 F639.8 X209.244 Y210.621 E157.93645
G1 X208.843 Y211.421 E157.9734
G1 F635.9 X208.587 Y212.269 E158.01021
G1 X208.475 Y213.069 E158.04377
G1 F634.6 X208.495 Y213.988 E158.08204
G1 F625.8 X208.616 Y214.879 E158.12001
G1 F623.3 X208.836 Y215.741 E158.15772
G1 F620.8 X209.138 Y216.574 E158.19543
G1 X209.955 Y217.39 E158.24458
G1 F627 X209.602 Y217.746 E158.2657
G1 F620.8 X208.697 Y216.84 E158.3202
G1 F618.4 X208.494 Y216.274 E158.34589
M204 S2500
G0 F15000 X208.427 Y216.086
G1 F2700 E157.84589
;MESH:NONMESH
G0 F600 X208.427 Y216.086 Z4.2
G0 F15000 X208.682 Y215.996
G0 X208.432 Y214.916
G0 X209.517 Y214.702
G0 X217.355 Y211.214
G0 X218.455 Y210.503
;TIME_ELAPSED:208.866599
;LAYER:20
;note -- min layer time used
;TYPE:SUPPORT
G1 F2700 E158.34589
G1 F725.7 X219.125 Y209.825 E158.37788
G1 X219.703 Y209.645 E158.3982
G1 X220.046 Y209.296 E158.41462
G1 X220.231 Y209.163 E158.42227
G1 X221.023 Y208.918 E158.45009
G1 X221.763 Y209.098 E158.47565
G1 X222.295 Y209.644 E158.50123
G1 X222.481 Y210.338 E158.52534
G1 X222.24 Y211.093 E158.55194
G1 X221.531 Y211.777 E158.585
G1 X220.671 Y212.045 E158.61523
G1 X220.577 Y212.03 E158.61842
G1 X220.258 Y212.118 E158.62953
G1 X220.113 Y212.086 E158.63451
G1 X219.692 Y212.202 E158.64917
G1 X219.121 Y212.065 E158.66887
G1 X218.433 Y211.398 E158.70103
G1 X218.308 Y210.914 E158.71781
G1 X218.455 Y210.503 E158.73246
G1 F2700 E158.23246
G0 F15000 X211.002 Y219.306
G1 F2700 E158.73246
G1 F725.7 X211.448 Y219.823 E158.75537
G1 X211.607 Y220.469 E158.7777
G1 X211.603 Y220.635 E158.78327
G1 X211.777 Y220.847 E158.79247
G1 X211.966 Y221.588 E158.81814
G1 X211.676 Y222.584 E158.85295
G1 X211.092 Y223.196 E158.88134
G1 X210.372 Y223.428 E158.90673
G1 X209.678 Y223.229 E158.93095
G1 X209.139 Y222.659 E158.95728
G1 X208.993 Y222.086 E158.97713
G1 X208.976 Y222.055 E158.97831
G1 X208.807 Y221.388 E159.0014
G1 X209.027 Y220.714 E159.0252
G1 X209.284 Y220.414 E159.03845
G1 X209.455 Y219.963 E159.05464
G1 X210.012 Y219.338 E159.08274
G1 X210.518 Y219.172 E159.10061
G1 X211.002 Y219.306 E159.11746
G1 F2700 E158.61746
;MESH:boitierUp.stl
G0 F15000 X209.632 Y217.514
G0 X208.494 Y216.274
M204 S1250
;TYPE:WALL-OUTER
G1 F2700 E159.11746
G1 F604.7 X208.36 Y215.9 E159.1343
G1 X208.12 Y214.974 E159.17485
G1 F603.5 X208.016 Y214.232 E159.20668
G1 F604.7 X207.98 Y213.669 E159.23059
G1 F610.8 X207.979 Y213.127 E159.25334
G1 F607.2 X208.066 Y212.278 E159.28937
G1 F602.4 X208.331 Y211.367 E159.32975
G1 X208.73 Y210.513 E159.36987
G1 F601.2 X209.215 Y209.831 E159.40556
G1 F602.4 X209.89 Y209.161 E159.44603
G1 F605.9 X210.38 Y208.811 E159.47151
G1 F602.4 X211.141 Y208.421 E159.5079
G1 X212.112 Y208.116 E159.55122
G1 F605.9 X212.955 Y207.999 E159.58722
G1 F607.2 X213.768 Y207.991 E159.62155
G1 F604.7 X214.645 Y208.082 E159.65893
G1 X215.477 Y208.256 E159.69496
G1 X216.296 Y208.508 E159.73129
G1 X216.827 Y208.716 E159.75546
G1 F607.2 X217.733 Y209.61 E159.8092
G1 F608.4 X217.379 Y209.966 E159.83036
G1 F607.2 X216.546 Y209.139 E159.87992
G1 F609.6 X215.685 Y208.831 E159.91837
G1 F614.5 X214.839 Y208.621 E159.95474
G1 X213.96 Y208.506 E159.99172
G1 F617 X213.144 Y208.483 E160.02564
G1 X212.357 Y208.586 E160.05862
G1 F614.5 X211.484 Y208.827 E160.0964
G1 F610.8 X210.694 Y209.207 E160.13319
G1 F612 X210.335 Y209.446 E160.15126
G1 F617 X209.788 Y209.922 E160.18139
G1 F620.8 X209.244 Y210.621 E160.21796
G1 X208.843 Y211.421 E160.25492
G1 F617 X208.587 Y212.269 E160.29173
G1 X208.475 Y213.069 E160.32529
G1 F615.7 X208.495 Y213.988 E160.36356
G1 F607.2 X208.616 Y214.879 E160.40153
G1 F604.7 X208.836 Y215.741 E160.43924
G1 F602.4 X209.138 Y216.574 E160.47695
G1 X209.986 Y217.421 E160.52796
G1 F608.4 X209.631 Y217.775 E160.54908
G1 F602.4 X208.697 Y216.84 E160.60533
G1 F600 X208.494 Y216.274 E160.63102
M204 S2500
G0 F15000 X208.427 Y216.086
G1 F2700 E160.13102
;MESH:NONMESH
G0 F600 X208.427 Y216.086 Z4.4
G0 F15000 X208.682 Y215.996
G0 X208.432 Y214.916
G0 X209.517 Y214.702
G0 X217.385 Y211.243
G0 X218.415 Y210.63
;TIME_ELAPSED:214.973148
;LAYER:21
;note -- min layer time used
;TYPE:SUPPORT
G1 F2700 E160.63102
G1 F704.5 X218.9 Y210.133 E160.65432
G1 X219.56 Y209.925 E160.67755
G1 X219.909 Y209.569 E160.69428
G1 X220.078 Y209.451 E160.7012
G1 X220.807 Y209.226 E160.7268
G1 X221.475 Y209.387 E160.74986
G1 X221.942 Y209.867 E160.77233
G1 X222.109 Y210.501 E160.79434
G1 X221.892 Y211.177 E160.81816
G1 X221.243 Y211.804 E160.84845
G1 X220.453 Y212.05 E160.87621
G1 X220.303 Y212.027 E160.88131
G1 X220.017 Y212.111 E160.89131
G1 X219.892 Y212.086 E160.89559
G1 X219.48 Y212.202 E160.90995
G1 X218.965 Y212.081 E160.92771
G1 X218.358 Y211.487 E160.95621
G1 X218.256 Y211.079 E160.97032
G1 X218.415 Y210.63 E160.98631
G1 F2700 E160.48631
G0 F15000 X211.031 Y219.191
G1 F2700 E160.98631
G1 F704.5 X211.414 Y219.681 E161.00718
G1 X211.543 Y220.225 E161.02594
G1 X211.528 Y220.414 E161.0323
G1 X211.732 Y220.669 E161.04326
G1 X211.895 Y221.34 E161.06643
G1 X211.635 Y222.274 E161.09897
G1 X211.12 Y222.82 E161.12416
G1 X210.464 Y223.032 E161.1473
G1 X209.846 Y222.857 E161.16885
G1 X209.367 Y222.344 E161.19241
G1 X209.198 Y221.677 E161.2155
G1 X209.23 Y221.55 E161.21989
G1 X209.158 Y221.214 E161.23142
G1 X209.351 Y220.576 E161.25379
G1 X209.46 Y220.447 E161.25946
G1 X209.683 Y219.775 E161.28322
G1 X210.157 Y219.237 E161.30728
G1 X210.613 Y219.08 E161.32347
G1 X211.031 Y219.191 E161.33798
G1 F2700 E160.83798
;MESH:boitierUp.stl
G0 F15000 X209.672 Y217.554
G0 X208.494 Y216.274
M204 S1250
;TYPE:WALL-OUTER
G1 F2700 E161.33798
G1 F587.1 X208.36 Y215.9 E161.35482
G1 X208.12 Y214.974 E161.39538
G1 F585.9 X208.016 Y214.232 E161.4272
G1 F587.1 X207.98 Y213.669 E161.45111
G1 F593 X207.979 Y213.127 E161.47386
G1 F589.4 X208.066 Y212.278 E161.5099
G1 F584.8 X208.331 Y211.367 E161.55028
G1 X208.73 Y210.513 E161.59039
G1 F583.6 X209.215 Y209.831 E161.62608
G1 F584.8 X209.89 Y209.161 E161.66656
G1 X210.433 Y208.776 E161.69488
G1 F583.6 X211.141 Y208.42 E161.72868
G1 F585.9 X212.116 Y208.115 E161.77207
G1 F587.1 X212.955 Y208 E161.80797
G1 X213.768 Y207.992 E161.84243
G1 X214.645 Y208.082 E161.87981
G1 X215.477 Y208.256 E161.91584
G1 X216.296 Y208.508 E161.95216
G1 X216.827 Y208.716 E161.97634
G1 F589.4 X217.773 Y209.65 E162.03247
G1 F590.6 X217.419 Y210.006 E162.05362
G1 F589.4 X216.546 Y209.139 E162.10557
G1 F591.8 X215.685 Y208.831 E162.14403
G1 F596.6 X214.839 Y208.621 E162.18039
G1 X213.96 Y208.506 E162.21738
G1 X213.182 Y208.486 E162.24984
G1 X212.317 Y208.589 E162.28618
G1 F595.4 X211.489 Y208.825 E162.32217
G1 F596.6 X210.883 Y209.102 E162.34997
G1 F595.4 X210.339 Y209.445 E162.37685
G1 F597.8 X209.789 Y209.921 E162.40714
G1 F602.6 X209.244 Y210.621 E162.44377
G1 X208.843 Y211.421 E162.48073
G1 F599 X208.587 Y212.269 E162.51754
G1 X208.475 Y213.069 E162.5511
G1 F597.8 X208.495 Y213.988 E162.58937
G1 F589.4 X208.616 Y214.879 E162.62734
G1 F587.1 X208.836 Y215.741 E162.66505
G1 F584.8 X209.138 Y216.574 E162.70276
G1 X210.025 Y217.458 E162.75605
G1 F590.6 X209.671 Y217.814 E162.77721
G1 F584.8 X208.697 Y216.84 E162.83583
G1 F582.5 X208.494 Y216.274 E162.86152
M204 S2500
G0 F15000 X208.427 Y216.086
G1 F2700 E162.36152
;MESH:NONMESH
G0 F600 X208.427 Y216.086 Z4.6
G0 F15000 X208.682 Y215.996
G0 X208.432 Y214.916
G0 X209.517 Y214.702
G0 X218.314 Y210.861
;TIME_ELAPSED:221.096205
;LAYER:22
;note -- min layer time used
;TYPE:SUPPORT
G1 F2700 E162.86152
G1 F686 X218.637 Y210.537 E162.87688
G1 X218.837 Y210.394 E162.88513
G1 X219.501 Y210.134 E162.90906
G1 X219.955 Y209.723 E162.92961
G1 X220.584 Y209.526 E162.95173
G1 X221.188 Y209.671 E162.97258
G1 X221.603 Y210.096 E162.99251
G1 X221.749 Y210.649 E163.01171
G1 X221.548 Y211.257 E163.0332
G1 X220.94 Y211.847 E163.06163
G1 X220.246 Y212.065 E163.08604
G1 X219.926 Y211.987 E163.09709
G1 X219.249 Y212.206 E163.12097
G1 X218.812 Y212.108 E163.136
G1 X218.273 Y211.586 E163.16118
G1 X218.18 Y211.22 E163.17386
G1 X218.314 Y210.861 E163.18672
G1 F2700 E162.68672
G0 F15000 X211.04 Y219.078
G1 F2700 E163.18672
G1 F686 X211.455 Y219.533 E163.20738
G1 X211.554 Y219.969 E163.22239
G1 X211.498 Y220.168 E163.22933
G1 X211.516 Y220.26 E163.23247
G1 X211.7 Y220.481 E163.24212
G1 X211.85 Y221.079 E163.26281
G1 X211.592 Y221.957 E163.29352
G1 X211.135 Y222.449 E163.31606
G1 X210.552 Y222.64 E163.33665
G1 X210.02 Y222.483 E163.35526
G1 X209.588 Y222.013 E163.37669
G1 X209.438 Y221.414 E163.39741
G1 X209.506 Y221.143 E163.40678
G1 X209.466 Y220.974 E163.41261
G1 X209.853 Y219.735 E163.45617
G1 X210.005 Y219.545 E163.46434
G1 X210.05 Y219.409 E163.46915
G1 X210.32 Y219.085 E163.4833
G1 X210.665 Y218.968 E163.49553
G1 X211.04 Y219.078 E163.50864
G1 F2700 E163.00864
;MESH:boitierUp.stl
G0 F15000 X209.727 Y217.608
G0 X208.494 Y216.274
M204 S1250
;TYPE:WALL-OUTER
G1 F2700 E163.50864
G1 F571.6 X208.36 Y215.9 E163.52548
G1 X208.12 Y214.974 E163.56603
G1 F570.5 X208.016 Y214.232 E163.59786
G1 F571.6 X207.98 Y213.669 E163.62177
G1 F577.4 X207.979 Y213.127 E163.64452
G1 F573.9 X208.066 Y212.278 E163.68056
G1 F569.4 X208.331 Y211.367 E163.72093
G1 X208.73 Y210.513 E163.76105
G1 F568.2 X209.215 Y209.831 E163.79674
G1 F569.4 X209.89 Y209.161 E163.83721
G1 F572.8 X210.38 Y208.811 E163.86269
G1 F569.4 X211.141 Y208.421 E163.89908
G1 X212.114 Y208.115 E163.94249
G1 F571.6 X212.955 Y208 E163.97847
G1 F573.9 X213.768 Y207.99 E164.0128
G1 F578.5 X214.646 Y208.077 E164.04976
G1 F576.2 X215.477 Y208.257 E164.08552
G1 F571.6 X216.296 Y208.508 E164.12183
G1 X216.827 Y208.716 E164.146
G1 F575.1 X217.827 Y209.705 E164.20527
G1 F577.4 X217.475 Y210.059 E164.22622
G1 X216.525 Y209.118 E164.28234
G1 F579.7 X215.603 Y208.803 E164.32307
G1 F583.2 X214.602 Y208.57 E164.36578
G1 F578.5 X213.735 Y208.49 E164.40225
G1 F573.9 X213.016 Y208.499 E164.43261
G1 F576.2 X212.311 Y208.59 E164.4625
G1 F578.5 X211.484 Y208.827 E164.49853
G1 F577.4 X210.694 Y209.207 E164.53533
G1 F578.5 X210.335 Y209.446 E164.55339
G1 F583.2 X209.788 Y209.922 E164.58352
G1 F586.8 X209.244 Y210.621 E164.6201
G1 X208.843 Y211.421 E164.65705
G1 F583.2 X208.587 Y212.269 E164.69386
G1 X208.475 Y213.069 E164.72742
G1 F582 X208.495 Y213.988 E164.76569
G1 F573.9 X208.616 Y214.879 E164.80366
G1 F571.6 X208.836 Y215.741 E164.84137
G1 F569.4 X209.138 Y216.574 E164.87908
G1 F570.5 X210.078 Y217.513 E164.93552
G1 F576.2 X209.726 Y217.867 E164.95651
G1 F570.5 X208.697 Y216.84 E165.01826
G1 F567.1 X208.494 Y216.274 E165.04395
M204 S2500
G0 F15000 X208.427 Y216.086
G1 F2700 E164.54395
;MESH:NONMESH
G0 F600 X208.427 Y216.086 Z4.8
G0 F15000 X208.682 Y215.996
G0 X208.432 Y214.916
G0 X209.517 Y214.702
G0 X218.221 Y211.077
;TIME_ELAPSED:227.234148
;LAYER:23
;note -- min layer time used
;TYPE:SUPPORT
G1 F2700 E165.04395
G1 F668.1 X218.5 Y210.798 E165.05719
G1 X218.671 Y210.692 E165.06395
G1 X219.081 Y210.549 E165.07852
G1 X219.286 Y210.366 E165.08774
G1 X219.478 Y210.294 E165.09462
G1 X219.82 Y210.008 E165.10958
G1 X220.374 Y209.83 E165.12911
G1 X220.896 Y209.951 E165.14709
G1 X221.258 Y210.326 E165.16459
G1 X221.381 Y210.811 E165.18138
G1 X221.205 Y211.337 E165.19999
G1 X220.67 Y211.86 E165.2251
G1 X220.048 Y212.058 E165.24701
G1 X219.786 Y212.006 E165.25597
G1 X219.536 Y212.082 E165.26474
G1 X219.39 Y212.063 E165.26968
G1 X219.028 Y212.167 E165.28232
G1 X218.649 Y212.082 E165.29536
G1 X218.367 Y211.825 E165.30816
G1 X218.319 Y211.67 E165.3136
G1 X218.144 Y211.506 E165.32165
G1 X218.111 Y211.366 E165.32648
G1 X218.221 Y211.077 E165.33686
G1 F2700 E164.83686
G0 F15000 X211.19 Y219.099
G1 F2700 E165.33686
G1 F668.1 X211.427 Y219.375 E165.34907
G1 X211.518 Y219.761 E165.36238
G1 X211.464 Y219.953 E165.36907
G1 X211.488 Y220.086 E165.3736
G1 X211.671 Y220.303 E165.38313
G1 X211.795 Y220.83 E165.4013
G1 X211.572 Y221.597 E165.42811
G1 X211.146 Y222.057 E165.44915
G1 X210.634 Y222.228 E165.46726
G1 X210.162 Y222.097 E165.4837
G1 X209.796 Y221.697 E165.5019
G1 X209.67 Y221.174 E165.51995
G1 X209.739 Y220.937 E165.52823
G1 X209.709 Y220.728 E165.53532
G1 X209.856 Y220.235 E165.55258
G1 X210.045 Y219.725 E165.57084
G1 X210.108 Y219.63 E165.57466
G1 X210.207 Y219.202 E165.5894
G1 X210.414 Y218.94 E165.60061
G1 X210.674 Y218.853 E165.60981
G1 X210.927 Y218.933 E165.61872
G1 X211.01 Y219.031 E165.62303
G1 X211.19 Y219.099 E165.62948
G1 F2700 E165.12948
;MESH:boitierUp.stl
G0 F15000 X209.798 Y217.679
G0 X208.494 Y216.274
M204 S1250
;TYPE:WALL-OUTER
G1 F2700 E165.62948
G1 F556.8 X208.36 Y215.9 E165.64632
G1 X208.12 Y214.974 E165.68688
G1 F555.6 X208.016 Y214.232 E165.7187
G1 F556.8 X207.98 Y213.669 E165.74261
G1 F562.3 X207.979 Y213.127 E165.76536
G1 F559 X208.066 Y212.278 E165.8014
G1 F554.5 X208.331 Y211.367 E165.84178
G1 X208.73 Y210.513 E165.88189
G1 F553.5 X209.215 Y209.831 E165.91758
G1 F554.5 X209.89 Y209.161 E165.95806
G1 F552.4 X210.382 Y208.815 E165.98376
G1 F548.1 X211.085 Y208.44 E166.01807
G1 F554.5 X212.086 Y208.12 E166.06279
G1 F559 X212.955 Y207.999 E166.09984
G1 F556.8 X213.768 Y207.993 E166.1343
G1 F555.6 X214.645 Y208.082 E166.17174
G1 F556.8 X215.477 Y208.256 E166.20778
G1 X216.296 Y208.508 E166.2441
G1 X216.827 Y208.716 E166.26828
G1 F559 X217.898 Y209.777 E166.33193
G1 F560.1 X217.543 Y210.131 E166.35306
G1 F559 X216.546 Y209.139 E166.41244
G1 F561.2 X215.685 Y208.831 E166.45089
G1 F565.7 X214.839 Y208.621 E166.48726
G1 X213.956 Y208.506 E166.52441
G1 F568 X212.813 Y208.5 E166.5719
G1 F570.3 X211.922 Y208.688 E166.60958
G1 F568 X211.158 Y208.96 E166.64328
G1 F565.7 X210.395 Y209.397 E166.67996
G1 F568 X209.789 Y209.921 E166.71325
G1 F571.5 X209.244 Y210.621 E166.74988
G1 X208.843 Y211.421 E166.78684
G1 F568 X208.587 Y212.269 E166.82364
G1 X208.475 Y213.069 E166.85721
G1 F566.9 X208.495 Y213.988 E166.89548
G1 F559 X208.616 Y214.879 E166.93344
G1 F556.8 X208.836 Y215.741 E166.97116
G1 F554.5 X209.138 Y216.574 E167.00887
G1 X210.15 Y217.582 E167.06966
G1 F560.1 X209.798 Y217.938 E167.09075
G1 F554.5 X208.697 Y216.84 E167.15693
G1 F552.4 X208.494 Y216.274 E167.18262
M204 S2500
G0 F15000 X208.427 Y216.086
G1 F2700 E166.68262
;MESH:NONMESH
G0 F600 X208.427 Y216.086 Z5
G0 F15000 X208.682 Y215.996
G0 X208.432 Y214.916
G0 X209.517 Y214.702
G0 X217.984 Y211.428
;TIME_ELAPSED:233.393166
;LAYER:24
;note -- min layer time used
;TYPE:SUPPORT
G1 F2700 E167.18262
G1 F659.3 X217.894 Y211.225 E167.19007
G1 X217.939 Y211.05 E167.19614
G1 X218.102 Y210.911 E167.20333
G1 X218.376 Y210.871 E167.21262
G1 X218.618 Y210.919 E167.2209
G1 X218.944 Y210.82 E167.23233
G1 X219.265 Y210.572 E167.24594
G1 X219.382 Y210.531 E167.25011
G1 X219.675 Y210.288 E167.26288
G1 X220.162 Y210.137 E167.27999
G1 X220.613 Y210.236 E167.29549
G1 X220.922 Y210.555 E167.31039
G1 X221.029 Y210.967 E167.32468
G1 X220.877 Y211.411 E167.34043
G1 X220.373 Y211.895 E167.36388
G1 X219.826 Y212.073 E167.38318
G1 X219.541 Y212.007 E167.393
G1 X219.329 Y212.051 E167.40026
G1 X219.099 Y212.011 E167.4081
G1 X218.795 Y212.088 E167.41862
G1 X218.477 Y212.018 E167.42955
G1 X218.235 Y211.812 E167.44022
G1 X218.132 Y211.55 E167.44966
G1 X217.984 Y211.428 E167.4561
G1 F2700 E166.9561
G0 F15000 X211.144 Y218.978
G1 F2700 E167.4561
G1 F659.3 X211.342 Y219.223 E167.46667
G1 X211.421 Y219.568 E167.47855
G1 X211.402 Y219.783 E167.48579
G1 X211.67 Y220.127 E167.50043
G1 X211.771 Y220.575 E167.51584
G1 X211.568 Y221.243 E167.53927
G1 X211.168 Y221.679 E167.55913
G1 X210.732 Y221.832 E167.57463
G1 X210.339 Y221.721 E167.58834
G1 X210.021 Y221.375 E167.60411
G1 X209.918 Y220.925 E167.6196
G1 X209.984 Y220.7 E167.62747
G1 X209.946 Y220.479 E167.63499
G1 X210.152 Y219.829 E167.65788
G1 X210.276 Y219.641 E167.66544
G1 X210.17 Y219.14 E167.68262
G1 X210.205 Y218.875 E167.69159
G1 X210.338 Y218.7 E167.69897
G1 X210.519 Y218.657 E167.70521
G1 X210.739 Y218.755 E167.71329
G1 X210.816 Y218.85 E167.7174
G1 X211.144 Y218.978 E167.72921
G1 F2700 E167.22921
;MESH:boitierUp.stl
G0 F15000 X209.899 Y217.742
G0 X208.494 Y216.274
M204 S1250
;TYPE:WALL-OUTER
G1 F2700 E167.72921
G1 F549.4 X208.36 Y215.9 E167.74605
G1 X208.12 Y214.974 E167.78661
G1 F548.3 X208.016 Y214.232 E167.81843
G1 F549.4 X207.98 Y213.669 E167.84234
G1 F554.9 X207.979 Y213.127 E167.86509
G1 F551.6 X208.066 Y212.278 E167.90113
G1 F547.2 X208.331 Y211.367 E167.94151
G1 X208.73 Y210.513 E167.98162
G1 F546.2 X209.215 Y209.831 E168.01731
G1 F547.2 X209.89 Y209.161 E168.05779
G1 F550.5 X210.38 Y208.812 E168.08324
G1 F548.3 X211.141 Y208.42 E168.1196
G1 X212.125 Y208.114 E168.16337
G1 F550.5 X212.971 Y207.998 E168.19949
G1 F549.4 X213.768 Y207.993 E168.23328
G1 F548.3 X214.645 Y208.082 E168.27072
G1 F549.4 X215.477 Y208.256 E168.30675
G1 X216.296 Y208.508 E168.34308
G1 X216.827 Y208.716 E168.36725
G1 F551.6 X217.985 Y209.861 E168.43601
G1 F553.8 X217.631 Y210.215 E168.45706
G1 F551.6 X216.546 Y209.139 E168.52158
G1 F553.8 X215.685 Y208.831 E168.56004
G1 F558.3 X214.839 Y208.621 E168.5964
G1 X213.956 Y208.506 E168.63355
G1 F553.8 X212.988 Y208.501 E168.67426
G1 F554.9 X212.357 Y208.586 E168.70098
G1 F558.3 X211.431 Y208.842 E168.74106
G1 F554.9 X210.726 Y209.191 E168.77408
G1 F556 X210.335 Y209.446 E168.79363
G1 F560.5 X209.788 Y209.922 E168.82376
G1 F564 X209.244 Y210.621 E168.86034
G1 X208.843 Y211.421 E168.8973
G1 F560.5 X208.587 Y212.269 E168.9341
G1 X208.475 Y213.069 E168.96766
G1 F559.4 X208.495 Y213.988 E169.00594
G1 F551.6 X208.616 Y214.879 E169.0439
G1 F549.4 X208.836 Y215.741 E169.08161
G1 F547.2 X209.138 Y216.575 E169.11936
G1 X210.237 Y217.67 E169.18539
G1 F552.7 X209.883 Y218.026 E169.20654
G1 F547.2 X208.697 Y216.84 E169.27793
G1 F545.1 X208.494 Y216.274 E169.30362
M204 S2500
G0 F15000 X208.427 Y216.086
G1 F2700 E168.80362
;MESH:NONMESH
G0 F600 X208.427 Y216.086 Z5.2
G0 F15000 X208.682 Y215.996
G0 X208.938 Y216.631
G0 X209.978 Y217.671
G0 X210.751 Y216.891
G0 X218.174 Y211.619
;TIME_ELAPSED:239.597223
;LAYER:25
;note -- min layer time used
;TYPE:SUPPORT
G1 F2700 E169.30362
G1 F635.7 X218.028 Y211.226 E169.31769
G1 X218.207 Y211 E169.32736
G1 X218.282 Y210.979 E169.32998
G1 X218.703 Y211.086 E169.34455
G1 X218.811 Y211.058 E169.3483
G1 X218.99 Y210.917 E169.35595
G1 X219.281 Y210.803 E169.36643
G1 X219.552 Y210.566 E169.37852
G1 X219.969 Y210.429 E169.39325
G1 X220.338 Y210.506 E169.4059
G1 X220.593 Y210.769 E169.41819
G1 X220.673 Y211.104 E169.42975
G1 X220.534 Y211.491 E169.44355
G1 X220.063 Y211.952 E169.46567
G1 X219.628 Y212.098 E169.48107
G1 X219.244 Y212.014 E169.49426
G1 X219.073 Y212.046 E169.5001
G1 X218.5 Y211.897 E169.51996
G1 X218.174 Y211.619 E169.53434
G1 F2700 E169.03434
G0 F15000 X210.95 Y218.916
G1 F2700 E169.53434
G1 F635.7 X211.225 Y219.236 E169.5485
G1 X211.311 Y219.609 E169.56135
G1 X211.461 Y219.716 E169.56753
G1 X211.699 Y219.98 E169.57946
G1 X211.782 Y220.341 E169.59189
G1 X211.636 Y220.776 E169.60729
G1 X211.521 Y220.959 E169.61454
G1 X211.201 Y221.303 E169.63031
G1 X210.838 Y221.432 E169.64324
G1 X210.505 Y221.344 E169.6548
G1 X210.245 Y221.066 E169.66757
G1 X210.166 Y220.703 E169.68004
G1 X210.226 Y220.492 E169.6874
G1 X210.177 Y220.243 E169.69592
G1 X210.411 Y219.438 E169.72405
G1 X210.273 Y219.03 E169.7385
G1 X210.454 Y218.808 E169.74812
G1 X210.541 Y218.784 E169.75115
G1 X210.95 Y218.916 E169.76557
G1 F2700 E169.26557
;MESH:boitierUp.stl
G0 F15000 X209.992 Y217.871
G0 X208.494 Y216.274
M204 S1250
;TYPE:WALL-OUTER
G1 F2700 E169.76557
G1 F529.8 X208.36 Y215.9 E169.78241
G1 X208.12 Y214.974 E169.82296
G1 F528.7 X208.016 Y214.232 E169.85479
G1 F529.8 X207.98 Y213.669 E169.8787
G1 F535.1 X207.979 Y213.127 E169.90145
G1 F531.9 X208.066 Y212.278 E169.93748
G1 F527.7 X208.331 Y211.367 E169.97786
G1 X208.73 Y210.513 E170.01798
G1 F526.6 X209.215 Y209.831 E170.05366
G1 F527.7 X209.89 Y209.161 E170.09414
G1 F530.8 X210.379 Y208.811 E170.11958
G1 F527.7 X211.141 Y208.42 E170.15603
G1 X211.863 Y208.195 E170.18822
G1 F525.6 X212.591 Y208.039 E170.22003
G1 F521.5 X213.566 Y207.967 E170.26213
G1 F525.6 X214.645 Y208.082 E170.30849
G1 F529.8 X215.477 Y208.256 E170.34453
G1 X216.296 Y208.508 E170.38085
G1 X216.827 Y208.716 E170.40503
G1 F531.9 X218.094 Y209.969 E170.48026
G1 F532.9 X217.739 Y210.323 E170.50139
G1 F531.9 X216.546 Y209.139 E170.57236
G1 F534 X215.685 Y208.831 E170.61081
G1 F538.3 X214.839 Y208.621 E170.64718
G1 X213.956 Y208.506 E170.68433
G1 X213.237 Y208.491 E170.71433
G1 F536.2 X212.417 Y208.57 E170.74883
G1 X211.443 Y208.842 E170.79119
G1 F535.1 X210.728 Y209.187 E170.82451
G1 F536.2 X210.335 Y209.446 E170.84423
G1 F540.5 X209.788 Y209.922 E170.87435
G1 F543.8 X209.244 Y210.621 E170.91093
G1 X208.843 Y211.421 E170.94789
G1 F540.5 X208.587 Y212.269 E170.98469
G1 X208.475 Y213.069 E171.01826
G1 F539.4 X208.495 Y213.988 E171.05653
G1 F531.9 X208.616 Y214.879 E171.09449
G1 F529.8 X208.836 Y215.741 E171.13221
G1 F527.7 X209.138 Y216.574 E171.16992
G1 X210.345 Y217.774 E171.24235
G1 F532.9 X209.991 Y218.13 E171.26351
G1 F527.7 X208.697 Y216.84 E171.34127
G1 F525.6 X208.494 Y216.274 E171.36696
M204 S2500
G0 F15000 X208.427 Y216.086
G1 F2700 E170.86696
;MESH:NONMESH
G0 F600 X208.427 Y216.086 Z5.4
G0 F15000 X208.682 Y215.996
G0 X208.938 Y216.631
G0 X210.085 Y217.777
G0 X210.858 Y216.997
G0 X218.399 Y211.737
;TIME_ELAPSED:245.842460
;LAYER:26
;note -- min layer time used
;TYPE:SUPPORT
G1 F2700 E171.36696
G1 F438.5 X218.286 Y211.387 E171.38412
G1 X218.445 Y211.22 E171.39488
G1 X218.669 Y211.29 E171.40584
G1 F430.4 X218.813 Y211.283 E171.41269
G1 F499.2 X219.291 Y210.994 E171.43559
G1 F609.8 X219.441 Y210.856 E171.44243
G1 X219.768 Y210.742 E171.45405
G1 X220.062 Y210.798 E171.46409
G1 X220.252 Y210.999 E171.47337
G1 X220.317 Y211.274 E171.48286
G1 X220.203 Y211.586 E171.494
G1 X219.791 Y211.988 E171.51332
G1 X219.418 Y212.114 E171.52653
G1 X219.126 Y212.054 E171.53654
G1 F499.2 X218.933 Y211.869 E171.5475
G1 F425.4 X218.817 Y211.894 E171.55321
G1 F433.3 X218.562 Y211.859 E171.56536
G1 F438.5 X218.399 Y211.737 E171.57486
G1 F2700 E171.07486
G0 F15000 X211.093 Y219.083
G1 F2700 E171.57486
G1 F609.8 X211.237 Y219.291 E171.58335
G1 X211.267 Y219.448 E171.58872
G1 X211.33 Y219.543 E171.59254
G1 X211.442 Y219.596 E171.5967
G1 X211.634 Y219.831 E171.60688
G1 X211.707 Y220.151 E171.6179
G1 X211.587 Y220.583 E171.63294
G1 X211.27 Y220.932 E171.64877
G1 X210.966 Y221.045 E171.65965
G1 X210.706 Y220.982 E171.66863
G1 X210.505 Y220.77 E171.67843
G1 X210.443 Y220.483 E171.68829
G1 X210.486 Y220.316 E171.69407
G1 X210.408 Y219.959 E171.70634
G1 X210.522 Y219.433 E171.7244
G1 X210.454 Y219.191 E171.73284
G1 X210.632 Y218.963 E171.74254
G1 X210.701 Y218.942 E171.74496
G1 X211.093 Y219.083 E171.75894
G1 F2700 E171.25894
;MESH:boitierUp.stl
G0 F15000 X210.124 Y218.002
G0 X208.491 Y216.274
M204 S1250
;TYPE:WALL-OUTER
G1 F2700 E171.75894
G1 F505.1 X208.359 Y215.889 E171.7763
G1 X208.132 Y215.059 E171.81299
G1 F506.1 X208.016 Y214.232 E171.84853
G1 F508.2 X207.98 Y213.669 E171.87245
G1 F513.2 X207.979 Y213.127 E171.8952
G1 F510.2 X208.066 Y212.278 E171.93123
G1 F506.1 X208.331 Y211.367 E171.97161
G1 X208.73 Y210.513 E172.01173
G1 F505.1 X209.215 Y209.831 E172.04741
G1 F506.1 X209.89 Y209.161 E172.08789
G1 F504.2 X210.382 Y208.815 E172.11359
G1 F500.2 X211.077 Y208.441 E172.14758
G1 F507.1 X211.862 Y208.191 E172.18257
G1 F510.2 X212.591 Y208.036 E172.21404
G1 F506.1 X213.579 Y207.978 E172.25616
G1 X214.645 Y208.082 E172.30174
G1 F508.2 X215.477 Y208.256 E172.33777
G1 X216.296 Y208.508 E172.3741
G1 X216.827 Y208.716 E172.39827
G1 F510.2 X218.226 Y210.101 E172.48139
G1 F511.2 X217.871 Y210.455 E172.50252
G1 F510.2 X216.546 Y209.139 E172.58137
G1 F512.2 X215.685 Y208.831 E172.61982
G1 F516.3 X214.839 Y208.621 E172.65619
G1 X213.96 Y208.506 E172.69317
G1 F514.3 X213.465 Y208.485 E172.71392
G1 F510.2 X212.582 Y208.546 E172.7513
G1 F514.3 X211.912 Y208.69 E172.78
G1 F518.4 X211.157 Y208.957 E172.81327
G1 F517.4 X210.389 Y209.402 E172.85023
G1 F518.4 X209.789 Y209.921 E172.88319
G1 F521.6 X209.244 Y210.621 E172.91983
G1 X208.843 Y211.421 E172.95678
G1 F518.4 X208.587 Y212.269 E172.99359
G1 X208.475 Y213.069 E173.02715
G1 F517.4 X208.495 Y213.988 E173.06542
G1 F516.3 X208.638 Y215.057 E173.11042
G1 F511.2 X208.844 Y215.74 E173.14048
G1 F505.1 X209.105 Y216.543 E173.17648
G1 F508.2 X210.478 Y217.909 E173.25859
G1 F511.2 X210.123 Y218.263 E173.27971
G1 F508.2 X208.681 Y216.827 E173.36598
G1 F506.1 X208.491 Y216.274 E173.39086
M204 S2500
G0 F15000 X208.427 Y216.085
G1 F2700 E172.89086
;MESH:NONMESH
G0 F600 X208.427 Y216.085 Z5.6
G0 F15000 X208.682 Y215.995
G0 X208.892 Y216.585
G0 X210.217 Y217.909
G0 X210.991 Y217.129
G0 X218.454 Y211.728
;TIME_ELAPSED:252.207582
;LAYER:27
;note -- min layer time used
;TYPE:SUPPORT
G1 F2700 E173.39086
G1 F576.7 X218.423 Y211.623 E173.39469
G1 X218.453 Y211.54 E173.39777
G1 X218.598 Y211.392 E173.405
G1 F600 X218.854 Y211.42 E173.41365
G1 F504 X219.189 Y211.38 E173.42713
G1 F422.8 X219.35 Y211.232 E173.43754
G1 X219.575 Y211.151 E173.44893
G1 X219.752 Y211.182 E173.45749
G1 X219.855 Y211.285 E173.46442
G1 X219.885 Y211.429 E173.47143
G1 X219.808 Y211.621 E173.48128
G1 X219.541 Y211.865 E173.4985
G1 X219.38 Y211.91 E173.50646
G1 F439 X219.136 Y211.792 E173.5189
G1 F529.4 X218.873 Y211.8 E173.5289
G1 F602.9 X218.653 Y211.858 E173.5365
G1 F576.7 X218.555 Y211.83 E173.54006
G1 X218.454 Y211.728 E173.54507
G1 F2700 E173.04507
G0 F15000 X211.41 Y219.494
G1 F2700 E173.54507
G1 F423.5 X211.519 Y219.636 E173.55358
G1 F420 X211.554 Y219.858 E173.56436
G1 X211.407 Y220.37 E173.5899
G1 F422.1 X211.258 Y220.545 E173.60086
G1 X211.105 Y220.605 E173.6087
G1 X210.988 Y220.571 E173.61451
G1 X210.874 Y220.432 E173.62309
G1 X210.83 Y220.22 E173.63342
G1 F422.8 X210.941 Y219.767 E173.65563
G1 F483.7 X210.71 Y219.531 E173.66937
G1 F562.5 X210.681 Y219.432 E173.67307
G1 X210.853 Y219.205 E173.68326
G1 X211.037 Y219.224 E173.68988
G1 F483.7 X211.313 Y219.468 E173.70522
G1 F424.2 X211.41 Y219.494 E173.70999
G1 F2700 E173.20999
;MESH:boitierUp.stl
G0 F15000 X210.29 Y218.167
G0 X208.494 Y216.274
M204 S1250
;TYPE:WALL-OUTER
G1 F2700 E173.70999
G1 F500 X208.36 Y215.9 E173.72683
G1 X208.12 Y214.974 E173.76738
G1 F499 X208.016 Y214.232 E173.7992
G1 F498 X207.981 Y213.661 E173.82355
G1 F499 X207.983 Y213.127 E173.84623
G1 F498 X208.068 Y212.274 E173.88271
G1 F497 X208.33 Y211.367 E173.92297
G1 F498 X208.73 Y210.513 E173.96311
G1 F497 X209.215 Y209.831 E173.99879
G1 F498 X209.89 Y209.161 E174.03927
G1 F496.1 X210.382 Y208.815 E174.06497
G1 F492.2 X211.142 Y208.422 E174.10182
G1 F497 X212.083 Y208.12 E174.14396
G1 F499 X212.955 Y208.002 E174.18133
G1 X213.768 Y207.991 E174.21587
G1 F506 X214.646 Y208.077 E174.25282
G1 F504 X215.477 Y208.257 E174.28858
G1 F500 X216.296 Y208.508 E174.32489
G1 X216.827 Y208.716 E174.34907
G1 F502 X218.39 Y210.265 E174.44198
G1 F503 X218.035 Y210.619 E174.4631
G1 F504 X216.525 Y209.118 E174.55264
G1 F507 X215.602 Y208.803 E174.59341
G1 F510.1 X214.601 Y208.57 E174.63611
G1 F511.2 X213.535 Y208.473 E174.6805
G1 F510.1 X212.679 Y208.529 E174.71614
G1 X211.888 Y208.697 E174.74974
G1 X211.152 Y208.963 E174.78226
G1 F508.1 X210.385 Y209.403 E174.81915
G1 F510.1 X209.782 Y209.928 E174.85237
G1 F512.2 X209.242 Y210.624 E174.88882
G1 F511.2 X208.842 Y211.422 E174.92583
G1 F506 X208.588 Y212.268 E174.96283
G1 F502 X208.485 Y213.107 E174.99852
G1 F504 X208.495 Y213.988 E175.03558
G1 F502 X208.616 Y214.879 E175.07354
G1 F500 X208.836 Y215.741 E175.11125
G1 F498 X209.138 Y216.574 E175.14896
G1 X210.642 Y218.07 E175.23925
G1 F503 X210.29 Y218.426 E175.26034
G1 F498 X208.697 Y216.84 E175.35601
G1 F496.1 X208.494 Y216.274 E175.3817
M204 S2500
G0 F15000 X208.427 Y216.086
G1 F2700 E174.8817
;MESH:NONMESH
G0 F600 X208.427 Y216.086 Z5.8
G0 F15000 X208.682 Y215.996
G0 X208.938 Y216.631
G0 X210.382 Y218.073
G0 X211.156 Y217.292
G0 X219.155 Y211.532
;TIME_ELAPSED:258.573733
;LAYER:28
;note -- min layer time used
;TYPE:SUPPORT
G1 F2700 E175.3817
G1 F575.3 X219.311 Y211.376 E175.38942
G1 X219.499 Y211.391 E175.39602
G1 X219.592 Y211.486 E175.40068
G1 X219.623 Y211.595 E175.40464
G1 X219.589 Y211.717 E175.40907
G1 X219.496 Y211.809 E175.41365
G1 X219.379 Y211.843 E175.41792
G1 X219.273 Y211.81 E175.4218
G1 X219.167 Y211.705 E175.42702
G1 X219.155 Y211.532 E175.43309
G1 F2700 E174.93309
G0 F15000 X211.398 Y219.551
G1 F2700 E175.43309
G1 F575.3 X211.492 Y219.649 E175.43785
G1 X211.524 Y219.758 E175.44182
G1 X211.488 Y219.881 E175.44631
G1 X211.398 Y219.972 E175.45079
G1 F574 X211.279 Y220.004 E175.45511
G1 X211.172 Y219.973 E175.45902
G1 X211.067 Y219.868 E175.46422
G1 X211.058 Y219.692 E175.47041
G1 F575.3 X211.215 Y219.535 E175.47818
G1 X211.398 Y219.551 E175.48461
G1 F2700 E174.98461
;MESH:boitierUp.stl
G0 F15000 X210.514 Y218.389
G0 X208.494 Y216.274
M204 S1250
;TYPE:WALL-OUTER
G1 F2700 E175.48461
G1 F500 X208.356 Y215.89 E175.5019
G1 X208.123 Y214.989 E175.54135
G1 F499 X208.016 Y214.232 E175.57383
G1 F500 X207.979 Y213.661 E175.59808
G1 F499 X207.989 Y212.941 E175.62867
G1 F498 X208.116 Y212.13 E175.6636
G1 X208.307 Y211.451 E175.69362
G1 X208.672 Y210.599 E175.73307
G1 X209.215 Y209.831 E175.7731
G1 F494.1 X209.892 Y209.164 E175.81387
G1 F495.1 X210.381 Y208.813 E175.83964
G1 F498 X211.14 Y208.419 E175.87603
G1 F501 X212.084 Y208.124 E175.91787
G1 F502 X212.955 Y207.999 E175.95503
G1 F500 X213.768 Y207.993 E175.98949
G1 F499 X214.645 Y208.082 E176.02693
G1 F500 X215.477 Y208.256 E176.06297
G1 X216.296 Y208.508 E176.09929
G1 X216.827 Y208.716 E176.12347
G1 F502 X218.614 Y210.485 E176.22963
G1 F503 X218.259 Y210.839 E176.25076
G1 F502 X216.546 Y209.139 E176.35266
G1 F504 X215.685 Y208.831 E176.39112
G1 F508.1 X214.839 Y208.621 E176.42748
G1 F506 X213.893 Y208.498 E176.46744
G1 F504 X213.006 Y208.499 E176.50474
G1 F506 X212.137 Y208.634 E176.54158
G1 F504 X211.313 Y208.893 E176.5779
G1 F501 X210.536 Y209.302 E176.61505
G1 F507 X209.787 Y209.923 E176.65572
G1 F514.3 X209.286 Y210.57 E176.68944
G1 F516.4 X208.958 Y211.165 E176.71733
G1 F512.2 X208.65 Y212.019 E176.7549
G1 F506 X208.506 Y212.844 E176.78998
G1 F505 X208.483 Y213.78 E176.82927
G1 F508.1 X208.571 Y214.679 E176.86696
G1 F506 X208.837 Y215.746 E176.91302
G1 F498 X209.138 Y216.574 E176.95051
G1 F499 X210.866 Y218.294 E177.05407
G1 F504 X210.514 Y218.65 E177.07513
G1 F499 X208.697 Y216.84 E177.18406
G1 F496.1 X208.494 Y216.274 E177.20975
M204 S2500
G0 F15000 X208.427 Y216.086
;MESH:NONMESH
G0 F600 X208.427 Y216.086 Z6
G0 F15000 X208.494 Y216.274
;TIME_ELAPSED:264.215250
;LAYER:29
;note -- min layer time used
M204 S1250
;TYPE:WALL-OUTER
;MESH:boitierUp.stl
G1 F501 X208.356 Y215.89 E177.22702
G1 F502 X208.12 Y214.975 E177.26691
G1 F500 X208.016 Y214.232 E177.29872
G1 F499 X207.97 Y213.474 E177.33097
G1 X208.035 Y212.576 E177.36921
G1 F502 X208.112 Y212.136 E177.38808
G1 F506 X208.303 Y211.449 E177.41794
G1 X208.691 Y210.591 E177.45738
G1 F505 X209.169 Y209.875 E177.49352
G1 F503 X209.737 Y209.271 E177.52845
G1 F496.1 X210.382 Y208.815 E177.56221
G1 F492.2 X211.076 Y208.443 E177.59611
G1 F498 X212.076 Y208.123 E177.6408
G1 F504 X212.955 Y207.999 E177.67813
G1 F502 X213.768 Y207.991 E177.71246
G1 X214.645 Y208.081 E177.74968
G1 F505 X215.478 Y208.252 E177.78537
G1 F504 X216.304 Y208.511 E177.82178
G1 F499 X216.827 Y208.716 E177.84564
G1 F501 X218.965 Y210.833 E177.97293
G1 F503 X218.611 Y211.187 E177.99403
G1 F501 X216.545 Y209.142 E178.11701
G1 F507 X215.483 Y208.761 E178.16417
G1 F511.2 X214.402 Y208.552 E178.20983
G1 F505 X213.722 Y208.49 E178.23849
G1 F506 X212.824 Y208.501 E178.2761
G1 F510.1 X211.919 Y208.688 E178.3145
G1 X211.153 Y208.961 E178.34829
G1 F508.1 X210.385 Y209.403 E178.38525
G1 F507 X209.685 Y210.043 E178.4249
G1 F512.2 X209.406 Y210.394 E178.44346
G1 F513.2 X209.073 Y210.931 E178.46955
G1 F508.1 X208.776 Y211.602 E178.50016
G1 F506 X208.601 Y212.23 E178.52747
G1 F508.1 X208.465 Y213.15 E178.56627
G1 X208.497 Y214.015 E178.60238
G1 F503 X208.614 Y214.871 E178.63879
G1 F502 X208.833 Y215.734 E178.67638
G1 F498 X209.138 Y216.574 E178.71441
G1 F500 X211.215 Y218.641 E178.83863
G1 F505 X210.863 Y218.995 E178.85958
G1 F500 X208.697 Y216.84 E178.9891
G1 F496.1 X208.494 Y216.274 E179.01479
M204 S2500
G0 F15000 X208.427 Y216.086
G1 F2700 E178.51479
;MESH:NONMESH
G0 F600 X208.427 Y216.086 Z6.2
G0 F15000 X208.616 Y216.018
G0 X208.853 Y216.657
G0 X210.864 Y218.736
G0 X211.351 Y219.481
;TIME_ELAPSED:269.544887
;LAYER:30
;note -- min layer time used
M204 S1250
;TYPE:WALL-OUTER
;MESH:boitierUp.stl
G1 F2700 E179.01479
G1 F497 X208.69 Y216.829 E179.175
G1 F493.2 X208.36 Y215.889 E179.21782
G1 F501 X208.202 Y215.315 E179.243
G1 F509.1 X208.066 Y214.621 E179.27245
G1 F508.1 X208 Y214.054 E179.29626
G1 F511.2 X207.975 Y213.362 E179.32497
G1 F504 X208.04 Y212.444 E179.36368
G1 F500 X208.303 Y211.45 E179.40726
G1 F508.1 X208.713 Y210.525 E179.44947
G1 F512.2 X209.361 Y209.644 E179.49473
G1 X209.959 Y209.102 E179.52813
G1 F507 X210.458 Y208.768 E179.55323
G1 F503 X211.156 Y208.405 E179.58638
G1 F506 X211.987 Y208.161 E179.62266
G1 X212.495 Y208.063 E179.64433
G1 F499 X213.011 Y208 E179.66641
G1 F498 X213.886 Y207.992 E179.70365
G1 F502 X214.645 Y208.08 E179.73591
G1 F504 X215.478 Y208.254 E179.7717
G1 F502 X216.304 Y208.511 E179.80822
G1 F500 X216.828 Y208.715 E179.83206
G1 F501 X219.451 Y211.317 E179.98837
M204 S2500
G1 F2700 E179.48837
;MESH:NONMESH
G0 F600 X219.451 Y211.317 Z6.4
G0 F15000 X218.807 Y211.966
G0 X211.996 Y218.831
G0 X211.351 Y219.481
;TIME_ELAPSED:272.560216
;LAYER:31
;note -- min layer time used
M204 S1250
;TYPE:WALL-OUTER
;MESH:boitierUp.stl
G1 F2700 E179.98837
G1 F497 X208.69 Y216.829 E180.14857
G1 F494.1 X208.359 Y215.889 E180.19132
G1 F504 X208.199 Y215.31 E180.21658
G1 F510.1 X208.069 Y214.638 E180.24502
G1 F508.1 X208.001 Y214.066 E180.26905
G1 X207.972 Y213.261 E180.30266
G1 F504 X208.056 Y212.345 E180.34134
G1 F506 X208.306 Y211.441 E180.38063
G1 F500 X208.707 Y210.532 E180.42274
G1 F498 X209.362 Y209.643 E180.46974
G1 X209.892 Y209.163 E180.50017
G1 F493.2 X210.471 Y208.749 E180.53076
G1 F490.3 X211.142 Y208.423 E180.56302
G1 F499 X211.701 Y208.24 E180.588
G1 F509.1 X212.364 Y208.078 E180.61641
G1 F502 X213.008 Y208 E180.6438
G1 F498 X213.883 Y207.992 E180.68105
G1 F504 X214.791 Y208.099 E180.71949
G1 F506 X215.611 Y208.288 E180.75474
G1 F508.1 X216.647 Y208.618 E180.8001
G1 F512.2 X216.827 Y208.712 E180.8085
G1 F504 X219.451 Y211.317 E180.964
M204 S2500
G1 F2700 E180.464
;MESH:NONMESH
G0 F600 X219.451 Y211.317 Z6.6
G0 F15000 X218.807 Y211.966
G0 X211.996 Y218.831
G0 X211.351 Y219.481
;TIME_ELAPSED:275.581382
;LAYER:32
;note -- min layer time used
M204 S1250
;TYPE:WALL-OUTER
;MESH:boitierUp.stl
G1 F2700 E180.964
G1 F497 X208.69 Y216.829 E181.1242
G1 F494.1 X208.359 Y215.889 E181.16695
G1 F504 X208.199 Y215.31 E181.19222
G1 F510.1 X208.069 Y214.638 E181.22065
G1 F508.1 X208.001 Y214.066 E181.24469
G1 F511.2 X207.975 Y213.349 E181.27444
G1 F502 X208.043 Y212.422 E181.31368
G1 F500 X208.311 Y211.428 E181.35732
G1 X208.706 Y210.534 E181.39875
G1 F498 X209.362 Y209.644 E181.44581
G1 X209.892 Y209.163 E181.47627
G1 F493.2 X210.471 Y208.749 E181.50686
G1 F490.3 X211.142 Y208.423 E181.53911
G1 F493.2 X211.872 Y208.192 E181.57202
G1 F492.2 X212.592 Y208.041 E181.6037
G1 F490.3 X213.468 Y207.984 E181.64165
G1 F492.2 X214.314 Y208.026 E181.67813
G1 F506 X214.916 Y208.128 E181.7037
G1 F510.1 X215.606 Y208.286 E181.73312
G1 F507 X216.648 Y208.618 E181.77883
G1 F511.2 X216.827 Y208.712 E181.78722
G1 F504 X219.451 Y211.317 E181.94271
M204 S2500
G1 F2700 E181.44271
;MESH:NONMESH
G0 F600 X219.451 Y211.317 Z6.8
G0 F15000 X218.807 Y211.966
G0 X211.996 Y218.831
G0 X211.351 Y219.481
;TIME_ELAPSED:278.611263
;LAYER:33
;note -- min layer time used
M204 S1250
;TYPE:WALL-OUTER
;MESH:boitierUp.stl
G1 F2700 E181.94271
G1 F497 X208.69 Y216.829 E182.10292
G1 F494.1 X208.359 Y215.889 E182.14566
G1 F504 X208.199 Y215.31 E182.17093
G1 F510.1 X208.069 Y214.638 E182.19937
G1 F508.1 X208.001 Y214.066 E182.2234
G1 X207.972 Y213.257 E182.25717
G1 F503 X208.037 Y212.569 E182.28629
G1 X208.181 Y211.851 E182.31715
G1 F501 X208.478 Y211.028 E182.35416
G1 F497 X208.7 Y210.58 E182.37548
G1 F493.2 X208.961 Y210.171 E182.39634
G1 F499 X209.481 Y209.534 E182.43126
G1 F504 X209.895 Y209.162 E182.45467
G1 F495.1 X210.47 Y208.749 E182.48498
G1 F490.3 X211.142 Y208.423 E182.51727
G1 F493.2 X211.872 Y208.192 E182.55018
G1 F494.1 X212.702 Y208.018 E182.58655
G1 F490.3 X213.579 Y207.981 E182.6245
G1 F506 X214.112 Y208.02 E182.64689
G1 F520.7 X214.788 Y208.098 E182.67459
G1 F510.1 X215.611 Y208.288 E182.70968
G1 F508.1 X216.647 Y208.618 E182.75504
G1 F512.2 X216.827 Y208.712 E182.76345
G1 F504 X219.451 Y211.317 E182.91894
M204 S2500
G1 F2700 E182.41894
;MESH:NONMESH
G0 F600 X219.451 Y211.317 Z7
G0 F15000 X218.807 Y211.966
G0 X211.996 Y218.831
G0 X211.351 Y219.481
;TIME_ELAPSED:281.634132
;LAYER:34
;note -- min layer time used
M204 S1250
;TYPE:WALL-OUTER
;MESH:boitierUp.stl
G1 F2700 E182.91894
G1 F497 X208.69 Y216.829 E183.07915
G1 F494.1 X208.359 Y215.889 E183.12189
G1 F504 X208.199 Y215.31 E183.14716
G1 F510.1 X208.069 Y214.638 E183.1756
G1 F507 X208 Y214.066 E183.19968
G1 F502 X207.967 Y213.435 E183.22636
G1 F496.1 X208.019 Y212.665 E183.25933
G1 F499 X208.178 Y211.855 E183.2944
G1 X208.483 Y211.017 E183.33227
G1 F491.2 X208.808 Y210.381 E183.36309
G1 F486.5 X209.412 Y209.587 E183.40656
G1 F492.2 X209.961 Y209.102 E183.4381
G1 F504 X210.483 Y208.743 E183.46474
G1 F498 X211.142 Y208.423 E183.49592
G1 F493.2 X211.872 Y208.192 E183.52883
G1 F494.1 X212.702 Y208.018 E183.56521
G1 F490.3 X213.579 Y207.981 E183.60316
G1 F506 X214.112 Y208.02 E183.62554
G1 F520.7 X214.788 Y208.098 E183.65324
G1 F510.1 X215.611 Y208.288 E183.68834
G1 F508.1 X216.647 Y208.618 E183.7337
G1 F512.2 X216.827 Y208.712 E183.7421
G1 F504 X219.451 Y211.317 E183.8976
M204 S2500
G1 F2700 E183.3976
;MESH:NONMESH
G0 F600 X219.451 Y211.317 Z7.2
G0 F15000 X218.807 Y211.966
G0 X211.996 Y218.831
G0 X211.351 Y219.481
;TIME_ELAPSED:284.663865
;LAYER:35
;note -- min layer time used
M204 S1250
;TYPE:WALL-OUTER
;MESH:boitierUp.stl
G1 F2700 E183.8976
G1 F497 X208.69 Y216.829 E184.0578
G1 F494.1 X208.359 Y215.889 E184.10055
G1 F504 X208.199 Y215.31 E184.12581
G1 F510.1 X208.069 Y214.638 E184.15425
G1 F507 X208 Y214.066 E184.17834
G1 F501 X207.967 Y213.436 E184.20502
G1 F494.1 X208.018 Y212.665 E184.23817
G1 F500 X208.176 Y211.867 E184.27265
G1 F501 X208.53 Y210.893 E184.3165
G1 F495.1 X208.955 Y210.182 E184.35196
G1 X209.5 Y209.509 E184.38904
G1 F503 X210.031 Y209.054 E184.4185
G1 F515.3 X210.596 Y208.688 E184.44619
G1 F504 X211.142 Y208.423 E184.47171
G1 F499 X211.701 Y208.24 E184.4967
G1 F506 X212.588 Y208.021 E184.53496
G1 F503 X213.567 Y207.986 E184.57624
G1 F500 X214.324 Y208.028 E184.60838
G1 F508.1 X214.916 Y208.128 E184.63343
G1 F510.1 X215.606 Y208.286 E184.66284
G1 F507 X216.648 Y208.618 E184.70856
G1 F511.2 X216.827 Y208.712 E184.71694
G1 F504 X219.451 Y211.317 E184.87244
M204 S2500
G1 F2700 E184.37244
;MESH:NONMESH
G0 F600 X219.451 Y211.317 Z7.4
G0 F15000 X218.807 Y211.966
G0 X211.996 Y218.831
G0 X211.351 Y219.481
;TIME_ELAPSED:287.682795
;LAYER:36
;note -- min layer time used
M204 S1250
;TYPE:WALL-OUTER
;MESH:boitierUp.stl
G1 F2700 E184.87244
G1 F497 X208.69 Y216.829 E185.03264
G1 F494.1 X208.359 Y215.889 E185.07539
G1 F504 X208.199 Y215.31 E185.10065
G1 F510.1 X208.069 Y214.638 E185.12909
G1 F508.1 X208.001 Y214.066 E185.15312
G1 F504 X207.969 Y213.441 E185.17944
G1 F502 X208.014 Y212.73 E185.20952
G1 F500 X208.121 Y212.111 E185.23615
G1 F502 X208.312 Y211.428 E185.26609
G1 F510.1 X208.712 Y210.53 E185.30694
G1 F512.2 X209.375 Y209.629 E185.35323
G1 F506 X209.989 Y209.079 E185.38776
G1 F504 X210.496 Y208.745 E185.41329
G1 F506 X210.938 Y208.521 E185.43405
G1 F497 X211.565 Y208.272 E185.46282
G1 F495.1 X212.237 Y208.104 E185.49247
G1 F503 X213.07 Y207.995 E185.52787
G1 F515.3 X213.98 Y208.004 E185.5653
G1 F520.7 X214.916 Y208.128 E185.60374
G1 F510.1 X215.611 Y208.288 E185.63337
G1 F508.1 X216.647 Y208.618 E185.67873
G1 F512.2 X216.827 Y208.712 E185.68713
G1 F504 X219.451 Y211.317 E185.84263
M204 S2500
G1 F2700 E185.34263
;MESH:NONMESH
G0 F600 X219.451 Y211.317 Z7.6
G0 F15000 X218.807 Y211.966
G0 X211.996 Y218.831
G0 X211.351 Y219.481
;TIME_ELAPSED:290.688560
;LAYER:37
;note -- min layer time used
M204 S1250
;TYPE:WALL-OUTER
;MESH:boitierUp.stl
G1 F2700 E185.84263
G1 F497 X208.696 Y216.841 E186.00229
G1 F500 X208.351 Y215.877 E186.04569
G1 F502 X208.163 Y215.15 E186.0774
G1 F503 X208.07 Y214.638 E186.09933
G1 F508.1 X208 Y214.066 E186.12337
G1 X207.973 Y213.378 E186.15209
G1 X208.012 Y212.734 E186.17901
G1 F493.2 X208.114 Y212.109 E186.20622
G1 X208.311 Y211.428 E186.23669
G1 F510.1 X208.714 Y210.524 E186.27782
G1 F514.3 X209.371 Y209.635 E186.32338
G1 F507 X209.906 Y209.154 E186.35345
G1 F508.1 X210.625 Y208.667 E186.38968
G1 F512.2 X211.309 Y208.362 E186.42067
G1 F510.1 X212.183 Y208.103 E186.45854
G1 X213.284 Y207.973 E186.50461
G1 F502 X214.335 Y208.029 E186.54905
G1 F508.1 X214.916 Y208.128 E186.57363
G1 F512.2 X215.613 Y208.289 E186.60324
G1 F510.1 X216.656 Y208.624 E186.64875
G1 F512.2 X216.827 Y208.712 E186.65671
G1 F504 X219.451 Y211.317 E186.81221
M204 S2500
G1 F2700 E186.31221
;MESH:NONMESH
G0 F600 X219.451 Y211.317 Z7.8
G0 F15000 X218.807 Y211.966
G0 X211.996 Y218.831
G0 X211.351 Y219.481
;TIME_ELAPSED:293.692602
;LAYER:38
;note -- min layer time used
M204 S1250
;TYPE:WALL-OUTER
;MESH:boitierUp.stl
G1 F2700 E186.81221
G1 F497 X208.696 Y216.84 E186.9719
G1 F498 X208.407 Y216.032 E187.00842
G1 F502 X208.206 Y215.352 E187.03836
G1 F501 X208.03 Y214.444 E187.07749
G1 F504 X207.968 Y213.482 E187.11803
G1 F498 X207.99 Y212.983 E187.13929
G1 F489.3 X208.094 Y212.238 E187.17187
G1 F492.2 X208.27 Y211.539 E187.20291
G1 F494.1 X208.533 Y210.889 E187.23299
G1 F490.3 X208.944 Y210.194 E187.2679
G1 F500 X209.509 Y209.502 E187.30577
G1 F510.1 X210.005 Y209.075 E187.33296
G1 F511.2 X210.483 Y208.757 E187.35677
G1 X210.949 Y208.516 E187.37852
G1 F513.2 X211.563 Y208.275 E187.40576
G1 F505 X212.215 Y208.106 E187.43403
G1 F497 X213.17 Y207.978 E187.47512
G1 F508.1 X214.113 Y208.018 E187.51449
G1 F504 X214.854 Y208.105 E187.54587
G1 F492.2 X215.958 Y208.383 E187.5949
G1 F496.1 X216.805 Y208.69 E187.63339
G1 F500 X219.451 Y211.317 E187.79145
M204 S2500
G1 F2700 E187.29145
;MESH:NONMESH
G0 F600 X219.451 Y211.317 Z8
G0 F15000 X218.807 Y211.966
G0 X211.996 Y218.831
G0 X211.351 Y219.481
;TIME_ELAPSED:296.723972
;LAYER:39
;note -- min layer time used
M204 S1250
;TYPE:WALL-OUTER
;MESH:boitierUp.stl
G1 F2700 E187.79145
G1 F498 X208.691 Y216.833 E187.95119
G1 F499 X208.351 Y215.871 E187.99453
G1 F504 X208.114 Y214.944 E188.03476
G1 F502 X208.016 Y214.223 E188.06549
G1 F505 X207.974 Y213.657 E188.08931
G1 F503 X207.987 Y212.998 E188.11708
G1 F500 X208.071 Y212.345 E188.14499
G1 F505 X208.309 Y211.439 E188.18431
G1 F502 X208.656 Y210.653 E188.22058
G1 F495.1 X209.099 Y209.967 E188.25554
G1 F501 X209.646 Y209.375 E188.28964
G1 F511.2 X210.031 Y209.055 E188.3104
G1 F516.4 X210.587 Y208.693 E188.33763
G1 F507 X211.153 Y208.418 E188.36394
G1 F496.1 X212.136 Y208.109 E188.40797
G1 X212.959 Y208.003 E188.44342
G1 F492.2 X213.81 Y207.983 E188.48008
G1 X214.838 Y208.102 E188.52464
G1 F490.3 X215.946 Y208.38 E188.57403
G1 F493.2 X216.802 Y208.689 E188.61314
G1 F498 X219.451 Y211.317 E188.77195
;TIME_ELAPSED:299.542848
G1 F2700 E188.27195
M140 S0
M204 S5000
M107
G91 ;Relative positioning
G1 E-2 F2700 ;Retract a bit
G1 E-2 Z0.2 F2400 ;Retract and raise Z
G1 X5 Y5 F3000 ;Wipe out
G1 Z2 ;Raise Z more
G90 ;Absolute positioning
G1 X0 Y425 ;Present print
M106 S0 ;Turn-off fan
M104 S0 ;Turn-off hotend
M140 S0 ;Turn-off bed
M84 X Y E ;Disable all steppers but Z
M82 ;absolute extrusion mode
M104 S0
;End of Gcode
;SETTING_3 {"global_quality": "[general]\\nversion = 4\\nname = Fast #2\\ndefini
;SETTING_3 tion = elegoo_neptune_4max\\n\\n[metadata]\\ntype = quality_changes\\
;SETTING_3 nquality_type = Elegoo_layer_020\\nsetting_version = 24\\n\\n[values]
;SETTING_3 \\nadhesion_type = brim\\nsupport_enable = True\\nsupport_structure =
;SETTING_3  tree\\nsupport_type = everywhere\\n\\n", "extruder_quality": ["[gene
;SETTING_3 ral]\\nversion = 4\\nname = Fast #2\\ndefinition = elegoo_neptune_4ma
;SETTING_3 x\\n\\n[metadata]\\ntype = quality_changes\\nquality_type = Elegoo_la
;SETTING_3 yer_020\\nsetting_version = 24\\nposition = 0\\n\\n[values]\\ninfill_
;SETTING_3 sparse_density = 20\\n\\n"]}
